0: 
0: Lmod is automatically replacing "cce/20.0.0" with "rocmcc/6.4.0-magic".
0: 
0: 
0: Due to MODULEPATH changes, the following have been reloaded:
0:   1) cray-libsci/25.09.0     2) cray-mpich/9.0.1
0: 
0: 
0: Lmod is automatically replacing "rocmcc/6.4.0-magic" with "cce/19.0.0".
0: 
0: 
0: Due to MODULEPATH changes, the following have been reloaded:
0:   1) cray-mpich/9.0.1
0: 
0: The following have been reloaded with a version change:
0:   1) cray-libsci/25.09.0 => cray-libsci/25.03.0
0: 
0: jobid: f36vjwDq
0: 0.141s: flux-shell[0]: mpibind: 
0: mpibind: task   0 nths  3 gpus 0 cpus 1-4
0: mpibind: task   1 nths  3 gpus 1 cpus 5-7,9
0: mpibind: task   2 nths  3 gpus 2 cpus 10-13
0: mpibind: task   3 nths  3 gpus 3 cpus 14-15,17
0: mpibind: task   4 nths  3 gpus 4 cpus 18-20
0: mpibind: task   5 nths  3 gpus 5 cpus 21-23
0: mpibind: task   6 nths  3 gpus 6 cpus 25-28
0: mpibind: task   7 nths  3 gpus 7 cpus 29-31,33
0: mpibind: task   8 nths  3 gpus 8 cpus 34-37
0: mpibind: task   9 nths  3 gpus 9 cpus 38-39,41
0: mpibind: task  10 nths  3 gpus 10 cpus 42-44
0: mpibind: task  11 nths  3 gpus 11 cpus 45-47
0: mpibind: task  12 nths  3 gpus 12 cpus 49-52
0: mpibind: task  13 nths  3 gpus 13 cpus 53-55,57
0: mpibind: task  14 nths  3 gpus 14 cpus 58-61
0: mpibind: task  15 nths  3 gpus 15 cpus 62-63,65
0: mpibind: task  16 nths  3 gpus 16 cpus 66-68
0: mpibind: task  17 nths  3 gpus 17 cpus 69-71
0: mpibind: task  18 nths  3 gpus 18 cpus 73-76
0: mpibind: task  19 nths  3 gpus 19 cpus 77-79,81
0: mpibind: task  20 nths  3 gpus 20 cpus 82-85
0: mpibind: task  21 nths  3 gpus 21 cpus 86-87,89
0: mpibind: task  22 nths  3 gpus 22 cpus 90-92
0: mpibind: task  23 nths  3 gpus 23 cpus 93-95
0: 0.139s: flux-shell[1]: mpibind: 
0: mpibind: task   0 nths  3 gpus 0 cpus 1-4
0: mpibind: task   1 nths  3 gpus 1 cpus 5-7,9
0: mpibind: task   2 nths  3 gpus 2 cpus 10-13
0: mpibind: task   3 nths  3 gpus 3 cpus 14-15,17
0: mpibind: task   4 nths  3 gpus 4 cpus 18-20
0: mpibind: task   5 nths  3 gpus 5 cpus 21-23
0: mpibind: task   6 nths  3 gpus 6 cpus 25-28
0: mpibind: task   7 nths  3 gpus 7 cpus 29-31,33
0: mpibind: task   8 nths  3 gpus 8 cpus 34-37
0: mpibind: task   9 nths  3 gpus 9 cpus 38-39,41
0: mpibind: task  10 nths  3 gpus 10 cpus 42-44
0: mpibind: task  11 nths  3 gpus 11 cpus 45-47
0: mpibind: task  12 nths  3 gpus 12 cpus 49-52
0: mpibind: task  13 nths  3 gpus 13 cpus 53-55,57
0: mpibind: task  14 nths  3 gpus 14 cpus 58-61
0: mpibind: task  15 nths  3 gpus 15 cpus 62-63,65
0: mpibind: task  16 nths  3 gpus 16 cpus 66-68
0: mpibind: task  17 nths  3 gpus 17 cpus 69-71
0: mpibind: task  18 nths  3 gpus 18 cpus 73-76
0: mpibind: task  19 nths  3 gpus 19 cpus 77-79,81
0: mpibind: task  20 nths  3 gpus 20 cpus 82-85
0: mpibind: task  21 nths  3 gpus 21 cpus 86-87,89
0: mpibind: task  22 nths  3 gpus 22 cpus 90-92
0: mpibind: task  23 nths  3 gpus 23 cpus 93-95
0: 0.148s: flux-shell[3]: mpibind: 
0: mpibind: task   0 nths  3 gpus 0 cpus 1-4
0: mpibind: task   1 nths  3 gpus 1 cpus 5-7,9
0: mpibind: task   2 nths  3 gpus 2 cpus 10-13
0: mpibind: task   3 nths  3 gpus 3 cpus 14-15,17
0: mpibind: task   4 nths  3 gpus 4 cpus 18-20
0: mpibind: task   5 nths  3 gpus 5 cpus 21-23
0: mpibind: task   6 nths  3 gpus 6 cpus 25-28
0: mpibind: task   7 nths  3 gpus 7 cpus 29-31,33
0: mpibind: task   8 nths  3 gpus 8 cpus 34-37
0: mpibind: task   9 nths  3 gpus 9 cpus 38-39,41
0: mpibind: task  10 nths  3 gpus 10 cpus 42-44
0: mpibind: task  11 nths  3 gpus 11 cpus 45-47
0: mpibind: task  12 nths  3 gpus 12 cpus 49-52
0: mpibind: task  13 nths  3 gpus 13 cpus 53-55,57
0: mpibind: task  14 nths  3 gpus 14 cpus 58-61
0: mpibind: task  15 nths  3 gpus 15 cpus 62-63,65
0: mpibind: task  16 nths  3 gpus 16 cpus 66-68
0: mpibind: task  17 nths  3 gpus 17 cpus 69-71
0: mpibind: task  18 nths  3 gpus 18 cpus 73-76
0: mpibind: task  19 nths  3 gpus 19 cpus 77-79,81
0: mpibind: task  20 nths  3 gpus 20 cpus 82-85
0: mpibind: task  21 nths  3 gpus 21 cpus 86-87,89
0: mpibind: task  22 nths  3 gpus 22 cpus 90-92
0: mpibind: task  23 nths  3 gpus 23 cpus 93-95
0: 0.144s: flux-shell[4]: mpibind: 
0: mpibind: task   0 nths  3 gpus 0 cpus 1-4
0: mpibind: task   1 nths  3 gpus 1 cpus 5-7,9
0: mpibind: task   2 nths  3 gpus 2 cpus 10-13
0: mpibind: task   3 nths  3 gpus 3 cpus 14-15,17
0: mpibind: task   4 nths  3 gpus 4 cpus 18-20
0: mpibind: task   5 nths  3 gpus 5 cpus 21-23
0: mpibind: task   6 nths  3 gpus 6 cpus 25-28
0: mpibind: task   7 nths  3 gpus 7 cpus 29-31,33
0: mpibind: task   8 nths  3 gpus 8 cpus 34-37
0: mpibind: task   9 nths  3 gpus 9 cpus 38-39,41
0: mpibind: task  10 nths  3 gpus 10 cpus 42-44
0: mpibind: task  11 nths  3 gpus 11 cpus 45-47
0: mpibind: task  12 nths  3 gpus 12 cpus 49-52
0: mpibind: task  13 nths  3 gpus 13 cpus 53-55,57
0: mpibind: task  14 nths  3 gpus 14 cpus 58-61
0: mpibind: task  15 nths  3 gpus 15 cpus 62-63,65
0: mpibind: task  16 nths  3 gpus 16 cpus 66-68
0: mpibind: task  17 nths  3 gpus 17 cpus 69-71
0: mpibind: task  18 nths  3 gpus 18 cpus 73-76
0: mpibind: task  19 nths  3 gpus 19 cpus 77-79,81
0: mpibind: task  20 nths  3 gpus 20 cpus 82-85
0: mpibind: task  21 nths  3 gpus 21 cpus 86-87,89
0: mpibind: task  22 nths  3 gpus 22 cpus 90-92
0: mpibind: task  23 nths  3 gpus 23 cpus 93-95
0: 0.157s: flux-shell[5]: mpibind: 
0: mpibind: task   0 nths  3 gpus 0 cpus 1-4
0: mpibind: task   1 nths  3 gpus 1 cpus 5-7,9
0: mpibind: task   2 nths  3 gpus 2 cpus 10-13
0: mpibind: task   3 nths  3 gpus 3 cpus 14-15,17
0: mpibind: task   4 nths  3 gpus 4 cpus 18-20
0: mpibind: task   5 nths  3 gpus 5 cpus 21-23
0: mpibind: task   6 nths  3 gpus 6 cpus 25-28
0: mpibind: task   7 nths  3 gpus 7 cpus 29-31,33
0: mpibind: task   8 nths  3 gpus 8 cpus 34-37
0: mpibind: task   9 nths  3 gpus 9 cpus 38-39,41
0: mpibind: task  10 nths  3 gpus 10 cpus 42-44
0: mpibind: task  11 nths  3 gpus 11 cpus 45-47
0: mpibind: task  12 nths  3 gpus 12 cpus 49-52
0: mpibind: task  13 nths  3 gpus 13 cpus 53-55,57
0: mpibind: task  14 nths  3 gpus 14 cpus 58-61
0: mpibind: task  15 nths  3 gpus 15 cpus 62-63,65
0: mpibind: task  16 nths  3 gpus 16 cpus 66-68
0: mpibind: task  17 nths  3 gpus 17 cpus 69-71
0: mpibind: task  18 nths  3 gpus 18 cpus 73-76
0: mpibind: task  19 nths  3 gpus 19 cpus 77-79,81
0: mpibind: task  20 nths  3 gpus 20 cpus 82-85
0: mpibind: task  21 nths  3 gpus 21 cpus 86-87,89
0: mpibind: task  22 nths  3 gpus 22 cpus 90-92
0: mpibind: task  23 nths  3 gpus 23 cpus 93-95
0: 0.149s: flux-shell[6]: mpibind: 
0: mpibind: task   0 nths  3 gpus 0 cpus 1-4
0: mpibind: task   1 nths  3 gpus 1 cpus 5-7,9
0: mpibind: task   2 nths  3 gpus 2 cpus 10-13
0: mpibind: task   3 nths  3 gpus 3 cpus 14-15,17
0: mpibind: task   4 nths  3 gpus 4 cpus 18-20
0: mpibind: task   5 nths  3 gpus 5 cpus 21-23
0: mpibind: task   6 nths  3 gpus 6 cpus 25-28
0: mpibind: task   7 nths  3 gpus 7 cpus 29-31,33
0: mpibind: task   8 nths  3 gpus 8 cpus 34-37
0: mpibind: task   9 nths  3 gpus 9 cpus 38-39,41
0: mpibind: task  10 nths  3 gpus 10 cpus 42-44
0: mpibind: task  11 nths  3 gpus 11 cpus 45-47
0: mpibind: task  12 nths  3 gpus 12 cpus 49-52
0: mpibind: task  13 nths  3 gpus 13 cpus 53-55,57
0: mpibind: task  14 nths  3 gpus 14 cpus 58-61
0: mpibind: task  15 nths  3 gpus 15 cpus 62-63,65
0: mpibind: task  16 nths  3 gpus 16 cpus 66-68
0: mpibind: task  17 nths  3 gpus 17 cpus 69-71
0: mpibind: task  18 nths  3 gpus 18 cpus 73-76
0: mpibind: task  19 nths  3 gpus 19 cpus 77-79,81
0: mpibind: task  20 nths  3 gpus 20 cpus 82-85
0: mpibind: task  21 nths  3 gpus 21 cpus 86-87,89
0: mpibind: task  22 nths  3 gpus 22 cpus 90-92
0: mpibind: task  23 nths  3 gpus 23 cpus 93-95
0: 0.157s: flux-shell[9]: mpibind: 
0: mpibind: task   0 nths  3 gpus 0 cpus 1-4
0: mpibind: task   1 nths  3 gpus 1 cpus 5-7,9
0: mpibind: task   2 nths  3 gpus 2 cpus 10-13
0: mpibind: task   3 nths  3 gpus 3 cpus 14-15,17
0: mpibind: task   4 nths  3 gpus 4 cpus 18-20
0: mpibind: task   5 nths  3 gpus 5 cpus 21-23
0: mpibind: task   6 nths  3 gpus 6 cpus 25-28
0: mpibind: task   7 nths  3 gpus 7 cpus 29-31,33
0: mpibind: task   8 nths  3 gpus 8 cpus 34-37
0: mpibind: task   9 nths  3 gpus 9 cpus 38-39,41
0: mpibind: task  10 nths  3 gpus 10 cpus 42-44
0: mpibind: task  11 nths  3 gpus 11 cpus 45-47
0: mpibind: task  12 nths  3 gpus 12 cpus 49-52
0: mpibind: task  13 nths  3 gpus 13 cpus 53-55,57
0: mpibind: task  14 nths  3 gpus 14 cpus 58-61
0: mpibind: task  15 nths  3 gpus 15 cpus 62-63,65
0: mpibind: task  16 nths  3 gpus 16 cpus 66-68
0: mpibind: task  17 nths  3 gpus 17 cpus 69-71
0: mpibind: task  18 nths  3 gpus 18 cpus 73-76
0: mpibind: task  19 nths  3 gpus 19 cpus 77-79,81
0: mpibind: task  20 nths  3 gpus 20 cpus 82-85
0: mpibind: task  21 nths  3 gpus 21 cpus 86-87,89
0: mpibind: task  22 nths  3 gpus 22 cpus 90-92
0: mpibind: task  23 nths  3 gpus 23 cpus 93-95
0: 0.154s: flux-shell[7]: mpibind: 
0: mpibind: task   0 nths  3 gpus 0 cpus 1-4
0: mpibind: task   1 nths  3 gpus 1 cpus 5-7,9
0: mpibind: task   2 nths  3 gpus 2 cpus 10-13
0: mpibind: task   3 nths  3 gpus 3 cpus 14-15,17
0: mpibind: task   4 nths  3 gpus 4 cpus 18-20
0: mpibind: task   5 nths  3 gpus 5 cpus 21-23
0: mpibind: task   6 nths  3 gpus 6 cpus 25-28
0: mpibind: task   7 nths  3 gpus 7 cpus 29-31,33
0: mpibind: task   8 nths  3 gpus 8 cpus 34-37
0: mpibind: task   9 nths  3 gpus 9 cpus 38-39,41
0: mpibind: task  10 nths  3 gpus 10 cpus 42-44
0: mpibind: task  11 nths  3 gpus 11 cpus 45-47
0: mpibind: task  12 nths  3 gpus 12 cpus 49-52
0: mpibind: task  13 nths  3 gpus 13 cpus 53-55,57
0: mpibind: task  14 nths  3 gpus 14 cpus 58-61
0: mpibind: task  15 nths  3 gpus 15 cpus 62-63,65
0: mpibind: task  16 nths  3 gpus 16 cpus 66-68
0: mpibind: task  17 nths  3 gpus 17 cpus 69-71
0: mpibind: task  18 nths  3 gpus 18 cpus 73-76
0: mpibind: task  19 nths  3 gpus 19 cpus 77-79,81
0: mpibind: task  20 nths  3 gpus 20 cpus 82-85
0: mpibind: task  21 nths  3 gpus 21 cpus 86-87,89
0: mpibind: task  22 nths  3 gpus 22 cpus 90-92
0: mpibind: task  23 nths  3 gpus 23 cpus 93-95
0: 0.151s: flux-shell[8]: mpibind: 
0: mpibind: task   0 nths  3 gpus 0 cpus 1-4
0: mpibind: task   1 nths  3 gpus 1 cpus 5-7,9
0: mpibind: task   2 nths  3 gpus 2 cpus 10-13
0: mpibind: task   3 nths  3 gpus 3 cpus 14-15,17
0: mpibind: task   4 nths  3 gpus 4 cpus 18-20
0: mpibind: task   5 nths  3 gpus 5 cpus 21-23
0: mpibind: task   6 nths  3 gpus 6 cpus 25-28
0: mpibind: task   7 nths  3 gpus 7 cpus 29-31,33
0: mpibind: task   8 nths  3 gpus 8 cpus 34-37
0: mpibind: task   9 nths  3 gpus 9 cpus 38-39,41
0: mpibind: task  10 nths  3 gpus 10 cpus 42-44
0: mpibind: task  11 nths  3 gpus 11 cpus 45-47
0: mpibind: task  12 nths  3 gpus 12 cpus 49-52
0: mpibind: task  13 nths  3 gpus 13 cpus 53-55,57
0: mpibind: task  14 nths  3 gpus 14 cpus 58-61
0: mpibind: task  15 nths  3 gpus 15 cpus 62-63,65
0: mpibind: task  16 nths  3 gpus 16 cpus 66-68
0: mpibind: task  17 nths  3 gpus 17 cpus 69-71
0: mpibind: task  18 nths  3 gpus 18 cpus 73-76
0: mpibind: task  19 nths  3 gpus 19 cpus 77-79,81
0: mpibind: task  20 nths  3 gpus 20 cpus 82-85
0: mpibind: task  21 nths  3 gpus 21 cpus 86-87,89
0: mpibind: task  22 nths  3 gpus 22 cpus 90-92
0: mpibind: task  23 nths  3 gpus 23 cpus 93-95
0: 0.154s: flux-shell[10]: mpibind: 
0: mpibind: task   0 nths  3 gpus 0 cpus 1-4
0: mpibind: task   1 nths  3 gpus 1 cpus 5-7,9
0: mpibind: task   2 nths  3 gpus 2 cpus 10-13
0: mpibind: task   3 nths  3 gpus 3 cpus 14-15,17
0: mpibind: task   4 nths  3 gpus 4 cpus 18-20
0: mpibind: task   5 nths  3 gpus 5 cpus 21-23
0: mpibind: task   6 nths  3 gpus 6 cpus 25-28
0: mpibind: task   7 nths  3 gpus 7 cpus 29-31,33
0: mpibind: task   8 nths  3 gpus 8 cpus 34-37
0: mpibind: task   9 nths  3 gpus 9 cpus 38-39,41
0: mpibind: task  10 nths  3 gpus 10 cpus 42-44
0: mpibind: task  11 nths  3 gpus 11 cpus 45-47
0: mpibind: task  12 nths  3 gpus 12 cpus 49-52
0: mpibind: task  13 nths  3 gpus 13 cpus 53-55,57
0: mpibind: task  14 nths  3 gpus 14 cpus 58-61
0: mpibind: task  15 nths  3 gpus 15 cpus 62-63,65
0: mpibind: task  16 nths  3 gpus 16 cpus 66-68
0: mpibind: task  17 nths  3 gpus 17 cpus 69-71
0: mpibind: task  18 nths  3 gpus 18 cpus 73-76
0: mpibind: task  19 nths  3 gpus 19 cpus 77-79,81
0: mpibind: task  20 nths  3 gpus 20 cpus 82-85
0: mpibind: task  21 nths  3 gpus 21 cpus 86-87,89
0: mpibind: task  22 nths  3 gpus 22 cpus 90-92
0: mpibind: task  23 nths  3 gpus 23 cpus 93-95
0: 0.151s: flux-shell[11]: mpibind: 
0: mpibind: task   0 nths  3 gpus 0 cpus 1-4
0: mpibind: task   1 nths  3 gpus 1 cpus 5-7,9
0: mpibind: task   2 nths  3 gpus 2 cpus 10-13
0: mpibind: task   3 nths  3 gpus 3 cpus 14-15,17
0: mpibind: task   4 nths  3 gpus 4 cpus 18-20
0: mpibind: task   5 nths  3 gpus 5 cpus 21-23
0: mpibind: task   6 nths  3 gpus 6 cpus 25-28
0: mpibind: task   7 nths  3 gpus 7 cpus 29-31,33
0: mpibind: task   8 nths  3 gpus 8 cpus 34-37
0: mpibind: task   9 nths  3 gpus 9 cpus 38-39,41
0: mpibind: task  10 nths  3 gpus 10 cpus 42-44
0: mpibind: task  11 nths  3 gpus 11 cpus 45-47
0: mpibind: task  12 nths  3 gpus 12 cpus 49-52
0: mpibind: task  13 nths  3 gpus 13 cpus 53-55,57
0: mpibind: task  14 nths  3 gpus 14 cpus 58-61
0: mpibind: task  15 nths  3 gpus 15 cpus 62-63,65
0: mpibind: task  16 nths  3 gpus 16 cpus 66-68
0: mpibind: task  17 nths  3 gpus 17 cpus 69-71
0: mpibind: task  18 nths  3 gpus 18 cpus 73-76
0: mpibind: task  19 nths  3 gpus 19 cpus 77-79,81
0: mpibind: task  20 nths  3 gpus 20 cpus 82-85
0: mpibind: task  21 nths  3 gpus 21 cpus 86-87,89
0: mpibind: task  22 nths  3 gpus 22 cpus 90-92
0: mpibind: task  23 nths  3 gpus 23 cpus 93-95
0: 0.160s: flux-shell[12]: mpibind: 
0: mpibind: task   0 nths  3 gpus 0 cpus 1-4
0: mpibind: task   1 nths  3 gpus 1 cpus 5-7,9
0: mpibind: task   2 nths  3 gpus 2 cpus 10-13
0: mpibind: task   3 nths  3 gpus 3 cpus 14-15,17
0: mpibind: task   4 nths  3 gpus 4 cpus 18-20
0: mpibind: task   5 nths  3 gpus 5 cpus 21-23
0: mpibind: task   6 nths  3 gpus 6 cpus 25-28
0: mpibind: task   7 nths  3 gpus 7 cpus 29-31,33
0: mpibind: task   8 nths  3 gpus 8 cpus 34-37
0: mpibind: task   9 nths  3 gpus 9 cpus 38-39,41
0: mpibind: task  10 nths  3 gpus 10 cpus 42-44
0: mpibind: task  11 nths  3 gpus 11 cpus 45-47
0: mpibind: task  12 nths  3 gpus 12 cpus 49-52
0: mpibind: task  13 nths  3 gpus 13 cpus 53-55,57
0: mpibind: task  14 nths  3 gpus 14 cpus 58-61
0: mpibind: task  15 nths  3 gpus 15 cpus 62-63,65
0: mpibind: task  16 nths  3 gpus 16 cpus 66-68
0: mpibind: task  17 nths  3 gpus 17 cpus 69-71
0: mpibind: task  18 nths  3 gpus 18 cpus 73-76
0: mpibind: task  19 nths  3 gpus 19 cpus 77-79,81
0: mpibind: task  20 nths  3 gpus 20 cpus 82-85
0: mpibind: task  21 nths  3 gpus 21 cpus 86-87,89
0: mpibind: task  22 nths  3 gpus 22 cpus 90-92
0: mpibind: task  23 nths  3 gpus 23 cpus 93-95
0: 0.158s: flux-shell[14]: mpibind: 
0: mpibind: task   0 nths  3 gpus 0 cpus 1-4
0: mpibind: task   1 nths  3 gpus 1 cpus 5-7,9
0: mpibind: task   2 nths  3 gpus 2 cpus 10-13
0: mpibind: task   3 nths  3 gpus 3 cpus 14-15,17
0: mpibind: task   4 nths  3 gpus 4 cpus 18-20
0: mpibind: task   5 nths  3 gpus 5 cpus 21-23
0: mpibind: task   6 nths  3 gpus 6 cpus 25-28
0: mpibind: task   7 nths  3 gpus 7 cpus 29-31,33
0: mpibind: task   8 nths  3 gpus 8 cpus 34-37
0: mpibind: task   9 nths  3 gpus 9 cpus 38-39,41
0: mpibind: task  10 nths  3 gpus 10 cpus 42-44
0: mpibind: task  11 nths  3 gpus 11 cpus 45-47
0: mpibind: task  12 nths  3 gpus 12 cpus 49-52
0: mpibind: task  13 nths  3 gpus 13 cpus 53-55,57
0: mpibind: task  14 nths  3 gpus 14 cpus 58-61
0: mpibind: task  15 nths  3 gpus 15 cpus 62-63,65
0: mpibind: task  16 nths  3 gpus 16 cpus 66-68
0: mpibind: task  17 nths  3 gpus 17 cpus 69-71
0: mpibind: task  18 nths  3 gpus 18 cpus 73-76
0: mpibind: task  19 nths  3 gpus 19 cpus 77-79,81
0: mpibind: task  20 nths  3 gpus 20 cpus 82-85
0: mpibind: task  21 nths  3 gpus 21 cpus 86-87,89
0: mpibind: task  22 nths  3 gpus 22 cpus 90-92
0: mpibind: task  23 nths  3 gpus 23 cpus 93-95
0: 0.154s: flux-shell[2]: mpibind: 
0: mpibind: task   0 nths  3 gpus 0 cpus 1-4
0: mpibind: task   1 nths  3 gpus 1 cpus 5-7,9
0: mpibind: task   2 nths  3 gpus 2 cpus 10-13
0: mpibind: task   3 nths  3 gpus 3 cpus 14-15,17
0: mpibind: task   4 nths  3 gpus 4 cpus 18-20
0: mpibind: task   5 nths  3 gpus 5 cpus 21-23
0: mpibind: task   6 nths  3 gpus 6 cpus 25-28
0: mpibind: task   7 nths  3 gpus 7 cpus 29-31,33
0: mpibind: task   8 nths  3 gpus 8 cpus 34-37
0: mpibind: task   9 nths  3 gpus 9 cpus 38-39,41
0: mpibind: task  10 nths  3 gpus 10 cpus 42-44
0: mpibind: task  11 nths  3 gpus 11 cpus 45-47
0: mpibind: task  12 nths  3 gpus 12 cpus 49-52
0: mpibind: task  13 nths  3 gpus 13 cpus 53-55,57
0: mpibind: task  14 nths  3 gpus 14 cpus 58-61
0: mpibind: task  15 nths  3 gpus 15 cpus 62-63,65
0: mpibind: task  16 nths  3 gpus 16 cpus 66-68
0: mpibind: task  17 nths  3 gpus 17 cpus 69-71
0: mpibind: task  18 nths  3 gpus 18 cpus 73-76
0: mpibind: task  19 nths  3 gpus 19 cpus 77-79,81
0: mpibind: task  20 nths  3 gpus 20 cpus 82-85
0: mpibind: task  21 nths  3 gpus 21 cpus 86-87,89
0: mpibind: task  22 nths  3 gpus 22 cpus 90-92
0: mpibind: task  23 nths  3 gpus 23 cpus 93-95
0: 0.153s: flux-shell[13]: mpibind: 
0: mpibind: task   0 nths  3 gpus 0 cpus 1-4
0: mpibind: task   1 nths  3 gpus 1 cpus 5-7,9
0: mpibind: task   2 nths  3 gpus 2 cpus 10-13
0: mpibind: task   3 nths  3 gpus 3 cpus 14-15,17
0: mpibind: task   4 nths  3 gpus 4 cpus 18-20
0: mpibind: task   5 nths  3 gpus 5 cpus 21-23
0: mpibind: task   6 nths  3 gpus 6 cpus 25-28
0: mpibind: task   7 nths  3 gpus 7 cpus 29-31,33
0: mpibind: task   8 nths  3 gpus 8 cpus 34-37
0: mpibind: task   9 nths  3 gpus 9 cpus 38-39,41
0: mpibind: task  10 nths  3 gpus 10 cpus 42-44
0: mpibind: task  11 nths  3 gpus 11 cpus 45-47
0: mpibind: task  12 nths  3 gpus 12 cpus 49-52
0: mpibind: task  13 nths  3 gpus 13 cpus 53-55,57
0: mpibind: task  14 nths  3 gpus 14 cpus 58-61
0: mpibind: task  15 nths  3 gpus 15 cpus 62-63,65
0: mpibind: task  16 nths  3 gpus 16 cpus 66-68
0: mpibind: task  17 nths  3 gpus 17 cpus 69-71
0: mpibind: task  18 nths  3 gpus 18 cpus 73-76
0: mpibind: task  19 nths  3 gpus 19 cpus 77-79,81
0: mpibind: task  20 nths  3 gpus 20 cpus 82-85
0: mpibind: task  21 nths  3 gpus 21 cpus 86-87,89
0: mpibind: task  22 nths  3 gpus 22 cpus 90-92
0: mpibind: task  23 nths  3 gpus 23 cpus 93-95
0: 0.152s: flux-shell[17]: mpibind: 
0: mpibind: task   0 nths  3 gpus 0 cpus 1-4
0: mpibind: task   1 nths  3 gpus 1 cpus 5-7,9
0: mpibind: task   2 nths  3 gpus 2 cpus 10-13
0: mpibind: task   3 nths  3 gpus 3 cpus 14-15,17
0: mpibind: task   4 nths  3 gpus 4 cpus 18-20
0: mpibind: task   5 nths  3 gpus 5 cpus 21-23
0: mpibind: task   6 nths  3 gpus 6 cpus 25-28
0: mpibind: task   7 nths  3 gpus 7 cpus 29-31,33
0: mpibind: task   8 nths  3 gpus 8 cpus 34-37
0: mpibind: task   9 nths  3 gpus 9 cpus 38-39,41
0: mpibind: task  10 nths  3 gpus 10 cpus 42-44
0: mpibind: task  11 nths  3 gpus 11 cpus 45-47
0: mpibind: task  12 nths  3 gpus 12 cpus 49-52
0: mpibind: task  13 nths  3 gpus 13 cpus 53-55,57
0: mpibind: task  14 nths  3 gpus 14 cpus 58-61
0: mpibind: task  15 nths  3 gpus 15 cpus 62-63,65
0: mpibind: task  16 nths  3 gpus 16 cpus 66-68
0: mpibind: task  17 nths  3 gpus 17 cpus 69-71
0: mpibind: task  18 nths  3 gpus 18 cpus 73-76
0: mpibind: task  19 nths  3 gpus 19 cpus 77-79,81
0: mpibind: task  20 nths  3 gpus 20 cpus 82-85
0: mpibind: task  21 nths  3 gpus 21 cpus 86-87,89
0: mpibind: task  22 nths  3 gpus 22 cpus 90-92
0: mpibind: task  23 nths  3 gpus 23 cpus 93-95
0: 0.173s: flux-shell[29]: mpibind: 
0: mpibind: task   0 nths  3 gpus 0 cpus 1-4
0: mpibind: task   1 nths  3 gpus 1 cpus 5-7,9
0: mpibind: task   2 nths  3 gpus 2 cpus 10-13
0: mpibind: task   3 nths  3 gpus 3 cpus 14-15,17
0: mpibind: task   4 nths  3 gpus 4 cpus 18-20
0: mpibind: task   5 nths  3 gpus 5 cpus 21-23
0: mpibind: task   6 nths  3 gpus 6 cpus 25-28
0: mpibind: task   7 nths  3 gpus 7 cpus 29-31,33
0: mpibind: task   8 nths  3 gpus 8 cpus 34-37
0: mpibind: task   9 nths  3 gpus 9 cpus 38-39,41
0: mpibind: task  10 nths  3 gpus 10 cpus 42-44
0: mpibind: task  11 nths  3 gpus 11 cpus 45-47
0: mpibind: task  12 nths  3 gpus 12 cpus 49-52
0: mpibind: task  13 nths  3 gpus 13 cpus 53-55,57
0: mpibind: task  14 nths  3 gpus 14 cpus 58-61
0: mpibind: task  15 nths  3 gpus 15 cpus 62-63,65
0: mpibind: task  16 nths  3 gpus 16 cpus 66-68
0: mpibind: task  17 nths  3 gpus 17 cpus 69-71
0: mpibind: task  18 nths  3 gpus 18 cpus 73-76
0: mpibind: task  19 nths  3 gpus 19 cpus 77-79,81
0: mpibind: task  20 nths  3 gpus 20 cpus 82-85
0: mpibind: task  21 nths  3 gpus 21 cpus 86-87,89
0: mpibind: task  22 nths  3 gpus 22 cpus 90-92
0: mpibind: task  23 nths  3 gpus 23 cpus 93-95
0: 0.157s: flux-shell[24]: mpibind: 
0: mpibind: task   0 nths  3 gpus 0 cpus 1-4
0: mpibind: task   1 nths  3 gpus 1 cpus 5-7,9
0: mpibind: task   2 nths  3 gpus 2 cpus 10-13
0: mpibind: task   3 nths  3 gpus 3 cpus 14-15,17
0: mpibind: task   4 nths  3 gpus 4 cpus 18-20
0: mpibind: task   5 nths  3 gpus 5 cpus 21-23
0: mpibind: task   6 nths  3 gpus 6 cpus 25-28
0: mpibind: task   7 nths  3 gpus 7 cpus 29-31,33
0: mpibind: task   8 nths  3 gpus 8 cpus 34-37
0: mpibind: task   9 nths  3 gpus 9 cpus 38-39,41
0: mpibind: task  10 nths  3 gpus 10 cpus 42-44
0: mpibind: task  11 nths  3 gpus 11 cpus 45-47
0: mpibind: task  12 nths  3 gpus 12 cpus 49-52
0: mpibind: task  13 nths  3 gpus 13 cpus 53-55,57
0: mpibind: task  14 nths  3 gpus 14 cpus 58-61
0: mpibind: task  15 nths  3 gpus 15 cpus 62-63,65
0: mpibind: task  16 nths  3 gpus 16 cpus 66-68
0: mpibind: task  17 nths  3 gpus 17 cpus 69-71
0: mpibind: task  18 nths  3 gpus 18 cpus 73-76
0: mpibind: task  19 nths  3 gpus 19 cpus 77-79,81
0: mpibind: task  20 nths  3 gpus 20 cpus 82-85
0: mpibind: task  21 nths  3 gpus 21 cpus 86-87,89
0: mpibind: task  22 nths  3 gpus 22 cpus 90-92
0: mpibind: task  23 nths  3 gpus 23 cpus 93-95
0: 0.159s: flux-shell[25]: mpibind: 
0: mpibind: task   0 nths  3 gpus 0 cpus 1-4
0: mpibind: task   1 nths  3 gpus 1 cpus 5-7,9
0: mpibind: task   2 nths  3 gpus 2 cpus 10-13
0: mpibind: task   3 nths  3 gpus 3 cpus 14-15,17
0: mpibind: task   4 nths  3 gpus 4 cpus 18-20
0: mpibind: task   5 nths  3 gpus 5 cpus 21-23
0: mpibind: task   6 nths  3 gpus 6 cpus 25-28
0: mpibind: task   7 nths  3 gpus 7 cpus 29-31,33
0: mpibind: task   8 nths  3 gpus 8 cpus 34-37
0: mpibind: task   9 nths  3 gpus 9 cpus 38-39,41
0: mpibind: task  10 nths  3 gpus 10 cpus 42-44
0: mpibind: task  11 nths  3 gpus 11 cpus 45-47
0: mpibind: task  12 nths  3 gpus 12 cpus 49-52
0: mpibind: task  13 nths  3 gpus 13 cpus 53-55,57
0: mpibind: task  14 nths  3 gpus 14 cpus 58-61
0: mpibind: task  15 nths  3 gpus 15 cpus 62-63,65
0: mpibind: task  16 nths  3 gpus 16 cpus 66-68
0: mpibind: task  17 nths  3 gpus 17 cpus 69-71
0: mpibind: task  18 nths  3 gpus 18 cpus 73-76
0: mpibind: task  19 nths  3 gpus 19 cpus 77-79,81
0: mpibind: task  20 nths  3 gpus 20 cpus 82-85
0: mpibind: task  21 nths  3 gpus 21 cpus 86-87,89
0: mpibind: task  22 nths  3 gpus 22 cpus 90-92
0: mpibind: task  23 nths  3 gpus 23 cpus 93-95
0: 0.163s: flux-shell[26]: mpibind: 
0: mpibind: task   0 nths  3 gpus 0 cpus 1-4
0: mpibind: task   1 nths  3 gpus 1 cpus 5-7,9
0: mpibind: task   2 nths  3 gpus 2 cpus 10-13
0: mpibind: task   3 nths  3 gpus 3 cpus 14-15,17
0: mpibind: task   4 nths  3 gpus 4 cpus 18-20
0: mpibind: task   5 nths  3 gpus 5 cpus 21-23
0: mpibind: task   6 nths  3 gpus 6 cpus 25-28
0: mpibind: task   7 nths  3 gpus 7 cpus 29-31,33
0: mpibind: task   8 nths  3 gpus 8 cpus 34-37
0: mpibind: task   9 nths  3 gpus 9 cpus 38-39,41
0: mpibind: task  10 nths  3 gpus 10 cpus 42-44
0: mpibind: task  11 nths  3 gpus 11 cpus 45-47
0: mpibind: task  12 nths  3 gpus 12 cpus 49-52
0: mpibind: task  13 nths  3 gpus 13 cpus 53-55,57
0: mpibind: task  14 nths  3 gpus 14 cpus 58-61
0: mpibind: task  15 nths  3 gpus 15 cpus 62-63,65
0: mpibind: task  16 nths  3 gpus 16 cpus 66-68
0: mpibind: task  17 nths  3 gpus 17 cpus 69-71
0: mpibind: task  18 nths  3 gpus 18 cpus 73-76
0: mpibind: task  19 nths  3 gpus 19 cpus 77-79,81
0: mpibind: task  20 nths  3 gpus 20 cpus 82-85
0: mpibind: task  21 nths  3 gpus 21 cpus 86-87,89
0: mpibind: task  22 nths  3 gpus 22 cpus 90-92
0: mpibind: task  23 nths  3 gpus 23 cpus 93-95
0: 0.169s: flux-shell[27]: mpibind: 
0: mpibind: task   0 nths  3 gpus 0 cpus 1-4
0: mpibind: task   1 nths  3 gpus 1 cpus 5-7,9
0: mpibind: task   2 nths  3 gpus 2 cpus 10-13
0: mpibind: task   3 nths  3 gpus 3 cpus 14-15,17
0: mpibind: task   4 nths  3 gpus 4 cpus 18-20
0: mpibind: task   5 nths  3 gpus 5 cpus 21-23
0: mpibind: task   6 nths  3 gpus 6 cpus 25-28
0: mpibind: task   7 nths  3 gpus 7 cpus 29-31,33
0: mpibind: task   8 nths  3 gpus 8 cpus 34-37
0: mpibind: task   9 nths  3 gpus 9 cpus 38-39,41
0: mpibind: task  10 nths  3 gpus 10 cpus 42-44
0: mpibind: task  11 nths  3 gpus 11 cpus 45-47
0: mpibind: task  12 nths  3 gpus 12 cpus 49-52
0: mpibind: task  13 nths  3 gpus 13 cpus 53-55,57
0: mpibind: task  14 nths  3 gpus 14 cpus 58-61
0: mpibind: task  15 nths  3 gpus 15 cpus 62-63,65
0: mpibind: task  16 nths  3 gpus 16 cpus 66-68
0: mpibind: task  17 nths  3 gpus 17 cpus 69-71
0: mpibind: task  18 nths  3 gpus 18 cpus 73-76
0: mpibind: task  19 nths  3 gpus 19 cpus 77-79,81
0: mpibind: task  20 nths  3 gpus 20 cpus 82-85
0: mpibind: task  21 nths  3 gpus 21 cpus 86-87,89
0: mpibind: task  22 nths  3 gpus 22 cpus 90-92
0: mpibind: task  23 nths  3 gpus 23 cpus 93-95
0: 0.164s: flux-shell[28]: mpibind: 
0: mpibind: task   0 nths  3 gpus 0 cpus 1-4
0: mpibind: task   1 nths  3 gpus 1 cpus 5-7,9
0: mpibind: task   2 nths  3 gpus 2 cpus 10-13
0: mpibind: task   3 nths  3 gpus 3 cpus 14-15,17
0: mpibind: task   4 nths  3 gpus 4 cpus 18-20
0: mpibind: task   5 nths  3 gpus 5 cpus 21-23
0: mpibind: task   6 nths  3 gpus 6 cpus 25-28
0: mpibind: task   7 nths  3 gpus 7 cpus 29-31,33
0: mpibind: task   8 nths  3 gpus 8 cpus 34-37
0: mpibind: task   9 nths  3 gpus 9 cpus 38-39,41
0: mpibind: task  10 nths  3 gpus 10 cpus 42-44
0: mpibind: task  11 nths  3 gpus 11 cpus 45-47
0: mpibind: task  12 nths  3 gpus 12 cpus 49-52
0: mpibind: task  13 nths  3 gpus 13 cpus 53-55,57
0: mpibind: task  14 nths  3 gpus 14 cpus 58-61
0: mpibind: task  15 nths  3 gpus 15 cpus 62-63,65
0: mpibind: task  16 nths  3 gpus 16 cpus 66-68
0: mpibind: task  17 nths  3 gpus 17 cpus 69-71
0: mpibind: task  18 nths  3 gpus 18 cpus 73-76
0: mpibind: task  19 nths  3 gpus 19 cpus 77-79,81
0: mpibind: task  20 nths  3 gpus 20 cpus 82-85
0: mpibind: task  21 nths  3 gpus 21 cpus 86-87,89
0: mpibind: task  22 nths  3 gpus 22 cpus 90-92
0: mpibind: task  23 nths  3 gpus 23 cpus 93-95
0: 0.170s: flux-shell[30]: mpibind: 
0: mpibind: task   0 nths  3 gpus 0 cpus 1-4
0: mpibind: task   1 nths  3 gpus 1 cpus 5-7,9
0: mpibind: task   2 nths  3 gpus 2 cpus 10-13
0: mpibind: task   3 nths  3 gpus 3 cpus 14-15,17
0: mpibind: task   4 nths  3 gpus 4 cpus 18-20
0: mpibind: task   5 nths  3 gpus 5 cpus 21-23
0: mpibind: task   6 nths  3 gpus 6 cpus 25-28
0: mpibind: task   7 nths  3 gpus 7 cpus 29-31,33
0: mpibind: task   8 nths  3 gpus 8 cpus 34-37
0: mpibind: task   9 nths  3 gpus 9 cpus 38-39,41
0: mpibind: task  10 nths  3 gpus 10 cpus 42-44
0: mpibind: task  11 nths  3 gpus 11 cpus 45-47
0: mpibind: task  12 nths  3 gpus 12 cpus 49-52
0: mpibind: task  13 nths  3 gpus 13 cpus 53-55,57
0: mpibind: task  14 nths  3 gpus 14 cpus 58-61
0: mpibind: task  15 nths  3 gpus 15 cpus 62-63,65
0: mpibind: task  16 nths  3 gpus 16 cpus 66-68
0: mpibind: task  17 nths  3 gpus 17 cpus 69-71
0: mpibind: task  18 nths  3 gpus 18 cpus 73-76
0: mpibind: task  19 nths  3 gpus 19 cpus 77-79,81
0: mpibind: task  20 nths  3 gpus 20 cpus 82-85
0: mpibind: task  21 nths  3 gpus 21 cpus 86-87,89
0: mpibind: task  22 nths  3 gpus 22 cpus 90-92
0: mpibind: task  23 nths  3 gpus 23 cpus 93-95
0: 0.167s: flux-shell[31]: mpibind: 
0: mpibind: task   0 nths  3 gpus 0 cpus 1-4
0: mpibind: task   1 nths  3 gpus 1 cpus 5-7,9
0: mpibind: task   2 nths  3 gpus 2 cpus 10-13
0: mpibind: task   3 nths  3 gpus 3 cpus 14-15,17
0: mpibind: task   4 nths  3 gpus 4 cpus 18-20
0: mpibind: task   5 nths  3 gpus 5 cpus 21-23
0: mpibind: task   6 nths  3 gpus 6 cpus 25-28
0: mpibind: task   7 nths  3 gpus 7 cpus 29-31,33
0: mpibind: task   8 nths  3 gpus 8 cpus 34-37
0: mpibind: task   9 nths  3 gpus 9 cpus 38-39,41
0: mpibind: task  10 nths  3 gpus 10 cpus 42-44
0: mpibind: task  11 nths  3 gpus 11 cpus 45-47
0: mpibind: task  12 nths  3 gpus 12 cpus 49-52
0: mpibind: task  13 nths  3 gpus 13 cpus 53-55,57
0: mpibind: task  14 nths  3 gpus 14 cpus 58-61
0: mpibind: task  15 nths  3 gpus 15 cpus 62-63,65
0: mpibind: task  16 nths  3 gpus 16 cpus 66-68
0: mpibind: task  17 nths  3 gpus 17 cpus 69-71
0: mpibind: task  18 nths  3 gpus 18 cpus 73-76
0: mpibind: task  19 nths  3 gpus 19 cpus 77-79,81
0: mpibind: task  20 nths  3 gpus 20 cpus 82-85
0: mpibind: task  21 nths  3 gpus 21 cpus 86-87,89
0: mpibind: task  22 nths  3 gpus 22 cpus 90-92
0: mpibind: task  23 nths  3 gpus 23 cpus 93-95
0: 0.157s: flux-shell[16]: mpibind: 
0: mpibind: task   0 nths  3 gpus 0 cpus 1-4
0: mpibind: task   1 nths  3 gpus 1 cpus 5-7,9
0: mpibind: task   2 nths  3 gpus 2 cpus 10-13
0: mpibind: task   3 nths  3 gpus 3 cpus 14-15,17
0: mpibind: task   4 nths  3 gpus 4 cpus 18-20
0: mpibind: task   5 nths  3 gpus 5 cpus 21-23
0: mpibind: task   6 nths  3 gpus 6 cpus 25-28
0: mpibind: task   7 nths  3 gpus 7 cpus 29-31,33
0: mpibind: task   8 nths  3 gpus 8 cpus 34-37
0: mpibind: task   9 nths  3 gpus 9 cpus 38-39,41
0: mpibind: task  10 nths  3 gpus 10 cpus 42-44
0: mpibind: task  11 nths  3 gpus 11 cpus 45-47
0: mpibind: task  12 nths  3 gpus 12 cpus 49-52
0: mpibind: task  13 nths  3 gpus 13 cpus 53-55,57
0: mpibind: task  14 nths  3 gpus 14 cpus 58-61
0: mpibind: task  15 nths  3 gpus 15 cpus 62-63,65
0: mpibind: task  16 nths  3 gpus 16 cpus 66-68
0: mpibind: task  17 nths  3 gpus 17 cpus 69-71
0: mpibind: task  18 nths  3 gpus 18 cpus 73-76
0: mpibind: task  19 nths  3 gpus 19 cpus 77-79,81
0: mpibind: task  20 nths  3 gpus 20 cpus 82-85
0: mpibind: task  21 nths  3 gpus 21 cpus 86-87,89
0: mpibind: task  22 nths  3 gpus 22 cpus 90-92
0: mpibind: task  23 nths  3 gpus 23 cpus 93-95
0: 0.158s: flux-shell[20]: mpibind: 
0: mpibind: task   0 nths  3 gpus 0 cpus 1-4
0: mpibind: task   1 nths  3 gpus 1 cpus 5-7,9
0: mpibind: task   2 nths  3 gpus 2 cpus 10-13
0: mpibind: task   3 nths  3 gpus 3 cpus 14-15,17
0: mpibind: task   4 nths  3 gpus 4 cpus 18-20
0: mpibind: task   5 nths  3 gpus 5 cpus 21-23
0: mpibind: task   6 nths  3 gpus 6 cpus 25-28
0: mpibind: task   7 nths  3 gpus 7 cpus 29-31,33
0: mpibind: task   8 nths  3 gpus 8 cpus 34-37
0: mpibind: task   9 nths  3 gpus 9 cpus 38-39,41
0: mpibind: task  10 nths  3 gpus 10 cpus 42-44
0: mpibind: task  11 nths  3 gpus 11 cpus 45-47
0: mpibind: task  12 nths  3 gpus 12 cpus 49-52
0: mpibind: task  13 nths  3 gpus 13 cpus 53-55,57
0: mpibind: task  14 nths  3 gpus 14 cpus 58-61
0: mpibind: task  15 nths  3 gpus 15 cpus 62-63,65
0: mpibind: task  16 nths  3 gpus 16 cpus 66-68
0: mpibind: task  17 nths  3 gpus 17 cpus 69-71
0: mpibind: task  18 nths  3 gpus 18 cpus 73-76
0: mpibind: task  19 nths  3 gpus 19 cpus 77-79,81
0: mpibind: task  20 nths  3 gpus 20 cpus 82-85
0: mpibind: task  21 nths  3 gpus 21 cpus 86-87,89
0: mpibind: task  22 nths  3 gpus 22 cpus 90-92
0: mpibind: task  23 nths  3 gpus 23 cpus 93-95
0: 0.157s: flux-shell[21]: mpibind: 
0: mpibind: task   0 nths  3 gpus 0 cpus 1-4
0: mpibind: task   1 nths  3 gpus 1 cpus 5-7,9
0: mpibind: task   2 nths  3 gpus 2 cpus 10-13
0: mpibind: task   3 nths  3 gpus 3 cpus 14-15,17
0: mpibind: task   4 nths  3 gpus 4 cpus 18-20
0: mpibind: task   5 nths  3 gpus 5 cpus 21-23
0: mpibind: task   6 nths  3 gpus 6 cpus 25-28
0: mpibind: task   7 nths  3 gpus 7 cpus 29-31,33
0: mpibind: task   8 nths  3 gpus 8 cpus 34-37
0: mpibind: task   9 nths  3 gpus 9 cpus 38-39,41
0: mpibind: task  10 nths  3 gpus 10 cpus 42-44
0: mpibind: task  11 nths  3 gpus 11 cpus 45-47
0: mpibind: task  12 nths  3 gpus 12 cpus 49-52
0: mpibind: task  13 nths  3 gpus 13 cpus 53-55,57
0: mpibind: task  14 nths  3 gpus 14 cpus 58-61
0: mpibind: task  15 nths  3 gpus 15 cpus 62-63,65
0: mpibind: task  16 nths  3 gpus 16 cpus 66-68
0: mpibind: task  17 nths  3 gpus 17 cpus 69-71
0: mpibind: task  18 nths  3 gpus 18 cpus 73-76
0: mpibind: task  19 nths  3 gpus 19 cpus 77-79,81
0: mpibind: task  20 nths  3 gpus 20 cpus 82-85
0: mpibind: task  21 nths  3 gpus 21 cpus 86-87,89
0: mpibind: task  22 nths  3 gpus 22 cpus 90-92
0: mpibind: task  23 nths  3 gpus 23 cpus 93-95
0: 0.155s: flux-shell[19]: mpibind: 
0: mpibind: task   0 nths  3 gpus 0 cpus 1-4
0: mpibind: task   1 nths  3 gpus 1 cpus 5-7,9
0: mpibind: task   2 nths  3 gpus 2 cpus 10-13
0: mpibind: task   3 nths  3 gpus 3 cpus 14-15,17
0: mpibind: task   4 nths  3 gpus 4 cpus 18-20
0: mpibind: task   5 nths  3 gpus 5 cpus 21-23
0: mpibind: task   6 nths  3 gpus 6 cpus 25-28
0: mpibind: task   7 nths  3 gpus 7 cpus 29-31,33
0: mpibind: task   8 nths  3 gpus 8 cpus 34-37
0: mpibind: task   9 nths  3 gpus 9 cpus 38-39,41
0: mpibind: task  10 nths  3 gpus 10 cpus 42-44
0: mpibind: task  11 nths  3 gpus 11 cpus 45-47
0: mpibind: task  12 nths  3 gpus 12 cpus 49-52
0: mpibind: task  13 nths  3 gpus 13 cpus 53-55,57
0: mpibind: task  14 nths  3 gpus 14 cpus 58-61
0: mpibind: task  15 nths  3 gpus 15 cpus 62-63,65
0: mpibind: task  16 nths  3 gpus 16 cpus 66-68
0: mpibind: task  17 nths  3 gpus 17 cpus 69-71
0: mpibind: task  18 nths  3 gpus 18 cpus 73-76
0: mpibind: task  19 nths  3 gpus 19 cpus 77-79,81
0: mpibind: task  20 nths  3 gpus 20 cpus 82-85
0: mpibind: task  21 nths  3 gpus 21 cpus 86-87,89
0: mpibind: task  22 nths  3 gpus 22 cpus 90-92
0: mpibind: task  23 nths  3 gpus 23 cpus 93-95
0: 0.158s: flux-shell[15]: mpibind: 
0: mpibind: task   0 nths  3 gpus 0 cpus 1-4
0: mpibind: task   1 nths  3 gpus 1 cpus 5-7,9
0: mpibind: task   2 nths  3 gpus 2 cpus 10-13
0: mpibind: task   3 nths  3 gpus 3 cpus 14-15,17
0: mpibind: task   4 nths  3 gpus 4 cpus 18-20
0: mpibind: task   5 nths  3 gpus 5 cpus 21-23
0: mpibind: task   6 nths  3 gpus 6 cpus 25-28
0: mpibind: task   7 nths  3 gpus 7 cpus 29-31,33
0: mpibind: task   8 nths  3 gpus 8 cpus 34-37
0: mpibind: task   9 nths  3 gpus 9 cpus 38-39,41
0: mpibind: task  10 nths  3 gpus 10 cpus 42-44
0: mpibind: task  11 nths  3 gpus 11 cpus 45-47
0: mpibind: task  12 nths  3 gpus 12 cpus 49-52
0: mpibind: task  13 nths  3 gpus 13 cpus 53-55,57
0: mpibind: task  14 nths  3 gpus 14 cpus 58-61
0: mpibind: task  15 nths  3 gpus 15 cpus 62-63,65
0: mpibind: task  16 nths  3 gpus 16 cpus 66-68
0: mpibind: task  17 nths  3 gpus 17 cpus 69-71
0: mpibind: task  18 nths  3 gpus 18 cpus 73-76
0: mpibind: task  19 nths  3 gpus 19 cpus 77-79,81
0: mpibind: task  20 nths  3 gpus 20 cpus 82-85
0: mpibind: task  21 nths  3 gpus 21 cpus 86-87,89
0: mpibind: task  22 nths  3 gpus 22 cpus 90-92
0: mpibind: task  23 nths  3 gpus 23 cpus 93-95
0: 0.155s: flux-shell[23]: mpibind: 
0: mpibind: task   0 nths  3 gpus 0 cpus 1-4
0: mpibind: task   1 nths  3 gpus 1 cpus 5-7,9
0: mpibind: task   2 nths  3 gpus 2 cpus 10-13
0: mpibind: task   3 nths  3 gpus 3 cpus 14-15,17
0: mpibind: task   4 nths  3 gpus 4 cpus 18-20
0: mpibind: task   5 nths  3 gpus 5 cpus 21-23
0: mpibind: task   6 nths  3 gpus 6 cpus 25-28
0: mpibind: task   7 nths  3 gpus 7 cpus 29-31,33
0: mpibind: task   8 nths  3 gpus 8 cpus 34-37
0: mpibind: task   9 nths  3 gpus 9 cpus 38-39,41
0: mpibind: task  10 nths  3 gpus 10 cpus 42-44
0: mpibind: task  11 nths  3 gpus 11 cpus 45-47
0: mpibind: task  12 nths  3 gpus 12 cpus 49-52
0: mpibind: task  13 nths  3 gpus 13 cpus 53-55,57
0: mpibind: task  14 nths  3 gpus 14 cpus 58-61
0: mpibind: task  15 nths  3 gpus 15 cpus 62-63,65
0: mpibind: task  16 nths  3 gpus 16 cpus 66-68
0: mpibind: task  17 nths  3 gpus 17 cpus 69-71
0: mpibind: task  18 nths  3 gpus 18 cpus 73-76
0: mpibind: task  19 nths  3 gpus 19 cpus 77-79,81
0: mpibind: task  20 nths  3 gpus 20 cpus 82-85
0: mpibind: task  21 nths  3 gpus 21 cpus 86-87,89
0: mpibind: task  22 nths  3 gpus 22 cpus 90-92
0: mpibind: task  23 nths  3 gpus 23 cpus 93-95
0: 0.156s: flux-shell[18]: mpibind: 
0: mpibind: task   0 nths  3 gpus 0 cpus 1-4
0: mpibind: task   1 nths  3 gpus 1 cpus 5-7,9
0: mpibind: task   2 nths  3 gpus 2 cpus 10-13
0: mpibind: task   3 nths  3 gpus 3 cpus 14-15,17
0: mpibind: task   4 nths  3 gpus 4 cpus 18-20
0: mpibind: task   5 nths  3 gpus 5 cpus 21-23
0: mpibind: task   6 nths  3 gpus 6 cpus 25-28
0: mpibind: task   7 nths  3 gpus 7 cpus 29-31,33
0: mpibind: task   8 nths  3 gpus 8 cpus 34-37
0: mpibind: task   9 nths  3 gpus 9 cpus 38-39,41
0: mpibind: task  10 nths  3 gpus 10 cpus 42-44
0: mpibind: task  11 nths  3 gpus 11 cpus 45-47
0: mpibind: task  12 nths  3 gpus 12 cpus 49-52
0: mpibind: task  13 nths  3 gpus 13 cpus 53-55,57
0: mpibind: task  14 nths  3 gpus 14 cpus 58-61
0: mpibind: task  15 nths  3 gpus 15 cpus 62-63,65
0: mpibind: task  16 nths  3 gpus 16 cpus 66-68
0: mpibind: task  17 nths  3 gpus 17 cpus 69-71
0: mpibind: task  18 nths  3 gpus 18 cpus 73-76
0: mpibind: task  19 nths  3 gpus 19 cpus 77-79,81
0: mpibind: task  20 nths  3 gpus 20 cpus 82-85
0: mpibind: task  21 nths  3 gpus 21 cpus 86-87,89
0: mpibind: task  22 nths  3 gpus 22 cpus 90-92
0: mpibind: task  23 nths  3 gpus 23 cpus 93-95
0: 0.160s: flux-shell[22]: mpibind: 
0: mpibind: task   0 nths  3 gpus 0 cpus 1-4
0: mpibind: task   1 nths  3 gpus 1 cpus 5-7,9
0: mpibind: task   2 nths  3 gpus 2 cpus 10-13
0: mpibind: task   3 nths  3 gpus 3 cpus 14-15,17
0: mpibind: task   4 nths  3 gpus 4 cpus 18-20
0: mpibind: task   5 nths  3 gpus 5 cpus 21-23
0: mpibind: task   6 nths  3 gpus 6 cpus 25-28
0: mpibind: task   7 nths  3 gpus 7 cpus 29-31,33
0: mpibind: task   8 nths  3 gpus 8 cpus 34-37
0: mpibind: task   9 nths  3 gpus 9 cpus 38-39,41
0: mpibind: task  10 nths  3 gpus 10 cpus 42-44
0: mpibind: task  11 nths  3 gpus 11 cpus 45-47
0: mpibind: task  12 nths  3 gpus 12 cpus 49-52
0: mpibind: task  13 nths  3 gpus 13 cpus 53-55,57
0: mpibind: task  14 nths  3 gpus 14 cpus 58-61
0: mpibind: task  15 nths  3 gpus 15 cpus 62-63,65
0: mpibind: task  16 nths  3 gpus 16 cpus 66-68
0: mpibind: task  17 nths  3 gpus 17 cpus 69-71
0: mpibind: task  18 nths  3 gpus 18 cpus 73-76
0: mpibind: task  19 nths  3 gpus 19 cpus 77-79,81
0: mpibind: task  20 nths  3 gpus 20 cpus 82-85
0: mpibind: task  21 nths  3 gpus 21 cpus 86-87,89
0: mpibind: task  22 nths  3 gpus 22 cpus 90-92
0: mpibind: task  23 nths  3 gpus 23 cpus 93-95
0: jobid: fM21gZyR
0: 0.115s: flux-shell[0]: mpibind: 
0: mpibind: task   0 nths  3 gpus 0 cpus 1-4
0: mpibind: task   1 nths  3 gpus 1 cpus 5-7,9
0: mpibind: task   2 nths  3 gpus 2 cpus 10-13
0: mpibind: task   3 nths  3 gpus 3 cpus 14-15,17
0: mpibind: task   4 nths  3 gpus 4 cpus 18-20
0: mpibind: task   5 nths  3 gpus 5 cpus 21-23
0: mpibind: task   6 nths  3 gpus 6 cpus 25-28
0: mpibind: task   7 nths  3 gpus 7 cpus 29-31,33
0: mpibind: task   8 nths  3 gpus 8 cpus 34-37
0: mpibind: task   9 nths  3 gpus 9 cpus 38-39,41
0: mpibind: task  10 nths  3 gpus 10 cpus 42-44
0: mpibind: task  11 nths  3 gpus 11 cpus 45-47
0: mpibind: task  12 nths  3 gpus 12 cpus 49-52
0: mpibind: task  13 nths  3 gpus 13 cpus 53-55,57
0: mpibind: task  14 nths  3 gpus 14 cpus 58-61
0: mpibind: task  15 nths  3 gpus 15 cpus 62-63,65
0: mpibind: task  16 nths  3 gpus 16 cpus 66-68
0: mpibind: task  17 nths  3 gpus 17 cpus 69-71
0: mpibind: task  18 nths  3 gpus 18 cpus 73-76
0: mpibind: task  19 nths  3 gpus 19 cpus 77-79,81
0: mpibind: task  20 nths  3 gpus 20 cpus 82-85
0: mpibind: task  21 nths  3 gpus 21 cpus 86-87,89
0: mpibind: task  22 nths  3 gpus 22 cpus 90-92
0: mpibind: task  23 nths  3 gpus 23 cpus 93-95
0: 0.120s: flux-shell[1]: mpibind: 
0: mpibind: task   0 nths  3 gpus 0 cpus 1-4
0: mpibind: task   1 nths  3 gpus 1 cpus 5-7,9
0: mpibind: task   2 nths  3 gpus 2 cpus 10-13
0: mpibind: task   3 nths  3 gpus 3 cpus 14-15,17
0: mpibind: task   4 nths  3 gpus 4 cpus 18-20
0: mpibind: task   5 nths  3 gpus 5 cpus 21-23
0: mpibind: task   6 nths  3 gpus 6 cpus 25-28
0: mpibind: task   7 nths  3 gpus 7 cpus 29-31,33
0: mpibind: task   8 nths  3 gpus 8 cpus 34-37
0: mpibind: task   9 nths  3 gpus 9 cpus 38-39,41
0: mpibind: task  10 nths  3 gpus 10 cpus 42-44
0: mpibind: task  11 nths  3 gpus 11 cpus 45-47
0: mpibind: task  12 nths  3 gpus 12 cpus 49-52
0: mpibind: task  13 nths  3 gpus 13 cpus 53-55,57
0: mpibind: task  14 nths  3 gpus 14 cpus 58-61
0: mpibind: task  15 nths  3 gpus 15 cpus 62-63,65
0: mpibind: task  16 nths  3 gpus 16 cpus 66-68
0: mpibind: task  17 nths  3 gpus 17 cpus 69-71
0: mpibind: task  18 nths  3 gpus 18 cpus 73-76
0: mpibind: task  19 nths  3 gpus 19 cpus 77-79,81
0: mpibind: task  20 nths  3 gpus 20 cpus 82-85
0: mpibind: task  21 nths  3 gpus 21 cpus 86-87,89
0: mpibind: task  22 nths  3 gpus 22 cpus 90-92
0: mpibind: task  23 nths  3 gpus 23 cpus 93-95
0: 0.133s: flux-shell[3]: mpibind: 
0: mpibind: task   0 nths  3 gpus 0 cpus 1-4
0: mpibind: task   1 nths  3 gpus 1 cpus 5-7,9
0: mpibind: task   2 nths  3 gpus 2 cpus 10-13
0: mpibind: task   3 nths  3 gpus 3 cpus 14-15,17
0: mpibind: task   4 nths  3 gpus 4 cpus 18-20
0: mpibind: task   5 nths  3 gpus 5 cpus 21-23
0: mpibind: task   6 nths  3 gpus 6 cpus 25-28
0: mpibind: task   7 nths  3 gpus 7 cpus 29-31,33
0: mpibind: task   8 nths  3 gpus 8 cpus 34-37
0: mpibind: task   9 nths  3 gpus 9 cpus 38-39,41
0: mpibind: task  10 nths  3 gpus 10 cpus 42-44
0: mpibind: task  11 nths  3 gpus 11 cpus 45-47
0: mpibind: task  12 nths  3 gpus 12 cpus 49-52
0: mpibind: task  13 nths  3 gpus 13 cpus 53-55,57
0: mpibind: task  14 nths  3 gpus 14 cpus 58-61
0: mpibind: task  15 nths  3 gpus 15 cpus 62-63,65
0: mpibind: task  16 nths  3 gpus 16 cpus 66-68
0: mpibind: task  17 nths  3 gpus 17 cpus 69-71
0: mpibind: task  18 nths  3 gpus 18 cpus 73-76
0: mpibind: task  19 nths  3 gpus 19 cpus 77-79,81
0: mpibind: task  20 nths  3 gpus 20 cpus 82-85
0: mpibind: task  21 nths  3 gpus 21 cpus 86-87,89
0: mpibind: task  22 nths  3 gpus 22 cpus 90-92
0: mpibind: task  23 nths  3 gpus 23 cpus 93-95
0: 0.125s: flux-shell[4]: mpibind: 
0: mpibind: task   0 nths  3 gpus 0 cpus 1-4
0: mpibind: task   1 nths  3 gpus 1 cpus 5-7,9
0: mpibind: task   2 nths  3 gpus 2 cpus 10-13
0: mpibind: task   3 nths  3 gpus 3 cpus 14-15,17
0: mpibind: task   4 nths  3 gpus 4 cpus 18-20
0: mpibind: task   5 nths  3 gpus 5 cpus 21-23
0: mpibind: task   6 nths  3 gpus 6 cpus 25-28
0: mpibind: task   7 nths  3 gpus 7 cpus 29-31,33
0: mpibind: task   8 nths  3 gpus 8 cpus 34-37
0: mpibind: task   9 nths  3 gpus 9 cpus 38-39,41
0: mpibind: task  10 nths  3 gpus 10 cpus 42-44
0: mpibind: task  11 nths  3 gpus 11 cpus 45-47
0: mpibind: task  12 nths  3 gpus 12 cpus 49-52
0: mpibind: task  13 nths  3 gpus 13 cpus 53-55,57
0: mpibind: task  14 nths  3 gpus 14 cpus 58-61
0: mpibind: task  15 nths  3 gpus 15 cpus 62-63,65
0: mpibind: task  16 nths  3 gpus 16 cpus 66-68
0: mpibind: task  17 nths  3 gpus 17 cpus 69-71
0: mpibind: task  18 nths  3 gpus 18 cpus 73-76
0: mpibind: task  19 nths  3 gpus 19 cpus 77-79,81
0: mpibind: task  20 nths  3 gpus 20 cpus 82-85
0: mpibind: task  21 nths  3 gpus 21 cpus 86-87,89
0: mpibind: task  22 nths  3 gpus 22 cpus 90-92
0: mpibind: task  23 nths  3 gpus 23 cpus 93-95
0: 0.133s: flux-shell[5]: mpibind: 
0: mpibind: task   0 nths  3 gpus 0 cpus 1-4
0: mpibind: task   1 nths  3 gpus 1 cpus 5-7,9
0: mpibind: task   2 nths  3 gpus 2 cpus 10-13
0: mpibind: task   3 nths  3 gpus 3 cpus 14-15,17
0: mpibind: task   4 nths  3 gpus 4 cpus 18-20
0: mpibind: task   5 nths  3 gpus 5 cpus 21-23
0: mpibind: task   6 nths  3 gpus 6 cpus 25-28
0: mpibind: task   7 nths  3 gpus 7 cpus 29-31,33
0: mpibind: task   8 nths  3 gpus 8 cpus 34-37
0: mpibind: task   9 nths  3 gpus 9 cpus 38-39,41
0: mpibind: task  10 nths  3 gpus 10 cpus 42-44
0: mpibind: task  11 nths  3 gpus 11 cpus 45-47
0: mpibind: task  12 nths  3 gpus 12 cpus 49-52
0: mpibind: task  13 nths  3 gpus 13 cpus 53-55,57
0: mpibind: task  14 nths  3 gpus 14 cpus 58-61
0: mpibind: task  15 nths  3 gpus 15 cpus 62-63,65
0: mpibind: task  16 nths  3 gpus 16 cpus 66-68
0: mpibind: task  17 nths  3 gpus 17 cpus 69-71
0: mpibind: task  18 nths  3 gpus 18 cpus 73-76
0: mpibind: task  19 nths  3 gpus 19 cpus 77-79,81
0: mpibind: task  20 nths  3 gpus 20 cpus 82-85
0: mpibind: task  21 nths  3 gpus 21 cpus 86-87,89
0: mpibind: task  22 nths  3 gpus 22 cpus 90-92
0: mpibind: task  23 nths  3 gpus 23 cpus 93-95
0: 0.128s: flux-shell[6]: mpibind: 
0: mpibind: task   0 nths  3 gpus 0 cpus 1-4
0: mpibind: task   1 nths  3 gpus 1 cpus 5-7,9
0: mpibind: task   2 nths  3 gpus 2 cpus 10-13
0: mpibind: task   3 nths  3 gpus 3 cpus 14-15,17
0: mpibind: task   4 nths  3 gpus 4 cpus 18-20
0: mpibind: task   5 nths  3 gpus 5 cpus 21-23
0: mpibind: task   6 nths  3 gpus 6 cpus 25-28
0: mpibind: task   7 nths  3 gpus 7 cpus 29-31,33
0: mpibind: task   8 nths  3 gpus 8 cpus 34-37
0: mpibind: task   9 nths  3 gpus 9 cpus 38-39,41
0: mpibind: task  10 nths  3 gpus 10 cpus 42-44
0: mpibind: task  11 nths  3 gpus 11 cpus 45-47
0: mpibind: task  12 nths  3 gpus 12 cpus 49-52
0: mpibind: task  13 nths  3 gpus 13 cpus 53-55,57
0: mpibind: task  14 nths  3 gpus 14 cpus 58-61
0: mpibind: task  15 nths  3 gpus 15 cpus 62-63,65
0: mpibind: task  16 nths  3 gpus 16 cpus 66-68
0: mpibind: task  17 nths  3 gpus 17 cpus 69-71
0: mpibind: task  18 nths  3 gpus 18 cpus 73-76
0: mpibind: task  19 nths  3 gpus 19 cpus 77-79,81
0: mpibind: task  20 nths  3 gpus 20 cpus 82-85
0: mpibind: task  21 nths  3 gpus 21 cpus 86-87,89
0: mpibind: task  22 nths  3 gpus 22 cpus 90-92
0: mpibind: task  23 nths  3 gpus 23 cpus 93-95
0: 0.132s: flux-shell[7]: mpibind: 
0: mpibind: task   0 nths  3 gpus 0 cpus 1-4
0: mpibind: task   1 nths  3 gpus 1 cpus 5-7,9
0: mpibind: task   2 nths  3 gpus 2 cpus 10-13
0: mpibind: task   3 nths  3 gpus 3 cpus 14-15,17
0: mpibind: task   4 nths  3 gpus 4 cpus 18-20
0: mpibind: task   5 nths  3 gpus 5 cpus 21-23
0: mpibind: task   6 nths  3 gpus 6 cpus 25-28
0: mpibind: task   7 nths  3 gpus 7 cpus 29-31,33
0: mpibind: task   8 nths  3 gpus 8 cpus 34-37
0: mpibind: task   9 nths  3 gpus 9 cpus 38-39,41
0: mpibind: task  10 nths  3 gpus 10 cpus 42-44
0: mpibind: task  11 nths  3 gpus 11 cpus 45-47
0: mpibind: task  12 nths  3 gpus 12 cpus 49-52
0: mpibind: task  13 nths  3 gpus 13 cpus 53-55,57
0: mpibind: task  14 nths  3 gpus 14 cpus 58-61
0: mpibind: task  15 nths  3 gpus 15 cpus 62-63,65
0: mpibind: task  16 nths  3 gpus 16 cpus 66-68
0: mpibind: task  17 nths  3 gpus 17 cpus 69-71
0: mpibind: task  18 nths  3 gpus 18 cpus 73-76
0: mpibind: task  19 nths  3 gpus 19 cpus 77-79,81
0: mpibind: task  20 nths  3 gpus 20 cpus 82-85
0: mpibind: task  21 nths  3 gpus 21 cpus 86-87,89
0: mpibind: task  22 nths  3 gpus 22 cpus 90-92
0: mpibind: task  23 nths  3 gpus 23 cpus 93-95
0: 0.123s: flux-shell[8]: mpibind: 
0: mpibind: task   0 nths  3 gpus 0 cpus 1-4
0: mpibind: task   1 nths  3 gpus 1 cpus 5-7,9
0: mpibind: task   2 nths  3 gpus 2 cpus 10-13
0: mpibind: task   3 nths  3 gpus 3 cpus 14-15,17
0: mpibind: task   4 nths  3 gpus 4 cpus 18-20
0: mpibind: task   5 nths  3 gpus 5 cpus 21-23
0: mpibind: task   6 nths  3 gpus 6 cpus 25-28
0: mpibind: task   7 nths  3 gpus 7 cpus 29-31,33
0: mpibind: task   8 nths  3 gpus 8 cpus 34-37
0: mpibind: task   9 nths  3 gpus 9 cpus 38-39,41
0: mpibind: task  10 nths  3 gpus 10 cpus 42-44
0: mpibind: task  11 nths  3 gpus 11 cpus 45-47
0: mpibind: task  12 nths  3 gpus 12 cpus 49-52
0: mpibind: task  13 nths  3 gpus 13 cpus 53-55,57
0: mpibind: task  14 nths  3 gpus 14 cpus 58-61
0: mpibind: task  15 nths  3 gpus 15 cpus 62-63,65
0: mpibind: task  16 nths  3 gpus 16 cpus 66-68
0: mpibind: task  17 nths  3 gpus 17 cpus 69-71
0: mpibind: task  18 nths  3 gpus 18 cpus 73-76
0: mpibind: task  19 nths  3 gpus 19 cpus 77-79,81
0: mpibind: task  20 nths  3 gpus 20 cpus 82-85
0: mpibind: task  21 nths  3 gpus 21 cpus 86-87,89
0: mpibind: task  22 nths  3 gpus 22 cpus 90-92
0: mpibind: task  23 nths  3 gpus 23 cpus 93-95
0: 0.142s: flux-shell[12]: mpibind: 
0: mpibind: task   0 nths  3 gpus 0 cpus 1-4
0: mpibind: task   1 nths  3 gpus 1 cpus 5-7,9
0: mpibind: task   2 nths  3 gpus 2 cpus 10-13
0: mpibind: task   3 nths  3 gpus 3 cpus 14-15,17
0: mpibind: task   4 nths  3 gpus 4 cpus 18-20
0: mpibind: task   5 nths  3 gpus 5 cpus 21-23
0: mpibind: task   6 nths  3 gpus 6 cpus 25-28
0: mpibind: task   7 nths  3 gpus 7 cpus 29-31,33
0: mpibind: task   8 nths  3 gpus 8 cpus 34-37
0: mpibind: task   9 nths  3 gpus 9 cpus 38-39,41
0: mpibind: task  10 nths  3 gpus 10 cpus 42-44
0: mpibind: task  11 nths  3 gpus 11 cpus 45-47
0: mpibind: task  12 nths  3 gpus 12 cpus 49-52
0: mpibind: task  13 nths  3 gpus 13 cpus 53-55,57
0: mpibind: task  14 nths  3 gpus 14 cpus 58-61
0: mpibind: task  15 nths  3 gpus 15 cpus 62-63,65
0: mpibind: task  16 nths  3 gpus 16 cpus 66-68
0: mpibind: task  17 nths  3 gpus 17 cpus 69-71
0: mpibind: task  18 nths  3 gpus 18 cpus 73-76
0: mpibind: task  19 nths  3 gpus 19 cpus 77-79,81
0: mpibind: task  20 nths  3 gpus 20 cpus 82-85
0: mpibind: task  21 nths  3 gpus 21 cpus 86-87,89
0: mpibind: task  22 nths  3 gpus 22 cpus 90-92
0: mpibind: task  23 nths  3 gpus 23 cpus 93-95
0: 0.132s: flux-shell[10]: mpibind: 
0: mpibind: task   0 nths  3 gpus 0 cpus 1-4
0: mpibind: task   1 nths  3 gpus 1 cpus 5-7,9
0: mpibind: task   2 nths  3 gpus 2 cpus 10-13
0: mpibind: task   3 nths  3 gpus 3 cpus 14-15,17
0: mpibind: task   4 nths  3 gpus 4 cpus 18-20
0: mpibind: task   5 nths  3 gpus 5 cpus 21-23
0: mpibind: task   6 nths  3 gpus 6 cpus 25-28
0: mpibind: task   7 nths  3 gpus 7 cpus 29-31,33
0: mpibind: task   8 nths  3 gpus 8 cpus 34-37
0: mpibind: task   9 nths  3 gpus 9 cpus 38-39,41
0: mpibind: task  10 nths  3 gpus 10 cpus 42-44
0: mpibind: task  11 nths  3 gpus 11 cpus 45-47
0: mpibind: task  12 nths  3 gpus 12 cpus 49-52
0: mpibind: task  13 nths  3 gpus 13 cpus 53-55,57
0: mpibind: task  14 nths  3 gpus 14 cpus 58-61
0: mpibind: task  15 nths  3 gpus 15 cpus 62-63,65
0: mpibind: task  16 nths  3 gpus 16 cpus 66-68
0: mpibind: task  17 nths  3 gpus 17 cpus 69-71
0: mpibind: task  18 nths  3 gpus 18 cpus 73-76
0: mpibind: task  19 nths  3 gpus 19 cpus 77-79,81
0: mpibind: task  20 nths  3 gpus 20 cpus 82-85
0: mpibind: task  21 nths  3 gpus 21 cpus 86-87,89
0: mpibind: task  22 nths  3 gpus 22 cpus 90-92
0: mpibind: task  23 nths  3 gpus 23 cpus 93-95
0: 0.135s: flux-shell[9]: mpibind: 
0: mpibind: task   0 nths  3 gpus 0 cpus 1-4
0: mpibind: task   1 nths  3 gpus 1 cpus 5-7,9
0: mpibind: task   2 nths  3 gpus 2 cpus 10-13
0: mpibind: task   3 nths  3 gpus 3 cpus 14-15,17
0: mpibind: task   4 nths  3 gpus 4 cpus 18-20
0: mpibind: task   5 nths  3 gpus 5 cpus 21-23
0: mpibind: task   6 nths  3 gpus 6 cpus 25-28
0: mpibind: task   7 nths  3 gpus 7 cpus 29-31,33
0: mpibind: task   8 nths  3 gpus 8 cpus 34-37
0: mpibind: task   9 nths  3 gpus 9 cpus 38-39,41
0: mpibind: task  10 nths  3 gpus 10 cpus 42-44
0: mpibind: task  11 nths  3 gpus 11 cpus 45-47
0: mpibind: task  12 nths  3 gpus 12 cpus 49-52
0: mpibind: task  13 nths  3 gpus 13 cpus 53-55,57
0: mpibind: task  14 nths  3 gpus 14 cpus 58-61
0: mpibind: task  15 nths  3 gpus 15 cpus 62-63,65
0: mpibind: task  16 nths  3 gpus 16 cpus 66-68
0: mpibind: task  17 nths  3 gpus 17 cpus 69-71
0: mpibind: task  18 nths  3 gpus 18 cpus 73-76
0: mpibind: task  19 nths  3 gpus 19 cpus 77-79,81
0: mpibind: task  20 nths  3 gpus 20 cpus 82-85
0: mpibind: task  21 nths  3 gpus 21 cpus 86-87,89
0: mpibind: task  22 nths  3 gpus 22 cpus 90-92
0: mpibind: task  23 nths  3 gpus 23 cpus 93-95
0: 0.123s: flux-shell[11]: mpibind: 
0: mpibind: task   0 nths  3 gpus 0 cpus 1-4
0: mpibind: task   1 nths  3 gpus 1 cpus 5-7,9
0: mpibind: task   2 nths  3 gpus 2 cpus 10-13
0: mpibind: task   3 nths  3 gpus 3 cpus 14-15,17
0: mpibind: task   4 nths  3 gpus 4 cpus 18-20
0: mpibind: task   5 nths  3 gpus 5 cpus 21-23
0: mpibind: task   6 nths  3 gpus 6 cpus 25-28
0: mpibind: task   7 nths  3 gpus 7 cpus 29-31,33
0: mpibind: task   8 nths  3 gpus 8 cpus 34-37
0: mpibind: task   9 nths  3 gpus 9 cpus 38-39,41
0: mpibind: task  10 nths  3 gpus 10 cpus 42-44
0: mpibind: task  11 nths  3 gpus 11 cpus 45-47
0: mpibind: task  12 nths  3 gpus 12 cpus 49-52
0: mpibind: task  13 nths  3 gpus 13 cpus 53-55,57
0: mpibind: task  14 nths  3 gpus 14 cpus 58-61
0: mpibind: task  15 nths  3 gpus 15 cpus 62-63,65
0: mpibind: task  16 nths  3 gpus 16 cpus 66-68
0: mpibind: task  17 nths  3 gpus 17 cpus 69-71
0: mpibind: task  18 nths  3 gpus 18 cpus 73-76
0: mpibind: task  19 nths  3 gpus 19 cpus 77-79,81
0: mpibind: task  20 nths  3 gpus 20 cpus 82-85
0: mpibind: task  21 nths  3 gpus 21 cpus 86-87,89
0: mpibind: task  22 nths  3 gpus 22 cpus 90-92
0: mpibind: task  23 nths  3 gpus 23 cpus 93-95
0: 0.130s: flux-shell[15]: mpibind: 
0: mpibind: task   0 nths  3 gpus 0 cpus 1-4
0: mpibind: task   1 nths  3 gpus 1 cpus 5-7,9
0: mpibind: task   2 nths  3 gpus 2 cpus 10-13
0: mpibind: task   3 nths  3 gpus 3 cpus 14-15,17
0: mpibind: task   4 nths  3 gpus 4 cpus 18-20
0: mpibind: task   5 nths  3 gpus 5 cpus 21-23
0: mpibind: task   6 nths  3 gpus 6 cpus 25-28
0: mpibind: task   7 nths  3 gpus 7 cpus 29-31,33
0: mpibind: task   8 nths  3 gpus 8 cpus 34-37
0: mpibind: task   9 nths  3 gpus 9 cpus 38-39,41
0: mpibind: task  10 nths  3 gpus 10 cpus 42-44
0: mpibind: task  11 nths  3 gpus 11 cpus 45-47
0: mpibind: task  12 nths  3 gpus 12 cpus 49-52
0: mpibind: task  13 nths  3 gpus 13 cpus 53-55,57
0: mpibind: task  14 nths  3 gpus 14 cpus 58-61
0: mpibind: task  15 nths  3 gpus 15 cpus 62-63,65
0: mpibind: task  16 nths  3 gpus 16 cpus 66-68
0: mpibind: task  17 nths  3 gpus 17 cpus 69-71
0: mpibind: task  18 nths  3 gpus 18 cpus 73-76
0: mpibind: task  19 nths  3 gpus 19 cpus 77-79,81
0: mpibind: task  20 nths  3 gpus 20 cpus 82-85
0: mpibind: task  21 nths  3 gpus 21 cpus 86-87,89
0: mpibind: task  22 nths  3 gpus 22 cpus 90-92
0: mpibind: task  23 nths  3 gpus 23 cpus 93-95
0: 0.131s: flux-shell[2]: mpibind: 
0: mpibind: task   0 nths  3 gpus 0 cpus 1-4
0: mpibind: task   1 nths  3 gpus 1 cpus 5-7,9
0: mpibind: task   2 nths  3 gpus 2 cpus 10-13
0: mpibind: task   3 nths  3 gpus 3 cpus 14-15,17
0: mpibind: task   4 nths  3 gpus 4 cpus 18-20
0: mpibind: task   5 nths  3 gpus 5 cpus 21-23
0: mpibind: task   6 nths  3 gpus 6 cpus 25-28
0: mpibind: task   7 nths  3 gpus 7 cpus 29-31,33
0: mpibind: task   8 nths  3 gpus 8 cpus 34-37
0: mpibind: task   9 nths  3 gpus 9 cpus 38-39,41
0: mpibind: task  10 nths  3 gpus 10 cpus 42-44
0: mpibind: task  11 nths  3 gpus 11 cpus 45-47
0: mpibind: task  12 nths  3 gpus 12 cpus 49-52
0: mpibind: task  13 nths  3 gpus 13 cpus 53-55,57
0: mpibind: task  14 nths  3 gpus 14 cpus 58-61
0: mpibind: task  15 nths  3 gpus 15 cpus 62-63,65
0: mpibind: task  16 nths  3 gpus 16 cpus 66-68
0: mpibind: task  17 nths  3 gpus 17 cpus 69-71
0: mpibind: task  18 nths  3 gpus 18 cpus 73-76
0: mpibind: task  19 nths  3 gpus 19 cpus 77-79,81
0: mpibind: task  20 nths  3 gpus 20 cpus 82-85
0: mpibind: task  21 nths  3 gpus 21 cpus 86-87,89
0: mpibind: task  22 nths  3 gpus 22 cpus 90-92
0: mpibind: task  23 nths  3 gpus 23 cpus 93-95
0: 0.130s: flux-shell[13]: mpibind: 
0: mpibind: task   0 nths  3 gpus 0 cpus 1-4
0: mpibind: task   1 nths  3 gpus 1 cpus 5-7,9
0: mpibind: task   2 nths  3 gpus 2 cpus 10-13
0: mpibind: task   3 nths  3 gpus 3 cpus 14-15,17
0: mpibind: task   4 nths  3 gpus 4 cpus 18-20
0: mpibind: task   5 nths  3 gpus 5 cpus 21-23
0: mpibind: task   6 nths  3 gpus 6 cpus 25-28
0: mpibind: task   7 nths  3 gpus 7 cpus 29-31,33
0: mpibind: task   8 nths  3 gpus 8 cpus 34-37
0: mpibind: task   9 nths  3 gpus 9 cpus 38-39,41
0: mpibind: task  10 nths  3 gpus 10 cpus 42-44
0: mpibind: task  11 nths  3 gpus 11 cpus 45-47
0: mpibind: task  12 nths  3 gpus 12 cpus 49-52
0: mpibind: task  13 nths  3 gpus 13 cpus 53-55,57
0: mpibind: task  14 nths  3 gpus 14 cpus 58-61
0: mpibind: task  15 nths  3 gpus 15 cpus 62-63,65
0: mpibind: task  16 nths  3 gpus 16 cpus 66-68
0: mpibind: task  17 nths  3 gpus 17 cpus 69-71
0: mpibind: task  18 nths  3 gpus 18 cpus 73-76
0: mpibind: task  19 nths  3 gpus 19 cpus 77-79,81
0: mpibind: task  20 nths  3 gpus 20 cpus 82-85
0: mpibind: task  21 nths  3 gpus 21 cpus 86-87,89
0: mpibind: task  22 nths  3 gpus 22 cpus 90-92
0: mpibind: task  23 nths  3 gpus 23 cpus 93-95
0: 0.127s: flux-shell[14]: mpibind: 
0: mpibind: task   0 nths  3 gpus 0 cpus 1-4
0: mpibind: task   1 nths  3 gpus 1 cpus 5-7,9
0: mpibind: task   2 nths  3 gpus 2 cpus 10-13
0: mpibind: task   3 nths  3 gpus 3 cpus 14-15,17
0: mpibind: task   4 nths  3 gpus 4 cpus 18-20
0: mpibind: task   5 nths  3 gpus 5 cpus 21-23
0: mpibind: task   6 nths  3 gpus 6 cpus 25-28
0: mpibind: task   7 nths  3 gpus 7 cpus 29-31,33
0: mpibind: task   8 nths  3 gpus 8 cpus 34-37
0: mpibind: task   9 nths  3 gpus 9 cpus 38-39,41
0: mpibind: task  10 nths  3 gpus 10 cpus 42-44
0: mpibind: task  11 nths  3 gpus 11 cpus 45-47
0: mpibind: task  12 nths  3 gpus 12 cpus 49-52
0: mpibind: task  13 nths  3 gpus 13 cpus 53-55,57
0: mpibind: task  14 nths  3 gpus 14 cpus 58-61
0: mpibind: task  15 nths  3 gpus 15 cpus 62-63,65
0: mpibind: task  16 nths  3 gpus 16 cpus 66-68
0: mpibind: task  17 nths  3 gpus 17 cpus 69-71
0: mpibind: task  18 nths  3 gpus 18 cpus 73-76
0: mpibind: task  19 nths  3 gpus 19 cpus 77-79,81
0: mpibind: task  20 nths  3 gpus 20 cpus 82-85
0: mpibind: task  21 nths  3 gpus 21 cpus 86-87,89
0: mpibind: task  22 nths  3 gpus 22 cpus 90-92
0: mpibind: task  23 nths  3 gpus 23 cpus 93-95
0: 0.145s: flux-shell[30]: mpibind: 
0: mpibind: task   0 nths  3 gpus 0 cpus 1-4
0: mpibind: task   1 nths  3 gpus 1 cpus 5-7,9
0: mpibind: task   2 nths  3 gpus 2 cpus 10-13
0: mpibind: task   3 nths  3 gpus 3 cpus 14-15,17
0: mpibind: task   4 nths  3 gpus 4 cpus 18-20
0: mpibind: task   5 nths  3 gpus 5 cpus 21-23
0: mpibind: task   6 nths  3 gpus 6 cpus 25-28
0: mpibind: task   7 nths  3 gpus 7 cpus 29-31,33
0: mpibind: task   8 nths  3 gpus 8 cpus 34-37
0: mpibind: task   9 nths  3 gpus 9 cpus 38-39,41
0: mpibind: task  10 nths  3 gpus 10 cpus 42-44
0: mpibind: task  11 nths  3 gpus 11 cpus 45-47
0: mpibind: task  12 nths  3 gpus 12 cpus 49-52
0: mpibind: task  13 nths  3 gpus 13 cpus 53-55,57
0: mpibind: task  14 nths  3 gpus 14 cpus 58-61
0: mpibind: task  15 nths  3 gpus 15 cpus 62-63,65
0: mpibind: task  16 nths  3 gpus 16 cpus 66-68
0: mpibind: task  17 nths  3 gpus 17 cpus 69-71
0: mpibind: task  18 nths  3 gpus 18 cpus 73-76
0: mpibind: task  19 nths  3 gpus 19 cpus 77-79,81
0: mpibind: task  20 nths  3 gpus 20 cpus 82-85
0: mpibind: task  21 nths  3 gpus 21 cpus 86-87,89
0: mpibind: task  22 nths  3 gpus 22 cpus 90-92
0: mpibind: task  23 nths  3 gpus 23 cpus 93-95
0: 0.130s: flux-shell[24]: mpibind: 
0: mpibind: task   0 nths  3 gpus 0 cpus 1-4
0: mpibind: task   1 nths  3 gpus 1 cpus 5-7,9
0: mpibind: task   2 nths  3 gpus 2 cpus 10-13
0: mpibind: task   3 nths  3 gpus 3 cpus 14-15,17
0: mpibind: task   4 nths  3 gpus 4 cpus 18-20
0: mpibind: task   5 nths  3 gpus 5 cpus 21-23
0: mpibind: task   6 nths  3 gpus 6 cpus 25-28
0: mpibind: task   7 nths  3 gpus 7 cpus 29-31,33
0: mpibind: task   8 nths  3 gpus 8 cpus 34-37
0: mpibind: task   9 nths  3 gpus 9 cpus 38-39,41
0: mpibind: task  10 nths  3 gpus 10 cpus 42-44
0: mpibind: task  11 nths  3 gpus 11 cpus 45-47
0: mpibind: task  12 nths  3 gpus 12 cpus 49-52
0: mpibind: task  13 nths  3 gpus 13 cpus 53-55,57
0: mpibind: task  14 nths  3 gpus 14 cpus 58-61
0: mpibind: task  15 nths  3 gpus 15 cpus 62-63,65
0: mpibind: task  16 nths  3 gpus 16 cpus 66-68
0: mpibind: task  17 nths  3 gpus 17 cpus 69-71
0: mpibind: task  18 nths  3 gpus 18 cpus 73-76
0: mpibind: task  19 nths  3 gpus 19 cpus 77-79,81
0: mpibind: task  20 nths  3 gpus 20 cpus 82-85
0: mpibind: task  21 nths  3 gpus 21 cpus 86-87,89
0: mpibind: task  22 nths  3 gpus 22 cpus 90-92
0: mpibind: task  23 nths  3 gpus 23 cpus 93-95
0: 0.137s: flux-shell[25]: mpibind: 
0: mpibind: task   0 nths  3 gpus 0 cpus 1-4
0: mpibind: task   1 nths  3 gpus 1 cpus 5-7,9
0: mpibind: task   2 nths  3 gpus 2 cpus 10-13
0: mpibind: task   3 nths  3 gpus 3 cpus 14-15,17
0: mpibind: task   4 nths  3 gpus 4 cpus 18-20
0: mpibind: task   5 nths  3 gpus 5 cpus 21-23
0: mpibind: task   6 nths  3 gpus 6 cpus 25-28
0: mpibind: task   7 nths  3 gpus 7 cpus 29-31,33
0: mpibind: task   8 nths  3 gpus 8 cpus 34-37
0: mpibind: task   9 nths  3 gpus 9 cpus 38-39,41
0: mpibind: task  10 nths  3 gpus 10 cpus 42-44
0: mpibind: task  11 nths  3 gpus 11 cpus 45-47
0: mpibind: task  12 nths  3 gpus 12 cpus 49-52
0: mpibind: task  13 nths  3 gpus 13 cpus 53-55,57
0: mpibind: task  14 nths  3 gpus 14 cpus 58-61
0: mpibind: task  15 nths  3 gpus 15 cpus 62-63,65
0: mpibind: task  16 nths  3 gpus 16 cpus 66-68
0: mpibind: task  17 nths  3 gpus 17 cpus 69-71
0: mpibind: task  18 nths  3 gpus 18 cpus 73-76
0: mpibind: task  19 nths  3 gpus 19 cpus 77-79,81
0: mpibind: task  20 nths  3 gpus 20 cpus 82-85
0: mpibind: task  21 nths  3 gpus 21 cpus 86-87,89
0: mpibind: task  22 nths  3 gpus 22 cpus 90-92
0: mpibind: task  23 nths  3 gpus 23 cpus 93-95
0: 0.142s: flux-shell[26]: mpibind: 
0: mpibind: task   0 nths  3 gpus 0 cpus 1-4
0: mpibind: task   1 nths  3 gpus 1 cpus 5-7,9
0: mpibind: task   2 nths  3 gpus 2 cpus 10-13
0: mpibind: task   3 nths  3 gpus 3 cpus 14-15,17
0: mpibind: task   4 nths  3 gpus 4 cpus 18-20
0: mpibind: task   5 nths  3 gpus 5 cpus 21-23
0: mpibind: task   6 nths  3 gpus 6 cpus 25-28
0: mpibind: task   7 nths  3 gpus 7 cpus 29-31,33
0: mpibind: task   8 nths  3 gpus 8 cpus 34-37
0: mpibind: task   9 nths  3 gpus 9 cpus 38-39,41
0: mpibind: task  10 nths  3 gpus 10 cpus 42-44
0: mpibind: task  11 nths  3 gpus 11 cpus 45-47
0: mpibind: task  12 nths  3 gpus 12 cpus 49-52
0: mpibind: task  13 nths  3 gpus 13 cpus 53-55,57
0: mpibind: task  14 nths  3 gpus 14 cpus 58-61
0: mpibind: task  15 nths  3 gpus 15 cpus 62-63,65
0: mpibind: task  16 nths  3 gpus 16 cpus 66-68
0: mpibind: task  17 nths  3 gpus 17 cpus 69-71
0: mpibind: task  18 nths  3 gpus 18 cpus 73-76
0: mpibind: task  19 nths  3 gpus 19 cpus 77-79,81
0: mpibind: task  20 nths  3 gpus 20 cpus 82-85
0: mpibind: task  21 nths  3 gpus 21 cpus 86-87,89
0: mpibind: task  22 nths  3 gpus 22 cpus 90-92
0: mpibind: task  23 nths  3 gpus 23 cpus 93-95
0: 0.134s: flux-shell[27]: mpibind: 
0: mpibind: task   0 nths  3 gpus 0 cpus 1-4
0: mpibind: task   1 nths  3 gpus 1 cpus 5-7,9
0: mpibind: task   2 nths  3 gpus 2 cpus 10-13
0: mpibind: task   3 nths  3 gpus 3 cpus 14-15,17
0: mpibind: task   4 nths  3 gpus 4 cpus 18-20
0: mpibind: task   5 nths  3 gpus 5 cpus 21-23
0: mpibind: task   6 nths  3 gpus 6 cpus 25-28
0: mpibind: task   7 nths  3 gpus 7 cpus 29-31,33
0: mpibind: task   8 nths  3 gpus 8 cpus 34-37
0: mpibind: task   9 nths  3 gpus 9 cpus 38-39,41
0: mpibind: task  10 nths  3 gpus 10 cpus 42-44
0: mpibind: task  11 nths  3 gpus 11 cpus 45-47
0: mpibind: task  12 nths  3 gpus 12 cpus 49-52
0: mpibind: task  13 nths  3 gpus 13 cpus 53-55,57
0: mpibind: task  14 nths  3 gpus 14 cpus 58-61
0: mpibind: task  15 nths  3 gpus 15 cpus 62-63,65
0: mpibind: task  16 nths  3 gpus 16 cpus 66-68
0: mpibind: task  17 nths  3 gpus 17 cpus 69-71
0: mpibind: task  18 nths  3 gpus 18 cpus 73-76
0: mpibind: task  19 nths  3 gpus 19 cpus 77-79,81
0: mpibind: task  20 nths  3 gpus 20 cpus 82-85
0: mpibind: task  21 nths  3 gpus 21 cpus 86-87,89
0: mpibind: task  22 nths  3 gpus 22 cpus 90-92
0: mpibind: task  23 nths  3 gpus 23 cpus 93-95
0: 0.138s: flux-shell[28]: mpibind: 
0: mpibind: task   0 nths  3 gpus 0 cpus 1-4
0: mpibind: task   1 nths  3 gpus 1 cpus 5-7,9
0: mpibind: task   2 nths  3 gpus 2 cpus 10-13
0: mpibind: task   3 nths  3 gpus 3 cpus 14-15,17
0: mpibind: task   4 nths  3 gpus 4 cpus 18-20
0: mpibind: task   5 nths  3 gpus 5 cpus 21-23
0: mpibind: task   6 nths  3 gpus 6 cpus 25-28
0: mpibind: task   7 nths  3 gpus 7 cpus 29-31,33
0: mpibind: task   8 nths  3 gpus 8 cpus 34-37
0: mpibind: task   9 nths  3 gpus 9 cpus 38-39,41
0: mpibind: task  10 nths  3 gpus 10 cpus 42-44
0: mpibind: task  11 nths  3 gpus 11 cpus 45-47
0: mpibind: task  12 nths  3 gpus 12 cpus 49-52
0: mpibind: task  13 nths  3 gpus 13 cpus 53-55,57
0: mpibind: task  14 nths  3 gpus 14 cpus 58-61
0: mpibind: task  15 nths  3 gpus 15 cpus 62-63,65
0: mpibind: task  16 nths  3 gpus 16 cpus 66-68
0: mpibind: task  17 nths  3 gpus 17 cpus 69-71
0: mpibind: task  18 nths  3 gpus 18 cpus 73-76
0: mpibind: task  19 nths  3 gpus 19 cpus 77-79,81
0: mpibind: task  20 nths  3 gpus 20 cpus 82-85
0: mpibind: task  21 nths  3 gpus 21 cpus 86-87,89
0: mpibind: task  22 nths  3 gpus 22 cpus 90-92
0: mpibind: task  23 nths  3 gpus 23 cpus 93-95
0: 0.146s: flux-shell[29]: mpibind: 
0: mpibind: task   0 nths  3 gpus 0 cpus 1-4
0: mpibind: task   1 nths  3 gpus 1 cpus 5-7,9
0: mpibind: task   2 nths  3 gpus 2 cpus 10-13
0: mpibind: task   3 nths  3 gpus 3 cpus 14-15,17
0: mpibind: task   4 nths  3 gpus 4 cpus 18-20
0: mpibind: task   5 nths  3 gpus 5 cpus 21-23
0: mpibind: task   6 nths  3 gpus 6 cpus 25-28
0: mpibind: task   7 nths  3 gpus 7 cpus 29-31,33
0: mpibind: task   8 nths  3 gpus 8 cpus 34-37
0: mpibind: task   9 nths  3 gpus 9 cpus 38-39,41
0: mpibind: task  10 nths  3 gpus 10 cpus 42-44
0: mpibind: task  11 nths  3 gpus 11 cpus 45-47
0: mpibind: task  12 nths  3 gpus 12 cpus 49-52
0: mpibind: task  13 nths  3 gpus 13 cpus 53-55,57
0: mpibind: task  14 nths  3 gpus 14 cpus 58-61
0: mpibind: task  15 nths  3 gpus 15 cpus 62-63,65
0: mpibind: task  16 nths  3 gpus 16 cpus 66-68
0: mpibind: task  17 nths  3 gpus 17 cpus 69-71
0: mpibind: task  18 nths  3 gpus 18 cpus 73-76
0: mpibind: task  19 nths  3 gpus 19 cpus 77-79,81
0: mpibind: task  20 nths  3 gpus 20 cpus 82-85
0: mpibind: task  21 nths  3 gpus 21 cpus 86-87,89
0: mpibind: task  22 nths  3 gpus 22 cpus 90-92
0: mpibind: task  23 nths  3 gpus 23 cpus 93-95
0: 0.138s: flux-shell[31]: mpibind: 
0: mpibind: task   0 nths  3 gpus 0 cpus 1-4
0: mpibind: task   1 nths  3 gpus 1 cpus 5-7,9
0: mpibind: task   2 nths  3 gpus 2 cpus 10-13
0: mpibind: task   3 nths  3 gpus 3 cpus 14-15,17
0: mpibind: task   4 nths  3 gpus 4 cpus 18-20
0: mpibind: task   5 nths  3 gpus 5 cpus 21-23
0: mpibind: task   6 nths  3 gpus 6 cpus 25-28
0: mpibind: task   7 nths  3 gpus 7 cpus 29-31,33
0: mpibind: task   8 nths  3 gpus 8 cpus 34-37
0: mpibind: task   9 nths  3 gpus 9 cpus 38-39,41
0: mpibind: task  10 nths  3 gpus 10 cpus 42-44
0: mpibind: task  11 nths  3 gpus 11 cpus 45-47
0: mpibind: task  12 nths  3 gpus 12 cpus 49-52
0: mpibind: task  13 nths  3 gpus 13 cpus 53-55,57
0: mpibind: task  14 nths  3 gpus 14 cpus 58-61
0: mpibind: task  15 nths  3 gpus 15 cpus 62-63,65
0: mpibind: task  16 nths  3 gpus 16 cpus 66-68
0: mpibind: task  17 nths  3 gpus 17 cpus 69-71
0: mpibind: task  18 nths  3 gpus 18 cpus 73-76
0: mpibind: task  19 nths  3 gpus 19 cpus 77-79,81
0: mpibind: task  20 nths  3 gpus 20 cpus 82-85
0: mpibind: task  21 nths  3 gpus 21 cpus 86-87,89
0: mpibind: task  22 nths  3 gpus 22 cpus 90-92
0: mpibind: task  23 nths  3 gpus 23 cpus 93-95
0: 0.129s: flux-shell[17]: mpibind: 
0: mpibind: task   0 nths  3 gpus 0 cpus 1-4
0: mpibind: task   1 nths  3 gpus 1 cpus 5-7,9
0: mpibind: task   2 nths  3 gpus 2 cpus 10-13
0: mpibind: task   3 nths  3 gpus 3 cpus 14-15,17
0: mpibind: task   4 nths  3 gpus 4 cpus 18-20
0: mpibind: task   5 nths  3 gpus 5 cpus 21-23
0: mpibind: task   6 nths  3 gpus 6 cpus 25-28
0: mpibind: task   7 nths  3 gpus 7 cpus 29-31,33
0: mpibind: task   8 nths  3 gpus 8 cpus 34-37
0: mpibind: task   9 nths  3 gpus 9 cpus 38-39,41
0: mpibind: task  10 nths  3 gpus 10 cpus 42-44
0: mpibind: task  11 nths  3 gpus 11 cpus 45-47
0: mpibind: task  12 nths  3 gpus 12 cpus 49-52
0: mpibind: task  13 nths  3 gpus 13 cpus 53-55,57
0: mpibind: task  14 nths  3 gpus 14 cpus 58-61
0: mpibind: task  15 nths  3 gpus 15 cpus 62-63,65
0: mpibind: task  16 nths  3 gpus 16 cpus 66-68
0: mpibind: task  17 nths  3 gpus 17 cpus 69-71
0: mpibind: task  18 nths  3 gpus 18 cpus 73-76
0: mpibind: task  19 nths  3 gpus 19 cpus 77-79,81
0: mpibind: task  20 nths  3 gpus 20 cpus 82-85
0: mpibind: task  21 nths  3 gpus 21 cpus 86-87,89
0: mpibind: task  22 nths  3 gpus 22 cpus 90-92
0: mpibind: task  23 nths  3 gpus 23 cpus 93-95
0: 0.137s: flux-shell[16]: mpibind: 
0: mpibind: task   0 nths  3 gpus 0 cpus 1-4
0: mpibind: task   1 nths  3 gpus 1 cpus 5-7,9
0: mpibind: task   2 nths  3 gpus 2 cpus 10-13
0: mpibind: task   3 nths  3 gpus 3 cpus 14-15,17
0: mpibind: task   4 nths  3 gpus 4 cpus 18-20
0: mpibind: task   5 nths  3 gpus 5 cpus 21-23
0: mpibind: task   6 nths  3 gpus 6 cpus 25-28
0: mpibind: task   7 nths  3 gpus 7 cpus 29-31,33
0: mpibind: task   8 nths  3 gpus 8 cpus 34-37
0: mpibind: task   9 nths  3 gpus 9 cpus 38-39,41
0: mpibind: task  10 nths  3 gpus 10 cpus 42-44
0: mpibind: task  11 nths  3 gpus 11 cpus 45-47
0: mpibind: task  12 nths  3 gpus 12 cpus 49-52
0: mpibind: task  13 nths  3 gpus 13 cpus 53-55,57
0: mpibind: task  14 nths  3 gpus 14 cpus 58-61
0: mpibind: task  15 nths  3 gpus 15 cpus 62-63,65
0: mpibind: task  16 nths  3 gpus 16 cpus 66-68
0: mpibind: task  17 nths  3 gpus 17 cpus 69-71
0: mpibind: task  18 nths  3 gpus 18 cpus 73-76
0: mpibind: task  19 nths  3 gpus 19 cpus 77-79,81
0: mpibind: task  20 nths  3 gpus 20 cpus 82-85
0: mpibind: task  21 nths  3 gpus 21 cpus 86-87,89
0: mpibind: task  22 nths  3 gpus 22 cpus 90-92
0: mpibind: task  23 nths  3 gpus 23 cpus 93-95
0: 0.135s: flux-shell[20]: mpibind: 
0: mpibind: task   0 nths  3 gpus 0 cpus 1-4
0: mpibind: task   1 nths  3 gpus 1 cpus 5-7,9
0: mpibind: task   2 nths  3 gpus 2 cpus 10-13
0: mpibind: task   3 nths  3 gpus 3 cpus 14-15,17
0: mpibind: task   4 nths  3 gpus 4 cpus 18-20
0: mpibind: task   5 nths  3 gpus 5 cpus 21-23
0: mpibind: task   6 nths  3 gpus 6 cpus 25-28
0: mpibind: task   7 nths  3 gpus 7 cpus 29-31,33
0: mpibind: task   8 nths  3 gpus 8 cpus 34-37
0: mpibind: task   9 nths  3 gpus 9 cpus 38-39,41
0: mpibind: task  10 nths  3 gpus 10 cpus 42-44
0: mpibind: task  11 nths  3 gpus 11 cpus 45-47
0: mpibind: task  12 nths  3 gpus 12 cpus 49-52
0: mpibind: task  13 nths  3 gpus 13 cpus 53-55,57
0: mpibind: task  14 nths  3 gpus 14 cpus 58-61
0: mpibind: task  15 nths  3 gpus 15 cpus 62-63,65
0: mpibind: task  16 nths  3 gpus 16 cpus 66-68
0: mpibind: task  17 nths  3 gpus 17 cpus 69-71
0: mpibind: task  18 nths  3 gpus 18 cpus 73-76
0: mpibind: task  19 nths  3 gpus 19 cpus 77-79,81
0: mpibind: task  20 nths  3 gpus 20 cpus 82-85
0: mpibind: task  21 nths  3 gpus 21 cpus 86-87,89
0: mpibind: task  22 nths  3 gpus 22 cpus 90-92
0: mpibind: task  23 nths  3 gpus 23 cpus 93-95
0: 0.135s: flux-shell[19]: mpibind: 
0: mpibind: task   0 nths  3 gpus 0 cpus 1-4
0: mpibind: task   1 nths  3 gpus 1 cpus 5-7,9
0: mpibind: task   2 nths  3 gpus 2 cpus 10-13
0: mpibind: task   3 nths  3 gpus 3 cpus 14-15,17
0: mpibind: task   4 nths  3 gpus 4 cpus 18-20
0: mpibind: task   5 nths  3 gpus 5 cpus 21-23
0: mpibind: task   6 nths  3 gpus 6 cpus 25-28
0: mpibind: task   7 nths  3 gpus 7 cpus 29-31,33
0: mpibind: task   8 nths  3 gpus 8 cpus 34-37
0: mpibind: task   9 nths  3 gpus 9 cpus 38-39,41
0: mpibind: task  10 nths  3 gpus 10 cpus 42-44
0: mpibind: task  11 nths  3 gpus 11 cpus 45-47
0: mpibind: task  12 nths  3 gpus 12 cpus 49-52
0: mpibind: task  13 nths  3 gpus 13 cpus 53-55,57
0: mpibind: task  14 nths  3 gpus 14 cpus 58-61
0: mpibind: task  15 nths  3 gpus 15 cpus 62-63,65
0: mpibind: task  16 nths  3 gpus 16 cpus 66-68
0: mpibind: task  17 nths  3 gpus 17 cpus 69-71
0: mpibind: task  18 nths  3 gpus 18 cpus 73-76
0: mpibind: task  19 nths  3 gpus 19 cpus 77-79,81
0: mpibind: task  20 nths  3 gpus 20 cpus 82-85
0: mpibind: task  21 nths  3 gpus 21 cpus 86-87,89
0: mpibind: task  22 nths  3 gpus 22 cpus 90-92
0: mpibind: task  23 nths  3 gpus 23 cpus 93-95
0: 0.135s: flux-shell[21]: mpibind: 
0: mpibind: task   0 nths  3 gpus 0 cpus 1-4
0: mpibind: task   1 nths  3 gpus 1 cpus 5-7,9
0: mpibind: task   2 nths  3 gpus 2 cpus 10-13
0: mpibind: task   3 nths  3 gpus 3 cpus 14-15,17
0: mpibind: task   4 nths  3 gpus 4 cpus 18-20
0: mpibind: task   5 nths  3 gpus 5 cpus 21-23
0: mpibind: task   6 nths  3 gpus 6 cpus 25-28
0: mpibind: task   7 nths  3 gpus 7 cpus 29-31,33
0: mpibind: task   8 nths  3 gpus 8 cpus 34-37
0: mpibind: task   9 nths  3 gpus 9 cpus 38-39,41
0: mpibind: task  10 nths  3 gpus 10 cpus 42-44
0: mpibind: task  11 nths  3 gpus 11 cpus 45-47
0: mpibind: task  12 nths  3 gpus 12 cpus 49-52
0: mpibind: task  13 nths  3 gpus 13 cpus 53-55,57
0: mpibind: task  14 nths  3 gpus 14 cpus 58-61
0: mpibind: task  15 nths  3 gpus 15 cpus 62-63,65
0: mpibind: task  16 nths  3 gpus 16 cpus 66-68
0: mpibind: task  17 nths  3 gpus 17 cpus 69-71
0: mpibind: task  18 nths  3 gpus 18 cpus 73-76
0: mpibind: task  19 nths  3 gpus 19 cpus 77-79,81
0: mpibind: task  20 nths  3 gpus 20 cpus 82-85
0: mpibind: task  21 nths  3 gpus 21 cpus 86-87,89
0: mpibind: task  22 nths  3 gpus 22 cpus 90-92
0: mpibind: task  23 nths  3 gpus 23 cpus 93-95
0: 0.136s: flux-shell[18]: mpibind: 
0: mpibind: task   0 nths  3 gpus 0 cpus 1-4
0: mpibind: task   1 nths  3 gpus 1 cpus 5-7,9
0: mpibind: task   2 nths  3 gpus 2 cpus 10-13
0: mpibind: task   3 nths  3 gpus 3 cpus 14-15,17
0: mpibind: task   4 nths  3 gpus 4 cpus 18-20
0: mpibind: task   5 nths  3 gpus 5 cpus 21-23
0: mpibind: task   6 nths  3 gpus 6 cpus 25-28
0: mpibind: task   7 nths  3 gpus 7 cpus 29-31,33
0: mpibind: task   8 nths  3 gpus 8 cpus 34-37
0: mpibind: task   9 nths  3 gpus 9 cpus 38-39,41
0: mpibind: task  10 nths  3 gpus 10 cpus 42-44
0: mpibind: task  11 nths  3 gpus 11 cpus 45-47
0: mpibind: task  12 nths  3 gpus 12 cpus 49-52
0: mpibind: task  13 nths  3 gpus 13 cpus 53-55,57
0: mpibind: task  14 nths  3 gpus 14 cpus 58-61
0: mpibind: task  15 nths  3 gpus 15 cpus 62-63,65
0: mpibind: task  16 nths  3 gpus 16 cpus 66-68
0: mpibind: task  17 nths  3 gpus 17 cpus 69-71
0: mpibind: task  18 nths  3 gpus 18 cpus 73-76
0: mpibind: task  19 nths  3 gpus 19 cpus 77-79,81
0: mpibind: task  20 nths  3 gpus 20 cpus 82-85
0: mpibind: task  21 nths  3 gpus 21 cpus 86-87,89
0: mpibind: task  22 nths  3 gpus 22 cpus 90-92
0: mpibind: task  23 nths  3 gpus 23 cpus 93-95
0: 0.134s: flux-shell[23]: mpibind: 
0: mpibind: task   0 nths  3 gpus 0 cpus 1-4
0: mpibind: task   1 nths  3 gpus 1 cpus 5-7,9
0: mpibind: task   2 nths  3 gpus 2 cpus 10-13
0: mpibind: task   3 nths  3 gpus 3 cpus 14-15,17
0: mpibind: task   4 nths  3 gpus 4 cpus 18-20
0: mpibind: task   5 nths  3 gpus 5 cpus 21-23
0: mpibind: task   6 nths  3 gpus 6 cpus 25-28
0: mpibind: task   7 nths  3 gpus 7 cpus 29-31,33
0: mpibind: task   8 nths  3 gpus 8 cpus 34-37
0: mpibind: task   9 nths  3 gpus 9 cpus 38-39,41
0: mpibind: task  10 nths  3 gpus 10 cpus 42-44
0: mpibind: task  11 nths  3 gpus 11 cpus 45-47
0: mpibind: task  12 nths  3 gpus 12 cpus 49-52
0: mpibind: task  13 nths  3 gpus 13 cpus 53-55,57
0: mpibind: task  14 nths  3 gpus 14 cpus 58-61
0: mpibind: task  15 nths  3 gpus 15 cpus 62-63,65
0: mpibind: task  16 nths  3 gpus 16 cpus 66-68
0: mpibind: task  17 nths  3 gpus 17 cpus 69-71
0: mpibind: task  18 nths  3 gpus 18 cpus 73-76
0: mpibind: task  19 nths  3 gpus 19 cpus 77-79,81
0: mpibind: task  20 nths  3 gpus 20 cpus 82-85
0: mpibind: task  21 nths  3 gpus 21 cpus 86-87,89
0: mpibind: task  22 nths  3 gpus 22 cpus 90-92
0: mpibind: task  23 nths  3 gpus 23 cpus 93-95
0: 0.142s: flux-shell[22]: mpibind: 
0: mpibind: task   0 nths  3 gpus 0 cpus 1-4
0: mpibind: task   1 nths  3 gpus 1 cpus 5-7,9
0: mpibind: task   2 nths  3 gpus 2 cpus 10-13
0: mpibind: task   3 nths  3 gpus 3 cpus 14-15,17
0: mpibind: task   4 nths  3 gpus 4 cpus 18-20
0: mpibind: task   5 nths  3 gpus 5 cpus 21-23
0: mpibind: task   6 nths  3 gpus 6 cpus 25-28
0: mpibind: task   7 nths  3 gpus 7 cpus 29-31,33
0: mpibind: task   8 nths  3 gpus 8 cpus 34-37
0: mpibind: task   9 nths  3 gpus 9 cpus 38-39,41
0: mpibind: task  10 nths  3 gpus 10 cpus 42-44
0: mpibind: task  11 nths  3 gpus 11 cpus 45-47
0: mpibind: task  12 nths  3 gpus 12 cpus 49-52
0: mpibind: task  13 nths  3 gpus 13 cpus 53-55,57
0: mpibind: task  14 nths  3 gpus 14 cpus 58-61
0: mpibind: task  15 nths  3 gpus 15 cpus 62-63,65
0: mpibind: task  16 nths  3 gpus 16 cpus 66-68
0: mpibind: task  17 nths  3 gpus 17 cpus 69-71
0: mpibind: task  18 nths  3 gpus 18 cpus 73-76
0: mpibind: task  19 nths  3 gpus 19 cpus 77-79,81
0: mpibind: task  20 nths  3 gpus 20 cpus 82-85
0: mpibind: task  21 nths  3 gpus 21 cpus 86-87,89
0: mpibind: task  22 nths  3 gpus 22 cpus 90-92
0: mpibind: task  23 nths  3 gpus 23 cpus 93-95
0: jobid: fZstMF7V
0: 0.110s: flux-shell[0]: mpibind: 
0: mpibind: task   0 nths  3 gpus 0 cpus 1-4
0: mpibind: task   1 nths  3 gpus 1 cpus 5-7,9
0: mpibind: task   2 nths  3 gpus 2 cpus 10-13
0: mpibind: task   3 nths  3 gpus 3 cpus 14-15,17
0: mpibind: task   4 nths  3 gpus 4 cpus 18-20
0: mpibind: task   5 nths  3 gpus 5 cpus 21-23
0: mpibind: task   6 nths  3 gpus 6 cpus 25-28
0: mpibind: task   7 nths  3 gpus 7 cpus 29-31,33
0: mpibind: task   8 nths  3 gpus 8 cpus 34-37
0: mpibind: task   9 nths  3 gpus 9 cpus 38-39,41
0: mpibind: task  10 nths  3 gpus 10 cpus 42-44
0: mpibind: task  11 nths  3 gpus 11 cpus 45-47
0: mpibind: task  12 nths  3 gpus 12 cpus 49-52
0: mpibind: task  13 nths  3 gpus 13 cpus 53-55,57
0: mpibind: task  14 nths  3 gpus 14 cpus 58-61
0: mpibind: task  15 nths  3 gpus 15 cpus 62-63,65
0: mpibind: task  16 nths  3 gpus 16 cpus 66-68
0: mpibind: task  17 nths  3 gpus 17 cpus 69-71
0: mpibind: task  18 nths  3 gpus 18 cpus 73-76
0: mpibind: task  19 nths  3 gpus 19 cpus 77-79,81
0: mpibind: task  20 nths  3 gpus 20 cpus 82-85
0: mpibind: task  21 nths  3 gpus 21 cpus 86-87,89
0: mpibind: task  22 nths  3 gpus 22 cpus 90-92
0: mpibind: task  23 nths  3 gpus 23 cpus 93-95
0: 0.113s: flux-shell[1]: mpibind: 
0: mpibind: task   0 nths  3 gpus 0 cpus 1-4
0: mpibind: task   1 nths  3 gpus 1 cpus 5-7,9
0: mpibind: task   2 nths  3 gpus 2 cpus 10-13
0: mpibind: task   3 nths  3 gpus 3 cpus 14-15,17
0: mpibind: task   4 nths  3 gpus 4 cpus 18-20
0: mpibind: task   5 nths  3 gpus 5 cpus 21-23
0: mpibind: task   6 nths  3 gpus 6 cpus 25-28
0: mpibind: task   7 nths  3 gpus 7 cpus 29-31,33
0: mpibind: task   8 nths  3 gpus 8 cpus 34-37
0: mpibind: task   9 nths  3 gpus 9 cpus 38-39,41
0: mpibind: task  10 nths  3 gpus 10 cpus 42-44
0: mpibind: task  11 nths  3 gpus 11 cpus 45-47
0: mpibind: task  12 nths  3 gpus 12 cpus 49-52
0: mpibind: task  13 nths  3 gpus 13 cpus 53-55,57
0: mpibind: task  14 nths  3 gpus 14 cpus 58-61
0: mpibind: task  15 nths  3 gpus 15 cpus 62-63,65
0: mpibind: task  16 nths  3 gpus 16 cpus 66-68
0: mpibind: task  17 nths  3 gpus 17 cpus 69-71
0: mpibind: task  18 nths  3 gpus 18 cpus 73-76
0: mpibind: task  19 nths  3 gpus 19 cpus 77-79,81
0: mpibind: task  20 nths  3 gpus 20 cpus 82-85
0: mpibind: task  21 nths  3 gpus 21 cpus 86-87,89
0: mpibind: task  22 nths  3 gpus 22 cpus 90-92
0: mpibind: task  23 nths  3 gpus 23 cpus 93-95
0: 0.133s: flux-shell[30]: mpibind: 
0: mpibind: task   0 nths  3 gpus 0 cpus 1-4
0: mpibind: task   1 nths  3 gpus 1 cpus 5-7,9
0: mpibind: task   2 nths  3 gpus 2 cpus 10-13
0: mpibind: task   3 nths  3 gpus 3 cpus 14-15,17
0: mpibind: task   4 nths  3 gpus 4 cpus 18-20
0: mpibind: task   5 nths  3 gpus 5 cpus 21-23
0: mpibind: task   6 nths  3 gpus 6 cpus 25-28
0: mpibind: task   7 nths  3 gpus 7 cpus 29-31,33
0: mpibind: task   8 nths  3 gpus 8 cpus 34-37
0: mpibind: task   9 nths  3 gpus 9 cpus 38-39,41
0: mpibind: task  10 nths  3 gpus 10 cpus 42-44
0: mpibind: task  11 nths  3 gpus 11 cpus 45-47
0: mpibind: task  12 nths  3 gpus 12 cpus 49-52
0: mpibind: task  13 nths  3 gpus 13 cpus 53-55,57
0: mpibind: task  14 nths  3 gpus 14 cpus 58-61
0: mpibind: task  15 nths  3 gpus 15 cpus 62-63,65
0: mpibind: task  16 nths  3 gpus 16 cpus 66-68
0: mpibind: task  17 nths  3 gpus 17 cpus 69-71
0: mpibind: task  18 nths  3 gpus 18 cpus 73-76
0: mpibind: task  19 nths  3 gpus 19 cpus 77-79,81
0: mpibind: task  20 nths  3 gpus 20 cpus 82-85
0: mpibind: task  21 nths  3 gpus 21 cpus 86-87,89
0: mpibind: task  22 nths  3 gpus 22 cpus 90-92
0: mpibind: task  23 nths  3 gpus 23 cpus 93-95
0: 0.121s: flux-shell[2]: mpibind: 
0: mpibind: task   0 nths  3 gpus 0 cpus 1-4
0: mpibind: task   1 nths  3 gpus 1 cpus 5-7,9
0: mpibind: task   2 nths  3 gpus 2 cpus 10-13
0: mpibind: task   3 nths  3 gpus 3 cpus 14-15,17
0: mpibind: task   4 nths  3 gpus 4 cpus 18-20
0: mpibind: task   5 nths  3 gpus 5 cpus 21-23
0: mpibind: task   6 nths  3 gpus 6 cpus 25-28
0: mpibind: task   7 nths  3 gpus 7 cpus 29-31,33
0: mpibind: task   8 nths  3 gpus 8 cpus 34-37
0: mpibind: task   9 nths  3 gpus 9 cpus 38-39,41
0: mpibind: task  10 nths  3 gpus 10 cpus 42-44
0: mpibind: task  11 nths  3 gpus 11 cpus 45-47
0: mpibind: task  12 nths  3 gpus 12 cpus 49-52
0: mpibind: task  13 nths  3 gpus 13 cpus 53-55,57
0: mpibind: task  14 nths  3 gpus 14 cpus 58-61
0: mpibind: task  15 nths  3 gpus 15 cpus 62-63,65
0: mpibind: task  16 nths  3 gpus 16 cpus 66-68
0: mpibind: task  17 nths  3 gpus 17 cpus 69-71
0: mpibind: task  18 nths  3 gpus 18 cpus 73-76
0: mpibind: task  19 nths  3 gpus 19 cpus 77-79,81
0: mpibind: task  20 nths  3 gpus 20 cpus 82-85
0: mpibind: task  21 nths  3 gpus 21 cpus 86-87,89
0: mpibind: task  22 nths  3 gpus 22 cpus 90-92
0: mpibind: task  23 nths  3 gpus 23 cpus 93-95
0: 0.115s: flux-shell[3]: mpibind: 
0: mpibind: task   0 nths  3 gpus 0 cpus 1-4
0: mpibind: task   1 nths  3 gpus 1 cpus 5-7,9
0: mpibind: task   2 nths  3 gpus 2 cpus 10-13
0: mpibind: task   3 nths  3 gpus 3 cpus 14-15,17
0: mpibind: task   4 nths  3 gpus 4 cpus 18-20
0: mpibind: task   5 nths  3 gpus 5 cpus 21-23
0: mpibind: task   6 nths  3 gpus 6 cpus 25-28
0: mpibind: task   7 nths  3 gpus 7 cpus 29-31,33
0: mpibind: task   8 nths  3 gpus 8 cpus 34-37
0: mpibind: task   9 nths  3 gpus 9 cpus 38-39,41
0: mpibind: task  10 nths  3 gpus 10 cpus 42-44
0: mpibind: task  11 nths  3 gpus 11 cpus 45-47
0: mpibind: task  12 nths  3 gpus 12 cpus 49-52
0: mpibind: task  13 nths  3 gpus 13 cpus 53-55,57
0: mpibind: task  14 nths  3 gpus 14 cpus 58-61
0: mpibind: task  15 nths  3 gpus 15 cpus 62-63,65
0: mpibind: task  16 nths  3 gpus 16 cpus 66-68
0: mpibind: task  17 nths  3 gpus 17 cpus 69-71
0: mpibind: task  18 nths  3 gpus 18 cpus 73-76
0: mpibind: task  19 nths  3 gpus 19 cpus 77-79,81
0: mpibind: task  20 nths  3 gpus 20 cpus 82-85
0: mpibind: task  21 nths  3 gpus 21 cpus 86-87,89
0: mpibind: task  22 nths  3 gpus 22 cpus 90-92
0: mpibind: task  23 nths  3 gpus 23 cpus 93-95
0: 0.115s: flux-shell[4]: mpibind: 
0: mpibind: task   0 nths  3 gpus 0 cpus 1-4
0: mpibind: task   1 nths  3 gpus 1 cpus 5-7,9
0: mpibind: task   2 nths  3 gpus 2 cpus 10-13
0: mpibind: task   3 nths  3 gpus 3 cpus 14-15,17
0: mpibind: task   4 nths  3 gpus 4 cpus 18-20
0: mpibind: task   5 nths  3 gpus 5 cpus 21-23
0: mpibind: task   6 nths  3 gpus 6 cpus 25-28
0: mpibind: task   7 nths  3 gpus 7 cpus 29-31,33
0: mpibind: task   8 nths  3 gpus 8 cpus 34-37
0: mpibind: task   9 nths  3 gpus 9 cpus 38-39,41
0: mpibind: task  10 nths  3 gpus 10 cpus 42-44
0: mpibind: task  11 nths  3 gpus 11 cpus 45-47
0: mpibind: task  12 nths  3 gpus 12 cpus 49-52
0: mpibind: task  13 nths  3 gpus 13 cpus 53-55,57
0: mpibind: task  14 nths  3 gpus 14 cpus 58-61
0: mpibind: task  15 nths  3 gpus 15 cpus 62-63,65
0: mpibind: task  16 nths  3 gpus 16 cpus 66-68
0: mpibind: task  17 nths  3 gpus 17 cpus 69-71
0: mpibind: task  18 nths  3 gpus 18 cpus 73-76
0: mpibind: task  19 nths  3 gpus 19 cpus 77-79,81
0: mpibind: task  20 nths  3 gpus 20 cpus 82-85
0: mpibind: task  21 nths  3 gpus 21 cpus 86-87,89
0: mpibind: task  22 nths  3 gpus 22 cpus 90-92
0: mpibind: task  23 nths  3 gpus 23 cpus 93-95
0: 0.123s: flux-shell[5]: mpibind: 
0: mpibind: task   0 nths  3 gpus 0 cpus 1-4
0: mpibind: task   1 nths  3 gpus 1 cpus 5-7,9
0: mpibind: task   2 nths  3 gpus 2 cpus 10-13
0: mpibind: task   3 nths  3 gpus 3 cpus 14-15,17
0: mpibind: task   4 nths  3 gpus 4 cpus 18-20
0: mpibind: task   5 nths  3 gpus 5 cpus 21-23
0: mpibind: task   6 nths  3 gpus 6 cpus 25-28
0: mpibind: task   7 nths  3 gpus 7 cpus 29-31,33
0: mpibind: task   8 nths  3 gpus 8 cpus 34-37
0: mpibind: task   9 nths  3 gpus 9 cpus 38-39,41
0: mpibind: task  10 nths  3 gpus 10 cpus 42-44
0: mpibind: task  11 nths  3 gpus 11 cpus 45-47
0: mpibind: task  12 nths  3 gpus 12 cpus 49-52
0: mpibind: task  13 nths  3 gpus 13 cpus 53-55,57
0: mpibind: task  14 nths  3 gpus 14 cpus 58-61
0: mpibind: task  15 nths  3 gpus 15 cpus 62-63,65
0: mpibind: task  16 nths  3 gpus 16 cpus 66-68
0: mpibind: task  17 nths  3 gpus 17 cpus 69-71
0: mpibind: task  18 nths  3 gpus 18 cpus 73-76
0: mpibind: task  19 nths  3 gpus 19 cpus 77-79,81
0: mpibind: task  20 nths  3 gpus 20 cpus 82-85
0: mpibind: task  21 nths  3 gpus 21 cpus 86-87,89
0: mpibind: task  22 nths  3 gpus 22 cpus 90-92
0: mpibind: task  23 nths  3 gpus 23 cpus 93-95
0: 0.116s: flux-shell[6]: mpibind: 
0: mpibind: task   0 nths  3 gpus 0 cpus 1-4
0: mpibind: task   1 nths  3 gpus 1 cpus 5-7,9
0: mpibind: task   2 nths  3 gpus 2 cpus 10-13
0: mpibind: task   3 nths  3 gpus 3 cpus 14-15,17
0: mpibind: task   4 nths  3 gpus 4 cpus 18-20
0: mpibind: task   5 nths  3 gpus 5 cpus 21-23
0: mpibind: task   6 nths  3 gpus 6 cpus 25-28
0: mpibind: task   7 nths  3 gpus 7 cpus 29-31,33
0: mpibind: task   8 nths  3 gpus 8 cpus 34-37
0: mpibind: task   9 nths  3 gpus 9 cpus 38-39,41
0: mpibind: task  10 nths  3 gpus 10 cpus 42-44
0: mpibind: task  11 nths  3 gpus 11 cpus 45-47
0: mpibind: task  12 nths  3 gpus 12 cpus 49-52
0: mpibind: task  13 nths  3 gpus 13 cpus 53-55,57
0: mpibind: task  14 nths  3 gpus 14 cpus 58-61
0: mpibind: task  15 nths  3 gpus 15 cpus 62-63,65
0: mpibind: task  16 nths  3 gpus 16 cpus 66-68
0: mpibind: task  17 nths  3 gpus 17 cpus 69-71
0: mpibind: task  18 nths  3 gpus 18 cpus 73-76
0: mpibind: task  19 nths  3 gpus 19 cpus 77-79,81
0: mpibind: task  20 nths  3 gpus 20 cpus 82-85
0: mpibind: task  21 nths  3 gpus 21 cpus 86-87,89
0: mpibind: task  22 nths  3 gpus 22 cpus 90-92
0: mpibind: task  23 nths  3 gpus 23 cpus 93-95
0: 0.116s: flux-shell[7]: mpibind: 
0: mpibind: task   0 nths  3 gpus 0 cpus 1-4
0: mpibind: task   1 nths  3 gpus 1 cpus 5-7,9
0: mpibind: task   2 nths  3 gpus 2 cpus 10-13
0: mpibind: task   3 nths  3 gpus 3 cpus 14-15,17
0: mpibind: task   4 nths  3 gpus 4 cpus 18-20
0: mpibind: task   5 nths  3 gpus 5 cpus 21-23
0: mpibind: task   6 nths  3 gpus 6 cpus 25-28
0: mpibind: task   7 nths  3 gpus 7 cpus 29-31,33
0: mpibind: task   8 nths  3 gpus 8 cpus 34-37
0: mpibind: task   9 nths  3 gpus 9 cpus 38-39,41
0: mpibind: task  10 nths  3 gpus 10 cpus 42-44
0: mpibind: task  11 nths  3 gpus 11 cpus 45-47
0: mpibind: task  12 nths  3 gpus 12 cpus 49-52
0: mpibind: task  13 nths  3 gpus 13 cpus 53-55,57
0: mpibind: task  14 nths  3 gpus 14 cpus 58-61
0: mpibind: task  15 nths  3 gpus 15 cpus 62-63,65
0: mpibind: task  16 nths  3 gpus 16 cpus 66-68
0: mpibind: task  17 nths  3 gpus 17 cpus 69-71
0: mpibind: task  18 nths  3 gpus 18 cpus 73-76
0: mpibind: task  19 nths  3 gpus 19 cpus 77-79,81
0: mpibind: task  20 nths  3 gpus 20 cpus 82-85
0: mpibind: task  21 nths  3 gpus 21 cpus 86-87,89
0: mpibind: task  22 nths  3 gpus 22 cpus 90-92
0: mpibind: task  23 nths  3 gpus 23 cpus 93-95
0: 0.113s: flux-shell[8]: mpibind: 
0: mpibind: task   0 nths  3 gpus 0 cpus 1-4
0: mpibind: task   1 nths  3 gpus 1 cpus 5-7,9
0: mpibind: task   2 nths  3 gpus 2 cpus 10-13
0: mpibind: task   3 nths  3 gpus 3 cpus 14-15,17
0: mpibind: task   4 nths  3 gpus 4 cpus 18-20
0: mpibind: task   5 nths  3 gpus 5 cpus 21-23
0: mpibind: task   6 nths  3 gpus 6 cpus 25-28
0: mpibind: task   7 nths  3 gpus 7 cpus 29-31,33
0: mpibind: task   8 nths  3 gpus 8 cpus 34-37
0: mpibind: task   9 nths  3 gpus 9 cpus 38-39,41
0: mpibind: task  10 nths  3 gpus 10 cpus 42-44
0: mpibind: task  11 nths  3 gpus 11 cpus 45-47
0: mpibind: task  12 nths  3 gpus 12 cpus 49-52
0: mpibind: task  13 nths  3 gpus 13 cpus 53-55,57
0: mpibind: task  14 nths  3 gpus 14 cpus 58-61
0: mpibind: task  15 nths  3 gpus 15 cpus 62-63,65
0: mpibind: task  16 nths  3 gpus 16 cpus 66-68
0: mpibind: task  17 nths  3 gpus 17 cpus 69-71
0: mpibind: task  18 nths  3 gpus 18 cpus 73-76
0: mpibind: task  19 nths  3 gpus 19 cpus 77-79,81
0: mpibind: task  20 nths  3 gpus 20 cpus 82-85
0: mpibind: task  21 nths  3 gpus 21 cpus 86-87,89
0: mpibind: task  22 nths  3 gpus 22 cpus 90-92
0: mpibind: task  23 nths  3 gpus 23 cpus 93-95
0: 0.123s: flux-shell[9]: mpibind: 
0: mpibind: task   0 nths  3 gpus 0 cpus 1-4
0: mpibind: task   1 nths  3 gpus 1 cpus 5-7,9
0: mpibind: task   2 nths  3 gpus 2 cpus 10-13
0: mpibind: task   3 nths  3 gpus 3 cpus 14-15,17
0: mpibind: task   4 nths  3 gpus 4 cpus 18-20
0: mpibind: task   5 nths  3 gpus 5 cpus 21-23
0: mpibind: task   6 nths  3 gpus 6 cpus 25-28
0: mpibind: task   7 nths  3 gpus 7 cpus 29-31,33
0: mpibind: task   8 nths  3 gpus 8 cpus 34-37
0: mpibind: task   9 nths  3 gpus 9 cpus 38-39,41
0: mpibind: task  10 nths  3 gpus 10 cpus 42-44
0: mpibind: task  11 nths  3 gpus 11 cpus 45-47
0: mpibind: task  12 nths  3 gpus 12 cpus 49-52
0: mpibind: task  13 nths  3 gpus 13 cpus 53-55,57
0: mpibind: task  14 nths  3 gpus 14 cpus 58-61
0: mpibind: task  15 nths  3 gpus 15 cpus 62-63,65
0: mpibind: task  16 nths  3 gpus 16 cpus 66-68
0: mpibind: task  17 nths  3 gpus 17 cpus 69-71
0: mpibind: task  18 nths  3 gpus 18 cpus 73-76
0: mpibind: task  19 nths  3 gpus 19 cpus 77-79,81
0: mpibind: task  20 nths  3 gpus 20 cpus 82-85
0: mpibind: task  21 nths  3 gpus 21 cpus 86-87,89
0: mpibind: task  22 nths  3 gpus 22 cpus 90-92
0: mpibind: task  23 nths  3 gpus 23 cpus 93-95
0: 0.117s: flux-shell[10]: mpibind: 
0: mpibind: task   0 nths  3 gpus 0 cpus 1-4
0: mpibind: task   1 nths  3 gpus 1 cpus 5-7,9
0: mpibind: task   2 nths  3 gpus 2 cpus 10-13
0: mpibind: task   3 nths  3 gpus 3 cpus 14-15,17
0: mpibind: task   4 nths  3 gpus 4 cpus 18-20
0: mpibind: task   5 nths  3 gpus 5 cpus 21-23
0: mpibind: task   6 nths  3 gpus 6 cpus 25-28
0: mpibind: task   7 nths  3 gpus 7 cpus 29-31,33
0: mpibind: task   8 nths  3 gpus 8 cpus 34-37
0: mpibind: task   9 nths  3 gpus 9 cpus 38-39,41
0: mpibind: task  10 nths  3 gpus 10 cpus 42-44
0: mpibind: task  11 nths  3 gpus 11 cpus 45-47
0: mpibind: task  12 nths  3 gpus 12 cpus 49-52
0: mpibind: task  13 nths  3 gpus 13 cpus 53-55,57
0: mpibind: task  14 nths  3 gpus 14 cpus 58-61
0: mpibind: task  15 nths  3 gpus 15 cpus 62-63,65
0: mpibind: task  16 nths  3 gpus 16 cpus 66-68
0: mpibind: task  17 nths  3 gpus 17 cpus 69-71
0: mpibind: task  18 nths  3 gpus 18 cpus 73-76
0: mpibind: task  19 nths  3 gpus 19 cpus 77-79,81
0: mpibind: task  20 nths  3 gpus 20 cpus 82-85
0: mpibind: task  21 nths  3 gpus 21 cpus 86-87,89
0: mpibind: task  22 nths  3 gpus 22 cpus 90-92
0: mpibind: task  23 nths  3 gpus 23 cpus 93-95
0: 0.124s: flux-shell[11]: mpibind: 
0: mpibind: task   0 nths  3 gpus 0 cpus 1-4
0: mpibind: task   1 nths  3 gpus 1 cpus 5-7,9
0: mpibind: task   2 nths  3 gpus 2 cpus 10-13
0: mpibind: task   3 nths  3 gpus 3 cpus 14-15,17
0: mpibind: task   4 nths  3 gpus 4 cpus 18-20
0: mpibind: task   5 nths  3 gpus 5 cpus 21-23
0: mpibind: task   6 nths  3 gpus 6 cpus 25-28
0: mpibind: task   7 nths  3 gpus 7 cpus 29-31,33
0: mpibind: task   8 nths  3 gpus 8 cpus 34-37
0: mpibind: task   9 nths  3 gpus 9 cpus 38-39,41
0: mpibind: task  10 nths  3 gpus 10 cpus 42-44
0: mpibind: task  11 nths  3 gpus 11 cpus 45-47
0: mpibind: task  12 nths  3 gpus 12 cpus 49-52
0: mpibind: task  13 nths  3 gpus 13 cpus 53-55,57
0: mpibind: task  14 nths  3 gpus 14 cpus 58-61
0: mpibind: task  15 nths  3 gpus 15 cpus 62-63,65
0: mpibind: task  16 nths  3 gpus 16 cpus 66-68
0: mpibind: task  17 nths  3 gpus 17 cpus 69-71
0: mpibind: task  18 nths  3 gpus 18 cpus 73-76
0: mpibind: task  19 nths  3 gpus 19 cpus 77-79,81
0: mpibind: task  20 nths  3 gpus 20 cpus 82-85
0: mpibind: task  21 nths  3 gpus 21 cpus 86-87,89
0: mpibind: task  22 nths  3 gpus 22 cpus 90-92
0: mpibind: task  23 nths  3 gpus 23 cpus 93-95
0: 0.124s: flux-shell[12]: mpibind: 
0: mpibind: task   0 nths  3 gpus 0 cpus 1-4
0: mpibind: task   1 nths  3 gpus 1 cpus 5-7,9
0: mpibind: task   2 nths  3 gpus 2 cpus 10-13
0: mpibind: task   3 nths  3 gpus 3 cpus 14-15,17
0: mpibind: task   4 nths  3 gpus 4 cpus 18-20
0: mpibind: task   5 nths  3 gpus 5 cpus 21-23
0: mpibind: task   6 nths  3 gpus 6 cpus 25-28
0: mpibind: task   7 nths  3 gpus 7 cpus 29-31,33
0: mpibind: task   8 nths  3 gpus 8 cpus 34-37
0: mpibind: task   9 nths  3 gpus 9 cpus 38-39,41
0: mpibind: task  10 nths  3 gpus 10 cpus 42-44
0: mpibind: task  11 nths  3 gpus 11 cpus 45-47
0: mpibind: task  12 nths  3 gpus 12 cpus 49-52
0: mpibind: task  13 nths  3 gpus 13 cpus 53-55,57
0: mpibind: task  14 nths  3 gpus 14 cpus 58-61
0: mpibind: task  15 nths  3 gpus 15 cpus 62-63,65
0: mpibind: task  16 nths  3 gpus 16 cpus 66-68
0: mpibind: task  17 nths  3 gpus 17 cpus 69-71
0: mpibind: task  18 nths  3 gpus 18 cpus 73-76
0: mpibind: task  19 nths  3 gpus 19 cpus 77-79,81
0: mpibind: task  20 nths  3 gpus 20 cpus 82-85
0: mpibind: task  21 nths  3 gpus 21 cpus 86-87,89
0: mpibind: task  22 nths  3 gpus 22 cpus 90-92
0: mpibind: task  23 nths  3 gpus 23 cpus 93-95
0: 0.116s: flux-shell[13]: mpibind: 
0: mpibind: task   0 nths  3 gpus 0 cpus 1-4
0: mpibind: task   1 nths  3 gpus 1 cpus 5-7,9
0: mpibind: task   2 nths  3 gpus 2 cpus 10-13
0: mpibind: task   3 nths  3 gpus 3 cpus 14-15,17
0: mpibind: task   4 nths  3 gpus 4 cpus 18-20
0: mpibind: task   5 nths  3 gpus 5 cpus 21-23
0: mpibind: task   6 nths  3 gpus 6 cpus 25-28
0: mpibind: task   7 nths  3 gpus 7 cpus 29-31,33
0: mpibind: task   8 nths  3 gpus 8 cpus 34-37
0: mpibind: task   9 nths  3 gpus 9 cpus 38-39,41
0: mpibind: task  10 nths  3 gpus 10 cpus 42-44
0: mpibind: task  11 nths  3 gpus 11 cpus 45-47
0: mpibind: task  12 nths  3 gpus 12 cpus 49-52
0: mpibind: task  13 nths  3 gpus 13 cpus 53-55,57
0: mpibind: task  14 nths  3 gpus 14 cpus 58-61
0: mpibind: task  15 nths  3 gpus 15 cpus 62-63,65
0: mpibind: task  16 nths  3 gpus 16 cpus 66-68
0: mpibind: task  17 nths  3 gpus 17 cpus 69-71
0: mpibind: task  18 nths  3 gpus 18 cpus 73-76
0: mpibind: task  19 nths  3 gpus 19 cpus 77-79,81
0: mpibind: task  20 nths  3 gpus 20 cpus 82-85
0: mpibind: task  21 nths  3 gpus 21 cpus 86-87,89
0: mpibind: task  22 nths  3 gpus 22 cpus 90-92
0: mpibind: task  23 nths  3 gpus 23 cpus 93-95
0: 0.119s: flux-shell[14]: mpibind: 
0: mpibind: task   0 nths  3 gpus 0 cpus 1-4
0: mpibind: task   1 nths  3 gpus 1 cpus 5-7,9
0: mpibind: task   2 nths  3 gpus 2 cpus 10-13
0: mpibind: task   3 nths  3 gpus 3 cpus 14-15,17
0: mpibind: task   4 nths  3 gpus 4 cpus 18-20
0: mpibind: task   5 nths  3 gpus 5 cpus 21-23
0: mpibind: task   6 nths  3 gpus 6 cpus 25-28
0: mpibind: task   7 nths  3 gpus 7 cpus 29-31,33
0: mpibind: task   8 nths  3 gpus 8 cpus 34-37
0: mpibind: task   9 nths  3 gpus 9 cpus 38-39,41
0: mpibind: task  10 nths  3 gpus 10 cpus 42-44
0: mpibind: task  11 nths  3 gpus 11 cpus 45-47
0: mpibind: task  12 nths  3 gpus 12 cpus 49-52
0: mpibind: task  13 nths  3 gpus 13 cpus 53-55,57
0: mpibind: task  14 nths  3 gpus 14 cpus 58-61
0: mpibind: task  15 nths  3 gpus 15 cpus 62-63,65
0: mpibind: task  16 nths  3 gpus 16 cpus 66-68
0: mpibind: task  17 nths  3 gpus 17 cpus 69-71
0: mpibind: task  18 nths  3 gpus 18 cpus 73-76
0: mpibind: task  19 nths  3 gpus 19 cpus 77-79,81
0: mpibind: task  20 nths  3 gpus 20 cpus 82-85
0: mpibind: task  21 nths  3 gpus 21 cpus 86-87,89
0: mpibind: task  22 nths  3 gpus 22 cpus 90-92
0: mpibind: task  23 nths  3 gpus 23 cpus 93-95
0: 0.123s: flux-shell[15]: mpibind: 
0: mpibind: task   0 nths  3 gpus 0 cpus 1-4
0: mpibind: task   1 nths  3 gpus 1 cpus 5-7,9
0: mpibind: task   2 nths  3 gpus 2 cpus 10-13
0: mpibind: task   3 nths  3 gpus 3 cpus 14-15,17
0: mpibind: task   4 nths  3 gpus 4 cpus 18-20
0: mpibind: task   5 nths  3 gpus 5 cpus 21-23
0: mpibind: task   6 nths  3 gpus 6 cpus 25-28
0: mpibind: task   7 nths  3 gpus 7 cpus 29-31,33
0: mpibind: task   8 nths  3 gpus 8 cpus 34-37
0: mpibind: task   9 nths  3 gpus 9 cpus 38-39,41
0: mpibind: task  10 nths  3 gpus 10 cpus 42-44
0: mpibind: task  11 nths  3 gpus 11 cpus 45-47
0: mpibind: task  12 nths  3 gpus 12 cpus 49-52
0: mpibind: task  13 nths  3 gpus 13 cpus 53-55,57
0: mpibind: task  14 nths  3 gpus 14 cpus 58-61
0: mpibind: task  15 nths  3 gpus 15 cpus 62-63,65
0: mpibind: task  16 nths  3 gpus 16 cpus 66-68
0: mpibind: task  17 nths  3 gpus 17 cpus 69-71
0: mpibind: task  18 nths  3 gpus 18 cpus 73-76
0: mpibind: task  19 nths  3 gpus 19 cpus 77-79,81
0: mpibind: task  20 nths  3 gpus 20 cpus 82-85
0: mpibind: task  21 nths  3 gpus 21 cpus 86-87,89
0: mpibind: task  22 nths  3 gpus 22 cpus 90-92
0: mpibind: task  23 nths  3 gpus 23 cpus 93-95
0: 0.126s: flux-shell[16]: mpibind: 
0: mpibind: task   0 nths  3 gpus 0 cpus 1-4
0: mpibind: task   1 nths  3 gpus 1 cpus 5-7,9
0: mpibind: task   2 nths  3 gpus 2 cpus 10-13
0: mpibind: task   3 nths  3 gpus 3 cpus 14-15,17
0: mpibind: task   4 nths  3 gpus 4 cpus 18-20
0: mpibind: task   5 nths  3 gpus 5 cpus 21-23
0: mpibind: task   6 nths  3 gpus 6 cpus 25-28
0: mpibind: task   7 nths  3 gpus 7 cpus 29-31,33
0: mpibind: task   8 nths  3 gpus 8 cpus 34-37
0: mpibind: task   9 nths  3 gpus 9 cpus 38-39,41
0: mpibind: task  10 nths  3 gpus 10 cpus 42-44
0: mpibind: task  11 nths  3 gpus 11 cpus 45-47
0: mpibind: task  12 nths  3 gpus 12 cpus 49-52
0: mpibind: task  13 nths  3 gpus 13 cpus 53-55,57
0: mpibind: task  14 nths  3 gpus 14 cpus 58-61
0: mpibind: task  15 nths  3 gpus 15 cpus 62-63,65
0: mpibind: task  16 nths  3 gpus 16 cpus 66-68
0: mpibind: task  17 nths  3 gpus 17 cpus 69-71
0: mpibind: task  18 nths  3 gpus 18 cpus 73-76
0: mpibind: task  19 nths  3 gpus 19 cpus 77-79,81
0: mpibind: task  20 nths  3 gpus 20 cpus 82-85
0: mpibind: task  21 nths  3 gpus 21 cpus 86-87,89
0: mpibind: task  22 nths  3 gpus 22 cpus 90-92
0: mpibind: task  23 nths  3 gpus 23 cpus 93-95
0: 0.121s: flux-shell[17]: mpibind: 
0: mpibind: task   0 nths  3 gpus 0 cpus 1-4
0: mpibind: task   1 nths  3 gpus 1 cpus 5-7,9
0: mpibind: task   2 nths  3 gpus 2 cpus 10-13
0: mpibind: task   3 nths  3 gpus 3 cpus 14-15,17
0: mpibind: task   4 nths  3 gpus 4 cpus 18-20
0: mpibind: task   5 nths  3 gpus 5 cpus 21-23
0: mpibind: task   6 nths  3 gpus 6 cpus 25-28
0: mpibind: task   7 nths  3 gpus 7 cpus 29-31,33
0: mpibind: task   8 nths  3 gpus 8 cpus 34-37
0: mpibind: task   9 nths  3 gpus 9 cpus 38-39,41
0: mpibind: task  10 nths  3 gpus 10 cpus 42-44
0: mpibind: task  11 nths  3 gpus 11 cpus 45-47
0: mpibind: task  12 nths  3 gpus 12 cpus 49-52
0: mpibind: task  13 nths  3 gpus 13 cpus 53-55,57
0: mpibind: task  14 nths  3 gpus 14 cpus 58-61
0: mpibind: task  15 nths  3 gpus 15 cpus 62-63,65
0: mpibind: task  16 nths  3 gpus 16 cpus 66-68
0: mpibind: task  17 nths  3 gpus 17 cpus 69-71
0: mpibind: task  18 nths  3 gpus 18 cpus 73-76
0: mpibind: task  19 nths  3 gpus 19 cpus 77-79,81
0: mpibind: task  20 nths  3 gpus 20 cpus 82-85
0: mpibind: task  21 nths  3 gpus 21 cpus 86-87,89
0: mpibind: task  22 nths  3 gpus 22 cpus 90-92
0: mpibind: task  23 nths  3 gpus 23 cpus 93-95
0: 0.125s: flux-shell[18]: mpibind: 
0: mpibind: task   0 nths  3 gpus 0 cpus 1-4
0: mpibind: task   1 nths  3 gpus 1 cpus 5-7,9
0: mpibind: task   2 nths  3 gpus 2 cpus 10-13
0: mpibind: task   3 nths  3 gpus 3 cpus 14-15,17
0: mpibind: task   4 nths  3 gpus 4 cpus 18-20
0: mpibind: task   5 nths  3 gpus 5 cpus 21-23
0: mpibind: task   6 nths  3 gpus 6 cpus 25-28
0: mpibind: task   7 nths  3 gpus 7 cpus 29-31,33
0: mpibind: task   8 nths  3 gpus 8 cpus 34-37
0: mpibind: task   9 nths  3 gpus 9 cpus 38-39,41
0: mpibind: task  10 nths  3 gpus 10 cpus 42-44
0: mpibind: task  11 nths  3 gpus 11 cpus 45-47
0: mpibind: task  12 nths  3 gpus 12 cpus 49-52
0: mpibind: task  13 nths  3 gpus 13 cpus 53-55,57
0: mpibind: task  14 nths  3 gpus 14 cpus 58-61
0: mpibind: task  15 nths  3 gpus 15 cpus 62-63,65
0: mpibind: task  16 nths  3 gpus 16 cpus 66-68
0: mpibind: task  17 nths  3 gpus 17 cpus 69-71
0: mpibind: task  18 nths  3 gpus 18 cpus 73-76
0: mpibind: task  19 nths  3 gpus 19 cpus 77-79,81
0: mpibind: task  20 nths  3 gpus 20 cpus 82-85
0: mpibind: task  21 nths  3 gpus 21 cpus 86-87,89
0: mpibind: task  22 nths  3 gpus 22 cpus 90-92
0: mpibind: task  23 nths  3 gpus 23 cpus 93-95
0: 0.125s: flux-shell[19]: mpibind: 
0: mpibind: task   0 nths  3 gpus 0 cpus 1-4
0: mpibind: task   1 nths  3 gpus 1 cpus 5-7,9
0: mpibind: task   2 nths  3 gpus 2 cpus 10-13
0: mpibind: task   3 nths  3 gpus 3 cpus 14-15,17
0: mpibind: task   4 nths  3 gpus 4 cpus 18-20
0: mpibind: task   5 nths  3 gpus 5 cpus 21-23
0: mpibind: task   6 nths  3 gpus 6 cpus 25-28
0: mpibind: task   7 nths  3 gpus 7 cpus 29-31,33
0: mpibind: task   8 nths  3 gpus 8 cpus 34-37
0: mpibind: task   9 nths  3 gpus 9 cpus 38-39,41
0: mpibind: task  10 nths  3 gpus 10 cpus 42-44
0: mpibind: task  11 nths  3 gpus 11 cpus 45-47
0: mpibind: task  12 nths  3 gpus 12 cpus 49-52
0: mpibind: task  13 nths  3 gpus 13 cpus 53-55,57
0: mpibind: task  14 nths  3 gpus 14 cpus 58-61
0: mpibind: task  15 nths  3 gpus 15 cpus 62-63,65
0: mpibind: task  16 nths  3 gpus 16 cpus 66-68
0: mpibind: task  17 nths  3 gpus 17 cpus 69-71
0: mpibind: task  18 nths  3 gpus 18 cpus 73-76
0: mpibind: task  19 nths  3 gpus 19 cpus 77-79,81
0: mpibind: task  20 nths  3 gpus 20 cpus 82-85
0: mpibind: task  21 nths  3 gpus 21 cpus 86-87,89
0: mpibind: task  22 nths  3 gpus 22 cpus 90-92
0: mpibind: task  23 nths  3 gpus 23 cpus 93-95
0: 0.126s: flux-shell[20]: mpibind: 
0: mpibind: task   0 nths  3 gpus 0 cpus 1-4
0: mpibind: task   1 nths  3 gpus 1 cpus 5-7,9
0: mpibind: task   2 nths  3 gpus 2 cpus 10-13
0: mpibind: task   3 nths  3 gpus 3 cpus 14-15,17
0: mpibind: task   4 nths  3 gpus 4 cpus 18-20
0: mpibind: task   5 nths  3 gpus 5 cpus 21-23
0: mpibind: task   6 nths  3 gpus 6 cpus 25-28
0: mpibind: task   7 nths  3 gpus 7 cpus 29-31,33
0: mpibind: task   8 nths  3 gpus 8 cpus 34-37
0: mpibind: task   9 nths  3 gpus 9 cpus 38-39,41
0: mpibind: task  10 nths  3 gpus 10 cpus 42-44
0: mpibind: task  11 nths  3 gpus 11 cpus 45-47
0: mpibind: task  12 nths  3 gpus 12 cpus 49-52
0: mpibind: task  13 nths  3 gpus 13 cpus 53-55,57
0: mpibind: task  14 nths  3 gpus 14 cpus 58-61
0: mpibind: task  15 nths  3 gpus 15 cpus 62-63,65
0: mpibind: task  16 nths  3 gpus 16 cpus 66-68
0: mpibind: task  17 nths  3 gpus 17 cpus 69-71
0: mpibind: task  18 nths  3 gpus 18 cpus 73-76
0: mpibind: task  19 nths  3 gpus 19 cpus 77-79,81
0: mpibind: task  20 nths  3 gpus 20 cpus 82-85
0: mpibind: task  21 nths  3 gpus 21 cpus 86-87,89
0: mpibind: task  22 nths  3 gpus 22 cpus 90-92
0: mpibind: task  23 nths  3 gpus 23 cpus 93-95
0: 0.125s: flux-shell[21]: mpibind: 
0: mpibind: task   0 nths  3 gpus 0 cpus 1-4
0: mpibind: task   1 nths  3 gpus 1 cpus 5-7,9
0: mpibind: task   2 nths  3 gpus 2 cpus 10-13
0: mpibind: task   3 nths  3 gpus 3 cpus 14-15,17
0: mpibind: task   4 nths  3 gpus 4 cpus 18-20
0: mpibind: task   5 nths  3 gpus 5 cpus 21-23
0: mpibind: task   6 nths  3 gpus 6 cpus 25-28
0: mpibind: task   7 nths  3 gpus 7 cpus 29-31,33
0: mpibind: task   8 nths  3 gpus 8 cpus 34-37
0: mpibind: task   9 nths  3 gpus 9 cpus 38-39,41
0: mpibind: task  10 nths  3 gpus 10 cpus 42-44
0: mpibind: task  11 nths  3 gpus 11 cpus 45-47
0: mpibind: task  12 nths  3 gpus 12 cpus 49-52
0: mpibind: task  13 nths  3 gpus 13 cpus 53-55,57
0: mpibind: task  14 nths  3 gpus 14 cpus 58-61
0: mpibind: task  15 nths  3 gpus 15 cpus 62-63,65
0: mpibind: task  16 nths  3 gpus 16 cpus 66-68
0: mpibind: task  17 nths  3 gpus 17 cpus 69-71
0: mpibind: task  18 nths  3 gpus 18 cpus 73-76
0: mpibind: task  19 nths  3 gpus 19 cpus 77-79,81
0: mpibind: task  20 nths  3 gpus 20 cpus 82-85
0: mpibind: task  21 nths  3 gpus 21 cpus 86-87,89
0: mpibind: task  22 nths  3 gpus 22 cpus 90-92
0: mpibind: task  23 nths  3 gpus 23 cpus 93-95
0: 0.132s: flux-shell[29]: mpibind: 
0: mpibind: task   0 nths  3 gpus 0 cpus 1-4
0: mpibind: task   1 nths  3 gpus 1 cpus 5-7,9
0: mpibind: task   2 nths  3 gpus 2 cpus 10-13
0: mpibind: task   3 nths  3 gpus 3 cpus 14-15,17
0: mpibind: task   4 nths  3 gpus 4 cpus 18-20
0: mpibind: task   5 nths  3 gpus 5 cpus 21-23
0: mpibind: task   6 nths  3 gpus 6 cpus 25-28
0: mpibind: task   7 nths  3 gpus 7 cpus 29-31,33
0: mpibind: task   8 nths  3 gpus 8 cpus 34-37
0: mpibind: task   9 nths  3 gpus 9 cpus 38-39,41
0: mpibind: task  10 nths  3 gpus 10 cpus 42-44
0: mpibind: task  11 nths  3 gpus 11 cpus 45-47
0: mpibind: task  12 nths  3 gpus 12 cpus 49-52
0: mpibind: task  13 nths  3 gpus 13 cpus 53-55,57
0: mpibind: task  14 nths  3 gpus 14 cpus 58-61
0: mpibind: task  15 nths  3 gpus 15 cpus 62-63,65
0: mpibind: task  16 nths  3 gpus 16 cpus 66-68
0: mpibind: task  17 nths  3 gpus 17 cpus 69-71
0: mpibind: task  18 nths  3 gpus 18 cpus 73-76
0: mpibind: task  19 nths  3 gpus 19 cpus 77-79,81
0: mpibind: task  20 nths  3 gpus 20 cpus 82-85
0: mpibind: task  21 nths  3 gpus 21 cpus 86-87,89
0: mpibind: task  22 nths  3 gpus 22 cpus 90-92
0: mpibind: task  23 nths  3 gpus 23 cpus 93-95
0: 0.128s: flux-shell[28]: mpibind: 
0: mpibind: task   0 nths  3 gpus 0 cpus 1-4
0: mpibind: task   1 nths  3 gpus 1 cpus 5-7,9
0: mpibind: task   2 nths  3 gpus 2 cpus 10-13
0: mpibind: task   3 nths  3 gpus 3 cpus 14-15,17
0: mpibind: task   4 nths  3 gpus 4 cpus 18-20
0: mpibind: task   5 nths  3 gpus 5 cpus 21-23
0: mpibind: task   6 nths  3 gpus 6 cpus 25-28
0: mpibind: task   7 nths  3 gpus 7 cpus 29-31,33
0: mpibind: task   8 nths  3 gpus 8 cpus 34-37
0: mpibind: task   9 nths  3 gpus 9 cpus 38-39,41
0: mpibind: task  10 nths  3 gpus 10 cpus 42-44
0: mpibind: task  11 nths  3 gpus 11 cpus 45-47
0: mpibind: task  12 nths  3 gpus 12 cpus 49-52
0: mpibind: task  13 nths  3 gpus 13 cpus 53-55,57
0: mpibind: task  14 nths  3 gpus 14 cpus 58-61
0: mpibind: task  15 nths  3 gpus 15 cpus 62-63,65
0: mpibind: task  16 nths  3 gpus 16 cpus 66-68
0: mpibind: task  17 nths  3 gpus 17 cpus 69-71
0: mpibind: task  18 nths  3 gpus 18 cpus 73-76
0: mpibind: task  19 nths  3 gpus 19 cpus 77-79,81
0: mpibind: task  20 nths  3 gpus 20 cpus 82-85
0: mpibind: task  21 nths  3 gpus 21 cpus 86-87,89
0: mpibind: task  22 nths  3 gpus 22 cpus 90-92
0: mpibind: task  23 nths  3 gpus 23 cpus 93-95
0: 0.130s: flux-shell[24]: mpibind: 
0: mpibind: task   0 nths  3 gpus 0 cpus 1-4
0: mpibind: task   1 nths  3 gpus 1 cpus 5-7,9
0: mpibind: task   2 nths  3 gpus 2 cpus 10-13
0: mpibind: task   3 nths  3 gpus 3 cpus 14-15,17
0: mpibind: task   4 nths  3 gpus 4 cpus 18-20
0: mpibind: task   5 nths  3 gpus 5 cpus 21-23
0: mpibind: task   6 nths  3 gpus 6 cpus 25-28
0: mpibind: task   7 nths  3 gpus 7 cpus 29-31,33
0: mpibind: task   8 nths  3 gpus 8 cpus 34-37
0: mpibind: task   9 nths  3 gpus 9 cpus 38-39,41
0: mpibind: task  10 nths  3 gpus 10 cpus 42-44
0: mpibind: task  11 nths  3 gpus 11 cpus 45-47
0: mpibind: task  12 nths  3 gpus 12 cpus 49-52
0: mpibind: task  13 nths  3 gpus 13 cpus 53-55,57
0: mpibind: task  14 nths  3 gpus 14 cpus 58-61
0: mpibind: task  15 nths  3 gpus 15 cpus 62-63,65
0: mpibind: task  16 nths  3 gpus 16 cpus 66-68
0: mpibind: task  17 nths  3 gpus 17 cpus 69-71
0: mpibind: task  18 nths  3 gpus 18 cpus 73-76
0: mpibind: task  19 nths  3 gpus 19 cpus 77-79,81
0: mpibind: task  20 nths  3 gpus 20 cpus 82-85
0: mpibind: task  21 nths  3 gpus 21 cpus 86-87,89
0: mpibind: task  22 nths  3 gpus 22 cpus 90-92
0: mpibind: task  23 nths  3 gpus 23 cpus 93-95
0: 0.132s: flux-shell[25]: mpibind: 
0: mpibind: task   0 nths  3 gpus 0 cpus 1-4
0: mpibind: task   1 nths  3 gpus 1 cpus 5-7,9
0: mpibind: task   2 nths  3 gpus 2 cpus 10-13
0: mpibind: task   3 nths  3 gpus 3 cpus 14-15,17
0: mpibind: task   4 nths  3 gpus 4 cpus 18-20
0: mpibind: task   5 nths  3 gpus 5 cpus 21-23
0: mpibind: task   6 nths  3 gpus 6 cpus 25-28
0: mpibind: task   7 nths  3 gpus 7 cpus 29-31,33
0: mpibind: task   8 nths  3 gpus 8 cpus 34-37
0: mpibind: task   9 nths  3 gpus 9 cpus 38-39,41
0: mpibind: task  10 nths  3 gpus 10 cpus 42-44
0: mpibind: task  11 nths  3 gpus 11 cpus 45-47
0: mpibind: task  12 nths  3 gpus 12 cpus 49-52
0: mpibind: task  13 nths  3 gpus 13 cpus 53-55,57
0: mpibind: task  14 nths  3 gpus 14 cpus 58-61
0: mpibind: task  15 nths  3 gpus 15 cpus 62-63,65
0: mpibind: task  16 nths  3 gpus 16 cpus 66-68
0: mpibind: task  17 nths  3 gpus 17 cpus 69-71
0: mpibind: task  18 nths  3 gpus 18 cpus 73-76
0: mpibind: task  19 nths  3 gpus 19 cpus 77-79,81
0: mpibind: task  20 nths  3 gpus 20 cpus 82-85
0: mpibind: task  21 nths  3 gpus 21 cpus 86-87,89
0: mpibind: task  22 nths  3 gpus 22 cpus 90-92
0: mpibind: task  23 nths  3 gpus 23 cpus 93-95
0: 0.132s: flux-shell[26]: mpibind: 
0: mpibind: task   0 nths  3 gpus 0 cpus 1-4
0: mpibind: task   1 nths  3 gpus 1 cpus 5-7,9
0: mpibind: task   2 nths  3 gpus 2 cpus 10-13
0: mpibind: task   3 nths  3 gpus 3 cpus 14-15,17
0: mpibind: task   4 nths  3 gpus 4 cpus 18-20
0: mpibind: task   5 nths  3 gpus 5 cpus 21-23
0: mpibind: task   6 nths  3 gpus 6 cpus 25-28
0: mpibind: task   7 nths  3 gpus 7 cpus 29-31,33
0: mpibind: task   8 nths  3 gpus 8 cpus 34-37
0: mpibind: task   9 nths  3 gpus 9 cpus 38-39,41
0: mpibind: task  10 nths  3 gpus 10 cpus 42-44
0: mpibind: task  11 nths  3 gpus 11 cpus 45-47
0: mpibind: task  12 nths  3 gpus 12 cpus 49-52
0: mpibind: task  13 nths  3 gpus 13 cpus 53-55,57
0: mpibind: task  14 nths  3 gpus 14 cpus 58-61
0: mpibind: task  15 nths  3 gpus 15 cpus 62-63,65
0: mpibind: task  16 nths  3 gpus 16 cpus 66-68
0: mpibind: task  17 nths  3 gpus 17 cpus 69-71
0: mpibind: task  18 nths  3 gpus 18 cpus 73-76
0: mpibind: task  19 nths  3 gpus 19 cpus 77-79,81
0: mpibind: task  20 nths  3 gpus 20 cpus 82-85
0: mpibind: task  21 nths  3 gpus 21 cpus 86-87,89
0: mpibind: task  22 nths  3 gpus 22 cpus 90-92
0: mpibind: task  23 nths  3 gpus 23 cpus 93-95
0: 0.133s: flux-shell[27]: mpibind: 
0: mpibind: task   0 nths  3 gpus 0 cpus 1-4
0: mpibind: task   1 nths  3 gpus 1 cpus 5-7,9
0: mpibind: task   2 nths  3 gpus 2 cpus 10-13
0: mpibind: task   3 nths  3 gpus 3 cpus 14-15,17
0: mpibind: task   4 nths  3 gpus 4 cpus 18-20
0: mpibind: task   5 nths  3 gpus 5 cpus 21-23
0: mpibind: task   6 nths  3 gpus 6 cpus 25-28
0: mpibind: task   7 nths  3 gpus 7 cpus 29-31,33
0: mpibind: task   8 nths  3 gpus 8 cpus 34-37
0: mpibind: task   9 nths  3 gpus 9 cpus 38-39,41
0: mpibind: task  10 nths  3 gpus 10 cpus 42-44
0: mpibind: task  11 nths  3 gpus 11 cpus 45-47
0: mpibind: task  12 nths  3 gpus 12 cpus 49-52
0: mpibind: task  13 nths  3 gpus 13 cpus 53-55,57
0: mpibind: task  14 nths  3 gpus 14 cpus 58-61
0: mpibind: task  15 nths  3 gpus 15 cpus 62-63,65
0: mpibind: task  16 nths  3 gpus 16 cpus 66-68
0: mpibind: task  17 nths  3 gpus 17 cpus 69-71
0: mpibind: task  18 nths  3 gpus 18 cpus 73-76
0: mpibind: task  19 nths  3 gpus 19 cpus 77-79,81
0: mpibind: task  20 nths  3 gpus 20 cpus 82-85
0: mpibind: task  21 nths  3 gpus 21 cpus 86-87,89
0: mpibind: task  22 nths  3 gpus 22 cpus 90-92
0: mpibind: task  23 nths  3 gpus 23 cpus 93-95
0: 0.128s: flux-shell[31]: mpibind: 
0: mpibind: task   0 nths  3 gpus 0 cpus 1-4
0: mpibind: task   1 nths  3 gpus 1 cpus 5-7,9
0: mpibind: task   2 nths  3 gpus 2 cpus 10-13
0: mpibind: task   3 nths  3 gpus 3 cpus 14-15,17
0: mpibind: task   4 nths  3 gpus 4 cpus 18-20
0: mpibind: task   5 nths  3 gpus 5 cpus 21-23
0: mpibind: task   6 nths  3 gpus 6 cpus 25-28
0: mpibind: task   7 nths  3 gpus 7 cpus 29-31,33
0: mpibind: task   8 nths  3 gpus 8 cpus 34-37
0: mpibind: task   9 nths  3 gpus 9 cpus 38-39,41
0: mpibind: task  10 nths  3 gpus 10 cpus 42-44
0: mpibind: task  11 nths  3 gpus 11 cpus 45-47
0: mpibind: task  12 nths  3 gpus 12 cpus 49-52
0: mpibind: task  13 nths  3 gpus 13 cpus 53-55,57
0: mpibind: task  14 nths  3 gpus 14 cpus 58-61
0: mpibind: task  15 nths  3 gpus 15 cpus 62-63,65
0: mpibind: task  16 nths  3 gpus 16 cpus 66-68
0: mpibind: task  17 nths  3 gpus 17 cpus 69-71
0: mpibind: task  18 nths  3 gpus 18 cpus 73-76
0: mpibind: task  19 nths  3 gpus 19 cpus 77-79,81
0: mpibind: task  20 nths  3 gpus 20 cpus 82-85
0: mpibind: task  21 nths  3 gpus 21 cpus 86-87,89
0: mpibind: task  22 nths  3 gpus 22 cpus 90-92
0: mpibind: task  23 nths  3 gpus 23 cpus 93-95
0: 0.122s: flux-shell[23]: mpibind: 
0: mpibind: task   0 nths  3 gpus 0 cpus 1-4
0: mpibind: task   1 nths  3 gpus 1 cpus 5-7,9
0: mpibind: task   2 nths  3 gpus 2 cpus 10-13
0: mpibind: task   3 nths  3 gpus 3 cpus 14-15,17
0: mpibind: task   4 nths  3 gpus 4 cpus 18-20
0: mpibind: task   5 nths  3 gpus 5 cpus 21-23
0: mpibind: task   6 nths  3 gpus 6 cpus 25-28
0: mpibind: task   7 nths  3 gpus 7 cpus 29-31,33
0: mpibind: task   8 nths  3 gpus 8 cpus 34-37
0: mpibind: task   9 nths  3 gpus 9 cpus 38-39,41
0: mpibind: task  10 nths  3 gpus 10 cpus 42-44
0: mpibind: task  11 nths  3 gpus 11 cpus 45-47
0: mpibind: task  12 nths  3 gpus 12 cpus 49-52
0: mpibind: task  13 nths  3 gpus 13 cpus 53-55,57
0: mpibind: task  14 nths  3 gpus 14 cpus 58-61
0: mpibind: task  15 nths  3 gpus 15 cpus 62-63,65
0: mpibind: task  16 nths  3 gpus 16 cpus 66-68
0: mpibind: task  17 nths  3 gpus 17 cpus 69-71
0: mpibind: task  18 nths  3 gpus 18 cpus 73-76
0: mpibind: task  19 nths  3 gpus 19 cpus 77-79,81
0: mpibind: task  20 nths  3 gpus 20 cpus 82-85
0: mpibind: task  21 nths  3 gpus 21 cpus 86-87,89
0: mpibind: task  22 nths  3 gpus 22 cpus 90-92
0: mpibind: task  23 nths  3 gpus 23 cpus 93-95
0: 0.133s: flux-shell[22]: mpibind: 
0: mpibind: task   0 nths  3 gpus 0 cpus 1-4
0: mpibind: task   1 nths  3 gpus 1 cpus 5-7,9
0: mpibind: task   2 nths  3 gpus 2 cpus 10-13
0: mpibind: task   3 nths  3 gpus 3 cpus 14-15,17
0: mpibind: task   4 nths  3 gpus 4 cpus 18-20
0: mpibind: task   5 nths  3 gpus 5 cpus 21-23
0: mpibind: task   6 nths  3 gpus 6 cpus 25-28
0: mpibind: task   7 nths  3 gpus 7 cpus 29-31,33
0: mpibind: task   8 nths  3 gpus 8 cpus 34-37
0: mpibind: task   9 nths  3 gpus 9 cpus 38-39,41
0: mpibind: task  10 nths  3 gpus 10 cpus 42-44
0: mpibind: task  11 nths  3 gpus 11 cpus 45-47
0: mpibind: task  12 nths  3 gpus 12 cpus 49-52
0: mpibind: task  13 nths  3 gpus 13 cpus 53-55,57
0: mpibind: task  14 nths  3 gpus 14 cpus 58-61
0: mpibind: task  15 nths  3 gpus 15 cpus 62-63,65
0: mpibind: task  16 nths  3 gpus 16 cpus 66-68
0: mpibind: task  17 nths  3 gpus 17 cpus 69-71
0: mpibind: task  18 nths  3 gpus 18 cpus 73-76
0: mpibind: task  19 nths  3 gpus 19 cpus 77-79,81
0: mpibind: task  20 nths  3 gpus 20 cpus 82-85
0: mpibind: task  21 nths  3 gpus 21 cpus 86-87,89
0: mpibind: task  22 nths  3 gpus 22 cpus 90-92
0: mpibind: task  23 nths  3 gpus 23 cpus 93-95
0: jobid: foCoYpQP
0: 0.117s: flux-shell[0]: mpibind: 
0: mpibind: task   0 nths  3 gpus 0 cpus 1-4
0: mpibind: task   1 nths  3 gpus 1 cpus 5-7,9
0: mpibind: task   2 nths  3 gpus 2 cpus 10-13
0: mpibind: task   3 nths  3 gpus 3 cpus 14-15,17
0: mpibind: task   4 nths  3 gpus 4 cpus 18-20
0: mpibind: task   5 nths  3 gpus 5 cpus 21-23
0: mpibind: task   6 nths  3 gpus 6 cpus 25-28
0: mpibind: task   7 nths  3 gpus 7 cpus 29-31,33
0: mpibind: task   8 nths  3 gpus 8 cpus 34-37
0: mpibind: task   9 nths  3 gpus 9 cpus 38-39,41
0: mpibind: task  10 nths  3 gpus 10 cpus 42-44
0: mpibind: task  11 nths  3 gpus 11 cpus 45-47
0: mpibind: task  12 nths  3 gpus 12 cpus 49-52
0: mpibind: task  13 nths  3 gpus 13 cpus 53-55,57
0: mpibind: task  14 nths  3 gpus 14 cpus 58-61
0: mpibind: task  15 nths  3 gpus 15 cpus 62-63,65
0: mpibind: task  16 nths  3 gpus 16 cpus 66-68
0: mpibind: task  17 nths  3 gpus 17 cpus 69-71
0: mpibind: task  18 nths  3 gpus 18 cpus 73-76
0: mpibind: task  19 nths  3 gpus 19 cpus 77-79,81
0: mpibind: task  20 nths  3 gpus 20 cpus 82-85
0: mpibind: task  21 nths  3 gpus 21 cpus 86-87,89
0: mpibind: task  22 nths  3 gpus 22 cpus 90-92
0: mpibind: task  23 nths  3 gpus 23 cpus 93-95
0: 0.125s: flux-shell[1]: mpibind: 
0: mpibind: task   0 nths  3 gpus 0 cpus 1-4
0: mpibind: task   1 nths  3 gpus 1 cpus 5-7,9
0: mpibind: task   2 nths  3 gpus 2 cpus 10-13
0: mpibind: task   3 nths  3 gpus 3 cpus 14-15,17
0: mpibind: task   4 nths  3 gpus 4 cpus 18-20
0: mpibind: task   5 nths  3 gpus 5 cpus 21-23
0: mpibind: task   6 nths  3 gpus 6 cpus 25-28
0: mpibind: task   7 nths  3 gpus 7 cpus 29-31,33
0: mpibind: task   8 nths  3 gpus 8 cpus 34-37
0: mpibind: task   9 nths  3 gpus 9 cpus 38-39,41
0: mpibind: task  10 nths  3 gpus 10 cpus 42-44
0: mpibind: task  11 nths  3 gpus 11 cpus 45-47
0: mpibind: task  12 nths  3 gpus 12 cpus 49-52
0: mpibind: task  13 nths  3 gpus 13 cpus 53-55,57
0: mpibind: task  14 nths  3 gpus 14 cpus 58-61
0: mpibind: task  15 nths  3 gpus 15 cpus 62-63,65
0: mpibind: task  16 nths  3 gpus 16 cpus 66-68
0: mpibind: task  17 nths  3 gpus 17 cpus 69-71
0: mpibind: task  18 nths  3 gpus 18 cpus 73-76
0: mpibind: task  19 nths  3 gpus 19 cpus 77-79,81
0: mpibind: task  20 nths  3 gpus 20 cpus 82-85
0: mpibind: task  21 nths  3 gpus 21 cpus 86-87,89
0: mpibind: task  22 nths  3 gpus 22 cpus 90-92
0: mpibind: task  23 nths  3 gpus 23 cpus 93-95
0: 0.137s: flux-shell[2]: mpibind: 
0: mpibind: task   0 nths  3 gpus 0 cpus 1-4
0: mpibind: task   1 nths  3 gpus 1 cpus 5-7,9
0: mpibind: task   2 nths  3 gpus 2 cpus 10-13
0: mpibind: task   3 nths  3 gpus 3 cpus 14-15,17
0: mpibind: task   4 nths  3 gpus 4 cpus 18-20
0: mpibind: task   5 nths  3 gpus 5 cpus 21-23
0: mpibind: task   6 nths  3 gpus 6 cpus 25-28
0: mpibind: task   7 nths  3 gpus 7 cpus 29-31,33
0: mpibind: task   8 nths  3 gpus 8 cpus 34-37
0: mpibind: task   9 nths  3 gpus 9 cpus 38-39,41
0: mpibind: task  10 nths  3 gpus 10 cpus 42-44
0: mpibind: task  11 nths  3 gpus 11 cpus 45-47
0: mpibind: task  12 nths  3 gpus 12 cpus 49-52
0: mpibind: task  13 nths  3 gpus 13 cpus 53-55,57
0: mpibind: task  14 nths  3 gpus 14 cpus 58-61
0: mpibind: task  15 nths  3 gpus 15 cpus 62-63,65
0: mpibind: task  16 nths  3 gpus 16 cpus 66-68
0: mpibind: task  17 nths  3 gpus 17 cpus 69-71
0: mpibind: task  18 nths  3 gpus 18 cpus 73-76
0: mpibind: task  19 nths  3 gpus 19 cpus 77-79,81
0: mpibind: task  20 nths  3 gpus 20 cpus 82-85
0: mpibind: task  21 nths  3 gpus 21 cpus 86-87,89
0: mpibind: task  22 nths  3 gpus 22 cpus 90-92
0: mpibind: task  23 nths  3 gpus 23 cpus 93-95
0: 0.129s: flux-shell[4]: mpibind: 
0: mpibind: task   0 nths  3 gpus 0 cpus 1-4
0: mpibind: task   1 nths  3 gpus 1 cpus 5-7,9
0: mpibind: task   2 nths  3 gpus 2 cpus 10-13
0: mpibind: task   3 nths  3 gpus 3 cpus 14-15,17
0: mpibind: task   4 nths  3 gpus 4 cpus 18-20
0: mpibind: task   5 nths  3 gpus 5 cpus 21-23
0: mpibind: task   6 nths  3 gpus 6 cpus 25-28
0: mpibind: task   7 nths  3 gpus 7 cpus 29-31,33
0: mpibind: task   8 nths  3 gpus 8 cpus 34-37
0: mpibind: task   9 nths  3 gpus 9 cpus 38-39,41
0: mpibind: task  10 nths  3 gpus 10 cpus 42-44
0: mpibind: task  11 nths  3 gpus 11 cpus 45-47
0: mpibind: task  12 nths  3 gpus 12 cpus 49-52
0: mpibind: task  13 nths  3 gpus 13 cpus 53-55,57
0: mpibind: task  14 nths  3 gpus 14 cpus 58-61
0: mpibind: task  15 nths  3 gpus 15 cpus 62-63,65
0: mpibind: task  16 nths  3 gpus 16 cpus 66-68
0: mpibind: task  17 nths  3 gpus 17 cpus 69-71
0: mpibind: task  18 nths  3 gpus 18 cpus 73-76
0: mpibind: task  19 nths  3 gpus 19 cpus 77-79,81
0: mpibind: task  20 nths  3 gpus 20 cpus 82-85
0: mpibind: task  21 nths  3 gpus 21 cpus 86-87,89
0: mpibind: task  22 nths  3 gpus 22 cpus 90-92
0: mpibind: task  23 nths  3 gpus 23 cpus 93-95
0: 0.130s: flux-shell[3]: mpibind: 
0: mpibind: task   0 nths  3 gpus 0 cpus 1-4
0: mpibind: task   1 nths  3 gpus 1 cpus 5-7,9
0: mpibind: task   2 nths  3 gpus 2 cpus 10-13
0: mpibind: task   3 nths  3 gpus 3 cpus 14-15,17
0: mpibind: task   4 nths  3 gpus 4 cpus 18-20
0: mpibind: task   5 nths  3 gpus 5 cpus 21-23
0: mpibind: task   6 nths  3 gpus 6 cpus 25-28
0: mpibind: task   7 nths  3 gpus 7 cpus 29-31,33
0: mpibind: task   8 nths  3 gpus 8 cpus 34-37
0: mpibind: task   9 nths  3 gpus 9 cpus 38-39,41
0: mpibind: task  10 nths  3 gpus 10 cpus 42-44
0: mpibind: task  11 nths  3 gpus 11 cpus 45-47
0: mpibind: task  12 nths  3 gpus 12 cpus 49-52
0: mpibind: task  13 nths  3 gpus 13 cpus 53-55,57
0: mpibind: task  14 nths  3 gpus 14 cpus 58-61
0: mpibind: task  15 nths  3 gpus 15 cpus 62-63,65
0: mpibind: task  16 nths  3 gpus 16 cpus 66-68
0: mpibind: task  17 nths  3 gpus 17 cpus 69-71
0: mpibind: task  18 nths  3 gpus 18 cpus 73-76
0: mpibind: task  19 nths  3 gpus 19 cpus 77-79,81
0: mpibind: task  20 nths  3 gpus 20 cpus 82-85
0: mpibind: task  21 nths  3 gpus 21 cpus 86-87,89
0: mpibind: task  22 nths  3 gpus 22 cpus 90-92
0: mpibind: task  23 nths  3 gpus 23 cpus 93-95
0: 0.134s: flux-shell[5]: mpibind: 
0: mpibind: task   0 nths  3 gpus 0 cpus 1-4
0: mpibind: task   1 nths  3 gpus 1 cpus 5-7,9
0: mpibind: task   2 nths  3 gpus 2 cpus 10-13
0: mpibind: task   3 nths  3 gpus 3 cpus 14-15,17
0: mpibind: task   4 nths  3 gpus 4 cpus 18-20
0: mpibind: task   5 nths  3 gpus 5 cpus 21-23
0: mpibind: task   6 nths  3 gpus 6 cpus 25-28
0: mpibind: task   7 nths  3 gpus 7 cpus 29-31,33
0: mpibind: task   8 nths  3 gpus 8 cpus 34-37
0: mpibind: task   9 nths  3 gpus 9 cpus 38-39,41
0: mpibind: task  10 nths  3 gpus 10 cpus 42-44
0: mpibind: task  11 nths  3 gpus 11 cpus 45-47
0: mpibind: task  12 nths  3 gpus 12 cpus 49-52
0: mpibind: task  13 nths  3 gpus 13 cpus 53-55,57
0: mpibind: task  14 nths  3 gpus 14 cpus 58-61
0: mpibind: task  15 nths  3 gpus 15 cpus 62-63,65
0: mpibind: task  16 nths  3 gpus 16 cpus 66-68
0: mpibind: task  17 nths  3 gpus 17 cpus 69-71
0: mpibind: task  18 nths  3 gpus 18 cpus 73-76
0: mpibind: task  19 nths  3 gpus 19 cpus 77-79,81
0: mpibind: task  20 nths  3 gpus 20 cpus 82-85
0: mpibind: task  21 nths  3 gpus 21 cpus 86-87,89
0: mpibind: task  22 nths  3 gpus 22 cpus 90-92
0: mpibind: task  23 nths  3 gpus 23 cpus 93-95
0: 0.122s: flux-shell[7]: mpibind: 
0: mpibind: task   0 nths  3 gpus 0 cpus 1-4
0: mpibind: task   1 nths  3 gpus 1 cpus 5-7,9
0: mpibind: task   2 nths  3 gpus 2 cpus 10-13
0: mpibind: task   3 nths  3 gpus 3 cpus 14-15,17
0: mpibind: task   4 nths  3 gpus 4 cpus 18-20
0: mpibind: task   5 nths  3 gpus 5 cpus 21-23
0: mpibind: task   6 nths  3 gpus 6 cpus 25-28
0: mpibind: task   7 nths  3 gpus 7 cpus 29-31,33
0: mpibind: task   8 nths  3 gpus 8 cpus 34-37
0: mpibind: task   9 nths  3 gpus 9 cpus 38-39,41
0: mpibind: task  10 nths  3 gpus 10 cpus 42-44
0: mpibind: task  11 nths  3 gpus 11 cpus 45-47
0: mpibind: task  12 nths  3 gpus 12 cpus 49-52
0: mpibind: task  13 nths  3 gpus 13 cpus 53-55,57
0: mpibind: task  14 nths  3 gpus 14 cpus 58-61
0: mpibind: task  15 nths  3 gpus 15 cpus 62-63,65
0: mpibind: task  16 nths  3 gpus 16 cpus 66-68
0: mpibind: task  17 nths  3 gpus 17 cpus 69-71
0: mpibind: task  18 nths  3 gpus 18 cpus 73-76
0: mpibind: task  19 nths  3 gpus 19 cpus 77-79,81
0: mpibind: task  20 nths  3 gpus 20 cpus 82-85
0: mpibind: task  21 nths  3 gpus 21 cpus 86-87,89
0: mpibind: task  22 nths  3 gpus 22 cpus 90-92
0: mpibind: task  23 nths  3 gpus 23 cpus 93-95
0: 0.131s: flux-shell[6]: mpibind: 
0: mpibind: task   0 nths  3 gpus 0 cpus 1-4
0: mpibind: task   1 nths  3 gpus 1 cpus 5-7,9
0: mpibind: task   2 nths  3 gpus 2 cpus 10-13
0: mpibind: task   3 nths  3 gpus 3 cpus 14-15,17
0: mpibind: task   4 nths  3 gpus 4 cpus 18-20
0: mpibind: task   5 nths  3 gpus 5 cpus 21-23
0: mpibind: task   6 nths  3 gpus 6 cpus 25-28
0: mpibind: task   7 nths  3 gpus 7 cpus 29-31,33
0: mpibind: task   8 nths  3 gpus 8 cpus 34-37
0: mpibind: task   9 nths  3 gpus 9 cpus 38-39,41
0: mpibind: task  10 nths  3 gpus 10 cpus 42-44
0: mpibind: task  11 nths  3 gpus 11 cpus 45-47
0: mpibind: task  12 nths  3 gpus 12 cpus 49-52
0: mpibind: task  13 nths  3 gpus 13 cpus 53-55,57
0: mpibind: task  14 nths  3 gpus 14 cpus 58-61
0: mpibind: task  15 nths  3 gpus 15 cpus 62-63,65
0: mpibind: task  16 nths  3 gpus 16 cpus 66-68
0: mpibind: task  17 nths  3 gpus 17 cpus 69-71
0: mpibind: task  18 nths  3 gpus 18 cpus 73-76
0: mpibind: task  19 nths  3 gpus 19 cpus 77-79,81
0: mpibind: task  20 nths  3 gpus 20 cpus 82-85
0: mpibind: task  21 nths  3 gpus 21 cpus 86-87,89
0: mpibind: task  22 nths  3 gpus 22 cpus 90-92
0: mpibind: task  23 nths  3 gpus 23 cpus 93-95
0: 0.129s: flux-shell[8]: mpibind: 
0: mpibind: task   0 nths  3 gpus 0 cpus 1-4
0: mpibind: task   1 nths  3 gpus 1 cpus 5-7,9
0: mpibind: task   2 nths  3 gpus 2 cpus 10-13
0: mpibind: task   3 nths  3 gpus 3 cpus 14-15,17
0: mpibind: task   4 nths  3 gpus 4 cpus 18-20
0: mpibind: task   5 nths  3 gpus 5 cpus 21-23
0: mpibind: task   6 nths  3 gpus 6 cpus 25-28
0: mpibind: task   7 nths  3 gpus 7 cpus 29-31,33
0: mpibind: task   8 nths  3 gpus 8 cpus 34-37
0: mpibind: task   9 nths  3 gpus 9 cpus 38-39,41
0: mpibind: task  10 nths  3 gpus 10 cpus 42-44
0: mpibind: task  11 nths  3 gpus 11 cpus 45-47
0: mpibind: task  12 nths  3 gpus 12 cpus 49-52
0: mpibind: task  13 nths  3 gpus 13 cpus 53-55,57
0: mpibind: task  14 nths  3 gpus 14 cpus 58-61
0: mpibind: task  15 nths  3 gpus 15 cpus 62-63,65
0: mpibind: task  16 nths  3 gpus 16 cpus 66-68
0: mpibind: task  17 nths  3 gpus 17 cpus 69-71
0: mpibind: task  18 nths  3 gpus 18 cpus 73-76
0: mpibind: task  19 nths  3 gpus 19 cpus 77-79,81
0: mpibind: task  20 nths  3 gpus 20 cpus 82-85
0: mpibind: task  21 nths  3 gpus 21 cpus 86-87,89
0: mpibind: task  22 nths  3 gpus 22 cpus 90-92
0: mpibind: task  23 nths  3 gpus 23 cpus 93-95
0: 0.132s: flux-shell[9]: mpibind: 
0: mpibind: task   0 nths  3 gpus 0 cpus 1-4
0: mpibind: task   1 nths  3 gpus 1 cpus 5-7,9
0: mpibind: task   2 nths  3 gpus 2 cpus 10-13
0: mpibind: task   3 nths  3 gpus 3 cpus 14-15,17
0: mpibind: task   4 nths  3 gpus 4 cpus 18-20
0: mpibind: task   5 nths  3 gpus 5 cpus 21-23
0: mpibind: task   6 nths  3 gpus 6 cpus 25-28
0: mpibind: task   7 nths  3 gpus 7 cpus 29-31,33
0: mpibind: task   8 nths  3 gpus 8 cpus 34-37
0: mpibind: task   9 nths  3 gpus 9 cpus 38-39,41
0: mpibind: task  10 nths  3 gpus 10 cpus 42-44
0: mpibind: task  11 nths  3 gpus 11 cpus 45-47
0: mpibind: task  12 nths  3 gpus 12 cpus 49-52
0: mpibind: task  13 nths  3 gpus 13 cpus 53-55,57
0: mpibind: task  14 nths  3 gpus 14 cpus 58-61
0: mpibind: task  15 nths  3 gpus 15 cpus 62-63,65
0: mpibind: task  16 nths  3 gpus 16 cpus 66-68
0: mpibind: task  17 nths  3 gpus 17 cpus 69-71
0: mpibind: task  18 nths  3 gpus 18 cpus 73-76
0: mpibind: task  19 nths  3 gpus 19 cpus 77-79,81
0: mpibind: task  20 nths  3 gpus 20 cpus 82-85
0: mpibind: task  21 nths  3 gpus 21 cpus 86-87,89
0: mpibind: task  22 nths  3 gpus 22 cpus 90-92
0: mpibind: task  23 nths  3 gpus 23 cpus 93-95
0: 0.128s: flux-shell[11]: mpibind: 
0: mpibind: task   0 nths  3 gpus 0 cpus 1-4
0: mpibind: task   1 nths  3 gpus 1 cpus 5-7,9
0: mpibind: task   2 nths  3 gpus 2 cpus 10-13
0: mpibind: task   3 nths  3 gpus 3 cpus 14-15,17
0: mpibind: task   4 nths  3 gpus 4 cpus 18-20
0: mpibind: task   5 nths  3 gpus 5 cpus 21-23
0: mpibind: task   6 nths  3 gpus 6 cpus 25-28
0: mpibind: task   7 nths  3 gpus 7 cpus 29-31,33
0: mpibind: task   8 nths  3 gpus 8 cpus 34-37
0: mpibind: task   9 nths  3 gpus 9 cpus 38-39,41
0: mpibind: task  10 nths  3 gpus 10 cpus 42-44
0: mpibind: task  11 nths  3 gpus 11 cpus 45-47
0: mpibind: task  12 nths  3 gpus 12 cpus 49-52
0: mpibind: task  13 nths  3 gpus 13 cpus 53-55,57
0: mpibind: task  14 nths  3 gpus 14 cpus 58-61
0: mpibind: task  15 nths  3 gpus 15 cpus 62-63,65
0: mpibind: task  16 nths  3 gpus 16 cpus 66-68
0: mpibind: task  17 nths  3 gpus 17 cpus 69-71
0: mpibind: task  18 nths  3 gpus 18 cpus 73-76
0: mpibind: task  19 nths  3 gpus 19 cpus 77-79,81
0: mpibind: task  20 nths  3 gpus 20 cpus 82-85
0: mpibind: task  21 nths  3 gpus 21 cpus 86-87,89
0: mpibind: task  22 nths  3 gpus 22 cpus 90-92
0: mpibind: task  23 nths  3 gpus 23 cpus 93-95
0: 0.128s: flux-shell[10]: mpibind: 
0: mpibind: task   0 nths  3 gpus 0 cpus 1-4
0: mpibind: task   1 nths  3 gpus 1 cpus 5-7,9
0: mpibind: task   2 nths  3 gpus 2 cpus 10-13
0: mpibind: task   3 nths  3 gpus 3 cpus 14-15,17
0: mpibind: task   4 nths  3 gpus 4 cpus 18-20
0: mpibind: task   5 nths  3 gpus 5 cpus 21-23
0: mpibind: task   6 nths  3 gpus 6 cpus 25-28
0: mpibind: task   7 nths  3 gpus 7 cpus 29-31,33
0: mpibind: task   8 nths  3 gpus 8 cpus 34-37
0: mpibind: task   9 nths  3 gpus 9 cpus 38-39,41
0: mpibind: task  10 nths  3 gpus 10 cpus 42-44
0: mpibind: task  11 nths  3 gpus 11 cpus 45-47
0: mpibind: task  12 nths  3 gpus 12 cpus 49-52
0: mpibind: task  13 nths  3 gpus 13 cpus 53-55,57
0: mpibind: task  14 nths  3 gpus 14 cpus 58-61
0: mpibind: task  15 nths  3 gpus 15 cpus 62-63,65
0: mpibind: task  16 nths  3 gpus 16 cpus 66-68
0: mpibind: task  17 nths  3 gpus 17 cpus 69-71
0: mpibind: task  18 nths  3 gpus 18 cpus 73-76
0: mpibind: task  19 nths  3 gpus 19 cpus 77-79,81
0: mpibind: task  20 nths  3 gpus 20 cpus 82-85
0: mpibind: task  21 nths  3 gpus 21 cpus 86-87,89
0: mpibind: task  22 nths  3 gpus 22 cpus 90-92
0: mpibind: task  23 nths  3 gpus 23 cpus 93-95
0: 0.141s: flux-shell[12]: mpibind: 
0: mpibind: task   0 nths  3 gpus 0 cpus 1-4
0: mpibind: task   1 nths  3 gpus 1 cpus 5-7,9
0: mpibind: task   2 nths  3 gpus 2 cpus 10-13
0: mpibind: task   3 nths  3 gpus 3 cpus 14-15,17
0: mpibind: task   4 nths  3 gpus 4 cpus 18-20
0: mpibind: task   5 nths  3 gpus 5 cpus 21-23
0: mpibind: task   6 nths  3 gpus 6 cpus 25-28
0: mpibind: task   7 nths  3 gpus 7 cpus 29-31,33
0: mpibind: task   8 nths  3 gpus 8 cpus 34-37
0: mpibind: task   9 nths  3 gpus 9 cpus 38-39,41
0: mpibind: task  10 nths  3 gpus 10 cpus 42-44
0: mpibind: task  11 nths  3 gpus 11 cpus 45-47
0: mpibind: task  12 nths  3 gpus 12 cpus 49-52
0: mpibind: task  13 nths  3 gpus 13 cpus 53-55,57
0: mpibind: task  14 nths  3 gpus 14 cpus 58-61
0: mpibind: task  15 nths  3 gpus 15 cpus 62-63,65
0: mpibind: task  16 nths  3 gpus 16 cpus 66-68
0: mpibind: task  17 nths  3 gpus 17 cpus 69-71
0: mpibind: task  18 nths  3 gpus 18 cpus 73-76
0: mpibind: task  19 nths  3 gpus 19 cpus 77-79,81
0: mpibind: task  20 nths  3 gpus 20 cpus 82-85
0: mpibind: task  21 nths  3 gpus 21 cpus 86-87,89
0: mpibind: task  22 nths  3 gpus 22 cpus 90-92
0: mpibind: task  23 nths  3 gpus 23 cpus 93-95
0: 0.125s: flux-shell[13]: mpibind: 
0: mpibind: task   0 nths  3 gpus 0 cpus 1-4
0: mpibind: task   1 nths  3 gpus 1 cpus 5-7,9
0: mpibind: task   2 nths  3 gpus 2 cpus 10-13
0: mpibind: task   3 nths  3 gpus 3 cpus 14-15,17
0: mpibind: task   4 nths  3 gpus 4 cpus 18-20
0: mpibind: task   5 nths  3 gpus 5 cpus 21-23
0: mpibind: task   6 nths  3 gpus 6 cpus 25-28
0: mpibind: task   7 nths  3 gpus 7 cpus 29-31,33
0: mpibind: task   8 nths  3 gpus 8 cpus 34-37
0: mpibind: task   9 nths  3 gpus 9 cpus 38-39,41
0: mpibind: task  10 nths  3 gpus 10 cpus 42-44
0: mpibind: task  11 nths  3 gpus 11 cpus 45-47
0: mpibind: task  12 nths  3 gpus 12 cpus 49-52
0: mpibind: task  13 nths  3 gpus 13 cpus 53-55,57
0: mpibind: task  14 nths  3 gpus 14 cpus 58-61
0: mpibind: task  15 nths  3 gpus 15 cpus 62-63,65
0: mpibind: task  16 nths  3 gpus 16 cpus 66-68
0: mpibind: task  17 nths  3 gpus 17 cpus 69-71
0: mpibind: task  18 nths  3 gpus 18 cpus 73-76
0: mpibind: task  19 nths  3 gpus 19 cpus 77-79,81
0: mpibind: task  20 nths  3 gpus 20 cpus 82-85
0: mpibind: task  21 nths  3 gpus 21 cpus 86-87,89
0: mpibind: task  22 nths  3 gpus 22 cpus 90-92
0: mpibind: task  23 nths  3 gpus 23 cpus 93-95
0: 0.136s: flux-shell[14]: mpibind: 
0: mpibind: task   0 nths  3 gpus 0 cpus 1-4
0: mpibind: task   1 nths  3 gpus 1 cpus 5-7,9
0: mpibind: task   2 nths  3 gpus 2 cpus 10-13
0: mpibind: task   3 nths  3 gpus 3 cpus 14-15,17
0: mpibind: task   4 nths  3 gpus 4 cpus 18-20
0: mpibind: task   5 nths  3 gpus 5 cpus 21-23
0: mpibind: task   6 nths  3 gpus 6 cpus 25-28
0: mpibind: task   7 nths  3 gpus 7 cpus 29-31,33
0: mpibind: task   8 nths  3 gpus 8 cpus 34-37
0: mpibind: task   9 nths  3 gpus 9 cpus 38-39,41
0: mpibind: task  10 nths  3 gpus 10 cpus 42-44
0: mpibind: task  11 nths  3 gpus 11 cpus 45-47
0: mpibind: task  12 nths  3 gpus 12 cpus 49-52
0: mpibind: task  13 nths  3 gpus 13 cpus 53-55,57
0: mpibind: task  14 nths  3 gpus 14 cpus 58-61
0: mpibind: task  15 nths  3 gpus 15 cpus 62-63,65
0: mpibind: task  16 nths  3 gpus 16 cpus 66-68
0: mpibind: task  17 nths  3 gpus 17 cpus 69-71
0: mpibind: task  18 nths  3 gpus 18 cpus 73-76
0: mpibind: task  19 nths  3 gpus 19 cpus 77-79,81
0: mpibind: task  20 nths  3 gpus 20 cpus 82-85
0: mpibind: task  21 nths  3 gpus 21 cpus 86-87,89
0: mpibind: task  22 nths  3 gpus 22 cpus 90-92
0: mpibind: task  23 nths  3 gpus 23 cpus 93-95
0: 0.133s: flux-shell[15]: mpibind: 
0: mpibind: task   0 nths  3 gpus 0 cpus 1-4
0: mpibind: task   1 nths  3 gpus 1 cpus 5-7,9
0: mpibind: task   2 nths  3 gpus 2 cpus 10-13
0: mpibind: task   3 nths  3 gpus 3 cpus 14-15,17
0: mpibind: task   4 nths  3 gpus 4 cpus 18-20
0: mpibind: task   5 nths  3 gpus 5 cpus 21-23
0: mpibind: task   6 nths  3 gpus 6 cpus 25-28
0: mpibind: task   7 nths  3 gpus 7 cpus 29-31,33
0: mpibind: task   8 nths  3 gpus 8 cpus 34-37
0: mpibind: task   9 nths  3 gpus 9 cpus 38-39,41
0: mpibind: task  10 nths  3 gpus 10 cpus 42-44
0: mpibind: task  11 nths  3 gpus 11 cpus 45-47
0: mpibind: task  12 nths  3 gpus 12 cpus 49-52
0: mpibind: task  13 nths  3 gpus 13 cpus 53-55,57
0: mpibind: task  14 nths  3 gpus 14 cpus 58-61
0: mpibind: task  15 nths  3 gpus 15 cpus 62-63,65
0: mpibind: task  16 nths  3 gpus 16 cpus 66-68
0: mpibind: task  17 nths  3 gpus 17 cpus 69-71
0: mpibind: task  18 nths  3 gpus 18 cpus 73-76
0: mpibind: task  19 nths  3 gpus 19 cpus 77-79,81
0: mpibind: task  20 nths  3 gpus 20 cpus 82-85
0: mpibind: task  21 nths  3 gpus 21 cpus 86-87,89
0: mpibind: task  22 nths  3 gpus 22 cpus 90-92
0: mpibind: task  23 nths  3 gpus 23 cpus 93-95
0: 0.141s: flux-shell[16]: mpibind: 
0: mpibind: task   0 nths  3 gpus 0 cpus 1-4
0: mpibind: task   1 nths  3 gpus 1 cpus 5-7,9
0: mpibind: task   2 nths  3 gpus 2 cpus 10-13
0: mpibind: task   3 nths  3 gpus 3 cpus 14-15,17
0: mpibind: task   4 nths  3 gpus 4 cpus 18-20
0: mpibind: task   5 nths  3 gpus 5 cpus 21-23
0: mpibind: task   6 nths  3 gpus 6 cpus 25-28
0: mpibind: task   7 nths  3 gpus 7 cpus 29-31,33
0: mpibind: task   8 nths  3 gpus 8 cpus 34-37
0: mpibind: task   9 nths  3 gpus 9 cpus 38-39,41
0: mpibind: task  10 nths  3 gpus 10 cpus 42-44
0: mpibind: task  11 nths  3 gpus 11 cpus 45-47
0: mpibind: task  12 nths  3 gpus 12 cpus 49-52
0: mpibind: task  13 nths  3 gpus 13 cpus 53-55,57
0: mpibind: task  14 nths  3 gpus 14 cpus 58-61
0: mpibind: task  15 nths  3 gpus 15 cpus 62-63,65
0: mpibind: task  16 nths  3 gpus 16 cpus 66-68
0: mpibind: task  17 nths  3 gpus 17 cpus 69-71
0: mpibind: task  18 nths  3 gpus 18 cpus 73-76
0: mpibind: task  19 nths  3 gpus 19 cpus 77-79,81
0: mpibind: task  20 nths  3 gpus 20 cpus 82-85
0: mpibind: task  21 nths  3 gpus 21 cpus 86-87,89
0: mpibind: task  22 nths  3 gpus 22 cpus 90-92
0: mpibind: task  23 nths  3 gpus 23 cpus 93-95
0: 0.138s: flux-shell[18]: mpibind: 
0: mpibind: task   0 nths  3 gpus 0 cpus 1-4
0: mpibind: task   1 nths  3 gpus 1 cpus 5-7,9
0: mpibind: task   2 nths  3 gpus 2 cpus 10-13
0: mpibind: task   3 nths  3 gpus 3 cpus 14-15,17
0: mpibind: task   4 nths  3 gpus 4 cpus 18-20
0: mpibind: task   5 nths  3 gpus 5 cpus 21-23
0: mpibind: task   6 nths  3 gpus 6 cpus 25-28
0: mpibind: task   7 nths  3 gpus 7 cpus 29-31,33
0: mpibind: task   8 nths  3 gpus 8 cpus 34-37
0: mpibind: task   9 nths  3 gpus 9 cpus 38-39,41
0: mpibind: task  10 nths  3 gpus 10 cpus 42-44
0: mpibind: task  11 nths  3 gpus 11 cpus 45-47
0: mpibind: task  12 nths  3 gpus 12 cpus 49-52
0: mpibind: task  13 nths  3 gpus 13 cpus 53-55,57
0: mpibind: task  14 nths  3 gpus 14 cpus 58-61
0: mpibind: task  15 nths  3 gpus 15 cpus 62-63,65
0: mpibind: task  16 nths  3 gpus 16 cpus 66-68
0: mpibind: task  17 nths  3 gpus 17 cpus 69-71
0: mpibind: task  18 nths  3 gpus 18 cpus 73-76
0: mpibind: task  19 nths  3 gpus 19 cpus 77-79,81
0: mpibind: task  20 nths  3 gpus 20 cpus 82-85
0: mpibind: task  21 nths  3 gpus 21 cpus 86-87,89
0: mpibind: task  22 nths  3 gpus 22 cpus 90-92
0: mpibind: task  23 nths  3 gpus 23 cpus 93-95
0: 0.133s: flux-shell[17]: mpibind: 
0: mpibind: task   0 nths  3 gpus 0 cpus 1-4
0: mpibind: task   1 nths  3 gpus 1 cpus 5-7,9
0: mpibind: task   2 nths  3 gpus 2 cpus 10-13
0: mpibind: task   3 nths  3 gpus 3 cpus 14-15,17
0: mpibind: task   4 nths  3 gpus 4 cpus 18-20
0: mpibind: task   5 nths  3 gpus 5 cpus 21-23
0: mpibind: task   6 nths  3 gpus 6 cpus 25-28
0: mpibind: task   7 nths  3 gpus 7 cpus 29-31,33
0: mpibind: task   8 nths  3 gpus 8 cpus 34-37
0: mpibind: task   9 nths  3 gpus 9 cpus 38-39,41
0: mpibind: task  10 nths  3 gpus 10 cpus 42-44
0: mpibind: task  11 nths  3 gpus 11 cpus 45-47
0: mpibind: task  12 nths  3 gpus 12 cpus 49-52
0: mpibind: task  13 nths  3 gpus 13 cpus 53-55,57
0: mpibind: task  14 nths  3 gpus 14 cpus 58-61
0: mpibind: task  15 nths  3 gpus 15 cpus 62-63,65
0: mpibind: task  16 nths  3 gpus 16 cpus 66-68
0: mpibind: task  17 nths  3 gpus 17 cpus 69-71
0: mpibind: task  18 nths  3 gpus 18 cpus 73-76
0: mpibind: task  19 nths  3 gpus 19 cpus 77-79,81
0: mpibind: task  20 nths  3 gpus 20 cpus 82-85
0: mpibind: task  21 nths  3 gpus 21 cpus 86-87,89
0: mpibind: task  22 nths  3 gpus 22 cpus 90-92
0: mpibind: task  23 nths  3 gpus 23 cpus 93-95
0: 0.135s: flux-shell[23]: mpibind: 
0: mpibind: task   0 nths  3 gpus 0 cpus 1-4
0: mpibind: task   1 nths  3 gpus 1 cpus 5-7,9
0: mpibind: task   2 nths  3 gpus 2 cpus 10-13
0: mpibind: task   3 nths  3 gpus 3 cpus 14-15,17
0: mpibind: task   4 nths  3 gpus 4 cpus 18-20
0: mpibind: task   5 nths  3 gpus 5 cpus 21-23
0: mpibind: task   6 nths  3 gpus 6 cpus 25-28
0: mpibind: task   7 nths  3 gpus 7 cpus 29-31,33
0: mpibind: task   8 nths  3 gpus 8 cpus 34-37
0: mpibind: task   9 nths  3 gpus 9 cpus 38-39,41
0: mpibind: task  10 nths  3 gpus 10 cpus 42-44
0: mpibind: task  11 nths  3 gpus 11 cpus 45-47
0: mpibind: task  12 nths  3 gpus 12 cpus 49-52
0: mpibind: task  13 nths  3 gpus 13 cpus 53-55,57
0: mpibind: task  14 nths  3 gpus 14 cpus 58-61
0: mpibind: task  15 nths  3 gpus 15 cpus 62-63,65
0: mpibind: task  16 nths  3 gpus 16 cpus 66-68
0: mpibind: task  17 nths  3 gpus 17 cpus 69-71
0: mpibind: task  18 nths  3 gpus 18 cpus 73-76
0: mpibind: task  19 nths  3 gpus 19 cpus 77-79,81
0: mpibind: task  20 nths  3 gpus 20 cpus 82-85
0: mpibind: task  21 nths  3 gpus 21 cpus 86-87,89
0: mpibind: task  22 nths  3 gpus 22 cpus 90-92
0: mpibind: task  23 nths  3 gpus 23 cpus 93-95
0: 0.135s: flux-shell[24]: mpibind: 
0: mpibind: task   0 nths  3 gpus 0 cpus 1-4
0: mpibind: task   1 nths  3 gpus 1 cpus 5-7,9
0: mpibind: task   2 nths  3 gpus 2 cpus 10-13
0: mpibind: task   3 nths  3 gpus 3 cpus 14-15,17
0: mpibind: task   4 nths  3 gpus 4 cpus 18-20
0: mpibind: task   5 nths  3 gpus 5 cpus 21-23
0: mpibind: task   6 nths  3 gpus 6 cpus 25-28
0: mpibind: task   7 nths  3 gpus 7 cpus 29-31,33
0: mpibind: task   8 nths  3 gpus 8 cpus 34-37
0: mpibind: task   9 nths  3 gpus 9 cpus 38-39,41
0: mpibind: task  10 nths  3 gpus 10 cpus 42-44
0: mpibind: task  11 nths  3 gpus 11 cpus 45-47
0: mpibind: task  12 nths  3 gpus 12 cpus 49-52
0: mpibind: task  13 nths  3 gpus 13 cpus 53-55,57
0: mpibind: task  14 nths  3 gpus 14 cpus 58-61
0: mpibind: task  15 nths  3 gpus 15 cpus 62-63,65
0: mpibind: task  16 nths  3 gpus 16 cpus 66-68
0: mpibind: task  17 nths  3 gpus 17 cpus 69-71
0: mpibind: task  18 nths  3 gpus 18 cpus 73-76
0: mpibind: task  19 nths  3 gpus 19 cpus 77-79,81
0: mpibind: task  20 nths  3 gpus 20 cpus 82-85
0: mpibind: task  21 nths  3 gpus 21 cpus 86-87,89
0: mpibind: task  22 nths  3 gpus 22 cpus 90-92
0: mpibind: task  23 nths  3 gpus 23 cpus 93-95
0: 0.139s: flux-shell[26]: mpibind: 
0: mpibind: task   0 nths  3 gpus 0 cpus 1-4
0: mpibind: task   1 nths  3 gpus 1 cpus 5-7,9
0: mpibind: task   2 nths  3 gpus 2 cpus 10-13
0: mpibind: task   3 nths  3 gpus 3 cpus 14-15,17
0: mpibind: task   4 nths  3 gpus 4 cpus 18-20
0: mpibind: task   5 nths  3 gpus 5 cpus 21-23
0: mpibind: task   6 nths  3 gpus 6 cpus 25-28
0: mpibind: task   7 nths  3 gpus 7 cpus 29-31,33
0: mpibind: task   8 nths  3 gpus 8 cpus 34-37
0: mpibind: task   9 nths  3 gpus 9 cpus 38-39,41
0: mpibind: task  10 nths  3 gpus 10 cpus 42-44
0: mpibind: task  11 nths  3 gpus 11 cpus 45-47
0: mpibind: task  12 nths  3 gpus 12 cpus 49-52
0: mpibind: task  13 nths  3 gpus 13 cpus 53-55,57
0: mpibind: task  14 nths  3 gpus 14 cpus 58-61
0: mpibind: task  15 nths  3 gpus 15 cpus 62-63,65
0: mpibind: task  16 nths  3 gpus 16 cpus 66-68
0: mpibind: task  17 nths  3 gpus 17 cpus 69-71
0: mpibind: task  18 nths  3 gpus 18 cpus 73-76
0: mpibind: task  19 nths  3 gpus 19 cpus 77-79,81
0: mpibind: task  20 nths  3 gpus 20 cpus 82-85
0: mpibind: task  21 nths  3 gpus 21 cpus 86-87,89
0: mpibind: task  22 nths  3 gpus 22 cpus 90-92
0: mpibind: task  23 nths  3 gpus 23 cpus 93-95
0: 0.139s: flux-shell[27]: mpibind: 
0: mpibind: task   0 nths  3 gpus 0 cpus 1-4
0: mpibind: task   1 nths  3 gpus 1 cpus 5-7,9
0: mpibind: task   2 nths  3 gpus 2 cpus 10-13
0: mpibind: task   3 nths  3 gpus 3 cpus 14-15,17
0: mpibind: task   4 nths  3 gpus 4 cpus 18-20
0: mpibind: task   5 nths  3 gpus 5 cpus 21-23
0: mpibind: task   6 nths  3 gpus 6 cpus 25-28
0: mpibind: task   7 nths  3 gpus 7 cpus 29-31,33
0: mpibind: task   8 nths  3 gpus 8 cpus 34-37
0: mpibind: task   9 nths  3 gpus 9 cpus 38-39,41
0: mpibind: task  10 nths  3 gpus 10 cpus 42-44
0: mpibind: task  11 nths  3 gpus 11 cpus 45-47
0: mpibind: task  12 nths  3 gpus 12 cpus 49-52
0: mpibind: task  13 nths  3 gpus 13 cpus 53-55,57
0: mpibind: task  14 nths  3 gpus 14 cpus 58-61
0: mpibind: task  15 nths  3 gpus 15 cpus 62-63,65
0: mpibind: task  16 nths  3 gpus 16 cpus 66-68
0: mpibind: task  17 nths  3 gpus 17 cpus 69-71
0: mpibind: task  18 nths  3 gpus 18 cpus 73-76
0: mpibind: task  19 nths  3 gpus 19 cpus 77-79,81
0: mpibind: task  20 nths  3 gpus 20 cpus 82-85
0: mpibind: task  21 nths  3 gpus 21 cpus 86-87,89
0: mpibind: task  22 nths  3 gpus 22 cpus 90-92
0: mpibind: task  23 nths  3 gpus 23 cpus 93-95
0: 0.139s: flux-shell[28]: mpibind: 
0: mpibind: task   0 nths  3 gpus 0 cpus 1-4
0: mpibind: task   1 nths  3 gpus 1 cpus 5-7,9
0: mpibind: task   2 nths  3 gpus 2 cpus 10-13
0: mpibind: task   3 nths  3 gpus 3 cpus 14-15,17
0: mpibind: task   4 nths  3 gpus 4 cpus 18-20
0: mpibind: task   5 nths  3 gpus 5 cpus 21-23
0: mpibind: task   6 nths  3 gpus 6 cpus 25-28
0: mpibind: task   7 nths  3 gpus 7 cpus 29-31,33
0: mpibind: task   8 nths  3 gpus 8 cpus 34-37
0: mpibind: task   9 nths  3 gpus 9 cpus 38-39,41
0: mpibind: task  10 nths  3 gpus 10 cpus 42-44
0: mpibind: task  11 nths  3 gpus 11 cpus 45-47
0: mpibind: task  12 nths  3 gpus 12 cpus 49-52
0: mpibind: task  13 nths  3 gpus 13 cpus 53-55,57
0: mpibind: task  14 nths  3 gpus 14 cpus 58-61
0: mpibind: task  15 nths  3 gpus 15 cpus 62-63,65
0: mpibind: task  16 nths  3 gpus 16 cpus 66-68
0: mpibind: task  17 nths  3 gpus 17 cpus 69-71
0: mpibind: task  18 nths  3 gpus 18 cpus 73-76
0: mpibind: task  19 nths  3 gpus 19 cpus 77-79,81
0: mpibind: task  20 nths  3 gpus 20 cpus 82-85
0: mpibind: task  21 nths  3 gpus 21 cpus 86-87,89
0: mpibind: task  22 nths  3 gpus 22 cpus 90-92
0: mpibind: task  23 nths  3 gpus 23 cpus 93-95
0: 0.149s: flux-shell[29]: mpibind: 
0: mpibind: task   0 nths  3 gpus 0 cpus 1-4
0: mpibind: task   1 nths  3 gpus 1 cpus 5-7,9
0: mpibind: task   2 nths  3 gpus 2 cpus 10-13
0: mpibind: task   3 nths  3 gpus 3 cpus 14-15,17
0: mpibind: task   4 nths  3 gpus 4 cpus 18-20
0: mpibind: task   5 nths  3 gpus 5 cpus 21-23
0: mpibind: task   6 nths  3 gpus 6 cpus 25-28
0: mpibind: task   7 nths  3 gpus 7 cpus 29-31,33
0: mpibind: task   8 nths  3 gpus 8 cpus 34-37
0: mpibind: task   9 nths  3 gpus 9 cpus 38-39,41
0: mpibind: task  10 nths  3 gpus 10 cpus 42-44
0: mpibind: task  11 nths  3 gpus 11 cpus 45-47
0: mpibind: task  12 nths  3 gpus 12 cpus 49-52
0: mpibind: task  13 nths  3 gpus 13 cpus 53-55,57
0: mpibind: task  14 nths  3 gpus 14 cpus 58-61
0: mpibind: task  15 nths  3 gpus 15 cpus 62-63,65
0: mpibind: task  16 nths  3 gpus 16 cpus 66-68
0: mpibind: task  17 nths  3 gpus 17 cpus 69-71
0: mpibind: task  18 nths  3 gpus 18 cpus 73-76
0: mpibind: task  19 nths  3 gpus 19 cpus 77-79,81
0: mpibind: task  20 nths  3 gpus 20 cpus 82-85
0: mpibind: task  21 nths  3 gpus 21 cpus 86-87,89
0: mpibind: task  22 nths  3 gpus 22 cpus 90-92
0: mpibind: task  23 nths  3 gpus 23 cpus 93-95
0: 0.133s: flux-shell[19]: mpibind: 
0: mpibind: task   0 nths  3 gpus 0 cpus 1-4
0: mpibind: task   1 nths  3 gpus 1 cpus 5-7,9
0: mpibind: task   2 nths  3 gpus 2 cpus 10-13
0: mpibind: task   3 nths  3 gpus 3 cpus 14-15,17
0: mpibind: task   4 nths  3 gpus 4 cpus 18-20
0: mpibind: task   5 nths  3 gpus 5 cpus 21-23
0: mpibind: task   6 nths  3 gpus 6 cpus 25-28
0: mpibind: task   7 nths  3 gpus 7 cpus 29-31,33
0: mpibind: task   8 nths  3 gpus 8 cpus 34-37
0: mpibind: task   9 nths  3 gpus 9 cpus 38-39,41
0: mpibind: task  10 nths  3 gpus 10 cpus 42-44
0: mpibind: task  11 nths  3 gpus 11 cpus 45-47
0: mpibind: task  12 nths  3 gpus 12 cpus 49-52
0: mpibind: task  13 nths  3 gpus 13 cpus 53-55,57
0: mpibind: task  14 nths  3 gpus 14 cpus 58-61
0: mpibind: task  15 nths  3 gpus 15 cpus 62-63,65
0: mpibind: task  16 nths  3 gpus 16 cpus 66-68
0: mpibind: task  17 nths  3 gpus 17 cpus 69-71
0: mpibind: task  18 nths  3 gpus 18 cpus 73-76
0: mpibind: task  19 nths  3 gpus 19 cpus 77-79,81
0: mpibind: task  20 nths  3 gpus 20 cpus 82-85
0: mpibind: task  21 nths  3 gpus 21 cpus 86-87,89
0: mpibind: task  22 nths  3 gpus 22 cpus 90-92
0: mpibind: task  23 nths  3 gpus 23 cpus 93-95
0: 0.138s: flux-shell[20]: mpibind: 
0: mpibind: task   0 nths  3 gpus 0 cpus 1-4
0: mpibind: task   1 nths  3 gpus 1 cpus 5-7,9
0: mpibind: task   2 nths  3 gpus 2 cpus 10-13
0: mpibind: task   3 nths  3 gpus 3 cpus 14-15,17
0: mpibind: task   4 nths  3 gpus 4 cpus 18-20
0: mpibind: task   5 nths  3 gpus 5 cpus 21-23
0: mpibind: task   6 nths  3 gpus 6 cpus 25-28
0: mpibind: task   7 nths  3 gpus 7 cpus 29-31,33
0: mpibind: task   8 nths  3 gpus 8 cpus 34-37
0: mpibind: task   9 nths  3 gpus 9 cpus 38-39,41
0: mpibind: task  10 nths  3 gpus 10 cpus 42-44
0: mpibind: task  11 nths  3 gpus 11 cpus 45-47
0: mpibind: task  12 nths  3 gpus 12 cpus 49-52
0: mpibind: task  13 nths  3 gpus 13 cpus 53-55,57
0: mpibind: task  14 nths  3 gpus 14 cpus 58-61
0: mpibind: task  15 nths  3 gpus 15 cpus 62-63,65
0: mpibind: task  16 nths  3 gpus 16 cpus 66-68
0: mpibind: task  17 nths  3 gpus 17 cpus 69-71
0: mpibind: task  18 nths  3 gpus 18 cpus 73-76
0: mpibind: task  19 nths  3 gpus 19 cpus 77-79,81
0: mpibind: task  20 nths  3 gpus 20 cpus 82-85
0: mpibind: task  21 nths  3 gpus 21 cpus 86-87,89
0: mpibind: task  22 nths  3 gpus 22 cpus 90-92
0: mpibind: task  23 nths  3 gpus 23 cpus 93-95
0: 0.135s: flux-shell[21]: mpibind: 
0: mpibind: task   0 nths  3 gpus 0 cpus 1-4
0: mpibind: task   1 nths  3 gpus 1 cpus 5-7,9
0: mpibind: task   2 nths  3 gpus 2 cpus 10-13
0: mpibind: task   3 nths  3 gpus 3 cpus 14-15,17
0: mpibind: task   4 nths  3 gpus 4 cpus 18-20
0: mpibind: task   5 nths  3 gpus 5 cpus 21-23
0: mpibind: task   6 nths  3 gpus 6 cpus 25-28
0: mpibind: task   7 nths  3 gpus 7 cpus 29-31,33
0: mpibind: task   8 nths  3 gpus 8 cpus 34-37
0: mpibind: task   9 nths  3 gpus 9 cpus 38-39,41
0: mpibind: task  10 nths  3 gpus 10 cpus 42-44
0: mpibind: task  11 nths  3 gpus 11 cpus 45-47
0: mpibind: task  12 nths  3 gpus 12 cpus 49-52
0: mpibind: task  13 nths  3 gpus 13 cpus 53-55,57
0: mpibind: task  14 nths  3 gpus 14 cpus 58-61
0: mpibind: task  15 nths  3 gpus 15 cpus 62-63,65
0: mpibind: task  16 nths  3 gpus 16 cpus 66-68
0: mpibind: task  17 nths  3 gpus 17 cpus 69-71
0: mpibind: task  18 nths  3 gpus 18 cpus 73-76
0: mpibind: task  19 nths  3 gpus 19 cpus 77-79,81
0: mpibind: task  20 nths  3 gpus 20 cpus 82-85
0: mpibind: task  21 nths  3 gpus 21 cpus 86-87,89
0: mpibind: task  22 nths  3 gpus 22 cpus 90-92
0: mpibind: task  23 nths  3 gpus 23 cpus 93-95
0: 0.142s: flux-shell[22]: mpibind: 
0: mpibind: task   0 nths  3 gpus 0 cpus 1-4
0: mpibind: task   1 nths  3 gpus 1 cpus 5-7,9
0: mpibind: task   2 nths  3 gpus 2 cpus 10-13
0: mpibind: task   3 nths  3 gpus 3 cpus 14-15,17
0: mpibind: task   4 nths  3 gpus 4 cpus 18-20
0: mpibind: task   5 nths  3 gpus 5 cpus 21-23
0: mpibind: task   6 nths  3 gpus 6 cpus 25-28
0: mpibind: task   7 nths  3 gpus 7 cpus 29-31,33
0: mpibind: task   8 nths  3 gpus 8 cpus 34-37
0: mpibind: task   9 nths  3 gpus 9 cpus 38-39,41
0: mpibind: task  10 nths  3 gpus 10 cpus 42-44
0: mpibind: task  11 nths  3 gpus 11 cpus 45-47
0: mpibind: task  12 nths  3 gpus 12 cpus 49-52
0: mpibind: task  13 nths  3 gpus 13 cpus 53-55,57
0: mpibind: task  14 nths  3 gpus 14 cpus 58-61
0: mpibind: task  15 nths  3 gpus 15 cpus 62-63,65
0: mpibind: task  16 nths  3 gpus 16 cpus 66-68
0: mpibind: task  17 nths  3 gpus 17 cpus 69-71
0: mpibind: task  18 nths  3 gpus 18 cpus 73-76
0: mpibind: task  19 nths  3 gpus 19 cpus 77-79,81
0: mpibind: task  20 nths  3 gpus 20 cpus 82-85
0: mpibind: task  21 nths  3 gpus 21 cpus 86-87,89
0: mpibind: task  22 nths  3 gpus 22 cpus 90-92
0: mpibind: task  23 nths  3 gpus 23 cpus 93-95
0: 0.139s: flux-shell[25]: mpibind: 
0: mpibind: task   0 nths  3 gpus 0 cpus 1-4
0: mpibind: task   1 nths  3 gpus 1 cpus 5-7,9
0: mpibind: task   2 nths  3 gpus 2 cpus 10-13
0: mpibind: task   3 nths  3 gpus 3 cpus 14-15,17
0: mpibind: task   4 nths  3 gpus 4 cpus 18-20
0: mpibind: task   5 nths  3 gpus 5 cpus 21-23
0: mpibind: task   6 nths  3 gpus 6 cpus 25-28
0: mpibind: task   7 nths  3 gpus 7 cpus 29-31,33
0: mpibind: task   8 nths  3 gpus 8 cpus 34-37
0: mpibind: task   9 nths  3 gpus 9 cpus 38-39,41
0: mpibind: task  10 nths  3 gpus 10 cpus 42-44
0: mpibind: task  11 nths  3 gpus 11 cpus 45-47
0: mpibind: task  12 nths  3 gpus 12 cpus 49-52
0: mpibind: task  13 nths  3 gpus 13 cpus 53-55,57
0: mpibind: task  14 nths  3 gpus 14 cpus 58-61
0: mpibind: task  15 nths  3 gpus 15 cpus 62-63,65
0: mpibind: task  16 nths  3 gpus 16 cpus 66-68
0: mpibind: task  17 nths  3 gpus 17 cpus 69-71
0: mpibind: task  18 nths  3 gpus 18 cpus 73-76
0: mpibind: task  19 nths  3 gpus 19 cpus 77-79,81
0: mpibind: task  20 nths  3 gpus 20 cpus 82-85
0: mpibind: task  21 nths  3 gpus 21 cpus 86-87,89
0: mpibind: task  22 nths  3 gpus 22 cpus 90-92
0: mpibind: task  23 nths  3 gpus 23 cpus 93-95
0: 0.144s: flux-shell[31]: mpibind: 
0: mpibind: task   0 nths  3 gpus 0 cpus 1-4
0: mpibind: task   1 nths  3 gpus 1 cpus 5-7,9
0: mpibind: task   2 nths  3 gpus 2 cpus 10-13
0: mpibind: task   3 nths  3 gpus 3 cpus 14-15,17
0: mpibind: task   4 nths  3 gpus 4 cpus 18-20
0: mpibind: task   5 nths  3 gpus 5 cpus 21-23
0: mpibind: task   6 nths  3 gpus 6 cpus 25-28
0: mpibind: task   7 nths  3 gpus 7 cpus 29-31,33
0: mpibind: task   8 nths  3 gpus 8 cpus 34-37
0: mpibind: task   9 nths  3 gpus 9 cpus 38-39,41
0: mpibind: task  10 nths  3 gpus 10 cpus 42-44
0: mpibind: task  11 nths  3 gpus 11 cpus 45-47
0: mpibind: task  12 nths  3 gpus 12 cpus 49-52
0: mpibind: task  13 nths  3 gpus 13 cpus 53-55,57
0: mpibind: task  14 nths  3 gpus 14 cpus 58-61
0: mpibind: task  15 nths  3 gpus 15 cpus 62-63,65
0: mpibind: task  16 nths  3 gpus 16 cpus 66-68
0: mpibind: task  17 nths  3 gpus 17 cpus 69-71
0: mpibind: task  18 nths  3 gpus 18 cpus 73-76
0: mpibind: task  19 nths  3 gpus 19 cpus 77-79,81
0: mpibind: task  20 nths  3 gpus 20 cpus 82-85
0: mpibind: task  21 nths  3 gpus 21 cpus 86-87,89
0: mpibind: task  22 nths  3 gpus 22 cpus 90-92
0: mpibind: task  23 nths  3 gpus 23 cpus 93-95
0: 0.145s: flux-shell[30]: mpibind: 
0: mpibind: task   0 nths  3 gpus 0 cpus 1-4
0: mpibind: task   1 nths  3 gpus 1 cpus 5-7,9
0: mpibind: task   2 nths  3 gpus 2 cpus 10-13
0: mpibind: task   3 nths  3 gpus 3 cpus 14-15,17
0: mpibind: task   4 nths  3 gpus 4 cpus 18-20
0: mpibind: task   5 nths  3 gpus 5 cpus 21-23
0: mpibind: task   6 nths  3 gpus 6 cpus 25-28
0: mpibind: task   7 nths  3 gpus 7 cpus 29-31,33
0: mpibind: task   8 nths  3 gpus 8 cpus 34-37
0: mpibind: task   9 nths  3 gpus 9 cpus 38-39,41
0: mpibind: task  10 nths  3 gpus 10 cpus 42-44
0: mpibind: task  11 nths  3 gpus 11 cpus 45-47
0: mpibind: task  12 nths  3 gpus 12 cpus 49-52
0: mpibind: task  13 nths  3 gpus 13 cpus 53-55,57
0: mpibind: task  14 nths  3 gpus 14 cpus 58-61
0: mpibind: task  15 nths  3 gpus 15 cpus 62-63,65
0: mpibind: task  16 nths  3 gpus 16 cpus 66-68
0: mpibind: task  17 nths  3 gpus 17 cpus 69-71
0: mpibind: task  18 nths  3 gpus 18 cpus 73-76
0: mpibind: task  19 nths  3 gpus 19 cpus 77-79,81
0: mpibind: task  20 nths  3 gpus 20 cpus 82-85
0: mpibind: task  21 nths  3 gpus 21 cpus 86-87,89
0: mpibind: task  22 nths  3 gpus 22 cpus 90-92
0: mpibind: task  23 nths  3 gpus 23 cpus 93-95
0: jobid: f21pmiEEs
0: 0.134s: flux-shell[0]: mpibind: 
0: mpibind: task   0 nths  3 gpus 0 cpus 1-4
0: mpibind: task   1 nths  3 gpus 1 cpus 5-7,9
0: mpibind: task   2 nths  3 gpus 2 cpus 10-13
0: mpibind: task   3 nths  3 gpus 3 cpus 14-15,17
0: mpibind: task   4 nths  3 gpus 4 cpus 18-20
0: mpibind: task   5 nths  3 gpus 5 cpus 21-23
0: mpibind: task   6 nths  3 gpus 6 cpus 25-28
0: mpibind: task   7 nths  3 gpus 7 cpus 29-31,33
0: mpibind: task   8 nths  3 gpus 8 cpus 34-37
0: mpibind: task   9 nths  3 gpus 9 cpus 38-39,41
0: mpibind: task  10 nths  3 gpus 10 cpus 42-44
0: mpibind: task  11 nths  3 gpus 11 cpus 45-47
0: mpibind: task  12 nths  3 gpus 12 cpus 49-52
0: mpibind: task  13 nths  3 gpus 13 cpus 53-55,57
0: mpibind: task  14 nths  3 gpus 14 cpus 58-61
0: mpibind: task  15 nths  3 gpus 15 cpus 62-63,65
0: mpibind: task  16 nths  3 gpus 16 cpus 66-68
0: mpibind: task  17 nths  3 gpus 17 cpus 69-71
0: mpibind: task  18 nths  3 gpus 18 cpus 73-76
0: mpibind: task  19 nths  3 gpus 19 cpus 77-79,81
0: mpibind: task  20 nths  3 gpus 20 cpus 82-85
0: mpibind: task  21 nths  3 gpus 21 cpus 86-87,89
0: mpibind: task  22 nths  3 gpus 22 cpus 90-92
0: mpibind: task  23 nths  3 gpus 23 cpus 93-95
0: 0.140s: flux-shell[1]: mpibind: 
0: mpibind: task   0 nths  3 gpus 0 cpus 1-4
0: mpibind: task   1 nths  3 gpus 1 cpus 5-7,9
0: mpibind: task   2 nths  3 gpus 2 cpus 10-13
0: mpibind: task   3 nths  3 gpus 3 cpus 14-15,17
0: mpibind: task   4 nths  3 gpus 4 cpus 18-20
0: mpibind: task   5 nths  3 gpus 5 cpus 21-23
0: mpibind: task   6 nths  3 gpus 6 cpus 25-28
0: mpibind: task   7 nths  3 gpus 7 cpus 29-31,33
0: mpibind: task   8 nths  3 gpus 8 cpus 34-37
0: mpibind: task   9 nths  3 gpus 9 cpus 38-39,41
0: mpibind: task  10 nths  3 gpus 10 cpus 42-44
0: mpibind: task  11 nths  3 gpus 11 cpus 45-47
0: mpibind: task  12 nths  3 gpus 12 cpus 49-52
0: mpibind: task  13 nths  3 gpus 13 cpus 53-55,57
0: mpibind: task  14 nths  3 gpus 14 cpus 58-61
0: mpibind: task  15 nths  3 gpus 15 cpus 62-63,65
0: mpibind: task  16 nths  3 gpus 16 cpus 66-68
0: mpibind: task  17 nths  3 gpus 17 cpus 69-71
0: mpibind: task  18 nths  3 gpus 18 cpus 73-76
0: mpibind: task  19 nths  3 gpus 19 cpus 77-79,81
0: mpibind: task  20 nths  3 gpus 20 cpus 82-85
0: mpibind: task  21 nths  3 gpus 21 cpus 86-87,89
0: mpibind: task  22 nths  3 gpus 22 cpus 90-92
0: mpibind: task  23 nths  3 gpus 23 cpus 93-95
0: 0.142s: flux-shell[3]: mpibind: 
0: mpibind: task   0 nths  3 gpus 0 cpus 1-4
0: mpibind: task   1 nths  3 gpus 1 cpus 5-7,9
0: mpibind: task   2 nths  3 gpus 2 cpus 10-13
0: mpibind: task   3 nths  3 gpus 3 cpus 14-15,17
0: mpibind: task   4 nths  3 gpus 4 cpus 18-20
0: mpibind: task   5 nths  3 gpus 5 cpus 21-23
0: mpibind: task   6 nths  3 gpus 6 cpus 25-28
0: mpibind: task   7 nths  3 gpus 7 cpus 29-31,33
0: mpibind: task   8 nths  3 gpus 8 cpus 34-37
0: mpibind: task   9 nths  3 gpus 9 cpus 38-39,41
0: mpibind: task  10 nths  3 gpus 10 cpus 42-44
0: mpibind: task  11 nths  3 gpus 11 cpus 45-47
0: mpibind: task  12 nths  3 gpus 12 cpus 49-52
0: mpibind: task  13 nths  3 gpus 13 cpus 53-55,57
0: mpibind: task  14 nths  3 gpus 14 cpus 58-61
0: mpibind: task  15 nths  3 gpus 15 cpus 62-63,65
0: mpibind: task  16 nths  3 gpus 16 cpus 66-68
0: mpibind: task  17 nths  3 gpus 17 cpus 69-71
0: mpibind: task  18 nths  3 gpus 18 cpus 73-76
0: mpibind: task  19 nths  3 gpus 19 cpus 77-79,81
0: mpibind: task  20 nths  3 gpus 20 cpus 82-85
0: mpibind: task  21 nths  3 gpus 21 cpus 86-87,89
0: mpibind: task  22 nths  3 gpus 22 cpus 90-92
0: mpibind: task  23 nths  3 gpus 23 cpus 93-95
0: 0.144s: flux-shell[4]: mpibind: 
0: mpibind: task   0 nths  3 gpus 0 cpus 1-4
0: mpibind: task   1 nths  3 gpus 1 cpus 5-7,9
0: mpibind: task   2 nths  3 gpus 2 cpus 10-13
0: mpibind: task   3 nths  3 gpus 3 cpus 14-15,17
0: mpibind: task   4 nths  3 gpus 4 cpus 18-20
0: mpibind: task   5 nths  3 gpus 5 cpus 21-23
0: mpibind: task   6 nths  3 gpus 6 cpus 25-28
0: mpibind: task   7 nths  3 gpus 7 cpus 29-31,33
0: mpibind: task   8 nths  3 gpus 8 cpus 34-37
0: mpibind: task   9 nths  3 gpus 9 cpus 38-39,41
0: mpibind: task  10 nths  3 gpus 10 cpus 42-44
0: mpibind: task  11 nths  3 gpus 11 cpus 45-47
0: mpibind: task  12 nths  3 gpus 12 cpus 49-52
0: mpibind: task  13 nths  3 gpus 13 cpus 53-55,57
0: mpibind: task  14 nths  3 gpus 14 cpus 58-61
0: mpibind: task  15 nths  3 gpus 15 cpus 62-63,65
0: mpibind: task  16 nths  3 gpus 16 cpus 66-68
0: mpibind: task  17 nths  3 gpus 17 cpus 69-71
0: mpibind: task  18 nths  3 gpus 18 cpus 73-76
0: mpibind: task  19 nths  3 gpus 19 cpus 77-79,81
0: mpibind: task  20 nths  3 gpus 20 cpus 82-85
0: mpibind: task  21 nths  3 gpus 21 cpus 86-87,89
0: mpibind: task  22 nths  3 gpus 22 cpus 90-92
0: mpibind: task  23 nths  3 gpus 23 cpus 93-95
0: 0.154s: flux-shell[2]: mpibind: 
0: mpibind: task   0 nths  3 gpus 0 cpus 1-4
0: mpibind: task   1 nths  3 gpus 1 cpus 5-7,9
0: mpibind: task   2 nths  3 gpus 2 cpus 10-13
0: mpibind: task   3 nths  3 gpus 3 cpus 14-15,17
0: mpibind: task   4 nths  3 gpus 4 cpus 18-20
0: mpibind: task   5 nths  3 gpus 5 cpus 21-23
0: mpibind: task   6 nths  3 gpus 6 cpus 25-28
0: mpibind: task   7 nths  3 gpus 7 cpus 29-31,33
0: mpibind: task   8 nths  3 gpus 8 cpus 34-37
0: mpibind: task   9 nths  3 gpus 9 cpus 38-39,41
0: mpibind: task  10 nths  3 gpus 10 cpus 42-44
0: mpibind: task  11 nths  3 gpus 11 cpus 45-47
0: mpibind: task  12 nths  3 gpus 12 cpus 49-52
0: mpibind: task  13 nths  3 gpus 13 cpus 53-55,57
0: mpibind: task  14 nths  3 gpus 14 cpus 58-61
0: mpibind: task  15 nths  3 gpus 15 cpus 62-63,65
0: mpibind: task  16 nths  3 gpus 16 cpus 66-68
0: mpibind: task  17 nths  3 gpus 17 cpus 69-71
0: mpibind: task  18 nths  3 gpus 18 cpus 73-76
0: mpibind: task  19 nths  3 gpus 19 cpus 77-79,81
0: mpibind: task  20 nths  3 gpus 20 cpus 82-85
0: mpibind: task  21 nths  3 gpus 21 cpus 86-87,89
0: mpibind: task  22 nths  3 gpus 22 cpus 90-92
0: mpibind: task  23 nths  3 gpus 23 cpus 93-95
0: 0.151s: flux-shell[5]: mpibind: 
0: mpibind: task   0 nths  3 gpus 0 cpus 1-4
0: mpibind: task   1 nths  3 gpus 1 cpus 5-7,9
0: mpibind: task   2 nths  3 gpus 2 cpus 10-13
0: mpibind: task   3 nths  3 gpus 3 cpus 14-15,17
0: mpibind: task   4 nths  3 gpus 4 cpus 18-20
0: mpibind: task   5 nths  3 gpus 5 cpus 21-23
0: mpibind: task   6 nths  3 gpus 6 cpus 25-28
0: mpibind: task   7 nths  3 gpus 7 cpus 29-31,33
0: mpibind: task   8 nths  3 gpus 8 cpus 34-37
0: mpibind: task   9 nths  3 gpus 9 cpus 38-39,41
0: mpibind: task  10 nths  3 gpus 10 cpus 42-44
0: mpibind: task  11 nths  3 gpus 11 cpus 45-47
0: mpibind: task  12 nths  3 gpus 12 cpus 49-52
0: mpibind: task  13 nths  3 gpus 13 cpus 53-55,57
0: mpibind: task  14 nths  3 gpus 14 cpus 58-61
0: mpibind: task  15 nths  3 gpus 15 cpus 62-63,65
0: mpibind: task  16 nths  3 gpus 16 cpus 66-68
0: mpibind: task  17 nths  3 gpus 17 cpus 69-71
0: mpibind: task  18 nths  3 gpus 18 cpus 73-76
0: mpibind: task  19 nths  3 gpus 19 cpus 77-79,81
0: mpibind: task  20 nths  3 gpus 20 cpus 82-85
0: mpibind: task  21 nths  3 gpus 21 cpus 86-87,89
0: mpibind: task  22 nths  3 gpus 22 cpus 90-92
0: mpibind: task  23 nths  3 gpus 23 cpus 93-95
0: 0.143s: flux-shell[6]: mpibind: 
0: mpibind: task   0 nths  3 gpus 0 cpus 1-4
0: mpibind: task   1 nths  3 gpus 1 cpus 5-7,9
0: mpibind: task   2 nths  3 gpus 2 cpus 10-13
0: mpibind: task   3 nths  3 gpus 3 cpus 14-15,17
0: mpibind: task   4 nths  3 gpus 4 cpus 18-20
0: mpibind: task   5 nths  3 gpus 5 cpus 21-23
0: mpibind: task   6 nths  3 gpus 6 cpus 25-28
0: mpibind: task   7 nths  3 gpus 7 cpus 29-31,33
0: mpibind: task   8 nths  3 gpus 8 cpus 34-37
0: mpibind: task   9 nths  3 gpus 9 cpus 38-39,41
0: mpibind: task  10 nths  3 gpus 10 cpus 42-44
0: mpibind: task  11 nths  3 gpus 11 cpus 45-47
0: mpibind: task  12 nths  3 gpus 12 cpus 49-52
0: mpibind: task  13 nths  3 gpus 13 cpus 53-55,57
0: mpibind: task  14 nths  3 gpus 14 cpus 58-61
0: mpibind: task  15 nths  3 gpus 15 cpus 62-63,65
0: mpibind: task  16 nths  3 gpus 16 cpus 66-68
0: mpibind: task  17 nths  3 gpus 17 cpus 69-71
0: mpibind: task  18 nths  3 gpus 18 cpus 73-76
0: mpibind: task  19 nths  3 gpus 19 cpus 77-79,81
0: mpibind: task  20 nths  3 gpus 20 cpus 82-85
0: mpibind: task  21 nths  3 gpus 21 cpus 86-87,89
0: mpibind: task  22 nths  3 gpus 22 cpus 90-92
0: mpibind: task  23 nths  3 gpus 23 cpus 93-95
0: 0.152s: flux-shell[15]: mpibind: 
0: mpibind: task   0 nths  3 gpus 0 cpus 1-4
0: mpibind: task   1 nths  3 gpus 1 cpus 5-7,9
0: mpibind: task   2 nths  3 gpus 2 cpus 10-13
0: mpibind: task   3 nths  3 gpus 3 cpus 14-15,17
0: mpibind: task   4 nths  3 gpus 4 cpus 18-20
0: mpibind: task   5 nths  3 gpus 5 cpus 21-23
0: mpibind: task   6 nths  3 gpus 6 cpus 25-28
0: mpibind: task   7 nths  3 gpus 7 cpus 29-31,33
0: mpibind: task   8 nths  3 gpus 8 cpus 34-37
0: mpibind: task   9 nths  3 gpus 9 cpus 38-39,41
0: mpibind: task  10 nths  3 gpus 10 cpus 42-44
0: mpibind: task  11 nths  3 gpus 11 cpus 45-47
0: mpibind: task  12 nths  3 gpus 12 cpus 49-52
0: mpibind: task  13 nths  3 gpus 13 cpus 53-55,57
0: mpibind: task  14 nths  3 gpus 14 cpus 58-61
0: mpibind: task  15 nths  3 gpus 15 cpus 62-63,65
0: mpibind: task  16 nths  3 gpus 16 cpus 66-68
0: mpibind: task  17 nths  3 gpus 17 cpus 69-71
0: mpibind: task  18 nths  3 gpus 18 cpus 73-76
0: mpibind: task  19 nths  3 gpus 19 cpus 77-79,81
0: mpibind: task  20 nths  3 gpus 20 cpus 82-85
0: mpibind: task  21 nths  3 gpus 21 cpus 86-87,89
0: mpibind: task  22 nths  3 gpus 22 cpus 90-92
0: mpibind: task  23 nths  3 gpus 23 cpus 93-95
0: 0.148s: flux-shell[14]: mpibind: 
0: mpibind: task   0 nths  3 gpus 0 cpus 1-4
0: mpibind: task   1 nths  3 gpus 1 cpus 5-7,9
0: mpibind: task   2 nths  3 gpus 2 cpus 10-13
0: mpibind: task   3 nths  3 gpus 3 cpus 14-15,17
0: mpibind: task   4 nths  3 gpus 4 cpus 18-20
0: mpibind: task   5 nths  3 gpus 5 cpus 21-23
0: mpibind: task   6 nths  3 gpus 6 cpus 25-28
0: mpibind: task   7 nths  3 gpus 7 cpus 29-31,33
0: mpibind: task   8 nths  3 gpus 8 cpus 34-37
0: mpibind: task   9 nths  3 gpus 9 cpus 38-39,41
0: mpibind: task  10 nths  3 gpus 10 cpus 42-44
0: mpibind: task  11 nths  3 gpus 11 cpus 45-47
0: mpibind: task  12 nths  3 gpus 12 cpus 49-52
0: mpibind: task  13 nths  3 gpus 13 cpus 53-55,57
0: mpibind: task  14 nths  3 gpus 14 cpus 58-61
0: mpibind: task  15 nths  3 gpus 15 cpus 62-63,65
0: mpibind: task  16 nths  3 gpus 16 cpus 66-68
0: mpibind: task  17 nths  3 gpus 17 cpus 69-71
0: mpibind: task  18 nths  3 gpus 18 cpus 73-76
0: mpibind: task  19 nths  3 gpus 19 cpus 77-79,81
0: mpibind: task  20 nths  3 gpus 20 cpus 82-85
0: mpibind: task  21 nths  3 gpus 21 cpus 86-87,89
0: mpibind: task  22 nths  3 gpus 22 cpus 90-92
0: mpibind: task  23 nths  3 gpus 23 cpus 93-95
0: 0.142s: flux-shell[7]: mpibind: 
0: mpibind: task   0 nths  3 gpus 0 cpus 1-4
0: mpibind: task   1 nths  3 gpus 1 cpus 5-7,9
0: mpibind: task   2 nths  3 gpus 2 cpus 10-13
0: mpibind: task   3 nths  3 gpus 3 cpus 14-15,17
0: mpibind: task   4 nths  3 gpus 4 cpus 18-20
0: mpibind: task   5 nths  3 gpus 5 cpus 21-23
0: mpibind: task   6 nths  3 gpus 6 cpus 25-28
0: mpibind: task   7 nths  3 gpus 7 cpus 29-31,33
0: mpibind: task   8 nths  3 gpus 8 cpus 34-37
0: mpibind: task   9 nths  3 gpus 9 cpus 38-39,41
0: mpibind: task  10 nths  3 gpus 10 cpus 42-44
0: mpibind: task  11 nths  3 gpus 11 cpus 45-47
0: mpibind: task  12 nths  3 gpus 12 cpus 49-52
0: mpibind: task  13 nths  3 gpus 13 cpus 53-55,57
0: mpibind: task  14 nths  3 gpus 14 cpus 58-61
0: mpibind: task  15 nths  3 gpus 15 cpus 62-63,65
0: mpibind: task  16 nths  3 gpus 16 cpus 66-68
0: mpibind: task  17 nths  3 gpus 17 cpus 69-71
0: mpibind: task  18 nths  3 gpus 18 cpus 73-76
0: mpibind: task  19 nths  3 gpus 19 cpus 77-79,81
0: mpibind: task  20 nths  3 gpus 20 cpus 82-85
0: mpibind: task  21 nths  3 gpus 21 cpus 86-87,89
0: mpibind: task  22 nths  3 gpus 22 cpus 90-92
0: mpibind: task  23 nths  3 gpus 23 cpus 93-95
0: 0.150s: flux-shell[8]: mpibind: 
0: mpibind: task   0 nths  3 gpus 0 cpus 1-4
0: mpibind: task   1 nths  3 gpus 1 cpus 5-7,9
0: mpibind: task   2 nths  3 gpus 2 cpus 10-13
0: mpibind: task   3 nths  3 gpus 3 cpus 14-15,17
0: mpibind: task   4 nths  3 gpus 4 cpus 18-20
0: mpibind: task   5 nths  3 gpus 5 cpus 21-23
0: mpibind: task   6 nths  3 gpus 6 cpus 25-28
0: mpibind: task   7 nths  3 gpus 7 cpus 29-31,33
0: mpibind: task   8 nths  3 gpus 8 cpus 34-37
0: mpibind: task   9 nths  3 gpus 9 cpus 38-39,41
0: mpibind: task  10 nths  3 gpus 10 cpus 42-44
0: mpibind: task  11 nths  3 gpus 11 cpus 45-47
0: mpibind: task  12 nths  3 gpus 12 cpus 49-52
0: mpibind: task  13 nths  3 gpus 13 cpus 53-55,57
0: mpibind: task  14 nths  3 gpus 14 cpus 58-61
0: mpibind: task  15 nths  3 gpus 15 cpus 62-63,65
0: mpibind: task  16 nths  3 gpus 16 cpus 66-68
0: mpibind: task  17 nths  3 gpus 17 cpus 69-71
0: mpibind: task  18 nths  3 gpus 18 cpus 73-76
0: mpibind: task  19 nths  3 gpus 19 cpus 77-79,81
0: mpibind: task  20 nths  3 gpus 20 cpus 82-85
0: mpibind: task  21 nths  3 gpus 21 cpus 86-87,89
0: mpibind: task  22 nths  3 gpus 22 cpus 90-92
0: mpibind: task  23 nths  3 gpus 23 cpus 93-95
0: 0.148s: flux-shell[9]: mpibind: 
0: mpibind: task   0 nths  3 gpus 0 cpus 1-4
0: mpibind: task   1 nths  3 gpus 1 cpus 5-7,9
0: mpibind: task   2 nths  3 gpus 2 cpus 10-13
0: mpibind: task   3 nths  3 gpus 3 cpus 14-15,17
0: mpibind: task   4 nths  3 gpus 4 cpus 18-20
0: mpibind: task   5 nths  3 gpus 5 cpus 21-23
0: mpibind: task   6 nths  3 gpus 6 cpus 25-28
0: mpibind: task   7 nths  3 gpus 7 cpus 29-31,33
0: mpibind: task   8 nths  3 gpus 8 cpus 34-37
0: mpibind: task   9 nths  3 gpus 9 cpus 38-39,41
0: mpibind: task  10 nths  3 gpus 10 cpus 42-44
0: mpibind: task  11 nths  3 gpus 11 cpus 45-47
0: mpibind: task  12 nths  3 gpus 12 cpus 49-52
0: mpibind: task  13 nths  3 gpus 13 cpus 53-55,57
0: mpibind: task  14 nths  3 gpus 14 cpus 58-61
0: mpibind: task  15 nths  3 gpus 15 cpus 62-63,65
0: mpibind: task  16 nths  3 gpus 16 cpus 66-68
0: mpibind: task  17 nths  3 gpus 17 cpus 69-71
0: mpibind: task  18 nths  3 gpus 18 cpus 73-76
0: mpibind: task  19 nths  3 gpus 19 cpus 77-79,81
0: mpibind: task  20 nths  3 gpus 20 cpus 82-85
0: mpibind: task  21 nths  3 gpus 21 cpus 86-87,89
0: mpibind: task  22 nths  3 gpus 22 cpus 90-92
0: mpibind: task  23 nths  3 gpus 23 cpus 93-95
0: 0.148s: flux-shell[10]: mpibind: 
0: mpibind: task   0 nths  3 gpus 0 cpus 1-4
0: mpibind: task   1 nths  3 gpus 1 cpus 5-7,9
0: mpibind: task   2 nths  3 gpus 2 cpus 10-13
0: mpibind: task   3 nths  3 gpus 3 cpus 14-15,17
0: mpibind: task   4 nths  3 gpus 4 cpus 18-20
0: mpibind: task   5 nths  3 gpus 5 cpus 21-23
0: mpibind: task   6 nths  3 gpus 6 cpus 25-28
0: mpibind: task   7 nths  3 gpus 7 cpus 29-31,33
0: mpibind: task   8 nths  3 gpus 8 cpus 34-37
0: mpibind: task   9 nths  3 gpus 9 cpus 38-39,41
0: mpibind: task  10 nths  3 gpus 10 cpus 42-44
0: mpibind: task  11 nths  3 gpus 11 cpus 45-47
0: mpibind: task  12 nths  3 gpus 12 cpus 49-52
0: mpibind: task  13 nths  3 gpus 13 cpus 53-55,57
0: mpibind: task  14 nths  3 gpus 14 cpus 58-61
0: mpibind: task  15 nths  3 gpus 15 cpus 62-63,65
0: mpibind: task  16 nths  3 gpus 16 cpus 66-68
0: mpibind: task  17 nths  3 gpus 17 cpus 69-71
0: mpibind: task  18 nths  3 gpus 18 cpus 73-76
0: mpibind: task  19 nths  3 gpus 19 cpus 77-79,81
0: mpibind: task  20 nths  3 gpus 20 cpus 82-85
0: mpibind: task  21 nths  3 gpus 21 cpus 86-87,89
0: mpibind: task  22 nths  3 gpus 22 cpus 90-92
0: mpibind: task  23 nths  3 gpus 23 cpus 93-95
0: 0.153s: flux-shell[11]: mpibind: 
0: mpibind: task   0 nths  3 gpus 0 cpus 1-4
0: mpibind: task   1 nths  3 gpus 1 cpus 5-7,9
0: mpibind: task   2 nths  3 gpus 2 cpus 10-13
0: mpibind: task   3 nths  3 gpus 3 cpus 14-15,17
0: mpibind: task   4 nths  3 gpus 4 cpus 18-20
0: mpibind: task   5 nths  3 gpus 5 cpus 21-23
0: mpibind: task   6 nths  3 gpus 6 cpus 25-28
0: mpibind: task   7 nths  3 gpus 7 cpus 29-31,33
0: mpibind: task   8 nths  3 gpus 8 cpus 34-37
0: mpibind: task   9 nths  3 gpus 9 cpus 38-39,41
0: mpibind: task  10 nths  3 gpus 10 cpus 42-44
0: mpibind: task  11 nths  3 gpus 11 cpus 45-47
0: mpibind: task  12 nths  3 gpus 12 cpus 49-52
0: mpibind: task  13 nths  3 gpus 13 cpus 53-55,57
0: mpibind: task  14 nths  3 gpus 14 cpus 58-61
0: mpibind: task  15 nths  3 gpus 15 cpus 62-63,65
0: mpibind: task  16 nths  3 gpus 16 cpus 66-68
0: mpibind: task  17 nths  3 gpus 17 cpus 69-71
0: mpibind: task  18 nths  3 gpus 18 cpus 73-76
0: mpibind: task  19 nths  3 gpus 19 cpus 77-79,81
0: mpibind: task  20 nths  3 gpus 20 cpus 82-85
0: mpibind: task  21 nths  3 gpus 21 cpus 86-87,89
0: mpibind: task  22 nths  3 gpus 22 cpus 90-92
0: mpibind: task  23 nths  3 gpus 23 cpus 93-95
0: 0.152s: flux-shell[12]: mpibind: 
0: mpibind: task   0 nths  3 gpus 0 cpus 1-4
0: mpibind: task   1 nths  3 gpus 1 cpus 5-7,9
0: mpibind: task   2 nths  3 gpus 2 cpus 10-13
0: mpibind: task   3 nths  3 gpus 3 cpus 14-15,17
0: mpibind: task   4 nths  3 gpus 4 cpus 18-20
0: mpibind: task   5 nths  3 gpus 5 cpus 21-23
0: mpibind: task   6 nths  3 gpus 6 cpus 25-28
0: mpibind: task   7 nths  3 gpus 7 cpus 29-31,33
0: mpibind: task   8 nths  3 gpus 8 cpus 34-37
0: mpibind: task   9 nths  3 gpus 9 cpus 38-39,41
0: mpibind: task  10 nths  3 gpus 10 cpus 42-44
0: mpibind: task  11 nths  3 gpus 11 cpus 45-47
0: mpibind: task  12 nths  3 gpus 12 cpus 49-52
0: mpibind: task  13 nths  3 gpus 13 cpus 53-55,57
0: mpibind: task  14 nths  3 gpus 14 cpus 58-61
0: mpibind: task  15 nths  3 gpus 15 cpus 62-63,65
0: mpibind: task  16 nths  3 gpus 16 cpus 66-68
0: mpibind: task  17 nths  3 gpus 17 cpus 69-71
0: mpibind: task  18 nths  3 gpus 18 cpus 73-76
0: mpibind: task  19 nths  3 gpus 19 cpus 77-79,81
0: mpibind: task  20 nths  3 gpus 20 cpus 82-85
0: mpibind: task  21 nths  3 gpus 21 cpus 86-87,89
0: mpibind: task  22 nths  3 gpus 22 cpus 90-92
0: mpibind: task  23 nths  3 gpus 23 cpus 93-95
0: 0.141s: flux-shell[13]: mpibind: 
0: mpibind: task   0 nths  3 gpus 0 cpus 1-4
0: mpibind: task   1 nths  3 gpus 1 cpus 5-7,9
0: mpibind: task   2 nths  3 gpus 2 cpus 10-13
0: mpibind: task   3 nths  3 gpus 3 cpus 14-15,17
0: mpibind: task   4 nths  3 gpus 4 cpus 18-20
0: mpibind: task   5 nths  3 gpus 5 cpus 21-23
0: mpibind: task   6 nths  3 gpus 6 cpus 25-28
0: mpibind: task   7 nths  3 gpus 7 cpus 29-31,33
0: mpibind: task   8 nths  3 gpus 8 cpus 34-37
0: mpibind: task   9 nths  3 gpus 9 cpus 38-39,41
0: mpibind: task  10 nths  3 gpus 10 cpus 42-44
0: mpibind: task  11 nths  3 gpus 11 cpus 45-47
0: mpibind: task  12 nths  3 gpus 12 cpus 49-52
0: mpibind: task  13 nths  3 gpus 13 cpus 53-55,57
0: mpibind: task  14 nths  3 gpus 14 cpus 58-61
0: mpibind: task  15 nths  3 gpus 15 cpus 62-63,65
0: mpibind: task  16 nths  3 gpus 16 cpus 66-68
0: mpibind: task  17 nths  3 gpus 17 cpus 69-71
0: mpibind: task  18 nths  3 gpus 18 cpus 73-76
0: mpibind: task  19 nths  3 gpus 19 cpus 77-79,81
0: mpibind: task  20 nths  3 gpus 20 cpus 82-85
0: mpibind: task  21 nths  3 gpus 21 cpus 86-87,89
0: mpibind: task  22 nths  3 gpus 22 cpus 90-92
0: mpibind: task  23 nths  3 gpus 23 cpus 93-95
0: 0.158s: flux-shell[24]: mpibind: 
0: mpibind: task   0 nths  3 gpus 0 cpus 1-4
0: mpibind: task   1 nths  3 gpus 1 cpus 5-7,9
0: mpibind: task   2 nths  3 gpus 2 cpus 10-13
0: mpibind: task   3 nths  3 gpus 3 cpus 14-15,17
0: mpibind: task   4 nths  3 gpus 4 cpus 18-20
0: mpibind: task   5 nths  3 gpus 5 cpus 21-23
0: mpibind: task   6 nths  3 gpus 6 cpus 25-28
0: mpibind: task   7 nths  3 gpus 7 cpus 29-31,33
0: mpibind: task   8 nths  3 gpus 8 cpus 34-37
0: mpibind: task   9 nths  3 gpus 9 cpus 38-39,41
0: mpibind: task  10 nths  3 gpus 10 cpus 42-44
0: mpibind: task  11 nths  3 gpus 11 cpus 45-47
0: mpibind: task  12 nths  3 gpus 12 cpus 49-52
0: mpibind: task  13 nths  3 gpus 13 cpus 53-55,57
0: mpibind: task  14 nths  3 gpus 14 cpus 58-61
0: mpibind: task  15 nths  3 gpus 15 cpus 62-63,65
0: mpibind: task  16 nths  3 gpus 16 cpus 66-68
0: mpibind: task  17 nths  3 gpus 17 cpus 69-71
0: mpibind: task  18 nths  3 gpus 18 cpus 73-76
0: mpibind: task  19 nths  3 gpus 19 cpus 77-79,81
0: mpibind: task  20 nths  3 gpus 20 cpus 82-85
0: mpibind: task  21 nths  3 gpus 21 cpus 86-87,89
0: mpibind: task  22 nths  3 gpus 22 cpus 90-92
0: mpibind: task  23 nths  3 gpus 23 cpus 93-95
0: 0.163s: flux-shell[27]: mpibind: 
0: mpibind: task   0 nths  3 gpus 0 cpus 1-4
0: mpibind: task   1 nths  3 gpus 1 cpus 5-7,9
0: mpibind: task   2 nths  3 gpus 2 cpus 10-13
0: mpibind: task   3 nths  3 gpus 3 cpus 14-15,17
0: mpibind: task   4 nths  3 gpus 4 cpus 18-20
0: mpibind: task   5 nths  3 gpus 5 cpus 21-23
0: mpibind: task   6 nths  3 gpus 6 cpus 25-28
0: mpibind: task   7 nths  3 gpus 7 cpus 29-31,33
0: mpibind: task   8 nths  3 gpus 8 cpus 34-37
0: mpibind: task   9 nths  3 gpus 9 cpus 38-39,41
0: mpibind: task  10 nths  3 gpus 10 cpus 42-44
0: mpibind: task  11 nths  3 gpus 11 cpus 45-47
0: mpibind: task  12 nths  3 gpus 12 cpus 49-52
0: mpibind: task  13 nths  3 gpus 13 cpus 53-55,57
0: mpibind: task  14 nths  3 gpus 14 cpus 58-61
0: mpibind: task  15 nths  3 gpus 15 cpus 62-63,65
0: mpibind: task  16 nths  3 gpus 16 cpus 66-68
0: mpibind: task  17 nths  3 gpus 17 cpus 69-71
0: mpibind: task  18 nths  3 gpus 18 cpus 73-76
0: mpibind: task  19 nths  3 gpus 19 cpus 77-79,81
0: mpibind: task  20 nths  3 gpus 20 cpus 82-85
0: mpibind: task  21 nths  3 gpus 21 cpus 86-87,89
0: mpibind: task  22 nths  3 gpus 22 cpus 90-92
0: mpibind: task  23 nths  3 gpus 23 cpus 93-95
0: 0.156s: flux-shell[28]: mpibind: 
0: mpibind: task   0 nths  3 gpus 0 cpus 1-4
0: mpibind: task   1 nths  3 gpus 1 cpus 5-7,9
0: mpibind: task   2 nths  3 gpus 2 cpus 10-13
0: mpibind: task   3 nths  3 gpus 3 cpus 14-15,17
0: mpibind: task   4 nths  3 gpus 4 cpus 18-20
0: mpibind: task   5 nths  3 gpus 5 cpus 21-23
0: mpibind: task   6 nths  3 gpus 6 cpus 25-28
0: mpibind: task   7 nths  3 gpus 7 cpus 29-31,33
0: mpibind: task   8 nths  3 gpus 8 cpus 34-37
0: mpibind: task   9 nths  3 gpus 9 cpus 38-39,41
0: mpibind: task  10 nths  3 gpus 10 cpus 42-44
0: mpibind: task  11 nths  3 gpus 11 cpus 45-47
0: mpibind: task  12 nths  3 gpus 12 cpus 49-52
0: mpibind: task  13 nths  3 gpus 13 cpus 53-55,57
0: mpibind: task  14 nths  3 gpus 14 cpus 58-61
0: mpibind: task  15 nths  3 gpus 15 cpus 62-63,65
0: mpibind: task  16 nths  3 gpus 16 cpus 66-68
0: mpibind: task  17 nths  3 gpus 17 cpus 69-71
0: mpibind: task  18 nths  3 gpus 18 cpus 73-76
0: mpibind: task  19 nths  3 gpus 19 cpus 77-79,81
0: mpibind: task  20 nths  3 gpus 20 cpus 82-85
0: mpibind: task  21 nths  3 gpus 21 cpus 86-87,89
0: mpibind: task  22 nths  3 gpus 22 cpus 90-92
0: mpibind: task  23 nths  3 gpus 23 cpus 93-95
0: 0.154s: flux-shell[18]: mpibind: 
0: mpibind: task   0 nths  3 gpus 0 cpus 1-4
0: mpibind: task   1 nths  3 gpus 1 cpus 5-7,9
0: mpibind: task   2 nths  3 gpus 2 cpus 10-13
0: mpibind: task   3 nths  3 gpus 3 cpus 14-15,17
0: mpibind: task   4 nths  3 gpus 4 cpus 18-20
0: mpibind: task   5 nths  3 gpus 5 cpus 21-23
0: mpibind: task   6 nths  3 gpus 6 cpus 25-28
0: mpibind: task   7 nths  3 gpus 7 cpus 29-31,33
0: mpibind: task   8 nths  3 gpus 8 cpus 34-37
0: mpibind: task   9 nths  3 gpus 9 cpus 38-39,41
0: mpibind: task  10 nths  3 gpus 10 cpus 42-44
0: mpibind: task  11 nths  3 gpus 11 cpus 45-47
0: mpibind: task  12 nths  3 gpus 12 cpus 49-52
0: mpibind: task  13 nths  3 gpus 13 cpus 53-55,57
0: mpibind: task  14 nths  3 gpus 14 cpus 58-61
0: mpibind: task  15 nths  3 gpus 15 cpus 62-63,65
0: mpibind: task  16 nths  3 gpus 16 cpus 66-68
0: mpibind: task  17 nths  3 gpus 17 cpus 69-71
0: mpibind: task  18 nths  3 gpus 18 cpus 73-76
0: mpibind: task  19 nths  3 gpus 19 cpus 77-79,81
0: mpibind: task  20 nths  3 gpus 20 cpus 82-85
0: mpibind: task  21 nths  3 gpus 21 cpus 86-87,89
0: mpibind: task  22 nths  3 gpus 22 cpus 90-92
0: mpibind: task  23 nths  3 gpus 23 cpus 93-95
0: 0.152s: flux-shell[16]: mpibind: 
0: mpibind: task   0 nths  3 gpus 0 cpus 1-4
0: mpibind: task   1 nths  3 gpus 1 cpus 5-7,9
0: mpibind: task   2 nths  3 gpus 2 cpus 10-13
0: mpibind: task   3 nths  3 gpus 3 cpus 14-15,17
0: mpibind: task   4 nths  3 gpus 4 cpus 18-20
0: mpibind: task   5 nths  3 gpus 5 cpus 21-23
0: mpibind: task   6 nths  3 gpus 6 cpus 25-28
0: mpibind: task   7 nths  3 gpus 7 cpus 29-31,33
0: mpibind: task   8 nths  3 gpus 8 cpus 34-37
0: mpibind: task   9 nths  3 gpus 9 cpus 38-39,41
0: mpibind: task  10 nths  3 gpus 10 cpus 42-44
0: mpibind: task  11 nths  3 gpus 11 cpus 45-47
0: mpibind: task  12 nths  3 gpus 12 cpus 49-52
0: mpibind: task  13 nths  3 gpus 13 cpus 53-55,57
0: mpibind: task  14 nths  3 gpus 14 cpus 58-61
0: mpibind: task  15 nths  3 gpus 15 cpus 62-63,65
0: mpibind: task  16 nths  3 gpus 16 cpus 66-68
0: mpibind: task  17 nths  3 gpus 17 cpus 69-71
0: mpibind: task  18 nths  3 gpus 18 cpus 73-76
0: mpibind: task  19 nths  3 gpus 19 cpus 77-79,81
0: mpibind: task  20 nths  3 gpus 20 cpus 82-85
0: mpibind: task  21 nths  3 gpus 21 cpus 86-87,89
0: mpibind: task  22 nths  3 gpus 22 cpus 90-92
0: mpibind: task  23 nths  3 gpus 23 cpus 93-95
0: 0.152s: flux-shell[17]: mpibind: 
0: mpibind: task   0 nths  3 gpus 0 cpus 1-4
0: mpibind: task   1 nths  3 gpus 1 cpus 5-7,9
0: mpibind: task   2 nths  3 gpus 2 cpus 10-13
0: mpibind: task   3 nths  3 gpus 3 cpus 14-15,17
0: mpibind: task   4 nths  3 gpus 4 cpus 18-20
0: mpibind: task   5 nths  3 gpus 5 cpus 21-23
0: mpibind: task   6 nths  3 gpus 6 cpus 25-28
0: mpibind: task   7 nths  3 gpus 7 cpus 29-31,33
0: mpibind: task   8 nths  3 gpus 8 cpus 34-37
0: mpibind: task   9 nths  3 gpus 9 cpus 38-39,41
0: mpibind: task  10 nths  3 gpus 10 cpus 42-44
0: mpibind: task  11 nths  3 gpus 11 cpus 45-47
0: mpibind: task  12 nths  3 gpus 12 cpus 49-52
0: mpibind: task  13 nths  3 gpus 13 cpus 53-55,57
0: mpibind: task  14 nths  3 gpus 14 cpus 58-61
0: mpibind: task  15 nths  3 gpus 15 cpus 62-63,65
0: mpibind: task  16 nths  3 gpus 16 cpus 66-68
0: mpibind: task  17 nths  3 gpus 17 cpus 69-71
0: mpibind: task  18 nths  3 gpus 18 cpus 73-76
0: mpibind: task  19 nths  3 gpus 19 cpus 77-79,81
0: mpibind: task  20 nths  3 gpus 20 cpus 82-85
0: mpibind: task  21 nths  3 gpus 21 cpus 86-87,89
0: mpibind: task  22 nths  3 gpus 22 cpus 90-92
0: mpibind: task  23 nths  3 gpus 23 cpus 93-95
0: 0.157s: flux-shell[21]: mpibind: 
0: mpibind: task   0 nths  3 gpus 0 cpus 1-4
0: mpibind: task   1 nths  3 gpus 1 cpus 5-7,9
0: mpibind: task   2 nths  3 gpus 2 cpus 10-13
0: mpibind: task   3 nths  3 gpus 3 cpus 14-15,17
0: mpibind: task   4 nths  3 gpus 4 cpus 18-20
0: mpibind: task   5 nths  3 gpus 5 cpus 21-23
0: mpibind: task   6 nths  3 gpus 6 cpus 25-28
0: mpibind: task   7 nths  3 gpus 7 cpus 29-31,33
0: mpibind: task   8 nths  3 gpus 8 cpus 34-37
0: mpibind: task   9 nths  3 gpus 9 cpus 38-39,41
0: mpibind: task  10 nths  3 gpus 10 cpus 42-44
0: mpibind: task  11 nths  3 gpus 11 cpus 45-47
0: mpibind: task  12 nths  3 gpus 12 cpus 49-52
0: mpibind: task  13 nths  3 gpus 13 cpus 53-55,57
0: mpibind: task  14 nths  3 gpus 14 cpus 58-61
0: mpibind: task  15 nths  3 gpus 15 cpus 62-63,65
0: mpibind: task  16 nths  3 gpus 16 cpus 66-68
0: mpibind: task  17 nths  3 gpus 17 cpus 69-71
0: mpibind: task  18 nths  3 gpus 18 cpus 73-76
0: mpibind: task  19 nths  3 gpus 19 cpus 77-79,81
0: mpibind: task  20 nths  3 gpus 20 cpus 82-85
0: mpibind: task  21 nths  3 gpus 21 cpus 86-87,89
0: mpibind: task  22 nths  3 gpus 22 cpus 90-92
0: mpibind: task  23 nths  3 gpus 23 cpus 93-95
0: 0.152s: flux-shell[20]: mpibind: 
0: mpibind: task   0 nths  3 gpus 0 cpus 1-4
0: mpibind: task   1 nths  3 gpus 1 cpus 5-7,9
0: mpibind: task   2 nths  3 gpus 2 cpus 10-13
0: mpibind: task   3 nths  3 gpus 3 cpus 14-15,17
0: mpibind: task   4 nths  3 gpus 4 cpus 18-20
0: mpibind: task   5 nths  3 gpus 5 cpus 21-23
0: mpibind: task   6 nths  3 gpus 6 cpus 25-28
0: mpibind: task   7 nths  3 gpus 7 cpus 29-31,33
0: mpibind: task   8 nths  3 gpus 8 cpus 34-37
0: mpibind: task   9 nths  3 gpus 9 cpus 38-39,41
0: mpibind: task  10 nths  3 gpus 10 cpus 42-44
0: mpibind: task  11 nths  3 gpus 11 cpus 45-47
0: mpibind: task  12 nths  3 gpus 12 cpus 49-52
0: mpibind: task  13 nths  3 gpus 13 cpus 53-55,57
0: mpibind: task  14 nths  3 gpus 14 cpus 58-61
0: mpibind: task  15 nths  3 gpus 15 cpus 62-63,65
0: mpibind: task  16 nths  3 gpus 16 cpus 66-68
0: mpibind: task  17 nths  3 gpus 17 cpus 69-71
0: mpibind: task  18 nths  3 gpus 18 cpus 73-76
0: mpibind: task  19 nths  3 gpus 19 cpus 77-79,81
0: mpibind: task  20 nths  3 gpus 20 cpus 82-85
0: mpibind: task  21 nths  3 gpus 21 cpus 86-87,89
0: mpibind: task  22 nths  3 gpus 22 cpus 90-92
0: mpibind: task  23 nths  3 gpus 23 cpus 93-95
0: 0.150s: flux-shell[19]: mpibind: 
0: mpibind: task   0 nths  3 gpus 0 cpus 1-4
0: mpibind: task   1 nths  3 gpus 1 cpus 5-7,9
0: mpibind: task   2 nths  3 gpus 2 cpus 10-13
0: mpibind: task   3 nths  3 gpus 3 cpus 14-15,17
0: mpibind: task   4 nths  3 gpus 4 cpus 18-20
0: mpibind: task   5 nths  3 gpus 5 cpus 21-23
0: mpibind: task   6 nths  3 gpus 6 cpus 25-28
0: mpibind: task   7 nths  3 gpus 7 cpus 29-31,33
0: mpibind: task   8 nths  3 gpus 8 cpus 34-37
0: mpibind: task   9 nths  3 gpus 9 cpus 38-39,41
0: mpibind: task  10 nths  3 gpus 10 cpus 42-44
0: mpibind: task  11 nths  3 gpus 11 cpus 45-47
0: mpibind: task  12 nths  3 gpus 12 cpus 49-52
0: mpibind: task  13 nths  3 gpus 13 cpus 53-55,57
0: mpibind: task  14 nths  3 gpus 14 cpus 58-61
0: mpibind: task  15 nths  3 gpus 15 cpus 62-63,65
0: mpibind: task  16 nths  3 gpus 16 cpus 66-68
0: mpibind: task  17 nths  3 gpus 17 cpus 69-71
0: mpibind: task  18 nths  3 gpus 18 cpus 73-76
0: mpibind: task  19 nths  3 gpus 19 cpus 77-79,81
0: mpibind: task  20 nths  3 gpus 20 cpus 82-85
0: mpibind: task  21 nths  3 gpus 21 cpus 86-87,89
0: mpibind: task  22 nths  3 gpus 22 cpus 90-92
0: mpibind: task  23 nths  3 gpus 23 cpus 93-95
0: 0.152s: flux-shell[23]: mpibind: 
0: mpibind: task   0 nths  3 gpus 0 cpus 1-4
0: mpibind: task   1 nths  3 gpus 1 cpus 5-7,9
0: mpibind: task   2 nths  3 gpus 2 cpus 10-13
0: mpibind: task   3 nths  3 gpus 3 cpus 14-15,17
0: mpibind: task   4 nths  3 gpus 4 cpus 18-20
0: mpibind: task   5 nths  3 gpus 5 cpus 21-23
0: mpibind: task   6 nths  3 gpus 6 cpus 25-28
0: mpibind: task   7 nths  3 gpus 7 cpus 29-31,33
0: mpibind: task   8 nths  3 gpus 8 cpus 34-37
0: mpibind: task   9 nths  3 gpus 9 cpus 38-39,41
0: mpibind: task  10 nths  3 gpus 10 cpus 42-44
0: mpibind: task  11 nths  3 gpus 11 cpus 45-47
0: mpibind: task  12 nths  3 gpus 12 cpus 49-52
0: mpibind: task  13 nths  3 gpus 13 cpus 53-55,57
0: mpibind: task  14 nths  3 gpus 14 cpus 58-61
0: mpibind: task  15 nths  3 gpus 15 cpus 62-63,65
0: mpibind: task  16 nths  3 gpus 16 cpus 66-68
0: mpibind: task  17 nths  3 gpus 17 cpus 69-71
0: mpibind: task  18 nths  3 gpus 18 cpus 73-76
0: mpibind: task  19 nths  3 gpus 19 cpus 77-79,81
0: mpibind: task  20 nths  3 gpus 20 cpus 82-85
0: mpibind: task  21 nths  3 gpus 21 cpus 86-87,89
0: mpibind: task  22 nths  3 gpus 22 cpus 90-92
0: mpibind: task  23 nths  3 gpus 23 cpus 93-95
0: 0.162s: flux-shell[26]: mpibind: 
0: mpibind: task   0 nths  3 gpus 0 cpus 1-4
0: mpibind: task   1 nths  3 gpus 1 cpus 5-7,9
0: mpibind: task   2 nths  3 gpus 2 cpus 10-13
0: mpibind: task   3 nths  3 gpus 3 cpus 14-15,17
0: mpibind: task   4 nths  3 gpus 4 cpus 18-20
0: mpibind: task   5 nths  3 gpus 5 cpus 21-23
0: mpibind: task   6 nths  3 gpus 6 cpus 25-28
0: mpibind: task   7 nths  3 gpus 7 cpus 29-31,33
0: mpibind: task   8 nths  3 gpus 8 cpus 34-37
0: mpibind: task   9 nths  3 gpus 9 cpus 38-39,41
0: mpibind: task  10 nths  3 gpus 10 cpus 42-44
0: mpibind: task  11 nths  3 gpus 11 cpus 45-47
0: mpibind: task  12 nths  3 gpus 12 cpus 49-52
0: mpibind: task  13 nths  3 gpus 13 cpus 53-55,57
0: mpibind: task  14 nths  3 gpus 14 cpus 58-61
0: mpibind: task  15 nths  3 gpus 15 cpus 62-63,65
0: mpibind: task  16 nths  3 gpus 16 cpus 66-68
0: mpibind: task  17 nths  3 gpus 17 cpus 69-71
0: mpibind: task  18 nths  3 gpus 18 cpus 73-76
0: mpibind: task  19 nths  3 gpus 19 cpus 77-79,81
0: mpibind: task  20 nths  3 gpus 20 cpus 82-85
0: mpibind: task  21 nths  3 gpus 21 cpus 86-87,89
0: mpibind: task  22 nths  3 gpus 22 cpus 90-92
0: mpibind: task  23 nths  3 gpus 23 cpus 93-95
0: 0.160s: flux-shell[22]: mpibind: 
0: mpibind: task   0 nths  3 gpus 0 cpus 1-4
0: mpibind: task   1 nths  3 gpus 1 cpus 5-7,9
0: mpibind: task   2 nths  3 gpus 2 cpus 10-13
0: mpibind: task   3 nths  3 gpus 3 cpus 14-15,17
0: mpibind: task   4 nths  3 gpus 4 cpus 18-20
0: mpibind: task   5 nths  3 gpus 5 cpus 21-23
0: mpibind: task   6 nths  3 gpus 6 cpus 25-28
0: mpibind: task   7 nths  3 gpus 7 cpus 29-31,33
0: mpibind: task   8 nths  3 gpus 8 cpus 34-37
0: mpibind: task   9 nths  3 gpus 9 cpus 38-39,41
0: mpibind: task  10 nths  3 gpus 10 cpus 42-44
0: mpibind: task  11 nths  3 gpus 11 cpus 45-47
0: mpibind: task  12 nths  3 gpus 12 cpus 49-52
0: mpibind: task  13 nths  3 gpus 13 cpus 53-55,57
0: mpibind: task  14 nths  3 gpus 14 cpus 58-61
0: mpibind: task  15 nths  3 gpus 15 cpus 62-63,65
0: mpibind: task  16 nths  3 gpus 16 cpus 66-68
0: mpibind: task  17 nths  3 gpus 17 cpus 69-71
0: mpibind: task  18 nths  3 gpus 18 cpus 73-76
0: mpibind: task  19 nths  3 gpus 19 cpus 77-79,81
0: mpibind: task  20 nths  3 gpus 20 cpus 82-85
0: mpibind: task  21 nths  3 gpus 21 cpus 86-87,89
0: mpibind: task  22 nths  3 gpus 22 cpus 90-92
0: mpibind: task  23 nths  3 gpus 23 cpus 93-95
0: 0.166s: flux-shell[30]: mpibind: 
0: mpibind: task   0 nths  3 gpus 0 cpus 1-4
0: mpibind: task   1 nths  3 gpus 1 cpus 5-7,9
0: mpibind: task   2 nths  3 gpus 2 cpus 10-13
0: mpibind: task   3 nths  3 gpus 3 cpus 14-15,17
0: mpibind: task   4 nths  3 gpus 4 cpus 18-20
0: mpibind: task   5 nths  3 gpus 5 cpus 21-23
0: mpibind: task   6 nths  3 gpus 6 cpus 25-28
0: mpibind: task   7 nths  3 gpus 7 cpus 29-31,33
0: mpibind: task   8 nths  3 gpus 8 cpus 34-37
0: mpibind: task   9 nths  3 gpus 9 cpus 38-39,41
0: mpibind: task  10 nths  3 gpus 10 cpus 42-44
0: mpibind: task  11 nths  3 gpus 11 cpus 45-47
0: mpibind: task  12 nths  3 gpus 12 cpus 49-52
0: mpibind: task  13 nths  3 gpus 13 cpus 53-55,57
0: mpibind: task  14 nths  3 gpus 14 cpus 58-61
0: mpibind: task  15 nths  3 gpus 15 cpus 62-63,65
0: mpibind: task  16 nths  3 gpus 16 cpus 66-68
0: mpibind: task  17 nths  3 gpus 17 cpus 69-71
0: mpibind: task  18 nths  3 gpus 18 cpus 73-76
0: mpibind: task  19 nths  3 gpus 19 cpus 77-79,81
0: mpibind: task  20 nths  3 gpus 20 cpus 82-85
0: mpibind: task  21 nths  3 gpus 21 cpus 86-87,89
0: mpibind: task  22 nths  3 gpus 22 cpus 90-92
0: mpibind: task  23 nths  3 gpus 23 cpus 93-95
0: 0.165s: flux-shell[29]: mpibind: 
0: mpibind: task   0 nths  3 gpus 0 cpus 1-4
0: mpibind: task   1 nths  3 gpus 1 cpus 5-7,9
0: mpibind: task   2 nths  3 gpus 2 cpus 10-13
0: mpibind: task   3 nths  3 gpus 3 cpus 14-15,17
0: mpibind: task   4 nths  3 gpus 4 cpus 18-20
0: mpibind: task   5 nths  3 gpus 5 cpus 21-23
0: mpibind: task   6 nths  3 gpus 6 cpus 25-28
0: mpibind: task   7 nths  3 gpus 7 cpus 29-31,33
0: mpibind: task   8 nths  3 gpus 8 cpus 34-37
0: mpibind: task   9 nths  3 gpus 9 cpus 38-39,41
0: mpibind: task  10 nths  3 gpus 10 cpus 42-44
0: mpibind: task  11 nths  3 gpus 11 cpus 45-47
0: mpibind: task  12 nths  3 gpus 12 cpus 49-52
0: mpibind: task  13 nths  3 gpus 13 cpus 53-55,57
0: mpibind: task  14 nths  3 gpus 14 cpus 58-61
0: mpibind: task  15 nths  3 gpus 15 cpus 62-63,65
0: mpibind: task  16 nths  3 gpus 16 cpus 66-68
0: mpibind: task  17 nths  3 gpus 17 cpus 69-71
0: mpibind: task  18 nths  3 gpus 18 cpus 73-76
0: mpibind: task  19 nths  3 gpus 19 cpus 77-79,81
0: mpibind: task  20 nths  3 gpus 20 cpus 82-85
0: mpibind: task  21 nths  3 gpus 21 cpus 86-87,89
0: mpibind: task  22 nths  3 gpus 22 cpus 90-92
0: mpibind: task  23 nths  3 gpus 23 cpus 93-95
0: 0.150s: flux-shell[25]: mpibind: 
0: mpibind: task   0 nths  3 gpus 0 cpus 1-4
0: mpibind: task   1 nths  3 gpus 1 cpus 5-7,9
0: mpibind: task   2 nths  3 gpus 2 cpus 10-13
0: mpibind: task   3 nths  3 gpus 3 cpus 14-15,17
0: mpibind: task   4 nths  3 gpus 4 cpus 18-20
0: mpibind: task   5 nths  3 gpus 5 cpus 21-23
0: mpibind: task   6 nths  3 gpus 6 cpus 25-28
0: mpibind: task   7 nths  3 gpus 7 cpus 29-31,33
0: mpibind: task   8 nths  3 gpus 8 cpus 34-37
0: mpibind: task   9 nths  3 gpus 9 cpus 38-39,41
0: mpibind: task  10 nths  3 gpus 10 cpus 42-44
0: mpibind: task  11 nths  3 gpus 11 cpus 45-47
0: mpibind: task  12 nths  3 gpus 12 cpus 49-52
0: mpibind: task  13 nths  3 gpus 13 cpus 53-55,57
0: mpibind: task  14 nths  3 gpus 14 cpus 58-61
0: mpibind: task  15 nths  3 gpus 15 cpus 62-63,65
0: mpibind: task  16 nths  3 gpus 16 cpus 66-68
0: mpibind: task  17 nths  3 gpus 17 cpus 69-71
0: mpibind: task  18 nths  3 gpus 18 cpus 73-76
0: mpibind: task  19 nths  3 gpus 19 cpus 77-79,81
0: mpibind: task  20 nths  3 gpus 20 cpus 82-85
0: mpibind: task  21 nths  3 gpus 21 cpus 86-87,89
0: mpibind: task  22 nths  3 gpus 22 cpus 90-92
0: mpibind: task  23 nths  3 gpus 23 cpus 93-95
0: 0.160s: flux-shell[31]: mpibind: 
0: mpibind: task   0 nths  3 gpus 0 cpus 1-4
0: mpibind: task   1 nths  3 gpus 1 cpus 5-7,9
0: mpibind: task   2 nths  3 gpus 2 cpus 10-13
0: mpibind: task   3 nths  3 gpus 3 cpus 14-15,17
0: mpibind: task   4 nths  3 gpus 4 cpus 18-20
0: mpibind: task   5 nths  3 gpus 5 cpus 21-23
0: mpibind: task   6 nths  3 gpus 6 cpus 25-28
0: mpibind: task   7 nths  3 gpus 7 cpus 29-31,33
0: mpibind: task   8 nths  3 gpus 8 cpus 34-37
0: mpibind: task   9 nths  3 gpus 9 cpus 38-39,41
0: mpibind: task  10 nths  3 gpus 10 cpus 42-44
0: mpibind: task  11 nths  3 gpus 11 cpus 45-47
0: mpibind: task  12 nths  3 gpus 12 cpus 49-52
0: mpibind: task  13 nths  3 gpus 13 cpus 53-55,57
0: mpibind: task  14 nths  3 gpus 14 cpus 58-61
0: mpibind: task  15 nths  3 gpus 15 cpus 62-63,65
0: mpibind: task  16 nths  3 gpus 16 cpus 66-68
0: mpibind: task  17 nths  3 gpus 17 cpus 69-71
0: mpibind: task  18 nths  3 gpus 18 cpus 73-76
0: mpibind: task  19 nths  3 gpus 19 cpus 77-79,81
0: mpibind: task  20 nths  3 gpus 20 cpus 82-85
0: mpibind: task  21 nths  3 gpus 21 cpus 86-87,89
0: mpibind: task  22 nths  3 gpus 22 cpus 90-92
0: mpibind: task  23 nths  3 gpus 23 cpus 93-95
0: jobid: f2EYoEhs5
0: 0.115s: flux-shell[0]: mpibind: 
0: mpibind: task   0 nths  3 gpus 0 cpus 1-4
0: mpibind: task   1 nths  3 gpus 1 cpus 5-7,9
0: mpibind: task   2 nths  3 gpus 2 cpus 10-13
0: mpibind: task   3 nths  3 gpus 3 cpus 14-15,17
0: mpibind: task   4 nths  3 gpus 4 cpus 18-20
0: mpibind: task   5 nths  3 gpus 5 cpus 21-23
0: mpibind: task   6 nths  3 gpus 6 cpus 25-28
0: mpibind: task   7 nths  3 gpus 7 cpus 29-31,33
0: mpibind: task   8 nths  3 gpus 8 cpus 34-37
0: mpibind: task   9 nths  3 gpus 9 cpus 38-39,41
0: mpibind: task  10 nths  3 gpus 10 cpus 42-44
0: mpibind: task  11 nths  3 gpus 11 cpus 45-47
0: mpibind: task  12 nths  3 gpus 12 cpus 49-52
0: mpibind: task  13 nths  3 gpus 13 cpus 53-55,57
0: mpibind: task  14 nths  3 gpus 14 cpus 58-61
0: mpibind: task  15 nths  3 gpus 15 cpus 62-63,65
0: mpibind: task  16 nths  3 gpus 16 cpus 66-68
0: mpibind: task  17 nths  3 gpus 17 cpus 69-71
0: mpibind: task  18 nths  3 gpus 18 cpus 73-76
0: mpibind: task  19 nths  3 gpus 19 cpus 77-79,81
0: mpibind: task  20 nths  3 gpus 20 cpus 82-85
0: mpibind: task  21 nths  3 gpus 21 cpus 86-87,89
0: mpibind: task  22 nths  3 gpus 22 cpus 90-92
0: mpibind: task  23 nths  3 gpus 23 cpus 93-95
0: 0.126s: flux-shell[1]: mpibind: 
0: mpibind: task   0 nths  3 gpus 0 cpus 1-4
0: mpibind: task   1 nths  3 gpus 1 cpus 5-7,9
0: mpibind: task   2 nths  3 gpus 2 cpus 10-13
0: mpibind: task   3 nths  3 gpus 3 cpus 14-15,17
0: mpibind: task   4 nths  3 gpus 4 cpus 18-20
0: mpibind: task   5 nths  3 gpus 5 cpus 21-23
0: mpibind: task   6 nths  3 gpus 6 cpus 25-28
0: mpibind: task   7 nths  3 gpus 7 cpus 29-31,33
0: mpibind: task   8 nths  3 gpus 8 cpus 34-37
0: mpibind: task   9 nths  3 gpus 9 cpus 38-39,41
0: mpibind: task  10 nths  3 gpus 10 cpus 42-44
0: mpibind: task  11 nths  3 gpus 11 cpus 45-47
0: mpibind: task  12 nths  3 gpus 12 cpus 49-52
0: mpibind: task  13 nths  3 gpus 13 cpus 53-55,57
0: mpibind: task  14 nths  3 gpus 14 cpus 58-61
0: mpibind: task  15 nths  3 gpus 15 cpus 62-63,65
0: mpibind: task  16 nths  3 gpus 16 cpus 66-68
0: mpibind: task  17 nths  3 gpus 17 cpus 69-71
0: mpibind: task  18 nths  3 gpus 18 cpus 73-76
0: mpibind: task  19 nths  3 gpus 19 cpus 77-79,81
0: mpibind: task  20 nths  3 gpus 20 cpus 82-85
0: mpibind: task  21 nths  3 gpus 21 cpus 86-87,89
0: mpibind: task  22 nths  3 gpus 22 cpus 90-92
0: mpibind: task  23 nths  3 gpus 23 cpus 93-95
0: 0.127s: flux-shell[3]: mpibind: 
0: mpibind: task   0 nths  3 gpus 0 cpus 1-4
0: mpibind: task   1 nths  3 gpus 1 cpus 5-7,9
0: mpibind: task   2 nths  3 gpus 2 cpus 10-13
0: mpibind: task   3 nths  3 gpus 3 cpus 14-15,17
0: mpibind: task   4 nths  3 gpus 4 cpus 18-20
0: mpibind: task   5 nths  3 gpus 5 cpus 21-23
0: mpibind: task   6 nths  3 gpus 6 cpus 25-28
0: mpibind: task   7 nths  3 gpus 7 cpus 29-31,33
0: mpibind: task   8 nths  3 gpus 8 cpus 34-37
0: mpibind: task   9 nths  3 gpus 9 cpus 38-39,41
0: mpibind: task  10 nths  3 gpus 10 cpus 42-44
0: mpibind: task  11 nths  3 gpus 11 cpus 45-47
0: mpibind: task  12 nths  3 gpus 12 cpus 49-52
0: mpibind: task  13 nths  3 gpus 13 cpus 53-55,57
0: mpibind: task  14 nths  3 gpus 14 cpus 58-61
0: mpibind: task  15 nths  3 gpus 15 cpus 62-63,65
0: mpibind: task  16 nths  3 gpus 16 cpus 66-68
0: mpibind: task  17 nths  3 gpus 17 cpus 69-71
0: mpibind: task  18 nths  3 gpus 18 cpus 73-76
0: mpibind: task  19 nths  3 gpus 19 cpus 77-79,81
0: mpibind: task  20 nths  3 gpus 20 cpus 82-85
0: mpibind: task  21 nths  3 gpus 21 cpus 86-87,89
0: mpibind: task  22 nths  3 gpus 22 cpus 90-92
0: mpibind: task  23 nths  3 gpus 23 cpus 93-95
0: 0.125s: flux-shell[4]: mpibind: 
0: mpibind: task   0 nths  3 gpus 0 cpus 1-4
0: mpibind: task   1 nths  3 gpus 1 cpus 5-7,9
0: mpibind: task   2 nths  3 gpus 2 cpus 10-13
0: mpibind: task   3 nths  3 gpus 3 cpus 14-15,17
0: mpibind: task   4 nths  3 gpus 4 cpus 18-20
0: mpibind: task   5 nths  3 gpus 5 cpus 21-23
0: mpibind: task   6 nths  3 gpus 6 cpus 25-28
0: mpibind: task   7 nths  3 gpus 7 cpus 29-31,33
0: mpibind: task   8 nths  3 gpus 8 cpus 34-37
0: mpibind: task   9 nths  3 gpus 9 cpus 38-39,41
0: mpibind: task  10 nths  3 gpus 10 cpus 42-44
0: mpibind: task  11 nths  3 gpus 11 cpus 45-47
0: mpibind: task  12 nths  3 gpus 12 cpus 49-52
0: mpibind: task  13 nths  3 gpus 13 cpus 53-55,57
0: mpibind: task  14 nths  3 gpus 14 cpus 58-61
0: mpibind: task  15 nths  3 gpus 15 cpus 62-63,65
0: mpibind: task  16 nths  3 gpus 16 cpus 66-68
0: mpibind: task  17 nths  3 gpus 17 cpus 69-71
0: mpibind: task  18 nths  3 gpus 18 cpus 73-76
0: mpibind: task  19 nths  3 gpus 19 cpus 77-79,81
0: mpibind: task  20 nths  3 gpus 20 cpus 82-85
0: mpibind: task  21 nths  3 gpus 21 cpus 86-87,89
0: mpibind: task  22 nths  3 gpus 22 cpus 90-92
0: mpibind: task  23 nths  3 gpus 23 cpus 93-95
0: 0.131s: flux-shell[5]: mpibind: 
0: mpibind: task   0 nths  3 gpus 0 cpus 1-4
0: mpibind: task   1 nths  3 gpus 1 cpus 5-7,9
0: mpibind: task   2 nths  3 gpus 2 cpus 10-13
0: mpibind: task   3 nths  3 gpus 3 cpus 14-15,17
0: mpibind: task   4 nths  3 gpus 4 cpus 18-20
0: mpibind: task   5 nths  3 gpus 5 cpus 21-23
0: mpibind: task   6 nths  3 gpus 6 cpus 25-28
0: mpibind: task   7 nths  3 gpus 7 cpus 29-31,33
0: mpibind: task   8 nths  3 gpus 8 cpus 34-37
0: mpibind: task   9 nths  3 gpus 9 cpus 38-39,41
0: mpibind: task  10 nths  3 gpus 10 cpus 42-44
0: mpibind: task  11 nths  3 gpus 11 cpus 45-47
0: mpibind: task  12 nths  3 gpus 12 cpus 49-52
0: mpibind: task  13 nths  3 gpus 13 cpus 53-55,57
0: mpibind: task  14 nths  3 gpus 14 cpus 58-61
0: mpibind: task  15 nths  3 gpus 15 cpus 62-63,65
0: mpibind: task  16 nths  3 gpus 16 cpus 66-68
0: mpibind: task  17 nths  3 gpus 17 cpus 69-71
0: mpibind: task  18 nths  3 gpus 18 cpus 73-76
0: mpibind: task  19 nths  3 gpus 19 cpus 77-79,81
0: mpibind: task  20 nths  3 gpus 20 cpus 82-85
0: mpibind: task  21 nths  3 gpus 21 cpus 86-87,89
0: mpibind: task  22 nths  3 gpus 22 cpus 90-92
0: mpibind: task  23 nths  3 gpus 23 cpus 93-95
0: 0.120s: flux-shell[6]: mpibind: 
0: mpibind: task   0 nths  3 gpus 0 cpus 1-4
0: mpibind: task   1 nths  3 gpus 1 cpus 5-7,9
0: mpibind: task   2 nths  3 gpus 2 cpus 10-13
0: mpibind: task   3 nths  3 gpus 3 cpus 14-15,17
0: mpibind: task   4 nths  3 gpus 4 cpus 18-20
0: mpibind: task   5 nths  3 gpus 5 cpus 21-23
0: mpibind: task   6 nths  3 gpus 6 cpus 25-28
0: mpibind: task   7 nths  3 gpus 7 cpus 29-31,33
0: mpibind: task   8 nths  3 gpus 8 cpus 34-37
0: mpibind: task   9 nths  3 gpus 9 cpus 38-39,41
0: mpibind: task  10 nths  3 gpus 10 cpus 42-44
0: mpibind: task  11 nths  3 gpus 11 cpus 45-47
0: mpibind: task  12 nths  3 gpus 12 cpus 49-52
0: mpibind: task  13 nths  3 gpus 13 cpus 53-55,57
0: mpibind: task  14 nths  3 gpus 14 cpus 58-61
0: mpibind: task  15 nths  3 gpus 15 cpus 62-63,65
0: mpibind: task  16 nths  3 gpus 16 cpus 66-68
0: mpibind: task  17 nths  3 gpus 17 cpus 69-71
0: mpibind: task  18 nths  3 gpus 18 cpus 73-76
0: mpibind: task  19 nths  3 gpus 19 cpus 77-79,81
0: mpibind: task  20 nths  3 gpus 20 cpus 82-85
0: mpibind: task  21 nths  3 gpus 21 cpus 86-87,89
0: mpibind: task  22 nths  3 gpus 22 cpus 90-92
0: mpibind: task  23 nths  3 gpus 23 cpus 93-95
0: 0.129s: flux-shell[7]: mpibind: 
0: mpibind: task   0 nths  3 gpus 0 cpus 1-4
0: mpibind: task   1 nths  3 gpus 1 cpus 5-7,9
0: mpibind: task   2 nths  3 gpus 2 cpus 10-13
0: mpibind: task   3 nths  3 gpus 3 cpus 14-15,17
0: mpibind: task   4 nths  3 gpus 4 cpus 18-20
0: mpibind: task   5 nths  3 gpus 5 cpus 21-23
0: mpibind: task   6 nths  3 gpus 6 cpus 25-28
0: mpibind: task   7 nths  3 gpus 7 cpus 29-31,33
0: mpibind: task   8 nths  3 gpus 8 cpus 34-37
0: mpibind: task   9 nths  3 gpus 9 cpus 38-39,41
0: mpibind: task  10 nths  3 gpus 10 cpus 42-44
0: mpibind: task  11 nths  3 gpus 11 cpus 45-47
0: mpibind: task  12 nths  3 gpus 12 cpus 49-52
0: mpibind: task  13 nths  3 gpus 13 cpus 53-55,57
0: mpibind: task  14 nths  3 gpus 14 cpus 58-61
0: mpibind: task  15 nths  3 gpus 15 cpus 62-63,65
0: mpibind: task  16 nths  3 gpus 16 cpus 66-68
0: mpibind: task  17 nths  3 gpus 17 cpus 69-71
0: mpibind: task  18 nths  3 gpus 18 cpus 73-76
0: mpibind: task  19 nths  3 gpus 19 cpus 77-79,81
0: mpibind: task  20 nths  3 gpus 20 cpus 82-85
0: mpibind: task  21 nths  3 gpus 21 cpus 86-87,89
0: mpibind: task  22 nths  3 gpus 22 cpus 90-92
0: mpibind: task  23 nths  3 gpus 23 cpus 93-95
0: 0.128s: flux-shell[8]: mpibind: 
0: mpibind: task   0 nths  3 gpus 0 cpus 1-4
0: mpibind: task   1 nths  3 gpus 1 cpus 5-7,9
0: mpibind: task   2 nths  3 gpus 2 cpus 10-13
0: mpibind: task   3 nths  3 gpus 3 cpus 14-15,17
0: mpibind: task   4 nths  3 gpus 4 cpus 18-20
0: mpibind: task   5 nths  3 gpus 5 cpus 21-23
0: mpibind: task   6 nths  3 gpus 6 cpus 25-28
0: mpibind: task   7 nths  3 gpus 7 cpus 29-31,33
0: mpibind: task   8 nths  3 gpus 8 cpus 34-37
0: mpibind: task   9 nths  3 gpus 9 cpus 38-39,41
0: mpibind: task  10 nths  3 gpus 10 cpus 42-44
0: mpibind: task  11 nths  3 gpus 11 cpus 45-47
0: mpibind: task  12 nths  3 gpus 12 cpus 49-52
0: mpibind: task  13 nths  3 gpus 13 cpus 53-55,57
0: mpibind: task  14 nths  3 gpus 14 cpus 58-61
0: mpibind: task  15 nths  3 gpus 15 cpus 62-63,65
0: mpibind: task  16 nths  3 gpus 16 cpus 66-68
0: mpibind: task  17 nths  3 gpus 17 cpus 69-71
0: mpibind: task  18 nths  3 gpus 18 cpus 73-76
0: mpibind: task  19 nths  3 gpus 19 cpus 77-79,81
0: mpibind: task  20 nths  3 gpus 20 cpus 82-85
0: mpibind: task  21 nths  3 gpus 21 cpus 86-87,89
0: mpibind: task  22 nths  3 gpus 22 cpus 90-92
0: mpibind: task  23 nths  3 gpus 23 cpus 93-95
0: 0.136s: flux-shell[28]: mpibind: 
0: mpibind: task   0 nths  3 gpus 0 cpus 1-4
0: mpibind: task   1 nths  3 gpus 1 cpus 5-7,9
0: mpibind: task   2 nths  3 gpus 2 cpus 10-13
0: mpibind: task   3 nths  3 gpus 3 cpus 14-15,17
0: mpibind: task   4 nths  3 gpus 4 cpus 18-20
0: mpibind: task   5 nths  3 gpus 5 cpus 21-23
0: mpibind: task   6 nths  3 gpus 6 cpus 25-28
0: mpibind: task   7 nths  3 gpus 7 cpus 29-31,33
0: mpibind: task   8 nths  3 gpus 8 cpus 34-37
0: mpibind: task   9 nths  3 gpus 9 cpus 38-39,41
0: mpibind: task  10 nths  3 gpus 10 cpus 42-44
0: mpibind: task  11 nths  3 gpus 11 cpus 45-47
0: mpibind: task  12 nths  3 gpus 12 cpus 49-52
0: mpibind: task  13 nths  3 gpus 13 cpus 53-55,57
0: mpibind: task  14 nths  3 gpus 14 cpus 58-61
0: mpibind: task  15 nths  3 gpus 15 cpus 62-63,65
0: mpibind: task  16 nths  3 gpus 16 cpus 66-68
0: mpibind: task  17 nths  3 gpus 17 cpus 69-71
0: mpibind: task  18 nths  3 gpus 18 cpus 73-76
0: mpibind: task  19 nths  3 gpus 19 cpus 77-79,81
0: mpibind: task  20 nths  3 gpus 20 cpus 82-85
0: mpibind: task  21 nths  3 gpus 21 cpus 86-87,89
0: mpibind: task  22 nths  3 gpus 22 cpus 90-92
0: mpibind: task  23 nths  3 gpus 23 cpus 93-95
0: 0.129s: flux-shell[2]: mpibind: 
0: mpibind: task   0 nths  3 gpus 0 cpus 1-4
0: mpibind: task   1 nths  3 gpus 1 cpus 5-7,9
0: mpibind: task   2 nths  3 gpus 2 cpus 10-13
0: mpibind: task   3 nths  3 gpus 3 cpus 14-15,17
0: mpibind: task   4 nths  3 gpus 4 cpus 18-20
0: mpibind: task   5 nths  3 gpus 5 cpus 21-23
0: mpibind: task   6 nths  3 gpus 6 cpus 25-28
0: mpibind: task   7 nths  3 gpus 7 cpus 29-31,33
0: mpibind: task   8 nths  3 gpus 8 cpus 34-37
0: mpibind: task   9 nths  3 gpus 9 cpus 38-39,41
0: mpibind: task  10 nths  3 gpus 10 cpus 42-44
0: mpibind: task  11 nths  3 gpus 11 cpus 45-47
0: mpibind: task  12 nths  3 gpus 12 cpus 49-52
0: mpibind: task  13 nths  3 gpus 13 cpus 53-55,57
0: mpibind: task  14 nths  3 gpus 14 cpus 58-61
0: mpibind: task  15 nths  3 gpus 15 cpus 62-63,65
0: mpibind: task  16 nths  3 gpus 16 cpus 66-68
0: mpibind: task  17 nths  3 gpus 17 cpus 69-71
0: mpibind: task  18 nths  3 gpus 18 cpus 73-76
0: mpibind: task  19 nths  3 gpus 19 cpus 77-79,81
0: mpibind: task  20 nths  3 gpus 20 cpus 82-85
0: mpibind: task  21 nths  3 gpus 21 cpus 86-87,89
0: mpibind: task  22 nths  3 gpus 22 cpus 90-92
0: mpibind: task  23 nths  3 gpus 23 cpus 93-95
0: 0.134s: flux-shell[9]: mpibind: 
0: mpibind: task   0 nths  3 gpus 0 cpus 1-4
0: mpibind: task   1 nths  3 gpus 1 cpus 5-7,9
0: mpibind: task   2 nths  3 gpus 2 cpus 10-13
0: mpibind: task   3 nths  3 gpus 3 cpus 14-15,17
0: mpibind: task   4 nths  3 gpus 4 cpus 18-20
0: mpibind: task   5 nths  3 gpus 5 cpus 21-23
0: mpibind: task   6 nths  3 gpus 6 cpus 25-28
0: mpibind: task   7 nths  3 gpus 7 cpus 29-31,33
0: mpibind: task   8 nths  3 gpus 8 cpus 34-37
0: mpibind: task   9 nths  3 gpus 9 cpus 38-39,41
0: mpibind: task  10 nths  3 gpus 10 cpus 42-44
0: mpibind: task  11 nths  3 gpus 11 cpus 45-47
0: mpibind: task  12 nths  3 gpus 12 cpus 49-52
0: mpibind: task  13 nths  3 gpus 13 cpus 53-55,57
0: mpibind: task  14 nths  3 gpus 14 cpus 58-61
0: mpibind: task  15 nths  3 gpus 15 cpus 62-63,65
0: mpibind: task  16 nths  3 gpus 16 cpus 66-68
0: mpibind: task  17 nths  3 gpus 17 cpus 69-71
0: mpibind: task  18 nths  3 gpus 18 cpus 73-76
0: mpibind: task  19 nths  3 gpus 19 cpus 77-79,81
0: mpibind: task  20 nths  3 gpus 20 cpus 82-85
0: mpibind: task  21 nths  3 gpus 21 cpus 86-87,89
0: mpibind: task  22 nths  3 gpus 22 cpus 90-92
0: mpibind: task  23 nths  3 gpus 23 cpus 93-95
0: 0.127s: flux-shell[10]: mpibind: 
0: mpibind: task   0 nths  3 gpus 0 cpus 1-4
0: mpibind: task   1 nths  3 gpus 1 cpus 5-7,9
0: mpibind: task   2 nths  3 gpus 2 cpus 10-13
0: mpibind: task   3 nths  3 gpus 3 cpus 14-15,17
0: mpibind: task   4 nths  3 gpus 4 cpus 18-20
0: mpibind: task   5 nths  3 gpus 5 cpus 21-23
0: mpibind: task   6 nths  3 gpus 6 cpus 25-28
0: mpibind: task   7 nths  3 gpus 7 cpus 29-31,33
0: mpibind: task   8 nths  3 gpus 8 cpus 34-37
0: mpibind: task   9 nths  3 gpus 9 cpus 38-39,41
0: mpibind: task  10 nths  3 gpus 10 cpus 42-44
0: mpibind: task  11 nths  3 gpus 11 cpus 45-47
0: mpibind: task  12 nths  3 gpus 12 cpus 49-52
0: mpibind: task  13 nths  3 gpus 13 cpus 53-55,57
0: mpibind: task  14 nths  3 gpus 14 cpus 58-61
0: mpibind: task  15 nths  3 gpus 15 cpus 62-63,65
0: mpibind: task  16 nths  3 gpus 16 cpus 66-68
0: mpibind: task  17 nths  3 gpus 17 cpus 69-71
0: mpibind: task  18 nths  3 gpus 18 cpus 73-76
0: mpibind: task  19 nths  3 gpus 19 cpus 77-79,81
0: mpibind: task  20 nths  3 gpus 20 cpus 82-85
0: mpibind: task  21 nths  3 gpus 21 cpus 86-87,89
0: mpibind: task  22 nths  3 gpus 22 cpus 90-92
0: mpibind: task  23 nths  3 gpus 23 cpus 93-95
0: 0.134s: flux-shell[11]: mpibind: 
0: mpibind: task   0 nths  3 gpus 0 cpus 1-4
0: mpibind: task   1 nths  3 gpus 1 cpus 5-7,9
0: mpibind: task   2 nths  3 gpus 2 cpus 10-13
0: mpibind: task   3 nths  3 gpus 3 cpus 14-15,17
0: mpibind: task   4 nths  3 gpus 4 cpus 18-20
0: mpibind: task   5 nths  3 gpus 5 cpus 21-23
0: mpibind: task   6 nths  3 gpus 6 cpus 25-28
0: mpibind: task   7 nths  3 gpus 7 cpus 29-31,33
0: mpibind: task   8 nths  3 gpus 8 cpus 34-37
0: mpibind: task   9 nths  3 gpus 9 cpus 38-39,41
0: mpibind: task  10 nths  3 gpus 10 cpus 42-44
0: mpibind: task  11 nths  3 gpus 11 cpus 45-47
0: mpibind: task  12 nths  3 gpus 12 cpus 49-52
0: mpibind: task  13 nths  3 gpus 13 cpus 53-55,57
0: mpibind: task  14 nths  3 gpus 14 cpus 58-61
0: mpibind: task  15 nths  3 gpus 15 cpus 62-63,65
0: mpibind: task  16 nths  3 gpus 16 cpus 66-68
0: mpibind: task  17 nths  3 gpus 17 cpus 69-71
0: mpibind: task  18 nths  3 gpus 18 cpus 73-76
0: mpibind: task  19 nths  3 gpus 19 cpus 77-79,81
0: mpibind: task  20 nths  3 gpus 20 cpus 82-85
0: mpibind: task  21 nths  3 gpus 21 cpus 86-87,89
0: mpibind: task  22 nths  3 gpus 22 cpus 90-92
0: mpibind: task  23 nths  3 gpus 23 cpus 93-95
0: 0.135s: flux-shell[12]: mpibind: 
0: mpibind: task   0 nths  3 gpus 0 cpus 1-4
0: mpibind: task   1 nths  3 gpus 1 cpus 5-7,9
0: mpibind: task   2 nths  3 gpus 2 cpus 10-13
0: mpibind: task   3 nths  3 gpus 3 cpus 14-15,17
0: mpibind: task   4 nths  3 gpus 4 cpus 18-20
0: mpibind: task   5 nths  3 gpus 5 cpus 21-23
0: mpibind: task   6 nths  3 gpus 6 cpus 25-28
0: mpibind: task   7 nths  3 gpus 7 cpus 29-31,33
0: mpibind: task   8 nths  3 gpus 8 cpus 34-37
0: mpibind: task   9 nths  3 gpus 9 cpus 38-39,41
0: mpibind: task  10 nths  3 gpus 10 cpus 42-44
0: mpibind: task  11 nths  3 gpus 11 cpus 45-47
0: mpibind: task  12 nths  3 gpus 12 cpus 49-52
0: mpibind: task  13 nths  3 gpus 13 cpus 53-55,57
0: mpibind: task  14 nths  3 gpus 14 cpus 58-61
0: mpibind: task  15 nths  3 gpus 15 cpus 62-63,65
0: mpibind: task  16 nths  3 gpus 16 cpus 66-68
0: mpibind: task  17 nths  3 gpus 17 cpus 69-71
0: mpibind: task  18 nths  3 gpus 18 cpus 73-76
0: mpibind: task  19 nths  3 gpus 19 cpus 77-79,81
0: mpibind: task  20 nths  3 gpus 20 cpus 82-85
0: mpibind: task  21 nths  3 gpus 21 cpus 86-87,89
0: mpibind: task  22 nths  3 gpus 22 cpus 90-92
0: mpibind: task  23 nths  3 gpus 23 cpus 93-95
0: 0.124s: flux-shell[13]: mpibind: 
0: mpibind: task   0 nths  3 gpus 0 cpus 1-4
0: mpibind: task   1 nths  3 gpus 1 cpus 5-7,9
0: mpibind: task   2 nths  3 gpus 2 cpus 10-13
0: mpibind: task   3 nths  3 gpus 3 cpus 14-15,17
0: mpibind: task   4 nths  3 gpus 4 cpus 18-20
0: mpibind: task   5 nths  3 gpus 5 cpus 21-23
0: mpibind: task   6 nths  3 gpus 6 cpus 25-28
0: mpibind: task   7 nths  3 gpus 7 cpus 29-31,33
0: mpibind: task   8 nths  3 gpus 8 cpus 34-37
0: mpibind: task   9 nths  3 gpus 9 cpus 38-39,41
0: mpibind: task  10 nths  3 gpus 10 cpus 42-44
0: mpibind: task  11 nths  3 gpus 11 cpus 45-47
0: mpibind: task  12 nths  3 gpus 12 cpus 49-52
0: mpibind: task  13 nths  3 gpus 13 cpus 53-55,57
0: mpibind: task  14 nths  3 gpus 14 cpus 58-61
0: mpibind: task  15 nths  3 gpus 15 cpus 62-63,65
0: mpibind: task  16 nths  3 gpus 16 cpus 66-68
0: mpibind: task  17 nths  3 gpus 17 cpus 69-71
0: mpibind: task  18 nths  3 gpus 18 cpus 73-76
0: mpibind: task  19 nths  3 gpus 19 cpus 77-79,81
0: mpibind: task  20 nths  3 gpus 20 cpus 82-85
0: mpibind: task  21 nths  3 gpus 21 cpus 86-87,89
0: mpibind: task  22 nths  3 gpus 22 cpus 90-92
0: mpibind: task  23 nths  3 gpus 23 cpus 93-95
0: 0.134s: flux-shell[14]: mpibind: 
0: mpibind: task   0 nths  3 gpus 0 cpus 1-4
0: mpibind: task   1 nths  3 gpus 1 cpus 5-7,9
0: mpibind: task   2 nths  3 gpus 2 cpus 10-13
0: mpibind: task   3 nths  3 gpus 3 cpus 14-15,17
0: mpibind: task   4 nths  3 gpus 4 cpus 18-20
0: mpibind: task   5 nths  3 gpus 5 cpus 21-23
0: mpibind: task   6 nths  3 gpus 6 cpus 25-28
0: mpibind: task   7 nths  3 gpus 7 cpus 29-31,33
0: mpibind: task   8 nths  3 gpus 8 cpus 34-37
0: mpibind: task   9 nths  3 gpus 9 cpus 38-39,41
0: mpibind: task  10 nths  3 gpus 10 cpus 42-44
0: mpibind: task  11 nths  3 gpus 11 cpus 45-47
0: mpibind: task  12 nths  3 gpus 12 cpus 49-52
0: mpibind: task  13 nths  3 gpus 13 cpus 53-55,57
0: mpibind: task  14 nths  3 gpus 14 cpus 58-61
0: mpibind: task  15 nths  3 gpus 15 cpus 62-63,65
0: mpibind: task  16 nths  3 gpus 16 cpus 66-68
0: mpibind: task  17 nths  3 gpus 17 cpus 69-71
0: mpibind: task  18 nths  3 gpus 18 cpus 73-76
0: mpibind: task  19 nths  3 gpus 19 cpus 77-79,81
0: mpibind: task  20 nths  3 gpus 20 cpus 82-85
0: mpibind: task  21 nths  3 gpus 21 cpus 86-87,89
0: mpibind: task  22 nths  3 gpus 22 cpus 90-92
0: mpibind: task  23 nths  3 gpus 23 cpus 93-95
0: 0.131s: flux-shell[15]: mpibind: 
0: mpibind: task   0 nths  3 gpus 0 cpus 1-4
0: mpibind: task   1 nths  3 gpus 1 cpus 5-7,9
0: mpibind: task   2 nths  3 gpus 2 cpus 10-13
0: mpibind: task   3 nths  3 gpus 3 cpus 14-15,17
0: mpibind: task   4 nths  3 gpus 4 cpus 18-20
0: mpibind: task   5 nths  3 gpus 5 cpus 21-23
0: mpibind: task   6 nths  3 gpus 6 cpus 25-28
0: mpibind: task   7 nths  3 gpus 7 cpus 29-31,33
0: mpibind: task   8 nths  3 gpus 8 cpus 34-37
0: mpibind: task   9 nths  3 gpus 9 cpus 38-39,41
0: mpibind: task  10 nths  3 gpus 10 cpus 42-44
0: mpibind: task  11 nths  3 gpus 11 cpus 45-47
0: mpibind: task  12 nths  3 gpus 12 cpus 49-52
0: mpibind: task  13 nths  3 gpus 13 cpus 53-55,57
0: mpibind: task  14 nths  3 gpus 14 cpus 58-61
0: mpibind: task  15 nths  3 gpus 15 cpus 62-63,65
0: mpibind: task  16 nths  3 gpus 16 cpus 66-68
0: mpibind: task  17 nths  3 gpus 17 cpus 69-71
0: mpibind: task  18 nths  3 gpus 18 cpus 73-76
0: mpibind: task  19 nths  3 gpus 19 cpus 77-79,81
0: mpibind: task  20 nths  3 gpus 20 cpus 82-85
0: mpibind: task  21 nths  3 gpus 21 cpus 86-87,89
0: mpibind: task  22 nths  3 gpus 22 cpus 90-92
0: mpibind: task  23 nths  3 gpus 23 cpus 93-95
0: 0.133s: flux-shell[16]: mpibind: 
0: mpibind: task   0 nths  3 gpus 0 cpus 1-4
0: mpibind: task   1 nths  3 gpus 1 cpus 5-7,9
0: mpibind: task   2 nths  3 gpus 2 cpus 10-13
0: mpibind: task   3 nths  3 gpus 3 cpus 14-15,17
0: mpibind: task   4 nths  3 gpus 4 cpus 18-20
0: mpibind: task   5 nths  3 gpus 5 cpus 21-23
0: mpibind: task   6 nths  3 gpus 6 cpus 25-28
0: mpibind: task   7 nths  3 gpus 7 cpus 29-31,33
0: mpibind: task   8 nths  3 gpus 8 cpus 34-37
0: mpibind: task   9 nths  3 gpus 9 cpus 38-39,41
0: mpibind: task  10 nths  3 gpus 10 cpus 42-44
0: mpibind: task  11 nths  3 gpus 11 cpus 45-47
0: mpibind: task  12 nths  3 gpus 12 cpus 49-52
0: mpibind: task  13 nths  3 gpus 13 cpus 53-55,57
0: mpibind: task  14 nths  3 gpus 14 cpus 58-61
0: mpibind: task  15 nths  3 gpus 15 cpus 62-63,65
0: mpibind: task  16 nths  3 gpus 16 cpus 66-68
0: mpibind: task  17 nths  3 gpus 17 cpus 69-71
0: mpibind: task  18 nths  3 gpus 18 cpus 73-76
0: mpibind: task  19 nths  3 gpus 19 cpus 77-79,81
0: mpibind: task  20 nths  3 gpus 20 cpus 82-85
0: mpibind: task  21 nths  3 gpus 21 cpus 86-87,89
0: mpibind: task  22 nths  3 gpus 22 cpus 90-92
0: mpibind: task  23 nths  3 gpus 23 cpus 93-95
0: 0.135s: flux-shell[17]: mpibind: 
0: mpibind: task   0 nths  3 gpus 0 cpus 1-4
0: mpibind: task   1 nths  3 gpus 1 cpus 5-7,9
0: mpibind: task   2 nths  3 gpus 2 cpus 10-13
0: mpibind: task   3 nths  3 gpus 3 cpus 14-15,17
0: mpibind: task   4 nths  3 gpus 4 cpus 18-20
0: mpibind: task   5 nths  3 gpus 5 cpus 21-23
0: mpibind: task   6 nths  3 gpus 6 cpus 25-28
0: mpibind: task   7 nths  3 gpus 7 cpus 29-31,33
0: mpibind: task   8 nths  3 gpus 8 cpus 34-37
0: mpibind: task   9 nths  3 gpus 9 cpus 38-39,41
0: mpibind: task  10 nths  3 gpus 10 cpus 42-44
0: mpibind: task  11 nths  3 gpus 11 cpus 45-47
0: mpibind: task  12 nths  3 gpus 12 cpus 49-52
0: mpibind: task  13 nths  3 gpus 13 cpus 53-55,57
0: mpibind: task  14 nths  3 gpus 14 cpus 58-61
0: mpibind: task  15 nths  3 gpus 15 cpus 62-63,65
0: mpibind: task  16 nths  3 gpus 16 cpus 66-68
0: mpibind: task  17 nths  3 gpus 17 cpus 69-71
0: mpibind: task  18 nths  3 gpus 18 cpus 73-76
0: mpibind: task  19 nths  3 gpus 19 cpus 77-79,81
0: mpibind: task  20 nths  3 gpus 20 cpus 82-85
0: mpibind: task  21 nths  3 gpus 21 cpus 86-87,89
0: mpibind: task  22 nths  3 gpus 22 cpus 90-92
0: mpibind: task  23 nths  3 gpus 23 cpus 93-95
0: 0.137s: flux-shell[27]: mpibind: 
0: mpibind: task   0 nths  3 gpus 0 cpus 1-4
0: mpibind: task   1 nths  3 gpus 1 cpus 5-7,9
0: mpibind: task   2 nths  3 gpus 2 cpus 10-13
0: mpibind: task   3 nths  3 gpus 3 cpus 14-15,17
0: mpibind: task   4 nths  3 gpus 4 cpus 18-20
0: mpibind: task   5 nths  3 gpus 5 cpus 21-23
0: mpibind: task   6 nths  3 gpus 6 cpus 25-28
0: mpibind: task   7 nths  3 gpus 7 cpus 29-31,33
0: mpibind: task   8 nths  3 gpus 8 cpus 34-37
0: mpibind: task   9 nths  3 gpus 9 cpus 38-39,41
0: mpibind: task  10 nths  3 gpus 10 cpus 42-44
0: mpibind: task  11 nths  3 gpus 11 cpus 45-47
0: mpibind: task  12 nths  3 gpus 12 cpus 49-52
0: mpibind: task  13 nths  3 gpus 13 cpus 53-55,57
0: mpibind: task  14 nths  3 gpus 14 cpus 58-61
0: mpibind: task  15 nths  3 gpus 15 cpus 62-63,65
0: mpibind: task  16 nths  3 gpus 16 cpus 66-68
0: mpibind: task  17 nths  3 gpus 17 cpus 69-71
0: mpibind: task  18 nths  3 gpus 18 cpus 73-76
0: mpibind: task  19 nths  3 gpus 19 cpus 77-79,81
0: mpibind: task  20 nths  3 gpus 20 cpus 82-85
0: mpibind: task  21 nths  3 gpus 21 cpus 86-87,89
0: mpibind: task  22 nths  3 gpus 22 cpus 90-92
0: mpibind: task  23 nths  3 gpus 23 cpus 93-95
0: 0.138s: flux-shell[19]: mpibind: 
0: mpibind: task   0 nths  3 gpus 0 cpus 1-4
0: mpibind: task   1 nths  3 gpus 1 cpus 5-7,9
0: mpibind: task   2 nths  3 gpus 2 cpus 10-13
0: mpibind: task   3 nths  3 gpus 3 cpus 14-15,17
0: mpibind: task   4 nths  3 gpus 4 cpus 18-20
0: mpibind: task   5 nths  3 gpus 5 cpus 21-23
0: mpibind: task   6 nths  3 gpus 6 cpus 25-28
0: mpibind: task   7 nths  3 gpus 7 cpus 29-31,33
0: mpibind: task   8 nths  3 gpus 8 cpus 34-37
0: mpibind: task   9 nths  3 gpus 9 cpus 38-39,41
0: mpibind: task  10 nths  3 gpus 10 cpus 42-44
0: mpibind: task  11 nths  3 gpus 11 cpus 45-47
0: mpibind: task  12 nths  3 gpus 12 cpus 49-52
0: mpibind: task  13 nths  3 gpus 13 cpus 53-55,57
0: mpibind: task  14 nths  3 gpus 14 cpus 58-61
0: mpibind: task  15 nths  3 gpus 15 cpus 62-63,65
0: mpibind: task  16 nths  3 gpus 16 cpus 66-68
0: mpibind: task  17 nths  3 gpus 17 cpus 69-71
0: mpibind: task  18 nths  3 gpus 18 cpus 73-76
0: mpibind: task  19 nths  3 gpus 19 cpus 77-79,81
0: mpibind: task  20 nths  3 gpus 20 cpus 82-85
0: mpibind: task  21 nths  3 gpus 21 cpus 86-87,89
0: mpibind: task  22 nths  3 gpus 22 cpus 90-92
0: mpibind: task  23 nths  3 gpus 23 cpus 93-95
0: 0.137s: flux-shell[20]: mpibind: 
0: mpibind: task   0 nths  3 gpus 0 cpus 1-4
0: mpibind: task   1 nths  3 gpus 1 cpus 5-7,9
0: mpibind: task   2 nths  3 gpus 2 cpus 10-13
0: mpibind: task   3 nths  3 gpus 3 cpus 14-15,17
0: mpibind: task   4 nths  3 gpus 4 cpus 18-20
0: mpibind: task   5 nths  3 gpus 5 cpus 21-23
0: mpibind: task   6 nths  3 gpus 6 cpus 25-28
0: mpibind: task   7 nths  3 gpus 7 cpus 29-31,33
0: mpibind: task   8 nths  3 gpus 8 cpus 34-37
0: mpibind: task   9 nths  3 gpus 9 cpus 38-39,41
0: mpibind: task  10 nths  3 gpus 10 cpus 42-44
0: mpibind: task  11 nths  3 gpus 11 cpus 45-47
0: mpibind: task  12 nths  3 gpus 12 cpus 49-52
0: mpibind: task  13 nths  3 gpus 13 cpus 53-55,57
0: mpibind: task  14 nths  3 gpus 14 cpus 58-61
0: mpibind: task  15 nths  3 gpus 15 cpus 62-63,65
0: mpibind: task  16 nths  3 gpus 16 cpus 66-68
0: mpibind: task  17 nths  3 gpus 17 cpus 69-71
0: mpibind: task  18 nths  3 gpus 18 cpus 73-76
0: mpibind: task  19 nths  3 gpus 19 cpus 77-79,81
0: mpibind: task  20 nths  3 gpus 20 cpus 82-85
0: mpibind: task  21 nths  3 gpus 21 cpus 86-87,89
0: mpibind: task  22 nths  3 gpus 22 cpus 90-92
0: mpibind: task  23 nths  3 gpus 23 cpus 93-95
0: 0.131s: flux-shell[21]: mpibind: 
0: mpibind: task   0 nths  3 gpus 0 cpus 1-4
0: mpibind: task   1 nths  3 gpus 1 cpus 5-7,9
0: mpibind: task   2 nths  3 gpus 2 cpus 10-13
0: mpibind: task   3 nths  3 gpus 3 cpus 14-15,17
0: mpibind: task   4 nths  3 gpus 4 cpus 18-20
0: mpibind: task   5 nths  3 gpus 5 cpus 21-23
0: mpibind: task   6 nths  3 gpus 6 cpus 25-28
0: mpibind: task   7 nths  3 gpus 7 cpus 29-31,33
0: mpibind: task   8 nths  3 gpus 8 cpus 34-37
0: mpibind: task   9 nths  3 gpus 9 cpus 38-39,41
0: mpibind: task  10 nths  3 gpus 10 cpus 42-44
0: mpibind: task  11 nths  3 gpus 11 cpus 45-47
0: mpibind: task  12 nths  3 gpus 12 cpus 49-52
0: mpibind: task  13 nths  3 gpus 13 cpus 53-55,57
0: mpibind: task  14 nths  3 gpus 14 cpus 58-61
0: mpibind: task  15 nths  3 gpus 15 cpus 62-63,65
0: mpibind: task  16 nths  3 gpus 16 cpus 66-68
0: mpibind: task  17 nths  3 gpus 17 cpus 69-71
0: mpibind: task  18 nths  3 gpus 18 cpus 73-76
0: mpibind: task  19 nths  3 gpus 19 cpus 77-79,81
0: mpibind: task  20 nths  3 gpus 20 cpus 82-85
0: mpibind: task  21 nths  3 gpus 21 cpus 86-87,89
0: mpibind: task  22 nths  3 gpus 22 cpus 90-92
0: mpibind: task  23 nths  3 gpus 23 cpus 93-95
0: 0.141s: flux-shell[24]: mpibind: 
0: mpibind: task   0 nths  3 gpus 0 cpus 1-4
0: mpibind: task   1 nths  3 gpus 1 cpus 5-7,9
0: mpibind: task   2 nths  3 gpus 2 cpus 10-13
0: mpibind: task   3 nths  3 gpus 3 cpus 14-15,17
0: mpibind: task   4 nths  3 gpus 4 cpus 18-20
0: mpibind: task   5 nths  3 gpus 5 cpus 21-23
0: mpibind: task   6 nths  3 gpus 6 cpus 25-28
0: mpibind: task   7 nths  3 gpus 7 cpus 29-31,33
0: mpibind: task   8 nths  3 gpus 8 cpus 34-37
0: mpibind: task   9 nths  3 gpus 9 cpus 38-39,41
0: mpibind: task  10 nths  3 gpus 10 cpus 42-44
0: mpibind: task  11 nths  3 gpus 11 cpus 45-47
0: mpibind: task  12 nths  3 gpus 12 cpus 49-52
0: mpibind: task  13 nths  3 gpus 13 cpus 53-55,57
0: mpibind: task  14 nths  3 gpus 14 cpus 58-61
0: mpibind: task  15 nths  3 gpus 15 cpus 62-63,65
0: mpibind: task  16 nths  3 gpus 16 cpus 66-68
0: mpibind: task  17 nths  3 gpus 17 cpus 69-71
0: mpibind: task  18 nths  3 gpus 18 cpus 73-76
0: mpibind: task  19 nths  3 gpus 19 cpus 77-79,81
0: mpibind: task  20 nths  3 gpus 20 cpus 82-85
0: mpibind: task  21 nths  3 gpus 21 cpus 86-87,89
0: mpibind: task  22 nths  3 gpus 22 cpus 90-92
0: mpibind: task  23 nths  3 gpus 23 cpus 93-95
0: 0.133s: flux-shell[23]: mpibind: 
0: mpibind: task   0 nths  3 gpus 0 cpus 1-4
0: mpibind: task   1 nths  3 gpus 1 cpus 5-7,9
0: mpibind: task   2 nths  3 gpus 2 cpus 10-13
0: mpibind: task   3 nths  3 gpus 3 cpus 14-15,17
0: mpibind: task   4 nths  3 gpus 4 cpus 18-20
0: mpibind: task   5 nths  3 gpus 5 cpus 21-23
0: mpibind: task   6 nths  3 gpus 6 cpus 25-28
0: mpibind: task   7 nths  3 gpus 7 cpus 29-31,33
0: mpibind: task   8 nths  3 gpus 8 cpus 34-37
0: mpibind: task   9 nths  3 gpus 9 cpus 38-39,41
0: mpibind: task  10 nths  3 gpus 10 cpus 42-44
0: mpibind: task  11 nths  3 gpus 11 cpus 45-47
0: mpibind: task  12 nths  3 gpus 12 cpus 49-52
0: mpibind: task  13 nths  3 gpus 13 cpus 53-55,57
0: mpibind: task  14 nths  3 gpus 14 cpus 58-61
0: mpibind: task  15 nths  3 gpus 15 cpus 62-63,65
0: mpibind: task  16 nths  3 gpus 16 cpus 66-68
0: mpibind: task  17 nths  3 gpus 17 cpus 69-71
0: mpibind: task  18 nths  3 gpus 18 cpus 73-76
0: mpibind: task  19 nths  3 gpus 19 cpus 77-79,81
0: mpibind: task  20 nths  3 gpus 20 cpus 82-85
0: mpibind: task  21 nths  3 gpus 21 cpus 86-87,89
0: mpibind: task  22 nths  3 gpus 22 cpus 90-92
0: mpibind: task  23 nths  3 gpus 23 cpus 93-95
0: 0.138s: flux-shell[25]: mpibind: 
0: mpibind: task   0 nths  3 gpus 0 cpus 1-4
0: mpibind: task   1 nths  3 gpus 1 cpus 5-7,9
0: mpibind: task   2 nths  3 gpus 2 cpus 10-13
0: mpibind: task   3 nths  3 gpus 3 cpus 14-15,17
0: mpibind: task   4 nths  3 gpus 4 cpus 18-20
0: mpibind: task   5 nths  3 gpus 5 cpus 21-23
0: mpibind: task   6 nths  3 gpus 6 cpus 25-28
0: mpibind: task   7 nths  3 gpus 7 cpus 29-31,33
0: mpibind: task   8 nths  3 gpus 8 cpus 34-37
0: mpibind: task   9 nths  3 gpus 9 cpus 38-39,41
0: mpibind: task  10 nths  3 gpus 10 cpus 42-44
0: mpibind: task  11 nths  3 gpus 11 cpus 45-47
0: mpibind: task  12 nths  3 gpus 12 cpus 49-52
0: mpibind: task  13 nths  3 gpus 13 cpus 53-55,57
0: mpibind: task  14 nths  3 gpus 14 cpus 58-61
0: mpibind: task  15 nths  3 gpus 15 cpus 62-63,65
0: mpibind: task  16 nths  3 gpus 16 cpus 66-68
0: mpibind: task  17 nths  3 gpus 17 cpus 69-71
0: mpibind: task  18 nths  3 gpus 18 cpus 73-76
0: mpibind: task  19 nths  3 gpus 19 cpus 77-79,81
0: mpibind: task  20 nths  3 gpus 20 cpus 82-85
0: mpibind: task  21 nths  3 gpus 21 cpus 86-87,89
0: mpibind: task  22 nths  3 gpus 22 cpus 90-92
0: mpibind: task  23 nths  3 gpus 23 cpus 93-95
0: 0.141s: flux-shell[26]: mpibind: 
0: mpibind: task   0 nths  3 gpus 0 cpus 1-4
0: mpibind: task   1 nths  3 gpus 1 cpus 5-7,9
0: mpibind: task   2 nths  3 gpus 2 cpus 10-13
0: mpibind: task   3 nths  3 gpus 3 cpus 14-15,17
0: mpibind: task   4 nths  3 gpus 4 cpus 18-20
0: mpibind: task   5 nths  3 gpus 5 cpus 21-23
0: mpibind: task   6 nths  3 gpus 6 cpus 25-28
0: mpibind: task   7 nths  3 gpus 7 cpus 29-31,33
0: mpibind: task   8 nths  3 gpus 8 cpus 34-37
0: mpibind: task   9 nths  3 gpus 9 cpus 38-39,41
0: mpibind: task  10 nths  3 gpus 10 cpus 42-44
0: mpibind: task  11 nths  3 gpus 11 cpus 45-47
0: mpibind: task  12 nths  3 gpus 12 cpus 49-52
0: mpibind: task  13 nths  3 gpus 13 cpus 53-55,57
0: mpibind: task  14 nths  3 gpus 14 cpus 58-61
0: mpibind: task  15 nths  3 gpus 15 cpus 62-63,65
0: mpibind: task  16 nths  3 gpus 16 cpus 66-68
0: mpibind: task  17 nths  3 gpus 17 cpus 69-71
0: mpibind: task  18 nths  3 gpus 18 cpus 73-76
0: mpibind: task  19 nths  3 gpus 19 cpus 77-79,81
0: mpibind: task  20 nths  3 gpus 20 cpus 82-85
0: mpibind: task  21 nths  3 gpus 21 cpus 86-87,89
0: mpibind: task  22 nths  3 gpus 22 cpus 90-92
0: mpibind: task  23 nths  3 gpus 23 cpus 93-95
0: 0.146s: flux-shell[29]: mpibind: 
0: mpibind: task   0 nths  3 gpus 0 cpus 1-4
0: mpibind: task   1 nths  3 gpus 1 cpus 5-7,9
0: mpibind: task   2 nths  3 gpus 2 cpus 10-13
0: mpibind: task   3 nths  3 gpus 3 cpus 14-15,17
0: mpibind: task   4 nths  3 gpus 4 cpus 18-20
0: mpibind: task   5 nths  3 gpus 5 cpus 21-23
0: mpibind: task   6 nths  3 gpus 6 cpus 25-28
0: mpibind: task   7 nths  3 gpus 7 cpus 29-31,33
0: mpibind: task   8 nths  3 gpus 8 cpus 34-37
0: mpibind: task   9 nths  3 gpus 9 cpus 38-39,41
0: mpibind: task  10 nths  3 gpus 10 cpus 42-44
0: mpibind: task  11 nths  3 gpus 11 cpus 45-47
0: mpibind: task  12 nths  3 gpus 12 cpus 49-52
0: mpibind: task  13 nths  3 gpus 13 cpus 53-55,57
0: mpibind: task  14 nths  3 gpus 14 cpus 58-61
0: mpibind: task  15 nths  3 gpus 15 cpus 62-63,65
0: mpibind: task  16 nths  3 gpus 16 cpus 66-68
0: mpibind: task  17 nths  3 gpus 17 cpus 69-71
0: mpibind: task  18 nths  3 gpus 18 cpus 73-76
0: mpibind: task  19 nths  3 gpus 19 cpus 77-79,81
0: mpibind: task  20 nths  3 gpus 20 cpus 82-85
0: mpibind: task  21 nths  3 gpus 21 cpus 86-87,89
0: mpibind: task  22 nths  3 gpus 22 cpus 90-92
0: mpibind: task  23 nths  3 gpus 23 cpus 93-95
0: 0.142s: flux-shell[30]: mpibind: 
0: mpibind: task   0 nths  3 gpus 0 cpus 1-4
0: mpibind: task   1 nths  3 gpus 1 cpus 5-7,9
0: mpibind: task   2 nths  3 gpus 2 cpus 10-13
0: mpibind: task   3 nths  3 gpus 3 cpus 14-15,17
0: mpibind: task   4 nths  3 gpus 4 cpus 18-20
0: mpibind: task   5 nths  3 gpus 5 cpus 21-23
0: mpibind: task   6 nths  3 gpus 6 cpus 25-28
0: mpibind: task   7 nths  3 gpus 7 cpus 29-31,33
0: mpibind: task   8 nths  3 gpus 8 cpus 34-37
0: mpibind: task   9 nths  3 gpus 9 cpus 38-39,41
0: mpibind: task  10 nths  3 gpus 10 cpus 42-44
0: mpibind: task  11 nths  3 gpus 11 cpus 45-47
0: mpibind: task  12 nths  3 gpus 12 cpus 49-52
0: mpibind: task  13 nths  3 gpus 13 cpus 53-55,57
0: mpibind: task  14 nths  3 gpus 14 cpus 58-61
0: mpibind: task  15 nths  3 gpus 15 cpus 62-63,65
0: mpibind: task  16 nths  3 gpus 16 cpus 66-68
0: mpibind: task  17 nths  3 gpus 17 cpus 69-71
0: mpibind: task  18 nths  3 gpus 18 cpus 73-76
0: mpibind: task  19 nths  3 gpus 19 cpus 77-79,81
0: mpibind: task  20 nths  3 gpus 20 cpus 82-85
0: mpibind: task  21 nths  3 gpus 21 cpus 86-87,89
0: mpibind: task  22 nths  3 gpus 22 cpus 90-92
0: mpibind: task  23 nths  3 gpus 23 cpus 93-95
0: 0.141s: flux-shell[31]: mpibind: 
0: mpibind: task   0 nths  3 gpus 0 cpus 1-4
0: mpibind: task   1 nths  3 gpus 1 cpus 5-7,9
0: mpibind: task   2 nths  3 gpus 2 cpus 10-13
0: mpibind: task   3 nths  3 gpus 3 cpus 14-15,17
0: mpibind: task   4 nths  3 gpus 4 cpus 18-20
0: mpibind: task   5 nths  3 gpus 5 cpus 21-23
0: mpibind: task   6 nths  3 gpus 6 cpus 25-28
0: mpibind: task   7 nths  3 gpus 7 cpus 29-31,33
0: mpibind: task   8 nths  3 gpus 8 cpus 34-37
0: mpibind: task   9 nths  3 gpus 9 cpus 38-39,41
0: mpibind: task  10 nths  3 gpus 10 cpus 42-44
0: mpibind: task  11 nths  3 gpus 11 cpus 45-47
0: mpibind: task  12 nths  3 gpus 12 cpus 49-52
0: mpibind: task  13 nths  3 gpus 13 cpus 53-55,57
0: mpibind: task  14 nths  3 gpus 14 cpus 58-61
0: mpibind: task  15 nths  3 gpus 15 cpus 62-63,65
0: mpibind: task  16 nths  3 gpus 16 cpus 66-68
0: mpibind: task  17 nths  3 gpus 17 cpus 69-71
0: mpibind: task  18 nths  3 gpus 18 cpus 73-76
0: mpibind: task  19 nths  3 gpus 19 cpus 77-79,81
0: mpibind: task  20 nths  3 gpus 20 cpus 82-85
0: mpibind: task  21 nths  3 gpus 21 cpus 86-87,89
0: mpibind: task  22 nths  3 gpus 22 cpus 90-92
0: mpibind: task  23 nths  3 gpus 23 cpus 93-95
0: 0.134s: flux-shell[18]: mpibind: 
0: mpibind: task   0 nths  3 gpus 0 cpus 1-4
0: mpibind: task   1 nths  3 gpus 1 cpus 5-7,9
0: mpibind: task   2 nths  3 gpus 2 cpus 10-13
0: mpibind: task   3 nths  3 gpus 3 cpus 14-15,17
0: mpibind: task   4 nths  3 gpus 4 cpus 18-20
0: mpibind: task   5 nths  3 gpus 5 cpus 21-23
0: mpibind: task   6 nths  3 gpus 6 cpus 25-28
0: mpibind: task   7 nths  3 gpus 7 cpus 29-31,33
0: mpibind: task   8 nths  3 gpus 8 cpus 34-37
0: mpibind: task   9 nths  3 gpus 9 cpus 38-39,41
0: mpibind: task  10 nths  3 gpus 10 cpus 42-44
0: mpibind: task  11 nths  3 gpus 11 cpus 45-47
0: mpibind: task  12 nths  3 gpus 12 cpus 49-52
0: mpibind: task  13 nths  3 gpus 13 cpus 53-55,57
0: mpibind: task  14 nths  3 gpus 14 cpus 58-61
0: mpibind: task  15 nths  3 gpus 15 cpus 62-63,65
0: mpibind: task  16 nths  3 gpus 16 cpus 66-68
0: mpibind: task  17 nths  3 gpus 17 cpus 69-71
0: mpibind: task  18 nths  3 gpus 18 cpus 73-76
0: mpibind: task  19 nths  3 gpus 19 cpus 77-79,81
0: mpibind: task  20 nths  3 gpus 20 cpus 82-85
0: mpibind: task  21 nths  3 gpus 21 cpus 86-87,89
0: mpibind: task  22 nths  3 gpus 22 cpus 90-92
0: mpibind: task  23 nths  3 gpus 23 cpus 93-95
0: 0.146s: flux-shell[22]: mpibind: 
0: mpibind: task   0 nths  3 gpus 0 cpus 1-4
0: mpibind: task   1 nths  3 gpus 1 cpus 5-7,9
0: mpibind: task   2 nths  3 gpus 2 cpus 10-13
0: mpibind: task   3 nths  3 gpus 3 cpus 14-15,17
0: mpibind: task   4 nths  3 gpus 4 cpus 18-20
0: mpibind: task   5 nths  3 gpus 5 cpus 21-23
0: mpibind: task   6 nths  3 gpus 6 cpus 25-28
0: mpibind: task   7 nths  3 gpus 7 cpus 29-31,33
0: mpibind: task   8 nths  3 gpus 8 cpus 34-37
0: mpibind: task   9 nths  3 gpus 9 cpus 38-39,41
0: mpibind: task  10 nths  3 gpus 10 cpus 42-44
0: mpibind: task  11 nths  3 gpus 11 cpus 45-47
0: mpibind: task  12 nths  3 gpus 12 cpus 49-52
0: mpibind: task  13 nths  3 gpus 13 cpus 53-55,57
0: mpibind: task  14 nths  3 gpus 14 cpus 58-61
0: mpibind: task  15 nths  3 gpus 15 cpus 62-63,65
0: mpibind: task  16 nths  3 gpus 16 cpus 66-68
0: mpibind: task  17 nths  3 gpus 17 cpus 69-71
0: mpibind: task  18 nths  3 gpus 18 cpus 73-76
0: mpibind: task  19 nths  3 gpus 19 cpus 77-79,81
0: mpibind: task  20 nths  3 gpus 20 cpus 82-85
0: mpibind: task  21 nths  3 gpus 21 cpus 86-87,89
0: mpibind: task  22 nths  3 gpus 22 cpus 90-92
0: mpibind: task  23 nths  3 gpus 23 cpus 93-95
0: jobid: f2TJ8NYrs
0: 0.121s: flux-shell[1]: mpibind: 
0: mpibind: task   0 nths  3 gpus 0 cpus 1-4
0: mpibind: task   1 nths  3 gpus 1 cpus 5-7,9
0: mpibind: task   2 nths  3 gpus 2 cpus 10-13
0: mpibind: task   3 nths  3 gpus 3 cpus 14-15,17
0: mpibind: task   4 nths  3 gpus 4 cpus 18-20
0: mpibind: task   5 nths  3 gpus 5 cpus 21-23
0: mpibind: task   6 nths  3 gpus 6 cpus 25-28
0: mpibind: task   7 nths  3 gpus 7 cpus 29-31,33
0: mpibind: task   8 nths  3 gpus 8 cpus 34-37
0: mpibind: task   9 nths  3 gpus 9 cpus 38-39,41
0: mpibind: task  10 nths  3 gpus 10 cpus 42-44
0: mpibind: task  11 nths  3 gpus 11 cpus 45-47
0: mpibind: task  12 nths  3 gpus 12 cpus 49-52
0: mpibind: task  13 nths  3 gpus 13 cpus 53-55,57
0: mpibind: task  14 nths  3 gpus 14 cpus 58-61
0: mpibind: task  15 nths  3 gpus 15 cpus 62-63,65
0: mpibind: task  16 nths  3 gpus 16 cpus 66-68
0: mpibind: task  17 nths  3 gpus 17 cpus 69-71
0: mpibind: task  18 nths  3 gpus 18 cpus 73-76
0: mpibind: task  19 nths  3 gpus 19 cpus 77-79,81
0: mpibind: task  20 nths  3 gpus 20 cpus 82-85
0: mpibind: task  21 nths  3 gpus 21 cpus 86-87,89
0: mpibind: task  22 nths  3 gpus 22 cpus 90-92
0: mpibind: task  23 nths  3 gpus 23 cpus 93-95
0: 0.120s: flux-shell[0]: mpibind: 
0: mpibind: task   0 nths  3 gpus 0 cpus 1-4
0: mpibind: task   1 nths  3 gpus 1 cpus 5-7,9
0: mpibind: task   2 nths  3 gpus 2 cpus 10-13
0: mpibind: task   3 nths  3 gpus 3 cpus 14-15,17
0: mpibind: task   4 nths  3 gpus 4 cpus 18-20
0: mpibind: task   5 nths  3 gpus 5 cpus 21-23
0: mpibind: task   6 nths  3 gpus 6 cpus 25-28
0: mpibind: task   7 nths  3 gpus 7 cpus 29-31,33
0: mpibind: task   8 nths  3 gpus 8 cpus 34-37
0: mpibind: task   9 nths  3 gpus 9 cpus 38-39,41
0: mpibind: task  10 nths  3 gpus 10 cpus 42-44
0: mpibind: task  11 nths  3 gpus 11 cpus 45-47
0: mpibind: task  12 nths  3 gpus 12 cpus 49-52
0: mpibind: task  13 nths  3 gpus 13 cpus 53-55,57
0: mpibind: task  14 nths  3 gpus 14 cpus 58-61
0: mpibind: task  15 nths  3 gpus 15 cpus 62-63,65
0: mpibind: task  16 nths  3 gpus 16 cpus 66-68
0: mpibind: task  17 nths  3 gpus 17 cpus 69-71
0: mpibind: task  18 nths  3 gpus 18 cpus 73-76
0: mpibind: task  19 nths  3 gpus 19 cpus 77-79,81
0: mpibind: task  20 nths  3 gpus 20 cpus 82-85
0: mpibind: task  21 nths  3 gpus 21 cpus 86-87,89
0: mpibind: task  22 nths  3 gpus 22 cpus 90-92
0: mpibind: task  23 nths  3 gpus 23 cpus 93-95
0: 0.136s: flux-shell[13]: mpibind: 
0: mpibind: task   0 nths  3 gpus 0 cpus 1-4
0: mpibind: task   1 nths  3 gpus 1 cpus 5-7,9
0: mpibind: task   2 nths  3 gpus 2 cpus 10-13
0: mpibind: task   3 nths  3 gpus 3 cpus 14-15,17
0: mpibind: task   4 nths  3 gpus 4 cpus 18-20
0: mpibind: task   5 nths  3 gpus 5 cpus 21-23
0: mpibind: task   6 nths  3 gpus 6 cpus 25-28
0: mpibind: task   7 nths  3 gpus 7 cpus 29-31,33
0: mpibind: task   8 nths  3 gpus 8 cpus 34-37
0: mpibind: task   9 nths  3 gpus 9 cpus 38-39,41
0: mpibind: task  10 nths  3 gpus 10 cpus 42-44
0: mpibind: task  11 nths  3 gpus 11 cpus 45-47
0: mpibind: task  12 nths  3 gpus 12 cpus 49-52
0: mpibind: task  13 nths  3 gpus 13 cpus 53-55,57
0: mpibind: task  14 nths  3 gpus 14 cpus 58-61
0: mpibind: task  15 nths  3 gpus 15 cpus 62-63,65
0: mpibind: task  16 nths  3 gpus 16 cpus 66-68
0: mpibind: task  17 nths  3 gpus 17 cpus 69-71
0: mpibind: task  18 nths  3 gpus 18 cpus 73-76
0: mpibind: task  19 nths  3 gpus 19 cpus 77-79,81
0: mpibind: task  20 nths  3 gpus 20 cpus 82-85
0: mpibind: task  21 nths  3 gpus 21 cpus 86-87,89
0: mpibind: task  22 nths  3 gpus 22 cpus 90-92
0: mpibind: task  23 nths  3 gpus 23 cpus 93-95
0: 0.125s: flux-shell[2]: mpibind: 
0: mpibind: task   0 nths  3 gpus 0 cpus 1-4
0: mpibind: task   1 nths  3 gpus 1 cpus 5-7,9
0: mpibind: task   2 nths  3 gpus 2 cpus 10-13
0: mpibind: task   3 nths  3 gpus 3 cpus 14-15,17
0: mpibind: task   4 nths  3 gpus 4 cpus 18-20
0: mpibind: task   5 nths  3 gpus 5 cpus 21-23
0: mpibind: task   6 nths  3 gpus 6 cpus 25-28
0: mpibind: task   7 nths  3 gpus 7 cpus 29-31,33
0: mpibind: task   8 nths  3 gpus 8 cpus 34-37
0: mpibind: task   9 nths  3 gpus 9 cpus 38-39,41
0: mpibind: task  10 nths  3 gpus 10 cpus 42-44
0: mpibind: task  11 nths  3 gpus 11 cpus 45-47
0: mpibind: task  12 nths  3 gpus 12 cpus 49-52
0: mpibind: task  13 nths  3 gpus 13 cpus 53-55,57
0: mpibind: task  14 nths  3 gpus 14 cpus 58-61
0: mpibind: task  15 nths  3 gpus 15 cpus 62-63,65
0: mpibind: task  16 nths  3 gpus 16 cpus 66-68
0: mpibind: task  17 nths  3 gpus 17 cpus 69-71
0: mpibind: task  18 nths  3 gpus 18 cpus 73-76
0: mpibind: task  19 nths  3 gpus 19 cpus 77-79,81
0: mpibind: task  20 nths  3 gpus 20 cpus 82-85
0: mpibind: task  21 nths  3 gpus 21 cpus 86-87,89
0: mpibind: task  22 nths  3 gpus 22 cpus 90-92
0: mpibind: task  23 nths  3 gpus 23 cpus 93-95
0: 0.125s: flux-shell[3]: mpibind: 
0: mpibind: task   0 nths  3 gpus 0 cpus 1-4
0: mpibind: task   1 nths  3 gpus 1 cpus 5-7,9
0: mpibind: task   2 nths  3 gpus 2 cpus 10-13
0: mpibind: task   3 nths  3 gpus 3 cpus 14-15,17
0: mpibind: task   4 nths  3 gpus 4 cpus 18-20
0: mpibind: task   5 nths  3 gpus 5 cpus 21-23
0: mpibind: task   6 nths  3 gpus 6 cpus 25-28
0: mpibind: task   7 nths  3 gpus 7 cpus 29-31,33
0: mpibind: task   8 nths  3 gpus 8 cpus 34-37
0: mpibind: task   9 nths  3 gpus 9 cpus 38-39,41
0: mpibind: task  10 nths  3 gpus 10 cpus 42-44
0: mpibind: task  11 nths  3 gpus 11 cpus 45-47
0: mpibind: task  12 nths  3 gpus 12 cpus 49-52
0: mpibind: task  13 nths  3 gpus 13 cpus 53-55,57
0: mpibind: task  14 nths  3 gpus 14 cpus 58-61
0: mpibind: task  15 nths  3 gpus 15 cpus 62-63,65
0: mpibind: task  16 nths  3 gpus 16 cpus 66-68
0: mpibind: task  17 nths  3 gpus 17 cpus 69-71
0: mpibind: task  18 nths  3 gpus 18 cpus 73-76
0: mpibind: task  19 nths  3 gpus 19 cpus 77-79,81
0: mpibind: task  20 nths  3 gpus 20 cpus 82-85
0: mpibind: task  21 nths  3 gpus 21 cpus 86-87,89
0: mpibind: task  22 nths  3 gpus 22 cpus 90-92
0: mpibind: task  23 nths  3 gpus 23 cpus 93-95
0: 0.126s: flux-shell[4]: mpibind: 
0: mpibind: task   0 nths  3 gpus 0 cpus 1-4
0: mpibind: task   1 nths  3 gpus 1 cpus 5-7,9
0: mpibind: task   2 nths  3 gpus 2 cpus 10-13
0: mpibind: task   3 nths  3 gpus 3 cpus 14-15,17
0: mpibind: task   4 nths  3 gpus 4 cpus 18-20
0: mpibind: task   5 nths  3 gpus 5 cpus 21-23
0: mpibind: task   6 nths  3 gpus 6 cpus 25-28
0: mpibind: task   7 nths  3 gpus 7 cpus 29-31,33
0: mpibind: task   8 nths  3 gpus 8 cpus 34-37
0: mpibind: task   9 nths  3 gpus 9 cpus 38-39,41
0: mpibind: task  10 nths  3 gpus 10 cpus 42-44
0: mpibind: task  11 nths  3 gpus 11 cpus 45-47
0: mpibind: task  12 nths  3 gpus 12 cpus 49-52
0: mpibind: task  13 nths  3 gpus 13 cpus 53-55,57
0: mpibind: task  14 nths  3 gpus 14 cpus 58-61
0: mpibind: task  15 nths  3 gpus 15 cpus 62-63,65
0: mpibind: task  16 nths  3 gpus 16 cpus 66-68
0: mpibind: task  17 nths  3 gpus 17 cpus 69-71
0: mpibind: task  18 nths  3 gpus 18 cpus 73-76
0: mpibind: task  19 nths  3 gpus 19 cpus 77-79,81
0: mpibind: task  20 nths  3 gpus 20 cpus 82-85
0: mpibind: task  21 nths  3 gpus 21 cpus 86-87,89
0: mpibind: task  22 nths  3 gpus 22 cpus 90-92
0: mpibind: task  23 nths  3 gpus 23 cpus 93-95
0: 0.128s: flux-shell[5]: mpibind: 
0: mpibind: task   0 nths  3 gpus 0 cpus 1-4
0: mpibind: task   1 nths  3 gpus 1 cpus 5-7,9
0: mpibind: task   2 nths  3 gpus 2 cpus 10-13
0: mpibind: task   3 nths  3 gpus 3 cpus 14-15,17
0: mpibind: task   4 nths  3 gpus 4 cpus 18-20
0: mpibind: task   5 nths  3 gpus 5 cpus 21-23
0: mpibind: task   6 nths  3 gpus 6 cpus 25-28
0: mpibind: task   7 nths  3 gpus 7 cpus 29-31,33
0: mpibind: task   8 nths  3 gpus 8 cpus 34-37
0: mpibind: task   9 nths  3 gpus 9 cpus 38-39,41
0: mpibind: task  10 nths  3 gpus 10 cpus 42-44
0: mpibind: task  11 nths  3 gpus 11 cpus 45-47
0: mpibind: task  12 nths  3 gpus 12 cpus 49-52
0: mpibind: task  13 nths  3 gpus 13 cpus 53-55,57
0: mpibind: task  14 nths  3 gpus 14 cpus 58-61
0: mpibind: task  15 nths  3 gpus 15 cpus 62-63,65
0: mpibind: task  16 nths  3 gpus 16 cpus 66-68
0: mpibind: task  17 nths  3 gpus 17 cpus 69-71
0: mpibind: task  18 nths  3 gpus 18 cpus 73-76
0: mpibind: task  19 nths  3 gpus 19 cpus 77-79,81
0: mpibind: task  20 nths  3 gpus 20 cpus 82-85
0: mpibind: task  21 nths  3 gpus 21 cpus 86-87,89
0: mpibind: task  22 nths  3 gpus 22 cpus 90-92
0: mpibind: task  23 nths  3 gpus 23 cpus 93-95
0: 0.119s: flux-shell[6]: mpibind: 
0: mpibind: task   0 nths  3 gpus 0 cpus 1-4
0: mpibind: task   1 nths  3 gpus 1 cpus 5-7,9
0: mpibind: task   2 nths  3 gpus 2 cpus 10-13
0: mpibind: task   3 nths  3 gpus 3 cpus 14-15,17
0: mpibind: task   4 nths  3 gpus 4 cpus 18-20
0: mpibind: task   5 nths  3 gpus 5 cpus 21-23
0: mpibind: task   6 nths  3 gpus 6 cpus 25-28
0: mpibind: task   7 nths  3 gpus 7 cpus 29-31,33
0: mpibind: task   8 nths  3 gpus 8 cpus 34-37
0: mpibind: task   9 nths  3 gpus 9 cpus 38-39,41
0: mpibind: task  10 nths  3 gpus 10 cpus 42-44
0: mpibind: task  11 nths  3 gpus 11 cpus 45-47
0: mpibind: task  12 nths  3 gpus 12 cpus 49-52
0: mpibind: task  13 nths  3 gpus 13 cpus 53-55,57
0: mpibind: task  14 nths  3 gpus 14 cpus 58-61
0: mpibind: task  15 nths  3 gpus 15 cpus 62-63,65
0: mpibind: task  16 nths  3 gpus 16 cpus 66-68
0: mpibind: task  17 nths  3 gpus 17 cpus 69-71
0: mpibind: task  18 nths  3 gpus 18 cpus 73-76
0: mpibind: task  19 nths  3 gpus 19 cpus 77-79,81
0: mpibind: task  20 nths  3 gpus 20 cpus 82-85
0: mpibind: task  21 nths  3 gpus 21 cpus 86-87,89
0: mpibind: task  22 nths  3 gpus 22 cpus 90-92
0: mpibind: task  23 nths  3 gpus 23 cpus 93-95
0: 0.122s: flux-shell[7]: mpibind: 
0: mpibind: task   0 nths  3 gpus 0 cpus 1-4
0: mpibind: task   1 nths  3 gpus 1 cpus 5-7,9
0: mpibind: task   2 nths  3 gpus 2 cpus 10-13
0: mpibind: task   3 nths  3 gpus 3 cpus 14-15,17
0: mpibind: task   4 nths  3 gpus 4 cpus 18-20
0: mpibind: task   5 nths  3 gpus 5 cpus 21-23
0: mpibind: task   6 nths  3 gpus 6 cpus 25-28
0: mpibind: task   7 nths  3 gpus 7 cpus 29-31,33
0: mpibind: task   8 nths  3 gpus 8 cpus 34-37
0: mpibind: task   9 nths  3 gpus 9 cpus 38-39,41
0: mpibind: task  10 nths  3 gpus 10 cpus 42-44
0: mpibind: task  11 nths  3 gpus 11 cpus 45-47
0: mpibind: task  12 nths  3 gpus 12 cpus 49-52
0: mpibind: task  13 nths  3 gpus 13 cpus 53-55,57
0: mpibind: task  14 nths  3 gpus 14 cpus 58-61
0: mpibind: task  15 nths  3 gpus 15 cpus 62-63,65
0: mpibind: task  16 nths  3 gpus 16 cpus 66-68
0: mpibind: task  17 nths  3 gpus 17 cpus 69-71
0: mpibind: task  18 nths  3 gpus 18 cpus 73-76
0: mpibind: task  19 nths  3 gpus 19 cpus 77-79,81
0: mpibind: task  20 nths  3 gpus 20 cpus 82-85
0: mpibind: task  21 nths  3 gpus 21 cpus 86-87,89
0: mpibind: task  22 nths  3 gpus 22 cpus 90-92
0: mpibind: task  23 nths  3 gpus 23 cpus 93-95
0: 0.120s: flux-shell[8]: mpibind: 
0: mpibind: task   0 nths  3 gpus 0 cpus 1-4
0: mpibind: task   1 nths  3 gpus 1 cpus 5-7,9
0: mpibind: task   2 nths  3 gpus 2 cpus 10-13
0: mpibind: task   3 nths  3 gpus 3 cpus 14-15,17
0: mpibind: task   4 nths  3 gpus 4 cpus 18-20
0: mpibind: task   5 nths  3 gpus 5 cpus 21-23
0: mpibind: task   6 nths  3 gpus 6 cpus 25-28
0: mpibind: task   7 nths  3 gpus 7 cpus 29-31,33
0: mpibind: task   8 nths  3 gpus 8 cpus 34-37
0: mpibind: task   9 nths  3 gpus 9 cpus 38-39,41
0: mpibind: task  10 nths  3 gpus 10 cpus 42-44
0: mpibind: task  11 nths  3 gpus 11 cpus 45-47
0: mpibind: task  12 nths  3 gpus 12 cpus 49-52
0: mpibind: task  13 nths  3 gpus 13 cpus 53-55,57
0: mpibind: task  14 nths  3 gpus 14 cpus 58-61
0: mpibind: task  15 nths  3 gpus 15 cpus 62-63,65
0: mpibind: task  16 nths  3 gpus 16 cpus 66-68
0: mpibind: task  17 nths  3 gpus 17 cpus 69-71
0: mpibind: task  18 nths  3 gpus 18 cpus 73-76
0: mpibind: task  19 nths  3 gpus 19 cpus 77-79,81
0: mpibind: task  20 nths  3 gpus 20 cpus 82-85
0: mpibind: task  21 nths  3 gpus 21 cpus 86-87,89
0: mpibind: task  22 nths  3 gpus 22 cpus 90-92
0: mpibind: task  23 nths  3 gpus 23 cpus 93-95
0: 0.129s: flux-shell[9]: mpibind: 
0: mpibind: task   0 nths  3 gpus 0 cpus 1-4
0: mpibind: task   1 nths  3 gpus 1 cpus 5-7,9
0: mpibind: task   2 nths  3 gpus 2 cpus 10-13
0: mpibind: task   3 nths  3 gpus 3 cpus 14-15,17
0: mpibind: task   4 nths  3 gpus 4 cpus 18-20
0: mpibind: task   5 nths  3 gpus 5 cpus 21-23
0: mpibind: task   6 nths  3 gpus 6 cpus 25-28
0: mpibind: task   7 nths  3 gpus 7 cpus 29-31,33
0: mpibind: task   8 nths  3 gpus 8 cpus 34-37
0: mpibind: task   9 nths  3 gpus 9 cpus 38-39,41
0: mpibind: task  10 nths  3 gpus 10 cpus 42-44
0: mpibind: task  11 nths  3 gpus 11 cpus 45-47
0: mpibind: task  12 nths  3 gpus 12 cpus 49-52
0: mpibind: task  13 nths  3 gpus 13 cpus 53-55,57
0: mpibind: task  14 nths  3 gpus 14 cpus 58-61
0: mpibind: task  15 nths  3 gpus 15 cpus 62-63,65
0: mpibind: task  16 nths  3 gpus 16 cpus 66-68
0: mpibind: task  17 nths  3 gpus 17 cpus 69-71
0: mpibind: task  18 nths  3 gpus 18 cpus 73-76
0: mpibind: task  19 nths  3 gpus 19 cpus 77-79,81
0: mpibind: task  20 nths  3 gpus 20 cpus 82-85
0: mpibind: task  21 nths  3 gpus 21 cpus 86-87,89
0: mpibind: task  22 nths  3 gpus 22 cpus 90-92
0: mpibind: task  23 nths  3 gpus 23 cpus 93-95
0: 0.129s: flux-shell[10]: mpibind: 
0: mpibind: task   0 nths  3 gpus 0 cpus 1-4
0: mpibind: task   1 nths  3 gpus 1 cpus 5-7,9
0: mpibind: task   2 nths  3 gpus 2 cpus 10-13
0: mpibind: task   3 nths  3 gpus 3 cpus 14-15,17
0: mpibind: task   4 nths  3 gpus 4 cpus 18-20
0: mpibind: task   5 nths  3 gpus 5 cpus 21-23
0: mpibind: task   6 nths  3 gpus 6 cpus 25-28
0: mpibind: task   7 nths  3 gpus 7 cpus 29-31,33
0: mpibind: task   8 nths  3 gpus 8 cpus 34-37
0: mpibind: task   9 nths  3 gpus 9 cpus 38-39,41
0: mpibind: task  10 nths  3 gpus 10 cpus 42-44
0: mpibind: task  11 nths  3 gpus 11 cpus 45-47
0: mpibind: task  12 nths  3 gpus 12 cpus 49-52
0: mpibind: task  13 nths  3 gpus 13 cpus 53-55,57
0: mpibind: task  14 nths  3 gpus 14 cpus 58-61
0: mpibind: task  15 nths  3 gpus 15 cpus 62-63,65
0: mpibind: task  16 nths  3 gpus 16 cpus 66-68
0: mpibind: task  17 nths  3 gpus 17 cpus 69-71
0: mpibind: task  18 nths  3 gpus 18 cpus 73-76
0: mpibind: task  19 nths  3 gpus 19 cpus 77-79,81
0: mpibind: task  20 nths  3 gpus 20 cpus 82-85
0: mpibind: task  21 nths  3 gpus 21 cpus 86-87,89
0: mpibind: task  22 nths  3 gpus 22 cpus 90-92
0: mpibind: task  23 nths  3 gpus 23 cpus 93-95
0: 0.129s: flux-shell[11]: mpibind: 
0: mpibind: task   0 nths  3 gpus 0 cpus 1-4
0: mpibind: task   1 nths  3 gpus 1 cpus 5-7,9
0: mpibind: task   2 nths  3 gpus 2 cpus 10-13
0: mpibind: task   3 nths  3 gpus 3 cpus 14-15,17
0: mpibind: task   4 nths  3 gpus 4 cpus 18-20
0: mpibind: task   5 nths  3 gpus 5 cpus 21-23
0: mpibind: task   6 nths  3 gpus 6 cpus 25-28
0: mpibind: task   7 nths  3 gpus 7 cpus 29-31,33
0: mpibind: task   8 nths  3 gpus 8 cpus 34-37
0: mpibind: task   9 nths  3 gpus 9 cpus 38-39,41
0: mpibind: task  10 nths  3 gpus 10 cpus 42-44
0: mpibind: task  11 nths  3 gpus 11 cpus 45-47
0: mpibind: task  12 nths  3 gpus 12 cpus 49-52
0: mpibind: task  13 nths  3 gpus 13 cpus 53-55,57
0: mpibind: task  14 nths  3 gpus 14 cpus 58-61
0: mpibind: task  15 nths  3 gpus 15 cpus 62-63,65
0: mpibind: task  16 nths  3 gpus 16 cpus 66-68
0: mpibind: task  17 nths  3 gpus 17 cpus 69-71
0: mpibind: task  18 nths  3 gpus 18 cpus 73-76
0: mpibind: task  19 nths  3 gpus 19 cpus 77-79,81
0: mpibind: task  20 nths  3 gpus 20 cpus 82-85
0: mpibind: task  21 nths  3 gpus 21 cpus 86-87,89
0: mpibind: task  22 nths  3 gpus 22 cpus 90-92
0: mpibind: task  23 nths  3 gpus 23 cpus 93-95
0: 0.142s: flux-shell[12]: mpibind: 
0: mpibind: task   0 nths  3 gpus 0 cpus 1-4
0: mpibind: task   1 nths  3 gpus 1 cpus 5-7,9
0: mpibind: task   2 nths  3 gpus 2 cpus 10-13
0: mpibind: task   3 nths  3 gpus 3 cpus 14-15,17
0: mpibind: task   4 nths  3 gpus 4 cpus 18-20
0: mpibind: task   5 nths  3 gpus 5 cpus 21-23
0: mpibind: task   6 nths  3 gpus 6 cpus 25-28
0: mpibind: task   7 nths  3 gpus 7 cpus 29-31,33
0: mpibind: task   8 nths  3 gpus 8 cpus 34-37
0: mpibind: task   9 nths  3 gpus 9 cpus 38-39,41
0: mpibind: task  10 nths  3 gpus 10 cpus 42-44
0: mpibind: task  11 nths  3 gpus 11 cpus 45-47
0: mpibind: task  12 nths  3 gpus 12 cpus 49-52
0: mpibind: task  13 nths  3 gpus 13 cpus 53-55,57
0: mpibind: task  14 nths  3 gpus 14 cpus 58-61
0: mpibind: task  15 nths  3 gpus 15 cpus 62-63,65
0: mpibind: task  16 nths  3 gpus 16 cpus 66-68
0: mpibind: task  17 nths  3 gpus 17 cpus 69-71
0: mpibind: task  18 nths  3 gpus 18 cpus 73-76
0: mpibind: task  19 nths  3 gpus 19 cpus 77-79,81
0: mpibind: task  20 nths  3 gpus 20 cpus 82-85
0: mpibind: task  21 nths  3 gpus 21 cpus 86-87,89
0: mpibind: task  22 nths  3 gpus 22 cpus 90-92
0: mpibind: task  23 nths  3 gpus 23 cpus 93-95
0: 0.129s: flux-shell[15]: mpibind: 
0: mpibind: task   0 nths  3 gpus 0 cpus 1-4
0: mpibind: task   1 nths  3 gpus 1 cpus 5-7,9
0: mpibind: task   2 nths  3 gpus 2 cpus 10-13
0: mpibind: task   3 nths  3 gpus 3 cpus 14-15,17
0: mpibind: task   4 nths  3 gpus 4 cpus 18-20
0: mpibind: task   5 nths  3 gpus 5 cpus 21-23
0: mpibind: task   6 nths  3 gpus 6 cpus 25-28
0: mpibind: task   7 nths  3 gpus 7 cpus 29-31,33
0: mpibind: task   8 nths  3 gpus 8 cpus 34-37
0: mpibind: task   9 nths  3 gpus 9 cpus 38-39,41
0: mpibind: task  10 nths  3 gpus 10 cpus 42-44
0: mpibind: task  11 nths  3 gpus 11 cpus 45-47
0: mpibind: task  12 nths  3 gpus 12 cpus 49-52
0: mpibind: task  13 nths  3 gpus 13 cpus 53-55,57
0: mpibind: task  14 nths  3 gpus 14 cpus 58-61
0: mpibind: task  15 nths  3 gpus 15 cpus 62-63,65
0: mpibind: task  16 nths  3 gpus 16 cpus 66-68
0: mpibind: task  17 nths  3 gpus 17 cpus 69-71
0: mpibind: task  18 nths  3 gpus 18 cpus 73-76
0: mpibind: task  19 nths  3 gpus 19 cpus 77-79,81
0: mpibind: task  20 nths  3 gpus 20 cpus 82-85
0: mpibind: task  21 nths  3 gpus 21 cpus 86-87,89
0: mpibind: task  22 nths  3 gpus 22 cpus 90-92
0: mpibind: task  23 nths  3 gpus 23 cpus 93-95
0: 0.130s: flux-shell[14]: mpibind: 
0: mpibind: task   0 nths  3 gpus 0 cpus 1-4
0: mpibind: task   1 nths  3 gpus 1 cpus 5-7,9
0: mpibind: task   2 nths  3 gpus 2 cpus 10-13
0: mpibind: task   3 nths  3 gpus 3 cpus 14-15,17
0: mpibind: task   4 nths  3 gpus 4 cpus 18-20
0: mpibind: task   5 nths  3 gpus 5 cpus 21-23
0: mpibind: task   6 nths  3 gpus 6 cpus 25-28
0: mpibind: task   7 nths  3 gpus 7 cpus 29-31,33
0: mpibind: task   8 nths  3 gpus 8 cpus 34-37
0: mpibind: task   9 nths  3 gpus 9 cpus 38-39,41
0: mpibind: task  10 nths  3 gpus 10 cpus 42-44
0: mpibind: task  11 nths  3 gpus 11 cpus 45-47
0: mpibind: task  12 nths  3 gpus 12 cpus 49-52
0: mpibind: task  13 nths  3 gpus 13 cpus 53-55,57
0: mpibind: task  14 nths  3 gpus 14 cpus 58-61
0: mpibind: task  15 nths  3 gpus 15 cpus 62-63,65
0: mpibind: task  16 nths  3 gpus 16 cpus 66-68
0: mpibind: task  17 nths  3 gpus 17 cpus 69-71
0: mpibind: task  18 nths  3 gpus 18 cpus 73-76
0: mpibind: task  19 nths  3 gpus 19 cpus 77-79,81
0: mpibind: task  20 nths  3 gpus 20 cpus 82-85
0: mpibind: task  21 nths  3 gpus 21 cpus 86-87,89
0: mpibind: task  22 nths  3 gpus 22 cpus 90-92
0: mpibind: task  23 nths  3 gpus 23 cpus 93-95
0: 0.122s: flux-shell[16]: mpibind: 
0: mpibind: task   0 nths  3 gpus 0 cpus 1-4
0: mpibind: task   1 nths  3 gpus 1 cpus 5-7,9
0: mpibind: task   2 nths  3 gpus 2 cpus 10-13
0: mpibind: task   3 nths  3 gpus 3 cpus 14-15,17
0: mpibind: task   4 nths  3 gpus 4 cpus 18-20
0: mpibind: task   5 nths  3 gpus 5 cpus 21-23
0: mpibind: task   6 nths  3 gpus 6 cpus 25-28
0: mpibind: task   7 nths  3 gpus 7 cpus 29-31,33
0: mpibind: task   8 nths  3 gpus 8 cpus 34-37
0: mpibind: task   9 nths  3 gpus 9 cpus 38-39,41
0: mpibind: task  10 nths  3 gpus 10 cpus 42-44
0: mpibind: task  11 nths  3 gpus 11 cpus 45-47
0: mpibind: task  12 nths  3 gpus 12 cpus 49-52
0: mpibind: task  13 nths  3 gpus 13 cpus 53-55,57
0: mpibind: task  14 nths  3 gpus 14 cpus 58-61
0: mpibind: task  15 nths  3 gpus 15 cpus 62-63,65
0: mpibind: task  16 nths  3 gpus 16 cpus 66-68
0: mpibind: task  17 nths  3 gpus 17 cpus 69-71
0: mpibind: task  18 nths  3 gpus 18 cpus 73-76
0: mpibind: task  19 nths  3 gpus 19 cpus 77-79,81
0: mpibind: task  20 nths  3 gpus 20 cpus 82-85
0: mpibind: task  21 nths  3 gpus 21 cpus 86-87,89
0: mpibind: task  22 nths  3 gpus 22 cpus 90-92
0: mpibind: task  23 nths  3 gpus 23 cpus 93-95
0: 0.127s: flux-shell[17]: mpibind: 
0: mpibind: task   0 nths  3 gpus 0 cpus 1-4
0: mpibind: task   1 nths  3 gpus 1 cpus 5-7,9
0: mpibind: task   2 nths  3 gpus 2 cpus 10-13
0: mpibind: task   3 nths  3 gpus 3 cpus 14-15,17
0: mpibind: task   4 nths  3 gpus 4 cpus 18-20
0: mpibind: task   5 nths  3 gpus 5 cpus 21-23
0: mpibind: task   6 nths  3 gpus 6 cpus 25-28
0: mpibind: task   7 nths  3 gpus 7 cpus 29-31,33
0: mpibind: task   8 nths  3 gpus 8 cpus 34-37
0: mpibind: task   9 nths  3 gpus 9 cpus 38-39,41
0: mpibind: task  10 nths  3 gpus 10 cpus 42-44
0: mpibind: task  11 nths  3 gpus 11 cpus 45-47
0: mpibind: task  12 nths  3 gpus 12 cpus 49-52
0: mpibind: task  13 nths  3 gpus 13 cpus 53-55,57
0: mpibind: task  14 nths  3 gpus 14 cpus 58-61
0: mpibind: task  15 nths  3 gpus 15 cpus 62-63,65
0: mpibind: task  16 nths  3 gpus 16 cpus 66-68
0: mpibind: task  17 nths  3 gpus 17 cpus 69-71
0: mpibind: task  18 nths  3 gpus 18 cpus 73-76
0: mpibind: task  19 nths  3 gpus 19 cpus 77-79,81
0: mpibind: task  20 nths  3 gpus 20 cpus 82-85
0: mpibind: task  21 nths  3 gpus 21 cpus 86-87,89
0: mpibind: task  22 nths  3 gpus 22 cpus 90-92
0: mpibind: task  23 nths  3 gpus 23 cpus 93-95
0: 0.130s: flux-shell[20]: mpibind: 
0: mpibind: task   0 nths  3 gpus 0 cpus 1-4
0: mpibind: task   1 nths  3 gpus 1 cpus 5-7,9
0: mpibind: task   2 nths  3 gpus 2 cpus 10-13
0: mpibind: task   3 nths  3 gpus 3 cpus 14-15,17
0: mpibind: task   4 nths  3 gpus 4 cpus 18-20
0: mpibind: task   5 nths  3 gpus 5 cpus 21-23
0: mpibind: task   6 nths  3 gpus 6 cpus 25-28
0: mpibind: task   7 nths  3 gpus 7 cpus 29-31,33
0: mpibind: task   8 nths  3 gpus 8 cpus 34-37
0: mpibind: task   9 nths  3 gpus 9 cpus 38-39,41
0: mpibind: task  10 nths  3 gpus 10 cpus 42-44
0: mpibind: task  11 nths  3 gpus 11 cpus 45-47
0: mpibind: task  12 nths  3 gpus 12 cpus 49-52
0: mpibind: task  13 nths  3 gpus 13 cpus 53-55,57
0: mpibind: task  14 nths  3 gpus 14 cpus 58-61
0: mpibind: task  15 nths  3 gpus 15 cpus 62-63,65
0: mpibind: task  16 nths  3 gpus 16 cpus 66-68
0: mpibind: task  17 nths  3 gpus 17 cpus 69-71
0: mpibind: task  18 nths  3 gpus 18 cpus 73-76
0: mpibind: task  19 nths  3 gpus 19 cpus 77-79,81
0: mpibind: task  20 nths  3 gpus 20 cpus 82-85
0: mpibind: task  21 nths  3 gpus 21 cpus 86-87,89
0: mpibind: task  22 nths  3 gpus 22 cpus 90-92
0: mpibind: task  23 nths  3 gpus 23 cpus 93-95
0: 0.133s: flux-shell[19]: mpibind: 
0: mpibind: task   0 nths  3 gpus 0 cpus 1-4
0: mpibind: task   1 nths  3 gpus 1 cpus 5-7,9
0: mpibind: task   2 nths  3 gpus 2 cpus 10-13
0: mpibind: task   3 nths  3 gpus 3 cpus 14-15,17
0: mpibind: task   4 nths  3 gpus 4 cpus 18-20
0: mpibind: task   5 nths  3 gpus 5 cpus 21-23
0: mpibind: task   6 nths  3 gpus 6 cpus 25-28
0: mpibind: task   7 nths  3 gpus 7 cpus 29-31,33
0: mpibind: task   8 nths  3 gpus 8 cpus 34-37
0: mpibind: task   9 nths  3 gpus 9 cpus 38-39,41
0: mpibind: task  10 nths  3 gpus 10 cpus 42-44
0: mpibind: task  11 nths  3 gpus 11 cpus 45-47
0: mpibind: task  12 nths  3 gpus 12 cpus 49-52
0: mpibind: task  13 nths  3 gpus 13 cpus 53-55,57
0: mpibind: task  14 nths  3 gpus 14 cpus 58-61
0: mpibind: task  15 nths  3 gpus 15 cpus 62-63,65
0: mpibind: task  16 nths  3 gpus 16 cpus 66-68
0: mpibind: task  17 nths  3 gpus 17 cpus 69-71
0: mpibind: task  18 nths  3 gpus 18 cpus 73-76
0: mpibind: task  19 nths  3 gpus 19 cpus 77-79,81
0: mpibind: task  20 nths  3 gpus 20 cpus 82-85
0: mpibind: task  21 nths  3 gpus 21 cpus 86-87,89
0: mpibind: task  22 nths  3 gpus 22 cpus 90-92
0: mpibind: task  23 nths  3 gpus 23 cpus 93-95
0: 0.133s: flux-shell[18]: mpibind: 
0: mpibind: task   0 nths  3 gpus 0 cpus 1-4
0: mpibind: task   1 nths  3 gpus 1 cpus 5-7,9
0: mpibind: task   2 nths  3 gpus 2 cpus 10-13
0: mpibind: task   3 nths  3 gpus 3 cpus 14-15,17
0: mpibind: task   4 nths  3 gpus 4 cpus 18-20
0: mpibind: task   5 nths  3 gpus 5 cpus 21-23
0: mpibind: task   6 nths  3 gpus 6 cpus 25-28
0: mpibind: task   7 nths  3 gpus 7 cpus 29-31,33
0: mpibind: task   8 nths  3 gpus 8 cpus 34-37
0: mpibind: task   9 nths  3 gpus 9 cpus 38-39,41
0: mpibind: task  10 nths  3 gpus 10 cpus 42-44
0: mpibind: task  11 nths  3 gpus 11 cpus 45-47
0: mpibind: task  12 nths  3 gpus 12 cpus 49-52
0: mpibind: task  13 nths  3 gpus 13 cpus 53-55,57
0: mpibind: task  14 nths  3 gpus 14 cpus 58-61
0: mpibind: task  15 nths  3 gpus 15 cpus 62-63,65
0: mpibind: task  16 nths  3 gpus 16 cpus 66-68
0: mpibind: task  17 nths  3 gpus 17 cpus 69-71
0: mpibind: task  18 nths  3 gpus 18 cpus 73-76
0: mpibind: task  19 nths  3 gpus 19 cpus 77-79,81
0: mpibind: task  20 nths  3 gpus 20 cpus 82-85
0: mpibind: task  21 nths  3 gpus 21 cpus 86-87,89
0: mpibind: task  22 nths  3 gpus 22 cpus 90-92
0: mpibind: task  23 nths  3 gpus 23 cpus 93-95
0: 0.137s: flux-shell[21]: mpibind: 
0: mpibind: task   0 nths  3 gpus 0 cpus 1-4
0: mpibind: task   1 nths  3 gpus 1 cpus 5-7,9
0: mpibind: task   2 nths  3 gpus 2 cpus 10-13
0: mpibind: task   3 nths  3 gpus 3 cpus 14-15,17
0: mpibind: task   4 nths  3 gpus 4 cpus 18-20
0: mpibind: task   5 nths  3 gpus 5 cpus 21-23
0: mpibind: task   6 nths  3 gpus 6 cpus 25-28
0: mpibind: task   7 nths  3 gpus 7 cpus 29-31,33
0: mpibind: task   8 nths  3 gpus 8 cpus 34-37
0: mpibind: task   9 nths  3 gpus 9 cpus 38-39,41
0: mpibind: task  10 nths  3 gpus 10 cpus 42-44
0: mpibind: task  11 nths  3 gpus 11 cpus 45-47
0: mpibind: task  12 nths  3 gpus 12 cpus 49-52
0: mpibind: task  13 nths  3 gpus 13 cpus 53-55,57
0: mpibind: task  14 nths  3 gpus 14 cpus 58-61
0: mpibind: task  15 nths  3 gpus 15 cpus 62-63,65
0: mpibind: task  16 nths  3 gpus 16 cpus 66-68
0: mpibind: task  17 nths  3 gpus 17 cpus 69-71
0: mpibind: task  18 nths  3 gpus 18 cpus 73-76
0: mpibind: task  19 nths  3 gpus 19 cpus 77-79,81
0: mpibind: task  20 nths  3 gpus 20 cpus 82-85
0: mpibind: task  21 nths  3 gpus 21 cpus 86-87,89
0: mpibind: task  22 nths  3 gpus 22 cpus 90-92
0: mpibind: task  23 nths  3 gpus 23 cpus 93-95
0: 0.130s: flux-shell[23]: mpibind: 
0: mpibind: task   0 nths  3 gpus 0 cpus 1-4
0: mpibind: task   1 nths  3 gpus 1 cpus 5-7,9
0: mpibind: task   2 nths  3 gpus 2 cpus 10-13
0: mpibind: task   3 nths  3 gpus 3 cpus 14-15,17
0: mpibind: task   4 nths  3 gpus 4 cpus 18-20
0: mpibind: task   5 nths  3 gpus 5 cpus 21-23
0: mpibind: task   6 nths  3 gpus 6 cpus 25-28
0: mpibind: task   7 nths  3 gpus 7 cpus 29-31,33
0: mpibind: task   8 nths  3 gpus 8 cpus 34-37
0: mpibind: task   9 nths  3 gpus 9 cpus 38-39,41
0: mpibind: task  10 nths  3 gpus 10 cpus 42-44
0: mpibind: task  11 nths  3 gpus 11 cpus 45-47
0: mpibind: task  12 nths  3 gpus 12 cpus 49-52
0: mpibind: task  13 nths  3 gpus 13 cpus 53-55,57
0: mpibind: task  14 nths  3 gpus 14 cpus 58-61
0: mpibind: task  15 nths  3 gpus 15 cpus 62-63,65
0: mpibind: task  16 nths  3 gpus 16 cpus 66-68
0: mpibind: task  17 nths  3 gpus 17 cpus 69-71
0: mpibind: task  18 nths  3 gpus 18 cpus 73-76
0: mpibind: task  19 nths  3 gpus 19 cpus 77-79,81
0: mpibind: task  20 nths  3 gpus 20 cpus 82-85
0: mpibind: task  21 nths  3 gpus 21 cpus 86-87,89
0: mpibind: task  22 nths  3 gpus 22 cpus 90-92
0: mpibind: task  23 nths  3 gpus 23 cpus 93-95
0: 0.128s: flux-shell[24]: mpibind: 
0: mpibind: task   0 nths  3 gpus 0 cpus 1-4
0: mpibind: task   1 nths  3 gpus 1 cpus 5-7,9
0: mpibind: task   2 nths  3 gpus 2 cpus 10-13
0: mpibind: task   3 nths  3 gpus 3 cpus 14-15,17
0: mpibind: task   4 nths  3 gpus 4 cpus 18-20
0: mpibind: task   5 nths  3 gpus 5 cpus 21-23
0: mpibind: task   6 nths  3 gpus 6 cpus 25-28
0: mpibind: task   7 nths  3 gpus 7 cpus 29-31,33
0: mpibind: task   8 nths  3 gpus 8 cpus 34-37
0: mpibind: task   9 nths  3 gpus 9 cpus 38-39,41
0: mpibind: task  10 nths  3 gpus 10 cpus 42-44
0: mpibind: task  11 nths  3 gpus 11 cpus 45-47
0: mpibind: task  12 nths  3 gpus 12 cpus 49-52
0: mpibind: task  13 nths  3 gpus 13 cpus 53-55,57
0: mpibind: task  14 nths  3 gpus 14 cpus 58-61
0: mpibind: task  15 nths  3 gpus 15 cpus 62-63,65
0: mpibind: task  16 nths  3 gpus 16 cpus 66-68
0: mpibind: task  17 nths  3 gpus 17 cpus 69-71
0: mpibind: task  18 nths  3 gpus 18 cpus 73-76
0: mpibind: task  19 nths  3 gpus 19 cpus 77-79,81
0: mpibind: task  20 nths  3 gpus 20 cpus 82-85
0: mpibind: task  21 nths  3 gpus 21 cpus 86-87,89
0: mpibind: task  22 nths  3 gpus 22 cpus 90-92
0: mpibind: task  23 nths  3 gpus 23 cpus 93-95
0: 0.139s: flux-shell[26]: mpibind: 
0: mpibind: task   0 nths  3 gpus 0 cpus 1-4
0: mpibind: task   1 nths  3 gpus 1 cpus 5-7,9
0: mpibind: task   2 nths  3 gpus 2 cpus 10-13
0: mpibind: task   3 nths  3 gpus 3 cpus 14-15,17
0: mpibind: task   4 nths  3 gpus 4 cpus 18-20
0: mpibind: task   5 nths  3 gpus 5 cpus 21-23
0: mpibind: task   6 nths  3 gpus 6 cpus 25-28
0: mpibind: task   7 nths  3 gpus 7 cpus 29-31,33
0: mpibind: task   8 nths  3 gpus 8 cpus 34-37
0: mpibind: task   9 nths  3 gpus 9 cpus 38-39,41
0: mpibind: task  10 nths  3 gpus 10 cpus 42-44
0: mpibind: task  11 nths  3 gpus 11 cpus 45-47
0: mpibind: task  12 nths  3 gpus 12 cpus 49-52
0: mpibind: task  13 nths  3 gpus 13 cpus 53-55,57
0: mpibind: task  14 nths  3 gpus 14 cpus 58-61
0: mpibind: task  15 nths  3 gpus 15 cpus 62-63,65
0: mpibind: task  16 nths  3 gpus 16 cpus 66-68
0: mpibind: task  17 nths  3 gpus 17 cpus 69-71
0: mpibind: task  18 nths  3 gpus 18 cpus 73-76
0: mpibind: task  19 nths  3 gpus 19 cpus 77-79,81
0: mpibind: task  20 nths  3 gpus 20 cpus 82-85
0: mpibind: task  21 nths  3 gpus 21 cpus 86-87,89
0: mpibind: task  22 nths  3 gpus 22 cpus 90-92
0: mpibind: task  23 nths  3 gpus 23 cpus 93-95
0: 0.142s: flux-shell[27]: mpibind: 
0: mpibind: task   0 nths  3 gpus 0 cpus 1-4
0: mpibind: task   1 nths  3 gpus 1 cpus 5-7,9
0: mpibind: task   2 nths  3 gpus 2 cpus 10-13
0: mpibind: task   3 nths  3 gpus 3 cpus 14-15,17
0: mpibind: task   4 nths  3 gpus 4 cpus 18-20
0: mpibind: task   5 nths  3 gpus 5 cpus 21-23
0: mpibind: task   6 nths  3 gpus 6 cpus 25-28
0: mpibind: task   7 nths  3 gpus 7 cpus 29-31,33
0: mpibind: task   8 nths  3 gpus 8 cpus 34-37
0: mpibind: task   9 nths  3 gpus 9 cpus 38-39,41
0: mpibind: task  10 nths  3 gpus 10 cpus 42-44
0: mpibind: task  11 nths  3 gpus 11 cpus 45-47
0: mpibind: task  12 nths  3 gpus 12 cpus 49-52
0: mpibind: task  13 nths  3 gpus 13 cpus 53-55,57
0: mpibind: task  14 nths  3 gpus 14 cpus 58-61
0: mpibind: task  15 nths  3 gpus 15 cpus 62-63,65
0: mpibind: task  16 nths  3 gpus 16 cpus 66-68
0: mpibind: task  17 nths  3 gpus 17 cpus 69-71
0: mpibind: task  18 nths  3 gpus 18 cpus 73-76
0: mpibind: task  19 nths  3 gpus 19 cpus 77-79,81
0: mpibind: task  20 nths  3 gpus 20 cpus 82-85
0: mpibind: task  21 nths  3 gpus 21 cpus 86-87,89
0: mpibind: task  22 nths  3 gpus 22 cpus 90-92
0: mpibind: task  23 nths  3 gpus 23 cpus 93-95
0: 0.138s: flux-shell[28]: mpibind: 
0: mpibind: task   0 nths  3 gpus 0 cpus 1-4
0: mpibind: task   1 nths  3 gpus 1 cpus 5-7,9
0: mpibind: task   2 nths  3 gpus 2 cpus 10-13
0: mpibind: task   3 nths  3 gpus 3 cpus 14-15,17
0: mpibind: task   4 nths  3 gpus 4 cpus 18-20
0: mpibind: task   5 nths  3 gpus 5 cpus 21-23
0: mpibind: task   6 nths  3 gpus 6 cpus 25-28
0: mpibind: task   7 nths  3 gpus 7 cpus 29-31,33
0: mpibind: task   8 nths  3 gpus 8 cpus 34-37
0: mpibind: task   9 nths  3 gpus 9 cpus 38-39,41
0: mpibind: task  10 nths  3 gpus 10 cpus 42-44
0: mpibind: task  11 nths  3 gpus 11 cpus 45-47
0: mpibind: task  12 nths  3 gpus 12 cpus 49-52
0: mpibind: task  13 nths  3 gpus 13 cpus 53-55,57
0: mpibind: task  14 nths  3 gpus 14 cpus 58-61
0: mpibind: task  15 nths  3 gpus 15 cpus 62-63,65
0: mpibind: task  16 nths  3 gpus 16 cpus 66-68
0: mpibind: task  17 nths  3 gpus 17 cpus 69-71
0: mpibind: task  18 nths  3 gpus 18 cpus 73-76
0: mpibind: task  19 nths  3 gpus 19 cpus 77-79,81
0: mpibind: task  20 nths  3 gpus 20 cpus 82-85
0: mpibind: task  21 nths  3 gpus 21 cpus 86-87,89
0: mpibind: task  22 nths  3 gpus 22 cpus 90-92
0: mpibind: task  23 nths  3 gpus 23 cpus 93-95
0: 0.140s: flux-shell[30]: mpibind: 
0: mpibind: task   0 nths  3 gpus 0 cpus 1-4
0: mpibind: task   1 nths  3 gpus 1 cpus 5-7,9
0: mpibind: task   2 nths  3 gpus 2 cpus 10-13
0: mpibind: task   3 nths  3 gpus 3 cpus 14-15,17
0: mpibind: task   4 nths  3 gpus 4 cpus 18-20
0: mpibind: task   5 nths  3 gpus 5 cpus 21-23
0: mpibind: task   6 nths  3 gpus 6 cpus 25-28
0: mpibind: task   7 nths  3 gpus 7 cpus 29-31,33
0: mpibind: task   8 nths  3 gpus 8 cpus 34-37
0: mpibind: task   9 nths  3 gpus 9 cpus 38-39,41
0: mpibind: task  10 nths  3 gpus 10 cpus 42-44
0: mpibind: task  11 nths  3 gpus 11 cpus 45-47
0: mpibind: task  12 nths  3 gpus 12 cpus 49-52
0: mpibind: task  13 nths  3 gpus 13 cpus 53-55,57
0: mpibind: task  14 nths  3 gpus 14 cpus 58-61
0: mpibind: task  15 nths  3 gpus 15 cpus 62-63,65
0: mpibind: task  16 nths  3 gpus 16 cpus 66-68
0: mpibind: task  17 nths  3 gpus 17 cpus 69-71
0: mpibind: task  18 nths  3 gpus 18 cpus 73-76
0: mpibind: task  19 nths  3 gpus 19 cpus 77-79,81
0: mpibind: task  20 nths  3 gpus 20 cpus 82-85
0: mpibind: task  21 nths  3 gpus 21 cpus 86-87,89
0: mpibind: task  22 nths  3 gpus 22 cpus 90-92
0: mpibind: task  23 nths  3 gpus 23 cpus 93-95
0: 0.141s: flux-shell[29]: mpibind: 
0: mpibind: task   0 nths  3 gpus 0 cpus 1-4
0: mpibind: task   1 nths  3 gpus 1 cpus 5-7,9
0: mpibind: task   2 nths  3 gpus 2 cpus 10-13
0: mpibind: task   3 nths  3 gpus 3 cpus 14-15,17
0: mpibind: task   4 nths  3 gpus 4 cpus 18-20
0: mpibind: task   5 nths  3 gpus 5 cpus 21-23
0: mpibind: task   6 nths  3 gpus 6 cpus 25-28
0: mpibind: task   7 nths  3 gpus 7 cpus 29-31,33
0: mpibind: task   8 nths  3 gpus 8 cpus 34-37
0: mpibind: task   9 nths  3 gpus 9 cpus 38-39,41
0: mpibind: task  10 nths  3 gpus 10 cpus 42-44
0: mpibind: task  11 nths  3 gpus 11 cpus 45-47
0: mpibind: task  12 nths  3 gpus 12 cpus 49-52
0: mpibind: task  13 nths  3 gpus 13 cpus 53-55,57
0: mpibind: task  14 nths  3 gpus 14 cpus 58-61
0: mpibind: task  15 nths  3 gpus 15 cpus 62-63,65
0: mpibind: task  16 nths  3 gpus 16 cpus 66-68
0: mpibind: task  17 nths  3 gpus 17 cpus 69-71
0: mpibind: task  18 nths  3 gpus 18 cpus 73-76
0: mpibind: task  19 nths  3 gpus 19 cpus 77-79,81
0: mpibind: task  20 nths  3 gpus 20 cpus 82-85
0: mpibind: task  21 nths  3 gpus 21 cpus 86-87,89
0: mpibind: task  22 nths  3 gpus 22 cpus 90-92
0: mpibind: task  23 nths  3 gpus 23 cpus 93-95
0: 0.144s: flux-shell[31]: mpibind: 
0: mpibind: task   0 nths  3 gpus 0 cpus 1-4
0: mpibind: task   1 nths  3 gpus 1 cpus 5-7,9
0: mpibind: task   2 nths  3 gpus 2 cpus 10-13
0: mpibind: task   3 nths  3 gpus 3 cpus 14-15,17
0: mpibind: task   4 nths  3 gpus 4 cpus 18-20
0: mpibind: task   5 nths  3 gpus 5 cpus 21-23
0: mpibind: task   6 nths  3 gpus 6 cpus 25-28
0: mpibind: task   7 nths  3 gpus 7 cpus 29-31,33
0: mpibind: task   8 nths  3 gpus 8 cpus 34-37
0: mpibind: task   9 nths  3 gpus 9 cpus 38-39,41
0: mpibind: task  10 nths  3 gpus 10 cpus 42-44
0: mpibind: task  11 nths  3 gpus 11 cpus 45-47
0: mpibind: task  12 nths  3 gpus 12 cpus 49-52
0: mpibind: task  13 nths  3 gpus 13 cpus 53-55,57
0: mpibind: task  14 nths  3 gpus 14 cpus 58-61
0: mpibind: task  15 nths  3 gpus 15 cpus 62-63,65
0: mpibind: task  16 nths  3 gpus 16 cpus 66-68
0: mpibind: task  17 nths  3 gpus 17 cpus 69-71
0: mpibind: task  18 nths  3 gpus 18 cpus 73-76
0: mpibind: task  19 nths  3 gpus 19 cpus 77-79,81
0: mpibind: task  20 nths  3 gpus 20 cpus 82-85
0: mpibind: task  21 nths  3 gpus 21 cpus 86-87,89
0: mpibind: task  22 nths  3 gpus 22 cpus 90-92
0: mpibind: task  23 nths  3 gpus 23 cpus 93-95
0: 0.144s: flux-shell[22]: mpibind: 
0: mpibind: task   0 nths  3 gpus 0 cpus 1-4
0: mpibind: task   1 nths  3 gpus 1 cpus 5-7,9
0: mpibind: task   2 nths  3 gpus 2 cpus 10-13
0: mpibind: task   3 nths  3 gpus 3 cpus 14-15,17
0: mpibind: task   4 nths  3 gpus 4 cpus 18-20
0: mpibind: task   5 nths  3 gpus 5 cpus 21-23
0: mpibind: task   6 nths  3 gpus 6 cpus 25-28
0: mpibind: task   7 nths  3 gpus 7 cpus 29-31,33
0: mpibind: task   8 nths  3 gpus 8 cpus 34-37
0: mpibind: task   9 nths  3 gpus 9 cpus 38-39,41
0: mpibind: task  10 nths  3 gpus 10 cpus 42-44
0: mpibind: task  11 nths  3 gpus 11 cpus 45-47
0: mpibind: task  12 nths  3 gpus 12 cpus 49-52
0: mpibind: task  13 nths  3 gpus 13 cpus 53-55,57
0: mpibind: task  14 nths  3 gpus 14 cpus 58-61
0: mpibind: task  15 nths  3 gpus 15 cpus 62-63,65
0: mpibind: task  16 nths  3 gpus 16 cpus 66-68
0: mpibind: task  17 nths  3 gpus 17 cpus 69-71
0: mpibind: task  18 nths  3 gpus 18 cpus 73-76
0: mpibind: task  19 nths  3 gpus 19 cpus 77-79,81
0: mpibind: task  20 nths  3 gpus 20 cpus 82-85
0: mpibind: task  21 nths  3 gpus 21 cpus 86-87,89
0: mpibind: task  22 nths  3 gpus 22 cpus 90-92
0: mpibind: task  23 nths  3 gpus 23 cpus 93-95
0: 0.138s: flux-shell[25]: mpibind: 
0: mpibind: task   0 nths  3 gpus 0 cpus 1-4
0: mpibind: task   1 nths  3 gpus 1 cpus 5-7,9
0: mpibind: task   2 nths  3 gpus 2 cpus 10-13
0: mpibind: task   3 nths  3 gpus 3 cpus 14-15,17
0: mpibind: task   4 nths  3 gpus 4 cpus 18-20
0: mpibind: task   5 nths  3 gpus 5 cpus 21-23
0: mpibind: task   6 nths  3 gpus 6 cpus 25-28
0: mpibind: task   7 nths  3 gpus 7 cpus 29-31,33
0: mpibind: task   8 nths  3 gpus 8 cpus 34-37
0: mpibind: task   9 nths  3 gpus 9 cpus 38-39,41
0: mpibind: task  10 nths  3 gpus 10 cpus 42-44
0: mpibind: task  11 nths  3 gpus 11 cpus 45-47
0: mpibind: task  12 nths  3 gpus 12 cpus 49-52
0: mpibind: task  13 nths  3 gpus 13 cpus 53-55,57
0: mpibind: task  14 nths  3 gpus 14 cpus 58-61
0: mpibind: task  15 nths  3 gpus 15 cpus 62-63,65
0: mpibind: task  16 nths  3 gpus 16 cpus 66-68
0: mpibind: task  17 nths  3 gpus 17 cpus 69-71
0: mpibind: task  18 nths  3 gpus 18 cpus 73-76
0: mpibind: task  19 nths  3 gpus 19 cpus 77-79,81
0: mpibind: task  20 nths  3 gpus 20 cpus 82-85
0: mpibind: task  21 nths  3 gpus 21 cpus 86-87,89
0: mpibind: task  22 nths  3 gpus 22 cpus 90-92
0: mpibind: task  23 nths  3 gpus 23 cpus 93-95
0: jobid: f2gYREN9M
0: 0.120s: flux-shell[0]: mpibind: 
0: mpibind: task   0 nths  3 gpus 0 cpus 1-4
0: mpibind: task   1 nths  3 gpus 1 cpus 5-7,9
0: mpibind: task   2 nths  3 gpus 2 cpus 10-13
0: mpibind: task   3 nths  3 gpus 3 cpus 14-15,17
0: mpibind: task   4 nths  3 gpus 4 cpus 18-20
0: mpibind: task   5 nths  3 gpus 5 cpus 21-23
0: mpibind: task   6 nths  3 gpus 6 cpus 25-28
0: mpibind: task   7 nths  3 gpus 7 cpus 29-31,33
0: mpibind: task   8 nths  3 gpus 8 cpus 34-37
0: mpibind: task   9 nths  3 gpus 9 cpus 38-39,41
0: mpibind: task  10 nths  3 gpus 10 cpus 42-44
0: mpibind: task  11 nths  3 gpus 11 cpus 45-47
0: mpibind: task  12 nths  3 gpus 12 cpus 49-52
0: mpibind: task  13 nths  3 gpus 13 cpus 53-55,57
0: mpibind: task  14 nths  3 gpus 14 cpus 58-61
0: mpibind: task  15 nths  3 gpus 15 cpus 62-63,65
0: mpibind: task  16 nths  3 gpus 16 cpus 66-68
0: mpibind: task  17 nths  3 gpus 17 cpus 69-71
0: mpibind: task  18 nths  3 gpus 18 cpus 73-76
0: mpibind: task  19 nths  3 gpus 19 cpus 77-79,81
0: mpibind: task  20 nths  3 gpus 20 cpus 82-85
0: mpibind: task  21 nths  3 gpus 21 cpus 86-87,89
0: mpibind: task  22 nths  3 gpus 22 cpus 90-92
0: mpibind: task  23 nths  3 gpus 23 cpus 93-95
0: 0.126s: flux-shell[1]: mpibind: 
0: mpibind: task   0 nths  3 gpus 0 cpus 1-4
0: mpibind: task   1 nths  3 gpus 1 cpus 5-7,9
0: mpibind: task   2 nths  3 gpus 2 cpus 10-13
0: mpibind: task   3 nths  3 gpus 3 cpus 14-15,17
0: mpibind: task   4 nths  3 gpus 4 cpus 18-20
0: mpibind: task   5 nths  3 gpus 5 cpus 21-23
0: mpibind: task   6 nths  3 gpus 6 cpus 25-28
0: mpibind: task   7 nths  3 gpus 7 cpus 29-31,33
0: mpibind: task   8 nths  3 gpus 8 cpus 34-37
0: mpibind: task   9 nths  3 gpus 9 cpus 38-39,41
0: mpibind: task  10 nths  3 gpus 10 cpus 42-44
0: mpibind: task  11 nths  3 gpus 11 cpus 45-47
0: mpibind: task  12 nths  3 gpus 12 cpus 49-52
0: mpibind: task  13 nths  3 gpus 13 cpus 53-55,57
0: mpibind: task  14 nths  3 gpus 14 cpus 58-61
0: mpibind: task  15 nths  3 gpus 15 cpus 62-63,65
0: mpibind: task  16 nths  3 gpus 16 cpus 66-68
0: mpibind: task  17 nths  3 gpus 17 cpus 69-71
0: mpibind: task  18 nths  3 gpus 18 cpus 73-76
0: mpibind: task  19 nths  3 gpus 19 cpus 77-79,81
0: mpibind: task  20 nths  3 gpus 20 cpus 82-85
0: mpibind: task  21 nths  3 gpus 21 cpus 86-87,89
0: mpibind: task  22 nths  3 gpus 22 cpus 90-92
0: mpibind: task  23 nths  3 gpus 23 cpus 93-95
0: 0.139s: flux-shell[11]: mpibind: 
0: mpibind: task   0 nths  3 gpus 0 cpus 1-4
0: mpibind: task   1 nths  3 gpus 1 cpus 5-7,9
0: mpibind: task   2 nths  3 gpus 2 cpus 10-13
0: mpibind: task   3 nths  3 gpus 3 cpus 14-15,17
0: mpibind: task   4 nths  3 gpus 4 cpus 18-20
0: mpibind: task   5 nths  3 gpus 5 cpus 21-23
0: mpibind: task   6 nths  3 gpus 6 cpus 25-28
0: mpibind: task   7 nths  3 gpus 7 cpus 29-31,33
0: mpibind: task   8 nths  3 gpus 8 cpus 34-37
0: mpibind: task   9 nths  3 gpus 9 cpus 38-39,41
0: mpibind: task  10 nths  3 gpus 10 cpus 42-44
0: mpibind: task  11 nths  3 gpus 11 cpus 45-47
0: mpibind: task  12 nths  3 gpus 12 cpus 49-52
0: mpibind: task  13 nths  3 gpus 13 cpus 53-55,57
0: mpibind: task  14 nths  3 gpus 14 cpus 58-61
0: mpibind: task  15 nths  3 gpus 15 cpus 62-63,65
0: mpibind: task  16 nths  3 gpus 16 cpus 66-68
0: mpibind: task  17 nths  3 gpus 17 cpus 69-71
0: mpibind: task  18 nths  3 gpus 18 cpus 73-76
0: mpibind: task  19 nths  3 gpus 19 cpus 77-79,81
0: mpibind: task  20 nths  3 gpus 20 cpus 82-85
0: mpibind: task  21 nths  3 gpus 21 cpus 86-87,89
0: mpibind: task  22 nths  3 gpus 22 cpus 90-92
0: mpibind: task  23 nths  3 gpus 23 cpus 93-95
0: 0.130s: flux-shell[2]: mpibind: 
0: mpibind: task   0 nths  3 gpus 0 cpus 1-4
0: mpibind: task   1 nths  3 gpus 1 cpus 5-7,9
0: mpibind: task   2 nths  3 gpus 2 cpus 10-13
0: mpibind: task   3 nths  3 gpus 3 cpus 14-15,17
0: mpibind: task   4 nths  3 gpus 4 cpus 18-20
0: mpibind: task   5 nths  3 gpus 5 cpus 21-23
0: mpibind: task   6 nths  3 gpus 6 cpus 25-28
0: mpibind: task   7 nths  3 gpus 7 cpus 29-31,33
0: mpibind: task   8 nths  3 gpus 8 cpus 34-37
0: mpibind: task   9 nths  3 gpus 9 cpus 38-39,41
0: mpibind: task  10 nths  3 gpus 10 cpus 42-44
0: mpibind: task  11 nths  3 gpus 11 cpus 45-47
0: mpibind: task  12 nths  3 gpus 12 cpus 49-52
0: mpibind: task  13 nths  3 gpus 13 cpus 53-55,57
0: mpibind: task  14 nths  3 gpus 14 cpus 58-61
0: mpibind: task  15 nths  3 gpus 15 cpus 62-63,65
0: mpibind: task  16 nths  3 gpus 16 cpus 66-68
0: mpibind: task  17 nths  3 gpus 17 cpus 69-71
0: mpibind: task  18 nths  3 gpus 18 cpus 73-76
0: mpibind: task  19 nths  3 gpus 19 cpus 77-79,81
0: mpibind: task  20 nths  3 gpus 20 cpus 82-85
0: mpibind: task  21 nths  3 gpus 21 cpus 86-87,89
0: mpibind: task  22 nths  3 gpus 22 cpus 90-92
0: mpibind: task  23 nths  3 gpus 23 cpus 93-95
0: 0.128s: flux-shell[3]: mpibind: 
0: mpibind: task   0 nths  3 gpus 0 cpus 1-4
0: mpibind: task   1 nths  3 gpus 1 cpus 5-7,9
0: mpibind: task   2 nths  3 gpus 2 cpus 10-13
0: mpibind: task   3 nths  3 gpus 3 cpus 14-15,17
0: mpibind: task   4 nths  3 gpus 4 cpus 18-20
0: mpibind: task   5 nths  3 gpus 5 cpus 21-23
0: mpibind: task   6 nths  3 gpus 6 cpus 25-28
0: mpibind: task   7 nths  3 gpus 7 cpus 29-31,33
0: mpibind: task   8 nths  3 gpus 8 cpus 34-37
0: mpibind: task   9 nths  3 gpus 9 cpus 38-39,41
0: mpibind: task  10 nths  3 gpus 10 cpus 42-44
0: mpibind: task  11 nths  3 gpus 11 cpus 45-47
0: mpibind: task  12 nths  3 gpus 12 cpus 49-52
0: mpibind: task  13 nths  3 gpus 13 cpus 53-55,57
0: mpibind: task  14 nths  3 gpus 14 cpus 58-61
0: mpibind: task  15 nths  3 gpus 15 cpus 62-63,65
0: mpibind: task  16 nths  3 gpus 16 cpus 66-68
0: mpibind: task  17 nths  3 gpus 17 cpus 69-71
0: mpibind: task  18 nths  3 gpus 18 cpus 73-76
0: mpibind: task  19 nths  3 gpus 19 cpus 77-79,81
0: mpibind: task  20 nths  3 gpus 20 cpus 82-85
0: mpibind: task  21 nths  3 gpus 21 cpus 86-87,89
0: mpibind: task  22 nths  3 gpus 22 cpus 90-92
0: mpibind: task  23 nths  3 gpus 23 cpus 93-95
0: 0.130s: flux-shell[4]: mpibind: 
0: mpibind: task   0 nths  3 gpus 0 cpus 1-4
0: mpibind: task   1 nths  3 gpus 1 cpus 5-7,9
0: mpibind: task   2 nths  3 gpus 2 cpus 10-13
0: mpibind: task   3 nths  3 gpus 3 cpus 14-15,17
0: mpibind: task   4 nths  3 gpus 4 cpus 18-20
0: mpibind: task   5 nths  3 gpus 5 cpus 21-23
0: mpibind: task   6 nths  3 gpus 6 cpus 25-28
0: mpibind: task   7 nths  3 gpus 7 cpus 29-31,33
0: mpibind: task   8 nths  3 gpus 8 cpus 34-37
0: mpibind: task   9 nths  3 gpus 9 cpus 38-39,41
0: mpibind: task  10 nths  3 gpus 10 cpus 42-44
0: mpibind: task  11 nths  3 gpus 11 cpus 45-47
0: mpibind: task  12 nths  3 gpus 12 cpus 49-52
0: mpibind: task  13 nths  3 gpus 13 cpus 53-55,57
0: mpibind: task  14 nths  3 gpus 14 cpus 58-61
0: mpibind: task  15 nths  3 gpus 15 cpus 62-63,65
0: mpibind: task  16 nths  3 gpus 16 cpus 66-68
0: mpibind: task  17 nths  3 gpus 17 cpus 69-71
0: mpibind: task  18 nths  3 gpus 18 cpus 73-76
0: mpibind: task  19 nths  3 gpus 19 cpus 77-79,81
0: mpibind: task  20 nths  3 gpus 20 cpus 82-85
0: mpibind: task  21 nths  3 gpus 21 cpus 86-87,89
0: mpibind: task  22 nths  3 gpus 22 cpus 90-92
0: mpibind: task  23 nths  3 gpus 23 cpus 93-95
0: 0.134s: flux-shell[5]: mpibind: 
0: mpibind: task   0 nths  3 gpus 0 cpus 1-4
0: mpibind: task   1 nths  3 gpus 1 cpus 5-7,9
0: mpibind: task   2 nths  3 gpus 2 cpus 10-13
0: mpibind: task   3 nths  3 gpus 3 cpus 14-15,17
0: mpibind: task   4 nths  3 gpus 4 cpus 18-20
0: mpibind: task   5 nths  3 gpus 5 cpus 21-23
0: mpibind: task   6 nths  3 gpus 6 cpus 25-28
0: mpibind: task   7 nths  3 gpus 7 cpus 29-31,33
0: mpibind: task   8 nths  3 gpus 8 cpus 34-37
0: mpibind: task   9 nths  3 gpus 9 cpus 38-39,41
0: mpibind: task  10 nths  3 gpus 10 cpus 42-44
0: mpibind: task  11 nths  3 gpus 11 cpus 45-47
0: mpibind: task  12 nths  3 gpus 12 cpus 49-52
0: mpibind: task  13 nths  3 gpus 13 cpus 53-55,57
0: mpibind: task  14 nths  3 gpus 14 cpus 58-61
0: mpibind: task  15 nths  3 gpus 15 cpus 62-63,65
0: mpibind: task  16 nths  3 gpus 16 cpus 66-68
0: mpibind: task  17 nths  3 gpus 17 cpus 69-71
0: mpibind: task  18 nths  3 gpus 18 cpus 73-76
0: mpibind: task  19 nths  3 gpus 19 cpus 77-79,81
0: mpibind: task  20 nths  3 gpus 20 cpus 82-85
0: mpibind: task  21 nths  3 gpus 21 cpus 86-87,89
0: mpibind: task  22 nths  3 gpus 22 cpus 90-92
0: mpibind: task  23 nths  3 gpus 23 cpus 93-95
0: 0.125s: flux-shell[6]: mpibind: 
0: mpibind: task   0 nths  3 gpus 0 cpus 1-4
0: mpibind: task   1 nths  3 gpus 1 cpus 5-7,9
0: mpibind: task   2 nths  3 gpus 2 cpus 10-13
0: mpibind: task   3 nths  3 gpus 3 cpus 14-15,17
0: mpibind: task   4 nths  3 gpus 4 cpus 18-20
0: mpibind: task   5 nths  3 gpus 5 cpus 21-23
0: mpibind: task   6 nths  3 gpus 6 cpus 25-28
0: mpibind: task   7 nths  3 gpus 7 cpus 29-31,33
0: mpibind: task   8 nths  3 gpus 8 cpus 34-37
0: mpibind: task   9 nths  3 gpus 9 cpus 38-39,41
0: mpibind: task  10 nths  3 gpus 10 cpus 42-44
0: mpibind: task  11 nths  3 gpus 11 cpus 45-47
0: mpibind: task  12 nths  3 gpus 12 cpus 49-52
0: mpibind: task  13 nths  3 gpus 13 cpus 53-55,57
0: mpibind: task  14 nths  3 gpus 14 cpus 58-61
0: mpibind: task  15 nths  3 gpus 15 cpus 62-63,65
0: mpibind: task  16 nths  3 gpus 16 cpus 66-68
0: mpibind: task  17 nths  3 gpus 17 cpus 69-71
0: mpibind: task  18 nths  3 gpus 18 cpus 73-76
0: mpibind: task  19 nths  3 gpus 19 cpus 77-79,81
0: mpibind: task  20 nths  3 gpus 20 cpus 82-85
0: mpibind: task  21 nths  3 gpus 21 cpus 86-87,89
0: mpibind: task  22 nths  3 gpus 22 cpus 90-92
0: mpibind: task  23 nths  3 gpus 23 cpus 93-95
0: 0.124s: flux-shell[7]: mpibind: 
0: mpibind: task   0 nths  3 gpus 0 cpus 1-4
0: mpibind: task   1 nths  3 gpus 1 cpus 5-7,9
0: mpibind: task   2 nths  3 gpus 2 cpus 10-13
0: mpibind: task   3 nths  3 gpus 3 cpus 14-15,17
0: mpibind: task   4 nths  3 gpus 4 cpus 18-20
0: mpibind: task   5 nths  3 gpus 5 cpus 21-23
0: mpibind: task   6 nths  3 gpus 6 cpus 25-28
0: mpibind: task   7 nths  3 gpus 7 cpus 29-31,33
0: mpibind: task   8 nths  3 gpus 8 cpus 34-37
0: mpibind: task   9 nths  3 gpus 9 cpus 38-39,41
0: mpibind: task  10 nths  3 gpus 10 cpus 42-44
0: mpibind: task  11 nths  3 gpus 11 cpus 45-47
0: mpibind: task  12 nths  3 gpus 12 cpus 49-52
0: mpibind: task  13 nths  3 gpus 13 cpus 53-55,57
0: mpibind: task  14 nths  3 gpus 14 cpus 58-61
0: mpibind: task  15 nths  3 gpus 15 cpus 62-63,65
0: mpibind: task  16 nths  3 gpus 16 cpus 66-68
0: mpibind: task  17 nths  3 gpus 17 cpus 69-71
0: mpibind: task  18 nths  3 gpus 18 cpus 73-76
0: mpibind: task  19 nths  3 gpus 19 cpus 77-79,81
0: mpibind: task  20 nths  3 gpus 20 cpus 82-85
0: mpibind: task  21 nths  3 gpus 21 cpus 86-87,89
0: mpibind: task  22 nths  3 gpus 22 cpus 90-92
0: mpibind: task  23 nths  3 gpus 23 cpus 93-95
0: 0.134s: flux-shell[8]: mpibind: 
0: mpibind: task   0 nths  3 gpus 0 cpus 1-4
0: mpibind: task   1 nths  3 gpus 1 cpus 5-7,9
0: mpibind: task   2 nths  3 gpus 2 cpus 10-13
0: mpibind: task   3 nths  3 gpus 3 cpus 14-15,17
0: mpibind: task   4 nths  3 gpus 4 cpus 18-20
0: mpibind: task   5 nths  3 gpus 5 cpus 21-23
0: mpibind: task   6 nths  3 gpus 6 cpus 25-28
0: mpibind: task   7 nths  3 gpus 7 cpus 29-31,33
0: mpibind: task   8 nths  3 gpus 8 cpus 34-37
0: mpibind: task   9 nths  3 gpus 9 cpus 38-39,41
0: mpibind: task  10 nths  3 gpus 10 cpus 42-44
0: mpibind: task  11 nths  3 gpus 11 cpus 45-47
0: mpibind: task  12 nths  3 gpus 12 cpus 49-52
0: mpibind: task  13 nths  3 gpus 13 cpus 53-55,57
0: mpibind: task  14 nths  3 gpus 14 cpus 58-61
0: mpibind: task  15 nths  3 gpus 15 cpus 62-63,65
0: mpibind: task  16 nths  3 gpus 16 cpus 66-68
0: mpibind: task  17 nths  3 gpus 17 cpus 69-71
0: mpibind: task  18 nths  3 gpus 18 cpus 73-76
0: mpibind: task  19 nths  3 gpus 19 cpus 77-79,81
0: mpibind: task  20 nths  3 gpus 20 cpus 82-85
0: mpibind: task  21 nths  3 gpus 21 cpus 86-87,89
0: mpibind: task  22 nths  3 gpus 22 cpus 90-92
0: mpibind: task  23 nths  3 gpus 23 cpus 93-95
0: 0.128s: flux-shell[9]: mpibind: 
0: mpibind: task   0 nths  3 gpus 0 cpus 1-4
0: mpibind: task   1 nths  3 gpus 1 cpus 5-7,9
0: mpibind: task   2 nths  3 gpus 2 cpus 10-13
0: mpibind: task   3 nths  3 gpus 3 cpus 14-15,17
0: mpibind: task   4 nths  3 gpus 4 cpus 18-20
0: mpibind: task   5 nths  3 gpus 5 cpus 21-23
0: mpibind: task   6 nths  3 gpus 6 cpus 25-28
0: mpibind: task   7 nths  3 gpus 7 cpus 29-31,33
0: mpibind: task   8 nths  3 gpus 8 cpus 34-37
0: mpibind: task   9 nths  3 gpus 9 cpus 38-39,41
0: mpibind: task  10 nths  3 gpus 10 cpus 42-44
0: mpibind: task  11 nths  3 gpus 11 cpus 45-47
0: mpibind: task  12 nths  3 gpus 12 cpus 49-52
0: mpibind: task  13 nths  3 gpus 13 cpus 53-55,57
0: mpibind: task  14 nths  3 gpus 14 cpus 58-61
0: mpibind: task  15 nths  3 gpus 15 cpus 62-63,65
0: mpibind: task  16 nths  3 gpus 16 cpus 66-68
0: mpibind: task  17 nths  3 gpus 17 cpus 69-71
0: mpibind: task  18 nths  3 gpus 18 cpus 73-76
0: mpibind: task  19 nths  3 gpus 19 cpus 77-79,81
0: mpibind: task  20 nths  3 gpus 20 cpus 82-85
0: mpibind: task  21 nths  3 gpus 21 cpus 86-87,89
0: mpibind: task  22 nths  3 gpus 22 cpus 90-92
0: mpibind: task  23 nths  3 gpus 23 cpus 93-95
0: 0.130s: flux-shell[10]: mpibind: 
0: mpibind: task   0 nths  3 gpus 0 cpus 1-4
0: mpibind: task   1 nths  3 gpus 1 cpus 5-7,9
0: mpibind: task   2 nths  3 gpus 2 cpus 10-13
0: mpibind: task   3 nths  3 gpus 3 cpus 14-15,17
0: mpibind: task   4 nths  3 gpus 4 cpus 18-20
0: mpibind: task   5 nths  3 gpus 5 cpus 21-23
0: mpibind: task   6 nths  3 gpus 6 cpus 25-28
0: mpibind: task   7 nths  3 gpus 7 cpus 29-31,33
0: mpibind: task   8 nths  3 gpus 8 cpus 34-37
0: mpibind: task   9 nths  3 gpus 9 cpus 38-39,41
0: mpibind: task  10 nths  3 gpus 10 cpus 42-44
0: mpibind: task  11 nths  3 gpus 11 cpus 45-47
0: mpibind: task  12 nths  3 gpus 12 cpus 49-52
0: mpibind: task  13 nths  3 gpus 13 cpus 53-55,57
0: mpibind: task  14 nths  3 gpus 14 cpus 58-61
0: mpibind: task  15 nths  3 gpus 15 cpus 62-63,65
0: mpibind: task  16 nths  3 gpus 16 cpus 66-68
0: mpibind: task  17 nths  3 gpus 17 cpus 69-71
0: mpibind: task  18 nths  3 gpus 18 cpus 73-76
0: mpibind: task  19 nths  3 gpus 19 cpus 77-79,81
0: mpibind: task  20 nths  3 gpus 20 cpus 82-85
0: mpibind: task  21 nths  3 gpus 21 cpus 86-87,89
0: mpibind: task  22 nths  3 gpus 22 cpus 90-92
0: mpibind: task  23 nths  3 gpus 23 cpus 93-95
0: 0.140s: flux-shell[13]: mpibind: 
0: mpibind: task   0 nths  3 gpus 0 cpus 1-4
0: mpibind: task   1 nths  3 gpus 1 cpus 5-7,9
0: mpibind: task   2 nths  3 gpus 2 cpus 10-13
0: mpibind: task   3 nths  3 gpus 3 cpus 14-15,17
0: mpibind: task   4 nths  3 gpus 4 cpus 18-20
0: mpibind: task   5 nths  3 gpus 5 cpus 21-23
0: mpibind: task   6 nths  3 gpus 6 cpus 25-28
0: mpibind: task   7 nths  3 gpus 7 cpus 29-31,33
0: mpibind: task   8 nths  3 gpus 8 cpus 34-37
0: mpibind: task   9 nths  3 gpus 9 cpus 38-39,41
0: mpibind: task  10 nths  3 gpus 10 cpus 42-44
0: mpibind: task  11 nths  3 gpus 11 cpus 45-47
0: mpibind: task  12 nths  3 gpus 12 cpus 49-52
0: mpibind: task  13 nths  3 gpus 13 cpus 53-55,57
0: mpibind: task  14 nths  3 gpus 14 cpus 58-61
0: mpibind: task  15 nths  3 gpus 15 cpus 62-63,65
0: mpibind: task  16 nths  3 gpus 16 cpus 66-68
0: mpibind: task  17 nths  3 gpus 17 cpus 69-71
0: mpibind: task  18 nths  3 gpus 18 cpus 73-76
0: mpibind: task  19 nths  3 gpus 19 cpus 77-79,81
0: mpibind: task  20 nths  3 gpus 20 cpus 82-85
0: mpibind: task  21 nths  3 gpus 21 cpus 86-87,89
0: mpibind: task  22 nths  3 gpus 22 cpus 90-92
0: mpibind: task  23 nths  3 gpus 23 cpus 93-95
0: 0.136s: flux-shell[12]: mpibind: 
0: mpibind: task   0 nths  3 gpus 0 cpus 1-4
0: mpibind: task   1 nths  3 gpus 1 cpus 5-7,9
0: mpibind: task   2 nths  3 gpus 2 cpus 10-13
0: mpibind: task   3 nths  3 gpus 3 cpus 14-15,17
0: mpibind: task   4 nths  3 gpus 4 cpus 18-20
0: mpibind: task   5 nths  3 gpus 5 cpus 21-23
0: mpibind: task   6 nths  3 gpus 6 cpus 25-28
0: mpibind: task   7 nths  3 gpus 7 cpus 29-31,33
0: mpibind: task   8 nths  3 gpus 8 cpus 34-37
0: mpibind: task   9 nths  3 gpus 9 cpus 38-39,41
0: mpibind: task  10 nths  3 gpus 10 cpus 42-44
0: mpibind: task  11 nths  3 gpus 11 cpus 45-47
0: mpibind: task  12 nths  3 gpus 12 cpus 49-52
0: mpibind: task  13 nths  3 gpus 13 cpus 53-55,57
0: mpibind: task  14 nths  3 gpus 14 cpus 58-61
0: mpibind: task  15 nths  3 gpus 15 cpus 62-63,65
0: mpibind: task  16 nths  3 gpus 16 cpus 66-68
0: mpibind: task  17 nths  3 gpus 17 cpus 69-71
0: mpibind: task  18 nths  3 gpus 18 cpus 73-76
0: mpibind: task  19 nths  3 gpus 19 cpus 77-79,81
0: mpibind: task  20 nths  3 gpus 20 cpus 82-85
0: mpibind: task  21 nths  3 gpus 21 cpus 86-87,89
0: mpibind: task  22 nths  3 gpus 22 cpus 90-92
0: mpibind: task  23 nths  3 gpus 23 cpus 93-95
0: 0.135s: flux-shell[15]: mpibind: 
0: mpibind: task   0 nths  3 gpus 0 cpus 1-4
0: mpibind: task   1 nths  3 gpus 1 cpus 5-7,9
0: mpibind: task   2 nths  3 gpus 2 cpus 10-13
0: mpibind: task   3 nths  3 gpus 3 cpus 14-15,17
0: mpibind: task   4 nths  3 gpus 4 cpus 18-20
0: mpibind: task   5 nths  3 gpus 5 cpus 21-23
0: mpibind: task   6 nths  3 gpus 6 cpus 25-28
0: mpibind: task   7 nths  3 gpus 7 cpus 29-31,33
0: mpibind: task   8 nths  3 gpus 8 cpus 34-37
0: mpibind: task   9 nths  3 gpus 9 cpus 38-39,41
0: mpibind: task  10 nths  3 gpus 10 cpus 42-44
0: mpibind: task  11 nths  3 gpus 11 cpus 45-47
0: mpibind: task  12 nths  3 gpus 12 cpus 49-52
0: mpibind: task  13 nths  3 gpus 13 cpus 53-55,57
0: mpibind: task  14 nths  3 gpus 14 cpus 58-61
0: mpibind: task  15 nths  3 gpus 15 cpus 62-63,65
0: mpibind: task  16 nths  3 gpus 16 cpus 66-68
0: mpibind: task  17 nths  3 gpus 17 cpus 69-71
0: mpibind: task  18 nths  3 gpus 18 cpus 73-76
0: mpibind: task  19 nths  3 gpus 19 cpus 77-79,81
0: mpibind: task  20 nths  3 gpus 20 cpus 82-85
0: mpibind: task  21 nths  3 gpus 21 cpus 86-87,89
0: mpibind: task  22 nths  3 gpus 22 cpus 90-92
0: mpibind: task  23 nths  3 gpus 23 cpus 93-95
0: 0.139s: flux-shell[16]: mpibind: 
0: mpibind: task   0 nths  3 gpus 0 cpus 1-4
0: mpibind: task   1 nths  3 gpus 1 cpus 5-7,9
0: mpibind: task   2 nths  3 gpus 2 cpus 10-13
0: mpibind: task   3 nths  3 gpus 3 cpus 14-15,17
0: mpibind: task   4 nths  3 gpus 4 cpus 18-20
0: mpibind: task   5 nths  3 gpus 5 cpus 21-23
0: mpibind: task   6 nths  3 gpus 6 cpus 25-28
0: mpibind: task   7 nths  3 gpus 7 cpus 29-31,33
0: mpibind: task   8 nths  3 gpus 8 cpus 34-37
0: mpibind: task   9 nths  3 gpus 9 cpus 38-39,41
0: mpibind: task  10 nths  3 gpus 10 cpus 42-44
0: mpibind: task  11 nths  3 gpus 11 cpus 45-47
0: mpibind: task  12 nths  3 gpus 12 cpus 49-52
0: mpibind: task  13 nths  3 gpus 13 cpus 53-55,57
0: mpibind: task  14 nths  3 gpus 14 cpus 58-61
0: mpibind: task  15 nths  3 gpus 15 cpus 62-63,65
0: mpibind: task  16 nths  3 gpus 16 cpus 66-68
0: mpibind: task  17 nths  3 gpus 17 cpus 69-71
0: mpibind: task  18 nths  3 gpus 18 cpus 73-76
0: mpibind: task  19 nths  3 gpus 19 cpus 77-79,81
0: mpibind: task  20 nths  3 gpus 20 cpus 82-85
0: mpibind: task  21 nths  3 gpus 21 cpus 86-87,89
0: mpibind: task  22 nths  3 gpus 22 cpus 90-92
0: mpibind: task  23 nths  3 gpus 23 cpus 93-95
0: 0.135s: flux-shell[14]: mpibind: 
0: mpibind: task   0 nths  3 gpus 0 cpus 1-4
0: mpibind: task   1 nths  3 gpus 1 cpus 5-7,9
0: mpibind: task   2 nths  3 gpus 2 cpus 10-13
0: mpibind: task   3 nths  3 gpus 3 cpus 14-15,17
0: mpibind: task   4 nths  3 gpus 4 cpus 18-20
0: mpibind: task   5 nths  3 gpus 5 cpus 21-23
0: mpibind: task   6 nths  3 gpus 6 cpus 25-28
0: mpibind: task   7 nths  3 gpus 7 cpus 29-31,33
0: mpibind: task   8 nths  3 gpus 8 cpus 34-37
0: mpibind: task   9 nths  3 gpus 9 cpus 38-39,41
0: mpibind: task  10 nths  3 gpus 10 cpus 42-44
0: mpibind: task  11 nths  3 gpus 11 cpus 45-47
0: mpibind: task  12 nths  3 gpus 12 cpus 49-52
0: mpibind: task  13 nths  3 gpus 13 cpus 53-55,57
0: mpibind: task  14 nths  3 gpus 14 cpus 58-61
0: mpibind: task  15 nths  3 gpus 15 cpus 62-63,65
0: mpibind: task  16 nths  3 gpus 16 cpus 66-68
0: mpibind: task  17 nths  3 gpus 17 cpus 69-71
0: mpibind: task  18 nths  3 gpus 18 cpus 73-76
0: mpibind: task  19 nths  3 gpus 19 cpus 77-79,81
0: mpibind: task  20 nths  3 gpus 20 cpus 82-85
0: mpibind: task  21 nths  3 gpus 21 cpus 86-87,89
0: mpibind: task  22 nths  3 gpus 22 cpus 90-92
0: mpibind: task  23 nths  3 gpus 23 cpus 93-95
0: 0.136s: flux-shell[20]: mpibind: 
0: mpibind: task   0 nths  3 gpus 0 cpus 1-4
0: mpibind: task   1 nths  3 gpus 1 cpus 5-7,9
0: mpibind: task   2 nths  3 gpus 2 cpus 10-13
0: mpibind: task   3 nths  3 gpus 3 cpus 14-15,17
0: mpibind: task   4 nths  3 gpus 4 cpus 18-20
0: mpibind: task   5 nths  3 gpus 5 cpus 21-23
0: mpibind: task   6 nths  3 gpus 6 cpus 25-28
0: mpibind: task   7 nths  3 gpus 7 cpus 29-31,33
0: mpibind: task   8 nths  3 gpus 8 cpus 34-37
0: mpibind: task   9 nths  3 gpus 9 cpus 38-39,41
0: mpibind: task  10 nths  3 gpus 10 cpus 42-44
0: mpibind: task  11 nths  3 gpus 11 cpus 45-47
0: mpibind: task  12 nths  3 gpus 12 cpus 49-52
0: mpibind: task  13 nths  3 gpus 13 cpus 53-55,57
0: mpibind: task  14 nths  3 gpus 14 cpus 58-61
0: mpibind: task  15 nths  3 gpus 15 cpus 62-63,65
0: mpibind: task  16 nths  3 gpus 16 cpus 66-68
0: mpibind: task  17 nths  3 gpus 17 cpus 69-71
0: mpibind: task  18 nths  3 gpus 18 cpus 73-76
0: mpibind: task  19 nths  3 gpus 19 cpus 77-79,81
0: mpibind: task  20 nths  3 gpus 20 cpus 82-85
0: mpibind: task  21 nths  3 gpus 21 cpus 86-87,89
0: mpibind: task  22 nths  3 gpus 22 cpus 90-92
0: mpibind: task  23 nths  3 gpus 23 cpus 93-95
0: 0.134s: flux-shell[17]: mpibind: 
0: mpibind: task   0 nths  3 gpus 0 cpus 1-4
0: mpibind: task   1 nths  3 gpus 1 cpus 5-7,9
0: mpibind: task   2 nths  3 gpus 2 cpus 10-13
0: mpibind: task   3 nths  3 gpus 3 cpus 14-15,17
0: mpibind: task   4 nths  3 gpus 4 cpus 18-20
0: mpibind: task   5 nths  3 gpus 5 cpus 21-23
0: mpibind: task   6 nths  3 gpus 6 cpus 25-28
0: mpibind: task   7 nths  3 gpus 7 cpus 29-31,33
0: mpibind: task   8 nths  3 gpus 8 cpus 34-37
0: mpibind: task   9 nths  3 gpus 9 cpus 38-39,41
0: mpibind: task  10 nths  3 gpus 10 cpus 42-44
0: mpibind: task  11 nths  3 gpus 11 cpus 45-47
0: mpibind: task  12 nths  3 gpus 12 cpus 49-52
0: mpibind: task  13 nths  3 gpus 13 cpus 53-55,57
0: mpibind: task  14 nths  3 gpus 14 cpus 58-61
0: mpibind: task  15 nths  3 gpus 15 cpus 62-63,65
0: mpibind: task  16 nths  3 gpus 16 cpus 66-68
0: mpibind: task  17 nths  3 gpus 17 cpus 69-71
0: mpibind: task  18 nths  3 gpus 18 cpus 73-76
0: mpibind: task  19 nths  3 gpus 19 cpus 77-79,81
0: mpibind: task  20 nths  3 gpus 20 cpus 82-85
0: mpibind: task  21 nths  3 gpus 21 cpus 86-87,89
0: mpibind: task  22 nths  3 gpus 22 cpus 90-92
0: mpibind: task  23 nths  3 gpus 23 cpus 93-95
0: 0.138s: flux-shell[18]: mpibind: 
0: mpibind: task   0 nths  3 gpus 0 cpus 1-4
0: mpibind: task   1 nths  3 gpus 1 cpus 5-7,9
0: mpibind: task   2 nths  3 gpus 2 cpus 10-13
0: mpibind: task   3 nths  3 gpus 3 cpus 14-15,17
0: mpibind: task   4 nths  3 gpus 4 cpus 18-20
0: mpibind: task   5 nths  3 gpus 5 cpus 21-23
0: mpibind: task   6 nths  3 gpus 6 cpus 25-28
0: mpibind: task   7 nths  3 gpus 7 cpus 29-31,33
0: mpibind: task   8 nths  3 gpus 8 cpus 34-37
0: mpibind: task   9 nths  3 gpus 9 cpus 38-39,41
0: mpibind: task  10 nths  3 gpus 10 cpus 42-44
0: mpibind: task  11 nths  3 gpus 11 cpus 45-47
0: mpibind: task  12 nths  3 gpus 12 cpus 49-52
0: mpibind: task  13 nths  3 gpus 13 cpus 53-55,57
0: mpibind: task  14 nths  3 gpus 14 cpus 58-61
0: mpibind: task  15 nths  3 gpus 15 cpus 62-63,65
0: mpibind: task  16 nths  3 gpus 16 cpus 66-68
0: mpibind: task  17 nths  3 gpus 17 cpus 69-71
0: mpibind: task  18 nths  3 gpus 18 cpus 73-76
0: mpibind: task  19 nths  3 gpus 19 cpus 77-79,81
0: mpibind: task  20 nths  3 gpus 20 cpus 82-85
0: mpibind: task  21 nths  3 gpus 21 cpus 86-87,89
0: mpibind: task  22 nths  3 gpus 22 cpus 90-92
0: mpibind: task  23 nths  3 gpus 23 cpus 93-95
0: 0.137s: flux-shell[21]: mpibind: 
0: mpibind: task   0 nths  3 gpus 0 cpus 1-4
0: mpibind: task   1 nths  3 gpus 1 cpus 5-7,9
0: mpibind: task   2 nths  3 gpus 2 cpus 10-13
0: mpibind: task   3 nths  3 gpus 3 cpus 14-15,17
0: mpibind: task   4 nths  3 gpus 4 cpus 18-20
0: mpibind: task   5 nths  3 gpus 5 cpus 21-23
0: mpibind: task   6 nths  3 gpus 6 cpus 25-28
0: mpibind: task   7 nths  3 gpus 7 cpus 29-31,33
0: mpibind: task   8 nths  3 gpus 8 cpus 34-37
0: mpibind: task   9 nths  3 gpus 9 cpus 38-39,41
0: mpibind: task  10 nths  3 gpus 10 cpus 42-44
0: mpibind: task  11 nths  3 gpus 11 cpus 45-47
0: mpibind: task  12 nths  3 gpus 12 cpus 49-52
0: mpibind: task  13 nths  3 gpus 13 cpus 53-55,57
0: mpibind: task  14 nths  3 gpus 14 cpus 58-61
0: mpibind: task  15 nths  3 gpus 15 cpus 62-63,65
0: mpibind: task  16 nths  3 gpus 16 cpus 66-68
0: mpibind: task  17 nths  3 gpus 17 cpus 69-71
0: mpibind: task  18 nths  3 gpus 18 cpus 73-76
0: mpibind: task  19 nths  3 gpus 19 cpus 77-79,81
0: mpibind: task  20 nths  3 gpus 20 cpus 82-85
0: mpibind: task  21 nths  3 gpus 21 cpus 86-87,89
0: mpibind: task  22 nths  3 gpus 22 cpus 90-92
0: mpibind: task  23 nths  3 gpus 23 cpus 93-95
0: 0.136s: flux-shell[19]: mpibind: 
0: mpibind: task   0 nths  3 gpus 0 cpus 1-4
0: mpibind: task   1 nths  3 gpus 1 cpus 5-7,9
0: mpibind: task   2 nths  3 gpus 2 cpus 10-13
0: mpibind: task   3 nths  3 gpus 3 cpus 14-15,17
0: mpibind: task   4 nths  3 gpus 4 cpus 18-20
0: mpibind: task   5 nths  3 gpus 5 cpus 21-23
0: mpibind: task   6 nths  3 gpus 6 cpus 25-28
0: mpibind: task   7 nths  3 gpus 7 cpus 29-31,33
0: mpibind: task   8 nths  3 gpus 8 cpus 34-37
0: mpibind: task   9 nths  3 gpus 9 cpus 38-39,41
0: mpibind: task  10 nths  3 gpus 10 cpus 42-44
0: mpibind: task  11 nths  3 gpus 11 cpus 45-47
0: mpibind: task  12 nths  3 gpus 12 cpus 49-52
0: mpibind: task  13 nths  3 gpus 13 cpus 53-55,57
0: mpibind: task  14 nths  3 gpus 14 cpus 58-61
0: mpibind: task  15 nths  3 gpus 15 cpus 62-63,65
0: mpibind: task  16 nths  3 gpus 16 cpus 66-68
0: mpibind: task  17 nths  3 gpus 17 cpus 69-71
0: mpibind: task  18 nths  3 gpus 18 cpus 73-76
0: mpibind: task  19 nths  3 gpus 19 cpus 77-79,81
0: mpibind: task  20 nths  3 gpus 20 cpus 82-85
0: mpibind: task  21 nths  3 gpus 21 cpus 86-87,89
0: mpibind: task  22 nths  3 gpus 22 cpus 90-92
0: mpibind: task  23 nths  3 gpus 23 cpus 93-95
0: 0.142s: flux-shell[24]: mpibind: 
0: mpibind: task   0 nths  3 gpus 0 cpus 1-4
0: mpibind: task   1 nths  3 gpus 1 cpus 5-7,9
0: mpibind: task   2 nths  3 gpus 2 cpus 10-13
0: mpibind: task   3 nths  3 gpus 3 cpus 14-15,17
0: mpibind: task   4 nths  3 gpus 4 cpus 18-20
0: mpibind: task   5 nths  3 gpus 5 cpus 21-23
0: mpibind: task   6 nths  3 gpus 6 cpus 25-28
0: mpibind: task   7 nths  3 gpus 7 cpus 29-31,33
0: mpibind: task   8 nths  3 gpus 8 cpus 34-37
0: mpibind: task   9 nths  3 gpus 9 cpus 38-39,41
0: mpibind: task  10 nths  3 gpus 10 cpus 42-44
0: mpibind: task  11 nths  3 gpus 11 cpus 45-47
0: mpibind: task  12 nths  3 gpus 12 cpus 49-52
0: mpibind: task  13 nths  3 gpus 13 cpus 53-55,57
0: mpibind: task  14 nths  3 gpus 14 cpus 58-61
0: mpibind: task  15 nths  3 gpus 15 cpus 62-63,65
0: mpibind: task  16 nths  3 gpus 16 cpus 66-68
0: mpibind: task  17 nths  3 gpus 17 cpus 69-71
0: mpibind: task  18 nths  3 gpus 18 cpus 73-76
0: mpibind: task  19 nths  3 gpus 19 cpus 77-79,81
0: mpibind: task  20 nths  3 gpus 20 cpus 82-85
0: mpibind: task  21 nths  3 gpus 21 cpus 86-87,89
0: mpibind: task  22 nths  3 gpus 22 cpus 90-92
0: mpibind: task  23 nths  3 gpus 23 cpus 93-95
0: 0.142s: flux-shell[26]: mpibind: 
0: mpibind: task   0 nths  3 gpus 0 cpus 1-4
0: mpibind: task   1 nths  3 gpus 1 cpus 5-7,9
0: mpibind: task   2 nths  3 gpus 2 cpus 10-13
0: mpibind: task   3 nths  3 gpus 3 cpus 14-15,17
0: mpibind: task   4 nths  3 gpus 4 cpus 18-20
0: mpibind: task   5 nths  3 gpus 5 cpus 21-23
0: mpibind: task   6 nths  3 gpus 6 cpus 25-28
0: mpibind: task   7 nths  3 gpus 7 cpus 29-31,33
0: mpibind: task   8 nths  3 gpus 8 cpus 34-37
0: mpibind: task   9 nths  3 gpus 9 cpus 38-39,41
0: mpibind: task  10 nths  3 gpus 10 cpus 42-44
0: mpibind: task  11 nths  3 gpus 11 cpus 45-47
0: mpibind: task  12 nths  3 gpus 12 cpus 49-52
0: mpibind: task  13 nths  3 gpus 13 cpus 53-55,57
0: mpibind: task  14 nths  3 gpus 14 cpus 58-61
0: mpibind: task  15 nths  3 gpus 15 cpus 62-63,65
0: mpibind: task  16 nths  3 gpus 16 cpus 66-68
0: mpibind: task  17 nths  3 gpus 17 cpus 69-71
0: mpibind: task  18 nths  3 gpus 18 cpus 73-76
0: mpibind: task  19 nths  3 gpus 19 cpus 77-79,81
0: mpibind: task  20 nths  3 gpus 20 cpus 82-85
0: mpibind: task  21 nths  3 gpus 21 cpus 86-87,89
0: mpibind: task  22 nths  3 gpus 22 cpus 90-92
0: mpibind: task  23 nths  3 gpus 23 cpus 93-95
0: 0.141s: flux-shell[28]: mpibind: 
0: mpibind: task   0 nths  3 gpus 0 cpus 1-4
0: mpibind: task   1 nths  3 gpus 1 cpus 5-7,9
0: mpibind: task   2 nths  3 gpus 2 cpus 10-13
0: mpibind: task   3 nths  3 gpus 3 cpus 14-15,17
0: mpibind: task   4 nths  3 gpus 4 cpus 18-20
0: mpibind: task   5 nths  3 gpus 5 cpus 21-23
0: mpibind: task   6 nths  3 gpus 6 cpus 25-28
0: mpibind: task   7 nths  3 gpus 7 cpus 29-31,33
0: mpibind: task   8 nths  3 gpus 8 cpus 34-37
0: mpibind: task   9 nths  3 gpus 9 cpus 38-39,41
0: mpibind: task  10 nths  3 gpus 10 cpus 42-44
0: mpibind: task  11 nths  3 gpus 11 cpus 45-47
0: mpibind: task  12 nths  3 gpus 12 cpus 49-52
0: mpibind: task  13 nths  3 gpus 13 cpus 53-55,57
0: mpibind: task  14 nths  3 gpus 14 cpus 58-61
0: mpibind: task  15 nths  3 gpus 15 cpus 62-63,65
0: mpibind: task  16 nths  3 gpus 16 cpus 66-68
0: mpibind: task  17 nths  3 gpus 17 cpus 69-71
0: mpibind: task  18 nths  3 gpus 18 cpus 73-76
0: mpibind: task  19 nths  3 gpus 19 cpus 77-79,81
0: mpibind: task  20 nths  3 gpus 20 cpus 82-85
0: mpibind: task  21 nths  3 gpus 21 cpus 86-87,89
0: mpibind: task  22 nths  3 gpus 22 cpus 90-92
0: mpibind: task  23 nths  3 gpus 23 cpus 93-95
0: 0.148s: flux-shell[27]: mpibind: 
0: mpibind: task   0 nths  3 gpus 0 cpus 1-4
0: mpibind: task   1 nths  3 gpus 1 cpus 5-7,9
0: mpibind: task   2 nths  3 gpus 2 cpus 10-13
0: mpibind: task   3 nths  3 gpus 3 cpus 14-15,17
0: mpibind: task   4 nths  3 gpus 4 cpus 18-20
0: mpibind: task   5 nths  3 gpus 5 cpus 21-23
0: mpibind: task   6 nths  3 gpus 6 cpus 25-28
0: mpibind: task   7 nths  3 gpus 7 cpus 29-31,33
0: mpibind: task   8 nths  3 gpus 8 cpus 34-37
0: mpibind: task   9 nths  3 gpus 9 cpus 38-39,41
0: mpibind: task  10 nths  3 gpus 10 cpus 42-44
0: mpibind: task  11 nths  3 gpus 11 cpus 45-47
0: mpibind: task  12 nths  3 gpus 12 cpus 49-52
0: mpibind: task  13 nths  3 gpus 13 cpus 53-55,57
0: mpibind: task  14 nths  3 gpus 14 cpus 58-61
0: mpibind: task  15 nths  3 gpus 15 cpus 62-63,65
0: mpibind: task  16 nths  3 gpus 16 cpus 66-68
0: mpibind: task  17 nths  3 gpus 17 cpus 69-71
0: mpibind: task  18 nths  3 gpus 18 cpus 73-76
0: mpibind: task  19 nths  3 gpus 19 cpus 77-79,81
0: mpibind: task  20 nths  3 gpus 20 cpus 82-85
0: mpibind: task  21 nths  3 gpus 21 cpus 86-87,89
0: mpibind: task  22 nths  3 gpus 22 cpus 90-92
0: mpibind: task  23 nths  3 gpus 23 cpus 93-95
0: 0.151s: flux-shell[29]: mpibind: 
0: mpibind: task   0 nths  3 gpus 0 cpus 1-4
0: mpibind: task   1 nths  3 gpus 1 cpus 5-7,9
0: mpibind: task   2 nths  3 gpus 2 cpus 10-13
0: mpibind: task   3 nths  3 gpus 3 cpus 14-15,17
0: mpibind: task   4 nths  3 gpus 4 cpus 18-20
0: mpibind: task   5 nths  3 gpus 5 cpus 21-23
0: mpibind: task   6 nths  3 gpus 6 cpus 25-28
0: mpibind: task   7 nths  3 gpus 7 cpus 29-31,33
0: mpibind: task   8 nths  3 gpus 8 cpus 34-37
0: mpibind: task   9 nths  3 gpus 9 cpus 38-39,41
0: mpibind: task  10 nths  3 gpus 10 cpus 42-44
0: mpibind: task  11 nths  3 gpus 11 cpus 45-47
0: mpibind: task  12 nths  3 gpus 12 cpus 49-52
0: mpibind: task  13 nths  3 gpus 13 cpus 53-55,57
0: mpibind: task  14 nths  3 gpus 14 cpus 58-61
0: mpibind: task  15 nths  3 gpus 15 cpus 62-63,65
0: mpibind: task  16 nths  3 gpus 16 cpus 66-68
0: mpibind: task  17 nths  3 gpus 17 cpus 69-71
0: mpibind: task  18 nths  3 gpus 18 cpus 73-76
0: mpibind: task  19 nths  3 gpus 19 cpus 77-79,81
0: mpibind: task  20 nths  3 gpus 20 cpus 82-85
0: mpibind: task  21 nths  3 gpus 21 cpus 86-87,89
0: mpibind: task  22 nths  3 gpus 22 cpus 90-92
0: mpibind: task  23 nths  3 gpus 23 cpus 93-95
0: 0.144s: flux-shell[30]: mpibind: 
0: mpibind: task   0 nths  3 gpus 0 cpus 1-4
0: mpibind: task   1 nths  3 gpus 1 cpus 5-7,9
0: mpibind: task   2 nths  3 gpus 2 cpus 10-13
0: mpibind: task   3 nths  3 gpus 3 cpus 14-15,17
0: mpibind: task   4 nths  3 gpus 4 cpus 18-20
0: mpibind: task   5 nths  3 gpus 5 cpus 21-23
0: mpibind: task   6 nths  3 gpus 6 cpus 25-28
0: mpibind: task   7 nths  3 gpus 7 cpus 29-31,33
0: mpibind: task   8 nths  3 gpus 8 cpus 34-37
0: mpibind: task   9 nths  3 gpus 9 cpus 38-39,41
0: mpibind: task  10 nths  3 gpus 10 cpus 42-44
0: mpibind: task  11 nths  3 gpus 11 cpus 45-47
0: mpibind: task  12 nths  3 gpus 12 cpus 49-52
0: mpibind: task  13 nths  3 gpus 13 cpus 53-55,57
0: mpibind: task  14 nths  3 gpus 14 cpus 58-61
0: mpibind: task  15 nths  3 gpus 15 cpus 62-63,65
0: mpibind: task  16 nths  3 gpus 16 cpus 66-68
0: mpibind: task  17 nths  3 gpus 17 cpus 69-71
0: mpibind: task  18 nths  3 gpus 18 cpus 73-76
0: mpibind: task  19 nths  3 gpus 19 cpus 77-79,81
0: mpibind: task  20 nths  3 gpus 20 cpus 82-85
0: mpibind: task  21 nths  3 gpus 21 cpus 86-87,89
0: mpibind: task  22 nths  3 gpus 22 cpus 90-92
0: mpibind: task  23 nths  3 gpus 23 cpus 93-95
0: 0.139s: flux-shell[23]: mpibind: 
0: mpibind: task   0 nths  3 gpus 0 cpus 1-4
0: mpibind: task   1 nths  3 gpus 1 cpus 5-7,9
0: mpibind: task   2 nths  3 gpus 2 cpus 10-13
0: mpibind: task   3 nths  3 gpus 3 cpus 14-15,17
0: mpibind: task   4 nths  3 gpus 4 cpus 18-20
0: mpibind: task   5 nths  3 gpus 5 cpus 21-23
0: mpibind: task   6 nths  3 gpus 6 cpus 25-28
0: mpibind: task   7 nths  3 gpus 7 cpus 29-31,33
0: mpibind: task   8 nths  3 gpus 8 cpus 34-37
0: mpibind: task   9 nths  3 gpus 9 cpus 38-39,41
0: mpibind: task  10 nths  3 gpus 10 cpus 42-44
0: mpibind: task  11 nths  3 gpus 11 cpus 45-47
0: mpibind: task  12 nths  3 gpus 12 cpus 49-52
0: mpibind: task  13 nths  3 gpus 13 cpus 53-55,57
0: mpibind: task  14 nths  3 gpus 14 cpus 58-61
0: mpibind: task  15 nths  3 gpus 15 cpus 62-63,65
0: mpibind: task  16 nths  3 gpus 16 cpus 66-68
0: mpibind: task  17 nths  3 gpus 17 cpus 69-71
0: mpibind: task  18 nths  3 gpus 18 cpus 73-76
0: mpibind: task  19 nths  3 gpus 19 cpus 77-79,81
0: mpibind: task  20 nths  3 gpus 20 cpus 82-85
0: mpibind: task  21 nths  3 gpus 21 cpus 86-87,89
0: mpibind: task  22 nths  3 gpus 22 cpus 90-92
0: mpibind: task  23 nths  3 gpus 23 cpus 93-95
0: 0.140s: flux-shell[31]: mpibind: 
0: mpibind: task   0 nths  3 gpus 0 cpus 1-4
0: mpibind: task   1 nths  3 gpus 1 cpus 5-7,9
0: mpibind: task   2 nths  3 gpus 2 cpus 10-13
0: mpibind: task   3 nths  3 gpus 3 cpus 14-15,17
0: mpibind: task   4 nths  3 gpus 4 cpus 18-20
0: mpibind: task   5 nths  3 gpus 5 cpus 21-23
0: mpibind: task   6 nths  3 gpus 6 cpus 25-28
0: mpibind: task   7 nths  3 gpus 7 cpus 29-31,33
0: mpibind: task   8 nths  3 gpus 8 cpus 34-37
0: mpibind: task   9 nths  3 gpus 9 cpus 38-39,41
0: mpibind: task  10 nths  3 gpus 10 cpus 42-44
0: mpibind: task  11 nths  3 gpus 11 cpus 45-47
0: mpibind: task  12 nths  3 gpus 12 cpus 49-52
0: mpibind: task  13 nths  3 gpus 13 cpus 53-55,57
0: mpibind: task  14 nths  3 gpus 14 cpus 58-61
0: mpibind: task  15 nths  3 gpus 15 cpus 62-63,65
0: mpibind: task  16 nths  3 gpus 16 cpus 66-68
0: mpibind: task  17 nths  3 gpus 17 cpus 69-71
0: mpibind: task  18 nths  3 gpus 18 cpus 73-76
0: mpibind: task  19 nths  3 gpus 19 cpus 77-79,81
0: mpibind: task  20 nths  3 gpus 20 cpus 82-85
0: mpibind: task  21 nths  3 gpus 21 cpus 86-87,89
0: mpibind: task  22 nths  3 gpus 22 cpus 90-92
0: mpibind: task  23 nths  3 gpus 23 cpus 93-95
0: 0.146s: flux-shell[22]: mpibind: 
0: mpibind: task   0 nths  3 gpus 0 cpus 1-4
0: mpibind: task   1 nths  3 gpus 1 cpus 5-7,9
0: mpibind: task   2 nths  3 gpus 2 cpus 10-13
0: mpibind: task   3 nths  3 gpus 3 cpus 14-15,17
0: mpibind: task   4 nths  3 gpus 4 cpus 18-20
0: mpibind: task   5 nths  3 gpus 5 cpus 21-23
0: mpibind: task   6 nths  3 gpus 6 cpus 25-28
0: mpibind: task   7 nths  3 gpus 7 cpus 29-31,33
0: mpibind: task   8 nths  3 gpus 8 cpus 34-37
0: mpibind: task   9 nths  3 gpus 9 cpus 38-39,41
0: mpibind: task  10 nths  3 gpus 10 cpus 42-44
0: mpibind: task  11 nths  3 gpus 11 cpus 45-47
0: mpibind: task  12 nths  3 gpus 12 cpus 49-52
0: mpibind: task  13 nths  3 gpus 13 cpus 53-55,57
0: mpibind: task  14 nths  3 gpus 14 cpus 58-61
0: mpibind: task  15 nths  3 gpus 15 cpus 62-63,65
0: mpibind: task  16 nths  3 gpus 16 cpus 66-68
0: mpibind: task  17 nths  3 gpus 17 cpus 69-71
0: mpibind: task  18 nths  3 gpus 18 cpus 73-76
0: mpibind: task  19 nths  3 gpus 19 cpus 77-79,81
0: mpibind: task  20 nths  3 gpus 20 cpus 82-85
0: mpibind: task  21 nths  3 gpus 21 cpus 86-87,89
0: mpibind: task  22 nths  3 gpus 22 cpus 90-92
0: mpibind: task  23 nths  3 gpus 23 cpus 93-95
0: 0.138s: flux-shell[25]: mpibind: 
0: mpibind: task   0 nths  3 gpus 0 cpus 1-4
0: mpibind: task   1 nths  3 gpus 1 cpus 5-7,9
0: mpibind: task   2 nths  3 gpus 2 cpus 10-13
0: mpibind: task   3 nths  3 gpus 3 cpus 14-15,17
0: mpibind: task   4 nths  3 gpus 4 cpus 18-20
0: mpibind: task   5 nths  3 gpus 5 cpus 21-23
0: mpibind: task   6 nths  3 gpus 6 cpus 25-28
0: mpibind: task   7 nths  3 gpus 7 cpus 29-31,33
0: mpibind: task   8 nths  3 gpus 8 cpus 34-37
0: mpibind: task   9 nths  3 gpus 9 cpus 38-39,41
0: mpibind: task  10 nths  3 gpus 10 cpus 42-44
0: mpibind: task  11 nths  3 gpus 11 cpus 45-47
0: mpibind: task  12 nths  3 gpus 12 cpus 49-52
0: mpibind: task  13 nths  3 gpus 13 cpus 53-55,57
0: mpibind: task  14 nths  3 gpus 14 cpus 58-61
0: mpibind: task  15 nths  3 gpus 15 cpus 62-63,65
0: mpibind: task  16 nths  3 gpus 16 cpus 66-68
0: mpibind: task  17 nths  3 gpus 17 cpus 69-71
0: mpibind: task  18 nths  3 gpus 18 cpus 73-76
0: mpibind: task  19 nths  3 gpus 19 cpus 77-79,81
0: mpibind: task  20 nths  3 gpus 20 cpus 82-85
0: mpibind: task  21 nths  3 gpus 21 cpus 86-87,89
0: mpibind: task  22 nths  3 gpus 22 cpus 90-92
0: mpibind: task  23 nths  3 gpus 23 cpus 93-95
0: jobid: f2uju1YRu
0: 0.119s: flux-shell[0]: mpibind: 
0: mpibind: task   0 nths  3 gpus 0 cpus 1-4
0: mpibind: task   1 nths  3 gpus 1 cpus 5-7,9
0: mpibind: task   2 nths  3 gpus 2 cpus 10-13
0: mpibind: task   3 nths  3 gpus 3 cpus 14-15,17
0: mpibind: task   4 nths  3 gpus 4 cpus 18-20
0: mpibind: task   5 nths  3 gpus 5 cpus 21-23
0: mpibind: task   6 nths  3 gpus 6 cpus 25-28
0: mpibind: task   7 nths  3 gpus 7 cpus 29-31,33
0: mpibind: task   8 nths  3 gpus 8 cpus 34-37
0: mpibind: task   9 nths  3 gpus 9 cpus 38-39,41
0: mpibind: task  10 nths  3 gpus 10 cpus 42-44
0: mpibind: task  11 nths  3 gpus 11 cpus 45-47
0: mpibind: task  12 nths  3 gpus 12 cpus 49-52
0: mpibind: task  13 nths  3 gpus 13 cpus 53-55,57
0: mpibind: task  14 nths  3 gpus 14 cpus 58-61
0: mpibind: task  15 nths  3 gpus 15 cpus 62-63,65
0: mpibind: task  16 nths  3 gpus 16 cpus 66-68
0: mpibind: task  17 nths  3 gpus 17 cpus 69-71
0: mpibind: task  18 nths  3 gpus 18 cpus 73-76
0: mpibind: task  19 nths  3 gpus 19 cpus 77-79,81
0: mpibind: task  20 nths  3 gpus 20 cpus 82-85
0: mpibind: task  21 nths  3 gpus 21 cpus 86-87,89
0: mpibind: task  22 nths  3 gpus 22 cpus 90-92
0: mpibind: task  23 nths  3 gpus 23 cpus 93-95
0: 0.122s: flux-shell[1]: mpibind: 
0: mpibind: task   0 nths  3 gpus 0 cpus 1-4
0: mpibind: task   1 nths  3 gpus 1 cpus 5-7,9
0: mpibind: task   2 nths  3 gpus 2 cpus 10-13
0: mpibind: task   3 nths  3 gpus 3 cpus 14-15,17
0: mpibind: task   4 nths  3 gpus 4 cpus 18-20
0: mpibind: task   5 nths  3 gpus 5 cpus 21-23
0: mpibind: task   6 nths  3 gpus 6 cpus 25-28
0: mpibind: task   7 nths  3 gpus 7 cpus 29-31,33
0: mpibind: task   8 nths  3 gpus 8 cpus 34-37
0: mpibind: task   9 nths  3 gpus 9 cpus 38-39,41
0: mpibind: task  10 nths  3 gpus 10 cpus 42-44
0: mpibind: task  11 nths  3 gpus 11 cpus 45-47
0: mpibind: task  12 nths  3 gpus 12 cpus 49-52
0: mpibind: task  13 nths  3 gpus 13 cpus 53-55,57
0: mpibind: task  14 nths  3 gpus 14 cpus 58-61
0: mpibind: task  15 nths  3 gpus 15 cpus 62-63,65
0: mpibind: task  16 nths  3 gpus 16 cpus 66-68
0: mpibind: task  17 nths  3 gpus 17 cpus 69-71
0: mpibind: task  18 nths  3 gpus 18 cpus 73-76
0: mpibind: task  19 nths  3 gpus 19 cpus 77-79,81
0: mpibind: task  20 nths  3 gpus 20 cpus 82-85
0: mpibind: task  21 nths  3 gpus 21 cpus 86-87,89
0: mpibind: task  22 nths  3 gpus 22 cpus 90-92
0: mpibind: task  23 nths  3 gpus 23 cpus 93-95
0: 0.139s: flux-shell[15]: mpibind: 
0: mpibind: task   0 nths  3 gpus 0 cpus 1-4
0: mpibind: task   1 nths  3 gpus 1 cpus 5-7,9
0: mpibind: task   2 nths  3 gpus 2 cpus 10-13
0: mpibind: task   3 nths  3 gpus 3 cpus 14-15,17
0: mpibind: task   4 nths  3 gpus 4 cpus 18-20
0: mpibind: task   5 nths  3 gpus 5 cpus 21-23
0: mpibind: task   6 nths  3 gpus 6 cpus 25-28
0: mpibind: task   7 nths  3 gpus 7 cpus 29-31,33
0: mpibind: task   8 nths  3 gpus 8 cpus 34-37
0: mpibind: task   9 nths  3 gpus 9 cpus 38-39,41
0: mpibind: task  10 nths  3 gpus 10 cpus 42-44
0: mpibind: task  11 nths  3 gpus 11 cpus 45-47
0: mpibind: task  12 nths  3 gpus 12 cpus 49-52
0: mpibind: task  13 nths  3 gpus 13 cpus 53-55,57
0: mpibind: task  14 nths  3 gpus 14 cpus 58-61
0: mpibind: task  15 nths  3 gpus 15 cpus 62-63,65
0: mpibind: task  16 nths  3 gpus 16 cpus 66-68
0: mpibind: task  17 nths  3 gpus 17 cpus 69-71
0: mpibind: task  18 nths  3 gpus 18 cpus 73-76
0: mpibind: task  19 nths  3 gpus 19 cpus 77-79,81
0: mpibind: task  20 nths  3 gpus 20 cpus 82-85
0: mpibind: task  21 nths  3 gpus 21 cpus 86-87,89
0: mpibind: task  22 nths  3 gpus 22 cpus 90-92
0: mpibind: task  23 nths  3 gpus 23 cpus 93-95
0: 0.129s: flux-shell[2]: mpibind: 
0: mpibind: task   0 nths  3 gpus 0 cpus 1-4
0: mpibind: task   1 nths  3 gpus 1 cpus 5-7,9
0: mpibind: task   2 nths  3 gpus 2 cpus 10-13
0: mpibind: task   3 nths  3 gpus 3 cpus 14-15,17
0: mpibind: task   4 nths  3 gpus 4 cpus 18-20
0: mpibind: task   5 nths  3 gpus 5 cpus 21-23
0: mpibind: task   6 nths  3 gpus 6 cpus 25-28
0: mpibind: task   7 nths  3 gpus 7 cpus 29-31,33
0: mpibind: task   8 nths  3 gpus 8 cpus 34-37
0: mpibind: task   9 nths  3 gpus 9 cpus 38-39,41
0: mpibind: task  10 nths  3 gpus 10 cpus 42-44
0: mpibind: task  11 nths  3 gpus 11 cpus 45-47
0: mpibind: task  12 nths  3 gpus 12 cpus 49-52
0: mpibind: task  13 nths  3 gpus 13 cpus 53-55,57
0: mpibind: task  14 nths  3 gpus 14 cpus 58-61
0: mpibind: task  15 nths  3 gpus 15 cpus 62-63,65
0: mpibind: task  16 nths  3 gpus 16 cpus 66-68
0: mpibind: task  17 nths  3 gpus 17 cpus 69-71
0: mpibind: task  18 nths  3 gpus 18 cpus 73-76
0: mpibind: task  19 nths  3 gpus 19 cpus 77-79,81
0: mpibind: task  20 nths  3 gpus 20 cpus 82-85
0: mpibind: task  21 nths  3 gpus 21 cpus 86-87,89
0: mpibind: task  22 nths  3 gpus 22 cpus 90-92
0: mpibind: task  23 nths  3 gpus 23 cpus 93-95
0: 0.131s: flux-shell[3]: mpibind: 
0: mpibind: task   0 nths  3 gpus 0 cpus 1-4
0: mpibind: task   1 nths  3 gpus 1 cpus 5-7,9
0: mpibind: task   2 nths  3 gpus 2 cpus 10-13
0: mpibind: task   3 nths  3 gpus 3 cpus 14-15,17
0: mpibind: task   4 nths  3 gpus 4 cpus 18-20
0: mpibind: task   5 nths  3 gpus 5 cpus 21-23
0: mpibind: task   6 nths  3 gpus 6 cpus 25-28
0: mpibind: task   7 nths  3 gpus 7 cpus 29-31,33
0: mpibind: task   8 nths  3 gpus 8 cpus 34-37
0: mpibind: task   9 nths  3 gpus 9 cpus 38-39,41
0: mpibind: task  10 nths  3 gpus 10 cpus 42-44
0: mpibind: task  11 nths  3 gpus 11 cpus 45-47
0: mpibind: task  12 nths  3 gpus 12 cpus 49-52
0: mpibind: task  13 nths  3 gpus 13 cpus 53-55,57
0: mpibind: task  14 nths  3 gpus 14 cpus 58-61
0: mpibind: task  15 nths  3 gpus 15 cpus 62-63,65
0: mpibind: task  16 nths  3 gpus 16 cpus 66-68
0: mpibind: task  17 nths  3 gpus 17 cpus 69-71
0: mpibind: task  18 nths  3 gpus 18 cpus 73-76
0: mpibind: task  19 nths  3 gpus 19 cpus 77-79,81
0: mpibind: task  20 nths  3 gpus 20 cpus 82-85
0: mpibind: task  21 nths  3 gpus 21 cpus 86-87,89
0: mpibind: task  22 nths  3 gpus 22 cpus 90-92
0: mpibind: task  23 nths  3 gpus 23 cpus 93-95
0: 0.127s: flux-shell[4]: mpibind: 
0: mpibind: task   0 nths  3 gpus 0 cpus 1-4
0: mpibind: task   1 nths  3 gpus 1 cpus 5-7,9
0: mpibind: task   2 nths  3 gpus 2 cpus 10-13
0: mpibind: task   3 nths  3 gpus 3 cpus 14-15,17
0: mpibind: task   4 nths  3 gpus 4 cpus 18-20
0: mpibind: task   5 nths  3 gpus 5 cpus 21-23
0: mpibind: task   6 nths  3 gpus 6 cpus 25-28
0: mpibind: task   7 nths  3 gpus 7 cpus 29-31,33
0: mpibind: task   8 nths  3 gpus 8 cpus 34-37
0: mpibind: task   9 nths  3 gpus 9 cpus 38-39,41
0: mpibind: task  10 nths  3 gpus 10 cpus 42-44
0: mpibind: task  11 nths  3 gpus 11 cpus 45-47
0: mpibind: task  12 nths  3 gpus 12 cpus 49-52
0: mpibind: task  13 nths  3 gpus 13 cpus 53-55,57
0: mpibind: task  14 nths  3 gpus 14 cpus 58-61
0: mpibind: task  15 nths  3 gpus 15 cpus 62-63,65
0: mpibind: task  16 nths  3 gpus 16 cpus 66-68
0: mpibind: task  17 nths  3 gpus 17 cpus 69-71
0: mpibind: task  18 nths  3 gpus 18 cpus 73-76
0: mpibind: task  19 nths  3 gpus 19 cpus 77-79,81
0: mpibind: task  20 nths  3 gpus 20 cpus 82-85
0: mpibind: task  21 nths  3 gpus 21 cpus 86-87,89
0: mpibind: task  22 nths  3 gpus 22 cpus 90-92
0: mpibind: task  23 nths  3 gpus 23 cpus 93-95
0: 0.128s: flux-shell[5]: mpibind: 
0: mpibind: task   0 nths  3 gpus 0 cpus 1-4
0: mpibind: task   1 nths  3 gpus 1 cpus 5-7,9
0: mpibind: task   2 nths  3 gpus 2 cpus 10-13
0: mpibind: task   3 nths  3 gpus 3 cpus 14-15,17
0: mpibind: task   4 nths  3 gpus 4 cpus 18-20
0: mpibind: task   5 nths  3 gpus 5 cpus 21-23
0: mpibind: task   6 nths  3 gpus 6 cpus 25-28
0: mpibind: task   7 nths  3 gpus 7 cpus 29-31,33
0: mpibind: task   8 nths  3 gpus 8 cpus 34-37
0: mpibind: task   9 nths  3 gpus 9 cpus 38-39,41
0: mpibind: task  10 nths  3 gpus 10 cpus 42-44
0: mpibind: task  11 nths  3 gpus 11 cpus 45-47
0: mpibind: task  12 nths  3 gpus 12 cpus 49-52
0: mpibind: task  13 nths  3 gpus 13 cpus 53-55,57
0: mpibind: task  14 nths  3 gpus 14 cpus 58-61
0: mpibind: task  15 nths  3 gpus 15 cpus 62-63,65
0: mpibind: task  16 nths  3 gpus 16 cpus 66-68
0: mpibind: task  17 nths  3 gpus 17 cpus 69-71
0: mpibind: task  18 nths  3 gpus 18 cpus 73-76
0: mpibind: task  19 nths  3 gpus 19 cpus 77-79,81
0: mpibind: task  20 nths  3 gpus 20 cpus 82-85
0: mpibind: task  21 nths  3 gpus 21 cpus 86-87,89
0: mpibind: task  22 nths  3 gpus 22 cpus 90-92
0: mpibind: task  23 nths  3 gpus 23 cpus 93-95
0: 0.129s: flux-shell[6]: mpibind: 
0: mpibind: task   0 nths  3 gpus 0 cpus 1-4
0: mpibind: task   1 nths  3 gpus 1 cpus 5-7,9
0: mpibind: task   2 nths  3 gpus 2 cpus 10-13
0: mpibind: task   3 nths  3 gpus 3 cpus 14-15,17
0: mpibind: task   4 nths  3 gpus 4 cpus 18-20
0: mpibind: task   5 nths  3 gpus 5 cpus 21-23
0: mpibind: task   6 nths  3 gpus 6 cpus 25-28
0: mpibind: task   7 nths  3 gpus 7 cpus 29-31,33
0: mpibind: task   8 nths  3 gpus 8 cpus 34-37
0: mpibind: task   9 nths  3 gpus 9 cpus 38-39,41
0: mpibind: task  10 nths  3 gpus 10 cpus 42-44
0: mpibind: task  11 nths  3 gpus 11 cpus 45-47
0: mpibind: task  12 nths  3 gpus 12 cpus 49-52
0: mpibind: task  13 nths  3 gpus 13 cpus 53-55,57
0: mpibind: task  14 nths  3 gpus 14 cpus 58-61
0: mpibind: task  15 nths  3 gpus 15 cpus 62-63,65
0: mpibind: task  16 nths  3 gpus 16 cpus 66-68
0: mpibind: task  17 nths  3 gpus 17 cpus 69-71
0: mpibind: task  18 nths  3 gpus 18 cpus 73-76
0: mpibind: task  19 nths  3 gpus 19 cpus 77-79,81
0: mpibind: task  20 nths  3 gpus 20 cpus 82-85
0: mpibind: task  21 nths  3 gpus 21 cpus 86-87,89
0: mpibind: task  22 nths  3 gpus 22 cpus 90-92
0: mpibind: task  23 nths  3 gpus 23 cpus 93-95
0: 0.128s: flux-shell[7]: mpibind: 
0: mpibind: task   0 nths  3 gpus 0 cpus 1-4
0: mpibind: task   1 nths  3 gpus 1 cpus 5-7,9
0: mpibind: task   2 nths  3 gpus 2 cpus 10-13
0: mpibind: task   3 nths  3 gpus 3 cpus 14-15,17
0: mpibind: task   4 nths  3 gpus 4 cpus 18-20
0: mpibind: task   5 nths  3 gpus 5 cpus 21-23
0: mpibind: task   6 nths  3 gpus 6 cpus 25-28
0: mpibind: task   7 nths  3 gpus 7 cpus 29-31,33
0: mpibind: task   8 nths  3 gpus 8 cpus 34-37
0: mpibind: task   9 nths  3 gpus 9 cpus 38-39,41
0: mpibind: task  10 nths  3 gpus 10 cpus 42-44
0: mpibind: task  11 nths  3 gpus 11 cpus 45-47
0: mpibind: task  12 nths  3 gpus 12 cpus 49-52
0: mpibind: task  13 nths  3 gpus 13 cpus 53-55,57
0: mpibind: task  14 nths  3 gpus 14 cpus 58-61
0: mpibind: task  15 nths  3 gpus 15 cpus 62-63,65
0: mpibind: task  16 nths  3 gpus 16 cpus 66-68
0: mpibind: task  17 nths  3 gpus 17 cpus 69-71
0: mpibind: task  18 nths  3 gpus 18 cpus 73-76
0: mpibind: task  19 nths  3 gpus 19 cpus 77-79,81
0: mpibind: task  20 nths  3 gpus 20 cpus 82-85
0: mpibind: task  21 nths  3 gpus 21 cpus 86-87,89
0: mpibind: task  22 nths  3 gpus 22 cpus 90-92
0: mpibind: task  23 nths  3 gpus 23 cpus 93-95
0: 0.129s: flux-shell[8]: mpibind: 
0: mpibind: task   0 nths  3 gpus 0 cpus 1-4
0: mpibind: task   1 nths  3 gpus 1 cpus 5-7,9
0: mpibind: task   2 nths  3 gpus 2 cpus 10-13
0: mpibind: task   3 nths  3 gpus 3 cpus 14-15,17
0: mpibind: task   4 nths  3 gpus 4 cpus 18-20
0: mpibind: task   5 nths  3 gpus 5 cpus 21-23
0: mpibind: task   6 nths  3 gpus 6 cpus 25-28
0: mpibind: task   7 nths  3 gpus 7 cpus 29-31,33
0: mpibind: task   8 nths  3 gpus 8 cpus 34-37
0: mpibind: task   9 nths  3 gpus 9 cpus 38-39,41
0: mpibind: task  10 nths  3 gpus 10 cpus 42-44
0: mpibind: task  11 nths  3 gpus 11 cpus 45-47
0: mpibind: task  12 nths  3 gpus 12 cpus 49-52
0: mpibind: task  13 nths  3 gpus 13 cpus 53-55,57
0: mpibind: task  14 nths  3 gpus 14 cpus 58-61
0: mpibind: task  15 nths  3 gpus 15 cpus 62-63,65
0: mpibind: task  16 nths  3 gpus 16 cpus 66-68
0: mpibind: task  17 nths  3 gpus 17 cpus 69-71
0: mpibind: task  18 nths  3 gpus 18 cpus 73-76
0: mpibind: task  19 nths  3 gpus 19 cpus 77-79,81
0: mpibind: task  20 nths  3 gpus 20 cpus 82-85
0: mpibind: task  21 nths  3 gpus 21 cpus 86-87,89
0: mpibind: task  22 nths  3 gpus 22 cpus 90-92
0: mpibind: task  23 nths  3 gpus 23 cpus 93-95
0: 0.131s: flux-shell[9]: mpibind: 
0: mpibind: task   0 nths  3 gpus 0 cpus 1-4
0: mpibind: task   1 nths  3 gpus 1 cpus 5-7,9
0: mpibind: task   2 nths  3 gpus 2 cpus 10-13
0: mpibind: task   3 nths  3 gpus 3 cpus 14-15,17
0: mpibind: task   4 nths  3 gpus 4 cpus 18-20
0: mpibind: task   5 nths  3 gpus 5 cpus 21-23
0: mpibind: task   6 nths  3 gpus 6 cpus 25-28
0: mpibind: task   7 nths  3 gpus 7 cpus 29-31,33
0: mpibind: task   8 nths  3 gpus 8 cpus 34-37
0: mpibind: task   9 nths  3 gpus 9 cpus 38-39,41
0: mpibind: task  10 nths  3 gpus 10 cpus 42-44
0: mpibind: task  11 nths  3 gpus 11 cpus 45-47
0: mpibind: task  12 nths  3 gpus 12 cpus 49-52
0: mpibind: task  13 nths  3 gpus 13 cpus 53-55,57
0: mpibind: task  14 nths  3 gpus 14 cpus 58-61
0: mpibind: task  15 nths  3 gpus 15 cpus 62-63,65
0: mpibind: task  16 nths  3 gpus 16 cpus 66-68
0: mpibind: task  17 nths  3 gpus 17 cpus 69-71
0: mpibind: task  18 nths  3 gpus 18 cpus 73-76
0: mpibind: task  19 nths  3 gpus 19 cpus 77-79,81
0: mpibind: task  20 nths  3 gpus 20 cpus 82-85
0: mpibind: task  21 nths  3 gpus 21 cpus 86-87,89
0: mpibind: task  22 nths  3 gpus 22 cpus 90-92
0: mpibind: task  23 nths  3 gpus 23 cpus 93-95
0: 0.131s: flux-shell[10]: mpibind: 
0: mpibind: task   0 nths  3 gpus 0 cpus 1-4
0: mpibind: task   1 nths  3 gpus 1 cpus 5-7,9
0: mpibind: task   2 nths  3 gpus 2 cpus 10-13
0: mpibind: task   3 nths  3 gpus 3 cpus 14-15,17
0: mpibind: task   4 nths  3 gpus 4 cpus 18-20
0: mpibind: task   5 nths  3 gpus 5 cpus 21-23
0: mpibind: task   6 nths  3 gpus 6 cpus 25-28
0: mpibind: task   7 nths  3 gpus 7 cpus 29-31,33
0: mpibind: task   8 nths  3 gpus 8 cpus 34-37
0: mpibind: task   9 nths  3 gpus 9 cpus 38-39,41
0: mpibind: task  10 nths  3 gpus 10 cpus 42-44
0: mpibind: task  11 nths  3 gpus 11 cpus 45-47
0: mpibind: task  12 nths  3 gpus 12 cpus 49-52
0: mpibind: task  13 nths  3 gpus 13 cpus 53-55,57
0: mpibind: task  14 nths  3 gpus 14 cpus 58-61
0: mpibind: task  15 nths  3 gpus 15 cpus 62-63,65
0: mpibind: task  16 nths  3 gpus 16 cpus 66-68
0: mpibind: task  17 nths  3 gpus 17 cpus 69-71
0: mpibind: task  18 nths  3 gpus 18 cpus 73-76
0: mpibind: task  19 nths  3 gpus 19 cpus 77-79,81
0: mpibind: task  20 nths  3 gpus 20 cpus 82-85
0: mpibind: task  21 nths  3 gpus 21 cpus 86-87,89
0: mpibind: task  22 nths  3 gpus 22 cpus 90-92
0: mpibind: task  23 nths  3 gpus 23 cpus 93-95
0: 0.133s: flux-shell[11]: mpibind: 
0: mpibind: task   0 nths  3 gpus 0 cpus 1-4
0: mpibind: task   1 nths  3 gpus 1 cpus 5-7,9
0: mpibind: task   2 nths  3 gpus 2 cpus 10-13
0: mpibind: task   3 nths  3 gpus 3 cpus 14-15,17
0: mpibind: task   4 nths  3 gpus 4 cpus 18-20
0: mpibind: task   5 nths  3 gpus 5 cpus 21-23
0: mpibind: task   6 nths  3 gpus 6 cpus 25-28
0: mpibind: task   7 nths  3 gpus 7 cpus 29-31,33
0: mpibind: task   8 nths  3 gpus 8 cpus 34-37
0: mpibind: task   9 nths  3 gpus 9 cpus 38-39,41
0: mpibind: task  10 nths  3 gpus 10 cpus 42-44
0: mpibind: task  11 nths  3 gpus 11 cpus 45-47
0: mpibind: task  12 nths  3 gpus 12 cpus 49-52
0: mpibind: task  13 nths  3 gpus 13 cpus 53-55,57
0: mpibind: task  14 nths  3 gpus 14 cpus 58-61
0: mpibind: task  15 nths  3 gpus 15 cpus 62-63,65
0: mpibind: task  16 nths  3 gpus 16 cpus 66-68
0: mpibind: task  17 nths  3 gpus 17 cpus 69-71
0: mpibind: task  18 nths  3 gpus 18 cpus 73-76
0: mpibind: task  19 nths  3 gpus 19 cpus 77-79,81
0: mpibind: task  20 nths  3 gpus 20 cpus 82-85
0: mpibind: task  21 nths  3 gpus 21 cpus 86-87,89
0: mpibind: task  22 nths  3 gpus 22 cpus 90-92
0: mpibind: task  23 nths  3 gpus 23 cpus 93-95
0: 0.137s: flux-shell[12]: mpibind: 
0: mpibind: task   0 nths  3 gpus 0 cpus 1-4
0: mpibind: task   1 nths  3 gpus 1 cpus 5-7,9
0: mpibind: task   2 nths  3 gpus 2 cpus 10-13
0: mpibind: task   3 nths  3 gpus 3 cpus 14-15,17
0: mpibind: task   4 nths  3 gpus 4 cpus 18-20
0: mpibind: task   5 nths  3 gpus 5 cpus 21-23
0: mpibind: task   6 nths  3 gpus 6 cpus 25-28
0: mpibind: task   7 nths  3 gpus 7 cpus 29-31,33
0: mpibind: task   8 nths  3 gpus 8 cpus 34-37
0: mpibind: task   9 nths  3 gpus 9 cpus 38-39,41
0: mpibind: task  10 nths  3 gpus 10 cpus 42-44
0: mpibind: task  11 nths  3 gpus 11 cpus 45-47
0: mpibind: task  12 nths  3 gpus 12 cpus 49-52
0: mpibind: task  13 nths  3 gpus 13 cpus 53-55,57
0: mpibind: task  14 nths  3 gpus 14 cpus 58-61
0: mpibind: task  15 nths  3 gpus 15 cpus 62-63,65
0: mpibind: task  16 nths  3 gpus 16 cpus 66-68
0: mpibind: task  17 nths  3 gpus 17 cpus 69-71
0: mpibind: task  18 nths  3 gpus 18 cpus 73-76
0: mpibind: task  19 nths  3 gpus 19 cpus 77-79,81
0: mpibind: task  20 nths  3 gpus 20 cpus 82-85
0: mpibind: task  21 nths  3 gpus 21 cpus 86-87,89
0: mpibind: task  22 nths  3 gpus 22 cpus 90-92
0: mpibind: task  23 nths  3 gpus 23 cpus 93-95
0: 0.139s: flux-shell[13]: mpibind: 
0: mpibind: task   0 nths  3 gpus 0 cpus 1-4
0: mpibind: task   1 nths  3 gpus 1 cpus 5-7,9
0: mpibind: task   2 nths  3 gpus 2 cpus 10-13
0: mpibind: task   3 nths  3 gpus 3 cpus 14-15,17
0: mpibind: task   4 nths  3 gpus 4 cpus 18-20
0: mpibind: task   5 nths  3 gpus 5 cpus 21-23
0: mpibind: task   6 nths  3 gpus 6 cpus 25-28
0: mpibind: task   7 nths  3 gpus 7 cpus 29-31,33
0: mpibind: task   8 nths  3 gpus 8 cpus 34-37
0: mpibind: task   9 nths  3 gpus 9 cpus 38-39,41
0: mpibind: task  10 nths  3 gpus 10 cpus 42-44
0: mpibind: task  11 nths  3 gpus 11 cpus 45-47
0: mpibind: task  12 nths  3 gpus 12 cpus 49-52
0: mpibind: task  13 nths  3 gpus 13 cpus 53-55,57
0: mpibind: task  14 nths  3 gpus 14 cpus 58-61
0: mpibind: task  15 nths  3 gpus 15 cpus 62-63,65
0: mpibind: task  16 nths  3 gpus 16 cpus 66-68
0: mpibind: task  17 nths  3 gpus 17 cpus 69-71
0: mpibind: task  18 nths  3 gpus 18 cpus 73-76
0: mpibind: task  19 nths  3 gpus 19 cpus 77-79,81
0: mpibind: task  20 nths  3 gpus 20 cpus 82-85
0: mpibind: task  21 nths  3 gpus 21 cpus 86-87,89
0: mpibind: task  22 nths  3 gpus 22 cpus 90-92
0: mpibind: task  23 nths  3 gpus 23 cpus 93-95
0: 0.143s: flux-shell[16]: mpibind: 
0: mpibind: task   0 nths  3 gpus 0 cpus 1-4
0: mpibind: task   1 nths  3 gpus 1 cpus 5-7,9
0: mpibind: task   2 nths  3 gpus 2 cpus 10-13
0: mpibind: task   3 nths  3 gpus 3 cpus 14-15,17
0: mpibind: task   4 nths  3 gpus 4 cpus 18-20
0: mpibind: task   5 nths  3 gpus 5 cpus 21-23
0: mpibind: task   6 nths  3 gpus 6 cpus 25-28
0: mpibind: task   7 nths  3 gpus 7 cpus 29-31,33
0: mpibind: task   8 nths  3 gpus 8 cpus 34-37
0: mpibind: task   9 nths  3 gpus 9 cpus 38-39,41
0: mpibind: task  10 nths  3 gpus 10 cpus 42-44
0: mpibind: task  11 nths  3 gpus 11 cpus 45-47
0: mpibind: task  12 nths  3 gpus 12 cpus 49-52
0: mpibind: task  13 nths  3 gpus 13 cpus 53-55,57
0: mpibind: task  14 nths  3 gpus 14 cpus 58-61
0: mpibind: task  15 nths  3 gpus 15 cpus 62-63,65
0: mpibind: task  16 nths  3 gpus 16 cpus 66-68
0: mpibind: task  17 nths  3 gpus 17 cpus 69-71
0: mpibind: task  18 nths  3 gpus 18 cpus 73-76
0: mpibind: task  19 nths  3 gpus 19 cpus 77-79,81
0: mpibind: task  20 nths  3 gpus 20 cpus 82-85
0: mpibind: task  21 nths  3 gpus 21 cpus 86-87,89
0: mpibind: task  22 nths  3 gpus 22 cpus 90-92
0: mpibind: task  23 nths  3 gpus 23 cpus 93-95
0: 0.140s: flux-shell[17]: mpibind: 
0: mpibind: task   0 nths  3 gpus 0 cpus 1-4
0: mpibind: task   1 nths  3 gpus 1 cpus 5-7,9
0: mpibind: task   2 nths  3 gpus 2 cpus 10-13
0: mpibind: task   3 nths  3 gpus 3 cpus 14-15,17
0: mpibind: task   4 nths  3 gpus 4 cpus 18-20
0: mpibind: task   5 nths  3 gpus 5 cpus 21-23
0: mpibind: task   6 nths  3 gpus 6 cpus 25-28
0: mpibind: task   7 nths  3 gpus 7 cpus 29-31,33
0: mpibind: task   8 nths  3 gpus 8 cpus 34-37
0: mpibind: task   9 nths  3 gpus 9 cpus 38-39,41
0: mpibind: task  10 nths  3 gpus 10 cpus 42-44
0: mpibind: task  11 nths  3 gpus 11 cpus 45-47
0: mpibind: task  12 nths  3 gpus 12 cpus 49-52
0: mpibind: task  13 nths  3 gpus 13 cpus 53-55,57
0: mpibind: task  14 nths  3 gpus 14 cpus 58-61
0: mpibind: task  15 nths  3 gpus 15 cpus 62-63,65
0: mpibind: task  16 nths  3 gpus 16 cpus 66-68
0: mpibind: task  17 nths  3 gpus 17 cpus 69-71
0: mpibind: task  18 nths  3 gpus 18 cpus 73-76
0: mpibind: task  19 nths  3 gpus 19 cpus 77-79,81
0: mpibind: task  20 nths  3 gpus 20 cpus 82-85
0: mpibind: task  21 nths  3 gpus 21 cpus 86-87,89
0: mpibind: task  22 nths  3 gpus 22 cpus 90-92
0: mpibind: task  23 nths  3 gpus 23 cpus 93-95
0: 0.137s: flux-shell[14]: mpibind: 
0: mpibind: task   0 nths  3 gpus 0 cpus 1-4
0: mpibind: task   1 nths  3 gpus 1 cpus 5-7,9
0: mpibind: task   2 nths  3 gpus 2 cpus 10-13
0: mpibind: task   3 nths  3 gpus 3 cpus 14-15,17
0: mpibind: task   4 nths  3 gpus 4 cpus 18-20
0: mpibind: task   5 nths  3 gpus 5 cpus 21-23
0: mpibind: task   6 nths  3 gpus 6 cpus 25-28
0: mpibind: task   7 nths  3 gpus 7 cpus 29-31,33
0: mpibind: task   8 nths  3 gpus 8 cpus 34-37
0: mpibind: task   9 nths  3 gpus 9 cpus 38-39,41
0: mpibind: task  10 nths  3 gpus 10 cpus 42-44
0: mpibind: task  11 nths  3 gpus 11 cpus 45-47
0: mpibind: task  12 nths  3 gpus 12 cpus 49-52
0: mpibind: task  13 nths  3 gpus 13 cpus 53-55,57
0: mpibind: task  14 nths  3 gpus 14 cpus 58-61
0: mpibind: task  15 nths  3 gpus 15 cpus 62-63,65
0: mpibind: task  16 nths  3 gpus 16 cpus 66-68
0: mpibind: task  17 nths  3 gpus 17 cpus 69-71
0: mpibind: task  18 nths  3 gpus 18 cpus 73-76
0: mpibind: task  19 nths  3 gpus 19 cpus 77-79,81
0: mpibind: task  20 nths  3 gpus 20 cpus 82-85
0: mpibind: task  21 nths  3 gpus 21 cpus 86-87,89
0: mpibind: task  22 nths  3 gpus 22 cpus 90-92
0: mpibind: task  23 nths  3 gpus 23 cpus 93-95
0: 0.138s: flux-shell[18]: mpibind: 
0: mpibind: task   0 nths  3 gpus 0 cpus 1-4
0: mpibind: task   1 nths  3 gpus 1 cpus 5-7,9
0: mpibind: task   2 nths  3 gpus 2 cpus 10-13
0: mpibind: task   3 nths  3 gpus 3 cpus 14-15,17
0: mpibind: task   4 nths  3 gpus 4 cpus 18-20
0: mpibind: task   5 nths  3 gpus 5 cpus 21-23
0: mpibind: task   6 nths  3 gpus 6 cpus 25-28
0: mpibind: task   7 nths  3 gpus 7 cpus 29-31,33
0: mpibind: task   8 nths  3 gpus 8 cpus 34-37
0: mpibind: task   9 nths  3 gpus 9 cpus 38-39,41
0: mpibind: task  10 nths  3 gpus 10 cpus 42-44
0: mpibind: task  11 nths  3 gpus 11 cpus 45-47
0: mpibind: task  12 nths  3 gpus 12 cpus 49-52
0: mpibind: task  13 nths  3 gpus 13 cpus 53-55,57
0: mpibind: task  14 nths  3 gpus 14 cpus 58-61
0: mpibind: task  15 nths  3 gpus 15 cpus 62-63,65
0: mpibind: task  16 nths  3 gpus 16 cpus 66-68
0: mpibind: task  17 nths  3 gpus 17 cpus 69-71
0: mpibind: task  18 nths  3 gpus 18 cpus 73-76
0: mpibind: task  19 nths  3 gpus 19 cpus 77-79,81
0: mpibind: task  20 nths  3 gpus 20 cpus 82-85
0: mpibind: task  21 nths  3 gpus 21 cpus 86-87,89
0: mpibind: task  22 nths  3 gpus 22 cpus 90-92
0: mpibind: task  23 nths  3 gpus 23 cpus 93-95
0: 0.134s: flux-shell[20]: mpibind: 
0: mpibind: task   0 nths  3 gpus 0 cpus 1-4
0: mpibind: task   1 nths  3 gpus 1 cpus 5-7,9
0: mpibind: task   2 nths  3 gpus 2 cpus 10-13
0: mpibind: task   3 nths  3 gpus 3 cpus 14-15,17
0: mpibind: task   4 nths  3 gpus 4 cpus 18-20
0: mpibind: task   5 nths  3 gpus 5 cpus 21-23
0: mpibind: task   6 nths  3 gpus 6 cpus 25-28
0: mpibind: task   7 nths  3 gpus 7 cpus 29-31,33
0: mpibind: task   8 nths  3 gpus 8 cpus 34-37
0: mpibind: task   9 nths  3 gpus 9 cpus 38-39,41
0: mpibind: task  10 nths  3 gpus 10 cpus 42-44
0: mpibind: task  11 nths  3 gpus 11 cpus 45-47
0: mpibind: task  12 nths  3 gpus 12 cpus 49-52
0: mpibind: task  13 nths  3 gpus 13 cpus 53-55,57
0: mpibind: task  14 nths  3 gpus 14 cpus 58-61
0: mpibind: task  15 nths  3 gpus 15 cpus 62-63,65
0: mpibind: task  16 nths  3 gpus 16 cpus 66-68
0: mpibind: task  17 nths  3 gpus 17 cpus 69-71
0: mpibind: task  18 nths  3 gpus 18 cpus 73-76
0: mpibind: task  19 nths  3 gpus 19 cpus 77-79,81
0: mpibind: task  20 nths  3 gpus 20 cpus 82-85
0: mpibind: task  21 nths  3 gpus 21 cpus 86-87,89
0: mpibind: task  22 nths  3 gpus 22 cpus 90-92
0: mpibind: task  23 nths  3 gpus 23 cpus 93-95
0: 0.135s: flux-shell[19]: mpibind: 
0: mpibind: task   0 nths  3 gpus 0 cpus 1-4
0: mpibind: task   1 nths  3 gpus 1 cpus 5-7,9
0: mpibind: task   2 nths  3 gpus 2 cpus 10-13
0: mpibind: task   3 nths  3 gpus 3 cpus 14-15,17
0: mpibind: task   4 nths  3 gpus 4 cpus 18-20
0: mpibind: task   5 nths  3 gpus 5 cpus 21-23
0: mpibind: task   6 nths  3 gpus 6 cpus 25-28
0: mpibind: task   7 nths  3 gpus 7 cpus 29-31,33
0: mpibind: task   8 nths  3 gpus 8 cpus 34-37
0: mpibind: task   9 nths  3 gpus 9 cpus 38-39,41
0: mpibind: task  10 nths  3 gpus 10 cpus 42-44
0: mpibind: task  11 nths  3 gpus 11 cpus 45-47
0: mpibind: task  12 nths  3 gpus 12 cpus 49-52
0: mpibind: task  13 nths  3 gpus 13 cpus 53-55,57
0: mpibind: task  14 nths  3 gpus 14 cpus 58-61
0: mpibind: task  15 nths  3 gpus 15 cpus 62-63,65
0: mpibind: task  16 nths  3 gpus 16 cpus 66-68
0: mpibind: task  17 nths  3 gpus 17 cpus 69-71
0: mpibind: task  18 nths  3 gpus 18 cpus 73-76
0: mpibind: task  19 nths  3 gpus 19 cpus 77-79,81
0: mpibind: task  20 nths  3 gpus 20 cpus 82-85
0: mpibind: task  21 nths  3 gpus 21 cpus 86-87,89
0: mpibind: task  22 nths  3 gpus 22 cpus 90-92
0: mpibind: task  23 nths  3 gpus 23 cpus 93-95
0: 0.143s: flux-shell[21]: mpibind: 
0: mpibind: task   0 nths  3 gpus 0 cpus 1-4
0: mpibind: task   1 nths  3 gpus 1 cpus 5-7,9
0: mpibind: task   2 nths  3 gpus 2 cpus 10-13
0: mpibind: task   3 nths  3 gpus 3 cpus 14-15,17
0: mpibind: task   4 nths  3 gpus 4 cpus 18-20
0: mpibind: task   5 nths  3 gpus 5 cpus 21-23
0: mpibind: task   6 nths  3 gpus 6 cpus 25-28
0: mpibind: task   7 nths  3 gpus 7 cpus 29-31,33
0: mpibind: task   8 nths  3 gpus 8 cpus 34-37
0: mpibind: task   9 nths  3 gpus 9 cpus 38-39,41
0: mpibind: task  10 nths  3 gpus 10 cpus 42-44
0: mpibind: task  11 nths  3 gpus 11 cpus 45-47
0: mpibind: task  12 nths  3 gpus 12 cpus 49-52
0: mpibind: task  13 nths  3 gpus 13 cpus 53-55,57
0: mpibind: task  14 nths  3 gpus 14 cpus 58-61
0: mpibind: task  15 nths  3 gpus 15 cpus 62-63,65
0: mpibind: task  16 nths  3 gpus 16 cpus 66-68
0: mpibind: task  17 nths  3 gpus 17 cpus 69-71
0: mpibind: task  18 nths  3 gpus 18 cpus 73-76
0: mpibind: task  19 nths  3 gpus 19 cpus 77-79,81
0: mpibind: task  20 nths  3 gpus 20 cpus 82-85
0: mpibind: task  21 nths  3 gpus 21 cpus 86-87,89
0: mpibind: task  22 nths  3 gpus 22 cpus 90-92
0: mpibind: task  23 nths  3 gpus 23 cpus 93-95
0: 0.144s: flux-shell[22]: mpibind: 
0: mpibind: task   0 nths  3 gpus 0 cpus 1-4
0: mpibind: task   1 nths  3 gpus 1 cpus 5-7,9
0: mpibind: task   2 nths  3 gpus 2 cpus 10-13
0: mpibind: task   3 nths  3 gpus 3 cpus 14-15,17
0: mpibind: task   4 nths  3 gpus 4 cpus 18-20
0: mpibind: task   5 nths  3 gpus 5 cpus 21-23
0: mpibind: task   6 nths  3 gpus 6 cpus 25-28
0: mpibind: task   7 nths  3 gpus 7 cpus 29-31,33
0: mpibind: task   8 nths  3 gpus 8 cpus 34-37
0: mpibind: task   9 nths  3 gpus 9 cpus 38-39,41
0: mpibind: task  10 nths  3 gpus 10 cpus 42-44
0: mpibind: task  11 nths  3 gpus 11 cpus 45-47
0: mpibind: task  12 nths  3 gpus 12 cpus 49-52
0: mpibind: task  13 nths  3 gpus 13 cpus 53-55,57
0: mpibind: task  14 nths  3 gpus 14 cpus 58-61
0: mpibind: task  15 nths  3 gpus 15 cpus 62-63,65
0: mpibind: task  16 nths  3 gpus 16 cpus 66-68
0: mpibind: task  17 nths  3 gpus 17 cpus 69-71
0: mpibind: task  18 nths  3 gpus 18 cpus 73-76
0: mpibind: task  19 nths  3 gpus 19 cpus 77-79,81
0: mpibind: task  20 nths  3 gpus 20 cpus 82-85
0: mpibind: task  21 nths  3 gpus 21 cpus 86-87,89
0: mpibind: task  22 nths  3 gpus 22 cpus 90-92
0: mpibind: task  23 nths  3 gpus 23 cpus 93-95
0: 0.139s: flux-shell[24]: mpibind: 
0: mpibind: task   0 nths  3 gpus 0 cpus 1-4
0: mpibind: task   1 nths  3 gpus 1 cpus 5-7,9
0: mpibind: task   2 nths  3 gpus 2 cpus 10-13
0: mpibind: task   3 nths  3 gpus 3 cpus 14-15,17
0: mpibind: task   4 nths  3 gpus 4 cpus 18-20
0: mpibind: task   5 nths  3 gpus 5 cpus 21-23
0: mpibind: task   6 nths  3 gpus 6 cpus 25-28
0: mpibind: task   7 nths  3 gpus 7 cpus 29-31,33
0: mpibind: task   8 nths  3 gpus 8 cpus 34-37
0: mpibind: task   9 nths  3 gpus 9 cpus 38-39,41
0: mpibind: task  10 nths  3 gpus 10 cpus 42-44
0: mpibind: task  11 nths  3 gpus 11 cpus 45-47
0: mpibind: task  12 nths  3 gpus 12 cpus 49-52
0: mpibind: task  13 nths  3 gpus 13 cpus 53-55,57
0: mpibind: task  14 nths  3 gpus 14 cpus 58-61
0: mpibind: task  15 nths  3 gpus 15 cpus 62-63,65
0: mpibind: task  16 nths  3 gpus 16 cpus 66-68
0: mpibind: task  17 nths  3 gpus 17 cpus 69-71
0: mpibind: task  18 nths  3 gpus 18 cpus 73-76
0: mpibind: task  19 nths  3 gpus 19 cpus 77-79,81
0: mpibind: task  20 nths  3 gpus 20 cpus 82-85
0: mpibind: task  21 nths  3 gpus 21 cpus 86-87,89
0: mpibind: task  22 nths  3 gpus 22 cpus 90-92
0: mpibind: task  23 nths  3 gpus 23 cpus 93-95
0: 0.142s: flux-shell[28]: mpibind: 
0: mpibind: task   0 nths  3 gpus 0 cpus 1-4
0: mpibind: task   1 nths  3 gpus 1 cpus 5-7,9
0: mpibind: task   2 nths  3 gpus 2 cpus 10-13
0: mpibind: task   3 nths  3 gpus 3 cpus 14-15,17
0: mpibind: task   4 nths  3 gpus 4 cpus 18-20
0: mpibind: task   5 nths  3 gpus 5 cpus 21-23
0: mpibind: task   6 nths  3 gpus 6 cpus 25-28
0: mpibind: task   7 nths  3 gpus 7 cpus 29-31,33
0: mpibind: task   8 nths  3 gpus 8 cpus 34-37
0: mpibind: task   9 nths  3 gpus 9 cpus 38-39,41
0: mpibind: task  10 nths  3 gpus 10 cpus 42-44
0: mpibind: task  11 nths  3 gpus 11 cpus 45-47
0: mpibind: task  12 nths  3 gpus 12 cpus 49-52
0: mpibind: task  13 nths  3 gpus 13 cpus 53-55,57
0: mpibind: task  14 nths  3 gpus 14 cpus 58-61
0: mpibind: task  15 nths  3 gpus 15 cpus 62-63,65
0: mpibind: task  16 nths  3 gpus 16 cpus 66-68
0: mpibind: task  17 nths  3 gpus 17 cpus 69-71
0: mpibind: task  18 nths  3 gpus 18 cpus 73-76
0: mpibind: task  19 nths  3 gpus 19 cpus 77-79,81
0: mpibind: task  20 nths  3 gpus 20 cpus 82-85
0: mpibind: task  21 nths  3 gpus 21 cpus 86-87,89
0: mpibind: task  22 nths  3 gpus 22 cpus 90-92
0: mpibind: task  23 nths  3 gpus 23 cpus 93-95
0: 0.139s: flux-shell[27]: mpibind: 
0: mpibind: task   0 nths  3 gpus 0 cpus 1-4
0: mpibind: task   1 nths  3 gpus 1 cpus 5-7,9
0: mpibind: task   2 nths  3 gpus 2 cpus 10-13
0: mpibind: task   3 nths  3 gpus 3 cpus 14-15,17
0: mpibind: task   4 nths  3 gpus 4 cpus 18-20
0: mpibind: task   5 nths  3 gpus 5 cpus 21-23
0: mpibind: task   6 nths  3 gpus 6 cpus 25-28
0: mpibind: task   7 nths  3 gpus 7 cpus 29-31,33
0: mpibind: task   8 nths  3 gpus 8 cpus 34-37
0: mpibind: task   9 nths  3 gpus 9 cpus 38-39,41
0: mpibind: task  10 nths  3 gpus 10 cpus 42-44
0: mpibind: task  11 nths  3 gpus 11 cpus 45-47
0: mpibind: task  12 nths  3 gpus 12 cpus 49-52
0: mpibind: task  13 nths  3 gpus 13 cpus 53-55,57
0: mpibind: task  14 nths  3 gpus 14 cpus 58-61
0: mpibind: task  15 nths  3 gpus 15 cpus 62-63,65
0: mpibind: task  16 nths  3 gpus 16 cpus 66-68
0: mpibind: task  17 nths  3 gpus 17 cpus 69-71
0: mpibind: task  18 nths  3 gpus 18 cpus 73-76
0: mpibind: task  19 nths  3 gpus 19 cpus 77-79,81
0: mpibind: task  20 nths  3 gpus 20 cpus 82-85
0: mpibind: task  21 nths  3 gpus 21 cpus 86-87,89
0: mpibind: task  22 nths  3 gpus 22 cpus 90-92
0: mpibind: task  23 nths  3 gpus 23 cpus 93-95
0: 0.140s: flux-shell[23]: mpibind: 
0: mpibind: task   0 nths  3 gpus 0 cpus 1-4
0: mpibind: task   1 nths  3 gpus 1 cpus 5-7,9
0: mpibind: task   2 nths  3 gpus 2 cpus 10-13
0: mpibind: task   3 nths  3 gpus 3 cpus 14-15,17
0: mpibind: task   4 nths  3 gpus 4 cpus 18-20
0: mpibind: task   5 nths  3 gpus 5 cpus 21-23
0: mpibind: task   6 nths  3 gpus 6 cpus 25-28
0: mpibind: task   7 nths  3 gpus 7 cpus 29-31,33
0: mpibind: task   8 nths  3 gpus 8 cpus 34-37
0: mpibind: task   9 nths  3 gpus 9 cpus 38-39,41
0: mpibind: task  10 nths  3 gpus 10 cpus 42-44
0: mpibind: task  11 nths  3 gpus 11 cpus 45-47
0: mpibind: task  12 nths  3 gpus 12 cpus 49-52
0: mpibind: task  13 nths  3 gpus 13 cpus 53-55,57
0: mpibind: task  14 nths  3 gpus 14 cpus 58-61
0: mpibind: task  15 nths  3 gpus 15 cpus 62-63,65
0: mpibind: task  16 nths  3 gpus 16 cpus 66-68
0: mpibind: task  17 nths  3 gpus 17 cpus 69-71
0: mpibind: task  18 nths  3 gpus 18 cpus 73-76
0: mpibind: task  19 nths  3 gpus 19 cpus 77-79,81
0: mpibind: task  20 nths  3 gpus 20 cpus 82-85
0: mpibind: task  21 nths  3 gpus 21 cpus 86-87,89
0: mpibind: task  22 nths  3 gpus 22 cpus 90-92
0: mpibind: task  23 nths  3 gpus 23 cpus 93-95
0: 0.146s: flux-shell[29]: mpibind: 
0: mpibind: task   0 nths  3 gpus 0 cpus 1-4
0: mpibind: task   1 nths  3 gpus 1 cpus 5-7,9
0: mpibind: task   2 nths  3 gpus 2 cpus 10-13
0: mpibind: task   3 nths  3 gpus 3 cpus 14-15,17
0: mpibind: task   4 nths  3 gpus 4 cpus 18-20
0: mpibind: task   5 nths  3 gpus 5 cpus 21-23
0: mpibind: task   6 nths  3 gpus 6 cpus 25-28
0: mpibind: task   7 nths  3 gpus 7 cpus 29-31,33
0: mpibind: task   8 nths  3 gpus 8 cpus 34-37
0: mpibind: task   9 nths  3 gpus 9 cpus 38-39,41
0: mpibind: task  10 nths  3 gpus 10 cpus 42-44
0: mpibind: task  11 nths  3 gpus 11 cpus 45-47
0: mpibind: task  12 nths  3 gpus 12 cpus 49-52
0: mpibind: task  13 nths  3 gpus 13 cpus 53-55,57
0: mpibind: task  14 nths  3 gpus 14 cpus 58-61
0: mpibind: task  15 nths  3 gpus 15 cpus 62-63,65
0: mpibind: task  16 nths  3 gpus 16 cpus 66-68
0: mpibind: task  17 nths  3 gpus 17 cpus 69-71
0: mpibind: task  18 nths  3 gpus 18 cpus 73-76
0: mpibind: task  19 nths  3 gpus 19 cpus 77-79,81
0: mpibind: task  20 nths  3 gpus 20 cpus 82-85
0: mpibind: task  21 nths  3 gpus 21 cpus 86-87,89
0: mpibind: task  22 nths  3 gpus 22 cpus 90-92
0: mpibind: task  23 nths  3 gpus 23 cpus 93-95
0: 0.154s: flux-shell[26]: mpibind: 
0: mpibind: task   0 nths  3 gpus 0 cpus 1-4
0: mpibind: task   1 nths  3 gpus 1 cpus 5-7,9
0: mpibind: task   2 nths  3 gpus 2 cpus 10-13
0: mpibind: task   3 nths  3 gpus 3 cpus 14-15,17
0: mpibind: task   4 nths  3 gpus 4 cpus 18-20
0: mpibind: task   5 nths  3 gpus 5 cpus 21-23
0: mpibind: task   6 nths  3 gpus 6 cpus 25-28
0: mpibind: task   7 nths  3 gpus 7 cpus 29-31,33
0: mpibind: task   8 nths  3 gpus 8 cpus 34-37
0: mpibind: task   9 nths  3 gpus 9 cpus 38-39,41
0: mpibind: task  10 nths  3 gpus 10 cpus 42-44
0: mpibind: task  11 nths  3 gpus 11 cpus 45-47
0: mpibind: task  12 nths  3 gpus 12 cpus 49-52
0: mpibind: task  13 nths  3 gpus 13 cpus 53-55,57
0: mpibind: task  14 nths  3 gpus 14 cpus 58-61
0: mpibind: task  15 nths  3 gpus 15 cpus 62-63,65
0: mpibind: task  16 nths  3 gpus 16 cpus 66-68
0: mpibind: task  17 nths  3 gpus 17 cpus 69-71
0: mpibind: task  18 nths  3 gpus 18 cpus 73-76
0: mpibind: task  19 nths  3 gpus 19 cpus 77-79,81
0: mpibind: task  20 nths  3 gpus 20 cpus 82-85
0: mpibind: task  21 nths  3 gpus 21 cpus 86-87,89
0: mpibind: task  22 nths  3 gpus 22 cpus 90-92
0: mpibind: task  23 nths  3 gpus 23 cpus 93-95
0: 0.138s: flux-shell[31]: mpibind: 
0: mpibind: task   0 nths  3 gpus 0 cpus 1-4
0: mpibind: task   1 nths  3 gpus 1 cpus 5-7,9
0: mpibind: task   2 nths  3 gpus 2 cpus 10-13
0: mpibind: task   3 nths  3 gpus 3 cpus 14-15,17
0: mpibind: task   4 nths  3 gpus 4 cpus 18-20
0: mpibind: task   5 nths  3 gpus 5 cpus 21-23
0: mpibind: task   6 nths  3 gpus 6 cpus 25-28
0: mpibind: task   7 nths  3 gpus 7 cpus 29-31,33
0: mpibind: task   8 nths  3 gpus 8 cpus 34-37
0: mpibind: task   9 nths  3 gpus 9 cpus 38-39,41
0: mpibind: task  10 nths  3 gpus 10 cpus 42-44
0: mpibind: task  11 nths  3 gpus 11 cpus 45-47
0: mpibind: task  12 nths  3 gpus 12 cpus 49-52
0: mpibind: task  13 nths  3 gpus 13 cpus 53-55,57
0: mpibind: task  14 nths  3 gpus 14 cpus 58-61
0: mpibind: task  15 nths  3 gpus 15 cpus 62-63,65
0: mpibind: task  16 nths  3 gpus 16 cpus 66-68
0: mpibind: task  17 nths  3 gpus 17 cpus 69-71
0: mpibind: task  18 nths  3 gpus 18 cpus 73-76
0: mpibind: task  19 nths  3 gpus 19 cpus 77-79,81
0: mpibind: task  20 nths  3 gpus 20 cpus 82-85
0: mpibind: task  21 nths  3 gpus 21 cpus 86-87,89
0: mpibind: task  22 nths  3 gpus 22 cpus 90-92
0: mpibind: task  23 nths  3 gpus 23 cpus 93-95
0: 0.146s: flux-shell[30]: mpibind: 
0: mpibind: task   0 nths  3 gpus 0 cpus 1-4
0: mpibind: task   1 nths  3 gpus 1 cpus 5-7,9
0: mpibind: task   2 nths  3 gpus 2 cpus 10-13
0: mpibind: task   3 nths  3 gpus 3 cpus 14-15,17
0: mpibind: task   4 nths  3 gpus 4 cpus 18-20
0: mpibind: task   5 nths  3 gpus 5 cpus 21-23
0: mpibind: task   6 nths  3 gpus 6 cpus 25-28
0: mpibind: task   7 nths  3 gpus 7 cpus 29-31,33
0: mpibind: task   8 nths  3 gpus 8 cpus 34-37
0: mpibind: task   9 nths  3 gpus 9 cpus 38-39,41
0: mpibind: task  10 nths  3 gpus 10 cpus 42-44
0: mpibind: task  11 nths  3 gpus 11 cpus 45-47
0: mpibind: task  12 nths  3 gpus 12 cpus 49-52
0: mpibind: task  13 nths  3 gpus 13 cpus 53-55,57
0: mpibind: task  14 nths  3 gpus 14 cpus 58-61
0: mpibind: task  15 nths  3 gpus 15 cpus 62-63,65
0: mpibind: task  16 nths  3 gpus 16 cpus 66-68
0: mpibind: task  17 nths  3 gpus 17 cpus 69-71
0: mpibind: task  18 nths  3 gpus 18 cpus 73-76
0: mpibind: task  19 nths  3 gpus 19 cpus 77-79,81
0: mpibind: task  20 nths  3 gpus 20 cpus 82-85
0: mpibind: task  21 nths  3 gpus 21 cpus 86-87,89
0: mpibind: task  22 nths  3 gpus 22 cpus 90-92
0: mpibind: task  23 nths  3 gpus 23 cpus 93-95
0: 0.136s: flux-shell[25]: mpibind: 
0: mpibind: task   0 nths  3 gpus 0 cpus 1-4
0: mpibind: task   1 nths  3 gpus 1 cpus 5-7,9
0: mpibind: task   2 nths  3 gpus 2 cpus 10-13
0: mpibind: task   3 nths  3 gpus 3 cpus 14-15,17
0: mpibind: task   4 nths  3 gpus 4 cpus 18-20
0: mpibind: task   5 nths  3 gpus 5 cpus 21-23
0: mpibind: task   6 nths  3 gpus 6 cpus 25-28
0: mpibind: task   7 nths  3 gpus 7 cpus 29-31,33
0: mpibind: task   8 nths  3 gpus 8 cpus 34-37
0: mpibind: task   9 nths  3 gpus 9 cpus 38-39,41
0: mpibind: task  10 nths  3 gpus 10 cpus 42-44
0: mpibind: task  11 nths  3 gpus 11 cpus 45-47
0: mpibind: task  12 nths  3 gpus 12 cpus 49-52
0: mpibind: task  13 nths  3 gpus 13 cpus 53-55,57
0: mpibind: task  14 nths  3 gpus 14 cpus 58-61
0: mpibind: task  15 nths  3 gpus 15 cpus 62-63,65
0: mpibind: task  16 nths  3 gpus 16 cpus 66-68
0: mpibind: task  17 nths  3 gpus 17 cpus 69-71
0: mpibind: task  18 nths  3 gpus 18 cpus 73-76
0: mpibind: task  19 nths  3 gpus 19 cpus 77-79,81
0: mpibind: task  20 nths  3 gpus 20 cpus 82-85
0: mpibind: task  21 nths  3 gpus 21 cpus 86-87,89
0: mpibind: task  22 nths  3 gpus 22 cpus 90-92
0: mpibind: task  23 nths  3 gpus 23 cpus 93-95
0: jobid: f38nfEwcs
0: 0.126s: flux-shell[1]: mpibind: 
0: mpibind: task   0 nths  3 gpus 0 cpus 1-4
0: mpibind: task   1 nths  3 gpus 1 cpus 5-7,9
0: mpibind: task   2 nths  3 gpus 2 cpus 10-13
0: mpibind: task   3 nths  3 gpus 3 cpus 14-15,17
0: mpibind: task   4 nths  3 gpus 4 cpus 18-20
0: mpibind: task   5 nths  3 gpus 5 cpus 21-23
0: mpibind: task   6 nths  3 gpus 6 cpus 25-28
0: mpibind: task   7 nths  3 gpus 7 cpus 29-31,33
0: mpibind: task   8 nths  3 gpus 8 cpus 34-37
0: mpibind: task   9 nths  3 gpus 9 cpus 38-39,41
0: mpibind: task  10 nths  3 gpus 10 cpus 42-44
0: mpibind: task  11 nths  3 gpus 11 cpus 45-47
0: mpibind: task  12 nths  3 gpus 12 cpus 49-52
0: mpibind: task  13 nths  3 gpus 13 cpus 53-55,57
0: mpibind: task  14 nths  3 gpus 14 cpus 58-61
0: mpibind: task  15 nths  3 gpus 15 cpus 62-63,65
0: mpibind: task  16 nths  3 gpus 16 cpus 66-68
0: mpibind: task  17 nths  3 gpus 17 cpus 69-71
0: mpibind: task  18 nths  3 gpus 18 cpus 73-76
0: mpibind: task  19 nths  3 gpus 19 cpus 77-79,81
0: mpibind: task  20 nths  3 gpus 20 cpus 82-85
0: mpibind: task  21 nths  3 gpus 21 cpus 86-87,89
0: mpibind: task  22 nths  3 gpus 22 cpus 90-92
0: mpibind: task  23 nths  3 gpus 23 cpus 93-95
0: 0.122s: flux-shell[0]: mpibind: 
0: mpibind: task   0 nths  3 gpus 0 cpus 1-4
0: mpibind: task   1 nths  3 gpus 1 cpus 5-7,9
0: mpibind: task   2 nths  3 gpus 2 cpus 10-13
0: mpibind: task   3 nths  3 gpus 3 cpus 14-15,17
0: mpibind: task   4 nths  3 gpus 4 cpus 18-20
0: mpibind: task   5 nths  3 gpus 5 cpus 21-23
0: mpibind: task   6 nths  3 gpus 6 cpus 25-28
0: mpibind: task   7 nths  3 gpus 7 cpus 29-31,33
0: mpibind: task   8 nths  3 gpus 8 cpus 34-37
0: mpibind: task   9 nths  3 gpus 9 cpus 38-39,41
0: mpibind: task  10 nths  3 gpus 10 cpus 42-44
0: mpibind: task  11 nths  3 gpus 11 cpus 45-47
0: mpibind: task  12 nths  3 gpus 12 cpus 49-52
0: mpibind: task  13 nths  3 gpus 13 cpus 53-55,57
0: mpibind: task  14 nths  3 gpus 14 cpus 58-61
0: mpibind: task  15 nths  3 gpus 15 cpus 62-63,65
0: mpibind: task  16 nths  3 gpus 16 cpus 66-68
0: mpibind: task  17 nths  3 gpus 17 cpus 69-71
0: mpibind: task  18 nths  3 gpus 18 cpus 73-76
0: mpibind: task  19 nths  3 gpus 19 cpus 77-79,81
0: mpibind: task  20 nths  3 gpus 20 cpus 82-85
0: mpibind: task  21 nths  3 gpus 21 cpus 86-87,89
0: mpibind: task  22 nths  3 gpus 22 cpus 90-92
0: mpibind: task  23 nths  3 gpus 23 cpus 93-95
0: 0.139s: flux-shell[14]: mpibind: 
0: mpibind: task   0 nths  3 gpus 0 cpus 1-4
0: mpibind: task   1 nths  3 gpus 1 cpus 5-7,9
0: mpibind: task   2 nths  3 gpus 2 cpus 10-13
0: mpibind: task   3 nths  3 gpus 3 cpus 14-15,17
0: mpibind: task   4 nths  3 gpus 4 cpus 18-20
0: mpibind: task   5 nths  3 gpus 5 cpus 21-23
0: mpibind: task   6 nths  3 gpus 6 cpus 25-28
0: mpibind: task   7 nths  3 gpus 7 cpus 29-31,33
0: mpibind: task   8 nths  3 gpus 8 cpus 34-37
0: mpibind: task   9 nths  3 gpus 9 cpus 38-39,41
0: mpibind: task  10 nths  3 gpus 10 cpus 42-44
0: mpibind: task  11 nths  3 gpus 11 cpus 45-47
0: mpibind: task  12 nths  3 gpus 12 cpus 49-52
0: mpibind: task  13 nths  3 gpus 13 cpus 53-55,57
0: mpibind: task  14 nths  3 gpus 14 cpus 58-61
0: mpibind: task  15 nths  3 gpus 15 cpus 62-63,65
0: mpibind: task  16 nths  3 gpus 16 cpus 66-68
0: mpibind: task  17 nths  3 gpus 17 cpus 69-71
0: mpibind: task  18 nths  3 gpus 18 cpus 73-76
0: mpibind: task  19 nths  3 gpus 19 cpus 77-79,81
0: mpibind: task  20 nths  3 gpus 20 cpus 82-85
0: mpibind: task  21 nths  3 gpus 21 cpus 86-87,89
0: mpibind: task  22 nths  3 gpus 22 cpus 90-92
0: mpibind: task  23 nths  3 gpus 23 cpus 93-95
0: 0.130s: flux-shell[2]: mpibind: 
0: mpibind: task   0 nths  3 gpus 0 cpus 1-4
0: mpibind: task   1 nths  3 gpus 1 cpus 5-7,9
0: mpibind: task   2 nths  3 gpus 2 cpus 10-13
0: mpibind: task   3 nths  3 gpus 3 cpus 14-15,17
0: mpibind: task   4 nths  3 gpus 4 cpus 18-20
0: mpibind: task   5 nths  3 gpus 5 cpus 21-23
0: mpibind: task   6 nths  3 gpus 6 cpus 25-28
0: mpibind: task   7 nths  3 gpus 7 cpus 29-31,33
0: mpibind: task   8 nths  3 gpus 8 cpus 34-37
0: mpibind: task   9 nths  3 gpus 9 cpus 38-39,41
0: mpibind: task  10 nths  3 gpus 10 cpus 42-44
0: mpibind: task  11 nths  3 gpus 11 cpus 45-47
0: mpibind: task  12 nths  3 gpus 12 cpus 49-52
0: mpibind: task  13 nths  3 gpus 13 cpus 53-55,57
0: mpibind: task  14 nths  3 gpus 14 cpus 58-61
0: mpibind: task  15 nths  3 gpus 15 cpus 62-63,65
0: mpibind: task  16 nths  3 gpus 16 cpus 66-68
0: mpibind: task  17 nths  3 gpus 17 cpus 69-71
0: mpibind: task  18 nths  3 gpus 18 cpus 73-76
0: mpibind: task  19 nths  3 gpus 19 cpus 77-79,81
0: mpibind: task  20 nths  3 gpus 20 cpus 82-85
0: mpibind: task  21 nths  3 gpus 21 cpus 86-87,89
0: mpibind: task  22 nths  3 gpus 22 cpus 90-92
0: mpibind: task  23 nths  3 gpus 23 cpus 93-95
0: 0.130s: flux-shell[3]: mpibind: 
0: mpibind: task   0 nths  3 gpus 0 cpus 1-4
0: mpibind: task   1 nths  3 gpus 1 cpus 5-7,9
0: mpibind: task   2 nths  3 gpus 2 cpus 10-13
0: mpibind: task   3 nths  3 gpus 3 cpus 14-15,17
0: mpibind: task   4 nths  3 gpus 4 cpus 18-20
0: mpibind: task   5 nths  3 gpus 5 cpus 21-23
0: mpibind: task   6 nths  3 gpus 6 cpus 25-28
0: mpibind: task   7 nths  3 gpus 7 cpus 29-31,33
0: mpibind: task   8 nths  3 gpus 8 cpus 34-37
0: mpibind: task   9 nths  3 gpus 9 cpus 38-39,41
0: mpibind: task  10 nths  3 gpus 10 cpus 42-44
0: mpibind: task  11 nths  3 gpus 11 cpus 45-47
0: mpibind: task  12 nths  3 gpus 12 cpus 49-52
0: mpibind: task  13 nths  3 gpus 13 cpus 53-55,57
0: mpibind: task  14 nths  3 gpus 14 cpus 58-61
0: mpibind: task  15 nths  3 gpus 15 cpus 62-63,65
0: mpibind: task  16 nths  3 gpus 16 cpus 66-68
0: mpibind: task  17 nths  3 gpus 17 cpus 69-71
0: mpibind: task  18 nths  3 gpus 18 cpus 73-76
0: mpibind: task  19 nths  3 gpus 19 cpus 77-79,81
0: mpibind: task  20 nths  3 gpus 20 cpus 82-85
0: mpibind: task  21 nths  3 gpus 21 cpus 86-87,89
0: mpibind: task  22 nths  3 gpus 22 cpus 90-92
0: mpibind: task  23 nths  3 gpus 23 cpus 93-95
0: 0.123s: flux-shell[4]: mpibind: 
0: mpibind: task   0 nths  3 gpus 0 cpus 1-4
0: mpibind: task   1 nths  3 gpus 1 cpus 5-7,9
0: mpibind: task   2 nths  3 gpus 2 cpus 10-13
0: mpibind: task   3 nths  3 gpus 3 cpus 14-15,17
0: mpibind: task   4 nths  3 gpus 4 cpus 18-20
0: mpibind: task   5 nths  3 gpus 5 cpus 21-23
0: mpibind: task   6 nths  3 gpus 6 cpus 25-28
0: mpibind: task   7 nths  3 gpus 7 cpus 29-31,33
0: mpibind: task   8 nths  3 gpus 8 cpus 34-37
0: mpibind: task   9 nths  3 gpus 9 cpus 38-39,41
0: mpibind: task  10 nths  3 gpus 10 cpus 42-44
0: mpibind: task  11 nths  3 gpus 11 cpus 45-47
0: mpibind: task  12 nths  3 gpus 12 cpus 49-52
0: mpibind: task  13 nths  3 gpus 13 cpus 53-55,57
0: mpibind: task  14 nths  3 gpus 14 cpus 58-61
0: mpibind: task  15 nths  3 gpus 15 cpus 62-63,65
0: mpibind: task  16 nths  3 gpus 16 cpus 66-68
0: mpibind: task  17 nths  3 gpus 17 cpus 69-71
0: mpibind: task  18 nths  3 gpus 18 cpus 73-76
0: mpibind: task  19 nths  3 gpus 19 cpus 77-79,81
0: mpibind: task  20 nths  3 gpus 20 cpus 82-85
0: mpibind: task  21 nths  3 gpus 21 cpus 86-87,89
0: mpibind: task  22 nths  3 gpus 22 cpus 90-92
0: mpibind: task  23 nths  3 gpus 23 cpus 93-95
0: 0.125s: flux-shell[5]: mpibind: 
0: mpibind: task   0 nths  3 gpus 0 cpus 1-4
0: mpibind: task   1 nths  3 gpus 1 cpus 5-7,9
0: mpibind: task   2 nths  3 gpus 2 cpus 10-13
0: mpibind: task   3 nths  3 gpus 3 cpus 14-15,17
0: mpibind: task   4 nths  3 gpus 4 cpus 18-20
0: mpibind: task   5 nths  3 gpus 5 cpus 21-23
0: mpibind: task   6 nths  3 gpus 6 cpus 25-28
0: mpibind: task   7 nths  3 gpus 7 cpus 29-31,33
0: mpibind: task   8 nths  3 gpus 8 cpus 34-37
0: mpibind: task   9 nths  3 gpus 9 cpus 38-39,41
0: mpibind: task  10 nths  3 gpus 10 cpus 42-44
0: mpibind: task  11 nths  3 gpus 11 cpus 45-47
0: mpibind: task  12 nths  3 gpus 12 cpus 49-52
0: mpibind: task  13 nths  3 gpus 13 cpus 53-55,57
0: mpibind: task  14 nths  3 gpus 14 cpus 58-61
0: mpibind: task  15 nths  3 gpus 15 cpus 62-63,65
0: mpibind: task  16 nths  3 gpus 16 cpus 66-68
0: mpibind: task  17 nths  3 gpus 17 cpus 69-71
0: mpibind: task  18 nths  3 gpus 18 cpus 73-76
0: mpibind: task  19 nths  3 gpus 19 cpus 77-79,81
0: mpibind: task  20 nths  3 gpus 20 cpus 82-85
0: mpibind: task  21 nths  3 gpus 21 cpus 86-87,89
0: mpibind: task  22 nths  3 gpus 22 cpus 90-92
0: mpibind: task  23 nths  3 gpus 23 cpus 93-95
0: 0.127s: flux-shell[6]: mpibind: 
0: mpibind: task   0 nths  3 gpus 0 cpus 1-4
0: mpibind: task   1 nths  3 gpus 1 cpus 5-7,9
0: mpibind: task   2 nths  3 gpus 2 cpus 10-13
0: mpibind: task   3 nths  3 gpus 3 cpus 14-15,17
0: mpibind: task   4 nths  3 gpus 4 cpus 18-20
0: mpibind: task   5 nths  3 gpus 5 cpus 21-23
0: mpibind: task   6 nths  3 gpus 6 cpus 25-28
0: mpibind: task   7 nths  3 gpus 7 cpus 29-31,33
0: mpibind: task   8 nths  3 gpus 8 cpus 34-37
0: mpibind: task   9 nths  3 gpus 9 cpus 38-39,41
0: mpibind: task  10 nths  3 gpus 10 cpus 42-44
0: mpibind: task  11 nths  3 gpus 11 cpus 45-47
0: mpibind: task  12 nths  3 gpus 12 cpus 49-52
0: mpibind: task  13 nths  3 gpus 13 cpus 53-55,57
0: mpibind: task  14 nths  3 gpus 14 cpus 58-61
0: mpibind: task  15 nths  3 gpus 15 cpus 62-63,65
0: mpibind: task  16 nths  3 gpus 16 cpus 66-68
0: mpibind: task  17 nths  3 gpus 17 cpus 69-71
0: mpibind: task  18 nths  3 gpus 18 cpus 73-76
0: mpibind: task  19 nths  3 gpus 19 cpus 77-79,81
0: mpibind: task  20 nths  3 gpus 20 cpus 82-85
0: mpibind: task  21 nths  3 gpus 21 cpus 86-87,89
0: mpibind: task  22 nths  3 gpus 22 cpus 90-92
0: mpibind: task  23 nths  3 gpus 23 cpus 93-95
0: 0.123s: flux-shell[7]: mpibind: 
0: mpibind: task   0 nths  3 gpus 0 cpus 1-4
0: mpibind: task   1 nths  3 gpus 1 cpus 5-7,9
0: mpibind: task   2 nths  3 gpus 2 cpus 10-13
0: mpibind: task   3 nths  3 gpus 3 cpus 14-15,17
0: mpibind: task   4 nths  3 gpus 4 cpus 18-20
0: mpibind: task   5 nths  3 gpus 5 cpus 21-23
0: mpibind: task   6 nths  3 gpus 6 cpus 25-28
0: mpibind: task   7 nths  3 gpus 7 cpus 29-31,33
0: mpibind: task   8 nths  3 gpus 8 cpus 34-37
0: mpibind: task   9 nths  3 gpus 9 cpus 38-39,41
0: mpibind: task  10 nths  3 gpus 10 cpus 42-44
0: mpibind: task  11 nths  3 gpus 11 cpus 45-47
0: mpibind: task  12 nths  3 gpus 12 cpus 49-52
0: mpibind: task  13 nths  3 gpus 13 cpus 53-55,57
0: mpibind: task  14 nths  3 gpus 14 cpus 58-61
0: mpibind: task  15 nths  3 gpus 15 cpus 62-63,65
0: mpibind: task  16 nths  3 gpus 16 cpus 66-68
0: mpibind: task  17 nths  3 gpus 17 cpus 69-71
0: mpibind: task  18 nths  3 gpus 18 cpus 73-76
0: mpibind: task  19 nths  3 gpus 19 cpus 77-79,81
0: mpibind: task  20 nths  3 gpus 20 cpus 82-85
0: mpibind: task  21 nths  3 gpus 21 cpus 86-87,89
0: mpibind: task  22 nths  3 gpus 22 cpus 90-92
0: mpibind: task  23 nths  3 gpus 23 cpus 93-95
0: 0.126s: flux-shell[8]: mpibind: 
0: mpibind: task   0 nths  3 gpus 0 cpus 1-4
0: mpibind: task   1 nths  3 gpus 1 cpus 5-7,9
0: mpibind: task   2 nths  3 gpus 2 cpus 10-13
0: mpibind: task   3 nths  3 gpus 3 cpus 14-15,17
0: mpibind: task   4 nths  3 gpus 4 cpus 18-20
0: mpibind: task   5 nths  3 gpus 5 cpus 21-23
0: mpibind: task   6 nths  3 gpus 6 cpus 25-28
0: mpibind: task   7 nths  3 gpus 7 cpus 29-31,33
0: mpibind: task   8 nths  3 gpus 8 cpus 34-37
0: mpibind: task   9 nths  3 gpus 9 cpus 38-39,41
0: mpibind: task  10 nths  3 gpus 10 cpus 42-44
0: mpibind: task  11 nths  3 gpus 11 cpus 45-47
0: mpibind: task  12 nths  3 gpus 12 cpus 49-52
0: mpibind: task  13 nths  3 gpus 13 cpus 53-55,57
0: mpibind: task  14 nths  3 gpus 14 cpus 58-61
0: mpibind: task  15 nths  3 gpus 15 cpus 62-63,65
0: mpibind: task  16 nths  3 gpus 16 cpus 66-68
0: mpibind: task  17 nths  3 gpus 17 cpus 69-71
0: mpibind: task  18 nths  3 gpus 18 cpus 73-76
0: mpibind: task  19 nths  3 gpus 19 cpus 77-79,81
0: mpibind: task  20 nths  3 gpus 20 cpus 82-85
0: mpibind: task  21 nths  3 gpus 21 cpus 86-87,89
0: mpibind: task  22 nths  3 gpus 22 cpus 90-92
0: mpibind: task  23 nths  3 gpus 23 cpus 93-95
0: 0.133s: flux-shell[9]: mpibind: 
0: mpibind: task   0 nths  3 gpus 0 cpus 1-4
0: mpibind: task   1 nths  3 gpus 1 cpus 5-7,9
0: mpibind: task   2 nths  3 gpus 2 cpus 10-13
0: mpibind: task   3 nths  3 gpus 3 cpus 14-15,17
0: mpibind: task   4 nths  3 gpus 4 cpus 18-20
0: mpibind: task   5 nths  3 gpus 5 cpus 21-23
0: mpibind: task   6 nths  3 gpus 6 cpus 25-28
0: mpibind: task   7 nths  3 gpus 7 cpus 29-31,33
0: mpibind: task   8 nths  3 gpus 8 cpus 34-37
0: mpibind: task   9 nths  3 gpus 9 cpus 38-39,41
0: mpibind: task  10 nths  3 gpus 10 cpus 42-44
0: mpibind: task  11 nths  3 gpus 11 cpus 45-47
0: mpibind: task  12 nths  3 gpus 12 cpus 49-52
0: mpibind: task  13 nths  3 gpus 13 cpus 53-55,57
0: mpibind: task  14 nths  3 gpus 14 cpus 58-61
0: mpibind: task  15 nths  3 gpus 15 cpus 62-63,65
0: mpibind: task  16 nths  3 gpus 16 cpus 66-68
0: mpibind: task  17 nths  3 gpus 17 cpus 69-71
0: mpibind: task  18 nths  3 gpus 18 cpus 73-76
0: mpibind: task  19 nths  3 gpus 19 cpus 77-79,81
0: mpibind: task  20 nths  3 gpus 20 cpus 82-85
0: mpibind: task  21 nths  3 gpus 21 cpus 86-87,89
0: mpibind: task  22 nths  3 gpus 22 cpus 90-92
0: mpibind: task  23 nths  3 gpus 23 cpus 93-95
0: 0.124s: flux-shell[10]: mpibind: 
0: mpibind: task   0 nths  3 gpus 0 cpus 1-4
0: mpibind: task   1 nths  3 gpus 1 cpus 5-7,9
0: mpibind: task   2 nths  3 gpus 2 cpus 10-13
0: mpibind: task   3 nths  3 gpus 3 cpus 14-15,17
0: mpibind: task   4 nths  3 gpus 4 cpus 18-20
0: mpibind: task   5 nths  3 gpus 5 cpus 21-23
0: mpibind: task   6 nths  3 gpus 6 cpus 25-28
0: mpibind: task   7 nths  3 gpus 7 cpus 29-31,33
0: mpibind: task   8 nths  3 gpus 8 cpus 34-37
0: mpibind: task   9 nths  3 gpus 9 cpus 38-39,41
0: mpibind: task  10 nths  3 gpus 10 cpus 42-44
0: mpibind: task  11 nths  3 gpus 11 cpus 45-47
0: mpibind: task  12 nths  3 gpus 12 cpus 49-52
0: mpibind: task  13 nths  3 gpus 13 cpus 53-55,57
0: mpibind: task  14 nths  3 gpus 14 cpus 58-61
0: mpibind: task  15 nths  3 gpus 15 cpus 62-63,65
0: mpibind: task  16 nths  3 gpus 16 cpus 66-68
0: mpibind: task  17 nths  3 gpus 17 cpus 69-71
0: mpibind: task  18 nths  3 gpus 18 cpus 73-76
0: mpibind: task  19 nths  3 gpus 19 cpus 77-79,81
0: mpibind: task  20 nths  3 gpus 20 cpus 82-85
0: mpibind: task  21 nths  3 gpus 21 cpus 86-87,89
0: mpibind: task  22 nths  3 gpus 22 cpus 90-92
0: mpibind: task  23 nths  3 gpus 23 cpus 93-95
0: 0.129s: flux-shell[11]: mpibind: 
0: mpibind: task   0 nths  3 gpus 0 cpus 1-4
0: mpibind: task   1 nths  3 gpus 1 cpus 5-7,9
0: mpibind: task   2 nths  3 gpus 2 cpus 10-13
0: mpibind: task   3 nths  3 gpus 3 cpus 14-15,17
0: mpibind: task   4 nths  3 gpus 4 cpus 18-20
0: mpibind: task   5 nths  3 gpus 5 cpus 21-23
0: mpibind: task   6 nths  3 gpus 6 cpus 25-28
0: mpibind: task   7 nths  3 gpus 7 cpus 29-31,33
0: mpibind: task   8 nths  3 gpus 8 cpus 34-37
0: mpibind: task   9 nths  3 gpus 9 cpus 38-39,41
0: mpibind: task  10 nths  3 gpus 10 cpus 42-44
0: mpibind: task  11 nths  3 gpus 11 cpus 45-47
0: mpibind: task  12 nths  3 gpus 12 cpus 49-52
0: mpibind: task  13 nths  3 gpus 13 cpus 53-55,57
0: mpibind: task  14 nths  3 gpus 14 cpus 58-61
0: mpibind: task  15 nths  3 gpus 15 cpus 62-63,65
0: mpibind: task  16 nths  3 gpus 16 cpus 66-68
0: mpibind: task  17 nths  3 gpus 17 cpus 69-71
0: mpibind: task  18 nths  3 gpus 18 cpus 73-76
0: mpibind: task  19 nths  3 gpus 19 cpus 77-79,81
0: mpibind: task  20 nths  3 gpus 20 cpus 82-85
0: mpibind: task  21 nths  3 gpus 21 cpus 86-87,89
0: mpibind: task  22 nths  3 gpus 22 cpus 90-92
0: mpibind: task  23 nths  3 gpus 23 cpus 93-95
0: 0.140s: flux-shell[12]: mpibind: 
0: mpibind: task   0 nths  3 gpus 0 cpus 1-4
0: mpibind: task   1 nths  3 gpus 1 cpus 5-7,9
0: mpibind: task   2 nths  3 gpus 2 cpus 10-13
0: mpibind: task   3 nths  3 gpus 3 cpus 14-15,17
0: mpibind: task   4 nths  3 gpus 4 cpus 18-20
0: mpibind: task   5 nths  3 gpus 5 cpus 21-23
0: mpibind: task   6 nths  3 gpus 6 cpus 25-28
0: mpibind: task   7 nths  3 gpus 7 cpus 29-31,33
0: mpibind: task   8 nths  3 gpus 8 cpus 34-37
0: mpibind: task   9 nths  3 gpus 9 cpus 38-39,41
0: mpibind: task  10 nths  3 gpus 10 cpus 42-44
0: mpibind: task  11 nths  3 gpus 11 cpus 45-47
0: mpibind: task  12 nths  3 gpus 12 cpus 49-52
0: mpibind: task  13 nths  3 gpus 13 cpus 53-55,57
0: mpibind: task  14 nths  3 gpus 14 cpus 58-61
0: mpibind: task  15 nths  3 gpus 15 cpus 62-63,65
0: mpibind: task  16 nths  3 gpus 16 cpus 66-68
0: mpibind: task  17 nths  3 gpus 17 cpus 69-71
0: mpibind: task  18 nths  3 gpus 18 cpus 73-76
0: mpibind: task  19 nths  3 gpus 19 cpus 77-79,81
0: mpibind: task  20 nths  3 gpus 20 cpus 82-85
0: mpibind: task  21 nths  3 gpus 21 cpus 86-87,89
0: mpibind: task  22 nths  3 gpus 22 cpus 90-92
0: mpibind: task  23 nths  3 gpus 23 cpus 93-95
0: 0.125s: flux-shell[13]: mpibind: 
0: mpibind: task   0 nths  3 gpus 0 cpus 1-4
0: mpibind: task   1 nths  3 gpus 1 cpus 5-7,9
0: mpibind: task   2 nths  3 gpus 2 cpus 10-13
0: mpibind: task   3 nths  3 gpus 3 cpus 14-15,17
0: mpibind: task   4 nths  3 gpus 4 cpus 18-20
0: mpibind: task   5 nths  3 gpus 5 cpus 21-23
0: mpibind: task   6 nths  3 gpus 6 cpus 25-28
0: mpibind: task   7 nths  3 gpus 7 cpus 29-31,33
0: mpibind: task   8 nths  3 gpus 8 cpus 34-37
0: mpibind: task   9 nths  3 gpus 9 cpus 38-39,41
0: mpibind: task  10 nths  3 gpus 10 cpus 42-44
0: mpibind: task  11 nths  3 gpus 11 cpus 45-47
0: mpibind: task  12 nths  3 gpus 12 cpus 49-52
0: mpibind: task  13 nths  3 gpus 13 cpus 53-55,57
0: mpibind: task  14 nths  3 gpus 14 cpus 58-61
0: mpibind: task  15 nths  3 gpus 15 cpus 62-63,65
0: mpibind: task  16 nths  3 gpus 16 cpus 66-68
0: mpibind: task  17 nths  3 gpus 17 cpus 69-71
0: mpibind: task  18 nths  3 gpus 18 cpus 73-76
0: mpibind: task  19 nths  3 gpus 19 cpus 77-79,81
0: mpibind: task  20 nths  3 gpus 20 cpus 82-85
0: mpibind: task  21 nths  3 gpus 21 cpus 86-87,89
0: mpibind: task  22 nths  3 gpus 22 cpus 90-92
0: mpibind: task  23 nths  3 gpus 23 cpus 93-95
0: 0.141s: flux-shell[17]: mpibind: 
0: mpibind: task   0 nths  3 gpus 0 cpus 1-4
0: mpibind: task   1 nths  3 gpus 1 cpus 5-7,9
0: mpibind: task   2 nths  3 gpus 2 cpus 10-13
0: mpibind: task   3 nths  3 gpus 3 cpus 14-15,17
0: mpibind: task   4 nths  3 gpus 4 cpus 18-20
0: mpibind: task   5 nths  3 gpus 5 cpus 21-23
0: mpibind: task   6 nths  3 gpus 6 cpus 25-28
0: mpibind: task   7 nths  3 gpus 7 cpus 29-31,33
0: mpibind: task   8 nths  3 gpus 8 cpus 34-37
0: mpibind: task   9 nths  3 gpus 9 cpus 38-39,41
0: mpibind: task  10 nths  3 gpus 10 cpus 42-44
0: mpibind: task  11 nths  3 gpus 11 cpus 45-47
0: mpibind: task  12 nths  3 gpus 12 cpus 49-52
0: mpibind: task  13 nths  3 gpus 13 cpus 53-55,57
0: mpibind: task  14 nths  3 gpus 14 cpus 58-61
0: mpibind: task  15 nths  3 gpus 15 cpus 62-63,65
0: mpibind: task  16 nths  3 gpus 16 cpus 66-68
0: mpibind: task  17 nths  3 gpus 17 cpus 69-71
0: mpibind: task  18 nths  3 gpus 18 cpus 73-76
0: mpibind: task  19 nths  3 gpus 19 cpus 77-79,81
0: mpibind: task  20 nths  3 gpus 20 cpus 82-85
0: mpibind: task  21 nths  3 gpus 21 cpus 86-87,89
0: mpibind: task  22 nths  3 gpus 22 cpus 90-92
0: mpibind: task  23 nths  3 gpus 23 cpus 93-95
0: 0.133s: flux-shell[20]: mpibind: 
0: mpibind: task   0 nths  3 gpus 0 cpus 1-4
0: mpibind: task   1 nths  3 gpus 1 cpus 5-7,9
0: mpibind: task   2 nths  3 gpus 2 cpus 10-13
0: mpibind: task   3 nths  3 gpus 3 cpus 14-15,17
0: mpibind: task   4 nths  3 gpus 4 cpus 18-20
0: mpibind: task   5 nths  3 gpus 5 cpus 21-23
0: mpibind: task   6 nths  3 gpus 6 cpus 25-28
0: mpibind: task   7 nths  3 gpus 7 cpus 29-31,33
0: mpibind: task   8 nths  3 gpus 8 cpus 34-37
0: mpibind: task   9 nths  3 gpus 9 cpus 38-39,41
0: mpibind: task  10 nths  3 gpus 10 cpus 42-44
0: mpibind: task  11 nths  3 gpus 11 cpus 45-47
0: mpibind: task  12 nths  3 gpus 12 cpus 49-52
0: mpibind: task  13 nths  3 gpus 13 cpus 53-55,57
0: mpibind: task  14 nths  3 gpus 14 cpus 58-61
0: mpibind: task  15 nths  3 gpus 15 cpus 62-63,65
0: mpibind: task  16 nths  3 gpus 16 cpus 66-68
0: mpibind: task  17 nths  3 gpus 17 cpus 69-71
0: mpibind: task  18 nths  3 gpus 18 cpus 73-76
0: mpibind: task  19 nths  3 gpus 19 cpus 77-79,81
0: mpibind: task  20 nths  3 gpus 20 cpus 82-85
0: mpibind: task  21 nths  3 gpus 21 cpus 86-87,89
0: mpibind: task  22 nths  3 gpus 22 cpus 90-92
0: mpibind: task  23 nths  3 gpus 23 cpus 93-95
0: 0.129s: flux-shell[16]: mpibind: 
0: mpibind: task   0 nths  3 gpus 0 cpus 1-4
0: mpibind: task   1 nths  3 gpus 1 cpus 5-7,9
0: mpibind: task   2 nths  3 gpus 2 cpus 10-13
0: mpibind: task   3 nths  3 gpus 3 cpus 14-15,17
0: mpibind: task   4 nths  3 gpus 4 cpus 18-20
0: mpibind: task   5 nths  3 gpus 5 cpus 21-23
0: mpibind: task   6 nths  3 gpus 6 cpus 25-28
0: mpibind: task   7 nths  3 gpus 7 cpus 29-31,33
0: mpibind: task   8 nths  3 gpus 8 cpus 34-37
0: mpibind: task   9 nths  3 gpus 9 cpus 38-39,41
0: mpibind: task  10 nths  3 gpus 10 cpus 42-44
0: mpibind: task  11 nths  3 gpus 11 cpus 45-47
0: mpibind: task  12 nths  3 gpus 12 cpus 49-52
0: mpibind: task  13 nths  3 gpus 13 cpus 53-55,57
0: mpibind: task  14 nths  3 gpus 14 cpus 58-61
0: mpibind: task  15 nths  3 gpus 15 cpus 62-63,65
0: mpibind: task  16 nths  3 gpus 16 cpus 66-68
0: mpibind: task  17 nths  3 gpus 17 cpus 69-71
0: mpibind: task  18 nths  3 gpus 18 cpus 73-76
0: mpibind: task  19 nths  3 gpus 19 cpus 77-79,81
0: mpibind: task  20 nths  3 gpus 20 cpus 82-85
0: mpibind: task  21 nths  3 gpus 21 cpus 86-87,89
0: mpibind: task  22 nths  3 gpus 22 cpus 90-92
0: mpibind: task  23 nths  3 gpus 23 cpus 93-95
0: 0.131s: flux-shell[15]: mpibind: 
0: mpibind: task   0 nths  3 gpus 0 cpus 1-4
0: mpibind: task   1 nths  3 gpus 1 cpus 5-7,9
0: mpibind: task   2 nths  3 gpus 2 cpus 10-13
0: mpibind: task   3 nths  3 gpus 3 cpus 14-15,17
0: mpibind: task   4 nths  3 gpus 4 cpus 18-20
0: mpibind: task   5 nths  3 gpus 5 cpus 21-23
0: mpibind: task   6 nths  3 gpus 6 cpus 25-28
0: mpibind: task   7 nths  3 gpus 7 cpus 29-31,33
0: mpibind: task   8 nths  3 gpus 8 cpus 34-37
0: mpibind: task   9 nths  3 gpus 9 cpus 38-39,41
0: mpibind: task  10 nths  3 gpus 10 cpus 42-44
0: mpibind: task  11 nths  3 gpus 11 cpus 45-47
0: mpibind: task  12 nths  3 gpus 12 cpus 49-52
0: mpibind: task  13 nths  3 gpus 13 cpus 53-55,57
0: mpibind: task  14 nths  3 gpus 14 cpus 58-61
0: mpibind: task  15 nths  3 gpus 15 cpus 62-63,65
0: mpibind: task  16 nths  3 gpus 16 cpus 66-68
0: mpibind: task  17 nths  3 gpus 17 cpus 69-71
0: mpibind: task  18 nths  3 gpus 18 cpus 73-76
0: mpibind: task  19 nths  3 gpus 19 cpus 77-79,81
0: mpibind: task  20 nths  3 gpus 20 cpus 82-85
0: mpibind: task  21 nths  3 gpus 21 cpus 86-87,89
0: mpibind: task  22 nths  3 gpus 22 cpus 90-92
0: mpibind: task  23 nths  3 gpus 23 cpus 93-95
0: 0.131s: flux-shell[19]: mpibind: 
0: mpibind: task   0 nths  3 gpus 0 cpus 1-4
0: mpibind: task   1 nths  3 gpus 1 cpus 5-7,9
0: mpibind: task   2 nths  3 gpus 2 cpus 10-13
0: mpibind: task   3 nths  3 gpus 3 cpus 14-15,17
0: mpibind: task   4 nths  3 gpus 4 cpus 18-20
0: mpibind: task   5 nths  3 gpus 5 cpus 21-23
0: mpibind: task   6 nths  3 gpus 6 cpus 25-28
0: mpibind: task   7 nths  3 gpus 7 cpus 29-31,33
0: mpibind: task   8 nths  3 gpus 8 cpus 34-37
0: mpibind: task   9 nths  3 gpus 9 cpus 38-39,41
0: mpibind: task  10 nths  3 gpus 10 cpus 42-44
0: mpibind: task  11 nths  3 gpus 11 cpus 45-47
0: mpibind: task  12 nths  3 gpus 12 cpus 49-52
0: mpibind: task  13 nths  3 gpus 13 cpus 53-55,57
0: mpibind: task  14 nths  3 gpus 14 cpus 58-61
0: mpibind: task  15 nths  3 gpus 15 cpus 62-63,65
0: mpibind: task  16 nths  3 gpus 16 cpus 66-68
0: mpibind: task  17 nths  3 gpus 17 cpus 69-71
0: mpibind: task  18 nths  3 gpus 18 cpus 73-76
0: mpibind: task  19 nths  3 gpus 19 cpus 77-79,81
0: mpibind: task  20 nths  3 gpus 20 cpus 82-85
0: mpibind: task  21 nths  3 gpus 21 cpus 86-87,89
0: mpibind: task  22 nths  3 gpus 22 cpus 90-92
0: mpibind: task  23 nths  3 gpus 23 cpus 93-95
0: 0.132s: flux-shell[21]: mpibind: 
0: mpibind: task   0 nths  3 gpus 0 cpus 1-4
0: mpibind: task   1 nths  3 gpus 1 cpus 5-7,9
0: mpibind: task   2 nths  3 gpus 2 cpus 10-13
0: mpibind: task   3 nths  3 gpus 3 cpus 14-15,17
0: mpibind: task   4 nths  3 gpus 4 cpus 18-20
0: mpibind: task   5 nths  3 gpus 5 cpus 21-23
0: mpibind: task   6 nths  3 gpus 6 cpus 25-28
0: mpibind: task   7 nths  3 gpus 7 cpus 29-31,33
0: mpibind: task   8 nths  3 gpus 8 cpus 34-37
0: mpibind: task   9 nths  3 gpus 9 cpus 38-39,41
0: mpibind: task  10 nths  3 gpus 10 cpus 42-44
0: mpibind: task  11 nths  3 gpus 11 cpus 45-47
0: mpibind: task  12 nths  3 gpus 12 cpus 49-52
0: mpibind: task  13 nths  3 gpus 13 cpus 53-55,57
0: mpibind: task  14 nths  3 gpus 14 cpus 58-61
0: mpibind: task  15 nths  3 gpus 15 cpus 62-63,65
0: mpibind: task  16 nths  3 gpus 16 cpus 66-68
0: mpibind: task  17 nths  3 gpus 17 cpus 69-71
0: mpibind: task  18 nths  3 gpus 18 cpus 73-76
0: mpibind: task  19 nths  3 gpus 19 cpus 77-79,81
0: mpibind: task  20 nths  3 gpus 20 cpus 82-85
0: mpibind: task  21 nths  3 gpus 21 cpus 86-87,89
0: mpibind: task  22 nths  3 gpus 22 cpus 90-92
0: mpibind: task  23 nths  3 gpus 23 cpus 93-95
0: 0.130s: flux-shell[18]: mpibind: 
0: mpibind: task   0 nths  3 gpus 0 cpus 1-4
0: mpibind: task   1 nths  3 gpus 1 cpus 5-7,9
0: mpibind: task   2 nths  3 gpus 2 cpus 10-13
0: mpibind: task   3 nths  3 gpus 3 cpus 14-15,17
0: mpibind: task   4 nths  3 gpus 4 cpus 18-20
0: mpibind: task   5 nths  3 gpus 5 cpus 21-23
0: mpibind: task   6 nths  3 gpus 6 cpus 25-28
0: mpibind: task   7 nths  3 gpus 7 cpus 29-31,33
0: mpibind: task   8 nths  3 gpus 8 cpus 34-37
0: mpibind: task   9 nths  3 gpus 9 cpus 38-39,41
0: mpibind: task  10 nths  3 gpus 10 cpus 42-44
0: mpibind: task  11 nths  3 gpus 11 cpus 45-47
0: mpibind: task  12 nths  3 gpus 12 cpus 49-52
0: mpibind: task  13 nths  3 gpus 13 cpus 53-55,57
0: mpibind: task  14 nths  3 gpus 14 cpus 58-61
0: mpibind: task  15 nths  3 gpus 15 cpus 62-63,65
0: mpibind: task  16 nths  3 gpus 16 cpus 66-68
0: mpibind: task  17 nths  3 gpus 17 cpus 69-71
0: mpibind: task  18 nths  3 gpus 18 cpus 73-76
0: mpibind: task  19 nths  3 gpus 19 cpus 77-79,81
0: mpibind: task  20 nths  3 gpus 20 cpus 82-85
0: mpibind: task  21 nths  3 gpus 21 cpus 86-87,89
0: mpibind: task  22 nths  3 gpus 22 cpus 90-92
0: mpibind: task  23 nths  3 gpus 23 cpus 93-95
0: 0.141s: flux-shell[24]: mpibind: 
0: mpibind: task   0 nths  3 gpus 0 cpus 1-4
0: mpibind: task   1 nths  3 gpus 1 cpus 5-7,9
0: mpibind: task   2 nths  3 gpus 2 cpus 10-13
0: mpibind: task   3 nths  3 gpus 3 cpus 14-15,17
0: mpibind: task   4 nths  3 gpus 4 cpus 18-20
0: mpibind: task   5 nths  3 gpus 5 cpus 21-23
0: mpibind: task   6 nths  3 gpus 6 cpus 25-28
0: mpibind: task   7 nths  3 gpus 7 cpus 29-31,33
0: mpibind: task   8 nths  3 gpus 8 cpus 34-37
0: mpibind: task   9 nths  3 gpus 9 cpus 38-39,41
0: mpibind: task  10 nths  3 gpus 10 cpus 42-44
0: mpibind: task  11 nths  3 gpus 11 cpus 45-47
0: mpibind: task  12 nths  3 gpus 12 cpus 49-52
0: mpibind: task  13 nths  3 gpus 13 cpus 53-55,57
0: mpibind: task  14 nths  3 gpus 14 cpus 58-61
0: mpibind: task  15 nths  3 gpus 15 cpus 62-63,65
0: mpibind: task  16 nths  3 gpus 16 cpus 66-68
0: mpibind: task  17 nths  3 gpus 17 cpus 69-71
0: mpibind: task  18 nths  3 gpus 18 cpus 73-76
0: mpibind: task  19 nths  3 gpus 19 cpus 77-79,81
0: mpibind: task  20 nths  3 gpus 20 cpus 82-85
0: mpibind: task  21 nths  3 gpus 21 cpus 86-87,89
0: mpibind: task  22 nths  3 gpus 22 cpus 90-92
0: mpibind: task  23 nths  3 gpus 23 cpus 93-95
0: 0.148s: flux-shell[22]: mpibind: 
0: mpibind: task   0 nths  3 gpus 0 cpus 1-4
0: mpibind: task   1 nths  3 gpus 1 cpus 5-7,9
0: mpibind: task   2 nths  3 gpus 2 cpus 10-13
0: mpibind: task   3 nths  3 gpus 3 cpus 14-15,17
0: mpibind: task   4 nths  3 gpus 4 cpus 18-20
0: mpibind: task   5 nths  3 gpus 5 cpus 21-23
0: mpibind: task   6 nths  3 gpus 6 cpus 25-28
0: mpibind: task   7 nths  3 gpus 7 cpus 29-31,33
0: mpibind: task   8 nths  3 gpus 8 cpus 34-37
0: mpibind: task   9 nths  3 gpus 9 cpus 38-39,41
0: mpibind: task  10 nths  3 gpus 10 cpus 42-44
0: mpibind: task  11 nths  3 gpus 11 cpus 45-47
0: mpibind: task  12 nths  3 gpus 12 cpus 49-52
0: mpibind: task  13 nths  3 gpus 13 cpus 53-55,57
0: mpibind: task  14 nths  3 gpus 14 cpus 58-61
0: mpibind: task  15 nths  3 gpus 15 cpus 62-63,65
0: mpibind: task  16 nths  3 gpus 16 cpus 66-68
0: mpibind: task  17 nths  3 gpus 17 cpus 69-71
0: mpibind: task  18 nths  3 gpus 18 cpus 73-76
0: mpibind: task  19 nths  3 gpus 19 cpus 77-79,81
0: mpibind: task  20 nths  3 gpus 20 cpus 82-85
0: mpibind: task  21 nths  3 gpus 21 cpus 86-87,89
0: mpibind: task  22 nths  3 gpus 22 cpus 90-92
0: mpibind: task  23 nths  3 gpus 23 cpus 93-95
0: 0.135s: flux-shell[23]: mpibind: 
0: mpibind: task   0 nths  3 gpus 0 cpus 1-4
0: mpibind: task   1 nths  3 gpus 1 cpus 5-7,9
0: mpibind: task   2 nths  3 gpus 2 cpus 10-13
0: mpibind: task   3 nths  3 gpus 3 cpus 14-15,17
0: mpibind: task   4 nths  3 gpus 4 cpus 18-20
0: mpibind: task   5 nths  3 gpus 5 cpus 21-23
0: mpibind: task   6 nths  3 gpus 6 cpus 25-28
0: mpibind: task   7 nths  3 gpus 7 cpus 29-31,33
0: mpibind: task   8 nths  3 gpus 8 cpus 34-37
0: mpibind: task   9 nths  3 gpus 9 cpus 38-39,41
0: mpibind: task  10 nths  3 gpus 10 cpus 42-44
0: mpibind: task  11 nths  3 gpus 11 cpus 45-47
0: mpibind: task  12 nths  3 gpus 12 cpus 49-52
0: mpibind: task  13 nths  3 gpus 13 cpus 53-55,57
0: mpibind: task  14 nths  3 gpus 14 cpus 58-61
0: mpibind: task  15 nths  3 gpus 15 cpus 62-63,65
0: mpibind: task  16 nths  3 gpus 16 cpus 66-68
0: mpibind: task  17 nths  3 gpus 17 cpus 69-71
0: mpibind: task  18 nths  3 gpus 18 cpus 73-76
0: mpibind: task  19 nths  3 gpus 19 cpus 77-79,81
0: mpibind: task  20 nths  3 gpus 20 cpus 82-85
0: mpibind: task  21 nths  3 gpus 21 cpus 86-87,89
0: mpibind: task  22 nths  3 gpus 22 cpus 90-92
0: mpibind: task  23 nths  3 gpus 23 cpus 93-95
0: 0.148s: flux-shell[29]: mpibind: 
0: mpibind: task   0 nths  3 gpus 0 cpus 1-4
0: mpibind: task   1 nths  3 gpus 1 cpus 5-7,9
0: mpibind: task   2 nths  3 gpus 2 cpus 10-13
0: mpibind: task   3 nths  3 gpus 3 cpus 14-15,17
0: mpibind: task   4 nths  3 gpus 4 cpus 18-20
0: mpibind: task   5 nths  3 gpus 5 cpus 21-23
0: mpibind: task   6 nths  3 gpus 6 cpus 25-28
0: mpibind: task   7 nths  3 gpus 7 cpus 29-31,33
0: mpibind: task   8 nths  3 gpus 8 cpus 34-37
0: mpibind: task   9 nths  3 gpus 9 cpus 38-39,41
0: mpibind: task  10 nths  3 gpus 10 cpus 42-44
0: mpibind: task  11 nths  3 gpus 11 cpus 45-47
0: mpibind: task  12 nths  3 gpus 12 cpus 49-52
0: mpibind: task  13 nths  3 gpus 13 cpus 53-55,57
0: mpibind: task  14 nths  3 gpus 14 cpus 58-61
0: mpibind: task  15 nths  3 gpus 15 cpus 62-63,65
0: mpibind: task  16 nths  3 gpus 16 cpus 66-68
0: mpibind: task  17 nths  3 gpus 17 cpus 69-71
0: mpibind: task  18 nths  3 gpus 18 cpus 73-76
0: mpibind: task  19 nths  3 gpus 19 cpus 77-79,81
0: mpibind: task  20 nths  3 gpus 20 cpus 82-85
0: mpibind: task  21 nths  3 gpus 21 cpus 86-87,89
0: mpibind: task  22 nths  3 gpus 22 cpus 90-92
0: mpibind: task  23 nths  3 gpus 23 cpus 93-95
0: 0.142s: flux-shell[27]: mpibind: 
0: mpibind: task   0 nths  3 gpus 0 cpus 1-4
0: mpibind: task   1 nths  3 gpus 1 cpus 5-7,9
0: mpibind: task   2 nths  3 gpus 2 cpus 10-13
0: mpibind: task   3 nths  3 gpus 3 cpus 14-15,17
0: mpibind: task   4 nths  3 gpus 4 cpus 18-20
0: mpibind: task   5 nths  3 gpus 5 cpus 21-23
0: mpibind: task   6 nths  3 gpus 6 cpus 25-28
0: mpibind: task   7 nths  3 gpus 7 cpus 29-31,33
0: mpibind: task   8 nths  3 gpus 8 cpus 34-37
0: mpibind: task   9 nths  3 gpus 9 cpus 38-39,41
0: mpibind: task  10 nths  3 gpus 10 cpus 42-44
0: mpibind: task  11 nths  3 gpus 11 cpus 45-47
0: mpibind: task  12 nths  3 gpus 12 cpus 49-52
0: mpibind: task  13 nths  3 gpus 13 cpus 53-55,57
0: mpibind: task  14 nths  3 gpus 14 cpus 58-61
0: mpibind: task  15 nths  3 gpus 15 cpus 62-63,65
0: mpibind: task  16 nths  3 gpus 16 cpus 66-68
0: mpibind: task  17 nths  3 gpus 17 cpus 69-71
0: mpibind: task  18 nths  3 gpus 18 cpus 73-76
0: mpibind: task  19 nths  3 gpus 19 cpus 77-79,81
0: mpibind: task  20 nths  3 gpus 20 cpus 82-85
0: mpibind: task  21 nths  3 gpus 21 cpus 86-87,89
0: mpibind: task  22 nths  3 gpus 22 cpus 90-92
0: mpibind: task  23 nths  3 gpus 23 cpus 93-95
0: 0.133s: flux-shell[28]: mpibind: 
0: mpibind: task   0 nths  3 gpus 0 cpus 1-4
0: mpibind: task   1 nths  3 gpus 1 cpus 5-7,9
0: mpibind: task   2 nths  3 gpus 2 cpus 10-13
0: mpibind: task   3 nths  3 gpus 3 cpus 14-15,17
0: mpibind: task   4 nths  3 gpus 4 cpus 18-20
0: mpibind: task   5 nths  3 gpus 5 cpus 21-23
0: mpibind: task   6 nths  3 gpus 6 cpus 25-28
0: mpibind: task   7 nths  3 gpus 7 cpus 29-31,33
0: mpibind: task   8 nths  3 gpus 8 cpus 34-37
0: mpibind: task   9 nths  3 gpus 9 cpus 38-39,41
0: mpibind: task  10 nths  3 gpus 10 cpus 42-44
0: mpibind: task  11 nths  3 gpus 11 cpus 45-47
0: mpibind: task  12 nths  3 gpus 12 cpus 49-52
0: mpibind: task  13 nths  3 gpus 13 cpus 53-55,57
0: mpibind: task  14 nths  3 gpus 14 cpus 58-61
0: mpibind: task  15 nths  3 gpus 15 cpus 62-63,65
0: mpibind: task  16 nths  3 gpus 16 cpus 66-68
0: mpibind: task  17 nths  3 gpus 17 cpus 69-71
0: mpibind: task  18 nths  3 gpus 18 cpus 73-76
0: mpibind: task  19 nths  3 gpus 19 cpus 77-79,81
0: mpibind: task  20 nths  3 gpus 20 cpus 82-85
0: mpibind: task  21 nths  3 gpus 21 cpus 86-87,89
0: mpibind: task  22 nths  3 gpus 22 cpus 90-92
0: mpibind: task  23 nths  3 gpus 23 cpus 93-95
0: 0.141s: flux-shell[30]: mpibind: 
0: mpibind: task   0 nths  3 gpus 0 cpus 1-4
0: mpibind: task   1 nths  3 gpus 1 cpus 5-7,9
0: mpibind: task   2 nths  3 gpus 2 cpus 10-13
0: mpibind: task   3 nths  3 gpus 3 cpus 14-15,17
0: mpibind: task   4 nths  3 gpus 4 cpus 18-20
0: mpibind: task   5 nths  3 gpus 5 cpus 21-23
0: mpibind: task   6 nths  3 gpus 6 cpus 25-28
0: mpibind: task   7 nths  3 gpus 7 cpus 29-31,33
0: mpibind: task   8 nths  3 gpus 8 cpus 34-37
0: mpibind: task   9 nths  3 gpus 9 cpus 38-39,41
0: mpibind: task  10 nths  3 gpus 10 cpus 42-44
0: mpibind: task  11 nths  3 gpus 11 cpus 45-47
0: mpibind: task  12 nths  3 gpus 12 cpus 49-52
0: mpibind: task  13 nths  3 gpus 13 cpus 53-55,57
0: mpibind: task  14 nths  3 gpus 14 cpus 58-61
0: mpibind: task  15 nths  3 gpus 15 cpus 62-63,65
0: mpibind: task  16 nths  3 gpus 16 cpus 66-68
0: mpibind: task  17 nths  3 gpus 17 cpus 69-71
0: mpibind: task  18 nths  3 gpus 18 cpus 73-76
0: mpibind: task  19 nths  3 gpus 19 cpus 77-79,81
0: mpibind: task  20 nths  3 gpus 20 cpus 82-85
0: mpibind: task  21 nths  3 gpus 21 cpus 86-87,89
0: mpibind: task  22 nths  3 gpus 22 cpus 90-92
0: mpibind: task  23 nths  3 gpus 23 cpus 93-95
0: 0.138s: flux-shell[26]: mpibind: 
0: mpibind: task   0 nths  3 gpus 0 cpus 1-4
0: mpibind: task   1 nths  3 gpus 1 cpus 5-7,9
0: mpibind: task   2 nths  3 gpus 2 cpus 10-13
0: mpibind: task   3 nths  3 gpus 3 cpus 14-15,17
0: mpibind: task   4 nths  3 gpus 4 cpus 18-20
0: mpibind: task   5 nths  3 gpus 5 cpus 21-23
0: mpibind: task   6 nths  3 gpus 6 cpus 25-28
0: mpibind: task   7 nths  3 gpus 7 cpus 29-31,33
0: mpibind: task   8 nths  3 gpus 8 cpus 34-37
0: mpibind: task   9 nths  3 gpus 9 cpus 38-39,41
0: mpibind: task  10 nths  3 gpus 10 cpus 42-44
0: mpibind: task  11 nths  3 gpus 11 cpus 45-47
0: mpibind: task  12 nths  3 gpus 12 cpus 49-52
0: mpibind: task  13 nths  3 gpus 13 cpus 53-55,57
0: mpibind: task  14 nths  3 gpus 14 cpus 58-61
0: mpibind: task  15 nths  3 gpus 15 cpus 62-63,65
0: mpibind: task  16 nths  3 gpus 16 cpus 66-68
0: mpibind: task  17 nths  3 gpus 17 cpus 69-71
0: mpibind: task  18 nths  3 gpus 18 cpus 73-76
0: mpibind: task  19 nths  3 gpus 19 cpus 77-79,81
0: mpibind: task  20 nths  3 gpus 20 cpus 82-85
0: mpibind: task  21 nths  3 gpus 21 cpus 86-87,89
0: mpibind: task  22 nths  3 gpus 22 cpus 90-92
0: mpibind: task  23 nths  3 gpus 23 cpus 93-95
0: 0.135s: flux-shell[31]: mpibind: 
0: mpibind: task   0 nths  3 gpus 0 cpus 1-4
0: mpibind: task   1 nths  3 gpus 1 cpus 5-7,9
0: mpibind: task   2 nths  3 gpus 2 cpus 10-13
0: mpibind: task   3 nths  3 gpus 3 cpus 14-15,17
0: mpibind: task   4 nths  3 gpus 4 cpus 18-20
0: mpibind: task   5 nths  3 gpus 5 cpus 21-23
0: mpibind: task   6 nths  3 gpus 6 cpus 25-28
0: mpibind: task   7 nths  3 gpus 7 cpus 29-31,33
0: mpibind: task   8 nths  3 gpus 8 cpus 34-37
0: mpibind: task   9 nths  3 gpus 9 cpus 38-39,41
0: mpibind: task  10 nths  3 gpus 10 cpus 42-44
0: mpibind: task  11 nths  3 gpus 11 cpus 45-47
0: mpibind: task  12 nths  3 gpus 12 cpus 49-52
0: mpibind: task  13 nths  3 gpus 13 cpus 53-55,57
0: mpibind: task  14 nths  3 gpus 14 cpus 58-61
0: mpibind: task  15 nths  3 gpus 15 cpus 62-63,65
0: mpibind: task  16 nths  3 gpus 16 cpus 66-68
0: mpibind: task  17 nths  3 gpus 17 cpus 69-71
0: mpibind: task  18 nths  3 gpus 18 cpus 73-76
0: mpibind: task  19 nths  3 gpus 19 cpus 77-79,81
0: mpibind: task  20 nths  3 gpus 20 cpus 82-85
0: mpibind: task  21 nths  3 gpus 21 cpus 86-87,89
0: mpibind: task  22 nths  3 gpus 22 cpus 90-92
0: mpibind: task  23 nths  3 gpus 23 cpus 93-95
0: 0.137s: flux-shell[25]: mpibind: 
0: mpibind: task   0 nths  3 gpus 0 cpus 1-4
0: mpibind: task   1 nths  3 gpus 1 cpus 5-7,9
0: mpibind: task   2 nths  3 gpus 2 cpus 10-13
0: mpibind: task   3 nths  3 gpus 3 cpus 14-15,17
0: mpibind: task   4 nths  3 gpus 4 cpus 18-20
0: mpibind: task   5 nths  3 gpus 5 cpus 21-23
0: mpibind: task   6 nths  3 gpus 6 cpus 25-28
0: mpibind: task   7 nths  3 gpus 7 cpus 29-31,33
0: mpibind: task   8 nths  3 gpus 8 cpus 34-37
0: mpibind: task   9 nths  3 gpus 9 cpus 38-39,41
0: mpibind: task  10 nths  3 gpus 10 cpus 42-44
0: mpibind: task  11 nths  3 gpus 11 cpus 45-47
0: mpibind: task  12 nths  3 gpus 12 cpus 49-52
0: mpibind: task  13 nths  3 gpus 13 cpus 53-55,57
0: mpibind: task  14 nths  3 gpus 14 cpus 58-61
0: mpibind: task  15 nths  3 gpus 15 cpus 62-63,65
0: mpibind: task  16 nths  3 gpus 16 cpus 66-68
0: mpibind: task  17 nths  3 gpus 17 cpus 69-71
0: mpibind: task  18 nths  3 gpus 18 cpus 73-76
0: mpibind: task  19 nths  3 gpus 19 cpus 77-79,81
0: mpibind: task  20 nths  3 gpus 20 cpus 82-85
0: mpibind: task  21 nths  3 gpus 21 cpus 86-87,89
0: mpibind: task  22 nths  3 gpus 22 cpus 90-92
0: mpibind: task  23 nths  3 gpus 23 cpus 93-95
0: jobid: f3MNqdDjD
0: 0.108s: flux-shell[0]: mpibind: 
0: mpibind: task   0 nths  3 gpus 0 cpus 1-4
0: mpibind: task   1 nths  3 gpus 1 cpus 5-7,9
0: mpibind: task   2 nths  3 gpus 2 cpus 10-13
0: mpibind: task   3 nths  3 gpus 3 cpus 14-15,17
0: mpibind: task   4 nths  3 gpus 4 cpus 18-20
0: mpibind: task   5 nths  3 gpus 5 cpus 21-23
0: mpibind: task   6 nths  3 gpus 6 cpus 25-28
0: mpibind: task   7 nths  3 gpus 7 cpus 29-31,33
0: mpibind: task   8 nths  3 gpus 8 cpus 34-37
0: mpibind: task   9 nths  3 gpus 9 cpus 38-39,41
0: mpibind: task  10 nths  3 gpus 10 cpus 42-44
0: mpibind: task  11 nths  3 gpus 11 cpus 45-47
0: mpibind: task  12 nths  3 gpus 12 cpus 49-52
0: mpibind: task  13 nths  3 gpus 13 cpus 53-55,57
0: mpibind: task  14 nths  3 gpus 14 cpus 58-61
0: mpibind: task  15 nths  3 gpus 15 cpus 62-63,65
0: mpibind: task  16 nths  3 gpus 16 cpus 66-68
0: mpibind: task  17 nths  3 gpus 17 cpus 69-71
0: mpibind: task  18 nths  3 gpus 18 cpus 73-76
0: mpibind: task  19 nths  3 gpus 19 cpus 77-79,81
0: mpibind: task  20 nths  3 gpus 20 cpus 82-85
0: mpibind: task  21 nths  3 gpus 21 cpus 86-87,89
0: mpibind: task  22 nths  3 gpus 22 cpus 90-92
0: mpibind: task  23 nths  3 gpus 23 cpus 93-95
0: 0.114s: flux-shell[1]: mpibind: 
0: mpibind: task   0 nths  3 gpus 0 cpus 1-4
0: mpibind: task   1 nths  3 gpus 1 cpus 5-7,9
0: mpibind: task   2 nths  3 gpus 2 cpus 10-13
0: mpibind: task   3 nths  3 gpus 3 cpus 14-15,17
0: mpibind: task   4 nths  3 gpus 4 cpus 18-20
0: mpibind: task   5 nths  3 gpus 5 cpus 21-23
0: mpibind: task   6 nths  3 gpus 6 cpus 25-28
0: mpibind: task   7 nths  3 gpus 7 cpus 29-31,33
0: mpibind: task   8 nths  3 gpus 8 cpus 34-37
0: mpibind: task   9 nths  3 gpus 9 cpus 38-39,41
0: mpibind: task  10 nths  3 gpus 10 cpus 42-44
0: mpibind: task  11 nths  3 gpus 11 cpus 45-47
0: mpibind: task  12 nths  3 gpus 12 cpus 49-52
0: mpibind: task  13 nths  3 gpus 13 cpus 53-55,57
0: mpibind: task  14 nths  3 gpus 14 cpus 58-61
0: mpibind: task  15 nths  3 gpus 15 cpus 62-63,65
0: mpibind: task  16 nths  3 gpus 16 cpus 66-68
0: mpibind: task  17 nths  3 gpus 17 cpus 69-71
0: mpibind: task  18 nths  3 gpus 18 cpus 73-76
0: mpibind: task  19 nths  3 gpus 19 cpus 77-79,81
0: mpibind: task  20 nths  3 gpus 20 cpus 82-85
0: mpibind: task  21 nths  3 gpus 21 cpus 86-87,89
0: mpibind: task  22 nths  3 gpus 22 cpus 90-92
0: mpibind: task  23 nths  3 gpus 23 cpus 93-95
0: 0.117s: flux-shell[4]: mpibind: 
0: mpibind: task   0 nths  3 gpus 0 cpus 1-4
0: mpibind: task   1 nths  3 gpus 1 cpus 5-7,9
0: mpibind: task   2 nths  3 gpus 2 cpus 10-13
0: mpibind: task   3 nths  3 gpus 3 cpus 14-15,17
0: mpibind: task   4 nths  3 gpus 4 cpus 18-20
0: mpibind: task   5 nths  3 gpus 5 cpus 21-23
0: mpibind: task   6 nths  3 gpus 6 cpus 25-28
0: mpibind: task   7 nths  3 gpus 7 cpus 29-31,33
0: mpibind: task   8 nths  3 gpus 8 cpus 34-37
0: mpibind: task   9 nths  3 gpus 9 cpus 38-39,41
0: mpibind: task  10 nths  3 gpus 10 cpus 42-44
0: mpibind: task  11 nths  3 gpus 11 cpus 45-47
0: mpibind: task  12 nths  3 gpus 12 cpus 49-52
0: mpibind: task  13 nths  3 gpus 13 cpus 53-55,57
0: mpibind: task  14 nths  3 gpus 14 cpus 58-61
0: mpibind: task  15 nths  3 gpus 15 cpus 62-63,65
0: mpibind: task  16 nths  3 gpus 16 cpus 66-68
0: mpibind: task  17 nths  3 gpus 17 cpus 69-71
0: mpibind: task  18 nths  3 gpus 18 cpus 73-76
0: mpibind: task  19 nths  3 gpus 19 cpus 77-79,81
0: mpibind: task  20 nths  3 gpus 20 cpus 82-85
0: mpibind: task  21 nths  3 gpus 21 cpus 86-87,89
0: mpibind: task  22 nths  3 gpus 22 cpus 90-92
0: mpibind: task  23 nths  3 gpus 23 cpus 93-95
0: 0.120s: flux-shell[2]: mpibind: 
0: mpibind: task   0 nths  3 gpus 0 cpus 1-4
0: mpibind: task   1 nths  3 gpus 1 cpus 5-7,9
0: mpibind: task   2 nths  3 gpus 2 cpus 10-13
0: mpibind: task   3 nths  3 gpus 3 cpus 14-15,17
0: mpibind: task   4 nths  3 gpus 4 cpus 18-20
0: mpibind: task   5 nths  3 gpus 5 cpus 21-23
0: mpibind: task   6 nths  3 gpus 6 cpus 25-28
0: mpibind: task   7 nths  3 gpus 7 cpus 29-31,33
0: mpibind: task   8 nths  3 gpus 8 cpus 34-37
0: mpibind: task   9 nths  3 gpus 9 cpus 38-39,41
0: mpibind: task  10 nths  3 gpus 10 cpus 42-44
0: mpibind: task  11 nths  3 gpus 11 cpus 45-47
0: mpibind: task  12 nths  3 gpus 12 cpus 49-52
0: mpibind: task  13 nths  3 gpus 13 cpus 53-55,57
0: mpibind: task  14 nths  3 gpus 14 cpus 58-61
0: mpibind: task  15 nths  3 gpus 15 cpus 62-63,65
0: mpibind: task  16 nths  3 gpus 16 cpus 66-68
0: mpibind: task  17 nths  3 gpus 17 cpus 69-71
0: mpibind: task  18 nths  3 gpus 18 cpus 73-76
0: mpibind: task  19 nths  3 gpus 19 cpus 77-79,81
0: mpibind: task  20 nths  3 gpus 20 cpus 82-85
0: mpibind: task  21 nths  3 gpus 21 cpus 86-87,89
0: mpibind: task  22 nths  3 gpus 22 cpus 90-92
0: mpibind: task  23 nths  3 gpus 23 cpus 93-95
0: 0.127s: flux-shell[3]: mpibind: 
0: mpibind: task   0 nths  3 gpus 0 cpus 1-4
0: mpibind: task   1 nths  3 gpus 1 cpus 5-7,9
0: mpibind: task   2 nths  3 gpus 2 cpus 10-13
0: mpibind: task   3 nths  3 gpus 3 cpus 14-15,17
0: mpibind: task   4 nths  3 gpus 4 cpus 18-20
0: mpibind: task   5 nths  3 gpus 5 cpus 21-23
0: mpibind: task   6 nths  3 gpus 6 cpus 25-28
0: mpibind: task   7 nths  3 gpus 7 cpus 29-31,33
0: mpibind: task   8 nths  3 gpus 8 cpus 34-37
0: mpibind: task   9 nths  3 gpus 9 cpus 38-39,41
0: mpibind: task  10 nths  3 gpus 10 cpus 42-44
0: mpibind: task  11 nths  3 gpus 11 cpus 45-47
0: mpibind: task  12 nths  3 gpus 12 cpus 49-52
0: mpibind: task  13 nths  3 gpus 13 cpus 53-55,57
0: mpibind: task  14 nths  3 gpus 14 cpus 58-61
0: mpibind: task  15 nths  3 gpus 15 cpus 62-63,65
0: mpibind: task  16 nths  3 gpus 16 cpus 66-68
0: mpibind: task  17 nths  3 gpus 17 cpus 69-71
0: mpibind: task  18 nths  3 gpus 18 cpus 73-76
0: mpibind: task  19 nths  3 gpus 19 cpus 77-79,81
0: mpibind: task  20 nths  3 gpus 20 cpus 82-85
0: mpibind: task  21 nths  3 gpus 21 cpus 86-87,89
0: mpibind: task  22 nths  3 gpus 22 cpus 90-92
0: mpibind: task  23 nths  3 gpus 23 cpus 93-95
0: 0.126s: flux-shell[17]: mpibind: 
0: mpibind: task   0 nths  3 gpus 0 cpus 1-4
0: mpibind: task   1 nths  3 gpus 1 cpus 5-7,9
0: mpibind: task   2 nths  3 gpus 2 cpus 10-13
0: mpibind: task   3 nths  3 gpus 3 cpus 14-15,17
0: mpibind: task   4 nths  3 gpus 4 cpus 18-20
0: mpibind: task   5 nths  3 gpus 5 cpus 21-23
0: mpibind: task   6 nths  3 gpus 6 cpus 25-28
0: mpibind: task   7 nths  3 gpus 7 cpus 29-31,33
0: mpibind: task   8 nths  3 gpus 8 cpus 34-37
0: mpibind: task   9 nths  3 gpus 9 cpus 38-39,41
0: mpibind: task  10 nths  3 gpus 10 cpus 42-44
0: mpibind: task  11 nths  3 gpus 11 cpus 45-47
0: mpibind: task  12 nths  3 gpus 12 cpus 49-52
0: mpibind: task  13 nths  3 gpus 13 cpus 53-55,57
0: mpibind: task  14 nths  3 gpus 14 cpus 58-61
0: mpibind: task  15 nths  3 gpus 15 cpus 62-63,65
0: mpibind: task  16 nths  3 gpus 16 cpus 66-68
0: mpibind: task  17 nths  3 gpus 17 cpus 69-71
0: mpibind: task  18 nths  3 gpus 18 cpus 73-76
0: mpibind: task  19 nths  3 gpus 19 cpus 77-79,81
0: mpibind: task  20 nths  3 gpus 20 cpus 82-85
0: mpibind: task  21 nths  3 gpus 21 cpus 86-87,89
0: mpibind: task  22 nths  3 gpus 22 cpus 90-92
0: mpibind: task  23 nths  3 gpus 23 cpus 93-95
0: 0.122s: flux-shell[14]: mpibind: 
0: mpibind: task   0 nths  3 gpus 0 cpus 1-4
0: mpibind: task   1 nths  3 gpus 1 cpus 5-7,9
0: mpibind: task   2 nths  3 gpus 2 cpus 10-13
0: mpibind: task   3 nths  3 gpus 3 cpus 14-15,17
0: mpibind: task   4 nths  3 gpus 4 cpus 18-20
0: mpibind: task   5 nths  3 gpus 5 cpus 21-23
0: mpibind: task   6 nths  3 gpus 6 cpus 25-28
0: mpibind: task   7 nths  3 gpus 7 cpus 29-31,33
0: mpibind: task   8 nths  3 gpus 8 cpus 34-37
0: mpibind: task   9 nths  3 gpus 9 cpus 38-39,41
0: mpibind: task  10 nths  3 gpus 10 cpus 42-44
0: mpibind: task  11 nths  3 gpus 11 cpus 45-47
0: mpibind: task  12 nths  3 gpus 12 cpus 49-52
0: mpibind: task  13 nths  3 gpus 13 cpus 53-55,57
0: mpibind: task  14 nths  3 gpus 14 cpus 58-61
0: mpibind: task  15 nths  3 gpus 15 cpus 62-63,65
0: mpibind: task  16 nths  3 gpus 16 cpus 66-68
0: mpibind: task  17 nths  3 gpus 17 cpus 69-71
0: mpibind: task  18 nths  3 gpus 18 cpus 73-76
0: mpibind: task  19 nths  3 gpus 19 cpus 77-79,81
0: mpibind: task  20 nths  3 gpus 20 cpus 82-85
0: mpibind: task  21 nths  3 gpus 21 cpus 86-87,89
0: mpibind: task  22 nths  3 gpus 22 cpus 90-92
0: mpibind: task  23 nths  3 gpus 23 cpus 93-95
0: 0.120s: flux-shell[6]: mpibind: 
0: mpibind: task   0 nths  3 gpus 0 cpus 1-4
0: mpibind: task   1 nths  3 gpus 1 cpus 5-7,9
0: mpibind: task   2 nths  3 gpus 2 cpus 10-13
0: mpibind: task   3 nths  3 gpus 3 cpus 14-15,17
0: mpibind: task   4 nths  3 gpus 4 cpus 18-20
0: mpibind: task   5 nths  3 gpus 5 cpus 21-23
0: mpibind: task   6 nths  3 gpus 6 cpus 25-28
0: mpibind: task   7 nths  3 gpus 7 cpus 29-31,33
0: mpibind: task   8 nths  3 gpus 8 cpus 34-37
0: mpibind: task   9 nths  3 gpus 9 cpus 38-39,41
0: mpibind: task  10 nths  3 gpus 10 cpus 42-44
0: mpibind: task  11 nths  3 gpus 11 cpus 45-47
0: mpibind: task  12 nths  3 gpus 12 cpus 49-52
0: mpibind: task  13 nths  3 gpus 13 cpus 53-55,57
0: mpibind: task  14 nths  3 gpus 14 cpus 58-61
0: mpibind: task  15 nths  3 gpus 15 cpus 62-63,65
0: mpibind: task  16 nths  3 gpus 16 cpus 66-68
0: mpibind: task  17 nths  3 gpus 17 cpus 69-71
0: mpibind: task  18 nths  3 gpus 18 cpus 73-76
0: mpibind: task  19 nths  3 gpus 19 cpus 77-79,81
0: mpibind: task  20 nths  3 gpus 20 cpus 82-85
0: mpibind: task  21 nths  3 gpus 21 cpus 86-87,89
0: mpibind: task  22 nths  3 gpus 22 cpus 90-92
0: mpibind: task  23 nths  3 gpus 23 cpus 93-95
0: 0.124s: flux-shell[5]: mpibind: 
0: mpibind: task   0 nths  3 gpus 0 cpus 1-4
0: mpibind: task   1 nths  3 gpus 1 cpus 5-7,9
0: mpibind: task   2 nths  3 gpus 2 cpus 10-13
0: mpibind: task   3 nths  3 gpus 3 cpus 14-15,17
0: mpibind: task   4 nths  3 gpus 4 cpus 18-20
0: mpibind: task   5 nths  3 gpus 5 cpus 21-23
0: mpibind: task   6 nths  3 gpus 6 cpus 25-28
0: mpibind: task   7 nths  3 gpus 7 cpus 29-31,33
0: mpibind: task   8 nths  3 gpus 8 cpus 34-37
0: mpibind: task   9 nths  3 gpus 9 cpus 38-39,41
0: mpibind: task  10 nths  3 gpus 10 cpus 42-44
0: mpibind: task  11 nths  3 gpus 11 cpus 45-47
0: mpibind: task  12 nths  3 gpus 12 cpus 49-52
0: mpibind: task  13 nths  3 gpus 13 cpus 53-55,57
0: mpibind: task  14 nths  3 gpus 14 cpus 58-61
0: mpibind: task  15 nths  3 gpus 15 cpus 62-63,65
0: mpibind: task  16 nths  3 gpus 16 cpus 66-68
0: mpibind: task  17 nths  3 gpus 17 cpus 69-71
0: mpibind: task  18 nths  3 gpus 18 cpus 73-76
0: mpibind: task  19 nths  3 gpus 19 cpus 77-79,81
0: mpibind: task  20 nths  3 gpus 20 cpus 82-85
0: mpibind: task  21 nths  3 gpus 21 cpus 86-87,89
0: mpibind: task  22 nths  3 gpus 22 cpus 90-92
0: mpibind: task  23 nths  3 gpus 23 cpus 93-95
0: 0.118s: flux-shell[7]: mpibind: 
0: mpibind: task   0 nths  3 gpus 0 cpus 1-4
0: mpibind: task   1 nths  3 gpus 1 cpus 5-7,9
0: mpibind: task   2 nths  3 gpus 2 cpus 10-13
0: mpibind: task   3 nths  3 gpus 3 cpus 14-15,17
0: mpibind: task   4 nths  3 gpus 4 cpus 18-20
0: mpibind: task   5 nths  3 gpus 5 cpus 21-23
0: mpibind: task   6 nths  3 gpus 6 cpus 25-28
0: mpibind: task   7 nths  3 gpus 7 cpus 29-31,33
0: mpibind: task   8 nths  3 gpus 8 cpus 34-37
0: mpibind: task   9 nths  3 gpus 9 cpus 38-39,41
0: mpibind: task  10 nths  3 gpus 10 cpus 42-44
0: mpibind: task  11 nths  3 gpus 11 cpus 45-47
0: mpibind: task  12 nths  3 gpus 12 cpus 49-52
0: mpibind: task  13 nths  3 gpus 13 cpus 53-55,57
0: mpibind: task  14 nths  3 gpus 14 cpus 58-61
0: mpibind: task  15 nths  3 gpus 15 cpus 62-63,65
0: mpibind: task  16 nths  3 gpus 16 cpus 66-68
0: mpibind: task  17 nths  3 gpus 17 cpus 69-71
0: mpibind: task  18 nths  3 gpus 18 cpus 73-76
0: mpibind: task  19 nths  3 gpus 19 cpus 77-79,81
0: mpibind: task  20 nths  3 gpus 20 cpus 82-85
0: mpibind: task  21 nths  3 gpus 21 cpus 86-87,89
0: mpibind: task  22 nths  3 gpus 22 cpus 90-92
0: mpibind: task  23 nths  3 gpus 23 cpus 93-95
0: 0.120s: flux-shell[8]: mpibind: 
0: mpibind: task   0 nths  3 gpus 0 cpus 1-4
0: mpibind: task   1 nths  3 gpus 1 cpus 5-7,9
0: mpibind: task   2 nths  3 gpus 2 cpus 10-13
0: mpibind: task   3 nths  3 gpus 3 cpus 14-15,17
0: mpibind: task   4 nths  3 gpus 4 cpus 18-20
0: mpibind: task   5 nths  3 gpus 5 cpus 21-23
0: mpibind: task   6 nths  3 gpus 6 cpus 25-28
0: mpibind: task   7 nths  3 gpus 7 cpus 29-31,33
0: mpibind: task   8 nths  3 gpus 8 cpus 34-37
0: mpibind: task   9 nths  3 gpus 9 cpus 38-39,41
0: mpibind: task  10 nths  3 gpus 10 cpus 42-44
0: mpibind: task  11 nths  3 gpus 11 cpus 45-47
0: mpibind: task  12 nths  3 gpus 12 cpus 49-52
0: mpibind: task  13 nths  3 gpus 13 cpus 53-55,57
0: mpibind: task  14 nths  3 gpus 14 cpus 58-61
0: mpibind: task  15 nths  3 gpus 15 cpus 62-63,65
0: mpibind: task  16 nths  3 gpus 16 cpus 66-68
0: mpibind: task  17 nths  3 gpus 17 cpus 69-71
0: mpibind: task  18 nths  3 gpus 18 cpus 73-76
0: mpibind: task  19 nths  3 gpus 19 cpus 77-79,81
0: mpibind: task  20 nths  3 gpus 20 cpus 82-85
0: mpibind: task  21 nths  3 gpus 21 cpus 86-87,89
0: mpibind: task  22 nths  3 gpus 22 cpus 90-92
0: mpibind: task  23 nths  3 gpus 23 cpus 93-95
0: 0.122s: flux-shell[9]: mpibind: 
0: mpibind: task   0 nths  3 gpus 0 cpus 1-4
0: mpibind: task   1 nths  3 gpus 1 cpus 5-7,9
0: mpibind: task   2 nths  3 gpus 2 cpus 10-13
0: mpibind: task   3 nths  3 gpus 3 cpus 14-15,17
0: mpibind: task   4 nths  3 gpus 4 cpus 18-20
0: mpibind: task   5 nths  3 gpus 5 cpus 21-23
0: mpibind: task   6 nths  3 gpus 6 cpus 25-28
0: mpibind: task   7 nths  3 gpus 7 cpus 29-31,33
0: mpibind: task   8 nths  3 gpus 8 cpus 34-37
0: mpibind: task   9 nths  3 gpus 9 cpus 38-39,41
0: mpibind: task  10 nths  3 gpus 10 cpus 42-44
0: mpibind: task  11 nths  3 gpus 11 cpus 45-47
0: mpibind: task  12 nths  3 gpus 12 cpus 49-52
0: mpibind: task  13 nths  3 gpus 13 cpus 53-55,57
0: mpibind: task  14 nths  3 gpus 14 cpus 58-61
0: mpibind: task  15 nths  3 gpus 15 cpus 62-63,65
0: mpibind: task  16 nths  3 gpus 16 cpus 66-68
0: mpibind: task  17 nths  3 gpus 17 cpus 69-71
0: mpibind: task  18 nths  3 gpus 18 cpus 73-76
0: mpibind: task  19 nths  3 gpus 19 cpus 77-79,81
0: mpibind: task  20 nths  3 gpus 20 cpus 82-85
0: mpibind: task  21 nths  3 gpus 21 cpus 86-87,89
0: mpibind: task  22 nths  3 gpus 22 cpus 90-92
0: mpibind: task  23 nths  3 gpus 23 cpus 93-95
0: 0.127s: flux-shell[10]: mpibind: 
0: mpibind: task   0 nths  3 gpus 0 cpus 1-4
0: mpibind: task   1 nths  3 gpus 1 cpus 5-7,9
0: mpibind: task   2 nths  3 gpus 2 cpus 10-13
0: mpibind: task   3 nths  3 gpus 3 cpus 14-15,17
0: mpibind: task   4 nths  3 gpus 4 cpus 18-20
0: mpibind: task   5 nths  3 gpus 5 cpus 21-23
0: mpibind: task   6 nths  3 gpus 6 cpus 25-28
0: mpibind: task   7 nths  3 gpus 7 cpus 29-31,33
0: mpibind: task   8 nths  3 gpus 8 cpus 34-37
0: mpibind: task   9 nths  3 gpus 9 cpus 38-39,41
0: mpibind: task  10 nths  3 gpus 10 cpus 42-44
0: mpibind: task  11 nths  3 gpus 11 cpus 45-47
0: mpibind: task  12 nths  3 gpus 12 cpus 49-52
0: mpibind: task  13 nths  3 gpus 13 cpus 53-55,57
0: mpibind: task  14 nths  3 gpus 14 cpus 58-61
0: mpibind: task  15 nths  3 gpus 15 cpus 62-63,65
0: mpibind: task  16 nths  3 gpus 16 cpus 66-68
0: mpibind: task  17 nths  3 gpus 17 cpus 69-71
0: mpibind: task  18 nths  3 gpus 18 cpus 73-76
0: mpibind: task  19 nths  3 gpus 19 cpus 77-79,81
0: mpibind: task  20 nths  3 gpus 20 cpus 82-85
0: mpibind: task  21 nths  3 gpus 21 cpus 86-87,89
0: mpibind: task  22 nths  3 gpus 22 cpus 90-92
0: mpibind: task  23 nths  3 gpus 23 cpus 93-95
0: 0.127s: flux-shell[11]: mpibind: 
0: mpibind: task   0 nths  3 gpus 0 cpus 1-4
0: mpibind: task   1 nths  3 gpus 1 cpus 5-7,9
0: mpibind: task   2 nths  3 gpus 2 cpus 10-13
0: mpibind: task   3 nths  3 gpus 3 cpus 14-15,17
0: mpibind: task   4 nths  3 gpus 4 cpus 18-20
0: mpibind: task   5 nths  3 gpus 5 cpus 21-23
0: mpibind: task   6 nths  3 gpus 6 cpus 25-28
0: mpibind: task   7 nths  3 gpus 7 cpus 29-31,33
0: mpibind: task   8 nths  3 gpus 8 cpus 34-37
0: mpibind: task   9 nths  3 gpus 9 cpus 38-39,41
0: mpibind: task  10 nths  3 gpus 10 cpus 42-44
0: mpibind: task  11 nths  3 gpus 11 cpus 45-47
0: mpibind: task  12 nths  3 gpus 12 cpus 49-52
0: mpibind: task  13 nths  3 gpus 13 cpus 53-55,57
0: mpibind: task  14 nths  3 gpus 14 cpus 58-61
0: mpibind: task  15 nths  3 gpus 15 cpus 62-63,65
0: mpibind: task  16 nths  3 gpus 16 cpus 66-68
0: mpibind: task  17 nths  3 gpus 17 cpus 69-71
0: mpibind: task  18 nths  3 gpus 18 cpus 73-76
0: mpibind: task  19 nths  3 gpus 19 cpus 77-79,81
0: mpibind: task  20 nths  3 gpus 20 cpus 82-85
0: mpibind: task  21 nths  3 gpus 21 cpus 86-87,89
0: mpibind: task  22 nths  3 gpus 22 cpus 90-92
0: mpibind: task  23 nths  3 gpus 23 cpus 93-95
0: 0.126s: flux-shell[12]: mpibind: 
0: mpibind: task   0 nths  3 gpus 0 cpus 1-4
0: mpibind: task   1 nths  3 gpus 1 cpus 5-7,9
0: mpibind: task   2 nths  3 gpus 2 cpus 10-13
0: mpibind: task   3 nths  3 gpus 3 cpus 14-15,17
0: mpibind: task   4 nths  3 gpus 4 cpus 18-20
0: mpibind: task   5 nths  3 gpus 5 cpus 21-23
0: mpibind: task   6 nths  3 gpus 6 cpus 25-28
0: mpibind: task   7 nths  3 gpus 7 cpus 29-31,33
0: mpibind: task   8 nths  3 gpus 8 cpus 34-37
0: mpibind: task   9 nths  3 gpus 9 cpus 38-39,41
0: mpibind: task  10 nths  3 gpus 10 cpus 42-44
0: mpibind: task  11 nths  3 gpus 11 cpus 45-47
0: mpibind: task  12 nths  3 gpus 12 cpus 49-52
0: mpibind: task  13 nths  3 gpus 13 cpus 53-55,57
0: mpibind: task  14 nths  3 gpus 14 cpus 58-61
0: mpibind: task  15 nths  3 gpus 15 cpus 62-63,65
0: mpibind: task  16 nths  3 gpus 16 cpus 66-68
0: mpibind: task  17 nths  3 gpus 17 cpus 69-71
0: mpibind: task  18 nths  3 gpus 18 cpus 73-76
0: mpibind: task  19 nths  3 gpus 19 cpus 77-79,81
0: mpibind: task  20 nths  3 gpus 20 cpus 82-85
0: mpibind: task  21 nths  3 gpus 21 cpus 86-87,89
0: mpibind: task  22 nths  3 gpus 22 cpus 90-92
0: mpibind: task  23 nths  3 gpus 23 cpus 93-95
0: 0.129s: flux-shell[13]: mpibind: 
0: mpibind: task   0 nths  3 gpus 0 cpus 1-4
0: mpibind: task   1 nths  3 gpus 1 cpus 5-7,9
0: mpibind: task   2 nths  3 gpus 2 cpus 10-13
0: mpibind: task   3 nths  3 gpus 3 cpus 14-15,17
0: mpibind: task   4 nths  3 gpus 4 cpus 18-20
0: mpibind: task   5 nths  3 gpus 5 cpus 21-23
0: mpibind: task   6 nths  3 gpus 6 cpus 25-28
0: mpibind: task   7 nths  3 gpus 7 cpus 29-31,33
0: mpibind: task   8 nths  3 gpus 8 cpus 34-37
0: mpibind: task   9 nths  3 gpus 9 cpus 38-39,41
0: mpibind: task  10 nths  3 gpus 10 cpus 42-44
0: mpibind: task  11 nths  3 gpus 11 cpus 45-47
0: mpibind: task  12 nths  3 gpus 12 cpus 49-52
0: mpibind: task  13 nths  3 gpus 13 cpus 53-55,57
0: mpibind: task  14 nths  3 gpus 14 cpus 58-61
0: mpibind: task  15 nths  3 gpus 15 cpus 62-63,65
0: mpibind: task  16 nths  3 gpus 16 cpus 66-68
0: mpibind: task  17 nths  3 gpus 17 cpus 69-71
0: mpibind: task  18 nths  3 gpus 18 cpus 73-76
0: mpibind: task  19 nths  3 gpus 19 cpus 77-79,81
0: mpibind: task  20 nths  3 gpus 20 cpus 82-85
0: mpibind: task  21 nths  3 gpus 21 cpus 86-87,89
0: mpibind: task  22 nths  3 gpus 22 cpus 90-92
0: mpibind: task  23 nths  3 gpus 23 cpus 93-95
0: 0.134s: flux-shell[31]: mpibind: 
0: mpibind: task   0 nths  3 gpus 0 cpus 1-4
0: mpibind: task   1 nths  3 gpus 1 cpus 5-7,9
0: mpibind: task   2 nths  3 gpus 2 cpus 10-13
0: mpibind: task   3 nths  3 gpus 3 cpus 14-15,17
0: mpibind: task   4 nths  3 gpus 4 cpus 18-20
0: mpibind: task   5 nths  3 gpus 5 cpus 21-23
0: mpibind: task   6 nths  3 gpus 6 cpus 25-28
0: mpibind: task   7 nths  3 gpus 7 cpus 29-31,33
0: mpibind: task   8 nths  3 gpus 8 cpus 34-37
0: mpibind: task   9 nths  3 gpus 9 cpus 38-39,41
0: mpibind: task  10 nths  3 gpus 10 cpus 42-44
0: mpibind: task  11 nths  3 gpus 11 cpus 45-47
0: mpibind: task  12 nths  3 gpus 12 cpus 49-52
0: mpibind: task  13 nths  3 gpus 13 cpus 53-55,57
0: mpibind: task  14 nths  3 gpus 14 cpus 58-61
0: mpibind: task  15 nths  3 gpus 15 cpus 62-63,65
0: mpibind: task  16 nths  3 gpus 16 cpus 66-68
0: mpibind: task  17 nths  3 gpus 17 cpus 69-71
0: mpibind: task  18 nths  3 gpus 18 cpus 73-76
0: mpibind: task  19 nths  3 gpus 19 cpus 77-79,81
0: mpibind: task  20 nths  3 gpus 20 cpus 82-85
0: mpibind: task  21 nths  3 gpus 21 cpus 86-87,89
0: mpibind: task  22 nths  3 gpus 22 cpus 90-92
0: mpibind: task  23 nths  3 gpus 23 cpus 93-95
0: 0.137s: flux-shell[16]: mpibind: 
0: mpibind: task   0 nths  3 gpus 0 cpus 1-4
0: mpibind: task   1 nths  3 gpus 1 cpus 5-7,9
0: mpibind: task   2 nths  3 gpus 2 cpus 10-13
0: mpibind: task   3 nths  3 gpus 3 cpus 14-15,17
0: mpibind: task   4 nths  3 gpus 4 cpus 18-20
0: mpibind: task   5 nths  3 gpus 5 cpus 21-23
0: mpibind: task   6 nths  3 gpus 6 cpus 25-28
0: mpibind: task   7 nths  3 gpus 7 cpus 29-31,33
0: mpibind: task   8 nths  3 gpus 8 cpus 34-37
0: mpibind: task   9 nths  3 gpus 9 cpus 38-39,41
0: mpibind: task  10 nths  3 gpus 10 cpus 42-44
0: mpibind: task  11 nths  3 gpus 11 cpus 45-47
0: mpibind: task  12 nths  3 gpus 12 cpus 49-52
0: mpibind: task  13 nths  3 gpus 13 cpus 53-55,57
0: mpibind: task  14 nths  3 gpus 14 cpus 58-61
0: mpibind: task  15 nths  3 gpus 15 cpus 62-63,65
0: mpibind: task  16 nths  3 gpus 16 cpus 66-68
0: mpibind: task  17 nths  3 gpus 17 cpus 69-71
0: mpibind: task  18 nths  3 gpus 18 cpus 73-76
0: mpibind: task  19 nths  3 gpus 19 cpus 77-79,81
0: mpibind: task  20 nths  3 gpus 20 cpus 82-85
0: mpibind: task  21 nths  3 gpus 21 cpus 86-87,89
0: mpibind: task  22 nths  3 gpus 22 cpus 90-92
0: mpibind: task  23 nths  3 gpus 23 cpus 93-95
0: 0.129s: flux-shell[15]: mpibind: 
0: mpibind: task   0 nths  3 gpus 0 cpus 1-4
0: mpibind: task   1 nths  3 gpus 1 cpus 5-7,9
0: mpibind: task   2 nths  3 gpus 2 cpus 10-13
0: mpibind: task   3 nths  3 gpus 3 cpus 14-15,17
0: mpibind: task   4 nths  3 gpus 4 cpus 18-20
0: mpibind: task   5 nths  3 gpus 5 cpus 21-23
0: mpibind: task   6 nths  3 gpus 6 cpus 25-28
0: mpibind: task   7 nths  3 gpus 7 cpus 29-31,33
0: mpibind: task   8 nths  3 gpus 8 cpus 34-37
0: mpibind: task   9 nths  3 gpus 9 cpus 38-39,41
0: mpibind: task  10 nths  3 gpus 10 cpus 42-44
0: mpibind: task  11 nths  3 gpus 11 cpus 45-47
0: mpibind: task  12 nths  3 gpus 12 cpus 49-52
0: mpibind: task  13 nths  3 gpus 13 cpus 53-55,57
0: mpibind: task  14 nths  3 gpus 14 cpus 58-61
0: mpibind: task  15 nths  3 gpus 15 cpus 62-63,65
0: mpibind: task  16 nths  3 gpus 16 cpus 66-68
0: mpibind: task  17 nths  3 gpus 17 cpus 69-71
0: mpibind: task  18 nths  3 gpus 18 cpus 73-76
0: mpibind: task  19 nths  3 gpus 19 cpus 77-79,81
0: mpibind: task  20 nths  3 gpus 20 cpus 82-85
0: mpibind: task  21 nths  3 gpus 21 cpus 86-87,89
0: mpibind: task  22 nths  3 gpus 22 cpus 90-92
0: mpibind: task  23 nths  3 gpus 23 cpus 93-95
0: 0.133s: flux-shell[18]: mpibind: 
0: mpibind: task   0 nths  3 gpus 0 cpus 1-4
0: mpibind: task   1 nths  3 gpus 1 cpus 5-7,9
0: mpibind: task   2 nths  3 gpus 2 cpus 10-13
0: mpibind: task   3 nths  3 gpus 3 cpus 14-15,17
0: mpibind: task   4 nths  3 gpus 4 cpus 18-20
0: mpibind: task   5 nths  3 gpus 5 cpus 21-23
0: mpibind: task   6 nths  3 gpus 6 cpus 25-28
0: mpibind: task   7 nths  3 gpus 7 cpus 29-31,33
0: mpibind: task   8 nths  3 gpus 8 cpus 34-37
0: mpibind: task   9 nths  3 gpus 9 cpus 38-39,41
0: mpibind: task  10 nths  3 gpus 10 cpus 42-44
0: mpibind: task  11 nths  3 gpus 11 cpus 45-47
0: mpibind: task  12 nths  3 gpus 12 cpus 49-52
0: mpibind: task  13 nths  3 gpus 13 cpus 53-55,57
0: mpibind: task  14 nths  3 gpus 14 cpus 58-61
0: mpibind: task  15 nths  3 gpus 15 cpus 62-63,65
0: mpibind: task  16 nths  3 gpus 16 cpus 66-68
0: mpibind: task  17 nths  3 gpus 17 cpus 69-71
0: mpibind: task  18 nths  3 gpus 18 cpus 73-76
0: mpibind: task  19 nths  3 gpus 19 cpus 77-79,81
0: mpibind: task  20 nths  3 gpus 20 cpus 82-85
0: mpibind: task  21 nths  3 gpus 21 cpus 86-87,89
0: mpibind: task  22 nths  3 gpus 22 cpus 90-92
0: mpibind: task  23 nths  3 gpus 23 cpus 93-95
0: 0.129s: flux-shell[19]: mpibind: 
0: mpibind: task   0 nths  3 gpus 0 cpus 1-4
0: mpibind: task   1 nths  3 gpus 1 cpus 5-7,9
0: mpibind: task   2 nths  3 gpus 2 cpus 10-13
0: mpibind: task   3 nths  3 gpus 3 cpus 14-15,17
0: mpibind: task   4 nths  3 gpus 4 cpus 18-20
0: mpibind: task   5 nths  3 gpus 5 cpus 21-23
0: mpibind: task   6 nths  3 gpus 6 cpus 25-28
0: mpibind: task   7 nths  3 gpus 7 cpus 29-31,33
0: mpibind: task   8 nths  3 gpus 8 cpus 34-37
0: mpibind: task   9 nths  3 gpus 9 cpus 38-39,41
0: mpibind: task  10 nths  3 gpus 10 cpus 42-44
0: mpibind: task  11 nths  3 gpus 11 cpus 45-47
0: mpibind: task  12 nths  3 gpus 12 cpus 49-52
0: mpibind: task  13 nths  3 gpus 13 cpus 53-55,57
0: mpibind: task  14 nths  3 gpus 14 cpus 58-61
0: mpibind: task  15 nths  3 gpus 15 cpus 62-63,65
0: mpibind: task  16 nths  3 gpus 16 cpus 66-68
0: mpibind: task  17 nths  3 gpus 17 cpus 69-71
0: mpibind: task  18 nths  3 gpus 18 cpus 73-76
0: mpibind: task  19 nths  3 gpus 19 cpus 77-79,81
0: mpibind: task  20 nths  3 gpus 20 cpus 82-85
0: mpibind: task  21 nths  3 gpus 21 cpus 86-87,89
0: mpibind: task  22 nths  3 gpus 22 cpus 90-92
0: mpibind: task  23 nths  3 gpus 23 cpus 93-95
0: 0.136s: flux-shell[20]: mpibind: 
0: mpibind: task   0 nths  3 gpus 0 cpus 1-4
0: mpibind: task   1 nths  3 gpus 1 cpus 5-7,9
0: mpibind: task   2 nths  3 gpus 2 cpus 10-13
0: mpibind: task   3 nths  3 gpus 3 cpus 14-15,17
0: mpibind: task   4 nths  3 gpus 4 cpus 18-20
0: mpibind: task   5 nths  3 gpus 5 cpus 21-23
0: mpibind: task   6 nths  3 gpus 6 cpus 25-28
0: mpibind: task   7 nths  3 gpus 7 cpus 29-31,33
0: mpibind: task   8 nths  3 gpus 8 cpus 34-37
0: mpibind: task   9 nths  3 gpus 9 cpus 38-39,41
0: mpibind: task  10 nths  3 gpus 10 cpus 42-44
0: mpibind: task  11 nths  3 gpus 11 cpus 45-47
0: mpibind: task  12 nths  3 gpus 12 cpus 49-52
0: mpibind: task  13 nths  3 gpus 13 cpus 53-55,57
0: mpibind: task  14 nths  3 gpus 14 cpus 58-61
0: mpibind: task  15 nths  3 gpus 15 cpus 62-63,65
0: mpibind: task  16 nths  3 gpus 16 cpus 66-68
0: mpibind: task  17 nths  3 gpus 17 cpus 69-71
0: mpibind: task  18 nths  3 gpus 18 cpus 73-76
0: mpibind: task  19 nths  3 gpus 19 cpus 77-79,81
0: mpibind: task  20 nths  3 gpus 20 cpus 82-85
0: mpibind: task  21 nths  3 gpus 21 cpus 86-87,89
0: mpibind: task  22 nths  3 gpus 22 cpus 90-92
0: mpibind: task  23 nths  3 gpus 23 cpus 93-95
0: 0.134s: flux-shell[23]: mpibind: 
0: mpibind: task   0 nths  3 gpus 0 cpus 1-4
0: mpibind: task   1 nths  3 gpus 1 cpus 5-7,9
0: mpibind: task   2 nths  3 gpus 2 cpus 10-13
0: mpibind: task   3 nths  3 gpus 3 cpus 14-15,17
0: mpibind: task   4 nths  3 gpus 4 cpus 18-20
0: mpibind: task   5 nths  3 gpus 5 cpus 21-23
0: mpibind: task   6 nths  3 gpus 6 cpus 25-28
0: mpibind: task   7 nths  3 gpus 7 cpus 29-31,33
0: mpibind: task   8 nths  3 gpus 8 cpus 34-37
0: mpibind: task   9 nths  3 gpus 9 cpus 38-39,41
0: mpibind: task  10 nths  3 gpus 10 cpus 42-44
0: mpibind: task  11 nths  3 gpus 11 cpus 45-47
0: mpibind: task  12 nths  3 gpus 12 cpus 49-52
0: mpibind: task  13 nths  3 gpus 13 cpus 53-55,57
0: mpibind: task  14 nths  3 gpus 14 cpus 58-61
0: mpibind: task  15 nths  3 gpus 15 cpus 62-63,65
0: mpibind: task  16 nths  3 gpus 16 cpus 66-68
0: mpibind: task  17 nths  3 gpus 17 cpus 69-71
0: mpibind: task  18 nths  3 gpus 18 cpus 73-76
0: mpibind: task  19 nths  3 gpus 19 cpus 77-79,81
0: mpibind: task  20 nths  3 gpus 20 cpus 82-85
0: mpibind: task  21 nths  3 gpus 21 cpus 86-87,89
0: mpibind: task  22 nths  3 gpus 22 cpus 90-92
0: mpibind: task  23 nths  3 gpus 23 cpus 93-95
0: 0.128s: flux-shell[21]: mpibind: 
0: mpibind: task   0 nths  3 gpus 0 cpus 1-4
0: mpibind: task   1 nths  3 gpus 1 cpus 5-7,9
0: mpibind: task   2 nths  3 gpus 2 cpus 10-13
0: mpibind: task   3 nths  3 gpus 3 cpus 14-15,17
0: mpibind: task   4 nths  3 gpus 4 cpus 18-20
0: mpibind: task   5 nths  3 gpus 5 cpus 21-23
0: mpibind: task   6 nths  3 gpus 6 cpus 25-28
0: mpibind: task   7 nths  3 gpus 7 cpus 29-31,33
0: mpibind: task   8 nths  3 gpus 8 cpus 34-37
0: mpibind: task   9 nths  3 gpus 9 cpus 38-39,41
0: mpibind: task  10 nths  3 gpus 10 cpus 42-44
0: mpibind: task  11 nths  3 gpus 11 cpus 45-47
0: mpibind: task  12 nths  3 gpus 12 cpus 49-52
0: mpibind: task  13 nths  3 gpus 13 cpus 53-55,57
0: mpibind: task  14 nths  3 gpus 14 cpus 58-61
0: mpibind: task  15 nths  3 gpus 15 cpus 62-63,65
0: mpibind: task  16 nths  3 gpus 16 cpus 66-68
0: mpibind: task  17 nths  3 gpus 17 cpus 69-71
0: mpibind: task  18 nths  3 gpus 18 cpus 73-76
0: mpibind: task  19 nths  3 gpus 19 cpus 77-79,81
0: mpibind: task  20 nths  3 gpus 20 cpus 82-85
0: mpibind: task  21 nths  3 gpus 21 cpus 86-87,89
0: mpibind: task  22 nths  3 gpus 22 cpus 90-92
0: mpibind: task  23 nths  3 gpus 23 cpus 93-95
0: 0.143s: flux-shell[22]: mpibind: 
0: mpibind: task   0 nths  3 gpus 0 cpus 1-4
0: mpibind: task   1 nths  3 gpus 1 cpus 5-7,9
0: mpibind: task   2 nths  3 gpus 2 cpus 10-13
0: mpibind: task   3 nths  3 gpus 3 cpus 14-15,17
0: mpibind: task   4 nths  3 gpus 4 cpus 18-20
0: mpibind: task   5 nths  3 gpus 5 cpus 21-23
0: mpibind: task   6 nths  3 gpus 6 cpus 25-28
0: mpibind: task   7 nths  3 gpus 7 cpus 29-31,33
0: mpibind: task   8 nths  3 gpus 8 cpus 34-37
0: mpibind: task   9 nths  3 gpus 9 cpus 38-39,41
0: mpibind: task  10 nths  3 gpus 10 cpus 42-44
0: mpibind: task  11 nths  3 gpus 11 cpus 45-47
0: mpibind: task  12 nths  3 gpus 12 cpus 49-52
0: mpibind: task  13 nths  3 gpus 13 cpus 53-55,57
0: mpibind: task  14 nths  3 gpus 14 cpus 58-61
0: mpibind: task  15 nths  3 gpus 15 cpus 62-63,65
0: mpibind: task  16 nths  3 gpus 16 cpus 66-68
0: mpibind: task  17 nths  3 gpus 17 cpus 69-71
0: mpibind: task  18 nths  3 gpus 18 cpus 73-76
0: mpibind: task  19 nths  3 gpus 19 cpus 77-79,81
0: mpibind: task  20 nths  3 gpus 20 cpus 82-85
0: mpibind: task  21 nths  3 gpus 21 cpus 86-87,89
0: mpibind: task  22 nths  3 gpus 22 cpus 90-92
0: mpibind: task  23 nths  3 gpus 23 cpus 93-95
0: 0.134s: flux-shell[24]: mpibind: 
0: mpibind: task   0 nths  3 gpus 0 cpus 1-4
0: mpibind: task   1 nths  3 gpus 1 cpus 5-7,9
0: mpibind: task   2 nths  3 gpus 2 cpus 10-13
0: mpibind: task   3 nths  3 gpus 3 cpus 14-15,17
0: mpibind: task   4 nths  3 gpus 4 cpus 18-20
0: mpibind: task   5 nths  3 gpus 5 cpus 21-23
0: mpibind: task   6 nths  3 gpus 6 cpus 25-28
0: mpibind: task   7 nths  3 gpus 7 cpus 29-31,33
0: mpibind: task   8 nths  3 gpus 8 cpus 34-37
0: mpibind: task   9 nths  3 gpus 9 cpus 38-39,41
0: mpibind: task  10 nths  3 gpus 10 cpus 42-44
0: mpibind: task  11 nths  3 gpus 11 cpus 45-47
0: mpibind: task  12 nths  3 gpus 12 cpus 49-52
0: mpibind: task  13 nths  3 gpus 13 cpus 53-55,57
0: mpibind: task  14 nths  3 gpus 14 cpus 58-61
0: mpibind: task  15 nths  3 gpus 15 cpus 62-63,65
0: mpibind: task  16 nths  3 gpus 16 cpus 66-68
0: mpibind: task  17 nths  3 gpus 17 cpus 69-71
0: mpibind: task  18 nths  3 gpus 18 cpus 73-76
0: mpibind: task  19 nths  3 gpus 19 cpus 77-79,81
0: mpibind: task  20 nths  3 gpus 20 cpus 82-85
0: mpibind: task  21 nths  3 gpus 21 cpus 86-87,89
0: mpibind: task  22 nths  3 gpus 22 cpus 90-92
0: mpibind: task  23 nths  3 gpus 23 cpus 93-95
0: 0.131s: flux-shell[28]: mpibind: 
0: mpibind: task   0 nths  3 gpus 0 cpus 1-4
0: mpibind: task   1 nths  3 gpus 1 cpus 5-7,9
0: mpibind: task   2 nths  3 gpus 2 cpus 10-13
0: mpibind: task   3 nths  3 gpus 3 cpus 14-15,17
0: mpibind: task   4 nths  3 gpus 4 cpus 18-20
0: mpibind: task   5 nths  3 gpus 5 cpus 21-23
0: mpibind: task   6 nths  3 gpus 6 cpus 25-28
0: mpibind: task   7 nths  3 gpus 7 cpus 29-31,33
0: mpibind: task   8 nths  3 gpus 8 cpus 34-37
0: mpibind: task   9 nths  3 gpus 9 cpus 38-39,41
0: mpibind: task  10 nths  3 gpus 10 cpus 42-44
0: mpibind: task  11 nths  3 gpus 11 cpus 45-47
0: mpibind: task  12 nths  3 gpus 12 cpus 49-52
0: mpibind: task  13 nths  3 gpus 13 cpus 53-55,57
0: mpibind: task  14 nths  3 gpus 14 cpus 58-61
0: mpibind: task  15 nths  3 gpus 15 cpus 62-63,65
0: mpibind: task  16 nths  3 gpus 16 cpus 66-68
0: mpibind: task  17 nths  3 gpus 17 cpus 69-71
0: mpibind: task  18 nths  3 gpus 18 cpus 73-76
0: mpibind: task  19 nths  3 gpus 19 cpus 77-79,81
0: mpibind: task  20 nths  3 gpus 20 cpus 82-85
0: mpibind: task  21 nths  3 gpus 21 cpus 86-87,89
0: mpibind: task  22 nths  3 gpus 22 cpus 90-92
0: mpibind: task  23 nths  3 gpus 23 cpus 93-95
0: 0.133s: flux-shell[25]: mpibind: 
0: mpibind: task   0 nths  3 gpus 0 cpus 1-4
0: mpibind: task   1 nths  3 gpus 1 cpus 5-7,9
0: mpibind: task   2 nths  3 gpus 2 cpus 10-13
0: mpibind: task   3 nths  3 gpus 3 cpus 14-15,17
0: mpibind: task   4 nths  3 gpus 4 cpus 18-20
0: mpibind: task   5 nths  3 gpus 5 cpus 21-23
0: mpibind: task   6 nths  3 gpus 6 cpus 25-28
0: mpibind: task   7 nths  3 gpus 7 cpus 29-31,33
0: mpibind: task   8 nths  3 gpus 8 cpus 34-37
0: mpibind: task   9 nths  3 gpus 9 cpus 38-39,41
0: mpibind: task  10 nths  3 gpus 10 cpus 42-44
0: mpibind: task  11 nths  3 gpus 11 cpus 45-47
0: mpibind: task  12 nths  3 gpus 12 cpus 49-52
0: mpibind: task  13 nths  3 gpus 13 cpus 53-55,57
0: mpibind: task  14 nths  3 gpus 14 cpus 58-61
0: mpibind: task  15 nths  3 gpus 15 cpus 62-63,65
0: mpibind: task  16 nths  3 gpus 16 cpus 66-68
0: mpibind: task  17 nths  3 gpus 17 cpus 69-71
0: mpibind: task  18 nths  3 gpus 18 cpus 73-76
0: mpibind: task  19 nths  3 gpus 19 cpus 77-79,81
0: mpibind: task  20 nths  3 gpus 20 cpus 82-85
0: mpibind: task  21 nths  3 gpus 21 cpus 86-87,89
0: mpibind: task  22 nths  3 gpus 22 cpus 90-92
0: mpibind: task  23 nths  3 gpus 23 cpus 93-95
0: 0.137s: flux-shell[26]: mpibind: 
0: mpibind: task   0 nths  3 gpus 0 cpus 1-4
0: mpibind: task   1 nths  3 gpus 1 cpus 5-7,9
0: mpibind: task   2 nths  3 gpus 2 cpus 10-13
0: mpibind: task   3 nths  3 gpus 3 cpus 14-15,17
0: mpibind: task   4 nths  3 gpus 4 cpus 18-20
0: mpibind: task   5 nths  3 gpus 5 cpus 21-23
0: mpibind: task   6 nths  3 gpus 6 cpus 25-28
0: mpibind: task   7 nths  3 gpus 7 cpus 29-31,33
0: mpibind: task   8 nths  3 gpus 8 cpus 34-37
0: mpibind: task   9 nths  3 gpus 9 cpus 38-39,41
0: mpibind: task  10 nths  3 gpus 10 cpus 42-44
0: mpibind: task  11 nths  3 gpus 11 cpus 45-47
0: mpibind: task  12 nths  3 gpus 12 cpus 49-52
0: mpibind: task  13 nths  3 gpus 13 cpus 53-55,57
0: mpibind: task  14 nths  3 gpus 14 cpus 58-61
0: mpibind: task  15 nths  3 gpus 15 cpus 62-63,65
0: mpibind: task  16 nths  3 gpus 16 cpus 66-68
0: mpibind: task  17 nths  3 gpus 17 cpus 69-71
0: mpibind: task  18 nths  3 gpus 18 cpus 73-76
0: mpibind: task  19 nths  3 gpus 19 cpus 77-79,81
0: mpibind: task  20 nths  3 gpus 20 cpus 82-85
0: mpibind: task  21 nths  3 gpus 21 cpus 86-87,89
0: mpibind: task  22 nths  3 gpus 22 cpus 90-92
0: mpibind: task  23 nths  3 gpus 23 cpus 93-95
0: 0.135s: flux-shell[27]: mpibind: 
0: mpibind: task   0 nths  3 gpus 0 cpus 1-4
0: mpibind: task   1 nths  3 gpus 1 cpus 5-7,9
0: mpibind: task   2 nths  3 gpus 2 cpus 10-13
0: mpibind: task   3 nths  3 gpus 3 cpus 14-15,17
0: mpibind: task   4 nths  3 gpus 4 cpus 18-20
0: mpibind: task   5 nths  3 gpus 5 cpus 21-23
0: mpibind: task   6 nths  3 gpus 6 cpus 25-28
0: mpibind: task   7 nths  3 gpus 7 cpus 29-31,33
0: mpibind: task   8 nths  3 gpus 8 cpus 34-37
0: mpibind: task   9 nths  3 gpus 9 cpus 38-39,41
0: mpibind: task  10 nths  3 gpus 10 cpus 42-44
0: mpibind: task  11 nths  3 gpus 11 cpus 45-47
0: mpibind: task  12 nths  3 gpus 12 cpus 49-52
0: mpibind: task  13 nths  3 gpus 13 cpus 53-55,57
0: mpibind: task  14 nths  3 gpus 14 cpus 58-61
0: mpibind: task  15 nths  3 gpus 15 cpus 62-63,65
0: mpibind: task  16 nths  3 gpus 16 cpus 66-68
0: mpibind: task  17 nths  3 gpus 17 cpus 69-71
0: mpibind: task  18 nths  3 gpus 18 cpus 73-76
0: mpibind: task  19 nths  3 gpus 19 cpus 77-79,81
0: mpibind: task  20 nths  3 gpus 20 cpus 82-85
0: mpibind: task  21 nths  3 gpus 21 cpus 86-87,89
0: mpibind: task  22 nths  3 gpus 22 cpus 90-92
0: mpibind: task  23 nths  3 gpus 23 cpus 93-95
0: 0.139s: flux-shell[29]: mpibind: 
0: mpibind: task   0 nths  3 gpus 0 cpus 1-4
0: mpibind: task   1 nths  3 gpus 1 cpus 5-7,9
0: mpibind: task   2 nths  3 gpus 2 cpus 10-13
0: mpibind: task   3 nths  3 gpus 3 cpus 14-15,17
0: mpibind: task   4 nths  3 gpus 4 cpus 18-20
0: mpibind: task   5 nths  3 gpus 5 cpus 21-23
0: mpibind: task   6 nths  3 gpus 6 cpus 25-28
0: mpibind: task   7 nths  3 gpus 7 cpus 29-31,33
0: mpibind: task   8 nths  3 gpus 8 cpus 34-37
0: mpibind: task   9 nths  3 gpus 9 cpus 38-39,41
0: mpibind: task  10 nths  3 gpus 10 cpus 42-44
0: mpibind: task  11 nths  3 gpus 11 cpus 45-47
0: mpibind: task  12 nths  3 gpus 12 cpus 49-52
0: mpibind: task  13 nths  3 gpus 13 cpus 53-55,57
0: mpibind: task  14 nths  3 gpus 14 cpus 58-61
0: mpibind: task  15 nths  3 gpus 15 cpus 62-63,65
0: mpibind: task  16 nths  3 gpus 16 cpus 66-68
0: mpibind: task  17 nths  3 gpus 17 cpus 69-71
0: mpibind: task  18 nths  3 gpus 18 cpus 73-76
0: mpibind: task  19 nths  3 gpus 19 cpus 77-79,81
0: mpibind: task  20 nths  3 gpus 20 cpus 82-85
0: mpibind: task  21 nths  3 gpus 21 cpus 86-87,89
0: mpibind: task  22 nths  3 gpus 22 cpus 90-92
0: mpibind: task  23 nths  3 gpus 23 cpus 93-95
0: 0.138s: flux-shell[30]: mpibind: 
0: mpibind: task   0 nths  3 gpus 0 cpus 1-4
0: mpibind: task   1 nths  3 gpus 1 cpus 5-7,9
0: mpibind: task   2 nths  3 gpus 2 cpus 10-13
0: mpibind: task   3 nths  3 gpus 3 cpus 14-15,17
0: mpibind: task   4 nths  3 gpus 4 cpus 18-20
0: mpibind: task   5 nths  3 gpus 5 cpus 21-23
0: mpibind: task   6 nths  3 gpus 6 cpus 25-28
0: mpibind: task   7 nths  3 gpus 7 cpus 29-31,33
0: mpibind: task   8 nths  3 gpus 8 cpus 34-37
0: mpibind: task   9 nths  3 gpus 9 cpus 38-39,41
0: mpibind: task  10 nths  3 gpus 10 cpus 42-44
0: mpibind: task  11 nths  3 gpus 11 cpus 45-47
0: mpibind: task  12 nths  3 gpus 12 cpus 49-52
0: mpibind: task  13 nths  3 gpus 13 cpus 53-55,57
0: mpibind: task  14 nths  3 gpus 14 cpus 58-61
0: mpibind: task  15 nths  3 gpus 15 cpus 62-63,65
0: mpibind: task  16 nths  3 gpus 16 cpus 66-68
0: mpibind: task  17 nths  3 gpus 17 cpus 69-71
0: mpibind: task  18 nths  3 gpus 18 cpus 73-76
0: mpibind: task  19 nths  3 gpus 19 cpus 77-79,81
0: mpibind: task  20 nths  3 gpus 20 cpus 82-85
0: mpibind: task  21 nths  3 gpus 21 cpus 86-87,89
0: mpibind: task  22 nths  3 gpus 22 cpus 90-92
0: mpibind: task  23 nths  3 gpus 23 cpus 93-95
0: jobid: f3aesJCB9
0: 0.117s: flux-shell[0]: mpibind: 
0: mpibind: task   0 nths  3 gpus 0 cpus 1-4
0: mpibind: task   1 nths  3 gpus 1 cpus 5-7,9
0: mpibind: task   2 nths  3 gpus 2 cpus 10-13
0: mpibind: task   3 nths  3 gpus 3 cpus 14-15,17
0: mpibind: task   4 nths  3 gpus 4 cpus 18-20
0: mpibind: task   5 nths  3 gpus 5 cpus 21-23
0: mpibind: task   6 nths  3 gpus 6 cpus 25-28
0: mpibind: task   7 nths  3 gpus 7 cpus 29-31,33
0: mpibind: task   8 nths  3 gpus 8 cpus 34-37
0: mpibind: task   9 nths  3 gpus 9 cpus 38-39,41
0: mpibind: task  10 nths  3 gpus 10 cpus 42-44
0: mpibind: task  11 nths  3 gpus 11 cpus 45-47
0: mpibind: task  12 nths  3 gpus 12 cpus 49-52
0: mpibind: task  13 nths  3 gpus 13 cpus 53-55,57
0: mpibind: task  14 nths  3 gpus 14 cpus 58-61
0: mpibind: task  15 nths  3 gpus 15 cpus 62-63,65
0: mpibind: task  16 nths  3 gpus 16 cpus 66-68
0: mpibind: task  17 nths  3 gpus 17 cpus 69-71
0: mpibind: task  18 nths  3 gpus 18 cpus 73-76
0: mpibind: task  19 nths  3 gpus 19 cpus 77-79,81
0: mpibind: task  20 nths  3 gpus 20 cpus 82-85
0: mpibind: task  21 nths  3 gpus 21 cpus 86-87,89
0: mpibind: task  22 nths  3 gpus 22 cpus 90-92
0: mpibind: task  23 nths  3 gpus 23 cpus 93-95
0: 0.122s: flux-shell[1]: mpibind: 
0: mpibind: task   0 nths  3 gpus 0 cpus 1-4
0: mpibind: task   1 nths  3 gpus 1 cpus 5-7,9
0: mpibind: task   2 nths  3 gpus 2 cpus 10-13
0: mpibind: task   3 nths  3 gpus 3 cpus 14-15,17
0: mpibind: task   4 nths  3 gpus 4 cpus 18-20
0: mpibind: task   5 nths  3 gpus 5 cpus 21-23
0: mpibind: task   6 nths  3 gpus 6 cpus 25-28
0: mpibind: task   7 nths  3 gpus 7 cpus 29-31,33
0: mpibind: task   8 nths  3 gpus 8 cpus 34-37
0: mpibind: task   9 nths  3 gpus 9 cpus 38-39,41
0: mpibind: task  10 nths  3 gpus 10 cpus 42-44
0: mpibind: task  11 nths  3 gpus 11 cpus 45-47
0: mpibind: task  12 nths  3 gpus 12 cpus 49-52
0: mpibind: task  13 nths  3 gpus 13 cpus 53-55,57
0: mpibind: task  14 nths  3 gpus 14 cpus 58-61
0: mpibind: task  15 nths  3 gpus 15 cpus 62-63,65
0: mpibind: task  16 nths  3 gpus 16 cpus 66-68
0: mpibind: task  17 nths  3 gpus 17 cpus 69-71
0: mpibind: task  18 nths  3 gpus 18 cpus 73-76
0: mpibind: task  19 nths  3 gpus 19 cpus 77-79,81
0: mpibind: task  20 nths  3 gpus 20 cpus 82-85
0: mpibind: task  21 nths  3 gpus 21 cpus 86-87,89
0: mpibind: task  22 nths  3 gpus 22 cpus 90-92
0: mpibind: task  23 nths  3 gpus 23 cpus 93-95
0: 0.129s: flux-shell[14]: mpibind: 
0: mpibind: task   0 nths  3 gpus 0 cpus 1-4
0: mpibind: task   1 nths  3 gpus 1 cpus 5-7,9
0: mpibind: task   2 nths  3 gpus 2 cpus 10-13
0: mpibind: task   3 nths  3 gpus 3 cpus 14-15,17
0: mpibind: task   4 nths  3 gpus 4 cpus 18-20
0: mpibind: task   5 nths  3 gpus 5 cpus 21-23
0: mpibind: task   6 nths  3 gpus 6 cpus 25-28
0: mpibind: task   7 nths  3 gpus 7 cpus 29-31,33
0: mpibind: task   8 nths  3 gpus 8 cpus 34-37
0: mpibind: task   9 nths  3 gpus 9 cpus 38-39,41
0: mpibind: task  10 nths  3 gpus 10 cpus 42-44
0: mpibind: task  11 nths  3 gpus 11 cpus 45-47
0: mpibind: task  12 nths  3 gpus 12 cpus 49-52
0: mpibind: task  13 nths  3 gpus 13 cpus 53-55,57
0: mpibind: task  14 nths  3 gpus 14 cpus 58-61
0: mpibind: task  15 nths  3 gpus 15 cpus 62-63,65
0: mpibind: task  16 nths  3 gpus 16 cpus 66-68
0: mpibind: task  17 nths  3 gpus 17 cpus 69-71
0: mpibind: task  18 nths  3 gpus 18 cpus 73-76
0: mpibind: task  19 nths  3 gpus 19 cpus 77-79,81
0: mpibind: task  20 nths  3 gpus 20 cpus 82-85
0: mpibind: task  21 nths  3 gpus 21 cpus 86-87,89
0: mpibind: task  22 nths  3 gpus 22 cpus 90-92
0: mpibind: task  23 nths  3 gpus 23 cpus 93-95
0: 0.136s: flux-shell[13]: mpibind: 
0: mpibind: task   0 nths  3 gpus 0 cpus 1-4
0: mpibind: task   1 nths  3 gpus 1 cpus 5-7,9
0: mpibind: task   2 nths  3 gpus 2 cpus 10-13
0: mpibind: task   3 nths  3 gpus 3 cpus 14-15,17
0: mpibind: task   4 nths  3 gpus 4 cpus 18-20
0: mpibind: task   5 nths  3 gpus 5 cpus 21-23
0: mpibind: task   6 nths  3 gpus 6 cpus 25-28
0: mpibind: task   7 nths  3 gpus 7 cpus 29-31,33
0: mpibind: task   8 nths  3 gpus 8 cpus 34-37
0: mpibind: task   9 nths  3 gpus 9 cpus 38-39,41
0: mpibind: task  10 nths  3 gpus 10 cpus 42-44
0: mpibind: task  11 nths  3 gpus 11 cpus 45-47
0: mpibind: task  12 nths  3 gpus 12 cpus 49-52
0: mpibind: task  13 nths  3 gpus 13 cpus 53-55,57
0: mpibind: task  14 nths  3 gpus 14 cpus 58-61
0: mpibind: task  15 nths  3 gpus 15 cpus 62-63,65
0: mpibind: task  16 nths  3 gpus 16 cpus 66-68
0: mpibind: task  17 nths  3 gpus 17 cpus 69-71
0: mpibind: task  18 nths  3 gpus 18 cpus 73-76
0: mpibind: task  19 nths  3 gpus 19 cpus 77-79,81
0: mpibind: task  20 nths  3 gpus 20 cpus 82-85
0: mpibind: task  21 nths  3 gpus 21 cpus 86-87,89
0: mpibind: task  22 nths  3 gpus 22 cpus 90-92
0: mpibind: task  23 nths  3 gpus 23 cpus 93-95
0: 0.129s: flux-shell[2]: mpibind: 
0: mpibind: task   0 nths  3 gpus 0 cpus 1-4
0: mpibind: task   1 nths  3 gpus 1 cpus 5-7,9
0: mpibind: task   2 nths  3 gpus 2 cpus 10-13
0: mpibind: task   3 nths  3 gpus 3 cpus 14-15,17
0: mpibind: task   4 nths  3 gpus 4 cpus 18-20
0: mpibind: task   5 nths  3 gpus 5 cpus 21-23
0: mpibind: task   6 nths  3 gpus 6 cpus 25-28
0: mpibind: task   7 nths  3 gpus 7 cpus 29-31,33
0: mpibind: task   8 nths  3 gpus 8 cpus 34-37
0: mpibind: task   9 nths  3 gpus 9 cpus 38-39,41
0: mpibind: task  10 nths  3 gpus 10 cpus 42-44
0: mpibind: task  11 nths  3 gpus 11 cpus 45-47
0: mpibind: task  12 nths  3 gpus 12 cpus 49-52
0: mpibind: task  13 nths  3 gpus 13 cpus 53-55,57
0: mpibind: task  14 nths  3 gpus 14 cpus 58-61
0: mpibind: task  15 nths  3 gpus 15 cpus 62-63,65
0: mpibind: task  16 nths  3 gpus 16 cpus 66-68
0: mpibind: task  17 nths  3 gpus 17 cpus 69-71
0: mpibind: task  18 nths  3 gpus 18 cpus 73-76
0: mpibind: task  19 nths  3 gpus 19 cpus 77-79,81
0: mpibind: task  20 nths  3 gpus 20 cpus 82-85
0: mpibind: task  21 nths  3 gpus 21 cpus 86-87,89
0: mpibind: task  22 nths  3 gpus 22 cpus 90-92
0: mpibind: task  23 nths  3 gpus 23 cpus 93-95
0: 0.128s: flux-shell[3]: mpibind: 
0: mpibind: task   0 nths  3 gpus 0 cpus 1-4
0: mpibind: task   1 nths  3 gpus 1 cpus 5-7,9
0: mpibind: task   2 nths  3 gpus 2 cpus 10-13
0: mpibind: task   3 nths  3 gpus 3 cpus 14-15,17
0: mpibind: task   4 nths  3 gpus 4 cpus 18-20
0: mpibind: task   5 nths  3 gpus 5 cpus 21-23
0: mpibind: task   6 nths  3 gpus 6 cpus 25-28
0: mpibind: task   7 nths  3 gpus 7 cpus 29-31,33
0: mpibind: task   8 nths  3 gpus 8 cpus 34-37
0: mpibind: task   9 nths  3 gpus 9 cpus 38-39,41
0: mpibind: task  10 nths  3 gpus 10 cpus 42-44
0: mpibind: task  11 nths  3 gpus 11 cpus 45-47
0: mpibind: task  12 nths  3 gpus 12 cpus 49-52
0: mpibind: task  13 nths  3 gpus 13 cpus 53-55,57
0: mpibind: task  14 nths  3 gpus 14 cpus 58-61
0: mpibind: task  15 nths  3 gpus 15 cpus 62-63,65
0: mpibind: task  16 nths  3 gpus 16 cpus 66-68
0: mpibind: task  17 nths  3 gpus 17 cpus 69-71
0: mpibind: task  18 nths  3 gpus 18 cpus 73-76
0: mpibind: task  19 nths  3 gpus 19 cpus 77-79,81
0: mpibind: task  20 nths  3 gpus 20 cpus 82-85
0: mpibind: task  21 nths  3 gpus 21 cpus 86-87,89
0: mpibind: task  22 nths  3 gpus 22 cpus 90-92
0: mpibind: task  23 nths  3 gpus 23 cpus 93-95
0: 0.125s: flux-shell[4]: mpibind: 
0: mpibind: task   0 nths  3 gpus 0 cpus 1-4
0: mpibind: task   1 nths  3 gpus 1 cpus 5-7,9
0: mpibind: task   2 nths  3 gpus 2 cpus 10-13
0: mpibind: task   3 nths  3 gpus 3 cpus 14-15,17
0: mpibind: task   4 nths  3 gpus 4 cpus 18-20
0: mpibind: task   5 nths  3 gpus 5 cpus 21-23
0: mpibind: task   6 nths  3 gpus 6 cpus 25-28
0: mpibind: task   7 nths  3 gpus 7 cpus 29-31,33
0: mpibind: task   8 nths  3 gpus 8 cpus 34-37
0: mpibind: task   9 nths  3 gpus 9 cpus 38-39,41
0: mpibind: task  10 nths  3 gpus 10 cpus 42-44
0: mpibind: task  11 nths  3 gpus 11 cpus 45-47
0: mpibind: task  12 nths  3 gpus 12 cpus 49-52
0: mpibind: task  13 nths  3 gpus 13 cpus 53-55,57
0: mpibind: task  14 nths  3 gpus 14 cpus 58-61
0: mpibind: task  15 nths  3 gpus 15 cpus 62-63,65
0: mpibind: task  16 nths  3 gpus 16 cpus 66-68
0: mpibind: task  17 nths  3 gpus 17 cpus 69-71
0: mpibind: task  18 nths  3 gpus 18 cpus 73-76
0: mpibind: task  19 nths  3 gpus 19 cpus 77-79,81
0: mpibind: task  20 nths  3 gpus 20 cpus 82-85
0: mpibind: task  21 nths  3 gpus 21 cpus 86-87,89
0: mpibind: task  22 nths  3 gpus 22 cpus 90-92
0: mpibind: task  23 nths  3 gpus 23 cpus 93-95
0: 0.136s: flux-shell[5]: mpibind: 
0: mpibind: task   0 nths  3 gpus 0 cpus 1-4
0: mpibind: task   1 nths  3 gpus 1 cpus 5-7,9
0: mpibind: task   2 nths  3 gpus 2 cpus 10-13
0: mpibind: task   3 nths  3 gpus 3 cpus 14-15,17
0: mpibind: task   4 nths  3 gpus 4 cpus 18-20
0: mpibind: task   5 nths  3 gpus 5 cpus 21-23
0: mpibind: task   6 nths  3 gpus 6 cpus 25-28
0: mpibind: task   7 nths  3 gpus 7 cpus 29-31,33
0: mpibind: task   8 nths  3 gpus 8 cpus 34-37
0: mpibind: task   9 nths  3 gpus 9 cpus 38-39,41
0: mpibind: task  10 nths  3 gpus 10 cpus 42-44
0: mpibind: task  11 nths  3 gpus 11 cpus 45-47
0: mpibind: task  12 nths  3 gpus 12 cpus 49-52
0: mpibind: task  13 nths  3 gpus 13 cpus 53-55,57
0: mpibind: task  14 nths  3 gpus 14 cpus 58-61
0: mpibind: task  15 nths  3 gpus 15 cpus 62-63,65
0: mpibind: task  16 nths  3 gpus 16 cpus 66-68
0: mpibind: task  17 nths  3 gpus 17 cpus 69-71
0: mpibind: task  18 nths  3 gpus 18 cpus 73-76
0: mpibind: task  19 nths  3 gpus 19 cpus 77-79,81
0: mpibind: task  20 nths  3 gpus 20 cpus 82-85
0: mpibind: task  21 nths  3 gpus 21 cpus 86-87,89
0: mpibind: task  22 nths  3 gpus 22 cpus 90-92
0: mpibind: task  23 nths  3 gpus 23 cpus 93-95
0: 0.128s: flux-shell[6]: mpibind: 
0: mpibind: task   0 nths  3 gpus 0 cpus 1-4
0: mpibind: task   1 nths  3 gpus 1 cpus 5-7,9
0: mpibind: task   2 nths  3 gpus 2 cpus 10-13
0: mpibind: task   3 nths  3 gpus 3 cpus 14-15,17
0: mpibind: task   4 nths  3 gpus 4 cpus 18-20
0: mpibind: task   5 nths  3 gpus 5 cpus 21-23
0: mpibind: task   6 nths  3 gpus 6 cpus 25-28
0: mpibind: task   7 nths  3 gpus 7 cpus 29-31,33
0: mpibind: task   8 nths  3 gpus 8 cpus 34-37
0: mpibind: task   9 nths  3 gpus 9 cpus 38-39,41
0: mpibind: task  10 nths  3 gpus 10 cpus 42-44
0: mpibind: task  11 nths  3 gpus 11 cpus 45-47
0: mpibind: task  12 nths  3 gpus 12 cpus 49-52
0: mpibind: task  13 nths  3 gpus 13 cpus 53-55,57
0: mpibind: task  14 nths  3 gpus 14 cpus 58-61
0: mpibind: task  15 nths  3 gpus 15 cpus 62-63,65
0: mpibind: task  16 nths  3 gpus 16 cpus 66-68
0: mpibind: task  17 nths  3 gpus 17 cpus 69-71
0: mpibind: task  18 nths  3 gpus 18 cpus 73-76
0: mpibind: task  19 nths  3 gpus 19 cpus 77-79,81
0: mpibind: task  20 nths  3 gpus 20 cpus 82-85
0: mpibind: task  21 nths  3 gpus 21 cpus 86-87,89
0: mpibind: task  22 nths  3 gpus 22 cpus 90-92
0: mpibind: task  23 nths  3 gpus 23 cpus 93-95
0: 0.120s: flux-shell[7]: mpibind: 
0: mpibind: task   0 nths  3 gpus 0 cpus 1-4
0: mpibind: task   1 nths  3 gpus 1 cpus 5-7,9
0: mpibind: task   2 nths  3 gpus 2 cpus 10-13
0: mpibind: task   3 nths  3 gpus 3 cpus 14-15,17
0: mpibind: task   4 nths  3 gpus 4 cpus 18-20
0: mpibind: task   5 nths  3 gpus 5 cpus 21-23
0: mpibind: task   6 nths  3 gpus 6 cpus 25-28
0: mpibind: task   7 nths  3 gpus 7 cpus 29-31,33
0: mpibind: task   8 nths  3 gpus 8 cpus 34-37
0: mpibind: task   9 nths  3 gpus 9 cpus 38-39,41
0: mpibind: task  10 nths  3 gpus 10 cpus 42-44
0: mpibind: task  11 nths  3 gpus 11 cpus 45-47
0: mpibind: task  12 nths  3 gpus 12 cpus 49-52
0: mpibind: task  13 nths  3 gpus 13 cpus 53-55,57
0: mpibind: task  14 nths  3 gpus 14 cpus 58-61
0: mpibind: task  15 nths  3 gpus 15 cpus 62-63,65
0: mpibind: task  16 nths  3 gpus 16 cpus 66-68
0: mpibind: task  17 nths  3 gpus 17 cpus 69-71
0: mpibind: task  18 nths  3 gpus 18 cpus 73-76
0: mpibind: task  19 nths  3 gpus 19 cpus 77-79,81
0: mpibind: task  20 nths  3 gpus 20 cpus 82-85
0: mpibind: task  21 nths  3 gpus 21 cpus 86-87,89
0: mpibind: task  22 nths  3 gpus 22 cpus 90-92
0: mpibind: task  23 nths  3 gpus 23 cpus 93-95
0: 0.126s: flux-shell[8]: mpibind: 
0: mpibind: task   0 nths  3 gpus 0 cpus 1-4
0: mpibind: task   1 nths  3 gpus 1 cpus 5-7,9
0: mpibind: task   2 nths  3 gpus 2 cpus 10-13
0: mpibind: task   3 nths  3 gpus 3 cpus 14-15,17
0: mpibind: task   4 nths  3 gpus 4 cpus 18-20
0: mpibind: task   5 nths  3 gpus 5 cpus 21-23
0: mpibind: task   6 nths  3 gpus 6 cpus 25-28
0: mpibind: task   7 nths  3 gpus 7 cpus 29-31,33
0: mpibind: task   8 nths  3 gpus 8 cpus 34-37
0: mpibind: task   9 nths  3 gpus 9 cpus 38-39,41
0: mpibind: task  10 nths  3 gpus 10 cpus 42-44
0: mpibind: task  11 nths  3 gpus 11 cpus 45-47
0: mpibind: task  12 nths  3 gpus 12 cpus 49-52
0: mpibind: task  13 nths  3 gpus 13 cpus 53-55,57
0: mpibind: task  14 nths  3 gpus 14 cpus 58-61
0: mpibind: task  15 nths  3 gpus 15 cpus 62-63,65
0: mpibind: task  16 nths  3 gpus 16 cpus 66-68
0: mpibind: task  17 nths  3 gpus 17 cpus 69-71
0: mpibind: task  18 nths  3 gpus 18 cpus 73-76
0: mpibind: task  19 nths  3 gpus 19 cpus 77-79,81
0: mpibind: task  20 nths  3 gpus 20 cpus 82-85
0: mpibind: task  21 nths  3 gpus 21 cpus 86-87,89
0: mpibind: task  22 nths  3 gpus 22 cpus 90-92
0: mpibind: task  23 nths  3 gpus 23 cpus 93-95
0: 0.131s: flux-shell[9]: mpibind: 
0: mpibind: task   0 nths  3 gpus 0 cpus 1-4
0: mpibind: task   1 nths  3 gpus 1 cpus 5-7,9
0: mpibind: task   2 nths  3 gpus 2 cpus 10-13
0: mpibind: task   3 nths  3 gpus 3 cpus 14-15,17
0: mpibind: task   4 nths  3 gpus 4 cpus 18-20
0: mpibind: task   5 nths  3 gpus 5 cpus 21-23
0: mpibind: task   6 nths  3 gpus 6 cpus 25-28
0: mpibind: task   7 nths  3 gpus 7 cpus 29-31,33
0: mpibind: task   8 nths  3 gpus 8 cpus 34-37
0: mpibind: task   9 nths  3 gpus 9 cpus 38-39,41
0: mpibind: task  10 nths  3 gpus 10 cpus 42-44
0: mpibind: task  11 nths  3 gpus 11 cpus 45-47
0: mpibind: task  12 nths  3 gpus 12 cpus 49-52
0: mpibind: task  13 nths  3 gpus 13 cpus 53-55,57
0: mpibind: task  14 nths  3 gpus 14 cpus 58-61
0: mpibind: task  15 nths  3 gpus 15 cpus 62-63,65
0: mpibind: task  16 nths  3 gpus 16 cpus 66-68
0: mpibind: task  17 nths  3 gpus 17 cpus 69-71
0: mpibind: task  18 nths  3 gpus 18 cpus 73-76
0: mpibind: task  19 nths  3 gpus 19 cpus 77-79,81
0: mpibind: task  20 nths  3 gpus 20 cpus 82-85
0: mpibind: task  21 nths  3 gpus 21 cpus 86-87,89
0: mpibind: task  22 nths  3 gpus 22 cpus 90-92
0: mpibind: task  23 nths  3 gpus 23 cpus 93-95
0: 0.126s: flux-shell[10]: mpibind: 
0: mpibind: task   0 nths  3 gpus 0 cpus 1-4
0: mpibind: task   1 nths  3 gpus 1 cpus 5-7,9
0: mpibind: task   2 nths  3 gpus 2 cpus 10-13
0: mpibind: task   3 nths  3 gpus 3 cpus 14-15,17
0: mpibind: task   4 nths  3 gpus 4 cpus 18-20
0: mpibind: task   5 nths  3 gpus 5 cpus 21-23
0: mpibind: task   6 nths  3 gpus 6 cpus 25-28
0: mpibind: task   7 nths  3 gpus 7 cpus 29-31,33
0: mpibind: task   8 nths  3 gpus 8 cpus 34-37
0: mpibind: task   9 nths  3 gpus 9 cpus 38-39,41
0: mpibind: task  10 nths  3 gpus 10 cpus 42-44
0: mpibind: task  11 nths  3 gpus 11 cpus 45-47
0: mpibind: task  12 nths  3 gpus 12 cpus 49-52
0: mpibind: task  13 nths  3 gpus 13 cpus 53-55,57
0: mpibind: task  14 nths  3 gpus 14 cpus 58-61
0: mpibind: task  15 nths  3 gpus 15 cpus 62-63,65
0: mpibind: task  16 nths  3 gpus 16 cpus 66-68
0: mpibind: task  17 nths  3 gpus 17 cpus 69-71
0: mpibind: task  18 nths  3 gpus 18 cpus 73-76
0: mpibind: task  19 nths  3 gpus 19 cpus 77-79,81
0: mpibind: task  20 nths  3 gpus 20 cpus 82-85
0: mpibind: task  21 nths  3 gpus 21 cpus 86-87,89
0: mpibind: task  22 nths  3 gpus 22 cpus 90-92
0: mpibind: task  23 nths  3 gpus 23 cpus 93-95
0: 0.128s: flux-shell[11]: mpibind: 
0: mpibind: task   0 nths  3 gpus 0 cpus 1-4
0: mpibind: task   1 nths  3 gpus 1 cpus 5-7,9
0: mpibind: task   2 nths  3 gpus 2 cpus 10-13
0: mpibind: task   3 nths  3 gpus 3 cpus 14-15,17
0: mpibind: task   4 nths  3 gpus 4 cpus 18-20
0: mpibind: task   5 nths  3 gpus 5 cpus 21-23
0: mpibind: task   6 nths  3 gpus 6 cpus 25-28
0: mpibind: task   7 nths  3 gpus 7 cpus 29-31,33
0: mpibind: task   8 nths  3 gpus 8 cpus 34-37
0: mpibind: task   9 nths  3 gpus 9 cpus 38-39,41
0: mpibind: task  10 nths  3 gpus 10 cpus 42-44
0: mpibind: task  11 nths  3 gpus 11 cpus 45-47
0: mpibind: task  12 nths  3 gpus 12 cpus 49-52
0: mpibind: task  13 nths  3 gpus 13 cpus 53-55,57
0: mpibind: task  14 nths  3 gpus 14 cpus 58-61
0: mpibind: task  15 nths  3 gpus 15 cpus 62-63,65
0: mpibind: task  16 nths  3 gpus 16 cpus 66-68
0: mpibind: task  17 nths  3 gpus 17 cpus 69-71
0: mpibind: task  18 nths  3 gpus 18 cpus 73-76
0: mpibind: task  19 nths  3 gpus 19 cpus 77-79,81
0: mpibind: task  20 nths  3 gpus 20 cpus 82-85
0: mpibind: task  21 nths  3 gpus 21 cpus 86-87,89
0: mpibind: task  22 nths  3 gpus 22 cpus 90-92
0: mpibind: task  23 nths  3 gpus 23 cpus 93-95
0: 0.125s: flux-shell[12]: mpibind: 
0: mpibind: task   0 nths  3 gpus 0 cpus 1-4
0: mpibind: task   1 nths  3 gpus 1 cpus 5-7,9
0: mpibind: task   2 nths  3 gpus 2 cpus 10-13
0: mpibind: task   3 nths  3 gpus 3 cpus 14-15,17
0: mpibind: task   4 nths  3 gpus 4 cpus 18-20
0: mpibind: task   5 nths  3 gpus 5 cpus 21-23
0: mpibind: task   6 nths  3 gpus 6 cpus 25-28
0: mpibind: task   7 nths  3 gpus 7 cpus 29-31,33
0: mpibind: task   8 nths  3 gpus 8 cpus 34-37
0: mpibind: task   9 nths  3 gpus 9 cpus 38-39,41
0: mpibind: task  10 nths  3 gpus 10 cpus 42-44
0: mpibind: task  11 nths  3 gpus 11 cpus 45-47
0: mpibind: task  12 nths  3 gpus 12 cpus 49-52
0: mpibind: task  13 nths  3 gpus 13 cpus 53-55,57
0: mpibind: task  14 nths  3 gpus 14 cpus 58-61
0: mpibind: task  15 nths  3 gpus 15 cpus 62-63,65
0: mpibind: task  16 nths  3 gpus 16 cpus 66-68
0: mpibind: task  17 nths  3 gpus 17 cpus 69-71
0: mpibind: task  18 nths  3 gpus 18 cpus 73-76
0: mpibind: task  19 nths  3 gpus 19 cpus 77-79,81
0: mpibind: task  20 nths  3 gpus 20 cpus 82-85
0: mpibind: task  21 nths  3 gpus 21 cpus 86-87,89
0: mpibind: task  22 nths  3 gpus 22 cpus 90-92
0: mpibind: task  23 nths  3 gpus 23 cpus 93-95
0: 0.131s: flux-shell[23]: mpibind: 
0: mpibind: task   0 nths  3 gpus 0 cpus 1-4
0: mpibind: task   1 nths  3 gpus 1 cpus 5-7,9
0: mpibind: task   2 nths  3 gpus 2 cpus 10-13
0: mpibind: task   3 nths  3 gpus 3 cpus 14-15,17
0: mpibind: task   4 nths  3 gpus 4 cpus 18-20
0: mpibind: task   5 nths  3 gpus 5 cpus 21-23
0: mpibind: task   6 nths  3 gpus 6 cpus 25-28
0: mpibind: task   7 nths  3 gpus 7 cpus 29-31,33
0: mpibind: task   8 nths  3 gpus 8 cpus 34-37
0: mpibind: task   9 nths  3 gpus 9 cpus 38-39,41
0: mpibind: task  10 nths  3 gpus 10 cpus 42-44
0: mpibind: task  11 nths  3 gpus 11 cpus 45-47
0: mpibind: task  12 nths  3 gpus 12 cpus 49-52
0: mpibind: task  13 nths  3 gpus 13 cpus 53-55,57
0: mpibind: task  14 nths  3 gpus 14 cpus 58-61
0: mpibind: task  15 nths  3 gpus 15 cpus 62-63,65
0: mpibind: task  16 nths  3 gpus 16 cpus 66-68
0: mpibind: task  17 nths  3 gpus 17 cpus 69-71
0: mpibind: task  18 nths  3 gpus 18 cpus 73-76
0: mpibind: task  19 nths  3 gpus 19 cpus 77-79,81
0: mpibind: task  20 nths  3 gpus 20 cpus 82-85
0: mpibind: task  21 nths  3 gpus 21 cpus 86-87,89
0: mpibind: task  22 nths  3 gpus 22 cpus 90-92
0: mpibind: task  23 nths  3 gpus 23 cpus 93-95
0: 0.136s: flux-shell[24]: mpibind: 
0: mpibind: task   0 nths  3 gpus 0 cpus 1-4
0: mpibind: task   1 nths  3 gpus 1 cpus 5-7,9
0: mpibind: task   2 nths  3 gpus 2 cpus 10-13
0: mpibind: task   3 nths  3 gpus 3 cpus 14-15,17
0: mpibind: task   4 nths  3 gpus 4 cpus 18-20
0: mpibind: task   5 nths  3 gpus 5 cpus 21-23
0: mpibind: task   6 nths  3 gpus 6 cpus 25-28
0: mpibind: task   7 nths  3 gpus 7 cpus 29-31,33
0: mpibind: task   8 nths  3 gpus 8 cpus 34-37
0: mpibind: task   9 nths  3 gpus 9 cpus 38-39,41
0: mpibind: task  10 nths  3 gpus 10 cpus 42-44
0: mpibind: task  11 nths  3 gpus 11 cpus 45-47
0: mpibind: task  12 nths  3 gpus 12 cpus 49-52
0: mpibind: task  13 nths  3 gpus 13 cpus 53-55,57
0: mpibind: task  14 nths  3 gpus 14 cpus 58-61
0: mpibind: task  15 nths  3 gpus 15 cpus 62-63,65
0: mpibind: task  16 nths  3 gpus 16 cpus 66-68
0: mpibind: task  17 nths  3 gpus 17 cpus 69-71
0: mpibind: task  18 nths  3 gpus 18 cpus 73-76
0: mpibind: task  19 nths  3 gpus 19 cpus 77-79,81
0: mpibind: task  20 nths  3 gpus 20 cpus 82-85
0: mpibind: task  21 nths  3 gpus 21 cpus 86-87,89
0: mpibind: task  22 nths  3 gpus 22 cpus 90-92
0: mpibind: task  23 nths  3 gpus 23 cpus 93-95
0: 0.136s: flux-shell[25]: mpibind: 
0: mpibind: task   0 nths  3 gpus 0 cpus 1-4
0: mpibind: task   1 nths  3 gpus 1 cpus 5-7,9
0: mpibind: task   2 nths  3 gpus 2 cpus 10-13
0: mpibind: task   3 nths  3 gpus 3 cpus 14-15,17
0: mpibind: task   4 nths  3 gpus 4 cpus 18-20
0: mpibind: task   5 nths  3 gpus 5 cpus 21-23
0: mpibind: task   6 nths  3 gpus 6 cpus 25-28
0: mpibind: task   7 nths  3 gpus 7 cpus 29-31,33
0: mpibind: task   8 nths  3 gpus 8 cpus 34-37
0: mpibind: task   9 nths  3 gpus 9 cpus 38-39,41
0: mpibind: task  10 nths  3 gpus 10 cpus 42-44
0: mpibind: task  11 nths  3 gpus 11 cpus 45-47
0: mpibind: task  12 nths  3 gpus 12 cpus 49-52
0: mpibind: task  13 nths  3 gpus 13 cpus 53-55,57
0: mpibind: task  14 nths  3 gpus 14 cpus 58-61
0: mpibind: task  15 nths  3 gpus 15 cpus 62-63,65
0: mpibind: task  16 nths  3 gpus 16 cpus 66-68
0: mpibind: task  17 nths  3 gpus 17 cpus 69-71
0: mpibind: task  18 nths  3 gpus 18 cpus 73-76
0: mpibind: task  19 nths  3 gpus 19 cpus 77-79,81
0: mpibind: task  20 nths  3 gpus 20 cpus 82-85
0: mpibind: task  21 nths  3 gpus 21 cpus 86-87,89
0: mpibind: task  22 nths  3 gpus 22 cpus 90-92
0: mpibind: task  23 nths  3 gpus 23 cpus 93-95
0: 0.144s: flux-shell[26]: mpibind: 
0: mpibind: task   0 nths  3 gpus 0 cpus 1-4
0: mpibind: task   1 nths  3 gpus 1 cpus 5-7,9
0: mpibind: task   2 nths  3 gpus 2 cpus 10-13
0: mpibind: task   3 nths  3 gpus 3 cpus 14-15,17
0: mpibind: task   4 nths  3 gpus 4 cpus 18-20
0: mpibind: task   5 nths  3 gpus 5 cpus 21-23
0: mpibind: task   6 nths  3 gpus 6 cpus 25-28
0: mpibind: task   7 nths  3 gpus 7 cpus 29-31,33
0: mpibind: task   8 nths  3 gpus 8 cpus 34-37
0: mpibind: task   9 nths  3 gpus 9 cpus 38-39,41
0: mpibind: task  10 nths  3 gpus 10 cpus 42-44
0: mpibind: task  11 nths  3 gpus 11 cpus 45-47
0: mpibind: task  12 nths  3 gpus 12 cpus 49-52
0: mpibind: task  13 nths  3 gpus 13 cpus 53-55,57
0: mpibind: task  14 nths  3 gpus 14 cpus 58-61
0: mpibind: task  15 nths  3 gpus 15 cpus 62-63,65
0: mpibind: task  16 nths  3 gpus 16 cpus 66-68
0: mpibind: task  17 nths  3 gpus 17 cpus 69-71
0: mpibind: task  18 nths  3 gpus 18 cpus 73-76
0: mpibind: task  19 nths  3 gpus 19 cpus 77-79,81
0: mpibind: task  20 nths  3 gpus 20 cpus 82-85
0: mpibind: task  21 nths  3 gpus 21 cpus 86-87,89
0: mpibind: task  22 nths  3 gpus 22 cpus 90-92
0: mpibind: task  23 nths  3 gpus 23 cpus 93-95
0: 0.146s: flux-shell[27]: mpibind: 
0: mpibind: task   0 nths  3 gpus 0 cpus 1-4
0: mpibind: task   1 nths  3 gpus 1 cpus 5-7,9
0: mpibind: task   2 nths  3 gpus 2 cpus 10-13
0: mpibind: task   3 nths  3 gpus 3 cpus 14-15,17
0: mpibind: task   4 nths  3 gpus 4 cpus 18-20
0: mpibind: task   5 nths  3 gpus 5 cpus 21-23
0: mpibind: task   6 nths  3 gpus 6 cpus 25-28
0: mpibind: task   7 nths  3 gpus 7 cpus 29-31,33
0: mpibind: task   8 nths  3 gpus 8 cpus 34-37
0: mpibind: task   9 nths  3 gpus 9 cpus 38-39,41
0: mpibind: task  10 nths  3 gpus 10 cpus 42-44
0: mpibind: task  11 nths  3 gpus 11 cpus 45-47
0: mpibind: task  12 nths  3 gpus 12 cpus 49-52
0: mpibind: task  13 nths  3 gpus 13 cpus 53-55,57
0: mpibind: task  14 nths  3 gpus 14 cpus 58-61
0: mpibind: task  15 nths  3 gpus 15 cpus 62-63,65
0: mpibind: task  16 nths  3 gpus 16 cpus 66-68
0: mpibind: task  17 nths  3 gpus 17 cpus 69-71
0: mpibind: task  18 nths  3 gpus 18 cpus 73-76
0: mpibind: task  19 nths  3 gpus 19 cpus 77-79,81
0: mpibind: task  20 nths  3 gpus 20 cpus 82-85
0: mpibind: task  21 nths  3 gpus 21 cpus 86-87,89
0: mpibind: task  22 nths  3 gpus 22 cpus 90-92
0: mpibind: task  23 nths  3 gpus 23 cpus 93-95
0: 0.144s: flux-shell[28]: mpibind: 
0: mpibind: task   0 nths  3 gpus 0 cpus 1-4
0: mpibind: task   1 nths  3 gpus 1 cpus 5-7,9
0: mpibind: task   2 nths  3 gpus 2 cpus 10-13
0: mpibind: task   3 nths  3 gpus 3 cpus 14-15,17
0: mpibind: task   4 nths  3 gpus 4 cpus 18-20
0: mpibind: task   5 nths  3 gpus 5 cpus 21-23
0: mpibind: task   6 nths  3 gpus 6 cpus 25-28
0: mpibind: task   7 nths  3 gpus 7 cpus 29-31,33
0: mpibind: task   8 nths  3 gpus 8 cpus 34-37
0: mpibind: task   9 nths  3 gpus 9 cpus 38-39,41
0: mpibind: task  10 nths  3 gpus 10 cpus 42-44
0: mpibind: task  11 nths  3 gpus 11 cpus 45-47
0: mpibind: task  12 nths  3 gpus 12 cpus 49-52
0: mpibind: task  13 nths  3 gpus 13 cpus 53-55,57
0: mpibind: task  14 nths  3 gpus 14 cpus 58-61
0: mpibind: task  15 nths  3 gpus 15 cpus 62-63,65
0: mpibind: task  16 nths  3 gpus 16 cpus 66-68
0: mpibind: task  17 nths  3 gpus 17 cpus 69-71
0: mpibind: task  18 nths  3 gpus 18 cpus 73-76
0: mpibind: task  19 nths  3 gpus 19 cpus 77-79,81
0: mpibind: task  20 nths  3 gpus 20 cpus 82-85
0: mpibind: task  21 nths  3 gpus 21 cpus 86-87,89
0: mpibind: task  22 nths  3 gpus 22 cpus 90-92
0: mpibind: task  23 nths  3 gpus 23 cpus 93-95
0: 0.145s: flux-shell[29]: mpibind: 
0: mpibind: task   0 nths  3 gpus 0 cpus 1-4
0: mpibind: task   1 nths  3 gpus 1 cpus 5-7,9
0: mpibind: task   2 nths  3 gpus 2 cpus 10-13
0: mpibind: task   3 nths  3 gpus 3 cpus 14-15,17
0: mpibind: task   4 nths  3 gpus 4 cpus 18-20
0: mpibind: task   5 nths  3 gpus 5 cpus 21-23
0: mpibind: task   6 nths  3 gpus 6 cpus 25-28
0: mpibind: task   7 nths  3 gpus 7 cpus 29-31,33
0: mpibind: task   8 nths  3 gpus 8 cpus 34-37
0: mpibind: task   9 nths  3 gpus 9 cpus 38-39,41
0: mpibind: task  10 nths  3 gpus 10 cpus 42-44
0: mpibind: task  11 nths  3 gpus 11 cpus 45-47
0: mpibind: task  12 nths  3 gpus 12 cpus 49-52
0: mpibind: task  13 nths  3 gpus 13 cpus 53-55,57
0: mpibind: task  14 nths  3 gpus 14 cpus 58-61
0: mpibind: task  15 nths  3 gpus 15 cpus 62-63,65
0: mpibind: task  16 nths  3 gpus 16 cpus 66-68
0: mpibind: task  17 nths  3 gpus 17 cpus 69-71
0: mpibind: task  18 nths  3 gpus 18 cpus 73-76
0: mpibind: task  19 nths  3 gpus 19 cpus 77-79,81
0: mpibind: task  20 nths  3 gpus 20 cpus 82-85
0: mpibind: task  21 nths  3 gpus 21 cpus 86-87,89
0: mpibind: task  22 nths  3 gpus 22 cpus 90-92
0: mpibind: task  23 nths  3 gpus 23 cpus 93-95
0: 0.141s: flux-shell[30]: mpibind: 
0: mpibind: task   0 nths  3 gpus 0 cpus 1-4
0: mpibind: task   1 nths  3 gpus 1 cpus 5-7,9
0: mpibind: task   2 nths  3 gpus 2 cpus 10-13
0: mpibind: task   3 nths  3 gpus 3 cpus 14-15,17
0: mpibind: task   4 nths  3 gpus 4 cpus 18-20
0: mpibind: task   5 nths  3 gpus 5 cpus 21-23
0: mpibind: task   6 nths  3 gpus 6 cpus 25-28
0: mpibind: task   7 nths  3 gpus 7 cpus 29-31,33
0: mpibind: task   8 nths  3 gpus 8 cpus 34-37
0: mpibind: task   9 nths  3 gpus 9 cpus 38-39,41
0: mpibind: task  10 nths  3 gpus 10 cpus 42-44
0: mpibind: task  11 nths  3 gpus 11 cpus 45-47
0: mpibind: task  12 nths  3 gpus 12 cpus 49-52
0: mpibind: task  13 nths  3 gpus 13 cpus 53-55,57
0: mpibind: task  14 nths  3 gpus 14 cpus 58-61
0: mpibind: task  15 nths  3 gpus 15 cpus 62-63,65
0: mpibind: task  16 nths  3 gpus 16 cpus 66-68
0: mpibind: task  17 nths  3 gpus 17 cpus 69-71
0: mpibind: task  18 nths  3 gpus 18 cpus 73-76
0: mpibind: task  19 nths  3 gpus 19 cpus 77-79,81
0: mpibind: task  20 nths  3 gpus 20 cpus 82-85
0: mpibind: task  21 nths  3 gpus 21 cpus 86-87,89
0: mpibind: task  22 nths  3 gpus 22 cpus 90-92
0: mpibind: task  23 nths  3 gpus 23 cpus 93-95
0: 0.136s: flux-shell[31]: mpibind: 
0: mpibind: task   0 nths  3 gpus 0 cpus 1-4
0: mpibind: task   1 nths  3 gpus 1 cpus 5-7,9
0: mpibind: task   2 nths  3 gpus 2 cpus 10-13
0: mpibind: task   3 nths  3 gpus 3 cpus 14-15,17
0: mpibind: task   4 nths  3 gpus 4 cpus 18-20
0: mpibind: task   5 nths  3 gpus 5 cpus 21-23
0: mpibind: task   6 nths  3 gpus 6 cpus 25-28
0: mpibind: task   7 nths  3 gpus 7 cpus 29-31,33
0: mpibind: task   8 nths  3 gpus 8 cpus 34-37
0: mpibind: task   9 nths  3 gpus 9 cpus 38-39,41
0: mpibind: task  10 nths  3 gpus 10 cpus 42-44
0: mpibind: task  11 nths  3 gpus 11 cpus 45-47
0: mpibind: task  12 nths  3 gpus 12 cpus 49-52
0: mpibind: task  13 nths  3 gpus 13 cpus 53-55,57
0: mpibind: task  14 nths  3 gpus 14 cpus 58-61
0: mpibind: task  15 nths  3 gpus 15 cpus 62-63,65
0: mpibind: task  16 nths  3 gpus 16 cpus 66-68
0: mpibind: task  17 nths  3 gpus 17 cpus 69-71
0: mpibind: task  18 nths  3 gpus 18 cpus 73-76
0: mpibind: task  19 nths  3 gpus 19 cpus 77-79,81
0: mpibind: task  20 nths  3 gpus 20 cpus 82-85
0: mpibind: task  21 nths  3 gpus 21 cpus 86-87,89
0: mpibind: task  22 nths  3 gpus 22 cpus 90-92
0: mpibind: task  23 nths  3 gpus 23 cpus 93-95
0: 0.136s: flux-shell[19]: mpibind: 
0: mpibind: task   0 nths  3 gpus 0 cpus 1-4
0: mpibind: task   1 nths  3 gpus 1 cpus 5-7,9
0: mpibind: task   2 nths  3 gpus 2 cpus 10-13
0: mpibind: task   3 nths  3 gpus 3 cpus 14-15,17
0: mpibind: task   4 nths  3 gpus 4 cpus 18-20
0: mpibind: task   5 nths  3 gpus 5 cpus 21-23
0: mpibind: task   6 nths  3 gpus 6 cpus 25-28
0: mpibind: task   7 nths  3 gpus 7 cpus 29-31,33
0: mpibind: task   8 nths  3 gpus 8 cpus 34-37
0: mpibind: task   9 nths  3 gpus 9 cpus 38-39,41
0: mpibind: task  10 nths  3 gpus 10 cpus 42-44
0: mpibind: task  11 nths  3 gpus 11 cpus 45-47
0: mpibind: task  12 nths  3 gpus 12 cpus 49-52
0: mpibind: task  13 nths  3 gpus 13 cpus 53-55,57
0: mpibind: task  14 nths  3 gpus 14 cpus 58-61
0: mpibind: task  15 nths  3 gpus 15 cpus 62-63,65
0: mpibind: task  16 nths  3 gpus 16 cpus 66-68
0: mpibind: task  17 nths  3 gpus 17 cpus 69-71
0: mpibind: task  18 nths  3 gpus 18 cpus 73-76
0: mpibind: task  19 nths  3 gpus 19 cpus 77-79,81
0: mpibind: task  20 nths  3 gpus 20 cpus 82-85
0: mpibind: task  21 nths  3 gpus 21 cpus 86-87,89
0: mpibind: task  22 nths  3 gpus 22 cpus 90-92
0: mpibind: task  23 nths  3 gpus 23 cpus 93-95
0: 0.135s: flux-shell[18]: mpibind: 
0: mpibind: task   0 nths  3 gpus 0 cpus 1-4
0: mpibind: task   1 nths  3 gpus 1 cpus 5-7,9
0: mpibind: task   2 nths  3 gpus 2 cpus 10-13
0: mpibind: task   3 nths  3 gpus 3 cpus 14-15,17
0: mpibind: task   4 nths  3 gpus 4 cpus 18-20
0: mpibind: task   5 nths  3 gpus 5 cpus 21-23
0: mpibind: task   6 nths  3 gpus 6 cpus 25-28
0: mpibind: task   7 nths  3 gpus 7 cpus 29-31,33
0: mpibind: task   8 nths  3 gpus 8 cpus 34-37
0: mpibind: task   9 nths  3 gpus 9 cpus 38-39,41
0: mpibind: task  10 nths  3 gpus 10 cpus 42-44
0: mpibind: task  11 nths  3 gpus 11 cpus 45-47
0: mpibind: task  12 nths  3 gpus 12 cpus 49-52
0: mpibind: task  13 nths  3 gpus 13 cpus 53-55,57
0: mpibind: task  14 nths  3 gpus 14 cpus 58-61
0: mpibind: task  15 nths  3 gpus 15 cpus 62-63,65
0: mpibind: task  16 nths  3 gpus 16 cpus 66-68
0: mpibind: task  17 nths  3 gpus 17 cpus 69-71
0: mpibind: task  18 nths  3 gpus 18 cpus 73-76
0: mpibind: task  19 nths  3 gpus 19 cpus 77-79,81
0: mpibind: task  20 nths  3 gpus 20 cpus 82-85
0: mpibind: task  21 nths  3 gpus 21 cpus 86-87,89
0: mpibind: task  22 nths  3 gpus 22 cpus 90-92
0: mpibind: task  23 nths  3 gpus 23 cpus 93-95
0: 0.132s: flux-shell[15]: mpibind: 
0: mpibind: task   0 nths  3 gpus 0 cpus 1-4
0: mpibind: task   1 nths  3 gpus 1 cpus 5-7,9
0: mpibind: task   2 nths  3 gpus 2 cpus 10-13
0: mpibind: task   3 nths  3 gpus 3 cpus 14-15,17
0: mpibind: task   4 nths  3 gpus 4 cpus 18-20
0: mpibind: task   5 nths  3 gpus 5 cpus 21-23
0: mpibind: task   6 nths  3 gpus 6 cpus 25-28
0: mpibind: task   7 nths  3 gpus 7 cpus 29-31,33
0: mpibind: task   8 nths  3 gpus 8 cpus 34-37
0: mpibind: task   9 nths  3 gpus 9 cpus 38-39,41
0: mpibind: task  10 nths  3 gpus 10 cpus 42-44
0: mpibind: task  11 nths  3 gpus 11 cpus 45-47
0: mpibind: task  12 nths  3 gpus 12 cpus 49-52
0: mpibind: task  13 nths  3 gpus 13 cpus 53-55,57
0: mpibind: task  14 nths  3 gpus 14 cpus 58-61
0: mpibind: task  15 nths  3 gpus 15 cpus 62-63,65
0: mpibind: task  16 nths  3 gpus 16 cpus 66-68
0: mpibind: task  17 nths  3 gpus 17 cpus 69-71
0: mpibind: task  18 nths  3 gpus 18 cpus 73-76
0: mpibind: task  19 nths  3 gpus 19 cpus 77-79,81
0: mpibind: task  20 nths  3 gpus 20 cpus 82-85
0: mpibind: task  21 nths  3 gpus 21 cpus 86-87,89
0: mpibind: task  22 nths  3 gpus 22 cpus 90-92
0: mpibind: task  23 nths  3 gpus 23 cpus 93-95
0: 0.132s: flux-shell[16]: mpibind: 
0: mpibind: task   0 nths  3 gpus 0 cpus 1-4
0: mpibind: task   1 nths  3 gpus 1 cpus 5-7,9
0: mpibind: task   2 nths  3 gpus 2 cpus 10-13
0: mpibind: task   3 nths  3 gpus 3 cpus 14-15,17
0: mpibind: task   4 nths  3 gpus 4 cpus 18-20
0: mpibind: task   5 nths  3 gpus 5 cpus 21-23
0: mpibind: task   6 nths  3 gpus 6 cpus 25-28
0: mpibind: task   7 nths  3 gpus 7 cpus 29-31,33
0: mpibind: task   8 nths  3 gpus 8 cpus 34-37
0: mpibind: task   9 nths  3 gpus 9 cpus 38-39,41
0: mpibind: task  10 nths  3 gpus 10 cpus 42-44
0: mpibind: task  11 nths  3 gpus 11 cpus 45-47
0: mpibind: task  12 nths  3 gpus 12 cpus 49-52
0: mpibind: task  13 nths  3 gpus 13 cpus 53-55,57
0: mpibind: task  14 nths  3 gpus 14 cpus 58-61
0: mpibind: task  15 nths  3 gpus 15 cpus 62-63,65
0: mpibind: task  16 nths  3 gpus 16 cpus 66-68
0: mpibind: task  17 nths  3 gpus 17 cpus 69-71
0: mpibind: task  18 nths  3 gpus 18 cpus 73-76
0: mpibind: task  19 nths  3 gpus 19 cpus 77-79,81
0: mpibind: task  20 nths  3 gpus 20 cpus 82-85
0: mpibind: task  21 nths  3 gpus 21 cpus 86-87,89
0: mpibind: task  22 nths  3 gpus 22 cpus 90-92
0: mpibind: task  23 nths  3 gpus 23 cpus 93-95
0: 0.136s: flux-shell[17]: mpibind: 
0: mpibind: task   0 nths  3 gpus 0 cpus 1-4
0: mpibind: task   1 nths  3 gpus 1 cpus 5-7,9
0: mpibind: task   2 nths  3 gpus 2 cpus 10-13
0: mpibind: task   3 nths  3 gpus 3 cpus 14-15,17
0: mpibind: task   4 nths  3 gpus 4 cpus 18-20
0: mpibind: task   5 nths  3 gpus 5 cpus 21-23
0: mpibind: task   6 nths  3 gpus 6 cpus 25-28
0: mpibind: task   7 nths  3 gpus 7 cpus 29-31,33
0: mpibind: task   8 nths  3 gpus 8 cpus 34-37
0: mpibind: task   9 nths  3 gpus 9 cpus 38-39,41
0: mpibind: task  10 nths  3 gpus 10 cpus 42-44
0: mpibind: task  11 nths  3 gpus 11 cpus 45-47
0: mpibind: task  12 nths  3 gpus 12 cpus 49-52
0: mpibind: task  13 nths  3 gpus 13 cpus 53-55,57
0: mpibind: task  14 nths  3 gpus 14 cpus 58-61
0: mpibind: task  15 nths  3 gpus 15 cpus 62-63,65
0: mpibind: task  16 nths  3 gpus 16 cpus 66-68
0: mpibind: task  17 nths  3 gpus 17 cpus 69-71
0: mpibind: task  18 nths  3 gpus 18 cpus 73-76
0: mpibind: task  19 nths  3 gpus 19 cpus 77-79,81
0: mpibind: task  20 nths  3 gpus 20 cpus 82-85
0: mpibind: task  21 nths  3 gpus 21 cpus 86-87,89
0: mpibind: task  22 nths  3 gpus 22 cpus 90-92
0: mpibind: task  23 nths  3 gpus 23 cpus 93-95
0: 0.131s: flux-shell[20]: mpibind: 
0: mpibind: task   0 nths  3 gpus 0 cpus 1-4
0: mpibind: task   1 nths  3 gpus 1 cpus 5-7,9
0: mpibind: task   2 nths  3 gpus 2 cpus 10-13
0: mpibind: task   3 nths  3 gpus 3 cpus 14-15,17
0: mpibind: task   4 nths  3 gpus 4 cpus 18-20
0: mpibind: task   5 nths  3 gpus 5 cpus 21-23
0: mpibind: task   6 nths  3 gpus 6 cpus 25-28
0: mpibind: task   7 nths  3 gpus 7 cpus 29-31,33
0: mpibind: task   8 nths  3 gpus 8 cpus 34-37
0: mpibind: task   9 nths  3 gpus 9 cpus 38-39,41
0: mpibind: task  10 nths  3 gpus 10 cpus 42-44
0: mpibind: task  11 nths  3 gpus 11 cpus 45-47
0: mpibind: task  12 nths  3 gpus 12 cpus 49-52
0: mpibind: task  13 nths  3 gpus 13 cpus 53-55,57
0: mpibind: task  14 nths  3 gpus 14 cpus 58-61
0: mpibind: task  15 nths  3 gpus 15 cpus 62-63,65
0: mpibind: task  16 nths  3 gpus 16 cpus 66-68
0: mpibind: task  17 nths  3 gpus 17 cpus 69-71
0: mpibind: task  18 nths  3 gpus 18 cpus 73-76
0: mpibind: task  19 nths  3 gpus 19 cpus 77-79,81
0: mpibind: task  20 nths  3 gpus 20 cpus 82-85
0: mpibind: task  21 nths  3 gpus 21 cpus 86-87,89
0: mpibind: task  22 nths  3 gpus 22 cpus 90-92
0: mpibind: task  23 nths  3 gpus 23 cpus 93-95
0: 0.140s: flux-shell[21]: mpibind: 
0: mpibind: task   0 nths  3 gpus 0 cpus 1-4
0: mpibind: task   1 nths  3 gpus 1 cpus 5-7,9
0: mpibind: task   2 nths  3 gpus 2 cpus 10-13
0: mpibind: task   3 nths  3 gpus 3 cpus 14-15,17
0: mpibind: task   4 nths  3 gpus 4 cpus 18-20
0: mpibind: task   5 nths  3 gpus 5 cpus 21-23
0: mpibind: task   6 nths  3 gpus 6 cpus 25-28
0: mpibind: task   7 nths  3 gpus 7 cpus 29-31,33
0: mpibind: task   8 nths  3 gpus 8 cpus 34-37
0: mpibind: task   9 nths  3 gpus 9 cpus 38-39,41
0: mpibind: task  10 nths  3 gpus 10 cpus 42-44
0: mpibind: task  11 nths  3 gpus 11 cpus 45-47
0: mpibind: task  12 nths  3 gpus 12 cpus 49-52
0: mpibind: task  13 nths  3 gpus 13 cpus 53-55,57
0: mpibind: task  14 nths  3 gpus 14 cpus 58-61
0: mpibind: task  15 nths  3 gpus 15 cpus 62-63,65
0: mpibind: task  16 nths  3 gpus 16 cpus 66-68
0: mpibind: task  17 nths  3 gpus 17 cpus 69-71
0: mpibind: task  18 nths  3 gpus 18 cpus 73-76
0: mpibind: task  19 nths  3 gpus 19 cpus 77-79,81
0: mpibind: task  20 nths  3 gpus 20 cpus 82-85
0: mpibind: task  21 nths  3 gpus 21 cpus 86-87,89
0: mpibind: task  22 nths  3 gpus 22 cpus 90-92
0: mpibind: task  23 nths  3 gpus 23 cpus 93-95
0: 0.142s: flux-shell[22]: mpibind: 
0: mpibind: task   0 nths  3 gpus 0 cpus 1-4
0: mpibind: task   1 nths  3 gpus 1 cpus 5-7,9
0: mpibind: task   2 nths  3 gpus 2 cpus 10-13
0: mpibind: task   3 nths  3 gpus 3 cpus 14-15,17
0: mpibind: task   4 nths  3 gpus 4 cpus 18-20
0: mpibind: task   5 nths  3 gpus 5 cpus 21-23
0: mpibind: task   6 nths  3 gpus 6 cpus 25-28
0: mpibind: task   7 nths  3 gpus 7 cpus 29-31,33
0: mpibind: task   8 nths  3 gpus 8 cpus 34-37
0: mpibind: task   9 nths  3 gpus 9 cpus 38-39,41
0: mpibind: task  10 nths  3 gpus 10 cpus 42-44
0: mpibind: task  11 nths  3 gpus 11 cpus 45-47
0: mpibind: task  12 nths  3 gpus 12 cpus 49-52
0: mpibind: task  13 nths  3 gpus 13 cpus 53-55,57
0: mpibind: task  14 nths  3 gpus 14 cpus 58-61
0: mpibind: task  15 nths  3 gpus 15 cpus 62-63,65
0: mpibind: task  16 nths  3 gpus 16 cpus 66-68
0: mpibind: task  17 nths  3 gpus 17 cpus 69-71
0: mpibind: task  18 nths  3 gpus 18 cpus 73-76
0: mpibind: task  19 nths  3 gpus 19 cpus 77-79,81
0: mpibind: task  20 nths  3 gpus 20 cpus 82-85
0: mpibind: task  21 nths  3 gpus 21 cpus 86-87,89
0: mpibind: task  22 nths  3 gpus 22 cpus 90-92
0: mpibind: task  23 nths  3 gpus 23 cpus 93-95
0: jobid: f3obxQLoZ
0: 0.118s: flux-shell[0]: mpibind: 
0: mpibind: task   0 nths  3 gpus 0 cpus 1-4
0: mpibind: task   1 nths  3 gpus 1 cpus 5-7,9
0: mpibind: task   2 nths  3 gpus 2 cpus 10-13
0: mpibind: task   3 nths  3 gpus 3 cpus 14-15,17
0: mpibind: task   4 nths  3 gpus 4 cpus 18-20
0: mpibind: task   5 nths  3 gpus 5 cpus 21-23
0: mpibind: task   6 nths  3 gpus 6 cpus 25-28
0: mpibind: task   7 nths  3 gpus 7 cpus 29-31,33
0: mpibind: task   8 nths  3 gpus 8 cpus 34-37
0: mpibind: task   9 nths  3 gpus 9 cpus 38-39,41
0: mpibind: task  10 nths  3 gpus 10 cpus 42-44
0: mpibind: task  11 nths  3 gpus 11 cpus 45-47
0: mpibind: task  12 nths  3 gpus 12 cpus 49-52
0: mpibind: task  13 nths  3 gpus 13 cpus 53-55,57
0: mpibind: task  14 nths  3 gpus 14 cpus 58-61
0: mpibind: task  15 nths  3 gpus 15 cpus 62-63,65
0: mpibind: task  16 nths  3 gpus 16 cpus 66-68
0: mpibind: task  17 nths  3 gpus 17 cpus 69-71
0: mpibind: task  18 nths  3 gpus 18 cpus 73-76
0: mpibind: task  19 nths  3 gpus 19 cpus 77-79,81
0: mpibind: task  20 nths  3 gpus 20 cpus 82-85
0: mpibind: task  21 nths  3 gpus 21 cpus 86-87,89
0: mpibind: task  22 nths  3 gpus 22 cpus 90-92
0: mpibind: task  23 nths  3 gpus 23 cpus 93-95
0: 0.121s: flux-shell[1]: mpibind: 
0: mpibind: task   0 nths  3 gpus 0 cpus 1-4
0: mpibind: task   1 nths  3 gpus 1 cpus 5-7,9
0: mpibind: task   2 nths  3 gpus 2 cpus 10-13
0: mpibind: task   3 nths  3 gpus 3 cpus 14-15,17
0: mpibind: task   4 nths  3 gpus 4 cpus 18-20
0: mpibind: task   5 nths  3 gpus 5 cpus 21-23
0: mpibind: task   6 nths  3 gpus 6 cpus 25-28
0: mpibind: task   7 nths  3 gpus 7 cpus 29-31,33
0: mpibind: task   8 nths  3 gpus 8 cpus 34-37
0: mpibind: task   9 nths  3 gpus 9 cpus 38-39,41
0: mpibind: task  10 nths  3 gpus 10 cpus 42-44
0: mpibind: task  11 nths  3 gpus 11 cpus 45-47
0: mpibind: task  12 nths  3 gpus 12 cpus 49-52
0: mpibind: task  13 nths  3 gpus 13 cpus 53-55,57
0: mpibind: task  14 nths  3 gpus 14 cpus 58-61
0: mpibind: task  15 nths  3 gpus 15 cpus 62-63,65
0: mpibind: task  16 nths  3 gpus 16 cpus 66-68
0: mpibind: task  17 nths  3 gpus 17 cpus 69-71
0: mpibind: task  18 nths  3 gpus 18 cpus 73-76
0: mpibind: task  19 nths  3 gpus 19 cpus 77-79,81
0: mpibind: task  20 nths  3 gpus 20 cpus 82-85
0: mpibind: task  21 nths  3 gpus 21 cpus 86-87,89
0: mpibind: task  22 nths  3 gpus 22 cpus 90-92
0: mpibind: task  23 nths  3 gpus 23 cpus 93-95
0: 0.135s: flux-shell[14]: mpibind: 
0: mpibind: task   0 nths  3 gpus 0 cpus 1-4
0: mpibind: task   1 nths  3 gpus 1 cpus 5-7,9
0: mpibind: task   2 nths  3 gpus 2 cpus 10-13
0: mpibind: task   3 nths  3 gpus 3 cpus 14-15,17
0: mpibind: task   4 nths  3 gpus 4 cpus 18-20
0: mpibind: task   5 nths  3 gpus 5 cpus 21-23
0: mpibind: task   6 nths  3 gpus 6 cpus 25-28
0: mpibind: task   7 nths  3 gpus 7 cpus 29-31,33
0: mpibind: task   8 nths  3 gpus 8 cpus 34-37
0: mpibind: task   9 nths  3 gpus 9 cpus 38-39,41
0: mpibind: task  10 nths  3 gpus 10 cpus 42-44
0: mpibind: task  11 nths  3 gpus 11 cpus 45-47
0: mpibind: task  12 nths  3 gpus 12 cpus 49-52
0: mpibind: task  13 nths  3 gpus 13 cpus 53-55,57
0: mpibind: task  14 nths  3 gpus 14 cpus 58-61
0: mpibind: task  15 nths  3 gpus 15 cpus 62-63,65
0: mpibind: task  16 nths  3 gpus 16 cpus 66-68
0: mpibind: task  17 nths  3 gpus 17 cpus 69-71
0: mpibind: task  18 nths  3 gpus 18 cpus 73-76
0: mpibind: task  19 nths  3 gpus 19 cpus 77-79,81
0: mpibind: task  20 nths  3 gpus 20 cpus 82-85
0: mpibind: task  21 nths  3 gpus 21 cpus 86-87,89
0: mpibind: task  22 nths  3 gpus 22 cpus 90-92
0: mpibind: task  23 nths  3 gpus 23 cpus 93-95
0: 0.134s: flux-shell[13]: mpibind: 
0: mpibind: task   0 nths  3 gpus 0 cpus 1-4
0: mpibind: task   1 nths  3 gpus 1 cpus 5-7,9
0: mpibind: task   2 nths  3 gpus 2 cpus 10-13
0: mpibind: task   3 nths  3 gpus 3 cpus 14-15,17
0: mpibind: task   4 nths  3 gpus 4 cpus 18-20
0: mpibind: task   5 nths  3 gpus 5 cpus 21-23
0: mpibind: task   6 nths  3 gpus 6 cpus 25-28
0: mpibind: task   7 nths  3 gpus 7 cpus 29-31,33
0: mpibind: task   8 nths  3 gpus 8 cpus 34-37
0: mpibind: task   9 nths  3 gpus 9 cpus 38-39,41
0: mpibind: task  10 nths  3 gpus 10 cpus 42-44
0: mpibind: task  11 nths  3 gpus 11 cpus 45-47
0: mpibind: task  12 nths  3 gpus 12 cpus 49-52
0: mpibind: task  13 nths  3 gpus 13 cpus 53-55,57
0: mpibind: task  14 nths  3 gpus 14 cpus 58-61
0: mpibind: task  15 nths  3 gpus 15 cpus 62-63,65
0: mpibind: task  16 nths  3 gpus 16 cpus 66-68
0: mpibind: task  17 nths  3 gpus 17 cpus 69-71
0: mpibind: task  18 nths  3 gpus 18 cpus 73-76
0: mpibind: task  19 nths  3 gpus 19 cpus 77-79,81
0: mpibind: task  20 nths  3 gpus 20 cpus 82-85
0: mpibind: task  21 nths  3 gpus 21 cpus 86-87,89
0: mpibind: task  22 nths  3 gpus 22 cpus 90-92
0: mpibind: task  23 nths  3 gpus 23 cpus 93-95
0: 0.125s: flux-shell[2]: mpibind: 
0: mpibind: task   0 nths  3 gpus 0 cpus 1-4
0: mpibind: task   1 nths  3 gpus 1 cpus 5-7,9
0: mpibind: task   2 nths  3 gpus 2 cpus 10-13
0: mpibind: task   3 nths  3 gpus 3 cpus 14-15,17
0: mpibind: task   4 nths  3 gpus 4 cpus 18-20
0: mpibind: task   5 nths  3 gpus 5 cpus 21-23
0: mpibind: task   6 nths  3 gpus 6 cpus 25-28
0: mpibind: task   7 nths  3 gpus 7 cpus 29-31,33
0: mpibind: task   8 nths  3 gpus 8 cpus 34-37
0: mpibind: task   9 nths  3 gpus 9 cpus 38-39,41
0: mpibind: task  10 nths  3 gpus 10 cpus 42-44
0: mpibind: task  11 nths  3 gpus 11 cpus 45-47
0: mpibind: task  12 nths  3 gpus 12 cpus 49-52
0: mpibind: task  13 nths  3 gpus 13 cpus 53-55,57
0: mpibind: task  14 nths  3 gpus 14 cpus 58-61
0: mpibind: task  15 nths  3 gpus 15 cpus 62-63,65
0: mpibind: task  16 nths  3 gpus 16 cpus 66-68
0: mpibind: task  17 nths  3 gpus 17 cpus 69-71
0: mpibind: task  18 nths  3 gpus 18 cpus 73-76
0: mpibind: task  19 nths  3 gpus 19 cpus 77-79,81
0: mpibind: task  20 nths  3 gpus 20 cpus 82-85
0: mpibind: task  21 nths  3 gpus 21 cpus 86-87,89
0: mpibind: task  22 nths  3 gpus 22 cpus 90-92
0: mpibind: task  23 nths  3 gpus 23 cpus 93-95
0: 0.129s: flux-shell[3]: mpibind: 
0: mpibind: task   0 nths  3 gpus 0 cpus 1-4
0: mpibind: task   1 nths  3 gpus 1 cpus 5-7,9
0: mpibind: task   2 nths  3 gpus 2 cpus 10-13
0: mpibind: task   3 nths  3 gpus 3 cpus 14-15,17
0: mpibind: task   4 nths  3 gpus 4 cpus 18-20
0: mpibind: task   5 nths  3 gpus 5 cpus 21-23
0: mpibind: task   6 nths  3 gpus 6 cpus 25-28
0: mpibind: task   7 nths  3 gpus 7 cpus 29-31,33
0: mpibind: task   8 nths  3 gpus 8 cpus 34-37
0: mpibind: task   9 nths  3 gpus 9 cpus 38-39,41
0: mpibind: task  10 nths  3 gpus 10 cpus 42-44
0: mpibind: task  11 nths  3 gpus 11 cpus 45-47
0: mpibind: task  12 nths  3 gpus 12 cpus 49-52
0: mpibind: task  13 nths  3 gpus 13 cpus 53-55,57
0: mpibind: task  14 nths  3 gpus 14 cpus 58-61
0: mpibind: task  15 nths  3 gpus 15 cpus 62-63,65
0: mpibind: task  16 nths  3 gpus 16 cpus 66-68
0: mpibind: task  17 nths  3 gpus 17 cpus 69-71
0: mpibind: task  18 nths  3 gpus 18 cpus 73-76
0: mpibind: task  19 nths  3 gpus 19 cpus 77-79,81
0: mpibind: task  20 nths  3 gpus 20 cpus 82-85
0: mpibind: task  21 nths  3 gpus 21 cpus 86-87,89
0: mpibind: task  22 nths  3 gpus 22 cpus 90-92
0: mpibind: task  23 nths  3 gpus 23 cpus 93-95
0: 0.119s: flux-shell[4]: mpibind: 
0: mpibind: task   0 nths  3 gpus 0 cpus 1-4
0: mpibind: task   1 nths  3 gpus 1 cpus 5-7,9
0: mpibind: task   2 nths  3 gpus 2 cpus 10-13
0: mpibind: task   3 nths  3 gpus 3 cpus 14-15,17
0: mpibind: task   4 nths  3 gpus 4 cpus 18-20
0: mpibind: task   5 nths  3 gpus 5 cpus 21-23
0: mpibind: task   6 nths  3 gpus 6 cpus 25-28
0: mpibind: task   7 nths  3 gpus 7 cpus 29-31,33
0: mpibind: task   8 nths  3 gpus 8 cpus 34-37
0: mpibind: task   9 nths  3 gpus 9 cpus 38-39,41
0: mpibind: task  10 nths  3 gpus 10 cpus 42-44
0: mpibind: task  11 nths  3 gpus 11 cpus 45-47
0: mpibind: task  12 nths  3 gpus 12 cpus 49-52
0: mpibind: task  13 nths  3 gpus 13 cpus 53-55,57
0: mpibind: task  14 nths  3 gpus 14 cpus 58-61
0: mpibind: task  15 nths  3 gpus 15 cpus 62-63,65
0: mpibind: task  16 nths  3 gpus 16 cpus 66-68
0: mpibind: task  17 nths  3 gpus 17 cpus 69-71
0: mpibind: task  18 nths  3 gpus 18 cpus 73-76
0: mpibind: task  19 nths  3 gpus 19 cpus 77-79,81
0: mpibind: task  20 nths  3 gpus 20 cpus 82-85
0: mpibind: task  21 nths  3 gpus 21 cpus 86-87,89
0: mpibind: task  22 nths  3 gpus 22 cpus 90-92
0: mpibind: task  23 nths  3 gpus 23 cpus 93-95
0: 0.129s: flux-shell[5]: mpibind: 
0: mpibind: task   0 nths  3 gpus 0 cpus 1-4
0: mpibind: task   1 nths  3 gpus 1 cpus 5-7,9
0: mpibind: task   2 nths  3 gpus 2 cpus 10-13
0: mpibind: task   3 nths  3 gpus 3 cpus 14-15,17
0: mpibind: task   4 nths  3 gpus 4 cpus 18-20
0: mpibind: task   5 nths  3 gpus 5 cpus 21-23
0: mpibind: task   6 nths  3 gpus 6 cpus 25-28
0: mpibind: task   7 nths  3 gpus 7 cpus 29-31,33
0: mpibind: task   8 nths  3 gpus 8 cpus 34-37
0: mpibind: task   9 nths  3 gpus 9 cpus 38-39,41
0: mpibind: task  10 nths  3 gpus 10 cpus 42-44
0: mpibind: task  11 nths  3 gpus 11 cpus 45-47
0: mpibind: task  12 nths  3 gpus 12 cpus 49-52
0: mpibind: task  13 nths  3 gpus 13 cpus 53-55,57
0: mpibind: task  14 nths  3 gpus 14 cpus 58-61
0: mpibind: task  15 nths  3 gpus 15 cpus 62-63,65
0: mpibind: task  16 nths  3 gpus 16 cpus 66-68
0: mpibind: task  17 nths  3 gpus 17 cpus 69-71
0: mpibind: task  18 nths  3 gpus 18 cpus 73-76
0: mpibind: task  19 nths  3 gpus 19 cpus 77-79,81
0: mpibind: task  20 nths  3 gpus 20 cpus 82-85
0: mpibind: task  21 nths  3 gpus 21 cpus 86-87,89
0: mpibind: task  22 nths  3 gpus 22 cpus 90-92
0: mpibind: task  23 nths  3 gpus 23 cpus 93-95
0: 0.121s: flux-shell[6]: mpibind: 
0: mpibind: task   0 nths  3 gpus 0 cpus 1-4
0: mpibind: task   1 nths  3 gpus 1 cpus 5-7,9
0: mpibind: task   2 nths  3 gpus 2 cpus 10-13
0: mpibind: task   3 nths  3 gpus 3 cpus 14-15,17
0: mpibind: task   4 nths  3 gpus 4 cpus 18-20
0: mpibind: task   5 nths  3 gpus 5 cpus 21-23
0: mpibind: task   6 nths  3 gpus 6 cpus 25-28
0: mpibind: task   7 nths  3 gpus 7 cpus 29-31,33
0: mpibind: task   8 nths  3 gpus 8 cpus 34-37
0: mpibind: task   9 nths  3 gpus 9 cpus 38-39,41
0: mpibind: task  10 nths  3 gpus 10 cpus 42-44
0: mpibind: task  11 nths  3 gpus 11 cpus 45-47
0: mpibind: task  12 nths  3 gpus 12 cpus 49-52
0: mpibind: task  13 nths  3 gpus 13 cpus 53-55,57
0: mpibind: task  14 nths  3 gpus 14 cpus 58-61
0: mpibind: task  15 nths  3 gpus 15 cpus 62-63,65
0: mpibind: task  16 nths  3 gpus 16 cpus 66-68
0: mpibind: task  17 nths  3 gpus 17 cpus 69-71
0: mpibind: task  18 nths  3 gpus 18 cpus 73-76
0: mpibind: task  19 nths  3 gpus 19 cpus 77-79,81
0: mpibind: task  20 nths  3 gpus 20 cpus 82-85
0: mpibind: task  21 nths  3 gpus 21 cpus 86-87,89
0: mpibind: task  22 nths  3 gpus 22 cpus 90-92
0: mpibind: task  23 nths  3 gpus 23 cpus 93-95
0: 0.125s: flux-shell[7]: mpibind: 
0: mpibind: task   0 nths  3 gpus 0 cpus 1-4
0: mpibind: task   1 nths  3 gpus 1 cpus 5-7,9
0: mpibind: task   2 nths  3 gpus 2 cpus 10-13
0: mpibind: task   3 nths  3 gpus 3 cpus 14-15,17
0: mpibind: task   4 nths  3 gpus 4 cpus 18-20
0: mpibind: task   5 nths  3 gpus 5 cpus 21-23
0: mpibind: task   6 nths  3 gpus 6 cpus 25-28
0: mpibind: task   7 nths  3 gpus 7 cpus 29-31,33
0: mpibind: task   8 nths  3 gpus 8 cpus 34-37
0: mpibind: task   9 nths  3 gpus 9 cpus 38-39,41
0: mpibind: task  10 nths  3 gpus 10 cpus 42-44
0: mpibind: task  11 nths  3 gpus 11 cpus 45-47
0: mpibind: task  12 nths  3 gpus 12 cpus 49-52
0: mpibind: task  13 nths  3 gpus 13 cpus 53-55,57
0: mpibind: task  14 nths  3 gpus 14 cpus 58-61
0: mpibind: task  15 nths  3 gpus 15 cpus 62-63,65
0: mpibind: task  16 nths  3 gpus 16 cpus 66-68
0: mpibind: task  17 nths  3 gpus 17 cpus 69-71
0: mpibind: task  18 nths  3 gpus 18 cpus 73-76
0: mpibind: task  19 nths  3 gpus 19 cpus 77-79,81
0: mpibind: task  20 nths  3 gpus 20 cpus 82-85
0: mpibind: task  21 nths  3 gpus 21 cpus 86-87,89
0: mpibind: task  22 nths  3 gpus 22 cpus 90-92
0: mpibind: task  23 nths  3 gpus 23 cpus 93-95
0: 0.124s: flux-shell[8]: mpibind: 
0: mpibind: task   0 nths  3 gpus 0 cpus 1-4
0: mpibind: task   1 nths  3 gpus 1 cpus 5-7,9
0: mpibind: task   2 nths  3 gpus 2 cpus 10-13
0: mpibind: task   3 nths  3 gpus 3 cpus 14-15,17
0: mpibind: task   4 nths  3 gpus 4 cpus 18-20
0: mpibind: task   5 nths  3 gpus 5 cpus 21-23
0: mpibind: task   6 nths  3 gpus 6 cpus 25-28
0: mpibind: task   7 nths  3 gpus 7 cpus 29-31,33
0: mpibind: task   8 nths  3 gpus 8 cpus 34-37
0: mpibind: task   9 nths  3 gpus 9 cpus 38-39,41
0: mpibind: task  10 nths  3 gpus 10 cpus 42-44
0: mpibind: task  11 nths  3 gpus 11 cpus 45-47
0: mpibind: task  12 nths  3 gpus 12 cpus 49-52
0: mpibind: task  13 nths  3 gpus 13 cpus 53-55,57
0: mpibind: task  14 nths  3 gpus 14 cpus 58-61
0: mpibind: task  15 nths  3 gpus 15 cpus 62-63,65
0: mpibind: task  16 nths  3 gpus 16 cpus 66-68
0: mpibind: task  17 nths  3 gpus 17 cpus 69-71
0: mpibind: task  18 nths  3 gpus 18 cpus 73-76
0: mpibind: task  19 nths  3 gpus 19 cpus 77-79,81
0: mpibind: task  20 nths  3 gpus 20 cpus 82-85
0: mpibind: task  21 nths  3 gpus 21 cpus 86-87,89
0: mpibind: task  22 nths  3 gpus 22 cpus 90-92
0: mpibind: task  23 nths  3 gpus 23 cpus 93-95
0: 0.122s: flux-shell[9]: mpibind: 
0: mpibind: task   0 nths  3 gpus 0 cpus 1-4
0: mpibind: task   1 nths  3 gpus 1 cpus 5-7,9
0: mpibind: task   2 nths  3 gpus 2 cpus 10-13
0: mpibind: task   3 nths  3 gpus 3 cpus 14-15,17
0: mpibind: task   4 nths  3 gpus 4 cpus 18-20
0: mpibind: task   5 nths  3 gpus 5 cpus 21-23
0: mpibind: task   6 nths  3 gpus 6 cpus 25-28
0: mpibind: task   7 nths  3 gpus 7 cpus 29-31,33
0: mpibind: task   8 nths  3 gpus 8 cpus 34-37
0: mpibind: task   9 nths  3 gpus 9 cpus 38-39,41
0: mpibind: task  10 nths  3 gpus 10 cpus 42-44
0: mpibind: task  11 nths  3 gpus 11 cpus 45-47
0: mpibind: task  12 nths  3 gpus 12 cpus 49-52
0: mpibind: task  13 nths  3 gpus 13 cpus 53-55,57
0: mpibind: task  14 nths  3 gpus 14 cpus 58-61
0: mpibind: task  15 nths  3 gpus 15 cpus 62-63,65
0: mpibind: task  16 nths  3 gpus 16 cpus 66-68
0: mpibind: task  17 nths  3 gpus 17 cpus 69-71
0: mpibind: task  18 nths  3 gpus 18 cpus 73-76
0: mpibind: task  19 nths  3 gpus 19 cpus 77-79,81
0: mpibind: task  20 nths  3 gpus 20 cpus 82-85
0: mpibind: task  21 nths  3 gpus 21 cpus 86-87,89
0: mpibind: task  22 nths  3 gpus 22 cpus 90-92
0: mpibind: task  23 nths  3 gpus 23 cpus 93-95
0: 0.126s: flux-shell[10]: mpibind: 
0: mpibind: task   0 nths  3 gpus 0 cpus 1-4
0: mpibind: task   1 nths  3 gpus 1 cpus 5-7,9
0: mpibind: task   2 nths  3 gpus 2 cpus 10-13
0: mpibind: task   3 nths  3 gpus 3 cpus 14-15,17
0: mpibind: task   4 nths  3 gpus 4 cpus 18-20
0: mpibind: task   5 nths  3 gpus 5 cpus 21-23
0: mpibind: task   6 nths  3 gpus 6 cpus 25-28
0: mpibind: task   7 nths  3 gpus 7 cpus 29-31,33
0: mpibind: task   8 nths  3 gpus 8 cpus 34-37
0: mpibind: task   9 nths  3 gpus 9 cpus 38-39,41
0: mpibind: task  10 nths  3 gpus 10 cpus 42-44
0: mpibind: task  11 nths  3 gpus 11 cpus 45-47
0: mpibind: task  12 nths  3 gpus 12 cpus 49-52
0: mpibind: task  13 nths  3 gpus 13 cpus 53-55,57
0: mpibind: task  14 nths  3 gpus 14 cpus 58-61
0: mpibind: task  15 nths  3 gpus 15 cpus 62-63,65
0: mpibind: task  16 nths  3 gpus 16 cpus 66-68
0: mpibind: task  17 nths  3 gpus 17 cpus 69-71
0: mpibind: task  18 nths  3 gpus 18 cpus 73-76
0: mpibind: task  19 nths  3 gpus 19 cpus 77-79,81
0: mpibind: task  20 nths  3 gpus 20 cpus 82-85
0: mpibind: task  21 nths  3 gpus 21 cpus 86-87,89
0: mpibind: task  22 nths  3 gpus 22 cpus 90-92
0: mpibind: task  23 nths  3 gpus 23 cpus 93-95
0: 0.128s: flux-shell[11]: mpibind: 
0: mpibind: task   0 nths  3 gpus 0 cpus 1-4
0: mpibind: task   1 nths  3 gpus 1 cpus 5-7,9
0: mpibind: task   2 nths  3 gpus 2 cpus 10-13
0: mpibind: task   3 nths  3 gpus 3 cpus 14-15,17
0: mpibind: task   4 nths  3 gpus 4 cpus 18-20
0: mpibind: task   5 nths  3 gpus 5 cpus 21-23
0: mpibind: task   6 nths  3 gpus 6 cpus 25-28
0: mpibind: task   7 nths  3 gpus 7 cpus 29-31,33
0: mpibind: task   8 nths  3 gpus 8 cpus 34-37
0: mpibind: task   9 nths  3 gpus 9 cpus 38-39,41
0: mpibind: task  10 nths  3 gpus 10 cpus 42-44
0: mpibind: task  11 nths  3 gpus 11 cpus 45-47
0: mpibind: task  12 nths  3 gpus 12 cpus 49-52
0: mpibind: task  13 nths  3 gpus 13 cpus 53-55,57
0: mpibind: task  14 nths  3 gpus 14 cpus 58-61
0: mpibind: task  15 nths  3 gpus 15 cpus 62-63,65
0: mpibind: task  16 nths  3 gpus 16 cpus 66-68
0: mpibind: task  17 nths  3 gpus 17 cpus 69-71
0: mpibind: task  18 nths  3 gpus 18 cpus 73-76
0: mpibind: task  19 nths  3 gpus 19 cpus 77-79,81
0: mpibind: task  20 nths  3 gpus 20 cpus 82-85
0: mpibind: task  21 nths  3 gpus 21 cpus 86-87,89
0: mpibind: task  22 nths  3 gpus 22 cpus 90-92
0: mpibind: task  23 nths  3 gpus 23 cpus 93-95
0: 0.131s: flux-shell[12]: mpibind: 
0: mpibind: task   0 nths  3 gpus 0 cpus 1-4
0: mpibind: task   1 nths  3 gpus 1 cpus 5-7,9
0: mpibind: task   2 nths  3 gpus 2 cpus 10-13
0: mpibind: task   3 nths  3 gpus 3 cpus 14-15,17
0: mpibind: task   4 nths  3 gpus 4 cpus 18-20
0: mpibind: task   5 nths  3 gpus 5 cpus 21-23
0: mpibind: task   6 nths  3 gpus 6 cpus 25-28
0: mpibind: task   7 nths  3 gpus 7 cpus 29-31,33
0: mpibind: task   8 nths  3 gpus 8 cpus 34-37
0: mpibind: task   9 nths  3 gpus 9 cpus 38-39,41
0: mpibind: task  10 nths  3 gpus 10 cpus 42-44
0: mpibind: task  11 nths  3 gpus 11 cpus 45-47
0: mpibind: task  12 nths  3 gpus 12 cpus 49-52
0: mpibind: task  13 nths  3 gpus 13 cpus 53-55,57
0: mpibind: task  14 nths  3 gpus 14 cpus 58-61
0: mpibind: task  15 nths  3 gpus 15 cpus 62-63,65
0: mpibind: task  16 nths  3 gpus 16 cpus 66-68
0: mpibind: task  17 nths  3 gpus 17 cpus 69-71
0: mpibind: task  18 nths  3 gpus 18 cpus 73-76
0: mpibind: task  19 nths  3 gpus 19 cpus 77-79,81
0: mpibind: task  20 nths  3 gpus 20 cpus 82-85
0: mpibind: task  21 nths  3 gpus 21 cpus 86-87,89
0: mpibind: task  22 nths  3 gpus 22 cpus 90-92
0: mpibind: task  23 nths  3 gpus 23 cpus 93-95
0: 0.142s: flux-shell[22]: mpibind: 
0: mpibind: task   0 nths  3 gpus 0 cpus 1-4
0: mpibind: task   1 nths  3 gpus 1 cpus 5-7,9
0: mpibind: task   2 nths  3 gpus 2 cpus 10-13
0: mpibind: task   3 nths  3 gpus 3 cpus 14-15,17
0: mpibind: task   4 nths  3 gpus 4 cpus 18-20
0: mpibind: task   5 nths  3 gpus 5 cpus 21-23
0: mpibind: task   6 nths  3 gpus 6 cpus 25-28
0: mpibind: task   7 nths  3 gpus 7 cpus 29-31,33
0: mpibind: task   8 nths  3 gpus 8 cpus 34-37
0: mpibind: task   9 nths  3 gpus 9 cpus 38-39,41
0: mpibind: task  10 nths  3 gpus 10 cpus 42-44
0: mpibind: task  11 nths  3 gpus 11 cpus 45-47
0: mpibind: task  12 nths  3 gpus 12 cpus 49-52
0: mpibind: task  13 nths  3 gpus 13 cpus 53-55,57
0: mpibind: task  14 nths  3 gpus 14 cpus 58-61
0: mpibind: task  15 nths  3 gpus 15 cpus 62-63,65
0: mpibind: task  16 nths  3 gpus 16 cpus 66-68
0: mpibind: task  17 nths  3 gpus 17 cpus 69-71
0: mpibind: task  18 nths  3 gpus 18 cpus 73-76
0: mpibind: task  19 nths  3 gpus 19 cpus 77-79,81
0: mpibind: task  20 nths  3 gpus 20 cpus 82-85
0: mpibind: task  21 nths  3 gpus 21 cpus 86-87,89
0: mpibind: task  22 nths  3 gpus 22 cpus 90-92
0: mpibind: task  23 nths  3 gpus 23 cpus 93-95
0: 0.144s: flux-shell[26]: mpibind: 
0: mpibind: task   0 nths  3 gpus 0 cpus 1-4
0: mpibind: task   1 nths  3 gpus 1 cpus 5-7,9
0: mpibind: task   2 nths  3 gpus 2 cpus 10-13
0: mpibind: task   3 nths  3 gpus 3 cpus 14-15,17
0: mpibind: task   4 nths  3 gpus 4 cpus 18-20
0: mpibind: task   5 nths  3 gpus 5 cpus 21-23
0: mpibind: task   6 nths  3 gpus 6 cpus 25-28
0: mpibind: task   7 nths  3 gpus 7 cpus 29-31,33
0: mpibind: task   8 nths  3 gpus 8 cpus 34-37
0: mpibind: task   9 nths  3 gpus 9 cpus 38-39,41
0: mpibind: task  10 nths  3 gpus 10 cpus 42-44
0: mpibind: task  11 nths  3 gpus 11 cpus 45-47
0: mpibind: task  12 nths  3 gpus 12 cpus 49-52
0: mpibind: task  13 nths  3 gpus 13 cpus 53-55,57
0: mpibind: task  14 nths  3 gpus 14 cpus 58-61
0: mpibind: task  15 nths  3 gpus 15 cpus 62-63,65
0: mpibind: task  16 nths  3 gpus 16 cpus 66-68
0: mpibind: task  17 nths  3 gpus 17 cpus 69-71
0: mpibind: task  18 nths  3 gpus 18 cpus 73-76
0: mpibind: task  19 nths  3 gpus 19 cpus 77-79,81
0: mpibind: task  20 nths  3 gpus 20 cpus 82-85
0: mpibind: task  21 nths  3 gpus 21 cpus 86-87,89
0: mpibind: task  22 nths  3 gpus 22 cpus 90-92
0: mpibind: task  23 nths  3 gpus 23 cpus 93-95
0: 0.132s: flux-shell[23]: mpibind: 
0: mpibind: task   0 nths  3 gpus 0 cpus 1-4
0: mpibind: task   1 nths  3 gpus 1 cpus 5-7,9
0: mpibind: task   2 nths  3 gpus 2 cpus 10-13
0: mpibind: task   3 nths  3 gpus 3 cpus 14-15,17
0: mpibind: task   4 nths  3 gpus 4 cpus 18-20
0: mpibind: task   5 nths  3 gpus 5 cpus 21-23
0: mpibind: task   6 nths  3 gpus 6 cpus 25-28
0: mpibind: task   7 nths  3 gpus 7 cpus 29-31,33
0: mpibind: task   8 nths  3 gpus 8 cpus 34-37
0: mpibind: task   9 nths  3 gpus 9 cpus 38-39,41
0: mpibind: task  10 nths  3 gpus 10 cpus 42-44
0: mpibind: task  11 nths  3 gpus 11 cpus 45-47
0: mpibind: task  12 nths  3 gpus 12 cpus 49-52
0: mpibind: task  13 nths  3 gpus 13 cpus 53-55,57
0: mpibind: task  14 nths  3 gpus 14 cpus 58-61
0: mpibind: task  15 nths  3 gpus 15 cpus 62-63,65
0: mpibind: task  16 nths  3 gpus 16 cpus 66-68
0: mpibind: task  17 nths  3 gpus 17 cpus 69-71
0: mpibind: task  18 nths  3 gpus 18 cpus 73-76
0: mpibind: task  19 nths  3 gpus 19 cpus 77-79,81
0: mpibind: task  20 nths  3 gpus 20 cpus 82-85
0: mpibind: task  21 nths  3 gpus 21 cpus 86-87,89
0: mpibind: task  22 nths  3 gpus 22 cpus 90-92
0: mpibind: task  23 nths  3 gpus 23 cpus 93-95
0: 0.135s: flux-shell[24]: mpibind: 
0: mpibind: task   0 nths  3 gpus 0 cpus 1-4
0: mpibind: task   1 nths  3 gpus 1 cpus 5-7,9
0: mpibind: task   2 nths  3 gpus 2 cpus 10-13
0: mpibind: task   3 nths  3 gpus 3 cpus 14-15,17
0: mpibind: task   4 nths  3 gpus 4 cpus 18-20
0: mpibind: task   5 nths  3 gpus 5 cpus 21-23
0: mpibind: task   6 nths  3 gpus 6 cpus 25-28
0: mpibind: task   7 nths  3 gpus 7 cpus 29-31,33
0: mpibind: task   8 nths  3 gpus 8 cpus 34-37
0: mpibind: task   9 nths  3 gpus 9 cpus 38-39,41
0: mpibind: task  10 nths  3 gpus 10 cpus 42-44
0: mpibind: task  11 nths  3 gpus 11 cpus 45-47
0: mpibind: task  12 nths  3 gpus 12 cpus 49-52
0: mpibind: task  13 nths  3 gpus 13 cpus 53-55,57
0: mpibind: task  14 nths  3 gpus 14 cpus 58-61
0: mpibind: task  15 nths  3 gpus 15 cpus 62-63,65
0: mpibind: task  16 nths  3 gpus 16 cpus 66-68
0: mpibind: task  17 nths  3 gpus 17 cpus 69-71
0: mpibind: task  18 nths  3 gpus 18 cpus 73-76
0: mpibind: task  19 nths  3 gpus 19 cpus 77-79,81
0: mpibind: task  20 nths  3 gpus 20 cpus 82-85
0: mpibind: task  21 nths  3 gpus 21 cpus 86-87,89
0: mpibind: task  22 nths  3 gpus 22 cpus 90-92
0: mpibind: task  23 nths  3 gpus 23 cpus 93-95
0: 0.135s: flux-shell[25]: mpibind: 
0: mpibind: task   0 nths  3 gpus 0 cpus 1-4
0: mpibind: task   1 nths  3 gpus 1 cpus 5-7,9
0: mpibind: task   2 nths  3 gpus 2 cpus 10-13
0: mpibind: task   3 nths  3 gpus 3 cpus 14-15,17
0: mpibind: task   4 nths  3 gpus 4 cpus 18-20
0: mpibind: task   5 nths  3 gpus 5 cpus 21-23
0: mpibind: task   6 nths  3 gpus 6 cpus 25-28
0: mpibind: task   7 nths  3 gpus 7 cpus 29-31,33
0: mpibind: task   8 nths  3 gpus 8 cpus 34-37
0: mpibind: task   9 nths  3 gpus 9 cpus 38-39,41
0: mpibind: task  10 nths  3 gpus 10 cpus 42-44
0: mpibind: task  11 nths  3 gpus 11 cpus 45-47
0: mpibind: task  12 nths  3 gpus 12 cpus 49-52
0: mpibind: task  13 nths  3 gpus 13 cpus 53-55,57
0: mpibind: task  14 nths  3 gpus 14 cpus 58-61
0: mpibind: task  15 nths  3 gpus 15 cpus 62-63,65
0: mpibind: task  16 nths  3 gpus 16 cpus 66-68
0: mpibind: task  17 nths  3 gpus 17 cpus 69-71
0: mpibind: task  18 nths  3 gpus 18 cpus 73-76
0: mpibind: task  19 nths  3 gpus 19 cpus 77-79,81
0: mpibind: task  20 nths  3 gpus 20 cpus 82-85
0: mpibind: task  21 nths  3 gpus 21 cpus 86-87,89
0: mpibind: task  22 nths  3 gpus 22 cpus 90-92
0: mpibind: task  23 nths  3 gpus 23 cpus 93-95
0: 0.137s: flux-shell[27]: mpibind: 
0: mpibind: task   0 nths  3 gpus 0 cpus 1-4
0: mpibind: task   1 nths  3 gpus 1 cpus 5-7,9
0: mpibind: task   2 nths  3 gpus 2 cpus 10-13
0: mpibind: task   3 nths  3 gpus 3 cpus 14-15,17
0: mpibind: task   4 nths  3 gpus 4 cpus 18-20
0: mpibind: task   5 nths  3 gpus 5 cpus 21-23
0: mpibind: task   6 nths  3 gpus 6 cpus 25-28
0: mpibind: task   7 nths  3 gpus 7 cpus 29-31,33
0: mpibind: task   8 nths  3 gpus 8 cpus 34-37
0: mpibind: task   9 nths  3 gpus 9 cpus 38-39,41
0: mpibind: task  10 nths  3 gpus 10 cpus 42-44
0: mpibind: task  11 nths  3 gpus 11 cpus 45-47
0: mpibind: task  12 nths  3 gpus 12 cpus 49-52
0: mpibind: task  13 nths  3 gpus 13 cpus 53-55,57
0: mpibind: task  14 nths  3 gpus 14 cpus 58-61
0: mpibind: task  15 nths  3 gpus 15 cpus 62-63,65
0: mpibind: task  16 nths  3 gpus 16 cpus 66-68
0: mpibind: task  17 nths  3 gpus 17 cpus 69-71
0: mpibind: task  18 nths  3 gpus 18 cpus 73-76
0: mpibind: task  19 nths  3 gpus 19 cpus 77-79,81
0: mpibind: task  20 nths  3 gpus 20 cpus 82-85
0: mpibind: task  21 nths  3 gpus 21 cpus 86-87,89
0: mpibind: task  22 nths  3 gpus 22 cpus 90-92
0: mpibind: task  23 nths  3 gpus 23 cpus 93-95
0: 0.138s: flux-shell[28]: mpibind: 
0: mpibind: task   0 nths  3 gpus 0 cpus 1-4
0: mpibind: task   1 nths  3 gpus 1 cpus 5-7,9
0: mpibind: task   2 nths  3 gpus 2 cpus 10-13
0: mpibind: task   3 nths  3 gpus 3 cpus 14-15,17
0: mpibind: task   4 nths  3 gpus 4 cpus 18-20
0: mpibind: task   5 nths  3 gpus 5 cpus 21-23
0: mpibind: task   6 nths  3 gpus 6 cpus 25-28
0: mpibind: task   7 nths  3 gpus 7 cpus 29-31,33
0: mpibind: task   8 nths  3 gpus 8 cpus 34-37
0: mpibind: task   9 nths  3 gpus 9 cpus 38-39,41
0: mpibind: task  10 nths  3 gpus 10 cpus 42-44
0: mpibind: task  11 nths  3 gpus 11 cpus 45-47
0: mpibind: task  12 nths  3 gpus 12 cpus 49-52
0: mpibind: task  13 nths  3 gpus 13 cpus 53-55,57
0: mpibind: task  14 nths  3 gpus 14 cpus 58-61
0: mpibind: task  15 nths  3 gpus 15 cpus 62-63,65
0: mpibind: task  16 nths  3 gpus 16 cpus 66-68
0: mpibind: task  17 nths  3 gpus 17 cpus 69-71
0: mpibind: task  18 nths  3 gpus 18 cpus 73-76
0: mpibind: task  19 nths  3 gpus 19 cpus 77-79,81
0: mpibind: task  20 nths  3 gpus 20 cpus 82-85
0: mpibind: task  21 nths  3 gpus 21 cpus 86-87,89
0: mpibind: task  22 nths  3 gpus 22 cpus 90-92
0: mpibind: task  23 nths  3 gpus 23 cpus 93-95
0: 0.142s: flux-shell[29]: mpibind: 
0: mpibind: task   0 nths  3 gpus 0 cpus 1-4
0: mpibind: task   1 nths  3 gpus 1 cpus 5-7,9
0: mpibind: task   2 nths  3 gpus 2 cpus 10-13
0: mpibind: task   3 nths  3 gpus 3 cpus 14-15,17
0: mpibind: task   4 nths  3 gpus 4 cpus 18-20
0: mpibind: task   5 nths  3 gpus 5 cpus 21-23
0: mpibind: task   6 nths  3 gpus 6 cpus 25-28
0: mpibind: task   7 nths  3 gpus 7 cpus 29-31,33
0: mpibind: task   8 nths  3 gpus 8 cpus 34-37
0: mpibind: task   9 nths  3 gpus 9 cpus 38-39,41
0: mpibind: task  10 nths  3 gpus 10 cpus 42-44
0: mpibind: task  11 nths  3 gpus 11 cpus 45-47
0: mpibind: task  12 nths  3 gpus 12 cpus 49-52
0: mpibind: task  13 nths  3 gpus 13 cpus 53-55,57
0: mpibind: task  14 nths  3 gpus 14 cpus 58-61
0: mpibind: task  15 nths  3 gpus 15 cpus 62-63,65
0: mpibind: task  16 nths  3 gpus 16 cpus 66-68
0: mpibind: task  17 nths  3 gpus 17 cpus 69-71
0: mpibind: task  18 nths  3 gpus 18 cpus 73-76
0: mpibind: task  19 nths  3 gpus 19 cpus 77-79,81
0: mpibind: task  20 nths  3 gpus 20 cpus 82-85
0: mpibind: task  21 nths  3 gpus 21 cpus 86-87,89
0: mpibind: task  22 nths  3 gpus 22 cpus 90-92
0: mpibind: task  23 nths  3 gpus 23 cpus 93-95
0: 0.145s: flux-shell[30]: mpibind: 
0: mpibind: task   0 nths  3 gpus 0 cpus 1-4
0: mpibind: task   1 nths  3 gpus 1 cpus 5-7,9
0: mpibind: task   2 nths  3 gpus 2 cpus 10-13
0: mpibind: task   3 nths  3 gpus 3 cpus 14-15,17
0: mpibind: task   4 nths  3 gpus 4 cpus 18-20
0: mpibind: task   5 nths  3 gpus 5 cpus 21-23
0: mpibind: task   6 nths  3 gpus 6 cpus 25-28
0: mpibind: task   7 nths  3 gpus 7 cpus 29-31,33
0: mpibind: task   8 nths  3 gpus 8 cpus 34-37
0: mpibind: task   9 nths  3 gpus 9 cpus 38-39,41
0: mpibind: task  10 nths  3 gpus 10 cpus 42-44
0: mpibind: task  11 nths  3 gpus 11 cpus 45-47
0: mpibind: task  12 nths  3 gpus 12 cpus 49-52
0: mpibind: task  13 nths  3 gpus 13 cpus 53-55,57
0: mpibind: task  14 nths  3 gpus 14 cpus 58-61
0: mpibind: task  15 nths  3 gpus 15 cpus 62-63,65
0: mpibind: task  16 nths  3 gpus 16 cpus 66-68
0: mpibind: task  17 nths  3 gpus 17 cpus 69-71
0: mpibind: task  18 nths  3 gpus 18 cpus 73-76
0: mpibind: task  19 nths  3 gpus 19 cpus 77-79,81
0: mpibind: task  20 nths  3 gpus 20 cpus 82-85
0: mpibind: task  21 nths  3 gpus 21 cpus 86-87,89
0: mpibind: task  22 nths  3 gpus 22 cpus 90-92
0: mpibind: task  23 nths  3 gpus 23 cpus 93-95
0: 0.137s: flux-shell[31]: mpibind: 
0: mpibind: task   0 nths  3 gpus 0 cpus 1-4
0: mpibind: task   1 nths  3 gpus 1 cpus 5-7,9
0: mpibind: task   2 nths  3 gpus 2 cpus 10-13
0: mpibind: task   3 nths  3 gpus 3 cpus 14-15,17
0: mpibind: task   4 nths  3 gpus 4 cpus 18-20
0: mpibind: task   5 nths  3 gpus 5 cpus 21-23
0: mpibind: task   6 nths  3 gpus 6 cpus 25-28
0: mpibind: task   7 nths  3 gpus 7 cpus 29-31,33
0: mpibind: task   8 nths  3 gpus 8 cpus 34-37
0: mpibind: task   9 nths  3 gpus 9 cpus 38-39,41
0: mpibind: task  10 nths  3 gpus 10 cpus 42-44
0: mpibind: task  11 nths  3 gpus 11 cpus 45-47
0: mpibind: task  12 nths  3 gpus 12 cpus 49-52
0: mpibind: task  13 nths  3 gpus 13 cpus 53-55,57
0: mpibind: task  14 nths  3 gpus 14 cpus 58-61
0: mpibind: task  15 nths  3 gpus 15 cpus 62-63,65
0: mpibind: task  16 nths  3 gpus 16 cpus 66-68
0: mpibind: task  17 nths  3 gpus 17 cpus 69-71
0: mpibind: task  18 nths  3 gpus 18 cpus 73-76
0: mpibind: task  19 nths  3 gpus 19 cpus 77-79,81
0: mpibind: task  20 nths  3 gpus 20 cpus 82-85
0: mpibind: task  21 nths  3 gpus 21 cpus 86-87,89
0: mpibind: task  22 nths  3 gpus 22 cpus 90-92
0: mpibind: task  23 nths  3 gpus 23 cpus 93-95
0: 0.134s: flux-shell[16]: mpibind: 
0: mpibind: task   0 nths  3 gpus 0 cpus 1-4
0: mpibind: task   1 nths  3 gpus 1 cpus 5-7,9
0: mpibind: task   2 nths  3 gpus 2 cpus 10-13
0: mpibind: task   3 nths  3 gpus 3 cpus 14-15,17
0: mpibind: task   4 nths  3 gpus 4 cpus 18-20
0: mpibind: task   5 nths  3 gpus 5 cpus 21-23
0: mpibind: task   6 nths  3 gpus 6 cpus 25-28
0: mpibind: task   7 nths  3 gpus 7 cpus 29-31,33
0: mpibind: task   8 nths  3 gpus 8 cpus 34-37
0: mpibind: task   9 nths  3 gpus 9 cpus 38-39,41
0: mpibind: task  10 nths  3 gpus 10 cpus 42-44
0: mpibind: task  11 nths  3 gpus 11 cpus 45-47
0: mpibind: task  12 nths  3 gpus 12 cpus 49-52
0: mpibind: task  13 nths  3 gpus 13 cpus 53-55,57
0: mpibind: task  14 nths  3 gpus 14 cpus 58-61
0: mpibind: task  15 nths  3 gpus 15 cpus 62-63,65
0: mpibind: task  16 nths  3 gpus 16 cpus 66-68
0: mpibind: task  17 nths  3 gpus 17 cpus 69-71
0: mpibind: task  18 nths  3 gpus 18 cpus 73-76
0: mpibind: task  19 nths  3 gpus 19 cpus 77-79,81
0: mpibind: task  20 nths  3 gpus 20 cpus 82-85
0: mpibind: task  21 nths  3 gpus 21 cpus 86-87,89
0: mpibind: task  22 nths  3 gpus 22 cpus 90-92
0: mpibind: task  23 nths  3 gpus 23 cpus 93-95
0: 0.132s: flux-shell[19]: mpibind: 
0: mpibind: task   0 nths  3 gpus 0 cpus 1-4
0: mpibind: task   1 nths  3 gpus 1 cpus 5-7,9
0: mpibind: task   2 nths  3 gpus 2 cpus 10-13
0: mpibind: task   3 nths  3 gpus 3 cpus 14-15,17
0: mpibind: task   4 nths  3 gpus 4 cpus 18-20
0: mpibind: task   5 nths  3 gpus 5 cpus 21-23
0: mpibind: task   6 nths  3 gpus 6 cpus 25-28
0: mpibind: task   7 nths  3 gpus 7 cpus 29-31,33
0: mpibind: task   8 nths  3 gpus 8 cpus 34-37
0: mpibind: task   9 nths  3 gpus 9 cpus 38-39,41
0: mpibind: task  10 nths  3 gpus 10 cpus 42-44
0: mpibind: task  11 nths  3 gpus 11 cpus 45-47
0: mpibind: task  12 nths  3 gpus 12 cpus 49-52
0: mpibind: task  13 nths  3 gpus 13 cpus 53-55,57
0: mpibind: task  14 nths  3 gpus 14 cpus 58-61
0: mpibind: task  15 nths  3 gpus 15 cpus 62-63,65
0: mpibind: task  16 nths  3 gpus 16 cpus 66-68
0: mpibind: task  17 nths  3 gpus 17 cpus 69-71
0: mpibind: task  18 nths  3 gpus 18 cpus 73-76
0: mpibind: task  19 nths  3 gpus 19 cpus 77-79,81
0: mpibind: task  20 nths  3 gpus 20 cpus 82-85
0: mpibind: task  21 nths  3 gpus 21 cpus 86-87,89
0: mpibind: task  22 nths  3 gpus 22 cpus 90-92
0: mpibind: task  23 nths  3 gpus 23 cpus 93-95
0: 0.134s: flux-shell[20]: mpibind: 
0: mpibind: task   0 nths  3 gpus 0 cpus 1-4
0: mpibind: task   1 nths  3 gpus 1 cpus 5-7,9
0: mpibind: task   2 nths  3 gpus 2 cpus 10-13
0: mpibind: task   3 nths  3 gpus 3 cpus 14-15,17
0: mpibind: task   4 nths  3 gpus 4 cpus 18-20
0: mpibind: task   5 nths  3 gpus 5 cpus 21-23
0: mpibind: task   6 nths  3 gpus 6 cpus 25-28
0: mpibind: task   7 nths  3 gpus 7 cpus 29-31,33
0: mpibind: task   8 nths  3 gpus 8 cpus 34-37
0: mpibind: task   9 nths  3 gpus 9 cpus 38-39,41
0: mpibind: task  10 nths  3 gpus 10 cpus 42-44
0: mpibind: task  11 nths  3 gpus 11 cpus 45-47
0: mpibind: task  12 nths  3 gpus 12 cpus 49-52
0: mpibind: task  13 nths  3 gpus 13 cpus 53-55,57
0: mpibind: task  14 nths  3 gpus 14 cpus 58-61
0: mpibind: task  15 nths  3 gpus 15 cpus 62-63,65
0: mpibind: task  16 nths  3 gpus 16 cpus 66-68
0: mpibind: task  17 nths  3 gpus 17 cpus 69-71
0: mpibind: task  18 nths  3 gpus 18 cpus 73-76
0: mpibind: task  19 nths  3 gpus 19 cpus 77-79,81
0: mpibind: task  20 nths  3 gpus 20 cpus 82-85
0: mpibind: task  21 nths  3 gpus 21 cpus 86-87,89
0: mpibind: task  22 nths  3 gpus 22 cpus 90-92
0: mpibind: task  23 nths  3 gpus 23 cpus 93-95
0: 0.131s: flux-shell[15]: mpibind: 
0: mpibind: task   0 nths  3 gpus 0 cpus 1-4
0: mpibind: task   1 nths  3 gpus 1 cpus 5-7,9
0: mpibind: task   2 nths  3 gpus 2 cpus 10-13
0: mpibind: task   3 nths  3 gpus 3 cpus 14-15,17
0: mpibind: task   4 nths  3 gpus 4 cpus 18-20
0: mpibind: task   5 nths  3 gpus 5 cpus 21-23
0: mpibind: task   6 nths  3 gpus 6 cpus 25-28
0: mpibind: task   7 nths  3 gpus 7 cpus 29-31,33
0: mpibind: task   8 nths  3 gpus 8 cpus 34-37
0: mpibind: task   9 nths  3 gpus 9 cpus 38-39,41
0: mpibind: task  10 nths  3 gpus 10 cpus 42-44
0: mpibind: task  11 nths  3 gpus 11 cpus 45-47
0: mpibind: task  12 nths  3 gpus 12 cpus 49-52
0: mpibind: task  13 nths  3 gpus 13 cpus 53-55,57
0: mpibind: task  14 nths  3 gpus 14 cpus 58-61
0: mpibind: task  15 nths  3 gpus 15 cpus 62-63,65
0: mpibind: task  16 nths  3 gpus 16 cpus 66-68
0: mpibind: task  17 nths  3 gpus 17 cpus 69-71
0: mpibind: task  18 nths  3 gpus 18 cpus 73-76
0: mpibind: task  19 nths  3 gpus 19 cpus 77-79,81
0: mpibind: task  20 nths  3 gpus 20 cpus 82-85
0: mpibind: task  21 nths  3 gpus 21 cpus 86-87,89
0: mpibind: task  22 nths  3 gpus 22 cpus 90-92
0: mpibind: task  23 nths  3 gpus 23 cpus 93-95
0: 0.131s: flux-shell[17]: mpibind: 
0: mpibind: task   0 nths  3 gpus 0 cpus 1-4
0: mpibind: task   1 nths  3 gpus 1 cpus 5-7,9
0: mpibind: task   2 nths  3 gpus 2 cpus 10-13
0: mpibind: task   3 nths  3 gpus 3 cpus 14-15,17
0: mpibind: task   4 nths  3 gpus 4 cpus 18-20
0: mpibind: task   5 nths  3 gpus 5 cpus 21-23
0: mpibind: task   6 nths  3 gpus 6 cpus 25-28
0: mpibind: task   7 nths  3 gpus 7 cpus 29-31,33
0: mpibind: task   8 nths  3 gpus 8 cpus 34-37
0: mpibind: task   9 nths  3 gpus 9 cpus 38-39,41
0: mpibind: task  10 nths  3 gpus 10 cpus 42-44
0: mpibind: task  11 nths  3 gpus 11 cpus 45-47
0: mpibind: task  12 nths  3 gpus 12 cpus 49-52
0: mpibind: task  13 nths  3 gpus 13 cpus 53-55,57
0: mpibind: task  14 nths  3 gpus 14 cpus 58-61
0: mpibind: task  15 nths  3 gpus 15 cpus 62-63,65
0: mpibind: task  16 nths  3 gpus 16 cpus 66-68
0: mpibind: task  17 nths  3 gpus 17 cpus 69-71
0: mpibind: task  18 nths  3 gpus 18 cpus 73-76
0: mpibind: task  19 nths  3 gpus 19 cpus 77-79,81
0: mpibind: task  20 nths  3 gpus 20 cpus 82-85
0: mpibind: task  21 nths  3 gpus 21 cpus 86-87,89
0: mpibind: task  22 nths  3 gpus 22 cpus 90-92
0: mpibind: task  23 nths  3 gpus 23 cpus 93-95
0: 0.134s: flux-shell[21]: mpibind: 
0: mpibind: task   0 nths  3 gpus 0 cpus 1-4
0: mpibind: task   1 nths  3 gpus 1 cpus 5-7,9
0: mpibind: task   2 nths  3 gpus 2 cpus 10-13
0: mpibind: task   3 nths  3 gpus 3 cpus 14-15,17
0: mpibind: task   4 nths  3 gpus 4 cpus 18-20
0: mpibind: task   5 nths  3 gpus 5 cpus 21-23
0: mpibind: task   6 nths  3 gpus 6 cpus 25-28
0: mpibind: task   7 nths  3 gpus 7 cpus 29-31,33
0: mpibind: task   8 nths  3 gpus 8 cpus 34-37
0: mpibind: task   9 nths  3 gpus 9 cpus 38-39,41
0: mpibind: task  10 nths  3 gpus 10 cpus 42-44
0: mpibind: task  11 nths  3 gpus 11 cpus 45-47
0: mpibind: task  12 nths  3 gpus 12 cpus 49-52
0: mpibind: task  13 nths  3 gpus 13 cpus 53-55,57
0: mpibind: task  14 nths  3 gpus 14 cpus 58-61
0: mpibind: task  15 nths  3 gpus 15 cpus 62-63,65
0: mpibind: task  16 nths  3 gpus 16 cpus 66-68
0: mpibind: task  17 nths  3 gpus 17 cpus 69-71
0: mpibind: task  18 nths  3 gpus 18 cpus 73-76
0: mpibind: task  19 nths  3 gpus 19 cpus 77-79,81
0: mpibind: task  20 nths  3 gpus 20 cpus 82-85
0: mpibind: task  21 nths  3 gpus 21 cpus 86-87,89
0: mpibind: task  22 nths  3 gpus 22 cpus 90-92
0: mpibind: task  23 nths  3 gpus 23 cpus 93-95
0: 0.135s: flux-shell[18]: mpibind: 
0: mpibind: task   0 nths  3 gpus 0 cpus 1-4
0: mpibind: task   1 nths  3 gpus 1 cpus 5-7,9
0: mpibind: task   2 nths  3 gpus 2 cpus 10-13
0: mpibind: task   3 nths  3 gpus 3 cpus 14-15,17
0: mpibind: task   4 nths  3 gpus 4 cpus 18-20
0: mpibind: task   5 nths  3 gpus 5 cpus 21-23
0: mpibind: task   6 nths  3 gpus 6 cpus 25-28
0: mpibind: task   7 nths  3 gpus 7 cpus 29-31,33
0: mpibind: task   8 nths  3 gpus 8 cpus 34-37
0: mpibind: task   9 nths  3 gpus 9 cpus 38-39,41
0: mpibind: task  10 nths  3 gpus 10 cpus 42-44
0: mpibind: task  11 nths  3 gpus 11 cpus 45-47
0: mpibind: task  12 nths  3 gpus 12 cpus 49-52
0: mpibind: task  13 nths  3 gpus 13 cpus 53-55,57
0: mpibind: task  14 nths  3 gpus 14 cpus 58-61
0: mpibind: task  15 nths  3 gpus 15 cpus 62-63,65
0: mpibind: task  16 nths  3 gpus 16 cpus 66-68
0: mpibind: task  17 nths  3 gpus 17 cpus 69-71
0: mpibind: task  18 nths  3 gpus 18 cpus 73-76
0: mpibind: task  19 nths  3 gpus 19 cpus 77-79,81
0: mpibind: task  20 nths  3 gpus 20 cpus 82-85
0: mpibind: task  21 nths  3 gpus 21 cpus 86-87,89
0: mpibind: task  22 nths  3 gpus 22 cpus 90-92
0: mpibind: task  23 nths  3 gpus 23 cpus 93-95
0: jobid: f42jnBHno
0: 0.117s: flux-shell[0]: mpibind: 
0: mpibind: task   0 nths  3 gpus 0 cpus 1-4
0: mpibind: task   1 nths  3 gpus 1 cpus 5-7,9
0: mpibind: task   2 nths  3 gpus 2 cpus 10-13
0: mpibind: task   3 nths  3 gpus 3 cpus 14-15,17
0: mpibind: task   4 nths  3 gpus 4 cpus 18-20
0: mpibind: task   5 nths  3 gpus 5 cpus 21-23
0: mpibind: task   6 nths  3 gpus 6 cpus 25-28
0: mpibind: task   7 nths  3 gpus 7 cpus 29-31,33
0: mpibind: task   8 nths  3 gpus 8 cpus 34-37
0: mpibind: task   9 nths  3 gpus 9 cpus 38-39,41
0: mpibind: task  10 nths  3 gpus 10 cpus 42-44
0: mpibind: task  11 nths  3 gpus 11 cpus 45-47
0: mpibind: task  12 nths  3 gpus 12 cpus 49-52
0: mpibind: task  13 nths  3 gpus 13 cpus 53-55,57
0: mpibind: task  14 nths  3 gpus 14 cpus 58-61
0: mpibind: task  15 nths  3 gpus 15 cpus 62-63,65
0: mpibind: task  16 nths  3 gpus 16 cpus 66-68
0: mpibind: task  17 nths  3 gpus 17 cpus 69-71
0: mpibind: task  18 nths  3 gpus 18 cpus 73-76
0: mpibind: task  19 nths  3 gpus 19 cpus 77-79,81
0: mpibind: task  20 nths  3 gpus 20 cpus 82-85
0: mpibind: task  21 nths  3 gpus 21 cpus 86-87,89
0: mpibind: task  22 nths  3 gpus 22 cpus 90-92
0: mpibind: task  23 nths  3 gpus 23 cpus 93-95
0: 0.135s: flux-shell[14]: mpibind: 
0: mpibind: task   0 nths  3 gpus 0 cpus 1-4
0: mpibind: task   1 nths  3 gpus 1 cpus 5-7,9
0: mpibind: task   2 nths  3 gpus 2 cpus 10-13
0: mpibind: task   3 nths  3 gpus 3 cpus 14-15,17
0: mpibind: task   4 nths  3 gpus 4 cpus 18-20
0: mpibind: task   5 nths  3 gpus 5 cpus 21-23
0: mpibind: task   6 nths  3 gpus 6 cpus 25-28
0: mpibind: task   7 nths  3 gpus 7 cpus 29-31,33
0: mpibind: task   8 nths  3 gpus 8 cpus 34-37
0: mpibind: task   9 nths  3 gpus 9 cpus 38-39,41
0: mpibind: task  10 nths  3 gpus 10 cpus 42-44
0: mpibind: task  11 nths  3 gpus 11 cpus 45-47
0: mpibind: task  12 nths  3 gpus 12 cpus 49-52
0: mpibind: task  13 nths  3 gpus 13 cpus 53-55,57
0: mpibind: task  14 nths  3 gpus 14 cpus 58-61
0: mpibind: task  15 nths  3 gpus 15 cpus 62-63,65
0: mpibind: task  16 nths  3 gpus 16 cpus 66-68
0: mpibind: task  17 nths  3 gpus 17 cpus 69-71
0: mpibind: task  18 nths  3 gpus 18 cpus 73-76
0: mpibind: task  19 nths  3 gpus 19 cpus 77-79,81
0: mpibind: task  20 nths  3 gpus 20 cpus 82-85
0: mpibind: task  21 nths  3 gpus 21 cpus 86-87,89
0: mpibind: task  22 nths  3 gpus 22 cpus 90-92
0: mpibind: task  23 nths  3 gpus 23 cpus 93-95
0: 0.132s: flux-shell[1]: mpibind: 
0: mpibind: task   0 nths  3 gpus 0 cpus 1-4
0: mpibind: task   1 nths  3 gpus 1 cpus 5-7,9
0: mpibind: task   2 nths  3 gpus 2 cpus 10-13
0: mpibind: task   3 nths  3 gpus 3 cpus 14-15,17
0: mpibind: task   4 nths  3 gpus 4 cpus 18-20
0: mpibind: task   5 nths  3 gpus 5 cpus 21-23
0: mpibind: task   6 nths  3 gpus 6 cpus 25-28
0: mpibind: task   7 nths  3 gpus 7 cpus 29-31,33
0: mpibind: task   8 nths  3 gpus 8 cpus 34-37
0: mpibind: task   9 nths  3 gpus 9 cpus 38-39,41
0: mpibind: task  10 nths  3 gpus 10 cpus 42-44
0: mpibind: task  11 nths  3 gpus 11 cpus 45-47
0: mpibind: task  12 nths  3 gpus 12 cpus 49-52
0: mpibind: task  13 nths  3 gpus 13 cpus 53-55,57
0: mpibind: task  14 nths  3 gpus 14 cpus 58-61
0: mpibind: task  15 nths  3 gpus 15 cpus 62-63,65
0: mpibind: task  16 nths  3 gpus 16 cpus 66-68
0: mpibind: task  17 nths  3 gpus 17 cpus 69-71
0: mpibind: task  18 nths  3 gpus 18 cpus 73-76
0: mpibind: task  19 nths  3 gpus 19 cpus 77-79,81
0: mpibind: task  20 nths  3 gpus 20 cpus 82-85
0: mpibind: task  21 nths  3 gpus 21 cpus 86-87,89
0: mpibind: task  22 nths  3 gpus 22 cpus 90-92
0: mpibind: task  23 nths  3 gpus 23 cpus 93-95
0: 0.131s: flux-shell[2]: mpibind: 
0: mpibind: task   0 nths  3 gpus 0 cpus 1-4
0: mpibind: task   1 nths  3 gpus 1 cpus 5-7,9
0: mpibind: task   2 nths  3 gpus 2 cpus 10-13
0: mpibind: task   3 nths  3 gpus 3 cpus 14-15,17
0: mpibind: task   4 nths  3 gpus 4 cpus 18-20
0: mpibind: task   5 nths  3 gpus 5 cpus 21-23
0: mpibind: task   6 nths  3 gpus 6 cpus 25-28
0: mpibind: task   7 nths  3 gpus 7 cpus 29-31,33
0: mpibind: task   8 nths  3 gpus 8 cpus 34-37
0: mpibind: task   9 nths  3 gpus 9 cpus 38-39,41
0: mpibind: task  10 nths  3 gpus 10 cpus 42-44
0: mpibind: task  11 nths  3 gpus 11 cpus 45-47
0: mpibind: task  12 nths  3 gpus 12 cpus 49-52
0: mpibind: task  13 nths  3 gpus 13 cpus 53-55,57
0: mpibind: task  14 nths  3 gpus 14 cpus 58-61
0: mpibind: task  15 nths  3 gpus 15 cpus 62-63,65
0: mpibind: task  16 nths  3 gpus 16 cpus 66-68
0: mpibind: task  17 nths  3 gpus 17 cpus 69-71
0: mpibind: task  18 nths  3 gpus 18 cpus 73-76
0: mpibind: task  19 nths  3 gpus 19 cpus 77-79,81
0: mpibind: task  20 nths  3 gpus 20 cpus 82-85
0: mpibind: task  21 nths  3 gpus 21 cpus 86-87,89
0: mpibind: task  22 nths  3 gpus 22 cpus 90-92
0: mpibind: task  23 nths  3 gpus 23 cpus 93-95
0: 0.141s: flux-shell[3]: mpibind: 
0: mpibind: task   0 nths  3 gpus 0 cpus 1-4
0: mpibind: task   1 nths  3 gpus 1 cpus 5-7,9
0: mpibind: task   2 nths  3 gpus 2 cpus 10-13
0: mpibind: task   3 nths  3 gpus 3 cpus 14-15,17
0: mpibind: task   4 nths  3 gpus 4 cpus 18-20
0: mpibind: task   5 nths  3 gpus 5 cpus 21-23
0: mpibind: task   6 nths  3 gpus 6 cpus 25-28
0: mpibind: task   7 nths  3 gpus 7 cpus 29-31,33
0: mpibind: task   8 nths  3 gpus 8 cpus 34-37
0: mpibind: task   9 nths  3 gpus 9 cpus 38-39,41
0: mpibind: task  10 nths  3 gpus 10 cpus 42-44
0: mpibind: task  11 nths  3 gpus 11 cpus 45-47
0: mpibind: task  12 nths  3 gpus 12 cpus 49-52
0: mpibind: task  13 nths  3 gpus 13 cpus 53-55,57
0: mpibind: task  14 nths  3 gpus 14 cpus 58-61
0: mpibind: task  15 nths  3 gpus 15 cpus 62-63,65
0: mpibind: task  16 nths  3 gpus 16 cpus 66-68
0: mpibind: task  17 nths  3 gpus 17 cpus 69-71
0: mpibind: task  18 nths  3 gpus 18 cpus 73-76
0: mpibind: task  19 nths  3 gpus 19 cpus 77-79,81
0: mpibind: task  20 nths  3 gpus 20 cpus 82-85
0: mpibind: task  21 nths  3 gpus 21 cpus 86-87,89
0: mpibind: task  22 nths  3 gpus 22 cpus 90-92
0: mpibind: task  23 nths  3 gpus 23 cpus 93-95
0: 0.128s: flux-shell[4]: mpibind: 
0: mpibind: task   0 nths  3 gpus 0 cpus 1-4
0: mpibind: task   1 nths  3 gpus 1 cpus 5-7,9
0: mpibind: task   2 nths  3 gpus 2 cpus 10-13
0: mpibind: task   3 nths  3 gpus 3 cpus 14-15,17
0: mpibind: task   4 nths  3 gpus 4 cpus 18-20
0: mpibind: task   5 nths  3 gpus 5 cpus 21-23
0: mpibind: task   6 nths  3 gpus 6 cpus 25-28
0: mpibind: task   7 nths  3 gpus 7 cpus 29-31,33
0: mpibind: task   8 nths  3 gpus 8 cpus 34-37
0: mpibind: task   9 nths  3 gpus 9 cpus 38-39,41
0: mpibind: task  10 nths  3 gpus 10 cpus 42-44
0: mpibind: task  11 nths  3 gpus 11 cpus 45-47
0: mpibind: task  12 nths  3 gpus 12 cpus 49-52
0: mpibind: task  13 nths  3 gpus 13 cpus 53-55,57
0: mpibind: task  14 nths  3 gpus 14 cpus 58-61
0: mpibind: task  15 nths  3 gpus 15 cpus 62-63,65
0: mpibind: task  16 nths  3 gpus 16 cpus 66-68
0: mpibind: task  17 nths  3 gpus 17 cpus 69-71
0: mpibind: task  18 nths  3 gpus 18 cpus 73-76
0: mpibind: task  19 nths  3 gpus 19 cpus 77-79,81
0: mpibind: task  20 nths  3 gpus 20 cpus 82-85
0: mpibind: task  21 nths  3 gpus 21 cpus 86-87,89
0: mpibind: task  22 nths  3 gpus 22 cpus 90-92
0: mpibind: task  23 nths  3 gpus 23 cpus 93-95
0: 0.140s: flux-shell[5]: mpibind: 
0: mpibind: task   0 nths  3 gpus 0 cpus 1-4
0: mpibind: task   1 nths  3 gpus 1 cpus 5-7,9
0: mpibind: task   2 nths  3 gpus 2 cpus 10-13
0: mpibind: task   3 nths  3 gpus 3 cpus 14-15,17
0: mpibind: task   4 nths  3 gpus 4 cpus 18-20
0: mpibind: task   5 nths  3 gpus 5 cpus 21-23
0: mpibind: task   6 nths  3 gpus 6 cpus 25-28
0: mpibind: task   7 nths  3 gpus 7 cpus 29-31,33
0: mpibind: task   8 nths  3 gpus 8 cpus 34-37
0: mpibind: task   9 nths  3 gpus 9 cpus 38-39,41
0: mpibind: task  10 nths  3 gpus 10 cpus 42-44
0: mpibind: task  11 nths  3 gpus 11 cpus 45-47
0: mpibind: task  12 nths  3 gpus 12 cpus 49-52
0: mpibind: task  13 nths  3 gpus 13 cpus 53-55,57
0: mpibind: task  14 nths  3 gpus 14 cpus 58-61
0: mpibind: task  15 nths  3 gpus 15 cpus 62-63,65
0: mpibind: task  16 nths  3 gpus 16 cpus 66-68
0: mpibind: task  17 nths  3 gpus 17 cpus 69-71
0: mpibind: task  18 nths  3 gpus 18 cpus 73-76
0: mpibind: task  19 nths  3 gpus 19 cpus 77-79,81
0: mpibind: task  20 nths  3 gpus 20 cpus 82-85
0: mpibind: task  21 nths  3 gpus 21 cpus 86-87,89
0: mpibind: task  22 nths  3 gpus 22 cpus 90-92
0: mpibind: task  23 nths  3 gpus 23 cpus 93-95
0: 0.129s: flux-shell[6]: mpibind: 
0: mpibind: task   0 nths  3 gpus 0 cpus 1-4
0: mpibind: task   1 nths  3 gpus 1 cpus 5-7,9
0: mpibind: task   2 nths  3 gpus 2 cpus 10-13
0: mpibind: task   3 nths  3 gpus 3 cpus 14-15,17
0: mpibind: task   4 nths  3 gpus 4 cpus 18-20
0: mpibind: task   5 nths  3 gpus 5 cpus 21-23
0: mpibind: task   6 nths  3 gpus 6 cpus 25-28
0: mpibind: task   7 nths  3 gpus 7 cpus 29-31,33
0: mpibind: task   8 nths  3 gpus 8 cpus 34-37
0: mpibind: task   9 nths  3 gpus 9 cpus 38-39,41
0: mpibind: task  10 nths  3 gpus 10 cpus 42-44
0: mpibind: task  11 nths  3 gpus 11 cpus 45-47
0: mpibind: task  12 nths  3 gpus 12 cpus 49-52
0: mpibind: task  13 nths  3 gpus 13 cpus 53-55,57
0: mpibind: task  14 nths  3 gpus 14 cpus 58-61
0: mpibind: task  15 nths  3 gpus 15 cpus 62-63,65
0: mpibind: task  16 nths  3 gpus 16 cpus 66-68
0: mpibind: task  17 nths  3 gpus 17 cpus 69-71
0: mpibind: task  18 nths  3 gpus 18 cpus 73-76
0: mpibind: task  19 nths  3 gpus 19 cpus 77-79,81
0: mpibind: task  20 nths  3 gpus 20 cpus 82-85
0: mpibind: task  21 nths  3 gpus 21 cpus 86-87,89
0: mpibind: task  22 nths  3 gpus 22 cpus 90-92
0: mpibind: task  23 nths  3 gpus 23 cpus 93-95
0: 0.125s: flux-shell[7]: mpibind: 
0: mpibind: task   0 nths  3 gpus 0 cpus 1-4
0: mpibind: task   1 nths  3 gpus 1 cpus 5-7,9
0: mpibind: task   2 nths  3 gpus 2 cpus 10-13
0: mpibind: task   3 nths  3 gpus 3 cpus 14-15,17
0: mpibind: task   4 nths  3 gpus 4 cpus 18-20
0: mpibind: task   5 nths  3 gpus 5 cpus 21-23
0: mpibind: task   6 nths  3 gpus 6 cpus 25-28
0: mpibind: task   7 nths  3 gpus 7 cpus 29-31,33
0: mpibind: task   8 nths  3 gpus 8 cpus 34-37
0: mpibind: task   9 nths  3 gpus 9 cpus 38-39,41
0: mpibind: task  10 nths  3 gpus 10 cpus 42-44
0: mpibind: task  11 nths  3 gpus 11 cpus 45-47
0: mpibind: task  12 nths  3 gpus 12 cpus 49-52
0: mpibind: task  13 nths  3 gpus 13 cpus 53-55,57
0: mpibind: task  14 nths  3 gpus 14 cpus 58-61
0: mpibind: task  15 nths  3 gpus 15 cpus 62-63,65
0: mpibind: task  16 nths  3 gpus 16 cpus 66-68
0: mpibind: task  17 nths  3 gpus 17 cpus 69-71
0: mpibind: task  18 nths  3 gpus 18 cpus 73-76
0: mpibind: task  19 nths  3 gpus 19 cpus 77-79,81
0: mpibind: task  20 nths  3 gpus 20 cpus 82-85
0: mpibind: task  21 nths  3 gpus 21 cpus 86-87,89
0: mpibind: task  22 nths  3 gpus 22 cpus 90-92
0: mpibind: task  23 nths  3 gpus 23 cpus 93-95
0: 0.137s: flux-shell[8]: mpibind: 
0: mpibind: task   0 nths  3 gpus 0 cpus 1-4
0: mpibind: task   1 nths  3 gpus 1 cpus 5-7,9
0: mpibind: task   2 nths  3 gpus 2 cpus 10-13
0: mpibind: task   3 nths  3 gpus 3 cpus 14-15,17
0: mpibind: task   4 nths  3 gpus 4 cpus 18-20
0: mpibind: task   5 nths  3 gpus 5 cpus 21-23
0: mpibind: task   6 nths  3 gpus 6 cpus 25-28
0: mpibind: task   7 nths  3 gpus 7 cpus 29-31,33
0: mpibind: task   8 nths  3 gpus 8 cpus 34-37
0: mpibind: task   9 nths  3 gpus 9 cpus 38-39,41
0: mpibind: task  10 nths  3 gpus 10 cpus 42-44
0: mpibind: task  11 nths  3 gpus 11 cpus 45-47
0: mpibind: task  12 nths  3 gpus 12 cpus 49-52
0: mpibind: task  13 nths  3 gpus 13 cpus 53-55,57
0: mpibind: task  14 nths  3 gpus 14 cpus 58-61
0: mpibind: task  15 nths  3 gpus 15 cpus 62-63,65
0: mpibind: task  16 nths  3 gpus 16 cpus 66-68
0: mpibind: task  17 nths  3 gpus 17 cpus 69-71
0: mpibind: task  18 nths  3 gpus 18 cpus 73-76
0: mpibind: task  19 nths  3 gpus 19 cpus 77-79,81
0: mpibind: task  20 nths  3 gpus 20 cpus 82-85
0: mpibind: task  21 nths  3 gpus 21 cpus 86-87,89
0: mpibind: task  22 nths  3 gpus 22 cpus 90-92
0: mpibind: task  23 nths  3 gpus 23 cpus 93-95
0: 0.136s: flux-shell[9]: mpibind: 
0: mpibind: task   0 nths  3 gpus 0 cpus 1-4
0: mpibind: task   1 nths  3 gpus 1 cpus 5-7,9
0: mpibind: task   2 nths  3 gpus 2 cpus 10-13
0: mpibind: task   3 nths  3 gpus 3 cpus 14-15,17
0: mpibind: task   4 nths  3 gpus 4 cpus 18-20
0: mpibind: task   5 nths  3 gpus 5 cpus 21-23
0: mpibind: task   6 nths  3 gpus 6 cpus 25-28
0: mpibind: task   7 nths  3 gpus 7 cpus 29-31,33
0: mpibind: task   8 nths  3 gpus 8 cpus 34-37
0: mpibind: task   9 nths  3 gpus 9 cpus 38-39,41
0: mpibind: task  10 nths  3 gpus 10 cpus 42-44
0: mpibind: task  11 nths  3 gpus 11 cpus 45-47
0: mpibind: task  12 nths  3 gpus 12 cpus 49-52
0: mpibind: task  13 nths  3 gpus 13 cpus 53-55,57
0: mpibind: task  14 nths  3 gpus 14 cpus 58-61
0: mpibind: task  15 nths  3 gpus 15 cpus 62-63,65
0: mpibind: task  16 nths  3 gpus 16 cpus 66-68
0: mpibind: task  17 nths  3 gpus 17 cpus 69-71
0: mpibind: task  18 nths  3 gpus 18 cpus 73-76
0: mpibind: task  19 nths  3 gpus 19 cpus 77-79,81
0: mpibind: task  20 nths  3 gpus 20 cpus 82-85
0: mpibind: task  21 nths  3 gpus 21 cpus 86-87,89
0: mpibind: task  22 nths  3 gpus 22 cpus 90-92
0: mpibind: task  23 nths  3 gpus 23 cpus 93-95
0: 0.137s: flux-shell[10]: mpibind: 
0: mpibind: task   0 nths  3 gpus 0 cpus 1-4
0: mpibind: task   1 nths  3 gpus 1 cpus 5-7,9
0: mpibind: task   2 nths  3 gpus 2 cpus 10-13
0: mpibind: task   3 nths  3 gpus 3 cpus 14-15,17
0: mpibind: task   4 nths  3 gpus 4 cpus 18-20
0: mpibind: task   5 nths  3 gpus 5 cpus 21-23
0: mpibind: task   6 nths  3 gpus 6 cpus 25-28
0: mpibind: task   7 nths  3 gpus 7 cpus 29-31,33
0: mpibind: task   8 nths  3 gpus 8 cpus 34-37
0: mpibind: task   9 nths  3 gpus 9 cpus 38-39,41
0: mpibind: task  10 nths  3 gpus 10 cpus 42-44
0: mpibind: task  11 nths  3 gpus 11 cpus 45-47
0: mpibind: task  12 nths  3 gpus 12 cpus 49-52
0: mpibind: task  13 nths  3 gpus 13 cpus 53-55,57
0: mpibind: task  14 nths  3 gpus 14 cpus 58-61
0: mpibind: task  15 nths  3 gpus 15 cpus 62-63,65
0: mpibind: task  16 nths  3 gpus 16 cpus 66-68
0: mpibind: task  17 nths  3 gpus 17 cpus 69-71
0: mpibind: task  18 nths  3 gpus 18 cpus 73-76
0: mpibind: task  19 nths  3 gpus 19 cpus 77-79,81
0: mpibind: task  20 nths  3 gpus 20 cpus 82-85
0: mpibind: task  21 nths  3 gpus 21 cpus 86-87,89
0: mpibind: task  22 nths  3 gpus 22 cpus 90-92
0: mpibind: task  23 nths  3 gpus 23 cpus 93-95
0: 0.133s: flux-shell[11]: mpibind: 
0: mpibind: task   0 nths  3 gpus 0 cpus 1-4
0: mpibind: task   1 nths  3 gpus 1 cpus 5-7,9
0: mpibind: task   2 nths  3 gpus 2 cpus 10-13
0: mpibind: task   3 nths  3 gpus 3 cpus 14-15,17
0: mpibind: task   4 nths  3 gpus 4 cpus 18-20
0: mpibind: task   5 nths  3 gpus 5 cpus 21-23
0: mpibind: task   6 nths  3 gpus 6 cpus 25-28
0: mpibind: task   7 nths  3 gpus 7 cpus 29-31,33
0: mpibind: task   8 nths  3 gpus 8 cpus 34-37
0: mpibind: task   9 nths  3 gpus 9 cpus 38-39,41
0: mpibind: task  10 nths  3 gpus 10 cpus 42-44
0: mpibind: task  11 nths  3 gpus 11 cpus 45-47
0: mpibind: task  12 nths  3 gpus 12 cpus 49-52
0: mpibind: task  13 nths  3 gpus 13 cpus 53-55,57
0: mpibind: task  14 nths  3 gpus 14 cpus 58-61
0: mpibind: task  15 nths  3 gpus 15 cpus 62-63,65
0: mpibind: task  16 nths  3 gpus 16 cpus 66-68
0: mpibind: task  17 nths  3 gpus 17 cpus 69-71
0: mpibind: task  18 nths  3 gpus 18 cpus 73-76
0: mpibind: task  19 nths  3 gpus 19 cpus 77-79,81
0: mpibind: task  20 nths  3 gpus 20 cpus 82-85
0: mpibind: task  21 nths  3 gpus 21 cpus 86-87,89
0: mpibind: task  22 nths  3 gpus 22 cpus 90-92
0: mpibind: task  23 nths  3 gpus 23 cpus 93-95
0: 0.141s: flux-shell[12]: mpibind: 
0: mpibind: task   0 nths  3 gpus 0 cpus 1-4
0: mpibind: task   1 nths  3 gpus 1 cpus 5-7,9
0: mpibind: task   2 nths  3 gpus 2 cpus 10-13
0: mpibind: task   3 nths  3 gpus 3 cpus 14-15,17
0: mpibind: task   4 nths  3 gpus 4 cpus 18-20
0: mpibind: task   5 nths  3 gpus 5 cpus 21-23
0: mpibind: task   6 nths  3 gpus 6 cpus 25-28
0: mpibind: task   7 nths  3 gpus 7 cpus 29-31,33
0: mpibind: task   8 nths  3 gpus 8 cpus 34-37
0: mpibind: task   9 nths  3 gpus 9 cpus 38-39,41
0: mpibind: task  10 nths  3 gpus 10 cpus 42-44
0: mpibind: task  11 nths  3 gpus 11 cpus 45-47
0: mpibind: task  12 nths  3 gpus 12 cpus 49-52
0: mpibind: task  13 nths  3 gpus 13 cpus 53-55,57
0: mpibind: task  14 nths  3 gpus 14 cpus 58-61
0: mpibind: task  15 nths  3 gpus 15 cpus 62-63,65
0: mpibind: task  16 nths  3 gpus 16 cpus 66-68
0: mpibind: task  17 nths  3 gpus 17 cpus 69-71
0: mpibind: task  18 nths  3 gpus 18 cpus 73-76
0: mpibind: task  19 nths  3 gpus 19 cpus 77-79,81
0: mpibind: task  20 nths  3 gpus 20 cpus 82-85
0: mpibind: task  21 nths  3 gpus 21 cpus 86-87,89
0: mpibind: task  22 nths  3 gpus 22 cpus 90-92
0: mpibind: task  23 nths  3 gpus 23 cpus 93-95
0: 0.132s: flux-shell[13]: mpibind: 
0: mpibind: task   0 nths  3 gpus 0 cpus 1-4
0: mpibind: task   1 nths  3 gpus 1 cpus 5-7,9
0: mpibind: task   2 nths  3 gpus 2 cpus 10-13
0: mpibind: task   3 nths  3 gpus 3 cpus 14-15,17
0: mpibind: task   4 nths  3 gpus 4 cpus 18-20
0: mpibind: task   5 nths  3 gpus 5 cpus 21-23
0: mpibind: task   6 nths  3 gpus 6 cpus 25-28
0: mpibind: task   7 nths  3 gpus 7 cpus 29-31,33
0: mpibind: task   8 nths  3 gpus 8 cpus 34-37
0: mpibind: task   9 nths  3 gpus 9 cpus 38-39,41
0: mpibind: task  10 nths  3 gpus 10 cpus 42-44
0: mpibind: task  11 nths  3 gpus 11 cpus 45-47
0: mpibind: task  12 nths  3 gpus 12 cpus 49-52
0: mpibind: task  13 nths  3 gpus 13 cpus 53-55,57
0: mpibind: task  14 nths  3 gpus 14 cpus 58-61
0: mpibind: task  15 nths  3 gpus 15 cpus 62-63,65
0: mpibind: task  16 nths  3 gpus 16 cpus 66-68
0: mpibind: task  17 nths  3 gpus 17 cpus 69-71
0: mpibind: task  18 nths  3 gpus 18 cpus 73-76
0: mpibind: task  19 nths  3 gpus 19 cpus 77-79,81
0: mpibind: task  20 nths  3 gpus 20 cpus 82-85
0: mpibind: task  21 nths  3 gpus 21 cpus 86-87,89
0: mpibind: task  22 nths  3 gpus 22 cpus 90-92
0: mpibind: task  23 nths  3 gpus 23 cpus 93-95
0: 0.142s: flux-shell[31]: mpibind: 
0: mpibind: task   0 nths  3 gpus 0 cpus 1-4
0: mpibind: task   1 nths  3 gpus 1 cpus 5-7,9
0: mpibind: task   2 nths  3 gpus 2 cpus 10-13
0: mpibind: task   3 nths  3 gpus 3 cpus 14-15,17
0: mpibind: task   4 nths  3 gpus 4 cpus 18-20
0: mpibind: task   5 nths  3 gpus 5 cpus 21-23
0: mpibind: task   6 nths  3 gpus 6 cpus 25-28
0: mpibind: task   7 nths  3 gpus 7 cpus 29-31,33
0: mpibind: task   8 nths  3 gpus 8 cpus 34-37
0: mpibind: task   9 nths  3 gpus 9 cpus 38-39,41
0: mpibind: task  10 nths  3 gpus 10 cpus 42-44
0: mpibind: task  11 nths  3 gpus 11 cpus 45-47
0: mpibind: task  12 nths  3 gpus 12 cpus 49-52
0: mpibind: task  13 nths  3 gpus 13 cpus 53-55,57
0: mpibind: task  14 nths  3 gpus 14 cpus 58-61
0: mpibind: task  15 nths  3 gpus 15 cpus 62-63,65
0: mpibind: task  16 nths  3 gpus 16 cpus 66-68
0: mpibind: task  17 nths  3 gpus 17 cpus 69-71
0: mpibind: task  18 nths  3 gpus 18 cpus 73-76
0: mpibind: task  19 nths  3 gpus 19 cpus 77-79,81
0: mpibind: task  20 nths  3 gpus 20 cpus 82-85
0: mpibind: task  21 nths  3 gpus 21 cpus 86-87,89
0: mpibind: task  22 nths  3 gpus 22 cpus 90-92
0: mpibind: task  23 nths  3 gpus 23 cpus 93-95
0: 0.139s: flux-shell[21]: mpibind: 
0: mpibind: task   0 nths  3 gpus 0 cpus 1-4
0: mpibind: task   1 nths  3 gpus 1 cpus 5-7,9
0: mpibind: task   2 nths  3 gpus 2 cpus 10-13
0: mpibind: task   3 nths  3 gpus 3 cpus 14-15,17
0: mpibind: task   4 nths  3 gpus 4 cpus 18-20
0: mpibind: task   5 nths  3 gpus 5 cpus 21-23
0: mpibind: task   6 nths  3 gpus 6 cpus 25-28
0: mpibind: task   7 nths  3 gpus 7 cpus 29-31,33
0: mpibind: task   8 nths  3 gpus 8 cpus 34-37
0: mpibind: task   9 nths  3 gpus 9 cpus 38-39,41
0: mpibind: task  10 nths  3 gpus 10 cpus 42-44
0: mpibind: task  11 nths  3 gpus 11 cpus 45-47
0: mpibind: task  12 nths  3 gpus 12 cpus 49-52
0: mpibind: task  13 nths  3 gpus 13 cpus 53-55,57
0: mpibind: task  14 nths  3 gpus 14 cpus 58-61
0: mpibind: task  15 nths  3 gpus 15 cpus 62-63,65
0: mpibind: task  16 nths  3 gpus 16 cpus 66-68
0: mpibind: task  17 nths  3 gpus 17 cpus 69-71
0: mpibind: task  18 nths  3 gpus 18 cpus 73-76
0: mpibind: task  19 nths  3 gpus 19 cpus 77-79,81
0: mpibind: task  20 nths  3 gpus 20 cpus 82-85
0: mpibind: task  21 nths  3 gpus 21 cpus 86-87,89
0: mpibind: task  22 nths  3 gpus 22 cpus 90-92
0: mpibind: task  23 nths  3 gpus 23 cpus 93-95
0: 0.146s: flux-shell[22]: mpibind: 
0: mpibind: task   0 nths  3 gpus 0 cpus 1-4
0: mpibind: task   1 nths  3 gpus 1 cpus 5-7,9
0: mpibind: task   2 nths  3 gpus 2 cpus 10-13
0: mpibind: task   3 nths  3 gpus 3 cpus 14-15,17
0: mpibind: task   4 nths  3 gpus 4 cpus 18-20
0: mpibind: task   5 nths  3 gpus 5 cpus 21-23
0: mpibind: task   6 nths  3 gpus 6 cpus 25-28
0: mpibind: task   7 nths  3 gpus 7 cpus 29-31,33
0: mpibind: task   8 nths  3 gpus 8 cpus 34-37
0: mpibind: task   9 nths  3 gpus 9 cpus 38-39,41
0: mpibind: task  10 nths  3 gpus 10 cpus 42-44
0: mpibind: task  11 nths  3 gpus 11 cpus 45-47
0: mpibind: task  12 nths  3 gpus 12 cpus 49-52
0: mpibind: task  13 nths  3 gpus 13 cpus 53-55,57
0: mpibind: task  14 nths  3 gpus 14 cpus 58-61
0: mpibind: task  15 nths  3 gpus 15 cpus 62-63,65
0: mpibind: task  16 nths  3 gpus 16 cpus 66-68
0: mpibind: task  17 nths  3 gpus 17 cpus 69-71
0: mpibind: task  18 nths  3 gpus 18 cpus 73-76
0: mpibind: task  19 nths  3 gpus 19 cpus 77-79,81
0: mpibind: task  20 nths  3 gpus 20 cpus 82-85
0: mpibind: task  21 nths  3 gpus 21 cpus 86-87,89
0: mpibind: task  22 nths  3 gpus 22 cpus 90-92
0: mpibind: task  23 nths  3 gpus 23 cpus 93-95
0: 0.145s: flux-shell[23]: mpibind: 
0: mpibind: task   0 nths  3 gpus 0 cpus 1-4
0: mpibind: task   1 nths  3 gpus 1 cpus 5-7,9
0: mpibind: task   2 nths  3 gpus 2 cpus 10-13
0: mpibind: task   3 nths  3 gpus 3 cpus 14-15,17
0: mpibind: task   4 nths  3 gpus 4 cpus 18-20
0: mpibind: task   5 nths  3 gpus 5 cpus 21-23
0: mpibind: task   6 nths  3 gpus 6 cpus 25-28
0: mpibind: task   7 nths  3 gpus 7 cpus 29-31,33
0: mpibind: task   8 nths  3 gpus 8 cpus 34-37
0: mpibind: task   9 nths  3 gpus 9 cpus 38-39,41
0: mpibind: task  10 nths  3 gpus 10 cpus 42-44
0: mpibind: task  11 nths  3 gpus 11 cpus 45-47
0: mpibind: task  12 nths  3 gpus 12 cpus 49-52
0: mpibind: task  13 nths  3 gpus 13 cpus 53-55,57
0: mpibind: task  14 nths  3 gpus 14 cpus 58-61
0: mpibind: task  15 nths  3 gpus 15 cpus 62-63,65
0: mpibind: task  16 nths  3 gpus 16 cpus 66-68
0: mpibind: task  17 nths  3 gpus 17 cpus 69-71
0: mpibind: task  18 nths  3 gpus 18 cpus 73-76
0: mpibind: task  19 nths  3 gpus 19 cpus 77-79,81
0: mpibind: task  20 nths  3 gpus 20 cpus 82-85
0: mpibind: task  21 nths  3 gpus 21 cpus 86-87,89
0: mpibind: task  22 nths  3 gpus 22 cpus 90-92
0: mpibind: task  23 nths  3 gpus 23 cpus 93-95
0: 0.138s: flux-shell[24]: mpibind: 
0: mpibind: task   0 nths  3 gpus 0 cpus 1-4
0: mpibind: task   1 nths  3 gpus 1 cpus 5-7,9
0: mpibind: task   2 nths  3 gpus 2 cpus 10-13
0: mpibind: task   3 nths  3 gpus 3 cpus 14-15,17
0: mpibind: task   4 nths  3 gpus 4 cpus 18-20
0: mpibind: task   5 nths  3 gpus 5 cpus 21-23
0: mpibind: task   6 nths  3 gpus 6 cpus 25-28
0: mpibind: task   7 nths  3 gpus 7 cpus 29-31,33
0: mpibind: task   8 nths  3 gpus 8 cpus 34-37
0: mpibind: task   9 nths  3 gpus 9 cpus 38-39,41
0: mpibind: task  10 nths  3 gpus 10 cpus 42-44
0: mpibind: task  11 nths  3 gpus 11 cpus 45-47
0: mpibind: task  12 nths  3 gpus 12 cpus 49-52
0: mpibind: task  13 nths  3 gpus 13 cpus 53-55,57
0: mpibind: task  14 nths  3 gpus 14 cpus 58-61
0: mpibind: task  15 nths  3 gpus 15 cpus 62-63,65
0: mpibind: task  16 nths  3 gpus 16 cpus 66-68
0: mpibind: task  17 nths  3 gpus 17 cpus 69-71
0: mpibind: task  18 nths  3 gpus 18 cpus 73-76
0: mpibind: task  19 nths  3 gpus 19 cpus 77-79,81
0: mpibind: task  20 nths  3 gpus 20 cpus 82-85
0: mpibind: task  21 nths  3 gpus 21 cpus 86-87,89
0: mpibind: task  22 nths  3 gpus 22 cpus 90-92
0: mpibind: task  23 nths  3 gpus 23 cpus 93-95
0: 0.139s: flux-shell[25]: mpibind: 
0: mpibind: task   0 nths  3 gpus 0 cpus 1-4
0: mpibind: task   1 nths  3 gpus 1 cpus 5-7,9
0: mpibind: task   2 nths  3 gpus 2 cpus 10-13
0: mpibind: task   3 nths  3 gpus 3 cpus 14-15,17
0: mpibind: task   4 nths  3 gpus 4 cpus 18-20
0: mpibind: task   5 nths  3 gpus 5 cpus 21-23
0: mpibind: task   6 nths  3 gpus 6 cpus 25-28
0: mpibind: task   7 nths  3 gpus 7 cpus 29-31,33
0: mpibind: task   8 nths  3 gpus 8 cpus 34-37
0: mpibind: task   9 nths  3 gpus 9 cpus 38-39,41
0: mpibind: task  10 nths  3 gpus 10 cpus 42-44
0: mpibind: task  11 nths  3 gpus 11 cpus 45-47
0: mpibind: task  12 nths  3 gpus 12 cpus 49-52
0: mpibind: task  13 nths  3 gpus 13 cpus 53-55,57
0: mpibind: task  14 nths  3 gpus 14 cpus 58-61
0: mpibind: task  15 nths  3 gpus 15 cpus 62-63,65
0: mpibind: task  16 nths  3 gpus 16 cpus 66-68
0: mpibind: task  17 nths  3 gpus 17 cpus 69-71
0: mpibind: task  18 nths  3 gpus 18 cpus 73-76
0: mpibind: task  19 nths  3 gpus 19 cpus 77-79,81
0: mpibind: task  20 nths  3 gpus 20 cpus 82-85
0: mpibind: task  21 nths  3 gpus 21 cpus 86-87,89
0: mpibind: task  22 nths  3 gpus 22 cpus 90-92
0: mpibind: task  23 nths  3 gpus 23 cpus 93-95
0: 0.149s: flux-shell[26]: mpibind: 
0: mpibind: task   0 nths  3 gpus 0 cpus 1-4
0: mpibind: task   1 nths  3 gpus 1 cpus 5-7,9
0: mpibind: task   2 nths  3 gpus 2 cpus 10-13
0: mpibind: task   3 nths  3 gpus 3 cpus 14-15,17
0: mpibind: task   4 nths  3 gpus 4 cpus 18-20
0: mpibind: task   5 nths  3 gpus 5 cpus 21-23
0: mpibind: task   6 nths  3 gpus 6 cpus 25-28
0: mpibind: task   7 nths  3 gpus 7 cpus 29-31,33
0: mpibind: task   8 nths  3 gpus 8 cpus 34-37
0: mpibind: task   9 nths  3 gpus 9 cpus 38-39,41
0: mpibind: task  10 nths  3 gpus 10 cpus 42-44
0: mpibind: task  11 nths  3 gpus 11 cpus 45-47
0: mpibind: task  12 nths  3 gpus 12 cpus 49-52
0: mpibind: task  13 nths  3 gpus 13 cpus 53-55,57
0: mpibind: task  14 nths  3 gpus 14 cpus 58-61
0: mpibind: task  15 nths  3 gpus 15 cpus 62-63,65
0: mpibind: task  16 nths  3 gpus 16 cpus 66-68
0: mpibind: task  17 nths  3 gpus 17 cpus 69-71
0: mpibind: task  18 nths  3 gpus 18 cpus 73-76
0: mpibind: task  19 nths  3 gpus 19 cpus 77-79,81
0: mpibind: task  20 nths  3 gpus 20 cpus 82-85
0: mpibind: task  21 nths  3 gpus 21 cpus 86-87,89
0: mpibind: task  22 nths  3 gpus 22 cpus 90-92
0: mpibind: task  23 nths  3 gpus 23 cpus 93-95
0: 0.150s: flux-shell[27]: mpibind: 
0: mpibind: task   0 nths  3 gpus 0 cpus 1-4
0: mpibind: task   1 nths  3 gpus 1 cpus 5-7,9
0: mpibind: task   2 nths  3 gpus 2 cpus 10-13
0: mpibind: task   3 nths  3 gpus 3 cpus 14-15,17
0: mpibind: task   4 nths  3 gpus 4 cpus 18-20
0: mpibind: task   5 nths  3 gpus 5 cpus 21-23
0: mpibind: task   6 nths  3 gpus 6 cpus 25-28
0: mpibind: task   7 nths  3 gpus 7 cpus 29-31,33
0: mpibind: task   8 nths  3 gpus 8 cpus 34-37
0: mpibind: task   9 nths  3 gpus 9 cpus 38-39,41
0: mpibind: task  10 nths  3 gpus 10 cpus 42-44
0: mpibind: task  11 nths  3 gpus 11 cpus 45-47
0: mpibind: task  12 nths  3 gpus 12 cpus 49-52
0: mpibind: task  13 nths  3 gpus 13 cpus 53-55,57
0: mpibind: task  14 nths  3 gpus 14 cpus 58-61
0: mpibind: task  15 nths  3 gpus 15 cpus 62-63,65
0: mpibind: task  16 nths  3 gpus 16 cpus 66-68
0: mpibind: task  17 nths  3 gpus 17 cpus 69-71
0: mpibind: task  18 nths  3 gpus 18 cpus 73-76
0: mpibind: task  19 nths  3 gpus 19 cpus 77-79,81
0: mpibind: task  20 nths  3 gpus 20 cpus 82-85
0: mpibind: task  21 nths  3 gpus 21 cpus 86-87,89
0: mpibind: task  22 nths  3 gpus 22 cpus 90-92
0: mpibind: task  23 nths  3 gpus 23 cpus 93-95
0: 0.147s: flux-shell[28]: mpibind: 
0: mpibind: task   0 nths  3 gpus 0 cpus 1-4
0: mpibind: task   1 nths  3 gpus 1 cpus 5-7,9
0: mpibind: task   2 nths  3 gpus 2 cpus 10-13
0: mpibind: task   3 nths  3 gpus 3 cpus 14-15,17
0: mpibind: task   4 nths  3 gpus 4 cpus 18-20
0: mpibind: task   5 nths  3 gpus 5 cpus 21-23
0: mpibind: task   6 nths  3 gpus 6 cpus 25-28
0: mpibind: task   7 nths  3 gpus 7 cpus 29-31,33
0: mpibind: task   8 nths  3 gpus 8 cpus 34-37
0: mpibind: task   9 nths  3 gpus 9 cpus 38-39,41
0: mpibind: task  10 nths  3 gpus 10 cpus 42-44
0: mpibind: task  11 nths  3 gpus 11 cpus 45-47
0: mpibind: task  12 nths  3 gpus 12 cpus 49-52
0: mpibind: task  13 nths  3 gpus 13 cpus 53-55,57
0: mpibind: task  14 nths  3 gpus 14 cpus 58-61
0: mpibind: task  15 nths  3 gpus 15 cpus 62-63,65
0: mpibind: task  16 nths  3 gpus 16 cpus 66-68
0: mpibind: task  17 nths  3 gpus 17 cpus 69-71
0: mpibind: task  18 nths  3 gpus 18 cpus 73-76
0: mpibind: task  19 nths  3 gpus 19 cpus 77-79,81
0: mpibind: task  20 nths  3 gpus 20 cpus 82-85
0: mpibind: task  21 nths  3 gpus 21 cpus 86-87,89
0: mpibind: task  22 nths  3 gpus 22 cpus 90-92
0: mpibind: task  23 nths  3 gpus 23 cpus 93-95
0: 0.150s: flux-shell[29]: mpibind: 
0: mpibind: task   0 nths  3 gpus 0 cpus 1-4
0: mpibind: task   1 nths  3 gpus 1 cpus 5-7,9
0: mpibind: task   2 nths  3 gpus 2 cpus 10-13
0: mpibind: task   3 nths  3 gpus 3 cpus 14-15,17
0: mpibind: task   4 nths  3 gpus 4 cpus 18-20
0: mpibind: task   5 nths  3 gpus 5 cpus 21-23
0: mpibind: task   6 nths  3 gpus 6 cpus 25-28
0: mpibind: task   7 nths  3 gpus 7 cpus 29-31,33
0: mpibind: task   8 nths  3 gpus 8 cpus 34-37
0: mpibind: task   9 nths  3 gpus 9 cpus 38-39,41
0: mpibind: task  10 nths  3 gpus 10 cpus 42-44
0: mpibind: task  11 nths  3 gpus 11 cpus 45-47
0: mpibind: task  12 nths  3 gpus 12 cpus 49-52
0: mpibind: task  13 nths  3 gpus 13 cpus 53-55,57
0: mpibind: task  14 nths  3 gpus 14 cpus 58-61
0: mpibind: task  15 nths  3 gpus 15 cpus 62-63,65
0: mpibind: task  16 nths  3 gpus 16 cpus 66-68
0: mpibind: task  17 nths  3 gpus 17 cpus 69-71
0: mpibind: task  18 nths  3 gpus 18 cpus 73-76
0: mpibind: task  19 nths  3 gpus 19 cpus 77-79,81
0: mpibind: task  20 nths  3 gpus 20 cpus 82-85
0: mpibind: task  21 nths  3 gpus 21 cpus 86-87,89
0: mpibind: task  22 nths  3 gpus 22 cpus 90-92
0: mpibind: task  23 nths  3 gpus 23 cpus 93-95
0: 0.146s: flux-shell[30]: mpibind: 
0: mpibind: task   0 nths  3 gpus 0 cpus 1-4
0: mpibind: task   1 nths  3 gpus 1 cpus 5-7,9
0: mpibind: task   2 nths  3 gpus 2 cpus 10-13
0: mpibind: task   3 nths  3 gpus 3 cpus 14-15,17
0: mpibind: task   4 nths  3 gpus 4 cpus 18-20
0: mpibind: task   5 nths  3 gpus 5 cpus 21-23
0: mpibind: task   6 nths  3 gpus 6 cpus 25-28
0: mpibind: task   7 nths  3 gpus 7 cpus 29-31,33
0: mpibind: task   8 nths  3 gpus 8 cpus 34-37
0: mpibind: task   9 nths  3 gpus 9 cpus 38-39,41
0: mpibind: task  10 nths  3 gpus 10 cpus 42-44
0: mpibind: task  11 nths  3 gpus 11 cpus 45-47
0: mpibind: task  12 nths  3 gpus 12 cpus 49-52
0: mpibind: task  13 nths  3 gpus 13 cpus 53-55,57
0: mpibind: task  14 nths  3 gpus 14 cpus 58-61
0: mpibind: task  15 nths  3 gpus 15 cpus 62-63,65
0: mpibind: task  16 nths  3 gpus 16 cpus 66-68
0: mpibind: task  17 nths  3 gpus 17 cpus 69-71
0: mpibind: task  18 nths  3 gpus 18 cpus 73-76
0: mpibind: task  19 nths  3 gpus 19 cpus 77-79,81
0: mpibind: task  20 nths  3 gpus 20 cpus 82-85
0: mpibind: task  21 nths  3 gpus 21 cpus 86-87,89
0: mpibind: task  22 nths  3 gpus 22 cpus 90-92
0: mpibind: task  23 nths  3 gpus 23 cpus 93-95
0: 0.140s: flux-shell[20]: mpibind: 
0: mpibind: task   0 nths  3 gpus 0 cpus 1-4
0: mpibind: task   1 nths  3 gpus 1 cpus 5-7,9
0: mpibind: task   2 nths  3 gpus 2 cpus 10-13
0: mpibind: task   3 nths  3 gpus 3 cpus 14-15,17
0: mpibind: task   4 nths  3 gpus 4 cpus 18-20
0: mpibind: task   5 nths  3 gpus 5 cpus 21-23
0: mpibind: task   6 nths  3 gpus 6 cpus 25-28
0: mpibind: task   7 nths  3 gpus 7 cpus 29-31,33
0: mpibind: task   8 nths  3 gpus 8 cpus 34-37
0: mpibind: task   9 nths  3 gpus 9 cpus 38-39,41
0: mpibind: task  10 nths  3 gpus 10 cpus 42-44
0: mpibind: task  11 nths  3 gpus 11 cpus 45-47
0: mpibind: task  12 nths  3 gpus 12 cpus 49-52
0: mpibind: task  13 nths  3 gpus 13 cpus 53-55,57
0: mpibind: task  14 nths  3 gpus 14 cpus 58-61
0: mpibind: task  15 nths  3 gpus 15 cpus 62-63,65
0: mpibind: task  16 nths  3 gpus 16 cpus 66-68
0: mpibind: task  17 nths  3 gpus 17 cpus 69-71
0: mpibind: task  18 nths  3 gpus 18 cpus 73-76
0: mpibind: task  19 nths  3 gpus 19 cpus 77-79,81
0: mpibind: task  20 nths  3 gpus 20 cpus 82-85
0: mpibind: task  21 nths  3 gpus 21 cpus 86-87,89
0: mpibind: task  22 nths  3 gpus 22 cpus 90-92
0: mpibind: task  23 nths  3 gpus 23 cpus 93-95
0: 0.136s: flux-shell[15]: mpibind: 
0: mpibind: task   0 nths  3 gpus 0 cpus 1-4
0: mpibind: task   1 nths  3 gpus 1 cpus 5-7,9
0: mpibind: task   2 nths  3 gpus 2 cpus 10-13
0: mpibind: task   3 nths  3 gpus 3 cpus 14-15,17
0: mpibind: task   4 nths  3 gpus 4 cpus 18-20
0: mpibind: task   5 nths  3 gpus 5 cpus 21-23
0: mpibind: task   6 nths  3 gpus 6 cpus 25-28
0: mpibind: task   7 nths  3 gpus 7 cpus 29-31,33
0: mpibind: task   8 nths  3 gpus 8 cpus 34-37
0: mpibind: task   9 nths  3 gpus 9 cpus 38-39,41
0: mpibind: task  10 nths  3 gpus 10 cpus 42-44
0: mpibind: task  11 nths  3 gpus 11 cpus 45-47
0: mpibind: task  12 nths  3 gpus 12 cpus 49-52
0: mpibind: task  13 nths  3 gpus 13 cpus 53-55,57
0: mpibind: task  14 nths  3 gpus 14 cpus 58-61
0: mpibind: task  15 nths  3 gpus 15 cpus 62-63,65
0: mpibind: task  16 nths  3 gpus 16 cpus 66-68
0: mpibind: task  17 nths  3 gpus 17 cpus 69-71
0: mpibind: task  18 nths  3 gpus 18 cpus 73-76
0: mpibind: task  19 nths  3 gpus 19 cpus 77-79,81
0: mpibind: task  20 nths  3 gpus 20 cpus 82-85
0: mpibind: task  21 nths  3 gpus 21 cpus 86-87,89
0: mpibind: task  22 nths  3 gpus 22 cpus 90-92
0: mpibind: task  23 nths  3 gpus 23 cpus 93-95
0: 0.142s: flux-shell[16]: mpibind: 
0: mpibind: task   0 nths  3 gpus 0 cpus 1-4
0: mpibind: task   1 nths  3 gpus 1 cpus 5-7,9
0: mpibind: task   2 nths  3 gpus 2 cpus 10-13
0: mpibind: task   3 nths  3 gpus 3 cpus 14-15,17
0: mpibind: task   4 nths  3 gpus 4 cpus 18-20
0: mpibind: task   5 nths  3 gpus 5 cpus 21-23
0: mpibind: task   6 nths  3 gpus 6 cpus 25-28
0: mpibind: task   7 nths  3 gpus 7 cpus 29-31,33
0: mpibind: task   8 nths  3 gpus 8 cpus 34-37
0: mpibind: task   9 nths  3 gpus 9 cpus 38-39,41
0: mpibind: task  10 nths  3 gpus 10 cpus 42-44
0: mpibind: task  11 nths  3 gpus 11 cpus 45-47
0: mpibind: task  12 nths  3 gpus 12 cpus 49-52
0: mpibind: task  13 nths  3 gpus 13 cpus 53-55,57
0: mpibind: task  14 nths  3 gpus 14 cpus 58-61
0: mpibind: task  15 nths  3 gpus 15 cpus 62-63,65
0: mpibind: task  16 nths  3 gpus 16 cpus 66-68
0: mpibind: task  17 nths  3 gpus 17 cpus 69-71
0: mpibind: task  18 nths  3 gpus 18 cpus 73-76
0: mpibind: task  19 nths  3 gpus 19 cpus 77-79,81
0: mpibind: task  20 nths  3 gpus 20 cpus 82-85
0: mpibind: task  21 nths  3 gpus 21 cpus 86-87,89
0: mpibind: task  22 nths  3 gpus 22 cpus 90-92
0: mpibind: task  23 nths  3 gpus 23 cpus 93-95
0: 0.138s: flux-shell[17]: mpibind: 
0: mpibind: task   0 nths  3 gpus 0 cpus 1-4
0: mpibind: task   1 nths  3 gpus 1 cpus 5-7,9
0: mpibind: task   2 nths  3 gpus 2 cpus 10-13
0: mpibind: task   3 nths  3 gpus 3 cpus 14-15,17
0: mpibind: task   4 nths  3 gpus 4 cpus 18-20
0: mpibind: task   5 nths  3 gpus 5 cpus 21-23
0: mpibind: task   6 nths  3 gpus 6 cpus 25-28
0: mpibind: task   7 nths  3 gpus 7 cpus 29-31,33
0: mpibind: task   8 nths  3 gpus 8 cpus 34-37
0: mpibind: task   9 nths  3 gpus 9 cpus 38-39,41
0: mpibind: task  10 nths  3 gpus 10 cpus 42-44
0: mpibind: task  11 nths  3 gpus 11 cpus 45-47
0: mpibind: task  12 nths  3 gpus 12 cpus 49-52
0: mpibind: task  13 nths  3 gpus 13 cpus 53-55,57
0: mpibind: task  14 nths  3 gpus 14 cpus 58-61
0: mpibind: task  15 nths  3 gpus 15 cpus 62-63,65
0: mpibind: task  16 nths  3 gpus 16 cpus 66-68
0: mpibind: task  17 nths  3 gpus 17 cpus 69-71
0: mpibind: task  18 nths  3 gpus 18 cpus 73-76
0: mpibind: task  19 nths  3 gpus 19 cpus 77-79,81
0: mpibind: task  20 nths  3 gpus 20 cpus 82-85
0: mpibind: task  21 nths  3 gpus 21 cpus 86-87,89
0: mpibind: task  22 nths  3 gpus 22 cpus 90-92
0: mpibind: task  23 nths  3 gpus 23 cpus 93-95
0: 0.142s: flux-shell[19]: mpibind: 
0: mpibind: task   0 nths  3 gpus 0 cpus 1-4
0: mpibind: task   1 nths  3 gpus 1 cpus 5-7,9
0: mpibind: task   2 nths  3 gpus 2 cpus 10-13
0: mpibind: task   3 nths  3 gpus 3 cpus 14-15,17
0: mpibind: task   4 nths  3 gpus 4 cpus 18-20
0: mpibind: task   5 nths  3 gpus 5 cpus 21-23
0: mpibind: task   6 nths  3 gpus 6 cpus 25-28
0: mpibind: task   7 nths  3 gpus 7 cpus 29-31,33
0: mpibind: task   8 nths  3 gpus 8 cpus 34-37
0: mpibind: task   9 nths  3 gpus 9 cpus 38-39,41
0: mpibind: task  10 nths  3 gpus 10 cpus 42-44
0: mpibind: task  11 nths  3 gpus 11 cpus 45-47
0: mpibind: task  12 nths  3 gpus 12 cpus 49-52
0: mpibind: task  13 nths  3 gpus 13 cpus 53-55,57
0: mpibind: task  14 nths  3 gpus 14 cpus 58-61
0: mpibind: task  15 nths  3 gpus 15 cpus 62-63,65
0: mpibind: task  16 nths  3 gpus 16 cpus 66-68
0: mpibind: task  17 nths  3 gpus 17 cpus 69-71
0: mpibind: task  18 nths  3 gpus 18 cpus 73-76
0: mpibind: task  19 nths  3 gpus 19 cpus 77-79,81
0: mpibind: task  20 nths  3 gpus 20 cpus 82-85
0: mpibind: task  21 nths  3 gpus 21 cpus 86-87,89
0: mpibind: task  22 nths  3 gpus 22 cpus 90-92
0: mpibind: task  23 nths  3 gpus 23 cpus 93-95
0: 0.141s: flux-shell[18]: mpibind: 
0: mpibind: task   0 nths  3 gpus 0 cpus 1-4
0: mpibind: task   1 nths  3 gpus 1 cpus 5-7,9
0: mpibind: task   2 nths  3 gpus 2 cpus 10-13
0: mpibind: task   3 nths  3 gpus 3 cpus 14-15,17
0: mpibind: task   4 nths  3 gpus 4 cpus 18-20
0: mpibind: task   5 nths  3 gpus 5 cpus 21-23
0: mpibind: task   6 nths  3 gpus 6 cpus 25-28
0: mpibind: task   7 nths  3 gpus 7 cpus 29-31,33
0: mpibind: task   8 nths  3 gpus 8 cpus 34-37
0: mpibind: task   9 nths  3 gpus 9 cpus 38-39,41
0: mpibind: task  10 nths  3 gpus 10 cpus 42-44
0: mpibind: task  11 nths  3 gpus 11 cpus 45-47
0: mpibind: task  12 nths  3 gpus 12 cpus 49-52
0: mpibind: task  13 nths  3 gpus 13 cpus 53-55,57
0: mpibind: task  14 nths  3 gpus 14 cpus 58-61
0: mpibind: task  15 nths  3 gpus 15 cpus 62-63,65
0: mpibind: task  16 nths  3 gpus 16 cpus 66-68
0: mpibind: task  17 nths  3 gpus 17 cpus 69-71
0: mpibind: task  18 nths  3 gpus 18 cpus 73-76
0: mpibind: task  19 nths  3 gpus 19 cpus 77-79,81
0: mpibind: task  20 nths  3 gpus 20 cpus 82-85
0: mpibind: task  21 nths  3 gpus 21 cpus 86-87,89
0: mpibind: task  22 nths  3 gpus 22 cpus 90-92
0: mpibind: task  23 nths  3 gpus 23 cpus 93-95
0: jobid: f4G5eEQWT
0: 0.114s: flux-shell[0]: mpibind: 
0: mpibind: task   0 nths  3 gpus 0 cpus 1-4
0: mpibind: task   1 nths  3 gpus 1 cpus 5-7,9
0: mpibind: task   2 nths  3 gpus 2 cpus 10-13
0: mpibind: task   3 nths  3 gpus 3 cpus 14-15,17
0: mpibind: task   4 nths  3 gpus 4 cpus 18-20
0: mpibind: task   5 nths  3 gpus 5 cpus 21-23
0: mpibind: task   6 nths  3 gpus 6 cpus 25-28
0: mpibind: task   7 nths  3 gpus 7 cpus 29-31,33
0: mpibind: task   8 nths  3 gpus 8 cpus 34-37
0: mpibind: task   9 nths  3 gpus 9 cpus 38-39,41
0: mpibind: task  10 nths  3 gpus 10 cpus 42-44
0: mpibind: task  11 nths  3 gpus 11 cpus 45-47
0: mpibind: task  12 nths  3 gpus 12 cpus 49-52
0: mpibind: task  13 nths  3 gpus 13 cpus 53-55,57
0: mpibind: task  14 nths  3 gpus 14 cpus 58-61
0: mpibind: task  15 nths  3 gpus 15 cpus 62-63,65
0: mpibind: task  16 nths  3 gpus 16 cpus 66-68
0: mpibind: task  17 nths  3 gpus 17 cpus 69-71
0: mpibind: task  18 nths  3 gpus 18 cpus 73-76
0: mpibind: task  19 nths  3 gpus 19 cpus 77-79,81
0: mpibind: task  20 nths  3 gpus 20 cpus 82-85
0: mpibind: task  21 nths  3 gpus 21 cpus 86-87,89
0: mpibind: task  22 nths  3 gpus 22 cpus 90-92
0: mpibind: task  23 nths  3 gpus 23 cpus 93-95
0: 0.126s: flux-shell[8]: mpibind: 
0: mpibind: task   0 nths  3 gpus 0 cpus 1-4
0: mpibind: task   1 nths  3 gpus 1 cpus 5-7,9
0: mpibind: task   2 nths  3 gpus 2 cpus 10-13
0: mpibind: task   3 nths  3 gpus 3 cpus 14-15,17
0: mpibind: task   4 nths  3 gpus 4 cpus 18-20
0: mpibind: task   5 nths  3 gpus 5 cpus 21-23
0: mpibind: task   6 nths  3 gpus 6 cpus 25-28
0: mpibind: task   7 nths  3 gpus 7 cpus 29-31,33
0: mpibind: task   8 nths  3 gpus 8 cpus 34-37
0: mpibind: task   9 nths  3 gpus 9 cpus 38-39,41
0: mpibind: task  10 nths  3 gpus 10 cpus 42-44
0: mpibind: task  11 nths  3 gpus 11 cpus 45-47
0: mpibind: task  12 nths  3 gpus 12 cpus 49-52
0: mpibind: task  13 nths  3 gpus 13 cpus 53-55,57
0: mpibind: task  14 nths  3 gpus 14 cpus 58-61
0: mpibind: task  15 nths  3 gpus 15 cpus 62-63,65
0: mpibind: task  16 nths  3 gpus 16 cpus 66-68
0: mpibind: task  17 nths  3 gpus 17 cpus 69-71
0: mpibind: task  18 nths  3 gpus 18 cpus 73-76
0: mpibind: task  19 nths  3 gpus 19 cpus 77-79,81
0: mpibind: task  20 nths  3 gpus 20 cpus 82-85
0: mpibind: task  21 nths  3 gpus 21 cpus 86-87,89
0: mpibind: task  22 nths  3 gpus 22 cpus 90-92
0: mpibind: task  23 nths  3 gpus 23 cpus 93-95
0: 0.127s: flux-shell[14]: mpibind: 
0: mpibind: task   0 nths  3 gpus 0 cpus 1-4
0: mpibind: task   1 nths  3 gpus 1 cpus 5-7,9
0: mpibind: task   2 nths  3 gpus 2 cpus 10-13
0: mpibind: task   3 nths  3 gpus 3 cpus 14-15,17
0: mpibind: task   4 nths  3 gpus 4 cpus 18-20
0: mpibind: task   5 nths  3 gpus 5 cpus 21-23
0: mpibind: task   6 nths  3 gpus 6 cpus 25-28
0: mpibind: task   7 nths  3 gpus 7 cpus 29-31,33
0: mpibind: task   8 nths  3 gpus 8 cpus 34-37
0: mpibind: task   9 nths  3 gpus 9 cpus 38-39,41
0: mpibind: task  10 nths  3 gpus 10 cpus 42-44
0: mpibind: task  11 nths  3 gpus 11 cpus 45-47
0: mpibind: task  12 nths  3 gpus 12 cpus 49-52
0: mpibind: task  13 nths  3 gpus 13 cpus 53-55,57
0: mpibind: task  14 nths  3 gpus 14 cpus 58-61
0: mpibind: task  15 nths  3 gpus 15 cpus 62-63,65
0: mpibind: task  16 nths  3 gpus 16 cpus 66-68
0: mpibind: task  17 nths  3 gpus 17 cpus 69-71
0: mpibind: task  18 nths  3 gpus 18 cpus 73-76
0: mpibind: task  19 nths  3 gpus 19 cpus 77-79,81
0: mpibind: task  20 nths  3 gpus 20 cpus 82-85
0: mpibind: task  21 nths  3 gpus 21 cpus 86-87,89
0: mpibind: task  22 nths  3 gpus 22 cpus 90-92
0: mpibind: task  23 nths  3 gpus 23 cpus 93-95
0: 0.127s: flux-shell[13]: mpibind: 
0: mpibind: task   0 nths  3 gpus 0 cpus 1-4
0: mpibind: task   1 nths  3 gpus 1 cpus 5-7,9
0: mpibind: task   2 nths  3 gpus 2 cpus 10-13
0: mpibind: task   3 nths  3 gpus 3 cpus 14-15,17
0: mpibind: task   4 nths  3 gpus 4 cpus 18-20
0: mpibind: task   5 nths  3 gpus 5 cpus 21-23
0: mpibind: task   6 nths  3 gpus 6 cpus 25-28
0: mpibind: task   7 nths  3 gpus 7 cpus 29-31,33
0: mpibind: task   8 nths  3 gpus 8 cpus 34-37
0: mpibind: task   9 nths  3 gpus 9 cpus 38-39,41
0: mpibind: task  10 nths  3 gpus 10 cpus 42-44
0: mpibind: task  11 nths  3 gpus 11 cpus 45-47
0: mpibind: task  12 nths  3 gpus 12 cpus 49-52
0: mpibind: task  13 nths  3 gpus 13 cpus 53-55,57
0: mpibind: task  14 nths  3 gpus 14 cpus 58-61
0: mpibind: task  15 nths  3 gpus 15 cpus 62-63,65
0: mpibind: task  16 nths  3 gpus 16 cpus 66-68
0: mpibind: task  17 nths  3 gpus 17 cpus 69-71
0: mpibind: task  18 nths  3 gpus 18 cpus 73-76
0: mpibind: task  19 nths  3 gpus 19 cpus 77-79,81
0: mpibind: task  20 nths  3 gpus 20 cpus 82-85
0: mpibind: task  21 nths  3 gpus 21 cpus 86-87,89
0: mpibind: task  22 nths  3 gpus 22 cpus 90-92
0: mpibind: task  23 nths  3 gpus 23 cpus 93-95
0: 0.121s: flux-shell[1]: mpibind: 
0: mpibind: task   0 nths  3 gpus 0 cpus 1-4
0: mpibind: task   1 nths  3 gpus 1 cpus 5-7,9
0: mpibind: task   2 nths  3 gpus 2 cpus 10-13
0: mpibind: task   3 nths  3 gpus 3 cpus 14-15,17
0: mpibind: task   4 nths  3 gpus 4 cpus 18-20
0: mpibind: task   5 nths  3 gpus 5 cpus 21-23
0: mpibind: task   6 nths  3 gpus 6 cpus 25-28
0: mpibind: task   7 nths  3 gpus 7 cpus 29-31,33
0: mpibind: task   8 nths  3 gpus 8 cpus 34-37
0: mpibind: task   9 nths  3 gpus 9 cpus 38-39,41
0: mpibind: task  10 nths  3 gpus 10 cpus 42-44
0: mpibind: task  11 nths  3 gpus 11 cpus 45-47
0: mpibind: task  12 nths  3 gpus 12 cpus 49-52
0: mpibind: task  13 nths  3 gpus 13 cpus 53-55,57
0: mpibind: task  14 nths  3 gpus 14 cpus 58-61
0: mpibind: task  15 nths  3 gpus 15 cpus 62-63,65
0: mpibind: task  16 nths  3 gpus 16 cpus 66-68
0: mpibind: task  17 nths  3 gpus 17 cpus 69-71
0: mpibind: task  18 nths  3 gpus 18 cpus 73-76
0: mpibind: task  19 nths  3 gpus 19 cpus 77-79,81
0: mpibind: task  20 nths  3 gpus 20 cpus 82-85
0: mpibind: task  21 nths  3 gpus 21 cpus 86-87,89
0: mpibind: task  22 nths  3 gpus 22 cpus 90-92
0: mpibind: task  23 nths  3 gpus 23 cpus 93-95
0: 0.126s: flux-shell[2]: mpibind: 
0: mpibind: task   0 nths  3 gpus 0 cpus 1-4
0: mpibind: task   1 nths  3 gpus 1 cpus 5-7,9
0: mpibind: task   2 nths  3 gpus 2 cpus 10-13
0: mpibind: task   3 nths  3 gpus 3 cpus 14-15,17
0: mpibind: task   4 nths  3 gpus 4 cpus 18-20
0: mpibind: task   5 nths  3 gpus 5 cpus 21-23
0: mpibind: task   6 nths  3 gpus 6 cpus 25-28
0: mpibind: task   7 nths  3 gpus 7 cpus 29-31,33
0: mpibind: task   8 nths  3 gpus 8 cpus 34-37
0: mpibind: task   9 nths  3 gpus 9 cpus 38-39,41
0: mpibind: task  10 nths  3 gpus 10 cpus 42-44
0: mpibind: task  11 nths  3 gpus 11 cpus 45-47
0: mpibind: task  12 nths  3 gpus 12 cpus 49-52
0: mpibind: task  13 nths  3 gpus 13 cpus 53-55,57
0: mpibind: task  14 nths  3 gpus 14 cpus 58-61
0: mpibind: task  15 nths  3 gpus 15 cpus 62-63,65
0: mpibind: task  16 nths  3 gpus 16 cpus 66-68
0: mpibind: task  17 nths  3 gpus 17 cpus 69-71
0: mpibind: task  18 nths  3 gpus 18 cpus 73-76
0: mpibind: task  19 nths  3 gpus 19 cpus 77-79,81
0: mpibind: task  20 nths  3 gpus 20 cpus 82-85
0: mpibind: task  21 nths  3 gpus 21 cpus 86-87,89
0: mpibind: task  22 nths  3 gpus 22 cpus 90-92
0: mpibind: task  23 nths  3 gpus 23 cpus 93-95
0: 0.130s: flux-shell[3]: mpibind: 
0: mpibind: task   0 nths  3 gpus 0 cpus 1-4
0: mpibind: task   1 nths  3 gpus 1 cpus 5-7,9
0: mpibind: task   2 nths  3 gpus 2 cpus 10-13
0: mpibind: task   3 nths  3 gpus 3 cpus 14-15,17
0: mpibind: task   4 nths  3 gpus 4 cpus 18-20
0: mpibind: task   5 nths  3 gpus 5 cpus 21-23
0: mpibind: task   6 nths  3 gpus 6 cpus 25-28
0: mpibind: task   7 nths  3 gpus 7 cpus 29-31,33
0: mpibind: task   8 nths  3 gpus 8 cpus 34-37
0: mpibind: task   9 nths  3 gpus 9 cpus 38-39,41
0: mpibind: task  10 nths  3 gpus 10 cpus 42-44
0: mpibind: task  11 nths  3 gpus 11 cpus 45-47
0: mpibind: task  12 nths  3 gpus 12 cpus 49-52
0: mpibind: task  13 nths  3 gpus 13 cpus 53-55,57
0: mpibind: task  14 nths  3 gpus 14 cpus 58-61
0: mpibind: task  15 nths  3 gpus 15 cpus 62-63,65
0: mpibind: task  16 nths  3 gpus 16 cpus 66-68
0: mpibind: task  17 nths  3 gpus 17 cpus 69-71
0: mpibind: task  18 nths  3 gpus 18 cpus 73-76
0: mpibind: task  19 nths  3 gpus 19 cpus 77-79,81
0: mpibind: task  20 nths  3 gpus 20 cpus 82-85
0: mpibind: task  21 nths  3 gpus 21 cpus 86-87,89
0: mpibind: task  22 nths  3 gpus 22 cpus 90-92
0: mpibind: task  23 nths  3 gpus 23 cpus 93-95
0: 0.121s: flux-shell[4]: mpibind: 
0: mpibind: task   0 nths  3 gpus 0 cpus 1-4
0: mpibind: task   1 nths  3 gpus 1 cpus 5-7,9
0: mpibind: task   2 nths  3 gpus 2 cpus 10-13
0: mpibind: task   3 nths  3 gpus 3 cpus 14-15,17
0: mpibind: task   4 nths  3 gpus 4 cpus 18-20
0: mpibind: task   5 nths  3 gpus 5 cpus 21-23
0: mpibind: task   6 nths  3 gpus 6 cpus 25-28
0: mpibind: task   7 nths  3 gpus 7 cpus 29-31,33
0: mpibind: task   8 nths  3 gpus 8 cpus 34-37
0: mpibind: task   9 nths  3 gpus 9 cpus 38-39,41
0: mpibind: task  10 nths  3 gpus 10 cpus 42-44
0: mpibind: task  11 nths  3 gpus 11 cpus 45-47
0: mpibind: task  12 nths  3 gpus 12 cpus 49-52
0: mpibind: task  13 nths  3 gpus 13 cpus 53-55,57
0: mpibind: task  14 nths  3 gpus 14 cpus 58-61
0: mpibind: task  15 nths  3 gpus 15 cpus 62-63,65
0: mpibind: task  16 nths  3 gpus 16 cpus 66-68
0: mpibind: task  17 nths  3 gpus 17 cpus 69-71
0: mpibind: task  18 nths  3 gpus 18 cpus 73-76
0: mpibind: task  19 nths  3 gpus 19 cpus 77-79,81
0: mpibind: task  20 nths  3 gpus 20 cpus 82-85
0: mpibind: task  21 nths  3 gpus 21 cpus 86-87,89
0: mpibind: task  22 nths  3 gpus 22 cpus 90-92
0: mpibind: task  23 nths  3 gpus 23 cpus 93-95
0: 0.128s: flux-shell[5]: mpibind: 
0: mpibind: task   0 nths  3 gpus 0 cpus 1-4
0: mpibind: task   1 nths  3 gpus 1 cpus 5-7,9
0: mpibind: task   2 nths  3 gpus 2 cpus 10-13
0: mpibind: task   3 nths  3 gpus 3 cpus 14-15,17
0: mpibind: task   4 nths  3 gpus 4 cpus 18-20
0: mpibind: task   5 nths  3 gpus 5 cpus 21-23
0: mpibind: task   6 nths  3 gpus 6 cpus 25-28
0: mpibind: task   7 nths  3 gpus 7 cpus 29-31,33
0: mpibind: task   8 nths  3 gpus 8 cpus 34-37
0: mpibind: task   9 nths  3 gpus 9 cpus 38-39,41
0: mpibind: task  10 nths  3 gpus 10 cpus 42-44
0: mpibind: task  11 nths  3 gpus 11 cpus 45-47
0: mpibind: task  12 nths  3 gpus 12 cpus 49-52
0: mpibind: task  13 nths  3 gpus 13 cpus 53-55,57
0: mpibind: task  14 nths  3 gpus 14 cpus 58-61
0: mpibind: task  15 nths  3 gpus 15 cpus 62-63,65
0: mpibind: task  16 nths  3 gpus 16 cpus 66-68
0: mpibind: task  17 nths  3 gpus 17 cpus 69-71
0: mpibind: task  18 nths  3 gpus 18 cpus 73-76
0: mpibind: task  19 nths  3 gpus 19 cpus 77-79,81
0: mpibind: task  20 nths  3 gpus 20 cpus 82-85
0: mpibind: task  21 nths  3 gpus 21 cpus 86-87,89
0: mpibind: task  22 nths  3 gpus 22 cpus 90-92
0: mpibind: task  23 nths  3 gpus 23 cpus 93-95
0: 0.121s: flux-shell[6]: mpibind: 
0: mpibind: task   0 nths  3 gpus 0 cpus 1-4
0: mpibind: task   1 nths  3 gpus 1 cpus 5-7,9
0: mpibind: task   2 nths  3 gpus 2 cpus 10-13
0: mpibind: task   3 nths  3 gpus 3 cpus 14-15,17
0: mpibind: task   4 nths  3 gpus 4 cpus 18-20
0: mpibind: task   5 nths  3 gpus 5 cpus 21-23
0: mpibind: task   6 nths  3 gpus 6 cpus 25-28
0: mpibind: task   7 nths  3 gpus 7 cpus 29-31,33
0: mpibind: task   8 nths  3 gpus 8 cpus 34-37
0: mpibind: task   9 nths  3 gpus 9 cpus 38-39,41
0: mpibind: task  10 nths  3 gpus 10 cpus 42-44
0: mpibind: task  11 nths  3 gpus 11 cpus 45-47
0: mpibind: task  12 nths  3 gpus 12 cpus 49-52
0: mpibind: task  13 nths  3 gpus 13 cpus 53-55,57
0: mpibind: task  14 nths  3 gpus 14 cpus 58-61
0: mpibind: task  15 nths  3 gpus 15 cpus 62-63,65
0: mpibind: task  16 nths  3 gpus 16 cpus 66-68
0: mpibind: task  17 nths  3 gpus 17 cpus 69-71
0: mpibind: task  18 nths  3 gpus 18 cpus 73-76
0: mpibind: task  19 nths  3 gpus 19 cpus 77-79,81
0: mpibind: task  20 nths  3 gpus 20 cpus 82-85
0: mpibind: task  21 nths  3 gpus 21 cpus 86-87,89
0: mpibind: task  22 nths  3 gpus 22 cpus 90-92
0: mpibind: task  23 nths  3 gpus 23 cpus 93-95
0: 0.128s: flux-shell[7]: mpibind: 
0: mpibind: task   0 nths  3 gpus 0 cpus 1-4
0: mpibind: task   1 nths  3 gpus 1 cpus 5-7,9
0: mpibind: task   2 nths  3 gpus 2 cpus 10-13
0: mpibind: task   3 nths  3 gpus 3 cpus 14-15,17
0: mpibind: task   4 nths  3 gpus 4 cpus 18-20
0: mpibind: task   5 nths  3 gpus 5 cpus 21-23
0: mpibind: task   6 nths  3 gpus 6 cpus 25-28
0: mpibind: task   7 nths  3 gpus 7 cpus 29-31,33
0: mpibind: task   8 nths  3 gpus 8 cpus 34-37
0: mpibind: task   9 nths  3 gpus 9 cpus 38-39,41
0: mpibind: task  10 nths  3 gpus 10 cpus 42-44
0: mpibind: task  11 nths  3 gpus 11 cpus 45-47
0: mpibind: task  12 nths  3 gpus 12 cpus 49-52
0: mpibind: task  13 nths  3 gpus 13 cpus 53-55,57
0: mpibind: task  14 nths  3 gpus 14 cpus 58-61
0: mpibind: task  15 nths  3 gpus 15 cpus 62-63,65
0: mpibind: task  16 nths  3 gpus 16 cpus 66-68
0: mpibind: task  17 nths  3 gpus 17 cpus 69-71
0: mpibind: task  18 nths  3 gpus 18 cpus 73-76
0: mpibind: task  19 nths  3 gpus 19 cpus 77-79,81
0: mpibind: task  20 nths  3 gpus 20 cpus 82-85
0: mpibind: task  21 nths  3 gpus 21 cpus 86-87,89
0: mpibind: task  22 nths  3 gpus 22 cpus 90-92
0: mpibind: task  23 nths  3 gpus 23 cpus 93-95
0: 0.125s: flux-shell[9]: mpibind: 
0: mpibind: task   0 nths  3 gpus 0 cpus 1-4
0: mpibind: task   1 nths  3 gpus 1 cpus 5-7,9
0: mpibind: task   2 nths  3 gpus 2 cpus 10-13
0: mpibind: task   3 nths  3 gpus 3 cpus 14-15,17
0: mpibind: task   4 nths  3 gpus 4 cpus 18-20
0: mpibind: task   5 nths  3 gpus 5 cpus 21-23
0: mpibind: task   6 nths  3 gpus 6 cpus 25-28
0: mpibind: task   7 nths  3 gpus 7 cpus 29-31,33
0: mpibind: task   8 nths  3 gpus 8 cpus 34-37
0: mpibind: task   9 nths  3 gpus 9 cpus 38-39,41
0: mpibind: task  10 nths  3 gpus 10 cpus 42-44
0: mpibind: task  11 nths  3 gpus 11 cpus 45-47
0: mpibind: task  12 nths  3 gpus 12 cpus 49-52
0: mpibind: task  13 nths  3 gpus 13 cpus 53-55,57
0: mpibind: task  14 nths  3 gpus 14 cpus 58-61
0: mpibind: task  15 nths  3 gpus 15 cpus 62-63,65
0: mpibind: task  16 nths  3 gpus 16 cpus 66-68
0: mpibind: task  17 nths  3 gpus 17 cpus 69-71
0: mpibind: task  18 nths  3 gpus 18 cpus 73-76
0: mpibind: task  19 nths  3 gpus 19 cpus 77-79,81
0: mpibind: task  20 nths  3 gpus 20 cpus 82-85
0: mpibind: task  21 nths  3 gpus 21 cpus 86-87,89
0: mpibind: task  22 nths  3 gpus 22 cpus 90-92
0: mpibind: task  23 nths  3 gpus 23 cpus 93-95
0: 0.130s: flux-shell[10]: mpibind: 
0: mpibind: task   0 nths  3 gpus 0 cpus 1-4
0: mpibind: task   1 nths  3 gpus 1 cpus 5-7,9
0: mpibind: task   2 nths  3 gpus 2 cpus 10-13
0: mpibind: task   3 nths  3 gpus 3 cpus 14-15,17
0: mpibind: task   4 nths  3 gpus 4 cpus 18-20
0: mpibind: task   5 nths  3 gpus 5 cpus 21-23
0: mpibind: task   6 nths  3 gpus 6 cpus 25-28
0: mpibind: task   7 nths  3 gpus 7 cpus 29-31,33
0: mpibind: task   8 nths  3 gpus 8 cpus 34-37
0: mpibind: task   9 nths  3 gpus 9 cpus 38-39,41
0: mpibind: task  10 nths  3 gpus 10 cpus 42-44
0: mpibind: task  11 nths  3 gpus 11 cpus 45-47
0: mpibind: task  12 nths  3 gpus 12 cpus 49-52
0: mpibind: task  13 nths  3 gpus 13 cpus 53-55,57
0: mpibind: task  14 nths  3 gpus 14 cpus 58-61
0: mpibind: task  15 nths  3 gpus 15 cpus 62-63,65
0: mpibind: task  16 nths  3 gpus 16 cpus 66-68
0: mpibind: task  17 nths  3 gpus 17 cpus 69-71
0: mpibind: task  18 nths  3 gpus 18 cpus 73-76
0: mpibind: task  19 nths  3 gpus 19 cpus 77-79,81
0: mpibind: task  20 nths  3 gpus 20 cpus 82-85
0: mpibind: task  21 nths  3 gpus 21 cpus 86-87,89
0: mpibind: task  22 nths  3 gpus 22 cpus 90-92
0: mpibind: task  23 nths  3 gpus 23 cpus 93-95
0: 0.129s: flux-shell[11]: mpibind: 
0: mpibind: task   0 nths  3 gpus 0 cpus 1-4
0: mpibind: task   1 nths  3 gpus 1 cpus 5-7,9
0: mpibind: task   2 nths  3 gpus 2 cpus 10-13
0: mpibind: task   3 nths  3 gpus 3 cpus 14-15,17
0: mpibind: task   4 nths  3 gpus 4 cpus 18-20
0: mpibind: task   5 nths  3 gpus 5 cpus 21-23
0: mpibind: task   6 nths  3 gpus 6 cpus 25-28
0: mpibind: task   7 nths  3 gpus 7 cpus 29-31,33
0: mpibind: task   8 nths  3 gpus 8 cpus 34-37
0: mpibind: task   9 nths  3 gpus 9 cpus 38-39,41
0: mpibind: task  10 nths  3 gpus 10 cpus 42-44
0: mpibind: task  11 nths  3 gpus 11 cpus 45-47
0: mpibind: task  12 nths  3 gpus 12 cpus 49-52
0: mpibind: task  13 nths  3 gpus 13 cpus 53-55,57
0: mpibind: task  14 nths  3 gpus 14 cpus 58-61
0: mpibind: task  15 nths  3 gpus 15 cpus 62-63,65
0: mpibind: task  16 nths  3 gpus 16 cpus 66-68
0: mpibind: task  17 nths  3 gpus 17 cpus 69-71
0: mpibind: task  18 nths  3 gpus 18 cpus 73-76
0: mpibind: task  19 nths  3 gpus 19 cpus 77-79,81
0: mpibind: task  20 nths  3 gpus 20 cpus 82-85
0: mpibind: task  21 nths  3 gpus 21 cpus 86-87,89
0: mpibind: task  22 nths  3 gpus 22 cpus 90-92
0: mpibind: task  23 nths  3 gpus 23 cpus 93-95
0: 0.135s: flux-shell[12]: mpibind: 
0: mpibind: task   0 nths  3 gpus 0 cpus 1-4
0: mpibind: task   1 nths  3 gpus 1 cpus 5-7,9
0: mpibind: task   2 nths  3 gpus 2 cpus 10-13
0: mpibind: task   3 nths  3 gpus 3 cpus 14-15,17
0: mpibind: task   4 nths  3 gpus 4 cpus 18-20
0: mpibind: task   5 nths  3 gpus 5 cpus 21-23
0: mpibind: task   6 nths  3 gpus 6 cpus 25-28
0: mpibind: task   7 nths  3 gpus 7 cpus 29-31,33
0: mpibind: task   8 nths  3 gpus 8 cpus 34-37
0: mpibind: task   9 nths  3 gpus 9 cpus 38-39,41
0: mpibind: task  10 nths  3 gpus 10 cpus 42-44
0: mpibind: task  11 nths  3 gpus 11 cpus 45-47
0: mpibind: task  12 nths  3 gpus 12 cpus 49-52
0: mpibind: task  13 nths  3 gpus 13 cpus 53-55,57
0: mpibind: task  14 nths  3 gpus 14 cpus 58-61
0: mpibind: task  15 nths  3 gpus 15 cpus 62-63,65
0: mpibind: task  16 nths  3 gpus 16 cpus 66-68
0: mpibind: task  17 nths  3 gpus 17 cpus 69-71
0: mpibind: task  18 nths  3 gpus 18 cpus 73-76
0: mpibind: task  19 nths  3 gpus 19 cpus 77-79,81
0: mpibind: task  20 nths  3 gpus 20 cpus 82-85
0: mpibind: task  21 nths  3 gpus 21 cpus 86-87,89
0: mpibind: task  22 nths  3 gpus 22 cpus 90-92
0: mpibind: task  23 nths  3 gpus 23 cpus 93-95
0: 0.130s: flux-shell[16]: mpibind: 
0: mpibind: task   0 nths  3 gpus 0 cpus 1-4
0: mpibind: task   1 nths  3 gpus 1 cpus 5-7,9
0: mpibind: task   2 nths  3 gpus 2 cpus 10-13
0: mpibind: task   3 nths  3 gpus 3 cpus 14-15,17
0: mpibind: task   4 nths  3 gpus 4 cpus 18-20
0: mpibind: task   5 nths  3 gpus 5 cpus 21-23
0: mpibind: task   6 nths  3 gpus 6 cpus 25-28
0: mpibind: task   7 nths  3 gpus 7 cpus 29-31,33
0: mpibind: task   8 nths  3 gpus 8 cpus 34-37
0: mpibind: task   9 nths  3 gpus 9 cpus 38-39,41
0: mpibind: task  10 nths  3 gpus 10 cpus 42-44
0: mpibind: task  11 nths  3 gpus 11 cpus 45-47
0: mpibind: task  12 nths  3 gpus 12 cpus 49-52
0: mpibind: task  13 nths  3 gpus 13 cpus 53-55,57
0: mpibind: task  14 nths  3 gpus 14 cpus 58-61
0: mpibind: task  15 nths  3 gpus 15 cpus 62-63,65
0: mpibind: task  16 nths  3 gpus 16 cpus 66-68
0: mpibind: task  17 nths  3 gpus 17 cpus 69-71
0: mpibind: task  18 nths  3 gpus 18 cpus 73-76
0: mpibind: task  19 nths  3 gpus 19 cpus 77-79,81
0: mpibind: task  20 nths  3 gpus 20 cpus 82-85
0: mpibind: task  21 nths  3 gpus 21 cpus 86-87,89
0: mpibind: task  22 nths  3 gpus 22 cpus 90-92
0: mpibind: task  23 nths  3 gpus 23 cpus 93-95
0: 0.140s: flux-shell[22]: mpibind: 
0: mpibind: task   0 nths  3 gpus 0 cpus 1-4
0: mpibind: task   1 nths  3 gpus 1 cpus 5-7,9
0: mpibind: task   2 nths  3 gpus 2 cpus 10-13
0: mpibind: task   3 nths  3 gpus 3 cpus 14-15,17
0: mpibind: task   4 nths  3 gpus 4 cpus 18-20
0: mpibind: task   5 nths  3 gpus 5 cpus 21-23
0: mpibind: task   6 nths  3 gpus 6 cpus 25-28
0: mpibind: task   7 nths  3 gpus 7 cpus 29-31,33
0: mpibind: task   8 nths  3 gpus 8 cpus 34-37
0: mpibind: task   9 nths  3 gpus 9 cpus 38-39,41
0: mpibind: task  10 nths  3 gpus 10 cpus 42-44
0: mpibind: task  11 nths  3 gpus 11 cpus 45-47
0: mpibind: task  12 nths  3 gpus 12 cpus 49-52
0: mpibind: task  13 nths  3 gpus 13 cpus 53-55,57
0: mpibind: task  14 nths  3 gpus 14 cpus 58-61
0: mpibind: task  15 nths  3 gpus 15 cpus 62-63,65
0: mpibind: task  16 nths  3 gpus 16 cpus 66-68
0: mpibind: task  17 nths  3 gpus 17 cpus 69-71
0: mpibind: task  18 nths  3 gpus 18 cpus 73-76
0: mpibind: task  19 nths  3 gpus 19 cpus 77-79,81
0: mpibind: task  20 nths  3 gpus 20 cpus 82-85
0: mpibind: task  21 nths  3 gpus 21 cpus 86-87,89
0: mpibind: task  22 nths  3 gpus 22 cpus 90-92
0: mpibind: task  23 nths  3 gpus 23 cpus 93-95
0: 0.139s: flux-shell[23]: mpibind: 
0: mpibind: task   0 nths  3 gpus 0 cpus 1-4
0: mpibind: task   1 nths  3 gpus 1 cpus 5-7,9
0: mpibind: task   2 nths  3 gpus 2 cpus 10-13
0: mpibind: task   3 nths  3 gpus 3 cpus 14-15,17
0: mpibind: task   4 nths  3 gpus 4 cpus 18-20
0: mpibind: task   5 nths  3 gpus 5 cpus 21-23
0: mpibind: task   6 nths  3 gpus 6 cpus 25-28
0: mpibind: task   7 nths  3 gpus 7 cpus 29-31,33
0: mpibind: task   8 nths  3 gpus 8 cpus 34-37
0: mpibind: task   9 nths  3 gpus 9 cpus 38-39,41
0: mpibind: task  10 nths  3 gpus 10 cpus 42-44
0: mpibind: task  11 nths  3 gpus 11 cpus 45-47
0: mpibind: task  12 nths  3 gpus 12 cpus 49-52
0: mpibind: task  13 nths  3 gpus 13 cpus 53-55,57
0: mpibind: task  14 nths  3 gpus 14 cpus 58-61
0: mpibind: task  15 nths  3 gpus 15 cpus 62-63,65
0: mpibind: task  16 nths  3 gpus 16 cpus 66-68
0: mpibind: task  17 nths  3 gpus 17 cpus 69-71
0: mpibind: task  18 nths  3 gpus 18 cpus 73-76
0: mpibind: task  19 nths  3 gpus 19 cpus 77-79,81
0: mpibind: task  20 nths  3 gpus 20 cpus 82-85
0: mpibind: task  21 nths  3 gpus 21 cpus 86-87,89
0: mpibind: task  22 nths  3 gpus 22 cpus 90-92
0: mpibind: task  23 nths  3 gpus 23 cpus 93-95
0: 0.139s: flux-shell[24]: mpibind: 
0: mpibind: task   0 nths  3 gpus 0 cpus 1-4
0: mpibind: task   1 nths  3 gpus 1 cpus 5-7,9
0: mpibind: task   2 nths  3 gpus 2 cpus 10-13
0: mpibind: task   3 nths  3 gpus 3 cpus 14-15,17
0: mpibind: task   4 nths  3 gpus 4 cpus 18-20
0: mpibind: task   5 nths  3 gpus 5 cpus 21-23
0: mpibind: task   6 nths  3 gpus 6 cpus 25-28
0: mpibind: task   7 nths  3 gpus 7 cpus 29-31,33
0: mpibind: task   8 nths  3 gpus 8 cpus 34-37
0: mpibind: task   9 nths  3 gpus 9 cpus 38-39,41
0: mpibind: task  10 nths  3 gpus 10 cpus 42-44
0: mpibind: task  11 nths  3 gpus 11 cpus 45-47
0: mpibind: task  12 nths  3 gpus 12 cpus 49-52
0: mpibind: task  13 nths  3 gpus 13 cpus 53-55,57
0: mpibind: task  14 nths  3 gpus 14 cpus 58-61
0: mpibind: task  15 nths  3 gpus 15 cpus 62-63,65
0: mpibind: task  16 nths  3 gpus 16 cpus 66-68
0: mpibind: task  17 nths  3 gpus 17 cpus 69-71
0: mpibind: task  18 nths  3 gpus 18 cpus 73-76
0: mpibind: task  19 nths  3 gpus 19 cpus 77-79,81
0: mpibind: task  20 nths  3 gpus 20 cpus 82-85
0: mpibind: task  21 nths  3 gpus 21 cpus 86-87,89
0: mpibind: task  22 nths  3 gpus 22 cpus 90-92
0: mpibind: task  23 nths  3 gpus 23 cpus 93-95
0: 0.136s: flux-shell[25]: mpibind: 
0: mpibind: task   0 nths  3 gpus 0 cpus 1-4
0: mpibind: task   1 nths  3 gpus 1 cpus 5-7,9
0: mpibind: task   2 nths  3 gpus 2 cpus 10-13
0: mpibind: task   3 nths  3 gpus 3 cpus 14-15,17
0: mpibind: task   4 nths  3 gpus 4 cpus 18-20
0: mpibind: task   5 nths  3 gpus 5 cpus 21-23
0: mpibind: task   6 nths  3 gpus 6 cpus 25-28
0: mpibind: task   7 nths  3 gpus 7 cpus 29-31,33
0: mpibind: task   8 nths  3 gpus 8 cpus 34-37
0: mpibind: task   9 nths  3 gpus 9 cpus 38-39,41
0: mpibind: task  10 nths  3 gpus 10 cpus 42-44
0: mpibind: task  11 nths  3 gpus 11 cpus 45-47
0: mpibind: task  12 nths  3 gpus 12 cpus 49-52
0: mpibind: task  13 nths  3 gpus 13 cpus 53-55,57
0: mpibind: task  14 nths  3 gpus 14 cpus 58-61
0: mpibind: task  15 nths  3 gpus 15 cpus 62-63,65
0: mpibind: task  16 nths  3 gpus 16 cpus 66-68
0: mpibind: task  17 nths  3 gpus 17 cpus 69-71
0: mpibind: task  18 nths  3 gpus 18 cpus 73-76
0: mpibind: task  19 nths  3 gpus 19 cpus 77-79,81
0: mpibind: task  20 nths  3 gpus 20 cpus 82-85
0: mpibind: task  21 nths  3 gpus 21 cpus 86-87,89
0: mpibind: task  22 nths  3 gpus 22 cpus 90-92
0: mpibind: task  23 nths  3 gpus 23 cpus 93-95
0: 0.139s: flux-shell[26]: mpibind: 
0: mpibind: task   0 nths  3 gpus 0 cpus 1-4
0: mpibind: task   1 nths  3 gpus 1 cpus 5-7,9
0: mpibind: task   2 nths  3 gpus 2 cpus 10-13
0: mpibind: task   3 nths  3 gpus 3 cpus 14-15,17
0: mpibind: task   4 nths  3 gpus 4 cpus 18-20
0: mpibind: task   5 nths  3 gpus 5 cpus 21-23
0: mpibind: task   6 nths  3 gpus 6 cpus 25-28
0: mpibind: task   7 nths  3 gpus 7 cpus 29-31,33
0: mpibind: task   8 nths  3 gpus 8 cpus 34-37
0: mpibind: task   9 nths  3 gpus 9 cpus 38-39,41
0: mpibind: task  10 nths  3 gpus 10 cpus 42-44
0: mpibind: task  11 nths  3 gpus 11 cpus 45-47
0: mpibind: task  12 nths  3 gpus 12 cpus 49-52
0: mpibind: task  13 nths  3 gpus 13 cpus 53-55,57
0: mpibind: task  14 nths  3 gpus 14 cpus 58-61
0: mpibind: task  15 nths  3 gpus 15 cpus 62-63,65
0: mpibind: task  16 nths  3 gpus 16 cpus 66-68
0: mpibind: task  17 nths  3 gpus 17 cpus 69-71
0: mpibind: task  18 nths  3 gpus 18 cpus 73-76
0: mpibind: task  19 nths  3 gpus 19 cpus 77-79,81
0: mpibind: task  20 nths  3 gpus 20 cpus 82-85
0: mpibind: task  21 nths  3 gpus 21 cpus 86-87,89
0: mpibind: task  22 nths  3 gpus 22 cpus 90-92
0: mpibind: task  23 nths  3 gpus 23 cpus 93-95
0: 0.138s: flux-shell[27]: mpibind: 
0: mpibind: task   0 nths  3 gpus 0 cpus 1-4
0: mpibind: task   1 nths  3 gpus 1 cpus 5-7,9
0: mpibind: task   2 nths  3 gpus 2 cpus 10-13
0: mpibind: task   3 nths  3 gpus 3 cpus 14-15,17
0: mpibind: task   4 nths  3 gpus 4 cpus 18-20
0: mpibind: task   5 nths  3 gpus 5 cpus 21-23
0: mpibind: task   6 nths  3 gpus 6 cpus 25-28
0: mpibind: task   7 nths  3 gpus 7 cpus 29-31,33
0: mpibind: task   8 nths  3 gpus 8 cpus 34-37
0: mpibind: task   9 nths  3 gpus 9 cpus 38-39,41
0: mpibind: task  10 nths  3 gpus 10 cpus 42-44
0: mpibind: task  11 nths  3 gpus 11 cpus 45-47
0: mpibind: task  12 nths  3 gpus 12 cpus 49-52
0: mpibind: task  13 nths  3 gpus 13 cpus 53-55,57
0: mpibind: task  14 nths  3 gpus 14 cpus 58-61
0: mpibind: task  15 nths  3 gpus 15 cpus 62-63,65
0: mpibind: task  16 nths  3 gpus 16 cpus 66-68
0: mpibind: task  17 nths  3 gpus 17 cpus 69-71
0: mpibind: task  18 nths  3 gpus 18 cpus 73-76
0: mpibind: task  19 nths  3 gpus 19 cpus 77-79,81
0: mpibind: task  20 nths  3 gpus 20 cpus 82-85
0: mpibind: task  21 nths  3 gpus 21 cpus 86-87,89
0: mpibind: task  22 nths  3 gpus 22 cpus 90-92
0: mpibind: task  23 nths  3 gpus 23 cpus 93-95
0: 0.137s: flux-shell[28]: mpibind: 
0: mpibind: task   0 nths  3 gpus 0 cpus 1-4
0: mpibind: task   1 nths  3 gpus 1 cpus 5-7,9
0: mpibind: task   2 nths  3 gpus 2 cpus 10-13
0: mpibind: task   3 nths  3 gpus 3 cpus 14-15,17
0: mpibind: task   4 nths  3 gpus 4 cpus 18-20
0: mpibind: task   5 nths  3 gpus 5 cpus 21-23
0: mpibind: task   6 nths  3 gpus 6 cpus 25-28
0: mpibind: task   7 nths  3 gpus 7 cpus 29-31,33
0: mpibind: task   8 nths  3 gpus 8 cpus 34-37
0: mpibind: task   9 nths  3 gpus 9 cpus 38-39,41
0: mpibind: task  10 nths  3 gpus 10 cpus 42-44
0: mpibind: task  11 nths  3 gpus 11 cpus 45-47
0: mpibind: task  12 nths  3 gpus 12 cpus 49-52
0: mpibind: task  13 nths  3 gpus 13 cpus 53-55,57
0: mpibind: task  14 nths  3 gpus 14 cpus 58-61
0: mpibind: task  15 nths  3 gpus 15 cpus 62-63,65
0: mpibind: task  16 nths  3 gpus 16 cpus 66-68
0: mpibind: task  17 nths  3 gpus 17 cpus 69-71
0: mpibind: task  18 nths  3 gpus 18 cpus 73-76
0: mpibind: task  19 nths  3 gpus 19 cpus 77-79,81
0: mpibind: task  20 nths  3 gpus 20 cpus 82-85
0: mpibind: task  21 nths  3 gpus 21 cpus 86-87,89
0: mpibind: task  22 nths  3 gpus 22 cpus 90-92
0: mpibind: task  23 nths  3 gpus 23 cpus 93-95
0: 0.142s: flux-shell[29]: mpibind: 
0: mpibind: task   0 nths  3 gpus 0 cpus 1-4
0: mpibind: task   1 nths  3 gpus 1 cpus 5-7,9
0: mpibind: task   2 nths  3 gpus 2 cpus 10-13
0: mpibind: task   3 nths  3 gpus 3 cpus 14-15,17
0: mpibind: task   4 nths  3 gpus 4 cpus 18-20
0: mpibind: task   5 nths  3 gpus 5 cpus 21-23
0: mpibind: task   6 nths  3 gpus 6 cpus 25-28
0: mpibind: task   7 nths  3 gpus 7 cpus 29-31,33
0: mpibind: task   8 nths  3 gpus 8 cpus 34-37
0: mpibind: task   9 nths  3 gpus 9 cpus 38-39,41
0: mpibind: task  10 nths  3 gpus 10 cpus 42-44
0: mpibind: task  11 nths  3 gpus 11 cpus 45-47
0: mpibind: task  12 nths  3 gpus 12 cpus 49-52
0: mpibind: task  13 nths  3 gpus 13 cpus 53-55,57
0: mpibind: task  14 nths  3 gpus 14 cpus 58-61
0: mpibind: task  15 nths  3 gpus 15 cpus 62-63,65
0: mpibind: task  16 nths  3 gpus 16 cpus 66-68
0: mpibind: task  17 nths  3 gpus 17 cpus 69-71
0: mpibind: task  18 nths  3 gpus 18 cpus 73-76
0: mpibind: task  19 nths  3 gpus 19 cpus 77-79,81
0: mpibind: task  20 nths  3 gpus 20 cpus 82-85
0: mpibind: task  21 nths  3 gpus 21 cpus 86-87,89
0: mpibind: task  22 nths  3 gpus 22 cpus 90-92
0: mpibind: task  23 nths  3 gpus 23 cpus 93-95
0: 0.139s: flux-shell[30]: mpibind: 
0: mpibind: task   0 nths  3 gpus 0 cpus 1-4
0: mpibind: task   1 nths  3 gpus 1 cpus 5-7,9
0: mpibind: task   2 nths  3 gpus 2 cpus 10-13
0: mpibind: task   3 nths  3 gpus 3 cpus 14-15,17
0: mpibind: task   4 nths  3 gpus 4 cpus 18-20
0: mpibind: task   5 nths  3 gpus 5 cpus 21-23
0: mpibind: task   6 nths  3 gpus 6 cpus 25-28
0: mpibind: task   7 nths  3 gpus 7 cpus 29-31,33
0: mpibind: task   8 nths  3 gpus 8 cpus 34-37
0: mpibind: task   9 nths  3 gpus 9 cpus 38-39,41
0: mpibind: task  10 nths  3 gpus 10 cpus 42-44
0: mpibind: task  11 nths  3 gpus 11 cpus 45-47
0: mpibind: task  12 nths  3 gpus 12 cpus 49-52
0: mpibind: task  13 nths  3 gpus 13 cpus 53-55,57
0: mpibind: task  14 nths  3 gpus 14 cpus 58-61
0: mpibind: task  15 nths  3 gpus 15 cpus 62-63,65
0: mpibind: task  16 nths  3 gpus 16 cpus 66-68
0: mpibind: task  17 nths  3 gpus 17 cpus 69-71
0: mpibind: task  18 nths  3 gpus 18 cpus 73-76
0: mpibind: task  19 nths  3 gpus 19 cpus 77-79,81
0: mpibind: task  20 nths  3 gpus 20 cpus 82-85
0: mpibind: task  21 nths  3 gpus 21 cpus 86-87,89
0: mpibind: task  22 nths  3 gpus 22 cpus 90-92
0: mpibind: task  23 nths  3 gpus 23 cpus 93-95
0: 0.138s: flux-shell[31]: mpibind: 
0: mpibind: task   0 nths  3 gpus 0 cpus 1-4
0: mpibind: task   1 nths  3 gpus 1 cpus 5-7,9
0: mpibind: task   2 nths  3 gpus 2 cpus 10-13
0: mpibind: task   3 nths  3 gpus 3 cpus 14-15,17
0: mpibind: task   4 nths  3 gpus 4 cpus 18-20
0: mpibind: task   5 nths  3 gpus 5 cpus 21-23
0: mpibind: task   6 nths  3 gpus 6 cpus 25-28
0: mpibind: task   7 nths  3 gpus 7 cpus 29-31,33
0: mpibind: task   8 nths  3 gpus 8 cpus 34-37
0: mpibind: task   9 nths  3 gpus 9 cpus 38-39,41
0: mpibind: task  10 nths  3 gpus 10 cpus 42-44
0: mpibind: task  11 nths  3 gpus 11 cpus 45-47
0: mpibind: task  12 nths  3 gpus 12 cpus 49-52
0: mpibind: task  13 nths  3 gpus 13 cpus 53-55,57
0: mpibind: task  14 nths  3 gpus 14 cpus 58-61
0: mpibind: task  15 nths  3 gpus 15 cpus 62-63,65
0: mpibind: task  16 nths  3 gpus 16 cpus 66-68
0: mpibind: task  17 nths  3 gpus 17 cpus 69-71
0: mpibind: task  18 nths  3 gpus 18 cpus 73-76
0: mpibind: task  19 nths  3 gpus 19 cpus 77-79,81
0: mpibind: task  20 nths  3 gpus 20 cpus 82-85
0: mpibind: task  21 nths  3 gpus 21 cpus 86-87,89
0: mpibind: task  22 nths  3 gpus 22 cpus 90-92
0: mpibind: task  23 nths  3 gpus 23 cpus 93-95
0: 0.134s: flux-shell[17]: mpibind: 
0: mpibind: task   0 nths  3 gpus 0 cpus 1-4
0: mpibind: task   1 nths  3 gpus 1 cpus 5-7,9
0: mpibind: task   2 nths  3 gpus 2 cpus 10-13
0: mpibind: task   3 nths  3 gpus 3 cpus 14-15,17
0: mpibind: task   4 nths  3 gpus 4 cpus 18-20
0: mpibind: task   5 nths  3 gpus 5 cpus 21-23
0: mpibind: task   6 nths  3 gpus 6 cpus 25-28
0: mpibind: task   7 nths  3 gpus 7 cpus 29-31,33
0: mpibind: task   8 nths  3 gpus 8 cpus 34-37
0: mpibind: task   9 nths  3 gpus 9 cpus 38-39,41
0: mpibind: task  10 nths  3 gpus 10 cpus 42-44
0: mpibind: task  11 nths  3 gpus 11 cpus 45-47
0: mpibind: task  12 nths  3 gpus 12 cpus 49-52
0: mpibind: task  13 nths  3 gpus 13 cpus 53-55,57
0: mpibind: task  14 nths  3 gpus 14 cpus 58-61
0: mpibind: task  15 nths  3 gpus 15 cpus 62-63,65
0: mpibind: task  16 nths  3 gpus 16 cpus 66-68
0: mpibind: task  17 nths  3 gpus 17 cpus 69-71
0: mpibind: task  18 nths  3 gpus 18 cpus 73-76
0: mpibind: task  19 nths  3 gpus 19 cpus 77-79,81
0: mpibind: task  20 nths  3 gpus 20 cpus 82-85
0: mpibind: task  21 nths  3 gpus 21 cpus 86-87,89
0: mpibind: task  22 nths  3 gpus 22 cpus 90-92
0: mpibind: task  23 nths  3 gpus 23 cpus 93-95
0: 0.127s: flux-shell[15]: mpibind: 
0: mpibind: task   0 nths  3 gpus 0 cpus 1-4
0: mpibind: task   1 nths  3 gpus 1 cpus 5-7,9
0: mpibind: task   2 nths  3 gpus 2 cpus 10-13
0: mpibind: task   3 nths  3 gpus 3 cpus 14-15,17
0: mpibind: task   4 nths  3 gpus 4 cpus 18-20
0: mpibind: task   5 nths  3 gpus 5 cpus 21-23
0: mpibind: task   6 nths  3 gpus 6 cpus 25-28
0: mpibind: task   7 nths  3 gpus 7 cpus 29-31,33
0: mpibind: task   8 nths  3 gpus 8 cpus 34-37
0: mpibind: task   9 nths  3 gpus 9 cpus 38-39,41
0: mpibind: task  10 nths  3 gpus 10 cpus 42-44
0: mpibind: task  11 nths  3 gpus 11 cpus 45-47
0: mpibind: task  12 nths  3 gpus 12 cpus 49-52
0: mpibind: task  13 nths  3 gpus 13 cpus 53-55,57
0: mpibind: task  14 nths  3 gpus 14 cpus 58-61
0: mpibind: task  15 nths  3 gpus 15 cpus 62-63,65
0: mpibind: task  16 nths  3 gpus 16 cpus 66-68
0: mpibind: task  17 nths  3 gpus 17 cpus 69-71
0: mpibind: task  18 nths  3 gpus 18 cpus 73-76
0: mpibind: task  19 nths  3 gpus 19 cpus 77-79,81
0: mpibind: task  20 nths  3 gpus 20 cpus 82-85
0: mpibind: task  21 nths  3 gpus 21 cpus 86-87,89
0: mpibind: task  22 nths  3 gpus 22 cpus 90-92
0: mpibind: task  23 nths  3 gpus 23 cpus 93-95
0: 0.129s: flux-shell[20]: mpibind: 
0: mpibind: task   0 nths  3 gpus 0 cpus 1-4
0: mpibind: task   1 nths  3 gpus 1 cpus 5-7,9
0: mpibind: task   2 nths  3 gpus 2 cpus 10-13
0: mpibind: task   3 nths  3 gpus 3 cpus 14-15,17
0: mpibind: task   4 nths  3 gpus 4 cpus 18-20
0: mpibind: task   5 nths  3 gpus 5 cpus 21-23
0: mpibind: task   6 nths  3 gpus 6 cpus 25-28
0: mpibind: task   7 nths  3 gpus 7 cpus 29-31,33
0: mpibind: task   8 nths  3 gpus 8 cpus 34-37
0: mpibind: task   9 nths  3 gpus 9 cpus 38-39,41
0: mpibind: task  10 nths  3 gpus 10 cpus 42-44
0: mpibind: task  11 nths  3 gpus 11 cpus 45-47
0: mpibind: task  12 nths  3 gpus 12 cpus 49-52
0: mpibind: task  13 nths  3 gpus 13 cpus 53-55,57
0: mpibind: task  14 nths  3 gpus 14 cpus 58-61
0: mpibind: task  15 nths  3 gpus 15 cpus 62-63,65
0: mpibind: task  16 nths  3 gpus 16 cpus 66-68
0: mpibind: task  17 nths  3 gpus 17 cpus 69-71
0: mpibind: task  18 nths  3 gpus 18 cpus 73-76
0: mpibind: task  19 nths  3 gpus 19 cpus 77-79,81
0: mpibind: task  20 nths  3 gpus 20 cpus 82-85
0: mpibind: task  21 nths  3 gpus 21 cpus 86-87,89
0: mpibind: task  22 nths  3 gpus 22 cpus 90-92
0: mpibind: task  23 nths  3 gpus 23 cpus 93-95
0: 0.138s: flux-shell[21]: mpibind: 
0: mpibind: task   0 nths  3 gpus 0 cpus 1-4
0: mpibind: task   1 nths  3 gpus 1 cpus 5-7,9
0: mpibind: task   2 nths  3 gpus 2 cpus 10-13
0: mpibind: task   3 nths  3 gpus 3 cpus 14-15,17
0: mpibind: task   4 nths  3 gpus 4 cpus 18-20
0: mpibind: task   5 nths  3 gpus 5 cpus 21-23
0: mpibind: task   6 nths  3 gpus 6 cpus 25-28
0: mpibind: task   7 nths  3 gpus 7 cpus 29-31,33
0: mpibind: task   8 nths  3 gpus 8 cpus 34-37
0: mpibind: task   9 nths  3 gpus 9 cpus 38-39,41
0: mpibind: task  10 nths  3 gpus 10 cpus 42-44
0: mpibind: task  11 nths  3 gpus 11 cpus 45-47
0: mpibind: task  12 nths  3 gpus 12 cpus 49-52
0: mpibind: task  13 nths  3 gpus 13 cpus 53-55,57
0: mpibind: task  14 nths  3 gpus 14 cpus 58-61
0: mpibind: task  15 nths  3 gpus 15 cpus 62-63,65
0: mpibind: task  16 nths  3 gpus 16 cpus 66-68
0: mpibind: task  17 nths  3 gpus 17 cpus 69-71
0: mpibind: task  18 nths  3 gpus 18 cpus 73-76
0: mpibind: task  19 nths  3 gpus 19 cpus 77-79,81
0: mpibind: task  20 nths  3 gpus 20 cpus 82-85
0: mpibind: task  21 nths  3 gpus 21 cpus 86-87,89
0: mpibind: task  22 nths  3 gpus 22 cpus 90-92
0: mpibind: task  23 nths  3 gpus 23 cpus 93-95
0: 0.140s: flux-shell[18]: mpibind: 
0: mpibind: task   0 nths  3 gpus 0 cpus 1-4
0: mpibind: task   1 nths  3 gpus 1 cpus 5-7,9
0: mpibind: task   2 nths  3 gpus 2 cpus 10-13
0: mpibind: task   3 nths  3 gpus 3 cpus 14-15,17
0: mpibind: task   4 nths  3 gpus 4 cpus 18-20
0: mpibind: task   5 nths  3 gpus 5 cpus 21-23
0: mpibind: task   6 nths  3 gpus 6 cpus 25-28
0: mpibind: task   7 nths  3 gpus 7 cpus 29-31,33
0: mpibind: task   8 nths  3 gpus 8 cpus 34-37
0: mpibind: task   9 nths  3 gpus 9 cpus 38-39,41
0: mpibind: task  10 nths  3 gpus 10 cpus 42-44
0: mpibind: task  11 nths  3 gpus 11 cpus 45-47
0: mpibind: task  12 nths  3 gpus 12 cpus 49-52
0: mpibind: task  13 nths  3 gpus 13 cpus 53-55,57
0: mpibind: task  14 nths  3 gpus 14 cpus 58-61
0: mpibind: task  15 nths  3 gpus 15 cpus 62-63,65
0: mpibind: task  16 nths  3 gpus 16 cpus 66-68
0: mpibind: task  17 nths  3 gpus 17 cpus 69-71
0: mpibind: task  18 nths  3 gpus 18 cpus 73-76
0: mpibind: task  19 nths  3 gpus 19 cpus 77-79,81
0: mpibind: task  20 nths  3 gpus 20 cpus 82-85
0: mpibind: task  21 nths  3 gpus 21 cpus 86-87,89
0: mpibind: task  22 nths  3 gpus 22 cpus 90-92
0: mpibind: task  23 nths  3 gpus 23 cpus 93-95
0: 0.135s: flux-shell[19]: mpibind: 
0: mpibind: task   0 nths  3 gpus 0 cpus 1-4
0: mpibind: task   1 nths  3 gpus 1 cpus 5-7,9
0: mpibind: task   2 nths  3 gpus 2 cpus 10-13
0: mpibind: task   3 nths  3 gpus 3 cpus 14-15,17
0: mpibind: task   4 nths  3 gpus 4 cpus 18-20
0: mpibind: task   5 nths  3 gpus 5 cpus 21-23
0: mpibind: task   6 nths  3 gpus 6 cpus 25-28
0: mpibind: task   7 nths  3 gpus 7 cpus 29-31,33
0: mpibind: task   8 nths  3 gpus 8 cpus 34-37
0: mpibind: task   9 nths  3 gpus 9 cpus 38-39,41
0: mpibind: task  10 nths  3 gpus 10 cpus 42-44
0: mpibind: task  11 nths  3 gpus 11 cpus 45-47
0: mpibind: task  12 nths  3 gpus 12 cpus 49-52
0: mpibind: task  13 nths  3 gpus 13 cpus 53-55,57
0: mpibind: task  14 nths  3 gpus 14 cpus 58-61
0: mpibind: task  15 nths  3 gpus 15 cpus 62-63,65
0: mpibind: task  16 nths  3 gpus 16 cpus 66-68
0: mpibind: task  17 nths  3 gpus 17 cpus 69-71
0: mpibind: task  18 nths  3 gpus 18 cpus 73-76
0: mpibind: task  19 nths  3 gpus 19 cpus 77-79,81
0: mpibind: task  20 nths  3 gpus 20 cpus 82-85
0: mpibind: task  21 nths  3 gpus 21 cpus 86-87,89
0: mpibind: task  22 nths  3 gpus 22 cpus 90-92
0: mpibind: task  23 nths  3 gpus 23 cpus 93-95
0: jobid: f4VM8me39
0: 0.122s: flux-shell[1]: mpibind: 
0: mpibind: task   0 nths  3 gpus 0 cpus 1-4
0: mpibind: task   1 nths  3 gpus 1 cpus 5-7,9
0: mpibind: task   2 nths  3 gpus 2 cpus 10-13
0: mpibind: task   3 nths  3 gpus 3 cpus 14-15,17
0: mpibind: task   4 nths  3 gpus 4 cpus 18-20
0: mpibind: task   5 nths  3 gpus 5 cpus 21-23
0: mpibind: task   6 nths  3 gpus 6 cpus 25-28
0: mpibind: task   7 nths  3 gpus 7 cpus 29-31,33
0: mpibind: task   8 nths  3 gpus 8 cpus 34-37
0: mpibind: task   9 nths  3 gpus 9 cpus 38-39,41
0: mpibind: task  10 nths  3 gpus 10 cpus 42-44
0: mpibind: task  11 nths  3 gpus 11 cpus 45-47
0: mpibind: task  12 nths  3 gpus 12 cpus 49-52
0: mpibind: task  13 nths  3 gpus 13 cpus 53-55,57
0: mpibind: task  14 nths  3 gpus 14 cpus 58-61
0: mpibind: task  15 nths  3 gpus 15 cpus 62-63,65
0: mpibind: task  16 nths  3 gpus 16 cpus 66-68
0: mpibind: task  17 nths  3 gpus 17 cpus 69-71
0: mpibind: task  18 nths  3 gpus 18 cpus 73-76
0: mpibind: task  19 nths  3 gpus 19 cpus 77-79,81
0: mpibind: task  20 nths  3 gpus 20 cpus 82-85
0: mpibind: task  21 nths  3 gpus 21 cpus 86-87,89
0: mpibind: task  22 nths  3 gpus 22 cpus 90-92
0: mpibind: task  23 nths  3 gpus 23 cpus 93-95
0: 0.110s: flux-shell[0]: mpibind: 
0: mpibind: task   0 nths  3 gpus 0 cpus 1-4
0: mpibind: task   1 nths  3 gpus 1 cpus 5-7,9
0: mpibind: task   2 nths  3 gpus 2 cpus 10-13
0: mpibind: task   3 nths  3 gpus 3 cpus 14-15,17
0: mpibind: task   4 nths  3 gpus 4 cpus 18-20
0: mpibind: task   5 nths  3 gpus 5 cpus 21-23
0: mpibind: task   6 nths  3 gpus 6 cpus 25-28
0: mpibind: task   7 nths  3 gpus 7 cpus 29-31,33
0: mpibind: task   8 nths  3 gpus 8 cpus 34-37
0: mpibind: task   9 nths  3 gpus 9 cpus 38-39,41
0: mpibind: task  10 nths  3 gpus 10 cpus 42-44
0: mpibind: task  11 nths  3 gpus 11 cpus 45-47
0: mpibind: task  12 nths  3 gpus 12 cpus 49-52
0: mpibind: task  13 nths  3 gpus 13 cpus 53-55,57
0: mpibind: task  14 nths  3 gpus 14 cpus 58-61
0: mpibind: task  15 nths  3 gpus 15 cpus 62-63,65
0: mpibind: task  16 nths  3 gpus 16 cpus 66-68
0: mpibind: task  17 nths  3 gpus 17 cpus 69-71
0: mpibind: task  18 nths  3 gpus 18 cpus 73-76
0: mpibind: task  19 nths  3 gpus 19 cpus 77-79,81
0: mpibind: task  20 nths  3 gpus 20 cpus 82-85
0: mpibind: task  21 nths  3 gpus 21 cpus 86-87,89
0: mpibind: task  22 nths  3 gpus 22 cpus 90-92
0: mpibind: task  23 nths  3 gpus 23 cpus 93-95
0: 0.128s: flux-shell[7]: mpibind: 
0: mpibind: task   0 nths  3 gpus 0 cpus 1-4
0: mpibind: task   1 nths  3 gpus 1 cpus 5-7,9
0: mpibind: task   2 nths  3 gpus 2 cpus 10-13
0: mpibind: task   3 nths  3 gpus 3 cpus 14-15,17
0: mpibind: task   4 nths  3 gpus 4 cpus 18-20
0: mpibind: task   5 nths  3 gpus 5 cpus 21-23
0: mpibind: task   6 nths  3 gpus 6 cpus 25-28
0: mpibind: task   7 nths  3 gpus 7 cpus 29-31,33
0: mpibind: task   8 nths  3 gpus 8 cpus 34-37
0: mpibind: task   9 nths  3 gpus 9 cpus 38-39,41
0: mpibind: task  10 nths  3 gpus 10 cpus 42-44
0: mpibind: task  11 nths  3 gpus 11 cpus 45-47
0: mpibind: task  12 nths  3 gpus 12 cpus 49-52
0: mpibind: task  13 nths  3 gpus 13 cpus 53-55,57
0: mpibind: task  14 nths  3 gpus 14 cpus 58-61
0: mpibind: task  15 nths  3 gpus 15 cpus 62-63,65
0: mpibind: task  16 nths  3 gpus 16 cpus 66-68
0: mpibind: task  17 nths  3 gpus 17 cpus 69-71
0: mpibind: task  18 nths  3 gpus 18 cpus 73-76
0: mpibind: task  19 nths  3 gpus 19 cpus 77-79,81
0: mpibind: task  20 nths  3 gpus 20 cpus 82-85
0: mpibind: task  21 nths  3 gpus 21 cpus 86-87,89
0: mpibind: task  22 nths  3 gpus 22 cpus 90-92
0: mpibind: task  23 nths  3 gpus 23 cpus 93-95
0: 0.120s: flux-shell[11]: mpibind: 
0: mpibind: task   0 nths  3 gpus 0 cpus 1-4
0: mpibind: task   1 nths  3 gpus 1 cpus 5-7,9
0: mpibind: task   2 nths  3 gpus 2 cpus 10-13
0: mpibind: task   3 nths  3 gpus 3 cpus 14-15,17
0: mpibind: task   4 nths  3 gpus 4 cpus 18-20
0: mpibind: task   5 nths  3 gpus 5 cpus 21-23
0: mpibind: task   6 nths  3 gpus 6 cpus 25-28
0: mpibind: task   7 nths  3 gpus 7 cpus 29-31,33
0: mpibind: task   8 nths  3 gpus 8 cpus 34-37
0: mpibind: task   9 nths  3 gpus 9 cpus 38-39,41
0: mpibind: task  10 nths  3 gpus 10 cpus 42-44
0: mpibind: task  11 nths  3 gpus 11 cpus 45-47
0: mpibind: task  12 nths  3 gpus 12 cpus 49-52
0: mpibind: task  13 nths  3 gpus 13 cpus 53-55,57
0: mpibind: task  14 nths  3 gpus 14 cpus 58-61
0: mpibind: task  15 nths  3 gpus 15 cpus 62-63,65
0: mpibind: task  16 nths  3 gpus 16 cpus 66-68
0: mpibind: task  17 nths  3 gpus 17 cpus 69-71
0: mpibind: task  18 nths  3 gpus 18 cpus 73-76
0: mpibind: task  19 nths  3 gpus 19 cpus 77-79,81
0: mpibind: task  20 nths  3 gpus 20 cpus 82-85
0: mpibind: task  21 nths  3 gpus 21 cpus 86-87,89
0: mpibind: task  22 nths  3 gpus 22 cpus 90-92
0: mpibind: task  23 nths  3 gpus 23 cpus 93-95
0: 0.122s: flux-shell[16]: mpibind: 
0: mpibind: task   0 nths  3 gpus 0 cpus 1-4
0: mpibind: task   1 nths  3 gpus 1 cpus 5-7,9
0: mpibind: task   2 nths  3 gpus 2 cpus 10-13
0: mpibind: task   3 nths  3 gpus 3 cpus 14-15,17
0: mpibind: task   4 nths  3 gpus 4 cpus 18-20
0: mpibind: task   5 nths  3 gpus 5 cpus 21-23
0: mpibind: task   6 nths  3 gpus 6 cpus 25-28
0: mpibind: task   7 nths  3 gpus 7 cpus 29-31,33
0: mpibind: task   8 nths  3 gpus 8 cpus 34-37
0: mpibind: task   9 nths  3 gpus 9 cpus 38-39,41
0: mpibind: task  10 nths  3 gpus 10 cpus 42-44
0: mpibind: task  11 nths  3 gpus 11 cpus 45-47
0: mpibind: task  12 nths  3 gpus 12 cpus 49-52
0: mpibind: task  13 nths  3 gpus 13 cpus 53-55,57
0: mpibind: task  14 nths  3 gpus 14 cpus 58-61
0: mpibind: task  15 nths  3 gpus 15 cpus 62-63,65
0: mpibind: task  16 nths  3 gpus 16 cpus 66-68
0: mpibind: task  17 nths  3 gpus 17 cpus 69-71
0: mpibind: task  18 nths  3 gpus 18 cpus 73-76
0: mpibind: task  19 nths  3 gpus 19 cpus 77-79,81
0: mpibind: task  20 nths  3 gpus 20 cpus 82-85
0: mpibind: task  21 nths  3 gpus 21 cpus 86-87,89
0: mpibind: task  22 nths  3 gpus 22 cpus 90-92
0: mpibind: task  23 nths  3 gpus 23 cpus 93-95
0: 0.132s: flux-shell[15]: mpibind: 
0: mpibind: task   0 nths  3 gpus 0 cpus 1-4
0: mpibind: task   1 nths  3 gpus 1 cpus 5-7,9
0: mpibind: task   2 nths  3 gpus 2 cpus 10-13
0: mpibind: task   3 nths  3 gpus 3 cpus 14-15,17
0: mpibind: task   4 nths  3 gpus 4 cpus 18-20
0: mpibind: task   5 nths  3 gpus 5 cpus 21-23
0: mpibind: task   6 nths  3 gpus 6 cpus 25-28
0: mpibind: task   7 nths  3 gpus 7 cpus 29-31,33
0: mpibind: task   8 nths  3 gpus 8 cpus 34-37
0: mpibind: task   9 nths  3 gpus 9 cpus 38-39,41
0: mpibind: task  10 nths  3 gpus 10 cpus 42-44
0: mpibind: task  11 nths  3 gpus 11 cpus 45-47
0: mpibind: task  12 nths  3 gpus 12 cpus 49-52
0: mpibind: task  13 nths  3 gpus 13 cpus 53-55,57
0: mpibind: task  14 nths  3 gpus 14 cpus 58-61
0: mpibind: task  15 nths  3 gpus 15 cpus 62-63,65
0: mpibind: task  16 nths  3 gpus 16 cpus 66-68
0: mpibind: task  17 nths  3 gpus 17 cpus 69-71
0: mpibind: task  18 nths  3 gpus 18 cpus 73-76
0: mpibind: task  19 nths  3 gpus 19 cpus 77-79,81
0: mpibind: task  20 nths  3 gpus 20 cpus 82-85
0: mpibind: task  21 nths  3 gpus 21 cpus 86-87,89
0: mpibind: task  22 nths  3 gpus 22 cpus 90-92
0: mpibind: task  23 nths  3 gpus 23 cpus 93-95
0: 0.126s: flux-shell[2]: mpibind: 
0: mpibind: task   0 nths  3 gpus 0 cpus 1-4
0: mpibind: task   1 nths  3 gpus 1 cpus 5-7,9
0: mpibind: task   2 nths  3 gpus 2 cpus 10-13
0: mpibind: task   3 nths  3 gpus 3 cpus 14-15,17
0: mpibind: task   4 nths  3 gpus 4 cpus 18-20
0: mpibind: task   5 nths  3 gpus 5 cpus 21-23
0: mpibind: task   6 nths  3 gpus 6 cpus 25-28
0: mpibind: task   7 nths  3 gpus 7 cpus 29-31,33
0: mpibind: task   8 nths  3 gpus 8 cpus 34-37
0: mpibind: task   9 nths  3 gpus 9 cpus 38-39,41
0: mpibind: task  10 nths  3 gpus 10 cpus 42-44
0: mpibind: task  11 nths  3 gpus 11 cpus 45-47
0: mpibind: task  12 nths  3 gpus 12 cpus 49-52
0: mpibind: task  13 nths  3 gpus 13 cpus 53-55,57
0: mpibind: task  14 nths  3 gpus 14 cpus 58-61
0: mpibind: task  15 nths  3 gpus 15 cpus 62-63,65
0: mpibind: task  16 nths  3 gpus 16 cpus 66-68
0: mpibind: task  17 nths  3 gpus 17 cpus 69-71
0: mpibind: task  18 nths  3 gpus 18 cpus 73-76
0: mpibind: task  19 nths  3 gpus 19 cpus 77-79,81
0: mpibind: task  20 nths  3 gpus 20 cpus 82-85
0: mpibind: task  21 nths  3 gpus 21 cpus 86-87,89
0: mpibind: task  22 nths  3 gpus 22 cpus 90-92
0: mpibind: task  23 nths  3 gpus 23 cpus 93-95
0: 0.125s: flux-shell[3]: mpibind: 
0: mpibind: task   0 nths  3 gpus 0 cpus 1-4
0: mpibind: task   1 nths  3 gpus 1 cpus 5-7,9
0: mpibind: task   2 nths  3 gpus 2 cpus 10-13
0: mpibind: task   3 nths  3 gpus 3 cpus 14-15,17
0: mpibind: task   4 nths  3 gpus 4 cpus 18-20
0: mpibind: task   5 nths  3 gpus 5 cpus 21-23
0: mpibind: task   6 nths  3 gpus 6 cpus 25-28
0: mpibind: task   7 nths  3 gpus 7 cpus 29-31,33
0: mpibind: task   8 nths  3 gpus 8 cpus 34-37
0: mpibind: task   9 nths  3 gpus 9 cpus 38-39,41
0: mpibind: task  10 nths  3 gpus 10 cpus 42-44
0: mpibind: task  11 nths  3 gpus 11 cpus 45-47
0: mpibind: task  12 nths  3 gpus 12 cpus 49-52
0: mpibind: task  13 nths  3 gpus 13 cpus 53-55,57
0: mpibind: task  14 nths  3 gpus 14 cpus 58-61
0: mpibind: task  15 nths  3 gpus 15 cpus 62-63,65
0: mpibind: task  16 nths  3 gpus 16 cpus 66-68
0: mpibind: task  17 nths  3 gpus 17 cpus 69-71
0: mpibind: task  18 nths  3 gpus 18 cpus 73-76
0: mpibind: task  19 nths  3 gpus 19 cpus 77-79,81
0: mpibind: task  20 nths  3 gpus 20 cpus 82-85
0: mpibind: task  21 nths  3 gpus 21 cpus 86-87,89
0: mpibind: task  22 nths  3 gpus 22 cpus 90-92
0: mpibind: task  23 nths  3 gpus 23 cpus 93-95
0: 0.117s: flux-shell[4]: mpibind: 
0: mpibind: task   0 nths  3 gpus 0 cpus 1-4
0: mpibind: task   1 nths  3 gpus 1 cpus 5-7,9
0: mpibind: task   2 nths  3 gpus 2 cpus 10-13
0: mpibind: task   3 nths  3 gpus 3 cpus 14-15,17
0: mpibind: task   4 nths  3 gpus 4 cpus 18-20
0: mpibind: task   5 nths  3 gpus 5 cpus 21-23
0: mpibind: task   6 nths  3 gpus 6 cpus 25-28
0: mpibind: task   7 nths  3 gpus 7 cpus 29-31,33
0: mpibind: task   8 nths  3 gpus 8 cpus 34-37
0: mpibind: task   9 nths  3 gpus 9 cpus 38-39,41
0: mpibind: task  10 nths  3 gpus 10 cpus 42-44
0: mpibind: task  11 nths  3 gpus 11 cpus 45-47
0: mpibind: task  12 nths  3 gpus 12 cpus 49-52
0: mpibind: task  13 nths  3 gpus 13 cpus 53-55,57
0: mpibind: task  14 nths  3 gpus 14 cpus 58-61
0: mpibind: task  15 nths  3 gpus 15 cpus 62-63,65
0: mpibind: task  16 nths  3 gpus 16 cpus 66-68
0: mpibind: task  17 nths  3 gpus 17 cpus 69-71
0: mpibind: task  18 nths  3 gpus 18 cpus 73-76
0: mpibind: task  19 nths  3 gpus 19 cpus 77-79,81
0: mpibind: task  20 nths  3 gpus 20 cpus 82-85
0: mpibind: task  21 nths  3 gpus 21 cpus 86-87,89
0: mpibind: task  22 nths  3 gpus 22 cpus 90-92
0: mpibind: task  23 nths  3 gpus 23 cpus 93-95
0: 0.129s: flux-shell[5]: mpibind: 
0: mpibind: task   0 nths  3 gpus 0 cpus 1-4
0: mpibind: task   1 nths  3 gpus 1 cpus 5-7,9
0: mpibind: task   2 nths  3 gpus 2 cpus 10-13
0: mpibind: task   3 nths  3 gpus 3 cpus 14-15,17
0: mpibind: task   4 nths  3 gpus 4 cpus 18-20
0: mpibind: task   5 nths  3 gpus 5 cpus 21-23
0: mpibind: task   6 nths  3 gpus 6 cpus 25-28
0: mpibind: task   7 nths  3 gpus 7 cpus 29-31,33
0: mpibind: task   8 nths  3 gpus 8 cpus 34-37
0: mpibind: task   9 nths  3 gpus 9 cpus 38-39,41
0: mpibind: task  10 nths  3 gpus 10 cpus 42-44
0: mpibind: task  11 nths  3 gpus 11 cpus 45-47
0: mpibind: task  12 nths  3 gpus 12 cpus 49-52
0: mpibind: task  13 nths  3 gpus 13 cpus 53-55,57
0: mpibind: task  14 nths  3 gpus 14 cpus 58-61
0: mpibind: task  15 nths  3 gpus 15 cpus 62-63,65
0: mpibind: task  16 nths  3 gpus 16 cpus 66-68
0: mpibind: task  17 nths  3 gpus 17 cpus 69-71
0: mpibind: task  18 nths  3 gpus 18 cpus 73-76
0: mpibind: task  19 nths  3 gpus 19 cpus 77-79,81
0: mpibind: task  20 nths  3 gpus 20 cpus 82-85
0: mpibind: task  21 nths  3 gpus 21 cpus 86-87,89
0: mpibind: task  22 nths  3 gpus 22 cpus 90-92
0: mpibind: task  23 nths  3 gpus 23 cpus 93-95
0: 0.122s: flux-shell[6]: mpibind: 
0: mpibind: task   0 nths  3 gpus 0 cpus 1-4
0: mpibind: task   1 nths  3 gpus 1 cpus 5-7,9
0: mpibind: task   2 nths  3 gpus 2 cpus 10-13
0: mpibind: task   3 nths  3 gpus 3 cpus 14-15,17
0: mpibind: task   4 nths  3 gpus 4 cpus 18-20
0: mpibind: task   5 nths  3 gpus 5 cpus 21-23
0: mpibind: task   6 nths  3 gpus 6 cpus 25-28
0: mpibind: task   7 nths  3 gpus 7 cpus 29-31,33
0: mpibind: task   8 nths  3 gpus 8 cpus 34-37
0: mpibind: task   9 nths  3 gpus 9 cpus 38-39,41
0: mpibind: task  10 nths  3 gpus 10 cpus 42-44
0: mpibind: task  11 nths  3 gpus 11 cpus 45-47
0: mpibind: task  12 nths  3 gpus 12 cpus 49-52
0: mpibind: task  13 nths  3 gpus 13 cpus 53-55,57
0: mpibind: task  14 nths  3 gpus 14 cpus 58-61
0: mpibind: task  15 nths  3 gpus 15 cpus 62-63,65
0: mpibind: task  16 nths  3 gpus 16 cpus 66-68
0: mpibind: task  17 nths  3 gpus 17 cpus 69-71
0: mpibind: task  18 nths  3 gpus 18 cpus 73-76
0: mpibind: task  19 nths  3 gpus 19 cpus 77-79,81
0: mpibind: task  20 nths  3 gpus 20 cpus 82-85
0: mpibind: task  21 nths  3 gpus 21 cpus 86-87,89
0: mpibind: task  22 nths  3 gpus 22 cpus 90-92
0: mpibind: task  23 nths  3 gpus 23 cpus 93-95
0: 0.128s: flux-shell[8]: mpibind: 
0: mpibind: task   0 nths  3 gpus 0 cpus 1-4
0: mpibind: task   1 nths  3 gpus 1 cpus 5-7,9
0: mpibind: task   2 nths  3 gpus 2 cpus 10-13
0: mpibind: task   3 nths  3 gpus 3 cpus 14-15,17
0: mpibind: task   4 nths  3 gpus 4 cpus 18-20
0: mpibind: task   5 nths  3 gpus 5 cpus 21-23
0: mpibind: task   6 nths  3 gpus 6 cpus 25-28
0: mpibind: task   7 nths  3 gpus 7 cpus 29-31,33
0: mpibind: task   8 nths  3 gpus 8 cpus 34-37
0: mpibind: task   9 nths  3 gpus 9 cpus 38-39,41
0: mpibind: task  10 nths  3 gpus 10 cpus 42-44
0: mpibind: task  11 nths  3 gpus 11 cpus 45-47
0: mpibind: task  12 nths  3 gpus 12 cpus 49-52
0: mpibind: task  13 nths  3 gpus 13 cpus 53-55,57
0: mpibind: task  14 nths  3 gpus 14 cpus 58-61
0: mpibind: task  15 nths  3 gpus 15 cpus 62-63,65
0: mpibind: task  16 nths  3 gpus 16 cpus 66-68
0: mpibind: task  17 nths  3 gpus 17 cpus 69-71
0: mpibind: task  18 nths  3 gpus 18 cpus 73-76
0: mpibind: task  19 nths  3 gpus 19 cpus 77-79,81
0: mpibind: task  20 nths  3 gpus 20 cpus 82-85
0: mpibind: task  21 nths  3 gpus 21 cpus 86-87,89
0: mpibind: task  22 nths  3 gpus 22 cpus 90-92
0: mpibind: task  23 nths  3 gpus 23 cpus 93-95
0: 0.130s: flux-shell[9]: mpibind: 
0: mpibind: task   0 nths  3 gpus 0 cpus 1-4
0: mpibind: task   1 nths  3 gpus 1 cpus 5-7,9
0: mpibind: task   2 nths  3 gpus 2 cpus 10-13
0: mpibind: task   3 nths  3 gpus 3 cpus 14-15,17
0: mpibind: task   4 nths  3 gpus 4 cpus 18-20
0: mpibind: task   5 nths  3 gpus 5 cpus 21-23
0: mpibind: task   6 nths  3 gpus 6 cpus 25-28
0: mpibind: task   7 nths  3 gpus 7 cpus 29-31,33
0: mpibind: task   8 nths  3 gpus 8 cpus 34-37
0: mpibind: task   9 nths  3 gpus 9 cpus 38-39,41
0: mpibind: task  10 nths  3 gpus 10 cpus 42-44
0: mpibind: task  11 nths  3 gpus 11 cpus 45-47
0: mpibind: task  12 nths  3 gpus 12 cpus 49-52
0: mpibind: task  13 nths  3 gpus 13 cpus 53-55,57
0: mpibind: task  14 nths  3 gpus 14 cpus 58-61
0: mpibind: task  15 nths  3 gpus 15 cpus 62-63,65
0: mpibind: task  16 nths  3 gpus 16 cpus 66-68
0: mpibind: task  17 nths  3 gpus 17 cpus 69-71
0: mpibind: task  18 nths  3 gpus 18 cpus 73-76
0: mpibind: task  19 nths  3 gpus 19 cpus 77-79,81
0: mpibind: task  20 nths  3 gpus 20 cpus 82-85
0: mpibind: task  21 nths  3 gpus 21 cpus 86-87,89
0: mpibind: task  22 nths  3 gpus 22 cpus 90-92
0: mpibind: task  23 nths  3 gpus 23 cpus 93-95
0: 0.129s: flux-shell[10]: mpibind: 
0: mpibind: task   0 nths  3 gpus 0 cpus 1-4
0: mpibind: task   1 nths  3 gpus 1 cpus 5-7,9
0: mpibind: task   2 nths  3 gpus 2 cpus 10-13
0: mpibind: task   3 nths  3 gpus 3 cpus 14-15,17
0: mpibind: task   4 nths  3 gpus 4 cpus 18-20
0: mpibind: task   5 nths  3 gpus 5 cpus 21-23
0: mpibind: task   6 nths  3 gpus 6 cpus 25-28
0: mpibind: task   7 nths  3 gpus 7 cpus 29-31,33
0: mpibind: task   8 nths  3 gpus 8 cpus 34-37
0: mpibind: task   9 nths  3 gpus 9 cpus 38-39,41
0: mpibind: task  10 nths  3 gpus 10 cpus 42-44
0: mpibind: task  11 nths  3 gpus 11 cpus 45-47
0: mpibind: task  12 nths  3 gpus 12 cpus 49-52
0: mpibind: task  13 nths  3 gpus 13 cpus 53-55,57
0: mpibind: task  14 nths  3 gpus 14 cpus 58-61
0: mpibind: task  15 nths  3 gpus 15 cpus 62-63,65
0: mpibind: task  16 nths  3 gpus 16 cpus 66-68
0: mpibind: task  17 nths  3 gpus 17 cpus 69-71
0: mpibind: task  18 nths  3 gpus 18 cpus 73-76
0: mpibind: task  19 nths  3 gpus 19 cpus 77-79,81
0: mpibind: task  20 nths  3 gpus 20 cpus 82-85
0: mpibind: task  21 nths  3 gpus 21 cpus 86-87,89
0: mpibind: task  22 nths  3 gpus 22 cpus 90-92
0: mpibind: task  23 nths  3 gpus 23 cpus 93-95
0: 0.129s: flux-shell[12]: mpibind: 
0: mpibind: task   0 nths  3 gpus 0 cpus 1-4
0: mpibind: task   1 nths  3 gpus 1 cpus 5-7,9
0: mpibind: task   2 nths  3 gpus 2 cpus 10-13
0: mpibind: task   3 nths  3 gpus 3 cpus 14-15,17
0: mpibind: task   4 nths  3 gpus 4 cpus 18-20
0: mpibind: task   5 nths  3 gpus 5 cpus 21-23
0: mpibind: task   6 nths  3 gpus 6 cpus 25-28
0: mpibind: task   7 nths  3 gpus 7 cpus 29-31,33
0: mpibind: task   8 nths  3 gpus 8 cpus 34-37
0: mpibind: task   9 nths  3 gpus 9 cpus 38-39,41
0: mpibind: task  10 nths  3 gpus 10 cpus 42-44
0: mpibind: task  11 nths  3 gpus 11 cpus 45-47
0: mpibind: task  12 nths  3 gpus 12 cpus 49-52
0: mpibind: task  13 nths  3 gpus 13 cpus 53-55,57
0: mpibind: task  14 nths  3 gpus 14 cpus 58-61
0: mpibind: task  15 nths  3 gpus 15 cpus 62-63,65
0: mpibind: task  16 nths  3 gpus 16 cpus 66-68
0: mpibind: task  17 nths  3 gpus 17 cpus 69-71
0: mpibind: task  18 nths  3 gpus 18 cpus 73-76
0: mpibind: task  19 nths  3 gpus 19 cpus 77-79,81
0: mpibind: task  20 nths  3 gpus 20 cpus 82-85
0: mpibind: task  21 nths  3 gpus 21 cpus 86-87,89
0: mpibind: task  22 nths  3 gpus 22 cpus 90-92
0: mpibind: task  23 nths  3 gpus 23 cpus 93-95
0: 0.129s: flux-shell[13]: mpibind: 
0: mpibind: task   0 nths  3 gpus 0 cpus 1-4
0: mpibind: task   1 nths  3 gpus 1 cpus 5-7,9
0: mpibind: task   2 nths  3 gpus 2 cpus 10-13
0: mpibind: task   3 nths  3 gpus 3 cpus 14-15,17
0: mpibind: task   4 nths  3 gpus 4 cpus 18-20
0: mpibind: task   5 nths  3 gpus 5 cpus 21-23
0: mpibind: task   6 nths  3 gpus 6 cpus 25-28
0: mpibind: task   7 nths  3 gpus 7 cpus 29-31,33
0: mpibind: task   8 nths  3 gpus 8 cpus 34-37
0: mpibind: task   9 nths  3 gpus 9 cpus 38-39,41
0: mpibind: task  10 nths  3 gpus 10 cpus 42-44
0: mpibind: task  11 nths  3 gpus 11 cpus 45-47
0: mpibind: task  12 nths  3 gpus 12 cpus 49-52
0: mpibind: task  13 nths  3 gpus 13 cpus 53-55,57
0: mpibind: task  14 nths  3 gpus 14 cpus 58-61
0: mpibind: task  15 nths  3 gpus 15 cpus 62-63,65
0: mpibind: task  16 nths  3 gpus 16 cpus 66-68
0: mpibind: task  17 nths  3 gpus 17 cpus 69-71
0: mpibind: task  18 nths  3 gpus 18 cpus 73-76
0: mpibind: task  19 nths  3 gpus 19 cpus 77-79,81
0: mpibind: task  20 nths  3 gpus 20 cpus 82-85
0: mpibind: task  21 nths  3 gpus 21 cpus 86-87,89
0: mpibind: task  22 nths  3 gpus 22 cpus 90-92
0: mpibind: task  23 nths  3 gpus 23 cpus 93-95
0: 0.133s: flux-shell[14]: mpibind: 
0: mpibind: task   0 nths  3 gpus 0 cpus 1-4
0: mpibind: task   1 nths  3 gpus 1 cpus 5-7,9
0: mpibind: task   2 nths  3 gpus 2 cpus 10-13
0: mpibind: task   3 nths  3 gpus 3 cpus 14-15,17
0: mpibind: task   4 nths  3 gpus 4 cpus 18-20
0: mpibind: task   5 nths  3 gpus 5 cpus 21-23
0: mpibind: task   6 nths  3 gpus 6 cpus 25-28
0: mpibind: task   7 nths  3 gpus 7 cpus 29-31,33
0: mpibind: task   8 nths  3 gpus 8 cpus 34-37
0: mpibind: task   9 nths  3 gpus 9 cpus 38-39,41
0: mpibind: task  10 nths  3 gpus 10 cpus 42-44
0: mpibind: task  11 nths  3 gpus 11 cpus 45-47
0: mpibind: task  12 nths  3 gpus 12 cpus 49-52
0: mpibind: task  13 nths  3 gpus 13 cpus 53-55,57
0: mpibind: task  14 nths  3 gpus 14 cpus 58-61
0: mpibind: task  15 nths  3 gpus 15 cpus 62-63,65
0: mpibind: task  16 nths  3 gpus 16 cpus 66-68
0: mpibind: task  17 nths  3 gpus 17 cpus 69-71
0: mpibind: task  18 nths  3 gpus 18 cpus 73-76
0: mpibind: task  19 nths  3 gpus 19 cpus 77-79,81
0: mpibind: task  20 nths  3 gpus 20 cpus 82-85
0: mpibind: task  21 nths  3 gpus 21 cpus 86-87,89
0: mpibind: task  22 nths  3 gpus 22 cpus 90-92
0: mpibind: task  23 nths  3 gpus 23 cpus 93-95
0: 0.138s: flux-shell[22]: mpibind: 
0: mpibind: task   0 nths  3 gpus 0 cpus 1-4
0: mpibind: task   1 nths  3 gpus 1 cpus 5-7,9
0: mpibind: task   2 nths  3 gpus 2 cpus 10-13
0: mpibind: task   3 nths  3 gpus 3 cpus 14-15,17
0: mpibind: task   4 nths  3 gpus 4 cpus 18-20
0: mpibind: task   5 nths  3 gpus 5 cpus 21-23
0: mpibind: task   6 nths  3 gpus 6 cpus 25-28
0: mpibind: task   7 nths  3 gpus 7 cpus 29-31,33
0: mpibind: task   8 nths  3 gpus 8 cpus 34-37
0: mpibind: task   9 nths  3 gpus 9 cpus 38-39,41
0: mpibind: task  10 nths  3 gpus 10 cpus 42-44
0: mpibind: task  11 nths  3 gpus 11 cpus 45-47
0: mpibind: task  12 nths  3 gpus 12 cpus 49-52
0: mpibind: task  13 nths  3 gpus 13 cpus 53-55,57
0: mpibind: task  14 nths  3 gpus 14 cpus 58-61
0: mpibind: task  15 nths  3 gpus 15 cpus 62-63,65
0: mpibind: task  16 nths  3 gpus 16 cpus 66-68
0: mpibind: task  17 nths  3 gpus 17 cpus 69-71
0: mpibind: task  18 nths  3 gpus 18 cpus 73-76
0: mpibind: task  19 nths  3 gpus 19 cpus 77-79,81
0: mpibind: task  20 nths  3 gpus 20 cpus 82-85
0: mpibind: task  21 nths  3 gpus 21 cpus 86-87,89
0: mpibind: task  22 nths  3 gpus 22 cpus 90-92
0: mpibind: task  23 nths  3 gpus 23 cpus 93-95
0: 0.128s: flux-shell[23]: mpibind: 
0: mpibind: task   0 nths  3 gpus 0 cpus 1-4
0: mpibind: task   1 nths  3 gpus 1 cpus 5-7,9
0: mpibind: task   2 nths  3 gpus 2 cpus 10-13
0: mpibind: task   3 nths  3 gpus 3 cpus 14-15,17
0: mpibind: task   4 nths  3 gpus 4 cpus 18-20
0: mpibind: task   5 nths  3 gpus 5 cpus 21-23
0: mpibind: task   6 nths  3 gpus 6 cpus 25-28
0: mpibind: task   7 nths  3 gpus 7 cpus 29-31,33
0: mpibind: task   8 nths  3 gpus 8 cpus 34-37
0: mpibind: task   9 nths  3 gpus 9 cpus 38-39,41
0: mpibind: task  10 nths  3 gpus 10 cpus 42-44
0: mpibind: task  11 nths  3 gpus 11 cpus 45-47
0: mpibind: task  12 nths  3 gpus 12 cpus 49-52
0: mpibind: task  13 nths  3 gpus 13 cpus 53-55,57
0: mpibind: task  14 nths  3 gpus 14 cpus 58-61
0: mpibind: task  15 nths  3 gpus 15 cpus 62-63,65
0: mpibind: task  16 nths  3 gpus 16 cpus 66-68
0: mpibind: task  17 nths  3 gpus 17 cpus 69-71
0: mpibind: task  18 nths  3 gpus 18 cpus 73-76
0: mpibind: task  19 nths  3 gpus 19 cpus 77-79,81
0: mpibind: task  20 nths  3 gpus 20 cpus 82-85
0: mpibind: task  21 nths  3 gpus 21 cpus 86-87,89
0: mpibind: task  22 nths  3 gpus 22 cpus 90-92
0: mpibind: task  23 nths  3 gpus 23 cpus 93-95
0: 0.133s: flux-shell[24]: mpibind: 
0: mpibind: task   0 nths  3 gpus 0 cpus 1-4
0: mpibind: task   1 nths  3 gpus 1 cpus 5-7,9
0: mpibind: task   2 nths  3 gpus 2 cpus 10-13
0: mpibind: task   3 nths  3 gpus 3 cpus 14-15,17
0: mpibind: task   4 nths  3 gpus 4 cpus 18-20
0: mpibind: task   5 nths  3 gpus 5 cpus 21-23
0: mpibind: task   6 nths  3 gpus 6 cpus 25-28
0: mpibind: task   7 nths  3 gpus 7 cpus 29-31,33
0: mpibind: task   8 nths  3 gpus 8 cpus 34-37
0: mpibind: task   9 nths  3 gpus 9 cpus 38-39,41
0: mpibind: task  10 nths  3 gpus 10 cpus 42-44
0: mpibind: task  11 nths  3 gpus 11 cpus 45-47
0: mpibind: task  12 nths  3 gpus 12 cpus 49-52
0: mpibind: task  13 nths  3 gpus 13 cpus 53-55,57
0: mpibind: task  14 nths  3 gpus 14 cpus 58-61
0: mpibind: task  15 nths  3 gpus 15 cpus 62-63,65
0: mpibind: task  16 nths  3 gpus 16 cpus 66-68
0: mpibind: task  17 nths  3 gpus 17 cpus 69-71
0: mpibind: task  18 nths  3 gpus 18 cpus 73-76
0: mpibind: task  19 nths  3 gpus 19 cpus 77-79,81
0: mpibind: task  20 nths  3 gpus 20 cpus 82-85
0: mpibind: task  21 nths  3 gpus 21 cpus 86-87,89
0: mpibind: task  22 nths  3 gpus 22 cpus 90-92
0: mpibind: task  23 nths  3 gpus 23 cpus 93-95
0: 0.137s: flux-shell[25]: mpibind: 
0: mpibind: task   0 nths  3 gpus 0 cpus 1-4
0: mpibind: task   1 nths  3 gpus 1 cpus 5-7,9
0: mpibind: task   2 nths  3 gpus 2 cpus 10-13
0: mpibind: task   3 nths  3 gpus 3 cpus 14-15,17
0: mpibind: task   4 nths  3 gpus 4 cpus 18-20
0: mpibind: task   5 nths  3 gpus 5 cpus 21-23
0: mpibind: task   6 nths  3 gpus 6 cpus 25-28
0: mpibind: task   7 nths  3 gpus 7 cpus 29-31,33
0: mpibind: task   8 nths  3 gpus 8 cpus 34-37
0: mpibind: task   9 nths  3 gpus 9 cpus 38-39,41
0: mpibind: task  10 nths  3 gpus 10 cpus 42-44
0: mpibind: task  11 nths  3 gpus 11 cpus 45-47
0: mpibind: task  12 nths  3 gpus 12 cpus 49-52
0: mpibind: task  13 nths  3 gpus 13 cpus 53-55,57
0: mpibind: task  14 nths  3 gpus 14 cpus 58-61
0: mpibind: task  15 nths  3 gpus 15 cpus 62-63,65
0: mpibind: task  16 nths  3 gpus 16 cpus 66-68
0: mpibind: task  17 nths  3 gpus 17 cpus 69-71
0: mpibind: task  18 nths  3 gpus 18 cpus 73-76
0: mpibind: task  19 nths  3 gpus 19 cpus 77-79,81
0: mpibind: task  20 nths  3 gpus 20 cpus 82-85
0: mpibind: task  21 nths  3 gpus 21 cpus 86-87,89
0: mpibind: task  22 nths  3 gpus 22 cpus 90-92
0: mpibind: task  23 nths  3 gpus 23 cpus 93-95
0: 0.140s: flux-shell[26]: mpibind: 
0: mpibind: task   0 nths  3 gpus 0 cpus 1-4
0: mpibind: task   1 nths  3 gpus 1 cpus 5-7,9
0: mpibind: task   2 nths  3 gpus 2 cpus 10-13
0: mpibind: task   3 nths  3 gpus 3 cpus 14-15,17
0: mpibind: task   4 nths  3 gpus 4 cpus 18-20
0: mpibind: task   5 nths  3 gpus 5 cpus 21-23
0: mpibind: task   6 nths  3 gpus 6 cpus 25-28
0: mpibind: task   7 nths  3 gpus 7 cpus 29-31,33
0: mpibind: task   8 nths  3 gpus 8 cpus 34-37
0: mpibind: task   9 nths  3 gpus 9 cpus 38-39,41
0: mpibind: task  10 nths  3 gpus 10 cpus 42-44
0: mpibind: task  11 nths  3 gpus 11 cpus 45-47
0: mpibind: task  12 nths  3 gpus 12 cpus 49-52
0: mpibind: task  13 nths  3 gpus 13 cpus 53-55,57
0: mpibind: task  14 nths  3 gpus 14 cpus 58-61
0: mpibind: task  15 nths  3 gpus 15 cpus 62-63,65
0: mpibind: task  16 nths  3 gpus 16 cpus 66-68
0: mpibind: task  17 nths  3 gpus 17 cpus 69-71
0: mpibind: task  18 nths  3 gpus 18 cpus 73-76
0: mpibind: task  19 nths  3 gpus 19 cpus 77-79,81
0: mpibind: task  20 nths  3 gpus 20 cpus 82-85
0: mpibind: task  21 nths  3 gpus 21 cpus 86-87,89
0: mpibind: task  22 nths  3 gpus 22 cpus 90-92
0: mpibind: task  23 nths  3 gpus 23 cpus 93-95
0: 0.136s: flux-shell[27]: mpibind: 
0: mpibind: task   0 nths  3 gpus 0 cpus 1-4
0: mpibind: task   1 nths  3 gpus 1 cpus 5-7,9
0: mpibind: task   2 nths  3 gpus 2 cpus 10-13
0: mpibind: task   3 nths  3 gpus 3 cpus 14-15,17
0: mpibind: task   4 nths  3 gpus 4 cpus 18-20
0: mpibind: task   5 nths  3 gpus 5 cpus 21-23
0: mpibind: task   6 nths  3 gpus 6 cpus 25-28
0: mpibind: task   7 nths  3 gpus 7 cpus 29-31,33
0: mpibind: task   8 nths  3 gpus 8 cpus 34-37
0: mpibind: task   9 nths  3 gpus 9 cpus 38-39,41
0: mpibind: task  10 nths  3 gpus 10 cpus 42-44
0: mpibind: task  11 nths  3 gpus 11 cpus 45-47
0: mpibind: task  12 nths  3 gpus 12 cpus 49-52
0: mpibind: task  13 nths  3 gpus 13 cpus 53-55,57
0: mpibind: task  14 nths  3 gpus 14 cpus 58-61
0: mpibind: task  15 nths  3 gpus 15 cpus 62-63,65
0: mpibind: task  16 nths  3 gpus 16 cpus 66-68
0: mpibind: task  17 nths  3 gpus 17 cpus 69-71
0: mpibind: task  18 nths  3 gpus 18 cpus 73-76
0: mpibind: task  19 nths  3 gpus 19 cpus 77-79,81
0: mpibind: task  20 nths  3 gpus 20 cpus 82-85
0: mpibind: task  21 nths  3 gpus 21 cpus 86-87,89
0: mpibind: task  22 nths  3 gpus 22 cpus 90-92
0: mpibind: task  23 nths  3 gpus 23 cpus 93-95
0: 0.131s: flux-shell[28]: mpibind: 
0: mpibind: task   0 nths  3 gpus 0 cpus 1-4
0: mpibind: task   1 nths  3 gpus 1 cpus 5-7,9
0: mpibind: task   2 nths  3 gpus 2 cpus 10-13
0: mpibind: task   3 nths  3 gpus 3 cpus 14-15,17
0: mpibind: task   4 nths  3 gpus 4 cpus 18-20
0: mpibind: task   5 nths  3 gpus 5 cpus 21-23
0: mpibind: task   6 nths  3 gpus 6 cpus 25-28
0: mpibind: task   7 nths  3 gpus 7 cpus 29-31,33
0: mpibind: task   8 nths  3 gpus 8 cpus 34-37
0: mpibind: task   9 nths  3 gpus 9 cpus 38-39,41
0: mpibind: task  10 nths  3 gpus 10 cpus 42-44
0: mpibind: task  11 nths  3 gpus 11 cpus 45-47
0: mpibind: task  12 nths  3 gpus 12 cpus 49-52
0: mpibind: task  13 nths  3 gpus 13 cpus 53-55,57
0: mpibind: task  14 nths  3 gpus 14 cpus 58-61
0: mpibind: task  15 nths  3 gpus 15 cpus 62-63,65
0: mpibind: task  16 nths  3 gpus 16 cpus 66-68
0: mpibind: task  17 nths  3 gpus 17 cpus 69-71
0: mpibind: task  18 nths  3 gpus 18 cpus 73-76
0: mpibind: task  19 nths  3 gpus 19 cpus 77-79,81
0: mpibind: task  20 nths  3 gpus 20 cpus 82-85
0: mpibind: task  21 nths  3 gpus 21 cpus 86-87,89
0: mpibind: task  22 nths  3 gpus 22 cpus 90-92
0: mpibind: task  23 nths  3 gpus 23 cpus 93-95
0: 0.144s: flux-shell[29]: mpibind: 
0: mpibind: task   0 nths  3 gpus 0 cpus 1-4
0: mpibind: task   1 nths  3 gpus 1 cpus 5-7,9
0: mpibind: task   2 nths  3 gpus 2 cpus 10-13
0: mpibind: task   3 nths  3 gpus 3 cpus 14-15,17
0: mpibind: task   4 nths  3 gpus 4 cpus 18-20
0: mpibind: task   5 nths  3 gpus 5 cpus 21-23
0: mpibind: task   6 nths  3 gpus 6 cpus 25-28
0: mpibind: task   7 nths  3 gpus 7 cpus 29-31,33
0: mpibind: task   8 nths  3 gpus 8 cpus 34-37
0: mpibind: task   9 nths  3 gpus 9 cpus 38-39,41
0: mpibind: task  10 nths  3 gpus 10 cpus 42-44
0: mpibind: task  11 nths  3 gpus 11 cpus 45-47
0: mpibind: task  12 nths  3 gpus 12 cpus 49-52
0: mpibind: task  13 nths  3 gpus 13 cpus 53-55,57
0: mpibind: task  14 nths  3 gpus 14 cpus 58-61
0: mpibind: task  15 nths  3 gpus 15 cpus 62-63,65
0: mpibind: task  16 nths  3 gpus 16 cpus 66-68
0: mpibind: task  17 nths  3 gpus 17 cpus 69-71
0: mpibind: task  18 nths  3 gpus 18 cpus 73-76
0: mpibind: task  19 nths  3 gpus 19 cpus 77-79,81
0: mpibind: task  20 nths  3 gpus 20 cpus 82-85
0: mpibind: task  21 nths  3 gpus 21 cpus 86-87,89
0: mpibind: task  22 nths  3 gpus 22 cpus 90-92
0: mpibind: task  23 nths  3 gpus 23 cpus 93-95
0: 0.136s: flux-shell[30]: mpibind: 
0: mpibind: task   0 nths  3 gpus 0 cpus 1-4
0: mpibind: task   1 nths  3 gpus 1 cpus 5-7,9
0: mpibind: task   2 nths  3 gpus 2 cpus 10-13
0: mpibind: task   3 nths  3 gpus 3 cpus 14-15,17
0: mpibind: task   4 nths  3 gpus 4 cpus 18-20
0: mpibind: task   5 nths  3 gpus 5 cpus 21-23
0: mpibind: task   6 nths  3 gpus 6 cpus 25-28
0: mpibind: task   7 nths  3 gpus 7 cpus 29-31,33
0: mpibind: task   8 nths  3 gpus 8 cpus 34-37
0: mpibind: task   9 nths  3 gpus 9 cpus 38-39,41
0: mpibind: task  10 nths  3 gpus 10 cpus 42-44
0: mpibind: task  11 nths  3 gpus 11 cpus 45-47
0: mpibind: task  12 nths  3 gpus 12 cpus 49-52
0: mpibind: task  13 nths  3 gpus 13 cpus 53-55,57
0: mpibind: task  14 nths  3 gpus 14 cpus 58-61
0: mpibind: task  15 nths  3 gpus 15 cpus 62-63,65
0: mpibind: task  16 nths  3 gpus 16 cpus 66-68
0: mpibind: task  17 nths  3 gpus 17 cpus 69-71
0: mpibind: task  18 nths  3 gpus 18 cpus 73-76
0: mpibind: task  19 nths  3 gpus 19 cpus 77-79,81
0: mpibind: task  20 nths  3 gpus 20 cpus 82-85
0: mpibind: task  21 nths  3 gpus 21 cpus 86-87,89
0: mpibind: task  22 nths  3 gpus 22 cpus 90-92
0: mpibind: task  23 nths  3 gpus 23 cpus 93-95
0: 0.133s: flux-shell[31]: mpibind: 
0: mpibind: task   0 nths  3 gpus 0 cpus 1-4
0: mpibind: task   1 nths  3 gpus 1 cpus 5-7,9
0: mpibind: task   2 nths  3 gpus 2 cpus 10-13
0: mpibind: task   3 nths  3 gpus 3 cpus 14-15,17
0: mpibind: task   4 nths  3 gpus 4 cpus 18-20
0: mpibind: task   5 nths  3 gpus 5 cpus 21-23
0: mpibind: task   6 nths  3 gpus 6 cpus 25-28
0: mpibind: task   7 nths  3 gpus 7 cpus 29-31,33
0: mpibind: task   8 nths  3 gpus 8 cpus 34-37
0: mpibind: task   9 nths  3 gpus 9 cpus 38-39,41
0: mpibind: task  10 nths  3 gpus 10 cpus 42-44
0: mpibind: task  11 nths  3 gpus 11 cpus 45-47
0: mpibind: task  12 nths  3 gpus 12 cpus 49-52
0: mpibind: task  13 nths  3 gpus 13 cpus 53-55,57
0: mpibind: task  14 nths  3 gpus 14 cpus 58-61
0: mpibind: task  15 nths  3 gpus 15 cpus 62-63,65
0: mpibind: task  16 nths  3 gpus 16 cpus 66-68
0: mpibind: task  17 nths  3 gpus 17 cpus 69-71
0: mpibind: task  18 nths  3 gpus 18 cpus 73-76
0: mpibind: task  19 nths  3 gpus 19 cpus 77-79,81
0: mpibind: task  20 nths  3 gpus 20 cpus 82-85
0: mpibind: task  21 nths  3 gpus 21 cpus 86-87,89
0: mpibind: task  22 nths  3 gpus 22 cpus 90-92
0: mpibind: task  23 nths  3 gpus 23 cpus 93-95
0: 0.134s: flux-shell[20]: mpibind: 
0: mpibind: task   0 nths  3 gpus 0 cpus 1-4
0: mpibind: task   1 nths  3 gpus 1 cpus 5-7,9
0: mpibind: task   2 nths  3 gpus 2 cpus 10-13
0: mpibind: task   3 nths  3 gpus 3 cpus 14-15,17
0: mpibind: task   4 nths  3 gpus 4 cpus 18-20
0: mpibind: task   5 nths  3 gpus 5 cpus 21-23
0: mpibind: task   6 nths  3 gpus 6 cpus 25-28
0: mpibind: task   7 nths  3 gpus 7 cpus 29-31,33
0: mpibind: task   8 nths  3 gpus 8 cpus 34-37
0: mpibind: task   9 nths  3 gpus 9 cpus 38-39,41
0: mpibind: task  10 nths  3 gpus 10 cpus 42-44
0: mpibind: task  11 nths  3 gpus 11 cpus 45-47
0: mpibind: task  12 nths  3 gpus 12 cpus 49-52
0: mpibind: task  13 nths  3 gpus 13 cpus 53-55,57
0: mpibind: task  14 nths  3 gpus 14 cpus 58-61
0: mpibind: task  15 nths  3 gpus 15 cpus 62-63,65
0: mpibind: task  16 nths  3 gpus 16 cpus 66-68
0: mpibind: task  17 nths  3 gpus 17 cpus 69-71
0: mpibind: task  18 nths  3 gpus 18 cpus 73-76
0: mpibind: task  19 nths  3 gpus 19 cpus 77-79,81
0: mpibind: task  20 nths  3 gpus 20 cpus 82-85
0: mpibind: task  21 nths  3 gpus 21 cpus 86-87,89
0: mpibind: task  22 nths  3 gpus 22 cpus 90-92
0: mpibind: task  23 nths  3 gpus 23 cpus 93-95
0: 0.129s: flux-shell[17]: mpibind: 
0: mpibind: task   0 nths  3 gpus 0 cpus 1-4
0: mpibind: task   1 nths  3 gpus 1 cpus 5-7,9
0: mpibind: task   2 nths  3 gpus 2 cpus 10-13
0: mpibind: task   3 nths  3 gpus 3 cpus 14-15,17
0: mpibind: task   4 nths  3 gpus 4 cpus 18-20
0: mpibind: task   5 nths  3 gpus 5 cpus 21-23
0: mpibind: task   6 nths  3 gpus 6 cpus 25-28
0: mpibind: task   7 nths  3 gpus 7 cpus 29-31,33
0: mpibind: task   8 nths  3 gpus 8 cpus 34-37
0: mpibind: task   9 nths  3 gpus 9 cpus 38-39,41
0: mpibind: task  10 nths  3 gpus 10 cpus 42-44
0: mpibind: task  11 nths  3 gpus 11 cpus 45-47
0: mpibind: task  12 nths  3 gpus 12 cpus 49-52
0: mpibind: task  13 nths  3 gpus 13 cpus 53-55,57
0: mpibind: task  14 nths  3 gpus 14 cpus 58-61
0: mpibind: task  15 nths  3 gpus 15 cpus 62-63,65
0: mpibind: task  16 nths  3 gpus 16 cpus 66-68
0: mpibind: task  17 nths  3 gpus 17 cpus 69-71
0: mpibind: task  18 nths  3 gpus 18 cpus 73-76
0: mpibind: task  19 nths  3 gpus 19 cpus 77-79,81
0: mpibind: task  20 nths  3 gpus 20 cpus 82-85
0: mpibind: task  21 nths  3 gpus 21 cpus 86-87,89
0: mpibind: task  22 nths  3 gpus 22 cpus 90-92
0: mpibind: task  23 nths  3 gpus 23 cpus 93-95
0: 0.140s: flux-shell[18]: mpibind: 
0: mpibind: task   0 nths  3 gpus 0 cpus 1-4
0: mpibind: task   1 nths  3 gpus 1 cpus 5-7,9
0: mpibind: task   2 nths  3 gpus 2 cpus 10-13
0: mpibind: task   3 nths  3 gpus 3 cpus 14-15,17
0: mpibind: task   4 nths  3 gpus 4 cpus 18-20
0: mpibind: task   5 nths  3 gpus 5 cpus 21-23
0: mpibind: task   6 nths  3 gpus 6 cpus 25-28
0: mpibind: task   7 nths  3 gpus 7 cpus 29-31,33
0: mpibind: task   8 nths  3 gpus 8 cpus 34-37
0: mpibind: task   9 nths  3 gpus 9 cpus 38-39,41
0: mpibind: task  10 nths  3 gpus 10 cpus 42-44
0: mpibind: task  11 nths  3 gpus 11 cpus 45-47
0: mpibind: task  12 nths  3 gpus 12 cpus 49-52
0: mpibind: task  13 nths  3 gpus 13 cpus 53-55,57
0: mpibind: task  14 nths  3 gpus 14 cpus 58-61
0: mpibind: task  15 nths  3 gpus 15 cpus 62-63,65
0: mpibind: task  16 nths  3 gpus 16 cpus 66-68
0: mpibind: task  17 nths  3 gpus 17 cpus 69-71
0: mpibind: task  18 nths  3 gpus 18 cpus 73-76
0: mpibind: task  19 nths  3 gpus 19 cpus 77-79,81
0: mpibind: task  20 nths  3 gpus 20 cpus 82-85
0: mpibind: task  21 nths  3 gpus 21 cpus 86-87,89
0: mpibind: task  22 nths  3 gpus 22 cpus 90-92
0: mpibind: task  23 nths  3 gpus 23 cpus 93-95
0: 0.135s: flux-shell[21]: mpibind: 
0: mpibind: task   0 nths  3 gpus 0 cpus 1-4
0: mpibind: task   1 nths  3 gpus 1 cpus 5-7,9
0: mpibind: task   2 nths  3 gpus 2 cpus 10-13
0: mpibind: task   3 nths  3 gpus 3 cpus 14-15,17
0: mpibind: task   4 nths  3 gpus 4 cpus 18-20
0: mpibind: task   5 nths  3 gpus 5 cpus 21-23
0: mpibind: task   6 nths  3 gpus 6 cpus 25-28
0: mpibind: task   7 nths  3 gpus 7 cpus 29-31,33
0: mpibind: task   8 nths  3 gpus 8 cpus 34-37
0: mpibind: task   9 nths  3 gpus 9 cpus 38-39,41
0: mpibind: task  10 nths  3 gpus 10 cpus 42-44
0: mpibind: task  11 nths  3 gpus 11 cpus 45-47
0: mpibind: task  12 nths  3 gpus 12 cpus 49-52
0: mpibind: task  13 nths  3 gpus 13 cpus 53-55,57
0: mpibind: task  14 nths  3 gpus 14 cpus 58-61
0: mpibind: task  15 nths  3 gpus 15 cpus 62-63,65
0: mpibind: task  16 nths  3 gpus 16 cpus 66-68
0: mpibind: task  17 nths  3 gpus 17 cpus 69-71
0: mpibind: task  18 nths  3 gpus 18 cpus 73-76
0: mpibind: task  19 nths  3 gpus 19 cpus 77-79,81
0: mpibind: task  20 nths  3 gpus 20 cpus 82-85
0: mpibind: task  21 nths  3 gpus 21 cpus 86-87,89
0: mpibind: task  22 nths  3 gpus 22 cpus 90-92
0: mpibind: task  23 nths  3 gpus 23 cpus 93-95
0: 0.126s: flux-shell[19]: mpibind: 
0: mpibind: task   0 nths  3 gpus 0 cpus 1-4
0: mpibind: task   1 nths  3 gpus 1 cpus 5-7,9
0: mpibind: task   2 nths  3 gpus 2 cpus 10-13
0: mpibind: task   3 nths  3 gpus 3 cpus 14-15,17
0: mpibind: task   4 nths  3 gpus 4 cpus 18-20
0: mpibind: task   5 nths  3 gpus 5 cpus 21-23
0: mpibind: task   6 nths  3 gpus 6 cpus 25-28
0: mpibind: task   7 nths  3 gpus 7 cpus 29-31,33
0: mpibind: task   8 nths  3 gpus 8 cpus 34-37
0: mpibind: task   9 nths  3 gpus 9 cpus 38-39,41
0: mpibind: task  10 nths  3 gpus 10 cpus 42-44
0: mpibind: task  11 nths  3 gpus 11 cpus 45-47
0: mpibind: task  12 nths  3 gpus 12 cpus 49-52
0: mpibind: task  13 nths  3 gpus 13 cpus 53-55,57
0: mpibind: task  14 nths  3 gpus 14 cpus 58-61
0: mpibind: task  15 nths  3 gpus 15 cpus 62-63,65
0: mpibind: task  16 nths  3 gpus 16 cpus 66-68
0: mpibind: task  17 nths  3 gpus 17 cpus 69-71
0: mpibind: task  18 nths  3 gpus 18 cpus 73-76
0: mpibind: task  19 nths  3 gpus 19 cpus 77-79,81
0: mpibind: task  20 nths  3 gpus 20 cpus 82-85
0: mpibind: task  21 nths  3 gpus 21 cpus 86-87,89
0: mpibind: task  22 nths  3 gpus 22 cpus 90-92
0: mpibind: task  23 nths  3 gpus 23 cpus 93-95
0: jobid: f4igpSqnP
0: 0.122s: flux-shell[1]: mpibind: 
0: mpibind: task   0 nths  3 gpus 0 cpus 1-4
0: mpibind: task   1 nths  3 gpus 1 cpus 5-7,9
0: mpibind: task   2 nths  3 gpus 2 cpus 10-13
0: mpibind: task   3 nths  3 gpus 3 cpus 14-15,17
0: mpibind: task   4 nths  3 gpus 4 cpus 18-20
0: mpibind: task   5 nths  3 gpus 5 cpus 21-23
0: mpibind: task   6 nths  3 gpus 6 cpus 25-28
0: mpibind: task   7 nths  3 gpus 7 cpus 29-31,33
0: mpibind: task   8 nths  3 gpus 8 cpus 34-37
0: mpibind: task   9 nths  3 gpus 9 cpus 38-39,41
0: mpibind: task  10 nths  3 gpus 10 cpus 42-44
0: mpibind: task  11 nths  3 gpus 11 cpus 45-47
0: mpibind: task  12 nths  3 gpus 12 cpus 49-52
0: mpibind: task  13 nths  3 gpus 13 cpus 53-55,57
0: mpibind: task  14 nths  3 gpus 14 cpus 58-61
0: mpibind: task  15 nths  3 gpus 15 cpus 62-63,65
0: mpibind: task  16 nths  3 gpus 16 cpus 66-68
0: mpibind: task  17 nths  3 gpus 17 cpus 69-71
0: mpibind: task  18 nths  3 gpus 18 cpus 73-76
0: mpibind: task  19 nths  3 gpus 19 cpus 77-79,81
0: mpibind: task  20 nths  3 gpus 20 cpus 82-85
0: mpibind: task  21 nths  3 gpus 21 cpus 86-87,89
0: mpibind: task  22 nths  3 gpus 22 cpus 90-92
0: mpibind: task  23 nths  3 gpus 23 cpus 93-95
0: 0.111s: flux-shell[0]: mpibind: 
0: mpibind: task   0 nths  3 gpus 0 cpus 1-4
0: mpibind: task   1 nths  3 gpus 1 cpus 5-7,9
0: mpibind: task   2 nths  3 gpus 2 cpus 10-13
0: mpibind: task   3 nths  3 gpus 3 cpus 14-15,17
0: mpibind: task   4 nths  3 gpus 4 cpus 18-20
0: mpibind: task   5 nths  3 gpus 5 cpus 21-23
0: mpibind: task   6 nths  3 gpus 6 cpus 25-28
0: mpibind: task   7 nths  3 gpus 7 cpus 29-31,33
0: mpibind: task   8 nths  3 gpus 8 cpus 34-37
0: mpibind: task   9 nths  3 gpus 9 cpus 38-39,41
0: mpibind: task  10 nths  3 gpus 10 cpus 42-44
0: mpibind: task  11 nths  3 gpus 11 cpus 45-47
0: mpibind: task  12 nths  3 gpus 12 cpus 49-52
0: mpibind: task  13 nths  3 gpus 13 cpus 53-55,57
0: mpibind: task  14 nths  3 gpus 14 cpus 58-61
0: mpibind: task  15 nths  3 gpus 15 cpus 62-63,65
0: mpibind: task  16 nths  3 gpus 16 cpus 66-68
0: mpibind: task  17 nths  3 gpus 17 cpus 69-71
0: mpibind: task  18 nths  3 gpus 18 cpus 73-76
0: mpibind: task  19 nths  3 gpus 19 cpus 77-79,81
0: mpibind: task  20 nths  3 gpus 20 cpus 82-85
0: mpibind: task  21 nths  3 gpus 21 cpus 86-87,89
0: mpibind: task  22 nths  3 gpus 22 cpus 90-92
0: mpibind: task  23 nths  3 gpus 23 cpus 93-95
0: 0.128s: flux-shell[16]: mpibind: 
0: mpibind: task   0 nths  3 gpus 0 cpus 1-4
0: mpibind: task   1 nths  3 gpus 1 cpus 5-7,9
0: mpibind: task   2 nths  3 gpus 2 cpus 10-13
0: mpibind: task   3 nths  3 gpus 3 cpus 14-15,17
0: mpibind: task   4 nths  3 gpus 4 cpus 18-20
0: mpibind: task   5 nths  3 gpus 5 cpus 21-23
0: mpibind: task   6 nths  3 gpus 6 cpus 25-28
0: mpibind: task   7 nths  3 gpus 7 cpus 29-31,33
0: mpibind: task   8 nths  3 gpus 8 cpus 34-37
0: mpibind: task   9 nths  3 gpus 9 cpus 38-39,41
0: mpibind: task  10 nths  3 gpus 10 cpus 42-44
0: mpibind: task  11 nths  3 gpus 11 cpus 45-47
0: mpibind: task  12 nths  3 gpus 12 cpus 49-52
0: mpibind: task  13 nths  3 gpus 13 cpus 53-55,57
0: mpibind: task  14 nths  3 gpus 14 cpus 58-61
0: mpibind: task  15 nths  3 gpus 15 cpus 62-63,65
0: mpibind: task  16 nths  3 gpus 16 cpus 66-68
0: mpibind: task  17 nths  3 gpus 17 cpus 69-71
0: mpibind: task  18 nths  3 gpus 18 cpus 73-76
0: mpibind: task  19 nths  3 gpus 19 cpus 77-79,81
0: mpibind: task  20 nths  3 gpus 20 cpus 82-85
0: mpibind: task  21 nths  3 gpus 21 cpus 86-87,89
0: mpibind: task  22 nths  3 gpus 22 cpus 90-92
0: mpibind: task  23 nths  3 gpus 23 cpus 93-95
0: 0.137s: flux-shell[28]: mpibind: 
0: mpibind: task   0 nths  3 gpus 0 cpus 1-4
0: mpibind: task   1 nths  3 gpus 1 cpus 5-7,9
0: mpibind: task   2 nths  3 gpus 2 cpus 10-13
0: mpibind: task   3 nths  3 gpus 3 cpus 14-15,17
0: mpibind: task   4 nths  3 gpus 4 cpus 18-20
0: mpibind: task   5 nths  3 gpus 5 cpus 21-23
0: mpibind: task   6 nths  3 gpus 6 cpus 25-28
0: mpibind: task   7 nths  3 gpus 7 cpus 29-31,33
0: mpibind: task   8 nths  3 gpus 8 cpus 34-37
0: mpibind: task   9 nths  3 gpus 9 cpus 38-39,41
0: mpibind: task  10 nths  3 gpus 10 cpus 42-44
0: mpibind: task  11 nths  3 gpus 11 cpus 45-47
0: mpibind: task  12 nths  3 gpus 12 cpus 49-52
0: mpibind: task  13 nths  3 gpus 13 cpus 53-55,57
0: mpibind: task  14 nths  3 gpus 14 cpus 58-61
0: mpibind: task  15 nths  3 gpus 15 cpus 62-63,65
0: mpibind: task  16 nths  3 gpus 16 cpus 66-68
0: mpibind: task  17 nths  3 gpus 17 cpus 69-71
0: mpibind: task  18 nths  3 gpus 18 cpus 73-76
0: mpibind: task  19 nths  3 gpus 19 cpus 77-79,81
0: mpibind: task  20 nths  3 gpus 20 cpus 82-85
0: mpibind: task  21 nths  3 gpus 21 cpus 86-87,89
0: mpibind: task  22 nths  3 gpus 22 cpus 90-92
0: mpibind: task  23 nths  3 gpus 23 cpus 93-95
0: 0.121s: flux-shell[2]: mpibind: 
0: mpibind: task   0 nths  3 gpus 0 cpus 1-4
0: mpibind: task   1 nths  3 gpus 1 cpus 5-7,9
0: mpibind: task   2 nths  3 gpus 2 cpus 10-13
0: mpibind: task   3 nths  3 gpus 3 cpus 14-15,17
0: mpibind: task   4 nths  3 gpus 4 cpus 18-20
0: mpibind: task   5 nths  3 gpus 5 cpus 21-23
0: mpibind: task   6 nths  3 gpus 6 cpus 25-28
0: mpibind: task   7 nths  3 gpus 7 cpus 29-31,33
0: mpibind: task   8 nths  3 gpus 8 cpus 34-37
0: mpibind: task   9 nths  3 gpus 9 cpus 38-39,41
0: mpibind: task  10 nths  3 gpus 10 cpus 42-44
0: mpibind: task  11 nths  3 gpus 11 cpus 45-47
0: mpibind: task  12 nths  3 gpus 12 cpus 49-52
0: mpibind: task  13 nths  3 gpus 13 cpus 53-55,57
0: mpibind: task  14 nths  3 gpus 14 cpus 58-61
0: mpibind: task  15 nths  3 gpus 15 cpus 62-63,65
0: mpibind: task  16 nths  3 gpus 16 cpus 66-68
0: mpibind: task  17 nths  3 gpus 17 cpus 69-71
0: mpibind: task  18 nths  3 gpus 18 cpus 73-76
0: mpibind: task  19 nths  3 gpus 19 cpus 77-79,81
0: mpibind: task  20 nths  3 gpus 20 cpus 82-85
0: mpibind: task  21 nths  3 gpus 21 cpus 86-87,89
0: mpibind: task  22 nths  3 gpus 22 cpus 90-92
0: mpibind: task  23 nths  3 gpus 23 cpus 93-95
0: 0.126s: flux-shell[3]: mpibind: 
0: mpibind: task   0 nths  3 gpus 0 cpus 1-4
0: mpibind: task   1 nths  3 gpus 1 cpus 5-7,9
0: mpibind: task   2 nths  3 gpus 2 cpus 10-13
0: mpibind: task   3 nths  3 gpus 3 cpus 14-15,17
0: mpibind: task   4 nths  3 gpus 4 cpus 18-20
0: mpibind: task   5 nths  3 gpus 5 cpus 21-23
0: mpibind: task   6 nths  3 gpus 6 cpus 25-28
0: mpibind: task   7 nths  3 gpus 7 cpus 29-31,33
0: mpibind: task   8 nths  3 gpus 8 cpus 34-37
0: mpibind: task   9 nths  3 gpus 9 cpus 38-39,41
0: mpibind: task  10 nths  3 gpus 10 cpus 42-44
0: mpibind: task  11 nths  3 gpus 11 cpus 45-47
0: mpibind: task  12 nths  3 gpus 12 cpus 49-52
0: mpibind: task  13 nths  3 gpus 13 cpus 53-55,57
0: mpibind: task  14 nths  3 gpus 14 cpus 58-61
0: mpibind: task  15 nths  3 gpus 15 cpus 62-63,65
0: mpibind: task  16 nths  3 gpus 16 cpus 66-68
0: mpibind: task  17 nths  3 gpus 17 cpus 69-71
0: mpibind: task  18 nths  3 gpus 18 cpus 73-76
0: mpibind: task  19 nths  3 gpus 19 cpus 77-79,81
0: mpibind: task  20 nths  3 gpus 20 cpus 82-85
0: mpibind: task  21 nths  3 gpus 21 cpus 86-87,89
0: mpibind: task  22 nths  3 gpus 22 cpus 90-92
0: mpibind: task  23 nths  3 gpus 23 cpus 93-95
0: 0.116s: flux-shell[4]: mpibind: 
0: mpibind: task   0 nths  3 gpus 0 cpus 1-4
0: mpibind: task   1 nths  3 gpus 1 cpus 5-7,9
0: mpibind: task   2 nths  3 gpus 2 cpus 10-13
0: mpibind: task   3 nths  3 gpus 3 cpus 14-15,17
0: mpibind: task   4 nths  3 gpus 4 cpus 18-20
0: mpibind: task   5 nths  3 gpus 5 cpus 21-23
0: mpibind: task   6 nths  3 gpus 6 cpus 25-28
0: mpibind: task   7 nths  3 gpus 7 cpus 29-31,33
0: mpibind: task   8 nths  3 gpus 8 cpus 34-37
0: mpibind: task   9 nths  3 gpus 9 cpus 38-39,41
0: mpibind: task  10 nths  3 gpus 10 cpus 42-44
0: mpibind: task  11 nths  3 gpus 11 cpus 45-47
0: mpibind: task  12 nths  3 gpus 12 cpus 49-52
0: mpibind: task  13 nths  3 gpus 13 cpus 53-55,57
0: mpibind: task  14 nths  3 gpus 14 cpus 58-61
0: mpibind: task  15 nths  3 gpus 15 cpus 62-63,65
0: mpibind: task  16 nths  3 gpus 16 cpus 66-68
0: mpibind: task  17 nths  3 gpus 17 cpus 69-71
0: mpibind: task  18 nths  3 gpus 18 cpus 73-76
0: mpibind: task  19 nths  3 gpus 19 cpus 77-79,81
0: mpibind: task  20 nths  3 gpus 20 cpus 82-85
0: mpibind: task  21 nths  3 gpus 21 cpus 86-87,89
0: mpibind: task  22 nths  3 gpus 22 cpus 90-92
0: mpibind: task  23 nths  3 gpus 23 cpus 93-95
0: 0.119s: flux-shell[5]: mpibind: 
0: mpibind: task   0 nths  3 gpus 0 cpus 1-4
0: mpibind: task   1 nths  3 gpus 1 cpus 5-7,9
0: mpibind: task   2 nths  3 gpus 2 cpus 10-13
0: mpibind: task   3 nths  3 gpus 3 cpus 14-15,17
0: mpibind: task   4 nths  3 gpus 4 cpus 18-20
0: mpibind: task   5 nths  3 gpus 5 cpus 21-23
0: mpibind: task   6 nths  3 gpus 6 cpus 25-28
0: mpibind: task   7 nths  3 gpus 7 cpus 29-31,33
0: mpibind: task   8 nths  3 gpus 8 cpus 34-37
0: mpibind: task   9 nths  3 gpus 9 cpus 38-39,41
0: mpibind: task  10 nths  3 gpus 10 cpus 42-44
0: mpibind: task  11 nths  3 gpus 11 cpus 45-47
0: mpibind: task  12 nths  3 gpus 12 cpus 49-52
0: mpibind: task  13 nths  3 gpus 13 cpus 53-55,57
0: mpibind: task  14 nths  3 gpus 14 cpus 58-61
0: mpibind: task  15 nths  3 gpus 15 cpus 62-63,65
0: mpibind: task  16 nths  3 gpus 16 cpus 66-68
0: mpibind: task  17 nths  3 gpus 17 cpus 69-71
0: mpibind: task  18 nths  3 gpus 18 cpus 73-76
0: mpibind: task  19 nths  3 gpus 19 cpus 77-79,81
0: mpibind: task  20 nths  3 gpus 20 cpus 82-85
0: mpibind: task  21 nths  3 gpus 21 cpus 86-87,89
0: mpibind: task  22 nths  3 gpus 22 cpus 90-92
0: mpibind: task  23 nths  3 gpus 23 cpus 93-95
0: 0.122s: flux-shell[6]: mpibind: 
0: mpibind: task   0 nths  3 gpus 0 cpus 1-4
0: mpibind: task   1 nths  3 gpus 1 cpus 5-7,9
0: mpibind: task   2 nths  3 gpus 2 cpus 10-13
0: mpibind: task   3 nths  3 gpus 3 cpus 14-15,17
0: mpibind: task   4 nths  3 gpus 4 cpus 18-20
0: mpibind: task   5 nths  3 gpus 5 cpus 21-23
0: mpibind: task   6 nths  3 gpus 6 cpus 25-28
0: mpibind: task   7 nths  3 gpus 7 cpus 29-31,33
0: mpibind: task   8 nths  3 gpus 8 cpus 34-37
0: mpibind: task   9 nths  3 gpus 9 cpus 38-39,41
0: mpibind: task  10 nths  3 gpus 10 cpus 42-44
0: mpibind: task  11 nths  3 gpus 11 cpus 45-47
0: mpibind: task  12 nths  3 gpus 12 cpus 49-52
0: mpibind: task  13 nths  3 gpus 13 cpus 53-55,57
0: mpibind: task  14 nths  3 gpus 14 cpus 58-61
0: mpibind: task  15 nths  3 gpus 15 cpus 62-63,65
0: mpibind: task  16 nths  3 gpus 16 cpus 66-68
0: mpibind: task  17 nths  3 gpus 17 cpus 69-71
0: mpibind: task  18 nths  3 gpus 18 cpus 73-76
0: mpibind: task  19 nths  3 gpus 19 cpus 77-79,81
0: mpibind: task  20 nths  3 gpus 20 cpus 82-85
0: mpibind: task  21 nths  3 gpus 21 cpus 86-87,89
0: mpibind: task  22 nths  3 gpus 22 cpus 90-92
0: mpibind: task  23 nths  3 gpus 23 cpus 93-95
0: 0.118s: flux-shell[7]: mpibind: 
0: mpibind: task   0 nths  3 gpus 0 cpus 1-4
0: mpibind: task   1 nths  3 gpus 1 cpus 5-7,9
0: mpibind: task   2 nths  3 gpus 2 cpus 10-13
0: mpibind: task   3 nths  3 gpus 3 cpus 14-15,17
0: mpibind: task   4 nths  3 gpus 4 cpus 18-20
0: mpibind: task   5 nths  3 gpus 5 cpus 21-23
0: mpibind: task   6 nths  3 gpus 6 cpus 25-28
0: mpibind: task   7 nths  3 gpus 7 cpus 29-31,33
0: mpibind: task   8 nths  3 gpus 8 cpus 34-37
0: mpibind: task   9 nths  3 gpus 9 cpus 38-39,41
0: mpibind: task  10 nths  3 gpus 10 cpus 42-44
0: mpibind: task  11 nths  3 gpus 11 cpus 45-47
0: mpibind: task  12 nths  3 gpus 12 cpus 49-52
0: mpibind: task  13 nths  3 gpus 13 cpus 53-55,57
0: mpibind: task  14 nths  3 gpus 14 cpus 58-61
0: mpibind: task  15 nths  3 gpus 15 cpus 62-63,65
0: mpibind: task  16 nths  3 gpus 16 cpus 66-68
0: mpibind: task  17 nths  3 gpus 17 cpus 69-71
0: mpibind: task  18 nths  3 gpus 18 cpus 73-76
0: mpibind: task  19 nths  3 gpus 19 cpus 77-79,81
0: mpibind: task  20 nths  3 gpus 20 cpus 82-85
0: mpibind: task  21 nths  3 gpus 21 cpus 86-87,89
0: mpibind: task  22 nths  3 gpus 22 cpus 90-92
0: mpibind: task  23 nths  3 gpus 23 cpus 93-95
0: 0.123s: flux-shell[8]: mpibind: 
0: mpibind: task   0 nths  3 gpus 0 cpus 1-4
0: mpibind: task   1 nths  3 gpus 1 cpus 5-7,9
0: mpibind: task   2 nths  3 gpus 2 cpus 10-13
0: mpibind: task   3 nths  3 gpus 3 cpus 14-15,17
0: mpibind: task   4 nths  3 gpus 4 cpus 18-20
0: mpibind: task   5 nths  3 gpus 5 cpus 21-23
0: mpibind: task   6 nths  3 gpus 6 cpus 25-28
0: mpibind: task   7 nths  3 gpus 7 cpus 29-31,33
0: mpibind: task   8 nths  3 gpus 8 cpus 34-37
0: mpibind: task   9 nths  3 gpus 9 cpus 38-39,41
0: mpibind: task  10 nths  3 gpus 10 cpus 42-44
0: mpibind: task  11 nths  3 gpus 11 cpus 45-47
0: mpibind: task  12 nths  3 gpus 12 cpus 49-52
0: mpibind: task  13 nths  3 gpus 13 cpus 53-55,57
0: mpibind: task  14 nths  3 gpus 14 cpus 58-61
0: mpibind: task  15 nths  3 gpus 15 cpus 62-63,65
0: mpibind: task  16 nths  3 gpus 16 cpus 66-68
0: mpibind: task  17 nths  3 gpus 17 cpus 69-71
0: mpibind: task  18 nths  3 gpus 18 cpus 73-76
0: mpibind: task  19 nths  3 gpus 19 cpus 77-79,81
0: mpibind: task  20 nths  3 gpus 20 cpus 82-85
0: mpibind: task  21 nths  3 gpus 21 cpus 86-87,89
0: mpibind: task  22 nths  3 gpus 22 cpus 90-92
0: mpibind: task  23 nths  3 gpus 23 cpus 93-95
0: 0.124s: flux-shell[9]: mpibind: 
0: mpibind: task   0 nths  3 gpus 0 cpus 1-4
0: mpibind: task   1 nths  3 gpus 1 cpus 5-7,9
0: mpibind: task   2 nths  3 gpus 2 cpus 10-13
0: mpibind: task   3 nths  3 gpus 3 cpus 14-15,17
0: mpibind: task   4 nths  3 gpus 4 cpus 18-20
0: mpibind: task   5 nths  3 gpus 5 cpus 21-23
0: mpibind: task   6 nths  3 gpus 6 cpus 25-28
0: mpibind: task   7 nths  3 gpus 7 cpus 29-31,33
0: mpibind: task   8 nths  3 gpus 8 cpus 34-37
0: mpibind: task   9 nths  3 gpus 9 cpus 38-39,41
0: mpibind: task  10 nths  3 gpus 10 cpus 42-44
0: mpibind: task  11 nths  3 gpus 11 cpus 45-47
0: mpibind: task  12 nths  3 gpus 12 cpus 49-52
0: mpibind: task  13 nths  3 gpus 13 cpus 53-55,57
0: mpibind: task  14 nths  3 gpus 14 cpus 58-61
0: mpibind: task  15 nths  3 gpus 15 cpus 62-63,65
0: mpibind: task  16 nths  3 gpus 16 cpus 66-68
0: mpibind: task  17 nths  3 gpus 17 cpus 69-71
0: mpibind: task  18 nths  3 gpus 18 cpus 73-76
0: mpibind: task  19 nths  3 gpus 19 cpus 77-79,81
0: mpibind: task  20 nths  3 gpus 20 cpus 82-85
0: mpibind: task  21 nths  3 gpus 21 cpus 86-87,89
0: mpibind: task  22 nths  3 gpus 22 cpus 90-92
0: mpibind: task  23 nths  3 gpus 23 cpus 93-95
0: 0.125s: flux-shell[10]: mpibind: 
0: mpibind: task   0 nths  3 gpus 0 cpus 1-4
0: mpibind: task   1 nths  3 gpus 1 cpus 5-7,9
0: mpibind: task   2 nths  3 gpus 2 cpus 10-13
0: mpibind: task   3 nths  3 gpus 3 cpus 14-15,17
0: mpibind: task   4 nths  3 gpus 4 cpus 18-20
0: mpibind: task   5 nths  3 gpus 5 cpus 21-23
0: mpibind: task   6 nths  3 gpus 6 cpus 25-28
0: mpibind: task   7 nths  3 gpus 7 cpus 29-31,33
0: mpibind: task   8 nths  3 gpus 8 cpus 34-37
0: mpibind: task   9 nths  3 gpus 9 cpus 38-39,41
0: mpibind: task  10 nths  3 gpus 10 cpus 42-44
0: mpibind: task  11 nths  3 gpus 11 cpus 45-47
0: mpibind: task  12 nths  3 gpus 12 cpus 49-52
0: mpibind: task  13 nths  3 gpus 13 cpus 53-55,57
0: mpibind: task  14 nths  3 gpus 14 cpus 58-61
0: mpibind: task  15 nths  3 gpus 15 cpus 62-63,65
0: mpibind: task  16 nths  3 gpus 16 cpus 66-68
0: mpibind: task  17 nths  3 gpus 17 cpus 69-71
0: mpibind: task  18 nths  3 gpus 18 cpus 73-76
0: mpibind: task  19 nths  3 gpus 19 cpus 77-79,81
0: mpibind: task  20 nths  3 gpus 20 cpus 82-85
0: mpibind: task  21 nths  3 gpus 21 cpus 86-87,89
0: mpibind: task  22 nths  3 gpus 22 cpus 90-92
0: mpibind: task  23 nths  3 gpus 23 cpus 93-95
0: 0.128s: flux-shell[11]: mpibind: 
0: mpibind: task   0 nths  3 gpus 0 cpus 1-4
0: mpibind: task   1 nths  3 gpus 1 cpus 5-7,9
0: mpibind: task   2 nths  3 gpus 2 cpus 10-13
0: mpibind: task   3 nths  3 gpus 3 cpus 14-15,17
0: mpibind: task   4 nths  3 gpus 4 cpus 18-20
0: mpibind: task   5 nths  3 gpus 5 cpus 21-23
0: mpibind: task   6 nths  3 gpus 6 cpus 25-28
0: mpibind: task   7 nths  3 gpus 7 cpus 29-31,33
0: mpibind: task   8 nths  3 gpus 8 cpus 34-37
0: mpibind: task   9 nths  3 gpus 9 cpus 38-39,41
0: mpibind: task  10 nths  3 gpus 10 cpus 42-44
0: mpibind: task  11 nths  3 gpus 11 cpus 45-47
0: mpibind: task  12 nths  3 gpus 12 cpus 49-52
0: mpibind: task  13 nths  3 gpus 13 cpus 53-55,57
0: mpibind: task  14 nths  3 gpus 14 cpus 58-61
0: mpibind: task  15 nths  3 gpus 15 cpus 62-63,65
0: mpibind: task  16 nths  3 gpus 16 cpus 66-68
0: mpibind: task  17 nths  3 gpus 17 cpus 69-71
0: mpibind: task  18 nths  3 gpus 18 cpus 73-76
0: mpibind: task  19 nths  3 gpus 19 cpus 77-79,81
0: mpibind: task  20 nths  3 gpus 20 cpus 82-85
0: mpibind: task  21 nths  3 gpus 21 cpus 86-87,89
0: mpibind: task  22 nths  3 gpus 22 cpus 90-92
0: mpibind: task  23 nths  3 gpus 23 cpus 93-95
0: 0.119s: flux-shell[12]: mpibind: 
0: mpibind: task   0 nths  3 gpus 0 cpus 1-4
0: mpibind: task   1 nths  3 gpus 1 cpus 5-7,9
0: mpibind: task   2 nths  3 gpus 2 cpus 10-13
0: mpibind: task   3 nths  3 gpus 3 cpus 14-15,17
0: mpibind: task   4 nths  3 gpus 4 cpus 18-20
0: mpibind: task   5 nths  3 gpus 5 cpus 21-23
0: mpibind: task   6 nths  3 gpus 6 cpus 25-28
0: mpibind: task   7 nths  3 gpus 7 cpus 29-31,33
0: mpibind: task   8 nths  3 gpus 8 cpus 34-37
0: mpibind: task   9 nths  3 gpus 9 cpus 38-39,41
0: mpibind: task  10 nths  3 gpus 10 cpus 42-44
0: mpibind: task  11 nths  3 gpus 11 cpus 45-47
0: mpibind: task  12 nths  3 gpus 12 cpus 49-52
0: mpibind: task  13 nths  3 gpus 13 cpus 53-55,57
0: mpibind: task  14 nths  3 gpus 14 cpus 58-61
0: mpibind: task  15 nths  3 gpus 15 cpus 62-63,65
0: mpibind: task  16 nths  3 gpus 16 cpus 66-68
0: mpibind: task  17 nths  3 gpus 17 cpus 69-71
0: mpibind: task  18 nths  3 gpus 18 cpus 73-76
0: mpibind: task  19 nths  3 gpus 19 cpus 77-79,81
0: mpibind: task  20 nths  3 gpus 20 cpus 82-85
0: mpibind: task  21 nths  3 gpus 21 cpus 86-87,89
0: mpibind: task  22 nths  3 gpus 22 cpus 90-92
0: mpibind: task  23 nths  3 gpus 23 cpus 93-95
0: 0.125s: flux-shell[13]: mpibind: 
0: mpibind: task   0 nths  3 gpus 0 cpus 1-4
0: mpibind: task   1 nths  3 gpus 1 cpus 5-7,9
0: mpibind: task   2 nths  3 gpus 2 cpus 10-13
0: mpibind: task   3 nths  3 gpus 3 cpus 14-15,17
0: mpibind: task   4 nths  3 gpus 4 cpus 18-20
0: mpibind: task   5 nths  3 gpus 5 cpus 21-23
0: mpibind: task   6 nths  3 gpus 6 cpus 25-28
0: mpibind: task   7 nths  3 gpus 7 cpus 29-31,33
0: mpibind: task   8 nths  3 gpus 8 cpus 34-37
0: mpibind: task   9 nths  3 gpus 9 cpus 38-39,41
0: mpibind: task  10 nths  3 gpus 10 cpus 42-44
0: mpibind: task  11 nths  3 gpus 11 cpus 45-47
0: mpibind: task  12 nths  3 gpus 12 cpus 49-52
0: mpibind: task  13 nths  3 gpus 13 cpus 53-55,57
0: mpibind: task  14 nths  3 gpus 14 cpus 58-61
0: mpibind: task  15 nths  3 gpus 15 cpus 62-63,65
0: mpibind: task  16 nths  3 gpus 16 cpus 66-68
0: mpibind: task  17 nths  3 gpus 17 cpus 69-71
0: mpibind: task  18 nths  3 gpus 18 cpus 73-76
0: mpibind: task  19 nths  3 gpus 19 cpus 77-79,81
0: mpibind: task  20 nths  3 gpus 20 cpus 82-85
0: mpibind: task  21 nths  3 gpus 21 cpus 86-87,89
0: mpibind: task  22 nths  3 gpus 22 cpus 90-92
0: mpibind: task  23 nths  3 gpus 23 cpus 93-95
0: 0.126s: flux-shell[14]: mpibind: 
0: mpibind: task   0 nths  3 gpus 0 cpus 1-4
0: mpibind: task   1 nths  3 gpus 1 cpus 5-7,9
0: mpibind: task   2 nths  3 gpus 2 cpus 10-13
0: mpibind: task   3 nths  3 gpus 3 cpus 14-15,17
0: mpibind: task   4 nths  3 gpus 4 cpus 18-20
0: mpibind: task   5 nths  3 gpus 5 cpus 21-23
0: mpibind: task   6 nths  3 gpus 6 cpus 25-28
0: mpibind: task   7 nths  3 gpus 7 cpus 29-31,33
0: mpibind: task   8 nths  3 gpus 8 cpus 34-37
0: mpibind: task   9 nths  3 gpus 9 cpus 38-39,41
0: mpibind: task  10 nths  3 gpus 10 cpus 42-44
0: mpibind: task  11 nths  3 gpus 11 cpus 45-47
0: mpibind: task  12 nths  3 gpus 12 cpus 49-52
0: mpibind: task  13 nths  3 gpus 13 cpus 53-55,57
0: mpibind: task  14 nths  3 gpus 14 cpus 58-61
0: mpibind: task  15 nths  3 gpus 15 cpus 62-63,65
0: mpibind: task  16 nths  3 gpus 16 cpus 66-68
0: mpibind: task  17 nths  3 gpus 17 cpus 69-71
0: mpibind: task  18 nths  3 gpus 18 cpus 73-76
0: mpibind: task  19 nths  3 gpus 19 cpus 77-79,81
0: mpibind: task  20 nths  3 gpus 20 cpus 82-85
0: mpibind: task  21 nths  3 gpus 21 cpus 86-87,89
0: mpibind: task  22 nths  3 gpus 22 cpus 90-92
0: mpibind: task  23 nths  3 gpus 23 cpus 93-95
0: 0.123s: flux-shell[15]: mpibind: 
0: mpibind: task   0 nths  3 gpus 0 cpus 1-4
0: mpibind: task   1 nths  3 gpus 1 cpus 5-7,9
0: mpibind: task   2 nths  3 gpus 2 cpus 10-13
0: mpibind: task   3 nths  3 gpus 3 cpus 14-15,17
0: mpibind: task   4 nths  3 gpus 4 cpus 18-20
0: mpibind: task   5 nths  3 gpus 5 cpus 21-23
0: mpibind: task   6 nths  3 gpus 6 cpus 25-28
0: mpibind: task   7 nths  3 gpus 7 cpus 29-31,33
0: mpibind: task   8 nths  3 gpus 8 cpus 34-37
0: mpibind: task   9 nths  3 gpus 9 cpus 38-39,41
0: mpibind: task  10 nths  3 gpus 10 cpus 42-44
0: mpibind: task  11 nths  3 gpus 11 cpus 45-47
0: mpibind: task  12 nths  3 gpus 12 cpus 49-52
0: mpibind: task  13 nths  3 gpus 13 cpus 53-55,57
0: mpibind: task  14 nths  3 gpus 14 cpus 58-61
0: mpibind: task  15 nths  3 gpus 15 cpus 62-63,65
0: mpibind: task  16 nths  3 gpus 16 cpus 66-68
0: mpibind: task  17 nths  3 gpus 17 cpus 69-71
0: mpibind: task  18 nths  3 gpus 18 cpus 73-76
0: mpibind: task  19 nths  3 gpus 19 cpus 77-79,81
0: mpibind: task  20 nths  3 gpus 20 cpus 82-85
0: mpibind: task  21 nths  3 gpus 21 cpus 86-87,89
0: mpibind: task  22 nths  3 gpus 22 cpus 90-92
0: mpibind: task  23 nths  3 gpus 23 cpus 93-95
0: 0.127s: flux-shell[17]: mpibind: 
0: mpibind: task   0 nths  3 gpus 0 cpus 1-4
0: mpibind: task   1 nths  3 gpus 1 cpus 5-7,9
0: mpibind: task   2 nths  3 gpus 2 cpus 10-13
0: mpibind: task   3 nths  3 gpus 3 cpus 14-15,17
0: mpibind: task   4 nths  3 gpus 4 cpus 18-20
0: mpibind: task   5 nths  3 gpus 5 cpus 21-23
0: mpibind: task   6 nths  3 gpus 6 cpus 25-28
0: mpibind: task   7 nths  3 gpus 7 cpus 29-31,33
0: mpibind: task   8 nths  3 gpus 8 cpus 34-37
0: mpibind: task   9 nths  3 gpus 9 cpus 38-39,41
0: mpibind: task  10 nths  3 gpus 10 cpus 42-44
0: mpibind: task  11 nths  3 gpus 11 cpus 45-47
0: mpibind: task  12 nths  3 gpus 12 cpus 49-52
0: mpibind: task  13 nths  3 gpus 13 cpus 53-55,57
0: mpibind: task  14 nths  3 gpus 14 cpus 58-61
0: mpibind: task  15 nths  3 gpus 15 cpus 62-63,65
0: mpibind: task  16 nths  3 gpus 16 cpus 66-68
0: mpibind: task  17 nths  3 gpus 17 cpus 69-71
0: mpibind: task  18 nths  3 gpus 18 cpus 73-76
0: mpibind: task  19 nths  3 gpus 19 cpus 77-79,81
0: mpibind: task  20 nths  3 gpus 20 cpus 82-85
0: mpibind: task  21 nths  3 gpus 21 cpus 86-87,89
0: mpibind: task  22 nths  3 gpus 22 cpus 90-92
0: mpibind: task  23 nths  3 gpus 23 cpus 93-95
0: 0.132s: flux-shell[18]: mpibind: 
0: mpibind: task   0 nths  3 gpus 0 cpus 1-4
0: mpibind: task   1 nths  3 gpus 1 cpus 5-7,9
0: mpibind: task   2 nths  3 gpus 2 cpus 10-13
0: mpibind: task   3 nths  3 gpus 3 cpus 14-15,17
0: mpibind: task   4 nths  3 gpus 4 cpus 18-20
0: mpibind: task   5 nths  3 gpus 5 cpus 21-23
0: mpibind: task   6 nths  3 gpus 6 cpus 25-28
0: mpibind: task   7 nths  3 gpus 7 cpus 29-31,33
0: mpibind: task   8 nths  3 gpus 8 cpus 34-37
0: mpibind: task   9 nths  3 gpus 9 cpus 38-39,41
0: mpibind: task  10 nths  3 gpus 10 cpus 42-44
0: mpibind: task  11 nths  3 gpus 11 cpus 45-47
0: mpibind: task  12 nths  3 gpus 12 cpus 49-52
0: mpibind: task  13 nths  3 gpus 13 cpus 53-55,57
0: mpibind: task  14 nths  3 gpus 14 cpus 58-61
0: mpibind: task  15 nths  3 gpus 15 cpus 62-63,65
0: mpibind: task  16 nths  3 gpus 16 cpus 66-68
0: mpibind: task  17 nths  3 gpus 17 cpus 69-71
0: mpibind: task  18 nths  3 gpus 18 cpus 73-76
0: mpibind: task  19 nths  3 gpus 19 cpus 77-79,81
0: mpibind: task  20 nths  3 gpus 20 cpus 82-85
0: mpibind: task  21 nths  3 gpus 21 cpus 86-87,89
0: mpibind: task  22 nths  3 gpus 22 cpus 90-92
0: mpibind: task  23 nths  3 gpus 23 cpus 93-95
0: 0.130s: flux-shell[19]: mpibind: 
0: mpibind: task   0 nths  3 gpus 0 cpus 1-4
0: mpibind: task   1 nths  3 gpus 1 cpus 5-7,9
0: mpibind: task   2 nths  3 gpus 2 cpus 10-13
0: mpibind: task   3 nths  3 gpus 3 cpus 14-15,17
0: mpibind: task   4 nths  3 gpus 4 cpus 18-20
0: mpibind: task   5 nths  3 gpus 5 cpus 21-23
0: mpibind: task   6 nths  3 gpus 6 cpus 25-28
0: mpibind: task   7 nths  3 gpus 7 cpus 29-31,33
0: mpibind: task   8 nths  3 gpus 8 cpus 34-37
0: mpibind: task   9 nths  3 gpus 9 cpus 38-39,41
0: mpibind: task  10 nths  3 gpus 10 cpus 42-44
0: mpibind: task  11 nths  3 gpus 11 cpus 45-47
0: mpibind: task  12 nths  3 gpus 12 cpus 49-52
0: mpibind: task  13 nths  3 gpus 13 cpus 53-55,57
0: mpibind: task  14 nths  3 gpus 14 cpus 58-61
0: mpibind: task  15 nths  3 gpus 15 cpus 62-63,65
0: mpibind: task  16 nths  3 gpus 16 cpus 66-68
0: mpibind: task  17 nths  3 gpus 17 cpus 69-71
0: mpibind: task  18 nths  3 gpus 18 cpus 73-76
0: mpibind: task  19 nths  3 gpus 19 cpus 77-79,81
0: mpibind: task  20 nths  3 gpus 20 cpus 82-85
0: mpibind: task  21 nths  3 gpus 21 cpus 86-87,89
0: mpibind: task  22 nths  3 gpus 22 cpus 90-92
0: mpibind: task  23 nths  3 gpus 23 cpus 93-95
0: 0.129s: flux-shell[20]: mpibind: 
0: mpibind: task   0 nths  3 gpus 0 cpus 1-4
0: mpibind: task   1 nths  3 gpus 1 cpus 5-7,9
0: mpibind: task   2 nths  3 gpus 2 cpus 10-13
0: mpibind: task   3 nths  3 gpus 3 cpus 14-15,17
0: mpibind: task   4 nths  3 gpus 4 cpus 18-20
0: mpibind: task   5 nths  3 gpus 5 cpus 21-23
0: mpibind: task   6 nths  3 gpus 6 cpus 25-28
0: mpibind: task   7 nths  3 gpus 7 cpus 29-31,33
0: mpibind: task   8 nths  3 gpus 8 cpus 34-37
0: mpibind: task   9 nths  3 gpus 9 cpus 38-39,41
0: mpibind: task  10 nths  3 gpus 10 cpus 42-44
0: mpibind: task  11 nths  3 gpus 11 cpus 45-47
0: mpibind: task  12 nths  3 gpus 12 cpus 49-52
0: mpibind: task  13 nths  3 gpus 13 cpus 53-55,57
0: mpibind: task  14 nths  3 gpus 14 cpus 58-61
0: mpibind: task  15 nths  3 gpus 15 cpus 62-63,65
0: mpibind: task  16 nths  3 gpus 16 cpus 66-68
0: mpibind: task  17 nths  3 gpus 17 cpus 69-71
0: mpibind: task  18 nths  3 gpus 18 cpus 73-76
0: mpibind: task  19 nths  3 gpus 19 cpus 77-79,81
0: mpibind: task  20 nths  3 gpus 20 cpus 82-85
0: mpibind: task  21 nths  3 gpus 21 cpus 86-87,89
0: mpibind: task  22 nths  3 gpus 22 cpus 90-92
0: mpibind: task  23 nths  3 gpus 23 cpus 93-95
0: 0.129s: flux-shell[21]: mpibind: 
0: mpibind: task   0 nths  3 gpus 0 cpus 1-4
0: mpibind: task   1 nths  3 gpus 1 cpus 5-7,9
0: mpibind: task   2 nths  3 gpus 2 cpus 10-13
0: mpibind: task   3 nths  3 gpus 3 cpus 14-15,17
0: mpibind: task   4 nths  3 gpus 4 cpus 18-20
0: mpibind: task   5 nths  3 gpus 5 cpus 21-23
0: mpibind: task   6 nths  3 gpus 6 cpus 25-28
0: mpibind: task   7 nths  3 gpus 7 cpus 29-31,33
0: mpibind: task   8 nths  3 gpus 8 cpus 34-37
0: mpibind: task   9 nths  3 gpus 9 cpus 38-39,41
0: mpibind: task  10 nths  3 gpus 10 cpus 42-44
0: mpibind: task  11 nths  3 gpus 11 cpus 45-47
0: mpibind: task  12 nths  3 gpus 12 cpus 49-52
0: mpibind: task  13 nths  3 gpus 13 cpus 53-55,57
0: mpibind: task  14 nths  3 gpus 14 cpus 58-61
0: mpibind: task  15 nths  3 gpus 15 cpus 62-63,65
0: mpibind: task  16 nths  3 gpus 16 cpus 66-68
0: mpibind: task  17 nths  3 gpus 17 cpus 69-71
0: mpibind: task  18 nths  3 gpus 18 cpus 73-76
0: mpibind: task  19 nths  3 gpus 19 cpus 77-79,81
0: mpibind: task  20 nths  3 gpus 20 cpus 82-85
0: mpibind: task  21 nths  3 gpus 21 cpus 86-87,89
0: mpibind: task  22 nths  3 gpus 22 cpus 90-92
0: mpibind: task  23 nths  3 gpus 23 cpus 93-95
0: 0.130s: flux-shell[24]: mpibind: 
0: mpibind: task   0 nths  3 gpus 0 cpus 1-4
0: mpibind: task   1 nths  3 gpus 1 cpus 5-7,9
0: mpibind: task   2 nths  3 gpus 2 cpus 10-13
0: mpibind: task   3 nths  3 gpus 3 cpus 14-15,17
0: mpibind: task   4 nths  3 gpus 4 cpus 18-20
0: mpibind: task   5 nths  3 gpus 5 cpus 21-23
0: mpibind: task   6 nths  3 gpus 6 cpus 25-28
0: mpibind: task   7 nths  3 gpus 7 cpus 29-31,33
0: mpibind: task   8 nths  3 gpus 8 cpus 34-37
0: mpibind: task   9 nths  3 gpus 9 cpus 38-39,41
0: mpibind: task  10 nths  3 gpus 10 cpus 42-44
0: mpibind: task  11 nths  3 gpus 11 cpus 45-47
0: mpibind: task  12 nths  3 gpus 12 cpus 49-52
0: mpibind: task  13 nths  3 gpus 13 cpus 53-55,57
0: mpibind: task  14 nths  3 gpus 14 cpus 58-61
0: mpibind: task  15 nths  3 gpus 15 cpus 62-63,65
0: mpibind: task  16 nths  3 gpus 16 cpus 66-68
0: mpibind: task  17 nths  3 gpus 17 cpus 69-71
0: mpibind: task  18 nths  3 gpus 18 cpus 73-76
0: mpibind: task  19 nths  3 gpus 19 cpus 77-79,81
0: mpibind: task  20 nths  3 gpus 20 cpus 82-85
0: mpibind: task  21 nths  3 gpus 21 cpus 86-87,89
0: mpibind: task  22 nths  3 gpus 22 cpus 90-92
0: mpibind: task  23 nths  3 gpus 23 cpus 93-95
0: 0.131s: flux-shell[23]: mpibind: 
0: mpibind: task   0 nths  3 gpus 0 cpus 1-4
0: mpibind: task   1 nths  3 gpus 1 cpus 5-7,9
0: mpibind: task   2 nths  3 gpus 2 cpus 10-13
0: mpibind: task   3 nths  3 gpus 3 cpus 14-15,17
0: mpibind: task   4 nths  3 gpus 4 cpus 18-20
0: mpibind: task   5 nths  3 gpus 5 cpus 21-23
0: mpibind: task   6 nths  3 gpus 6 cpus 25-28
0: mpibind: task   7 nths  3 gpus 7 cpus 29-31,33
0: mpibind: task   8 nths  3 gpus 8 cpus 34-37
0: mpibind: task   9 nths  3 gpus 9 cpus 38-39,41
0: mpibind: task  10 nths  3 gpus 10 cpus 42-44
0: mpibind: task  11 nths  3 gpus 11 cpus 45-47
0: mpibind: task  12 nths  3 gpus 12 cpus 49-52
0: mpibind: task  13 nths  3 gpus 13 cpus 53-55,57
0: mpibind: task  14 nths  3 gpus 14 cpus 58-61
0: mpibind: task  15 nths  3 gpus 15 cpus 62-63,65
0: mpibind: task  16 nths  3 gpus 16 cpus 66-68
0: mpibind: task  17 nths  3 gpus 17 cpus 69-71
0: mpibind: task  18 nths  3 gpus 18 cpus 73-76
0: mpibind: task  19 nths  3 gpus 19 cpus 77-79,81
0: mpibind: task  20 nths  3 gpus 20 cpus 82-85
0: mpibind: task  21 nths  3 gpus 21 cpus 86-87,89
0: mpibind: task  22 nths  3 gpus 22 cpus 90-92
0: mpibind: task  23 nths  3 gpus 23 cpus 93-95
0: 0.133s: flux-shell[27]: mpibind: 
0: mpibind: task   0 nths  3 gpus 0 cpus 1-4
0: mpibind: task   1 nths  3 gpus 1 cpus 5-7,9
0: mpibind: task   2 nths  3 gpus 2 cpus 10-13
0: mpibind: task   3 nths  3 gpus 3 cpus 14-15,17
0: mpibind: task   4 nths  3 gpus 4 cpus 18-20
0: mpibind: task   5 nths  3 gpus 5 cpus 21-23
0: mpibind: task   6 nths  3 gpus 6 cpus 25-28
0: mpibind: task   7 nths  3 gpus 7 cpus 29-31,33
0: mpibind: task   8 nths  3 gpus 8 cpus 34-37
0: mpibind: task   9 nths  3 gpus 9 cpus 38-39,41
0: mpibind: task  10 nths  3 gpus 10 cpus 42-44
0: mpibind: task  11 nths  3 gpus 11 cpus 45-47
0: mpibind: task  12 nths  3 gpus 12 cpus 49-52
0: mpibind: task  13 nths  3 gpus 13 cpus 53-55,57
0: mpibind: task  14 nths  3 gpus 14 cpus 58-61
0: mpibind: task  15 nths  3 gpus 15 cpus 62-63,65
0: mpibind: task  16 nths  3 gpus 16 cpus 66-68
0: mpibind: task  17 nths  3 gpus 17 cpus 69-71
0: mpibind: task  18 nths  3 gpus 18 cpus 73-76
0: mpibind: task  19 nths  3 gpus 19 cpus 77-79,81
0: mpibind: task  20 nths  3 gpus 20 cpus 82-85
0: mpibind: task  21 nths  3 gpus 21 cpus 86-87,89
0: mpibind: task  22 nths  3 gpus 22 cpus 90-92
0: mpibind: task  23 nths  3 gpus 23 cpus 93-95
0: 0.135s: flux-shell[26]: mpibind: 
0: mpibind: task   0 nths  3 gpus 0 cpus 1-4
0: mpibind: task   1 nths  3 gpus 1 cpus 5-7,9
0: mpibind: task   2 nths  3 gpus 2 cpus 10-13
0: mpibind: task   3 nths  3 gpus 3 cpus 14-15,17
0: mpibind: task   4 nths  3 gpus 4 cpus 18-20
0: mpibind: task   5 nths  3 gpus 5 cpus 21-23
0: mpibind: task   6 nths  3 gpus 6 cpus 25-28
0: mpibind: task   7 nths  3 gpus 7 cpus 29-31,33
0: mpibind: task   8 nths  3 gpus 8 cpus 34-37
0: mpibind: task   9 nths  3 gpus 9 cpus 38-39,41
0: mpibind: task  10 nths  3 gpus 10 cpus 42-44
0: mpibind: task  11 nths  3 gpus 11 cpus 45-47
0: mpibind: task  12 nths  3 gpus 12 cpus 49-52
0: mpibind: task  13 nths  3 gpus 13 cpus 53-55,57
0: mpibind: task  14 nths  3 gpus 14 cpus 58-61
0: mpibind: task  15 nths  3 gpus 15 cpus 62-63,65
0: mpibind: task  16 nths  3 gpus 16 cpus 66-68
0: mpibind: task  17 nths  3 gpus 17 cpus 69-71
0: mpibind: task  18 nths  3 gpus 18 cpus 73-76
0: mpibind: task  19 nths  3 gpus 19 cpus 77-79,81
0: mpibind: task  20 nths  3 gpus 20 cpus 82-85
0: mpibind: task  21 nths  3 gpus 21 cpus 86-87,89
0: mpibind: task  22 nths  3 gpus 22 cpus 90-92
0: mpibind: task  23 nths  3 gpus 23 cpus 93-95
0: 0.138s: flux-shell[29]: mpibind: 
0: mpibind: task   0 nths  3 gpus 0 cpus 1-4
0: mpibind: task   1 nths  3 gpus 1 cpus 5-7,9
0: mpibind: task   2 nths  3 gpus 2 cpus 10-13
0: mpibind: task   3 nths  3 gpus 3 cpus 14-15,17
0: mpibind: task   4 nths  3 gpus 4 cpus 18-20
0: mpibind: task   5 nths  3 gpus 5 cpus 21-23
0: mpibind: task   6 nths  3 gpus 6 cpus 25-28
0: mpibind: task   7 nths  3 gpus 7 cpus 29-31,33
0: mpibind: task   8 nths  3 gpus 8 cpus 34-37
0: mpibind: task   9 nths  3 gpus 9 cpus 38-39,41
0: mpibind: task  10 nths  3 gpus 10 cpus 42-44
0: mpibind: task  11 nths  3 gpus 11 cpus 45-47
0: mpibind: task  12 nths  3 gpus 12 cpus 49-52
0: mpibind: task  13 nths  3 gpus 13 cpus 53-55,57
0: mpibind: task  14 nths  3 gpus 14 cpus 58-61
0: mpibind: task  15 nths  3 gpus 15 cpus 62-63,65
0: mpibind: task  16 nths  3 gpus 16 cpus 66-68
0: mpibind: task  17 nths  3 gpus 17 cpus 69-71
0: mpibind: task  18 nths  3 gpus 18 cpus 73-76
0: mpibind: task  19 nths  3 gpus 19 cpus 77-79,81
0: mpibind: task  20 nths  3 gpus 20 cpus 82-85
0: mpibind: task  21 nths  3 gpus 21 cpus 86-87,89
0: mpibind: task  22 nths  3 gpus 22 cpus 90-92
0: mpibind: task  23 nths  3 gpus 23 cpus 93-95
0: 0.139s: flux-shell[30]: mpibind: 
0: mpibind: task   0 nths  3 gpus 0 cpus 1-4
0: mpibind: task   1 nths  3 gpus 1 cpus 5-7,9
0: mpibind: task   2 nths  3 gpus 2 cpus 10-13
0: mpibind: task   3 nths  3 gpus 3 cpus 14-15,17
0: mpibind: task   4 nths  3 gpus 4 cpus 18-20
0: mpibind: task   5 nths  3 gpus 5 cpus 21-23
0: mpibind: task   6 nths  3 gpus 6 cpus 25-28
0: mpibind: task   7 nths  3 gpus 7 cpus 29-31,33
0: mpibind: task   8 nths  3 gpus 8 cpus 34-37
0: mpibind: task   9 nths  3 gpus 9 cpus 38-39,41
0: mpibind: task  10 nths  3 gpus 10 cpus 42-44
0: mpibind: task  11 nths  3 gpus 11 cpus 45-47
0: mpibind: task  12 nths  3 gpus 12 cpus 49-52
0: mpibind: task  13 nths  3 gpus 13 cpus 53-55,57
0: mpibind: task  14 nths  3 gpus 14 cpus 58-61
0: mpibind: task  15 nths  3 gpus 15 cpus 62-63,65
0: mpibind: task  16 nths  3 gpus 16 cpus 66-68
0: mpibind: task  17 nths  3 gpus 17 cpus 69-71
0: mpibind: task  18 nths  3 gpus 18 cpus 73-76
0: mpibind: task  19 nths  3 gpus 19 cpus 77-79,81
0: mpibind: task  20 nths  3 gpus 20 cpus 82-85
0: mpibind: task  21 nths  3 gpus 21 cpus 86-87,89
0: mpibind: task  22 nths  3 gpus 22 cpus 90-92
0: mpibind: task  23 nths  3 gpus 23 cpus 93-95
0: 0.133s: flux-shell[31]: mpibind: 
0: mpibind: task   0 nths  3 gpus 0 cpus 1-4
0: mpibind: task   1 nths  3 gpus 1 cpus 5-7,9
0: mpibind: task   2 nths  3 gpus 2 cpus 10-13
0: mpibind: task   3 nths  3 gpus 3 cpus 14-15,17
0: mpibind: task   4 nths  3 gpus 4 cpus 18-20
0: mpibind: task   5 nths  3 gpus 5 cpus 21-23
0: mpibind: task   6 nths  3 gpus 6 cpus 25-28
0: mpibind: task   7 nths  3 gpus 7 cpus 29-31,33
0: mpibind: task   8 nths  3 gpus 8 cpus 34-37
0: mpibind: task   9 nths  3 gpus 9 cpus 38-39,41
0: mpibind: task  10 nths  3 gpus 10 cpus 42-44
0: mpibind: task  11 nths  3 gpus 11 cpus 45-47
0: mpibind: task  12 nths  3 gpus 12 cpus 49-52
0: mpibind: task  13 nths  3 gpus 13 cpus 53-55,57
0: mpibind: task  14 nths  3 gpus 14 cpus 58-61
0: mpibind: task  15 nths  3 gpus 15 cpus 62-63,65
0: mpibind: task  16 nths  3 gpus 16 cpus 66-68
0: mpibind: task  17 nths  3 gpus 17 cpus 69-71
0: mpibind: task  18 nths  3 gpus 18 cpus 73-76
0: mpibind: task  19 nths  3 gpus 19 cpus 77-79,81
0: mpibind: task  20 nths  3 gpus 20 cpus 82-85
0: mpibind: task  21 nths  3 gpus 21 cpus 86-87,89
0: mpibind: task  22 nths  3 gpus 22 cpus 90-92
0: mpibind: task  23 nths  3 gpus 23 cpus 93-95
0: 0.136s: flux-shell[22]: mpibind: 
0: mpibind: task   0 nths  3 gpus 0 cpus 1-4
0: mpibind: task   1 nths  3 gpus 1 cpus 5-7,9
0: mpibind: task   2 nths  3 gpus 2 cpus 10-13
0: mpibind: task   3 nths  3 gpus 3 cpus 14-15,17
0: mpibind: task   4 nths  3 gpus 4 cpus 18-20
0: mpibind: task   5 nths  3 gpus 5 cpus 21-23
0: mpibind: task   6 nths  3 gpus 6 cpus 25-28
0: mpibind: task   7 nths  3 gpus 7 cpus 29-31,33
0: mpibind: task   8 nths  3 gpus 8 cpus 34-37
0: mpibind: task   9 nths  3 gpus 9 cpus 38-39,41
0: mpibind: task  10 nths  3 gpus 10 cpus 42-44
0: mpibind: task  11 nths  3 gpus 11 cpus 45-47
0: mpibind: task  12 nths  3 gpus 12 cpus 49-52
0: mpibind: task  13 nths  3 gpus 13 cpus 53-55,57
0: mpibind: task  14 nths  3 gpus 14 cpus 58-61
0: mpibind: task  15 nths  3 gpus 15 cpus 62-63,65
0: mpibind: task  16 nths  3 gpus 16 cpus 66-68
0: mpibind: task  17 nths  3 gpus 17 cpus 69-71
0: mpibind: task  18 nths  3 gpus 18 cpus 73-76
0: mpibind: task  19 nths  3 gpus 19 cpus 77-79,81
0: mpibind: task  20 nths  3 gpus 20 cpus 82-85
0: mpibind: task  21 nths  3 gpus 21 cpus 86-87,89
0: mpibind: task  22 nths  3 gpus 22 cpus 90-92
0: mpibind: task  23 nths  3 gpus 23 cpus 93-95
0: 0.129s: flux-shell[25]: mpibind: 
0: mpibind: task   0 nths  3 gpus 0 cpus 1-4
0: mpibind: task   1 nths  3 gpus 1 cpus 5-7,9
0: mpibind: task   2 nths  3 gpus 2 cpus 10-13
0: mpibind: task   3 nths  3 gpus 3 cpus 14-15,17
0: mpibind: task   4 nths  3 gpus 4 cpus 18-20
0: mpibind: task   5 nths  3 gpus 5 cpus 21-23
0: mpibind: task   6 nths  3 gpus 6 cpus 25-28
0: mpibind: task   7 nths  3 gpus 7 cpus 29-31,33
0: mpibind: task   8 nths  3 gpus 8 cpus 34-37
0: mpibind: task   9 nths  3 gpus 9 cpus 38-39,41
0: mpibind: task  10 nths  3 gpus 10 cpus 42-44
0: mpibind: task  11 nths  3 gpus 11 cpus 45-47
0: mpibind: task  12 nths  3 gpus 12 cpus 49-52
0: mpibind: task  13 nths  3 gpus 13 cpus 53-55,57
0: mpibind: task  14 nths  3 gpus 14 cpus 58-61
0: mpibind: task  15 nths  3 gpus 15 cpus 62-63,65
0: mpibind: task  16 nths  3 gpus 16 cpus 66-68
0: mpibind: task  17 nths  3 gpus 17 cpus 69-71
0: mpibind: task  18 nths  3 gpus 18 cpus 73-76
0: mpibind: task  19 nths  3 gpus 19 cpus 77-79,81
0: mpibind: task  20 nths  3 gpus 20 cpus 82-85
0: mpibind: task  21 nths  3 gpus 21 cpus 86-87,89
0: mpibind: task  22 nths  3 gpus 22 cpus 90-92
0: mpibind: task  23 nths  3 gpus 23 cpus 93-95
0: jobid: f4wuKXXLj
0: 0.116s: flux-shell[1]: mpibind: 
0: mpibind: task   0 nths  3 gpus 0 cpus 1-4
0: mpibind: task   1 nths  3 gpus 1 cpus 5-7,9
0: mpibind: task   2 nths  3 gpus 2 cpus 10-13
0: mpibind: task   3 nths  3 gpus 3 cpus 14-15,17
0: mpibind: task   4 nths  3 gpus 4 cpus 18-20
0: mpibind: task   5 nths  3 gpus 5 cpus 21-23
0: mpibind: task   6 nths  3 gpus 6 cpus 25-28
0: mpibind: task   7 nths  3 gpus 7 cpus 29-31,33
0: mpibind: task   8 nths  3 gpus 8 cpus 34-37
0: mpibind: task   9 nths  3 gpus 9 cpus 38-39,41
0: mpibind: task  10 nths  3 gpus 10 cpus 42-44
0: mpibind: task  11 nths  3 gpus 11 cpus 45-47
0: mpibind: task  12 nths  3 gpus 12 cpus 49-52
0: mpibind: task  13 nths  3 gpus 13 cpus 53-55,57
0: mpibind: task  14 nths  3 gpus 14 cpus 58-61
0: mpibind: task  15 nths  3 gpus 15 cpus 62-63,65
0: mpibind: task  16 nths  3 gpus 16 cpus 66-68
0: mpibind: task  17 nths  3 gpus 17 cpus 69-71
0: mpibind: task  18 nths  3 gpus 18 cpus 73-76
0: mpibind: task  19 nths  3 gpus 19 cpus 77-79,81
0: mpibind: task  20 nths  3 gpus 20 cpus 82-85
0: mpibind: task  21 nths  3 gpus 21 cpus 86-87,89
0: mpibind: task  22 nths  3 gpus 22 cpus 90-92
0: mpibind: task  23 nths  3 gpus 23 cpus 93-95
0: 0.118s: flux-shell[0]: mpibind: 
0: mpibind: task   0 nths  3 gpus 0 cpus 1-4
0: mpibind: task   1 nths  3 gpus 1 cpus 5-7,9
0: mpibind: task   2 nths  3 gpus 2 cpus 10-13
0: mpibind: task   3 nths  3 gpus 3 cpus 14-15,17
0: mpibind: task   4 nths  3 gpus 4 cpus 18-20
0: mpibind: task   5 nths  3 gpus 5 cpus 21-23
0: mpibind: task   6 nths  3 gpus 6 cpus 25-28
0: mpibind: task   7 nths  3 gpus 7 cpus 29-31,33
0: mpibind: task   8 nths  3 gpus 8 cpus 34-37
0: mpibind: task   9 nths  3 gpus 9 cpus 38-39,41
0: mpibind: task  10 nths  3 gpus 10 cpus 42-44
0: mpibind: task  11 nths  3 gpus 11 cpus 45-47
0: mpibind: task  12 nths  3 gpus 12 cpus 49-52
0: mpibind: task  13 nths  3 gpus 13 cpus 53-55,57
0: mpibind: task  14 nths  3 gpus 14 cpus 58-61
0: mpibind: task  15 nths  3 gpus 15 cpus 62-63,65
0: mpibind: task  16 nths  3 gpus 16 cpus 66-68
0: mpibind: task  17 nths  3 gpus 17 cpus 69-71
0: mpibind: task  18 nths  3 gpus 18 cpus 73-76
0: mpibind: task  19 nths  3 gpus 19 cpus 77-79,81
0: mpibind: task  20 nths  3 gpus 20 cpus 82-85
0: mpibind: task  21 nths  3 gpus 21 cpus 86-87,89
0: mpibind: task  22 nths  3 gpus 22 cpus 90-92
0: mpibind: task  23 nths  3 gpus 23 cpus 93-95
0: 0.128s: flux-shell[2]: mpibind: 
0: mpibind: task   0 nths  3 gpus 0 cpus 1-4
0: mpibind: task   1 nths  3 gpus 1 cpus 5-7,9
0: mpibind: task   2 nths  3 gpus 2 cpus 10-13
0: mpibind: task   3 nths  3 gpus 3 cpus 14-15,17
0: mpibind: task   4 nths  3 gpus 4 cpus 18-20
0: mpibind: task   5 nths  3 gpus 5 cpus 21-23
0: mpibind: task   6 nths  3 gpus 6 cpus 25-28
0: mpibind: task   7 nths  3 gpus 7 cpus 29-31,33
0: mpibind: task   8 nths  3 gpus 8 cpus 34-37
0: mpibind: task   9 nths  3 gpus 9 cpus 38-39,41
0: mpibind: task  10 nths  3 gpus 10 cpus 42-44
0: mpibind: task  11 nths  3 gpus 11 cpus 45-47
0: mpibind: task  12 nths  3 gpus 12 cpus 49-52
0: mpibind: task  13 nths  3 gpus 13 cpus 53-55,57
0: mpibind: task  14 nths  3 gpus 14 cpus 58-61
0: mpibind: task  15 nths  3 gpus 15 cpus 62-63,65
0: mpibind: task  16 nths  3 gpus 16 cpus 66-68
0: mpibind: task  17 nths  3 gpus 17 cpus 69-71
0: mpibind: task  18 nths  3 gpus 18 cpus 73-76
0: mpibind: task  19 nths  3 gpus 19 cpus 77-79,81
0: mpibind: task  20 nths  3 gpus 20 cpus 82-85
0: mpibind: task  21 nths  3 gpus 21 cpus 86-87,89
0: mpibind: task  22 nths  3 gpus 22 cpus 90-92
0: mpibind: task  23 nths  3 gpus 23 cpus 93-95
0: 0.135s: flux-shell[3]: mpibind: 
0: mpibind: task   0 nths  3 gpus 0 cpus 1-4
0: mpibind: task   1 nths  3 gpus 1 cpus 5-7,9
0: mpibind: task   2 nths  3 gpus 2 cpus 10-13
0: mpibind: task   3 nths  3 gpus 3 cpus 14-15,17
0: mpibind: task   4 nths  3 gpus 4 cpus 18-20
0: mpibind: task   5 nths  3 gpus 5 cpus 21-23
0: mpibind: task   6 nths  3 gpus 6 cpus 25-28
0: mpibind: task   7 nths  3 gpus 7 cpus 29-31,33
0: mpibind: task   8 nths  3 gpus 8 cpus 34-37
0: mpibind: task   9 nths  3 gpus 9 cpus 38-39,41
0: mpibind: task  10 nths  3 gpus 10 cpus 42-44
0: mpibind: task  11 nths  3 gpus 11 cpus 45-47
0: mpibind: task  12 nths  3 gpus 12 cpus 49-52
0: mpibind: task  13 nths  3 gpus 13 cpus 53-55,57
0: mpibind: task  14 nths  3 gpus 14 cpus 58-61
0: mpibind: task  15 nths  3 gpus 15 cpus 62-63,65
0: mpibind: task  16 nths  3 gpus 16 cpus 66-68
0: mpibind: task  17 nths  3 gpus 17 cpus 69-71
0: mpibind: task  18 nths  3 gpus 18 cpus 73-76
0: mpibind: task  19 nths  3 gpus 19 cpus 77-79,81
0: mpibind: task  20 nths  3 gpus 20 cpus 82-85
0: mpibind: task  21 nths  3 gpus 21 cpus 86-87,89
0: mpibind: task  22 nths  3 gpus 22 cpus 90-92
0: mpibind: task  23 nths  3 gpus 23 cpus 93-95
0: 0.121s: flux-shell[4]: mpibind: 
0: mpibind: task   0 nths  3 gpus 0 cpus 1-4
0: mpibind: task   1 nths  3 gpus 1 cpus 5-7,9
0: mpibind: task   2 nths  3 gpus 2 cpus 10-13
0: mpibind: task   3 nths  3 gpus 3 cpus 14-15,17
0: mpibind: task   4 nths  3 gpus 4 cpus 18-20
0: mpibind: task   5 nths  3 gpus 5 cpus 21-23
0: mpibind: task   6 nths  3 gpus 6 cpus 25-28
0: mpibind: task   7 nths  3 gpus 7 cpus 29-31,33
0: mpibind: task   8 nths  3 gpus 8 cpus 34-37
0: mpibind: task   9 nths  3 gpus 9 cpus 38-39,41
0: mpibind: task  10 nths  3 gpus 10 cpus 42-44
0: mpibind: task  11 nths  3 gpus 11 cpus 45-47
0: mpibind: task  12 nths  3 gpus 12 cpus 49-52
0: mpibind: task  13 nths  3 gpus 13 cpus 53-55,57
0: mpibind: task  14 nths  3 gpus 14 cpus 58-61
0: mpibind: task  15 nths  3 gpus 15 cpus 62-63,65
0: mpibind: task  16 nths  3 gpus 16 cpus 66-68
0: mpibind: task  17 nths  3 gpus 17 cpus 69-71
0: mpibind: task  18 nths  3 gpus 18 cpus 73-76
0: mpibind: task  19 nths  3 gpus 19 cpus 77-79,81
0: mpibind: task  20 nths  3 gpus 20 cpus 82-85
0: mpibind: task  21 nths  3 gpus 21 cpus 86-87,89
0: mpibind: task  22 nths  3 gpus 22 cpus 90-92
0: mpibind: task  23 nths  3 gpus 23 cpus 93-95
0: 0.124s: flux-shell[5]: mpibind: 
0: mpibind: task   0 nths  3 gpus 0 cpus 1-4
0: mpibind: task   1 nths  3 gpus 1 cpus 5-7,9
0: mpibind: task   2 nths  3 gpus 2 cpus 10-13
0: mpibind: task   3 nths  3 gpus 3 cpus 14-15,17
0: mpibind: task   4 nths  3 gpus 4 cpus 18-20
0: mpibind: task   5 nths  3 gpus 5 cpus 21-23
0: mpibind: task   6 nths  3 gpus 6 cpus 25-28
0: mpibind: task   7 nths  3 gpus 7 cpus 29-31,33
0: mpibind: task   8 nths  3 gpus 8 cpus 34-37
0: mpibind: task   9 nths  3 gpus 9 cpus 38-39,41
0: mpibind: task  10 nths  3 gpus 10 cpus 42-44
0: mpibind: task  11 nths  3 gpus 11 cpus 45-47
0: mpibind: task  12 nths  3 gpus 12 cpus 49-52
0: mpibind: task  13 nths  3 gpus 13 cpus 53-55,57
0: mpibind: task  14 nths  3 gpus 14 cpus 58-61
0: mpibind: task  15 nths  3 gpus 15 cpus 62-63,65
0: mpibind: task  16 nths  3 gpus 16 cpus 66-68
0: mpibind: task  17 nths  3 gpus 17 cpus 69-71
0: mpibind: task  18 nths  3 gpus 18 cpus 73-76
0: mpibind: task  19 nths  3 gpus 19 cpus 77-79,81
0: mpibind: task  20 nths  3 gpus 20 cpus 82-85
0: mpibind: task  21 nths  3 gpus 21 cpus 86-87,89
0: mpibind: task  22 nths  3 gpus 22 cpus 90-92
0: mpibind: task  23 nths  3 gpus 23 cpus 93-95
0: 0.120s: flux-shell[6]: mpibind: 
0: mpibind: task   0 nths  3 gpus 0 cpus 1-4
0: mpibind: task   1 nths  3 gpus 1 cpus 5-7,9
0: mpibind: task   2 nths  3 gpus 2 cpus 10-13
0: mpibind: task   3 nths  3 gpus 3 cpus 14-15,17
0: mpibind: task   4 nths  3 gpus 4 cpus 18-20
0: mpibind: task   5 nths  3 gpus 5 cpus 21-23
0: mpibind: task   6 nths  3 gpus 6 cpus 25-28
0: mpibind: task   7 nths  3 gpus 7 cpus 29-31,33
0: mpibind: task   8 nths  3 gpus 8 cpus 34-37
0: mpibind: task   9 nths  3 gpus 9 cpus 38-39,41
0: mpibind: task  10 nths  3 gpus 10 cpus 42-44
0: mpibind: task  11 nths  3 gpus 11 cpus 45-47
0: mpibind: task  12 nths  3 gpus 12 cpus 49-52
0: mpibind: task  13 nths  3 gpus 13 cpus 53-55,57
0: mpibind: task  14 nths  3 gpus 14 cpus 58-61
0: mpibind: task  15 nths  3 gpus 15 cpus 62-63,65
0: mpibind: task  16 nths  3 gpus 16 cpus 66-68
0: mpibind: task  17 nths  3 gpus 17 cpus 69-71
0: mpibind: task  18 nths  3 gpus 18 cpus 73-76
0: mpibind: task  19 nths  3 gpus 19 cpus 77-79,81
0: mpibind: task  20 nths  3 gpus 20 cpus 82-85
0: mpibind: task  21 nths  3 gpus 21 cpus 86-87,89
0: mpibind: task  22 nths  3 gpus 22 cpus 90-92
0: mpibind: task  23 nths  3 gpus 23 cpus 93-95
0: 0.121s: flux-shell[7]: mpibind: 
0: mpibind: task   0 nths  3 gpus 0 cpus 1-4
0: mpibind: task   1 nths  3 gpus 1 cpus 5-7,9
0: mpibind: task   2 nths  3 gpus 2 cpus 10-13
0: mpibind: task   3 nths  3 gpus 3 cpus 14-15,17
0: mpibind: task   4 nths  3 gpus 4 cpus 18-20
0: mpibind: task   5 nths  3 gpus 5 cpus 21-23
0: mpibind: task   6 nths  3 gpus 6 cpus 25-28
0: mpibind: task   7 nths  3 gpus 7 cpus 29-31,33
0: mpibind: task   8 nths  3 gpus 8 cpus 34-37
0: mpibind: task   9 nths  3 gpus 9 cpus 38-39,41
0: mpibind: task  10 nths  3 gpus 10 cpus 42-44
0: mpibind: task  11 nths  3 gpus 11 cpus 45-47
0: mpibind: task  12 nths  3 gpus 12 cpus 49-52
0: mpibind: task  13 nths  3 gpus 13 cpus 53-55,57
0: mpibind: task  14 nths  3 gpus 14 cpus 58-61
0: mpibind: task  15 nths  3 gpus 15 cpus 62-63,65
0: mpibind: task  16 nths  3 gpus 16 cpus 66-68
0: mpibind: task  17 nths  3 gpus 17 cpus 69-71
0: mpibind: task  18 nths  3 gpus 18 cpus 73-76
0: mpibind: task  19 nths  3 gpus 19 cpus 77-79,81
0: mpibind: task  20 nths  3 gpus 20 cpus 82-85
0: mpibind: task  21 nths  3 gpus 21 cpus 86-87,89
0: mpibind: task  22 nths  3 gpus 22 cpus 90-92
0: mpibind: task  23 nths  3 gpus 23 cpus 93-95
0: 0.123s: flux-shell[8]: mpibind: 
0: mpibind: task   0 nths  3 gpus 0 cpus 1-4
0: mpibind: task   1 nths  3 gpus 1 cpus 5-7,9
0: mpibind: task   2 nths  3 gpus 2 cpus 10-13
0: mpibind: task   3 nths  3 gpus 3 cpus 14-15,17
0: mpibind: task   4 nths  3 gpus 4 cpus 18-20
0: mpibind: task   5 nths  3 gpus 5 cpus 21-23
0: mpibind: task   6 nths  3 gpus 6 cpus 25-28
0: mpibind: task   7 nths  3 gpus 7 cpus 29-31,33
0: mpibind: task   8 nths  3 gpus 8 cpus 34-37
0: mpibind: task   9 nths  3 gpus 9 cpus 38-39,41
0: mpibind: task  10 nths  3 gpus 10 cpus 42-44
0: mpibind: task  11 nths  3 gpus 11 cpus 45-47
0: mpibind: task  12 nths  3 gpus 12 cpus 49-52
0: mpibind: task  13 nths  3 gpus 13 cpus 53-55,57
0: mpibind: task  14 nths  3 gpus 14 cpus 58-61
0: mpibind: task  15 nths  3 gpus 15 cpus 62-63,65
0: mpibind: task  16 nths  3 gpus 16 cpus 66-68
0: mpibind: task  17 nths  3 gpus 17 cpus 69-71
0: mpibind: task  18 nths  3 gpus 18 cpus 73-76
0: mpibind: task  19 nths  3 gpus 19 cpus 77-79,81
0: mpibind: task  20 nths  3 gpus 20 cpus 82-85
0: mpibind: task  21 nths  3 gpus 21 cpus 86-87,89
0: mpibind: task  22 nths  3 gpus 22 cpus 90-92
0: mpibind: task  23 nths  3 gpus 23 cpus 93-95
0: 0.130s: flux-shell[9]: mpibind: 
0: mpibind: task   0 nths  3 gpus 0 cpus 1-4
0: mpibind: task   1 nths  3 gpus 1 cpus 5-7,9
0: mpibind: task   2 nths  3 gpus 2 cpus 10-13
0: mpibind: task   3 nths  3 gpus 3 cpus 14-15,17
0: mpibind: task   4 nths  3 gpus 4 cpus 18-20
0: mpibind: task   5 nths  3 gpus 5 cpus 21-23
0: mpibind: task   6 nths  3 gpus 6 cpus 25-28
0: mpibind: task   7 nths  3 gpus 7 cpus 29-31,33
0: mpibind: task   8 nths  3 gpus 8 cpus 34-37
0: mpibind: task   9 nths  3 gpus 9 cpus 38-39,41
0: mpibind: task  10 nths  3 gpus 10 cpus 42-44
0: mpibind: task  11 nths  3 gpus 11 cpus 45-47
0: mpibind: task  12 nths  3 gpus 12 cpus 49-52
0: mpibind: task  13 nths  3 gpus 13 cpus 53-55,57
0: mpibind: task  14 nths  3 gpus 14 cpus 58-61
0: mpibind: task  15 nths  3 gpus 15 cpus 62-63,65
0: mpibind: task  16 nths  3 gpus 16 cpus 66-68
0: mpibind: task  17 nths  3 gpus 17 cpus 69-71
0: mpibind: task  18 nths  3 gpus 18 cpus 73-76
0: mpibind: task  19 nths  3 gpus 19 cpus 77-79,81
0: mpibind: task  20 nths  3 gpus 20 cpus 82-85
0: mpibind: task  21 nths  3 gpus 21 cpus 86-87,89
0: mpibind: task  22 nths  3 gpus 22 cpus 90-92
0: mpibind: task  23 nths  3 gpus 23 cpus 93-95
0: 0.134s: flux-shell[10]: mpibind: 
0: mpibind: task   0 nths  3 gpus 0 cpus 1-4
0: mpibind: task   1 nths  3 gpus 1 cpus 5-7,9
0: mpibind: task   2 nths  3 gpus 2 cpus 10-13
0: mpibind: task   3 nths  3 gpus 3 cpus 14-15,17
0: mpibind: task   4 nths  3 gpus 4 cpus 18-20
0: mpibind: task   5 nths  3 gpus 5 cpus 21-23
0: mpibind: task   6 nths  3 gpus 6 cpus 25-28
0: mpibind: task   7 nths  3 gpus 7 cpus 29-31,33
0: mpibind: task   8 nths  3 gpus 8 cpus 34-37
0: mpibind: task   9 nths  3 gpus 9 cpus 38-39,41
0: mpibind: task  10 nths  3 gpus 10 cpus 42-44
0: mpibind: task  11 nths  3 gpus 11 cpus 45-47
0: mpibind: task  12 nths  3 gpus 12 cpus 49-52
0: mpibind: task  13 nths  3 gpus 13 cpus 53-55,57
0: mpibind: task  14 nths  3 gpus 14 cpus 58-61
0: mpibind: task  15 nths  3 gpus 15 cpus 62-63,65
0: mpibind: task  16 nths  3 gpus 16 cpus 66-68
0: mpibind: task  17 nths  3 gpus 17 cpus 69-71
0: mpibind: task  18 nths  3 gpus 18 cpus 73-76
0: mpibind: task  19 nths  3 gpus 19 cpus 77-79,81
0: mpibind: task  20 nths  3 gpus 20 cpus 82-85
0: mpibind: task  21 nths  3 gpus 21 cpus 86-87,89
0: mpibind: task  22 nths  3 gpus 22 cpus 90-92
0: mpibind: task  23 nths  3 gpus 23 cpus 93-95
0: 0.120s: flux-shell[11]: mpibind: 
0: mpibind: task   0 nths  3 gpus 0 cpus 1-4
0: mpibind: task   1 nths  3 gpus 1 cpus 5-7,9
0: mpibind: task   2 nths  3 gpus 2 cpus 10-13
0: mpibind: task   3 nths  3 gpus 3 cpus 14-15,17
0: mpibind: task   4 nths  3 gpus 4 cpus 18-20
0: mpibind: task   5 nths  3 gpus 5 cpus 21-23
0: mpibind: task   6 nths  3 gpus 6 cpus 25-28
0: mpibind: task   7 nths  3 gpus 7 cpus 29-31,33
0: mpibind: task   8 nths  3 gpus 8 cpus 34-37
0: mpibind: task   9 nths  3 gpus 9 cpus 38-39,41
0: mpibind: task  10 nths  3 gpus 10 cpus 42-44
0: mpibind: task  11 nths  3 gpus 11 cpus 45-47
0: mpibind: task  12 nths  3 gpus 12 cpus 49-52
0: mpibind: task  13 nths  3 gpus 13 cpus 53-55,57
0: mpibind: task  14 nths  3 gpus 14 cpus 58-61
0: mpibind: task  15 nths  3 gpus 15 cpus 62-63,65
0: mpibind: task  16 nths  3 gpus 16 cpus 66-68
0: mpibind: task  17 nths  3 gpus 17 cpus 69-71
0: mpibind: task  18 nths  3 gpus 18 cpus 73-76
0: mpibind: task  19 nths  3 gpus 19 cpus 77-79,81
0: mpibind: task  20 nths  3 gpus 20 cpus 82-85
0: mpibind: task  21 nths  3 gpus 21 cpus 86-87,89
0: mpibind: task  22 nths  3 gpus 22 cpus 90-92
0: mpibind: task  23 nths  3 gpus 23 cpus 93-95
0: 0.127s: flux-shell[12]: mpibind: 
0: mpibind: task   0 nths  3 gpus 0 cpus 1-4
0: mpibind: task   1 nths  3 gpus 1 cpus 5-7,9
0: mpibind: task   2 nths  3 gpus 2 cpus 10-13
0: mpibind: task   3 nths  3 gpus 3 cpus 14-15,17
0: mpibind: task   4 nths  3 gpus 4 cpus 18-20
0: mpibind: task   5 nths  3 gpus 5 cpus 21-23
0: mpibind: task   6 nths  3 gpus 6 cpus 25-28
0: mpibind: task   7 nths  3 gpus 7 cpus 29-31,33
0: mpibind: task   8 nths  3 gpus 8 cpus 34-37
0: mpibind: task   9 nths  3 gpus 9 cpus 38-39,41
0: mpibind: task  10 nths  3 gpus 10 cpus 42-44
0: mpibind: task  11 nths  3 gpus 11 cpus 45-47
0: mpibind: task  12 nths  3 gpus 12 cpus 49-52
0: mpibind: task  13 nths  3 gpus 13 cpus 53-55,57
0: mpibind: task  14 nths  3 gpus 14 cpus 58-61
0: mpibind: task  15 nths  3 gpus 15 cpus 62-63,65
0: mpibind: task  16 nths  3 gpus 16 cpus 66-68
0: mpibind: task  17 nths  3 gpus 17 cpus 69-71
0: mpibind: task  18 nths  3 gpus 18 cpus 73-76
0: mpibind: task  19 nths  3 gpus 19 cpus 77-79,81
0: mpibind: task  20 nths  3 gpus 20 cpus 82-85
0: mpibind: task  21 nths  3 gpus 21 cpus 86-87,89
0: mpibind: task  22 nths  3 gpus 22 cpus 90-92
0: mpibind: task  23 nths  3 gpus 23 cpus 93-95
0: 0.127s: flux-shell[13]: mpibind: 
0: mpibind: task   0 nths  3 gpus 0 cpus 1-4
0: mpibind: task   1 nths  3 gpus 1 cpus 5-7,9
0: mpibind: task   2 nths  3 gpus 2 cpus 10-13
0: mpibind: task   3 nths  3 gpus 3 cpus 14-15,17
0: mpibind: task   4 nths  3 gpus 4 cpus 18-20
0: mpibind: task   5 nths  3 gpus 5 cpus 21-23
0: mpibind: task   6 nths  3 gpus 6 cpus 25-28
0: mpibind: task   7 nths  3 gpus 7 cpus 29-31,33
0: mpibind: task   8 nths  3 gpus 8 cpus 34-37
0: mpibind: task   9 nths  3 gpus 9 cpus 38-39,41
0: mpibind: task  10 nths  3 gpus 10 cpus 42-44
0: mpibind: task  11 nths  3 gpus 11 cpus 45-47
0: mpibind: task  12 nths  3 gpus 12 cpus 49-52
0: mpibind: task  13 nths  3 gpus 13 cpus 53-55,57
0: mpibind: task  14 nths  3 gpus 14 cpus 58-61
0: mpibind: task  15 nths  3 gpus 15 cpus 62-63,65
0: mpibind: task  16 nths  3 gpus 16 cpus 66-68
0: mpibind: task  17 nths  3 gpus 17 cpus 69-71
0: mpibind: task  18 nths  3 gpus 18 cpus 73-76
0: mpibind: task  19 nths  3 gpus 19 cpus 77-79,81
0: mpibind: task  20 nths  3 gpus 20 cpus 82-85
0: mpibind: task  21 nths  3 gpus 21 cpus 86-87,89
0: mpibind: task  22 nths  3 gpus 22 cpus 90-92
0: mpibind: task  23 nths  3 gpus 23 cpus 93-95
0: 0.126s: flux-shell[14]: mpibind: 
0: mpibind: task   0 nths  3 gpus 0 cpus 1-4
0: mpibind: task   1 nths  3 gpus 1 cpus 5-7,9
0: mpibind: task   2 nths  3 gpus 2 cpus 10-13
0: mpibind: task   3 nths  3 gpus 3 cpus 14-15,17
0: mpibind: task   4 nths  3 gpus 4 cpus 18-20
0: mpibind: task   5 nths  3 gpus 5 cpus 21-23
0: mpibind: task   6 nths  3 gpus 6 cpus 25-28
0: mpibind: task   7 nths  3 gpus 7 cpus 29-31,33
0: mpibind: task   8 nths  3 gpus 8 cpus 34-37
0: mpibind: task   9 nths  3 gpus 9 cpus 38-39,41
0: mpibind: task  10 nths  3 gpus 10 cpus 42-44
0: mpibind: task  11 nths  3 gpus 11 cpus 45-47
0: mpibind: task  12 nths  3 gpus 12 cpus 49-52
0: mpibind: task  13 nths  3 gpus 13 cpus 53-55,57
0: mpibind: task  14 nths  3 gpus 14 cpus 58-61
0: mpibind: task  15 nths  3 gpus 15 cpus 62-63,65
0: mpibind: task  16 nths  3 gpus 16 cpus 66-68
0: mpibind: task  17 nths  3 gpus 17 cpus 69-71
0: mpibind: task  18 nths  3 gpus 18 cpus 73-76
0: mpibind: task  19 nths  3 gpus 19 cpus 77-79,81
0: mpibind: task  20 nths  3 gpus 20 cpus 82-85
0: mpibind: task  21 nths  3 gpus 21 cpus 86-87,89
0: mpibind: task  22 nths  3 gpus 22 cpus 90-92
0: mpibind: task  23 nths  3 gpus 23 cpus 93-95
0: 0.127s: flux-shell[15]: mpibind: 
0: mpibind: task   0 nths  3 gpus 0 cpus 1-4
0: mpibind: task   1 nths  3 gpus 1 cpus 5-7,9
0: mpibind: task   2 nths  3 gpus 2 cpus 10-13
0: mpibind: task   3 nths  3 gpus 3 cpus 14-15,17
0: mpibind: task   4 nths  3 gpus 4 cpus 18-20
0: mpibind: task   5 nths  3 gpus 5 cpus 21-23
0: mpibind: task   6 nths  3 gpus 6 cpus 25-28
0: mpibind: task   7 nths  3 gpus 7 cpus 29-31,33
0: mpibind: task   8 nths  3 gpus 8 cpus 34-37
0: mpibind: task   9 nths  3 gpus 9 cpus 38-39,41
0: mpibind: task  10 nths  3 gpus 10 cpus 42-44
0: mpibind: task  11 nths  3 gpus 11 cpus 45-47
0: mpibind: task  12 nths  3 gpus 12 cpus 49-52
0: mpibind: task  13 nths  3 gpus 13 cpus 53-55,57
0: mpibind: task  14 nths  3 gpus 14 cpus 58-61
0: mpibind: task  15 nths  3 gpus 15 cpus 62-63,65
0: mpibind: task  16 nths  3 gpus 16 cpus 66-68
0: mpibind: task  17 nths  3 gpus 17 cpus 69-71
0: mpibind: task  18 nths  3 gpus 18 cpus 73-76
0: mpibind: task  19 nths  3 gpus 19 cpus 77-79,81
0: mpibind: task  20 nths  3 gpus 20 cpus 82-85
0: mpibind: task  21 nths  3 gpus 21 cpus 86-87,89
0: mpibind: task  22 nths  3 gpus 22 cpus 90-92
0: mpibind: task  23 nths  3 gpus 23 cpus 93-95
0: 0.133s: flux-shell[19]: mpibind: 
0: mpibind: task   0 nths  3 gpus 0 cpus 1-4
0: mpibind: task   1 nths  3 gpus 1 cpus 5-7,9
0: mpibind: task   2 nths  3 gpus 2 cpus 10-13
0: mpibind: task   3 nths  3 gpus 3 cpus 14-15,17
0: mpibind: task   4 nths  3 gpus 4 cpus 18-20
0: mpibind: task   5 nths  3 gpus 5 cpus 21-23
0: mpibind: task   6 nths  3 gpus 6 cpus 25-28
0: mpibind: task   7 nths  3 gpus 7 cpus 29-31,33
0: mpibind: task   8 nths  3 gpus 8 cpus 34-37
0: mpibind: task   9 nths  3 gpus 9 cpus 38-39,41
0: mpibind: task  10 nths  3 gpus 10 cpus 42-44
0: mpibind: task  11 nths  3 gpus 11 cpus 45-47
0: mpibind: task  12 nths  3 gpus 12 cpus 49-52
0: mpibind: task  13 nths  3 gpus 13 cpus 53-55,57
0: mpibind: task  14 nths  3 gpus 14 cpus 58-61
0: mpibind: task  15 nths  3 gpus 15 cpus 62-63,65
0: mpibind: task  16 nths  3 gpus 16 cpus 66-68
0: mpibind: task  17 nths  3 gpus 17 cpus 69-71
0: mpibind: task  18 nths  3 gpus 18 cpus 73-76
0: mpibind: task  19 nths  3 gpus 19 cpus 77-79,81
0: mpibind: task  20 nths  3 gpus 20 cpus 82-85
0: mpibind: task  21 nths  3 gpus 21 cpus 86-87,89
0: mpibind: task  22 nths  3 gpus 22 cpus 90-92
0: mpibind: task  23 nths  3 gpus 23 cpus 93-95
0: 0.132s: flux-shell[16]: mpibind: 
0: mpibind: task   0 nths  3 gpus 0 cpus 1-4
0: mpibind: task   1 nths  3 gpus 1 cpus 5-7,9
0: mpibind: task   2 nths  3 gpus 2 cpus 10-13
0: mpibind: task   3 nths  3 gpus 3 cpus 14-15,17
0: mpibind: task   4 nths  3 gpus 4 cpus 18-20
0: mpibind: task   5 nths  3 gpus 5 cpus 21-23
0: mpibind: task   6 nths  3 gpus 6 cpus 25-28
0: mpibind: task   7 nths  3 gpus 7 cpus 29-31,33
0: mpibind: task   8 nths  3 gpus 8 cpus 34-37
0: mpibind: task   9 nths  3 gpus 9 cpus 38-39,41
0: mpibind: task  10 nths  3 gpus 10 cpus 42-44
0: mpibind: task  11 nths  3 gpus 11 cpus 45-47
0: mpibind: task  12 nths  3 gpus 12 cpus 49-52
0: mpibind: task  13 nths  3 gpus 13 cpus 53-55,57
0: mpibind: task  14 nths  3 gpus 14 cpus 58-61
0: mpibind: task  15 nths  3 gpus 15 cpus 62-63,65
0: mpibind: task  16 nths  3 gpus 16 cpus 66-68
0: mpibind: task  17 nths  3 gpus 17 cpus 69-71
0: mpibind: task  18 nths  3 gpus 18 cpus 73-76
0: mpibind: task  19 nths  3 gpus 19 cpus 77-79,81
0: mpibind: task  20 nths  3 gpus 20 cpus 82-85
0: mpibind: task  21 nths  3 gpus 21 cpus 86-87,89
0: mpibind: task  22 nths  3 gpus 22 cpus 90-92
0: mpibind: task  23 nths  3 gpus 23 cpus 93-95
0: 0.133s: flux-shell[20]: mpibind: 
0: mpibind: task   0 nths  3 gpus 0 cpus 1-4
0: mpibind: task   1 nths  3 gpus 1 cpus 5-7,9
0: mpibind: task   2 nths  3 gpus 2 cpus 10-13
0: mpibind: task   3 nths  3 gpus 3 cpus 14-15,17
0: mpibind: task   4 nths  3 gpus 4 cpus 18-20
0: mpibind: task   5 nths  3 gpus 5 cpus 21-23
0: mpibind: task   6 nths  3 gpus 6 cpus 25-28
0: mpibind: task   7 nths  3 gpus 7 cpus 29-31,33
0: mpibind: task   8 nths  3 gpus 8 cpus 34-37
0: mpibind: task   9 nths  3 gpus 9 cpus 38-39,41
0: mpibind: task  10 nths  3 gpus 10 cpus 42-44
0: mpibind: task  11 nths  3 gpus 11 cpus 45-47
0: mpibind: task  12 nths  3 gpus 12 cpus 49-52
0: mpibind: task  13 nths  3 gpus 13 cpus 53-55,57
0: mpibind: task  14 nths  3 gpus 14 cpus 58-61
0: mpibind: task  15 nths  3 gpus 15 cpus 62-63,65
0: mpibind: task  16 nths  3 gpus 16 cpus 66-68
0: mpibind: task  17 nths  3 gpus 17 cpus 69-71
0: mpibind: task  18 nths  3 gpus 18 cpus 73-76
0: mpibind: task  19 nths  3 gpus 19 cpus 77-79,81
0: mpibind: task  20 nths  3 gpus 20 cpus 82-85
0: mpibind: task  21 nths  3 gpus 21 cpus 86-87,89
0: mpibind: task  22 nths  3 gpus 22 cpus 90-92
0: mpibind: task  23 nths  3 gpus 23 cpus 93-95
0: 0.131s: flux-shell[17]: mpibind: 
0: mpibind: task   0 nths  3 gpus 0 cpus 1-4
0: mpibind: task   1 nths  3 gpus 1 cpus 5-7,9
0: mpibind: task   2 nths  3 gpus 2 cpus 10-13
0: mpibind: task   3 nths  3 gpus 3 cpus 14-15,17
0: mpibind: task   4 nths  3 gpus 4 cpus 18-20
0: mpibind: task   5 nths  3 gpus 5 cpus 21-23
0: mpibind: task   6 nths  3 gpus 6 cpus 25-28
0: mpibind: task   7 nths  3 gpus 7 cpus 29-31,33
0: mpibind: task   8 nths  3 gpus 8 cpus 34-37
0: mpibind: task   9 nths  3 gpus 9 cpus 38-39,41
0: mpibind: task  10 nths  3 gpus 10 cpus 42-44
0: mpibind: task  11 nths  3 gpus 11 cpus 45-47
0: mpibind: task  12 nths  3 gpus 12 cpus 49-52
0: mpibind: task  13 nths  3 gpus 13 cpus 53-55,57
0: mpibind: task  14 nths  3 gpus 14 cpus 58-61
0: mpibind: task  15 nths  3 gpus 15 cpus 62-63,65
0: mpibind: task  16 nths  3 gpus 16 cpus 66-68
0: mpibind: task  17 nths  3 gpus 17 cpus 69-71
0: mpibind: task  18 nths  3 gpus 18 cpus 73-76
0: mpibind: task  19 nths  3 gpus 19 cpus 77-79,81
0: mpibind: task  20 nths  3 gpus 20 cpus 82-85
0: mpibind: task  21 nths  3 gpus 21 cpus 86-87,89
0: mpibind: task  22 nths  3 gpus 22 cpus 90-92
0: mpibind: task  23 nths  3 gpus 23 cpus 93-95
0: 0.133s: flux-shell[21]: mpibind: 
0: mpibind: task   0 nths  3 gpus 0 cpus 1-4
0: mpibind: task   1 nths  3 gpus 1 cpus 5-7,9
0: mpibind: task   2 nths  3 gpus 2 cpus 10-13
0: mpibind: task   3 nths  3 gpus 3 cpus 14-15,17
0: mpibind: task   4 nths  3 gpus 4 cpus 18-20
0: mpibind: task   5 nths  3 gpus 5 cpus 21-23
0: mpibind: task   6 nths  3 gpus 6 cpus 25-28
0: mpibind: task   7 nths  3 gpus 7 cpus 29-31,33
0: mpibind: task   8 nths  3 gpus 8 cpus 34-37
0: mpibind: task   9 nths  3 gpus 9 cpus 38-39,41
0: mpibind: task  10 nths  3 gpus 10 cpus 42-44
0: mpibind: task  11 nths  3 gpus 11 cpus 45-47
0: mpibind: task  12 nths  3 gpus 12 cpus 49-52
0: mpibind: task  13 nths  3 gpus 13 cpus 53-55,57
0: mpibind: task  14 nths  3 gpus 14 cpus 58-61
0: mpibind: task  15 nths  3 gpus 15 cpus 62-63,65
0: mpibind: task  16 nths  3 gpus 16 cpus 66-68
0: mpibind: task  17 nths  3 gpus 17 cpus 69-71
0: mpibind: task  18 nths  3 gpus 18 cpus 73-76
0: mpibind: task  19 nths  3 gpus 19 cpus 77-79,81
0: mpibind: task  20 nths  3 gpus 20 cpus 82-85
0: mpibind: task  21 nths  3 gpus 21 cpus 86-87,89
0: mpibind: task  22 nths  3 gpus 22 cpus 90-92
0: mpibind: task  23 nths  3 gpus 23 cpus 93-95
0: 0.135s: flux-shell[18]: mpibind: 
0: mpibind: task   0 nths  3 gpus 0 cpus 1-4
0: mpibind: task   1 nths  3 gpus 1 cpus 5-7,9
0: mpibind: task   2 nths  3 gpus 2 cpus 10-13
0: mpibind: task   3 nths  3 gpus 3 cpus 14-15,17
0: mpibind: task   4 nths  3 gpus 4 cpus 18-20
0: mpibind: task   5 nths  3 gpus 5 cpus 21-23
0: mpibind: task   6 nths  3 gpus 6 cpus 25-28
0: mpibind: task   7 nths  3 gpus 7 cpus 29-31,33
0: mpibind: task   8 nths  3 gpus 8 cpus 34-37
0: mpibind: task   9 nths  3 gpus 9 cpus 38-39,41
0: mpibind: task  10 nths  3 gpus 10 cpus 42-44
0: mpibind: task  11 nths  3 gpus 11 cpus 45-47
0: mpibind: task  12 nths  3 gpus 12 cpus 49-52
0: mpibind: task  13 nths  3 gpus 13 cpus 53-55,57
0: mpibind: task  14 nths  3 gpus 14 cpus 58-61
0: mpibind: task  15 nths  3 gpus 15 cpus 62-63,65
0: mpibind: task  16 nths  3 gpus 16 cpus 66-68
0: mpibind: task  17 nths  3 gpus 17 cpus 69-71
0: mpibind: task  18 nths  3 gpus 18 cpus 73-76
0: mpibind: task  19 nths  3 gpus 19 cpus 77-79,81
0: mpibind: task  20 nths  3 gpus 20 cpus 82-85
0: mpibind: task  21 nths  3 gpus 21 cpus 86-87,89
0: mpibind: task  22 nths  3 gpus 22 cpus 90-92
0: mpibind: task  23 nths  3 gpus 23 cpus 93-95
0: 0.134s: flux-shell[24]: mpibind: 
0: mpibind: task   0 nths  3 gpus 0 cpus 1-4
0: mpibind: task   1 nths  3 gpus 1 cpus 5-7,9
0: mpibind: task   2 nths  3 gpus 2 cpus 10-13
0: mpibind: task   3 nths  3 gpus 3 cpus 14-15,17
0: mpibind: task   4 nths  3 gpus 4 cpus 18-20
0: mpibind: task   5 nths  3 gpus 5 cpus 21-23
0: mpibind: task   6 nths  3 gpus 6 cpus 25-28
0: mpibind: task   7 nths  3 gpus 7 cpus 29-31,33
0: mpibind: task   8 nths  3 gpus 8 cpus 34-37
0: mpibind: task   9 nths  3 gpus 9 cpus 38-39,41
0: mpibind: task  10 nths  3 gpus 10 cpus 42-44
0: mpibind: task  11 nths  3 gpus 11 cpus 45-47
0: mpibind: task  12 nths  3 gpus 12 cpus 49-52
0: mpibind: task  13 nths  3 gpus 13 cpus 53-55,57
0: mpibind: task  14 nths  3 gpus 14 cpus 58-61
0: mpibind: task  15 nths  3 gpus 15 cpus 62-63,65
0: mpibind: task  16 nths  3 gpus 16 cpus 66-68
0: mpibind: task  17 nths  3 gpus 17 cpus 69-71
0: mpibind: task  18 nths  3 gpus 18 cpus 73-76
0: mpibind: task  19 nths  3 gpus 19 cpus 77-79,81
0: mpibind: task  20 nths  3 gpus 20 cpus 82-85
0: mpibind: task  21 nths  3 gpus 21 cpus 86-87,89
0: mpibind: task  22 nths  3 gpus 22 cpus 90-92
0: mpibind: task  23 nths  3 gpus 23 cpus 93-95
0: 0.132s: flux-shell[23]: mpibind: 
0: mpibind: task   0 nths  3 gpus 0 cpus 1-4
0: mpibind: task   1 nths  3 gpus 1 cpus 5-7,9
0: mpibind: task   2 nths  3 gpus 2 cpus 10-13
0: mpibind: task   3 nths  3 gpus 3 cpus 14-15,17
0: mpibind: task   4 nths  3 gpus 4 cpus 18-20
0: mpibind: task   5 nths  3 gpus 5 cpus 21-23
0: mpibind: task   6 nths  3 gpus 6 cpus 25-28
0: mpibind: task   7 nths  3 gpus 7 cpus 29-31,33
0: mpibind: task   8 nths  3 gpus 8 cpus 34-37
0: mpibind: task   9 nths  3 gpus 9 cpus 38-39,41
0: mpibind: task  10 nths  3 gpus 10 cpus 42-44
0: mpibind: task  11 nths  3 gpus 11 cpus 45-47
0: mpibind: task  12 nths  3 gpus 12 cpus 49-52
0: mpibind: task  13 nths  3 gpus 13 cpus 53-55,57
0: mpibind: task  14 nths  3 gpus 14 cpus 58-61
0: mpibind: task  15 nths  3 gpus 15 cpus 62-63,65
0: mpibind: task  16 nths  3 gpus 16 cpus 66-68
0: mpibind: task  17 nths  3 gpus 17 cpus 69-71
0: mpibind: task  18 nths  3 gpus 18 cpus 73-76
0: mpibind: task  19 nths  3 gpus 19 cpus 77-79,81
0: mpibind: task  20 nths  3 gpus 20 cpus 82-85
0: mpibind: task  21 nths  3 gpus 21 cpus 86-87,89
0: mpibind: task  22 nths  3 gpus 22 cpus 90-92
0: mpibind: task  23 nths  3 gpus 23 cpus 93-95
0: 0.139s: flux-shell[22]: mpibind: 
0: mpibind: task   0 nths  3 gpus 0 cpus 1-4
0: mpibind: task   1 nths  3 gpus 1 cpus 5-7,9
0: mpibind: task   2 nths  3 gpus 2 cpus 10-13
0: mpibind: task   3 nths  3 gpus 3 cpus 14-15,17
0: mpibind: task   4 nths  3 gpus 4 cpus 18-20
0: mpibind: task   5 nths  3 gpus 5 cpus 21-23
0: mpibind: task   6 nths  3 gpus 6 cpus 25-28
0: mpibind: task   7 nths  3 gpus 7 cpus 29-31,33
0: mpibind: task   8 nths  3 gpus 8 cpus 34-37
0: mpibind: task   9 nths  3 gpus 9 cpus 38-39,41
0: mpibind: task  10 nths  3 gpus 10 cpus 42-44
0: mpibind: task  11 nths  3 gpus 11 cpus 45-47
0: mpibind: task  12 nths  3 gpus 12 cpus 49-52
0: mpibind: task  13 nths  3 gpus 13 cpus 53-55,57
0: mpibind: task  14 nths  3 gpus 14 cpus 58-61
0: mpibind: task  15 nths  3 gpus 15 cpus 62-63,65
0: mpibind: task  16 nths  3 gpus 16 cpus 66-68
0: mpibind: task  17 nths  3 gpus 17 cpus 69-71
0: mpibind: task  18 nths  3 gpus 18 cpus 73-76
0: mpibind: task  19 nths  3 gpus 19 cpus 77-79,81
0: mpibind: task  20 nths  3 gpus 20 cpus 82-85
0: mpibind: task  21 nths  3 gpus 21 cpus 86-87,89
0: mpibind: task  22 nths  3 gpus 22 cpus 90-92
0: mpibind: task  23 nths  3 gpus 23 cpus 93-95
0: 0.135s: flux-shell[27]: mpibind: 
0: mpibind: task   0 nths  3 gpus 0 cpus 1-4
0: mpibind: task   1 nths  3 gpus 1 cpus 5-7,9
0: mpibind: task   2 nths  3 gpus 2 cpus 10-13
0: mpibind: task   3 nths  3 gpus 3 cpus 14-15,17
0: mpibind: task   4 nths  3 gpus 4 cpus 18-20
0: mpibind: task   5 nths  3 gpus 5 cpus 21-23
0: mpibind: task   6 nths  3 gpus 6 cpus 25-28
0: mpibind: task   7 nths  3 gpus 7 cpus 29-31,33
0: mpibind: task   8 nths  3 gpus 8 cpus 34-37
0: mpibind: task   9 nths  3 gpus 9 cpus 38-39,41
0: mpibind: task  10 nths  3 gpus 10 cpus 42-44
0: mpibind: task  11 nths  3 gpus 11 cpus 45-47
0: mpibind: task  12 nths  3 gpus 12 cpus 49-52
0: mpibind: task  13 nths  3 gpus 13 cpus 53-55,57
0: mpibind: task  14 nths  3 gpus 14 cpus 58-61
0: mpibind: task  15 nths  3 gpus 15 cpus 62-63,65
0: mpibind: task  16 nths  3 gpus 16 cpus 66-68
0: mpibind: task  17 nths  3 gpus 17 cpus 69-71
0: mpibind: task  18 nths  3 gpus 18 cpus 73-76
0: mpibind: task  19 nths  3 gpus 19 cpus 77-79,81
0: mpibind: task  20 nths  3 gpus 20 cpus 82-85
0: mpibind: task  21 nths  3 gpus 21 cpus 86-87,89
0: mpibind: task  22 nths  3 gpus 22 cpus 90-92
0: mpibind: task  23 nths  3 gpus 23 cpus 93-95
0: 0.137s: flux-shell[30]: mpibind: 
0: mpibind: task   0 nths  3 gpus 0 cpus 1-4
0: mpibind: task   1 nths  3 gpus 1 cpus 5-7,9
0: mpibind: task   2 nths  3 gpus 2 cpus 10-13
0: mpibind: task   3 nths  3 gpus 3 cpus 14-15,17
0: mpibind: task   4 nths  3 gpus 4 cpus 18-20
0: mpibind: task   5 nths  3 gpus 5 cpus 21-23
0: mpibind: task   6 nths  3 gpus 6 cpus 25-28
0: mpibind: task   7 nths  3 gpus 7 cpus 29-31,33
0: mpibind: task   8 nths  3 gpus 8 cpus 34-37
0: mpibind: task   9 nths  3 gpus 9 cpus 38-39,41
0: mpibind: task  10 nths  3 gpus 10 cpus 42-44
0: mpibind: task  11 nths  3 gpus 11 cpus 45-47
0: mpibind: task  12 nths  3 gpus 12 cpus 49-52
0: mpibind: task  13 nths  3 gpus 13 cpus 53-55,57
0: mpibind: task  14 nths  3 gpus 14 cpus 58-61
0: mpibind: task  15 nths  3 gpus 15 cpus 62-63,65
0: mpibind: task  16 nths  3 gpus 16 cpus 66-68
0: mpibind: task  17 nths  3 gpus 17 cpus 69-71
0: mpibind: task  18 nths  3 gpus 18 cpus 73-76
0: mpibind: task  19 nths  3 gpus 19 cpus 77-79,81
0: mpibind: task  20 nths  3 gpus 20 cpus 82-85
0: mpibind: task  21 nths  3 gpus 21 cpus 86-87,89
0: mpibind: task  22 nths  3 gpus 22 cpus 90-92
0: mpibind: task  23 nths  3 gpus 23 cpus 93-95
0: 0.140s: flux-shell[29]: mpibind: 
0: mpibind: task   0 nths  3 gpus 0 cpus 1-4
0: mpibind: task   1 nths  3 gpus 1 cpus 5-7,9
0: mpibind: task   2 nths  3 gpus 2 cpus 10-13
0: mpibind: task   3 nths  3 gpus 3 cpus 14-15,17
0: mpibind: task   4 nths  3 gpus 4 cpus 18-20
0: mpibind: task   5 nths  3 gpus 5 cpus 21-23
0: mpibind: task   6 nths  3 gpus 6 cpus 25-28
0: mpibind: task   7 nths  3 gpus 7 cpus 29-31,33
0: mpibind: task   8 nths  3 gpus 8 cpus 34-37
0: mpibind: task   9 nths  3 gpus 9 cpus 38-39,41
0: mpibind: task  10 nths  3 gpus 10 cpus 42-44
0: mpibind: task  11 nths  3 gpus 11 cpus 45-47
0: mpibind: task  12 nths  3 gpus 12 cpus 49-52
0: mpibind: task  13 nths  3 gpus 13 cpus 53-55,57
0: mpibind: task  14 nths  3 gpus 14 cpus 58-61
0: mpibind: task  15 nths  3 gpus 15 cpus 62-63,65
0: mpibind: task  16 nths  3 gpus 16 cpus 66-68
0: mpibind: task  17 nths  3 gpus 17 cpus 69-71
0: mpibind: task  18 nths  3 gpus 18 cpus 73-76
0: mpibind: task  19 nths  3 gpus 19 cpus 77-79,81
0: mpibind: task  20 nths  3 gpus 20 cpus 82-85
0: mpibind: task  21 nths  3 gpus 21 cpus 86-87,89
0: mpibind: task  22 nths  3 gpus 22 cpus 90-92
0: mpibind: task  23 nths  3 gpus 23 cpus 93-95
0: 0.136s: flux-shell[26]: mpibind: 
0: mpibind: task   0 nths  3 gpus 0 cpus 1-4
0: mpibind: task   1 nths  3 gpus 1 cpus 5-7,9
0: mpibind: task   2 nths  3 gpus 2 cpus 10-13
0: mpibind: task   3 nths  3 gpus 3 cpus 14-15,17
0: mpibind: task   4 nths  3 gpus 4 cpus 18-20
0: mpibind: task   5 nths  3 gpus 5 cpus 21-23
0: mpibind: task   6 nths  3 gpus 6 cpus 25-28
0: mpibind: task   7 nths  3 gpus 7 cpus 29-31,33
0: mpibind: task   8 nths  3 gpus 8 cpus 34-37
0: mpibind: task   9 nths  3 gpus 9 cpus 38-39,41
0: mpibind: task  10 nths  3 gpus 10 cpus 42-44
0: mpibind: task  11 nths  3 gpus 11 cpus 45-47
0: mpibind: task  12 nths  3 gpus 12 cpus 49-52
0: mpibind: task  13 nths  3 gpus 13 cpus 53-55,57
0: mpibind: task  14 nths  3 gpus 14 cpus 58-61
0: mpibind: task  15 nths  3 gpus 15 cpus 62-63,65
0: mpibind: task  16 nths  3 gpus 16 cpus 66-68
0: mpibind: task  17 nths  3 gpus 17 cpus 69-71
0: mpibind: task  18 nths  3 gpus 18 cpus 73-76
0: mpibind: task  19 nths  3 gpus 19 cpus 77-79,81
0: mpibind: task  20 nths  3 gpus 20 cpus 82-85
0: mpibind: task  21 nths  3 gpus 21 cpus 86-87,89
0: mpibind: task  22 nths  3 gpus 22 cpus 90-92
0: mpibind: task  23 nths  3 gpus 23 cpus 93-95
0: 0.135s: flux-shell[28]: mpibind: 
0: mpibind: task   0 nths  3 gpus 0 cpus 1-4
0: mpibind: task   1 nths  3 gpus 1 cpus 5-7,9
0: mpibind: task   2 nths  3 gpus 2 cpus 10-13
0: mpibind: task   3 nths  3 gpus 3 cpus 14-15,17
0: mpibind: task   4 nths  3 gpus 4 cpus 18-20
0: mpibind: task   5 nths  3 gpus 5 cpus 21-23
0: mpibind: task   6 nths  3 gpus 6 cpus 25-28
0: mpibind: task   7 nths  3 gpus 7 cpus 29-31,33
0: mpibind: task   8 nths  3 gpus 8 cpus 34-37
0: mpibind: task   9 nths  3 gpus 9 cpus 38-39,41
0: mpibind: task  10 nths  3 gpus 10 cpus 42-44
0: mpibind: task  11 nths  3 gpus 11 cpus 45-47
0: mpibind: task  12 nths  3 gpus 12 cpus 49-52
0: mpibind: task  13 nths  3 gpus 13 cpus 53-55,57
0: mpibind: task  14 nths  3 gpus 14 cpus 58-61
0: mpibind: task  15 nths  3 gpus 15 cpus 62-63,65
0: mpibind: task  16 nths  3 gpus 16 cpus 66-68
0: mpibind: task  17 nths  3 gpus 17 cpus 69-71
0: mpibind: task  18 nths  3 gpus 18 cpus 73-76
0: mpibind: task  19 nths  3 gpus 19 cpus 77-79,81
0: mpibind: task  20 nths  3 gpus 20 cpus 82-85
0: mpibind: task  21 nths  3 gpus 21 cpus 86-87,89
0: mpibind: task  22 nths  3 gpus 22 cpus 90-92
0: mpibind: task  23 nths  3 gpus 23 cpus 93-95
0: 0.137s: flux-shell[31]: mpibind: 
0: mpibind: task   0 nths  3 gpus 0 cpus 1-4
0: mpibind: task   1 nths  3 gpus 1 cpus 5-7,9
0: mpibind: task   2 nths  3 gpus 2 cpus 10-13
0: mpibind: task   3 nths  3 gpus 3 cpus 14-15,17
0: mpibind: task   4 nths  3 gpus 4 cpus 18-20
0: mpibind: task   5 nths  3 gpus 5 cpus 21-23
0: mpibind: task   6 nths  3 gpus 6 cpus 25-28
0: mpibind: task   7 nths  3 gpus 7 cpus 29-31,33
0: mpibind: task   8 nths  3 gpus 8 cpus 34-37
0: mpibind: task   9 nths  3 gpus 9 cpus 38-39,41
0: mpibind: task  10 nths  3 gpus 10 cpus 42-44
0: mpibind: task  11 nths  3 gpus 11 cpus 45-47
0: mpibind: task  12 nths  3 gpus 12 cpus 49-52
0: mpibind: task  13 nths  3 gpus 13 cpus 53-55,57
0: mpibind: task  14 nths  3 gpus 14 cpus 58-61
0: mpibind: task  15 nths  3 gpus 15 cpus 62-63,65
0: mpibind: task  16 nths  3 gpus 16 cpus 66-68
0: mpibind: task  17 nths  3 gpus 17 cpus 69-71
0: mpibind: task  18 nths  3 gpus 18 cpus 73-76
0: mpibind: task  19 nths  3 gpus 19 cpus 77-79,81
0: mpibind: task  20 nths  3 gpus 20 cpus 82-85
0: mpibind: task  21 nths  3 gpus 21 cpus 86-87,89
0: mpibind: task  22 nths  3 gpus 22 cpus 90-92
0: mpibind: task  23 nths  3 gpus 23 cpus 93-95
0: 0.134s: flux-shell[25]: mpibind: 
0: mpibind: task   0 nths  3 gpus 0 cpus 1-4
0: mpibind: task   1 nths  3 gpus 1 cpus 5-7,9
0: mpibind: task   2 nths  3 gpus 2 cpus 10-13
0: mpibind: task   3 nths  3 gpus 3 cpus 14-15,17
0: mpibind: task   4 nths  3 gpus 4 cpus 18-20
0: mpibind: task   5 nths  3 gpus 5 cpus 21-23
0: mpibind: task   6 nths  3 gpus 6 cpus 25-28
0: mpibind: task   7 nths  3 gpus 7 cpus 29-31,33
0: mpibind: task   8 nths  3 gpus 8 cpus 34-37
0: mpibind: task   9 nths  3 gpus 9 cpus 38-39,41
0: mpibind: task  10 nths  3 gpus 10 cpus 42-44
0: mpibind: task  11 nths  3 gpus 11 cpus 45-47
0: mpibind: task  12 nths  3 gpus 12 cpus 49-52
0: mpibind: task  13 nths  3 gpus 13 cpus 53-55,57
0: mpibind: task  14 nths  3 gpus 14 cpus 58-61
0: mpibind: task  15 nths  3 gpus 15 cpus 62-63,65
0: mpibind: task  16 nths  3 gpus 16 cpus 66-68
0: mpibind: task  17 nths  3 gpus 17 cpus 69-71
0: mpibind: task  18 nths  3 gpus 18 cpus 73-76
0: mpibind: task  19 nths  3 gpus 19 cpus 77-79,81
0: mpibind: task  20 nths  3 gpus 20 cpus 82-85
0: mpibind: task  21 nths  3 gpus 21 cpus 86-87,89
0: mpibind: task  22 nths  3 gpus 22 cpus 90-92
0: mpibind: task  23 nths  3 gpus 23 cpus 93-95
