0: Running baseline test
0: 16 Processes Per GPU, 4 GPUs Per Node
0: Global matrix size: 96 x 96 x 96
0: 5pt 2D Laplacian
0: =============================================
0: Hypre init times:
0: =============================================
0: Hypre init:
0:   wall clock time = 0.000003 seconds
0:   wall MFLOPS     = 0.000000
0:   cpu clock time  = 0.000003 seconds
0:   cpu MFLOPS      = 0.000000
0: 
0: 
0: Using HYPRE_DEVELOP_STRING: v3.1.0-1-g5f6c9306d (branch v3.1.0_thrusthipbugfix; not the develop branch)
0: 
0: Running with these driver parameters:
0:   solver ID    = 2
0: 
0:   Laplacian:   num_fun = 1
0:     (nx, ny, nz) = (96, 96, 96)
0:     (Px, Py, Pz) = (16, 16, 16)
0:     (cx, cy, cz) = (1.000000, 1.000000, 1.000000)
0: 
0: =============================================
0: Generate Matrix:
0: =============================================
0: Spatial Operator:
0:   wall clock time = 0.032619 seconds
0:   wall MFLOPS     = 0.000000
0:   cpu clock time  = 0.005987 seconds
0:   cpu MFLOPS      = 0.000000
0: 
0:   Number of vector components: 1
0:   RHS vector has unit coefficients
0:   Initial guess is 0
0: =============================================
0: IJ Vector Setup:
0: =============================================
0: RHS and Initial Guess:
0:   wall clock time = 0.012457 seconds
0:   wall MFLOPS     = 0.000000
0:   cpu clock time  = 0.009356 seconds
0:   cpu MFLOPS      = 0.000000
0: 
0: Solver: DS-PCG
0: HYPRE_ParCSRPCGGetPrecond got good precond
0: =============================================
0: Setup phase times:
0: =============================================
0: PCG Setup:
0:   wall clock time = 0.014099 seconds
0:   wall MFLOPS     = 0.000000
0:   cpu clock time  = 0.003810 seconds
0:   cpu MFLOPS      = 0.000000
0: 
0: <b,b>: 8.847360e+05
0: 
0: 
0: Iters       ||r||_2     conv.rate  ||r||_2/||b||_2
0: -----    ------------   ---------  ------------ 
0:     1    3.723018e+03    3.958114    3.958114e+00
0:     2    3.641891e+03    0.978209    3.871864e+00
0:     3    3.850311e+03    1.057229    4.093446e+00
0:     4    4.117955e+03    1.069512    4.377990e+00
0:     5    3.840020e+03    0.932507    4.082505e+00
0:     6    4.202759e+03    1.094463    4.468149e+00
0:     7    4.062311e+03    0.966582    4.318832e+00
0:     8    3.900032e+03    0.960052    4.146305e+00
0:     9    3.956381e+03    1.014449    4.206213e+00
0:    10    3.760834e+03    0.950574    3.998317e+00
0:    11    3.759891e+03    0.999749    3.997315e+00
0:    12    3.638539e+03    0.967725    3.868301e+00
0:    13    3.562712e+03    0.979160    3.787685e+00
0:    14    3.501465e+03    0.982809    3.722571e+00
0:    15    3.386752e+03    0.967238    3.600614e+00
0:    16    3.348733e+03    0.988774    3.560194e+00
0:    17    3.236154e+03    0.966382    3.440506e+00
0:    18    3.176363e+03    0.981524    3.376939e+00
0:    19    3.102997e+03    0.976903    3.298941e+00
0:    20    3.007710e+03    0.969292    3.197636e+00
0:    21    2.962668e+03    0.985025    3.149751e+00
0:    22    2.862976e+03    0.966350    3.043763e+00
0:    23    2.804851e+03    0.979698    2.981968e+00
0:    24    2.736113e+03    0.975493    2.908890e+00
0:    25    2.650082e+03    0.968557    2.817425e+00
0:    26    2.603367e+03    0.982372    2.767761e+00
0:    27    2.516159e+03    0.966502    2.675046e+00
0:    28    2.457878e+03    0.976837    2.613085e+00
0:    29    2.395995e+03    0.974823    2.547294e+00
0:    30    2.317234e+03    0.967128    2.463559e+00
0:    31    2.270327e+03    0.979757    2.413690e+00
0:    32    2.194172e+03    0.966456    2.332726e+00
0:    33    2.136390e+03    0.973666    2.271295e+00
0:    34    2.080745e+03    0.973954    2.212137e+00
0:    35    2.008841e+03    0.965443    2.135692e+00
0:    36    1.962398e+03    0.976881    2.086316e+00
0:    37    1.895738e+03    0.966032    2.015448e+00
0:    38    1.839469e+03    0.970318    1.955626e+00
0:    39    1.788997e+03    0.972561    1.901966e+00
0:    40    1.723750e+03    0.963529    1.832599e+00
0:    41    1.678226e+03    0.973590    1.784200e+00
0:    42    1.619604e+03    0.965069    1.721877e+00
0:    43    1.565728e+03    0.966735    1.664598e+00
0:    44    1.519459e+03    0.970449    1.615407e+00
0:    45    1.460584e+03    0.961253    1.552815e+00
0:    46    1.416369e+03    0.969728    1.505808e+00
0:    47    1.364481e+03    0.963365    1.450643e+00
0:    48    1.313633e+03    0.962735    1.396585e+00
0:    49    1.270804e+03    0.967396    1.351051e+00
0:    50    1.217883e+03    0.958356    1.294788e+00
0:    51    1.175321e+03    0.965052    1.249538e+00
0:    52    1.129019e+03    0.960605    1.200313e+00
0:    53    1.081589e+03    0.957990    1.149887e+00
0:    54    1.041630e+03    0.963055    1.107405e+00
0:    55    9.941272e+02    0.954396    1.056903e+00
0:    56    9.534946e+02    0.959127    1.013704e+00
0:    57    9.117820e+02    0.956253    9.693580e-01
0:    58    8.679254e+02    0.951900    9.227319e-01
0:    59    8.304142e+02    0.956781    8.828520e-01
0:    60    7.877059e+02    0.948570    8.374469e-01
0:    61    7.491893e+02    0.951103    7.964981e-01
0:    62    7.111947e+02    0.949286    7.561043e-01
0:    63    6.708568e+02    0.943281    7.132191e-01
0:    64    6.354607e+02    0.947238    6.755879e-01
0:    65    5.968542e+02    0.939246    6.345435e-01
0:    66    5.605192e+02    0.939123    5.959141e-01
0:    67    5.254647e+02    0.937461    5.586460e-01
0:    68    4.883924e+02    0.929449    5.192327e-01
0:    69    4.548054e+02    0.931229    4.835248e-01
0:    70    4.195419e+02    0.922465    4.460345e-01
0:    71    3.852971e+02    0.918376    4.096273e-01
0:    72    3.524487e+02    0.914745    3.747047e-01
0:    73    3.181953e+02    0.902813    3.382882e-01
0:    74    2.861010e+02    0.899137    3.041673e-01
0:    75    2.534734e+02    0.885958    2.694794e-01
0:    76    2.214581e+02    0.873694    2.354424e-01
0:    77    1.912494e+02    0.863592    2.033261e-01
0:    78    1.619715e+02    0.846913    1.721995e-01
0:    79    1.368364e+02    0.844818    1.454772e-01
0:    80    1.168025e+02    0.853592    1.241782e-01
0:    81    1.041557e+02    0.891724    1.107328e-01
0:    82    1.015523e+02    0.975005    1.079650e-01
0:    83    1.092698e+02    1.075995    1.161698e-01
0:    84    1.262941e+02    1.155801    1.342691e-01
0:    85    1.421451e+02    1.125509    1.511211e-01
0:    86    1.383626e+02    0.973390    1.470997e-01
0:    87    1.136785e+02    0.821599    1.208570e-01
0:    88    8.699725e+01    0.765292    9.249083e-02
0:    89    7.384927e+01    0.848869    7.851260e-02
0:    90    7.537364e+01    1.020642    8.013323e-02
0:    91    8.200584e+01    1.087991    8.718423e-02
0:    92    7.784905e+01    0.949311    8.276496e-02
0:    93    6.277667e+01    0.806390    6.674080e-02
0:    94    5.300370e+01    0.844322    5.635071e-02
0:    95    5.342317e+01    1.007914    5.679666e-02
0:    96    5.543379e+01    1.037636    5.893425e-02
0:    97    4.887694e+01    0.881717    5.196335e-02
0:    98    4.008458e+01    0.820112    4.261579e-02
0:    99    3.784648e+01    0.944166    4.023636e-02
0:   100    3.922555e+01    1.036438    4.170251e-02
0:   101    3.543754e+01    0.903430    3.767530e-02
0:   102    2.946910e+01    0.831579    3.132997e-02
0:   103    2.791008e+01    0.947097    2.967251e-02
0:   104    2.839310e+01    1.017306    3.018603e-02
0:   105    2.531330e+01    0.891530    2.691175e-02
0:   106    2.159785e+01    0.853221    2.296168e-02
0:   107    2.123016e+01    0.982976    2.257077e-02
0:   108    2.104353e+01    0.991209    2.237236e-02
0:   109    1.817917e+01    0.863884    1.932712e-02
0:   110    1.649739e+01    0.907489    1.753914e-02
0:   111    1.672800e+01    1.013979    1.778432e-02
0:   112    1.553065e+01    0.928422    1.651136e-02
0:   113    1.346790e+01    0.867182    1.431835e-02
0:   114    1.303186e+01    0.967624    1.385477e-02
0:   115    1.263797e+01    0.969775    1.343601e-02
0:   116    1.078572e+01    0.853438    1.146680e-02
0:   117    9.706716e+00    0.899960    1.031966e-02
0:   118    9.438121e+00    0.972329    1.003411e-02
0:   119    8.296925e+00    0.879087    8.820847e-03
0:   120    7.318309e+00    0.882051    7.780435e-03
0:   121    7.130021e+00    0.974272    7.580257e-03
0:   122    6.451818e+00    0.904881    6.859228e-03
0:   123    5.545496e+00    0.859525    5.895675e-03
0:   124    5.274430e+00    0.951120    5.607493e-03
0:   125    4.892329e+00    0.927556    5.201263e-03
0:   126    4.172311e+00    0.852827    4.435778e-03
0:   127    3.871299e+00    0.927855    4.115759e-03
0:   128    3.627201e+00    0.936947    3.856246e-03
0:   129    3.091729e+00    0.852373    3.286961e-03
0:   130    2.811418e+00    0.909335    2.988950e-03
0:   131    2.631175e+00    0.935889    2.797324e-03
0:   132    2.250309e+00    0.855249    2.392409e-03
0:   133    2.008369e+00    0.892486    2.135191e-03
0:   134    1.869640e+00    0.930924    1.987701e-03
0:   135    1.602831e+00    0.857294    1.704044e-03
0:   136    1.403128e+00    0.875406    1.491730e-03
0:   137    1.304537e+00    0.929735    1.386914e-03
0:   138    1.107799e+00    0.849189    1.177752e-03
0:   139    9.614465e-01    0.867889    1.022159e-03
0:   140    8.892647e-01    0.924924    9.454188e-04
0:   141    7.423403e-01    0.834780    7.892165e-04
0:   142    6.509970e-01    0.876952    6.921052e-04
0:   143    5.848435e-01    0.898381    6.217744e-04
0:   144    4.942046e-01    0.845020    5.254119e-04
0:   145    4.282612e-01    0.866567    4.553044e-04
0:   146    3.765543e-01    0.879263    4.003324e-04
0:   147    3.220319e-01    0.855207    3.423671e-04
0:   148    2.716921e-01    0.843681    2.888485e-04
0:   149    2.480602e-01    0.913020    2.637244e-04
0:   150    2.054361e-01    0.828170    2.184087e-04
0:   151    1.800065e-01    0.876216    1.913733e-04
0:   152    1.634801e-01    0.908190    1.738033e-04
0:   153    1.381270e-01    0.844916    1.468492e-04
0:   154    1.255065e-01    0.908631    1.334318e-04
0:   155    1.143597e-01    0.911186    1.215811e-04
0:   156    1.007549e-01    0.881035    1.071172e-04
0:   157    9.256873e-02    0.918752    9.841413e-05
0:   158    8.584936e-02    0.927412    9.127045e-05
0:   159    7.480893e-02    0.871398    7.953286e-05
0:   160    6.890598e-02    0.921093    7.325716e-05
0:   161    6.054383e-02    0.878644    6.436697e-05
0:   162    5.189863e-02    0.857208    5.517585e-05
0:   163    4.531257e-02    0.873098    4.817391e-05
0:   164    3.964877e-02    0.875006    4.215246e-05
0:   165    3.374020e-02    0.850977    3.587078e-05
0:   166    3.172173e-02    0.940176    3.372485e-05
0:   167    2.932665e-02    0.924497    3.117853e-05
0:   168    2.791712e-02    0.951937    2.967999e-05
0:   169    2.743557e-02    0.982751    2.916803e-05
0:   170    2.520424e-02    0.918670    2.679580e-05
0:   171    2.206489e-02    0.875443    2.345821e-05
0:   172    1.956405e-02    0.886660    2.079945e-05
0:   173    1.604216e-02    0.819982    1.705517e-05
0:   174    1.429091e-02    0.890834    1.519333e-05
0:   175    1.314863e-02    0.920070    1.397892e-05
0:   176    1.178478e-02    0.896275    1.252895e-05
0:   177    1.074748e-02    0.911980    1.142615e-05
0:   178    9.211241e-03    0.857060    9.792899e-06
0:   179    7.596846e-03    0.824736    8.076560e-06
0:   180    6.804212e-03    0.895663    7.233875e-06
0:   181    6.164117e-03    0.905927    6.553360e-06
0:   182    5.639285e-03    0.914857    5.995387e-06
0:   183    5.114460e-03    0.906934    5.437421e-06
0:   184    4.186313e-03    0.818525    4.450665e-06
0:   185    3.503492e-03    0.836892    3.724725e-06
0:   186    3.054174e-03    0.871752    3.247035e-06
0:   187    2.661778e-03    0.871521    2.829860e-06
0:   188    2.311129e-03    0.868265    2.457069e-06
0:   189    1.982597e-03    0.857848    2.107792e-06
0:   190    1.663301e-03    0.838951    1.768333e-06
0:   191    1.521984e-03    0.915038    1.618092e-06
0:   192    1.353868e-03    0.889542    1.439360e-06
0:   193    1.135713e-03    0.838866    1.207430e-06
0:   194    9.593705e-04    0.844729    1.019951e-06
0:   195    8.212222e-04    0.856001    8.730796e-07
0:   196    7.264694e-04    0.884620    7.723435e-07
0:   197    6.368678e-04    0.876662    6.770838e-07
0:   198    5.144554e-04    0.807790    5.469415e-07
0:   199    4.297288e-04    0.835308    4.568647e-07
0:   200    3.882987e-04    0.903590    4.128184e-07
0:   201    3.343595e-04    0.861088    3.554732e-07
0:   202    2.888591e-04    0.863918    3.070995e-07
0:   203    2.429347e-04    0.841015    2.582752e-07
0:   204    2.111054e-04    0.868980    2.244359e-07
0:   205    1.901994e-04    0.900969    2.022098e-07
0:   206    1.589140e-04    0.835513    1.689489e-07
0:   207    1.352660e-04    0.851190    1.438076e-07
0:   208    1.240352e-04    0.916972    1.318676e-07
0:   209    1.105310e-04    0.891126    1.175107e-07
0:   210    9.713351e-05    0.878790    1.032672e-07
0:   211    8.715176e-05    0.897237    9.265509e-08
0:   212    7.993466e-05    0.917189    8.498226e-08
0:   213    7.717406e-05    0.965464    8.204734e-08
0:   214    7.033081e-05    0.911327    7.477196e-08
0:   215    6.604777e-05    0.939102    7.021846e-08
0:   216    6.551493e-05    0.991932    6.965197e-08
0:   217    6.124072e-05    0.934760    6.510786e-08
0:   218    5.782964e-05    0.944301    6.148139e-08
0:   219    5.571427e-05    0.963421    5.923244e-08
0:   220    5.259530e-05    0.944018    5.591651e-08
0:   221    4.861783e-05    0.924376    5.168788e-08
0:   222    4.461840e-05    0.917737    4.743590e-08
0:   223    4.142216e-05    0.928365    4.403782e-08
0:   224    3.821546e-05    0.922585    4.062864e-08
0:   225    3.370880e-05    0.882072    3.583740e-08
0:   226    3.115843e-05    0.924341    3.312598e-08
0:   227    2.952637e-05    0.947620    3.139085e-08
0:   228    2.640799e-05    0.894387    2.807557e-08
0:   229    2.489594e-05    0.942743    2.646803e-08
0:   230    2.393950e-05    0.961583    2.545120e-08
0:   231    2.226585e-05    0.930088    2.367186e-08
0:   232    2.062148e-05    0.926148    2.192366e-08
0:   233    1.910437e-05    0.926431    2.031074e-08
0:   234    1.757021e-05    0.919696    1.867971e-08
0:   235    1.544168e-05    0.878856    1.641677e-08
0:   236    1.347407e-05    0.872578    1.432491e-08
0:   237    1.190919e-05    0.883860    1.266122e-08
0:   238    9.954645e-06    0.835879    1.058325e-08
0:   239    8.080617e-06    0.811743    8.590881e-09
0: 
0: 
0: =============================================
0: Solve phase times:
0: =============================================
0: PCG Solve:
0:   wall clock time = 0.035537 seconds
0:   wall MFLOPS     = 0.000000
0:   cpu clock time  = 0.035537 seconds
0:   cpu MFLOPS      = 0.000000
0: 
0: 
0: Iterations = 239
0: Final Relative Residual Norm = 8.590881e-09
0: 
0: 27pt 3D Laplacian
0: =============================================
0: Hypre init times:
0: =============================================
0: Hypre init:
0:   wall clock time = 0.000003 seconds
0:   wall MFLOPS     = 0.000000
0:   cpu clock time  = 0.000003 seconds
0:   cpu MFLOPS      = 0.000000
0: 
0: 
0: Using HYPRE_DEVELOP_STRING: v3.1.0-1-g5f6c9306d (branch v3.1.0_thrusthipbugfix; not the develop branch)
0: 
0: Running with these driver parameters:
0:   solver ID    = 2
0: 
0:   Laplacian_27pt:
0:     (nx, ny, nz) = (96, 96, 96)
0:     (Px, Py, Pz) = (16, 16, 16)
0: 
0: =============================================
0: Generate Matrix:
0: =============================================
0: Spatial Operator:
0:   wall clock time = 0.000417 seconds
0:   wall MFLOPS     = 0.000000
0:   cpu clock time  = 0.000417 seconds
0:   cpu MFLOPS      = 0.000000
0: 
0:   Number of vector components: 1
0:   RHS vector has unit coefficients
0:   Initial guess is 0
0: =============================================
0: IJ Vector Setup:
0: =============================================
0: RHS and Initial Guess:
0:   wall clock time = 0.000568 seconds
0:   wall MFLOPS     = 0.000000
0:   cpu clock time  = 0.000569 seconds
0:   cpu MFLOPS      = 0.000000
0: 
0: Solver: DS-PCG
0: HYPRE_ParCSRPCGGetPrecond got good precond
0: =============================================
0: Setup phase times:
0: =============================================
0: PCG Setup:
0:   wall clock time = 0.000370 seconds
0:   wall MFLOPS     = 0.000000
0:   cpu clock time  = 0.000368 seconds
0:   cpu MFLOPS      = 0.000000
0: 
0: <b,b>: 8.847360e+05
0: 
0: 
0: Iters       ||r||_2     conv.rate  ||r||_2/||b||_2
0: -----    ------------   ---------  ------------ 
0:     1    3.701354e+03    3.935081    3.935081e+00
0:     2    3.570001e+03    0.964512    3.795434e+00
0:     3    3.443303e+03    0.964510    3.660736e+00
0:     4    3.317570e+03    0.963485    3.527064e+00
0:     5    3.194249e+03    0.962828    3.395955e+00
0:     6    3.074922e+03    0.962643    3.269093e+00
0:     7    2.958088e+03    0.962004    3.144881e+00
0:     8    2.843652e+03    0.961314    3.023219e+00
0:     9    2.732583e+03    0.960941    2.905137e+00
0:    10    2.624119e+03    0.960307    2.789823e+00
0:    11    2.518041e+03    0.959576    2.677046e+00
0:    12    2.414973e+03    0.959068    2.567470e+00
0:    13    2.314443e+03    0.958372    2.460592e+00
0:    14    2.216246e+03    0.957572    2.356195e+00
0:    15    2.120803e+03    0.956935    2.254725e+00
0:    16    2.027790e+03    0.956142    2.155838e+00
0:    17    1.937030e+03    0.955242    2.059347e+00
0:    18    1.848814e+03    0.954458    1.965560e+00
0:    19    1.762905e+03    0.953533    1.874226e+00
0:    20    1.679154e+03    0.952493    1.785187e+00
0:    21    1.597764e+03    0.951529    1.698657e+00
0:    22    1.518553e+03    0.950424    1.614444e+00
0:    23    1.441393e+03    0.949189    1.532412e+00
0:    24    1.366426e+03    0.947990    1.452711e+00
0:    25    1.293506e+03    0.946635    1.375187e+00
0:    26    1.222524e+03    0.945124    1.299723e+00
0:    27    1.153574e+03    0.943600    1.226418e+00
0:    28    1.086535e+03    0.941886    1.155146e+00
0:    29    1.021312e+03    0.939972    1.085805e+00
0:    30    9.579621e+02    0.937972    1.018454e+00
0:    31    8.963828e+02    0.935718    9.529863e-01
0:    32    8.364874e+02    0.933181    8.893087e-01
0:    33    7.783034e+02    0.930442    8.274506e-01
0:    34    7.217395e+02    0.927324    7.673149e-01
0:    35    6.667142e+02    0.923760    7.088149e-01
0:    36    6.132289e+02    0.919778    6.519522e-01
0:    37    5.611973e+02    0.915151    5.966350e-01
0:    38    5.105381e+02    0.909730    5.427769e-01
0:    39    4.612276e+02    0.903415    4.903526e-01
0:    40    4.131773e+02    0.895821    4.392680e-01
0:    41    3.662989e+02    0.886542    3.894294e-01
0:    42    3.205389e+02    0.875075    3.407798e-01
0:    43    2.757942e+02    0.860408    2.932097e-01
0:    44    2.319532e+02    0.841037    2.466002e-01
0:    45    1.889093e+02    0.814429    2.008383e-01
0:    46    1.464937e+02    0.775471    1.557443e-01
0:    47    1.044472e+02    0.712981    1.110427e-01
0:    48    6.215837e+01    0.595118    6.608346e-02
0:    49    1.233009e+02    1.983657    1.310869e-01
0:    50    9.213651e+01    0.747249    9.795462e-02
0:    51    7.842666e+01    0.851201    8.337904e-02
0:    52    7.144074e+01    0.910924    7.595198e-02
0:    53    6.235456e+01    0.872815    6.629203e-02
0:    54    5.388969e+01    0.864246    5.729264e-02
0:    55    4.807195e+01    0.892044    5.110753e-02
0:    56    4.194275e+01    0.872499    4.459129e-02
0:    57    3.622362e+01    0.863644    3.851102e-02
0:    58    3.193010e+01    0.881472    3.394637e-02
0:    59    2.777694e+01    0.869930    2.953096e-02
0:    60    2.401155e+01    0.864442    2.552780e-02
0:    61    2.112468e+01    0.879771    2.245863e-02
0:    62    1.847707e+01    0.874668    1.964384e-02
0:    63    1.614702e+01    0.873895    1.716665e-02
0:    64    1.436208e+01    0.889457    1.526900e-02
0:    65    1.274420e+01    0.887350    1.354895e-02
0:    66    1.126961e+01    0.884293    1.198125e-02
0:    67    1.000309e+01    0.887616    1.063475e-02
0:    68    8.694590e+00    0.869191    9.243623e-03
0:    69    7.379437e+00    0.848739    7.845423e-03
0:    70    6.259166e+00    0.848190    6.654411e-03
0:    71    5.333827e+00    0.852162    5.670639e-03
0:    72    4.563111e+00    0.855504    4.851256e-03
0:    73    3.881491e+00    0.850624    4.126594e-03
0:    74    3.254565e+00    0.838483    3.460080e-03
0:    75    2.731102e+00    0.839160    2.903562e-03
0:    76    2.286322e+00    0.837143    2.430696e-03
0:    77    1.889509e+00    0.826440    2.008825e-03
0:    78    1.556061e+00    0.823526    1.654321e-03
0:    79    1.272499e+00    0.817770    1.352853e-03
0:    80    1.032936e+00    0.811738    1.098163e-03
0:    81    8.289271e-01    0.802496    8.812710e-04
0:    82    6.616390e-01    0.798187    7.034192e-04
0:    83    5.246032e-01    0.792884    5.577301e-04
0:    84    4.097065e-01    0.780984    4.355781e-04
0:    85    3.207070e-01    0.782773    3.409586e-04
0:    86    2.489495e-01    0.776252    2.646698e-04
0:    87    1.932783e-01    0.776376    2.054832e-04
0:    88    1.516793e-01    0.784772    1.612574e-04
0:    89    1.214793e-01    0.800896    1.291503e-04
0:    90    9.943244e-02    0.818513    1.057113e-04
0:    91    8.431442e-02    0.847957    8.963858e-05
0:    92    7.236640e-02    0.858292    7.693609e-05
0:    93    6.053598e-02    0.836521    6.435862e-05
0:    94    4.740155e-02    0.783031    5.039480e-05
0:    95    3.459654e-02    0.729861    3.678119e-05
0:    96    2.740358e-02    0.792090    2.913403e-05
0:    97    2.726516e-02    0.994949    2.898686e-05
0:    98    2.235082e-02    0.819757    2.376219e-05
0:    99    1.913161e-02    0.855969    2.033971e-05
0:   100    1.609337e-02    0.841193    1.710962e-05
0:   101    1.324929e-02    0.823276    1.408593e-05
0:   102    1.069027e-02    0.806856    1.136533e-05
0:   103    8.523039e-03    0.797270    9.061240e-06
0:   104    6.804015e-03    0.798309    7.233666e-06
0:   105    5.502513e-03    0.808716    5.849978e-06
0:   106    4.492492e-03    0.816444    4.776178e-06
0:   107    3.594318e-03    0.800072    3.821287e-06
0:   108    2.774635e-03    0.771950    2.949844e-06
0:   109    2.093708e-03    0.754588    2.225918e-06
0:   110    1.619495e-03    0.773506    1.721760e-06
0:   111    1.291538e-03    0.797495    1.373095e-06
0:   112    1.013242e-03    0.784523    1.077225e-06
0:   113    7.756115e-04    0.765475    8.245887e-07
0:   114    5.972866e-04    0.770085    6.350032e-07
0:   115    4.543109e-04    0.760625    4.829991e-07
0:   116    3.407619e-04    0.750063    3.622798e-07
0:   117    2.650565e-04    0.777835    2.817939e-07
0:   118    2.064989e-04    0.779075    2.195387e-07
0:   119    1.584029e-04    0.767088    1.684055e-07
0:   120    1.234064e-04    0.779067    1.311991e-07
0:   121    9.832153e-05    0.796730    1.045302e-07
0:   122    8.105393e-05    0.824376    8.617220e-08
0:   123    6.772849e-05    0.835598    7.200532e-08
0:   124    5.956469e-05    0.879463    6.332600e-08
0:   125    5.395381e-05    0.905802    5.736081e-08
0:   126    4.932500e-05    0.914208    5.243971e-08
0:   127    4.554571e-05    0.923380    4.842177e-08
0:   128    4.072867e-05    0.894237    4.330054e-08
0:   129    3.595959e-05    0.882906    3.823032e-08
0:   130    3.081111e-05    0.856826    3.275673e-08
0:   131    2.649380e-05    0.859878    2.816679e-08
0:   132    2.291568e-05    0.864945    2.436273e-08
0:   133    2.037849e-05    0.889282    2.166533e-08
0:   134    1.855580e-05    0.910558    1.972754e-08
0:   135    1.679916e-05    0.905332    1.785997e-08
0:   136    1.443429e-05    0.859227    1.534577e-08
0:   137    1.157713e-05    0.802057    1.230818e-08
0:   138    8.686694e-06    0.750332    9.235229e-09
0: 
0: 
0: =============================================
0: Solve phase times:
0: =============================================
0: PCG Solve:
0:   wall clock time = 0.023613 seconds
0:   wall MFLOPS     = 0.000000
0:   cpu clock time  = 0.023614 seconds
0:   cpu MFLOPS      = 0.000000
0: 
0: 
0: Iterations = 138
0: Final Relative Residual Norm = 9.235229e-09
0: 
0: 125pt 3D Laplacian
0: =============================================
0: Hypre init times:
0: =============================================
0: Hypre init:
0:   wall clock time = 0.000003 seconds
0:   wall MFLOPS     = 0.000000
0:   cpu clock time  = 0.000003 seconds
0:   cpu MFLOPS      = 0.000000
0: 
0: 
0: Using HYPRE_DEVELOP_STRING: v3.1.0-1-g5f6c9306d (branch v3.1.0_thrusthipbugfix; not the develop branch)
0: 
0: Running with these driver parameters:
0:   solver ID    = 2
0: 
0:   Laplacian_125pt:
0:     (nx, ny, nz) = (96, 96, 96)
0:     (Px, Py, Pz) = (16, 16, 16)
0: 
0: =============================================
0: Generate Matrix:
0: =============================================
0: Spatial Operator:
0:   wall clock time = 0.004902 seconds
0:   wall MFLOPS     = 0.000000
0:   cpu clock time  = 0.004876 seconds
0:   cpu MFLOPS      = 0.000000
0: 
0:   Number of vector components: 1
0:   RHS vector has unit coefficients
0:   Initial guess is 0
0: =============================================
0: IJ Vector Setup:
0: =============================================
0: RHS and Initial Guess:
0:   wall clock time = 0.000542 seconds
0:   wall MFLOPS     = 0.000000
0:   cpu clock time  = 0.000543 seconds
0:   cpu MFLOPS      = 0.000000
0: 
0: Solver: DS-PCG
0: HYPRE_ParCSRPCGGetPrecond got good precond
0: =============================================
0: Setup phase times:
0: =============================================
0: PCG Setup:
0:   wall clock time = 0.000316 seconds
0:   wall MFLOPS     = 0.000000
0:   cpu clock time  = 0.000316 seconds
0:   cpu MFLOPS      = 0.000000
0: 
0: <b,b>: 8.847360e+05
0: 
0: 
0: Iters       ||r||_2     conv.rate  ||r||_2/||b||_2
0: -----    ------------   ---------  ------------ 
0:     1    8.140741e+03    8.654801    8.654801e+00
0:     2    9.342916e+03    1.147674    9.932889e+00
0:     3    1.012089e+04    1.083269    1.075999e+01
0:     4    1.071424e+04    1.058626    1.139080e+01
0:     5    1.120248e+04    1.045570    1.190988e+01
0:     6    1.160969e+04    1.036350    1.234281e+01
0:     7    1.196928e+04    1.030973    1.272510e+01
0:     8    1.228185e+04    1.026114    1.305740e+01
0:     9    1.256588e+04    1.023126    1.335937e+01
0:    10    1.282066e+04    1.020276    1.363024e+01
0:    11    1.305418e+04    1.018214    1.387851e+01
0:    12    1.326972e+04    1.016511    1.410765e+01
0:    13    1.346709e+04    1.014874    1.431749e+01
0:    14    1.365366e+04    1.013854    1.451584e+01
0:    15    1.382427e+04    1.012496    1.469722e+01
0:    16    1.398802e+04    1.011846    1.487132e+01
0:    17    1.413841e+04    1.010751    1.503120e+01
0:    18    1.428334e+04    1.010251    1.518528e+01
0:    19    1.441815e+04    1.009438    1.532860e+01
0:    20    1.454715e+04    1.008947    1.546575e+01
0:    21    1.466957e+04    1.008416    1.559591e+01
0:    22    1.478510e+04    1.007875    1.571872e+01
0:    23    1.489719e+04    1.007582    1.583790e+01
0:    24    1.500146e+04    1.006999    1.594875e+01
0:    25    1.510445e+04    1.006865    1.605824e+01
0:    26    1.519953e+04    1.006295    1.615933e+01
0:    27    1.529412e+04    1.006223    1.625989e+01
0:    28    1.538183e+04    1.005735    1.635314e+01
0:    29    1.546851e+04    1.005635    1.644529e+01
0:    30    1.555031e+04    1.005288    1.653225e+01
0:    31    1.562931e+04    1.005080    1.661625e+01
0:    32    1.569690e+04    1.004325    1.668811e+01
0:    33    1.565074e+04    0.997059    1.663903e+01
0:    34    1.518249e+04    0.970082    1.614121e+01
0:    35    1.475891e+04    0.972100    1.569088e+01
0:    36    1.815217e+04    1.229913    1.929842e+01
0:    37    1.422156e+04    0.783463    1.511960e+01
0:    38    1.684492e+04    1.184464    1.790862e+01
0:    39    1.439336e+04    0.854463    1.530225e+01
0:    40    1.869634e+04    1.298956    1.987695e+01
0:    41    1.363403e+04    0.729235    1.449498e+01
0:    42    1.762362e+04    1.292620    1.873649e+01
0:    43    1.835993e+04    1.041780    1.951929e+01
0:    44    1.397377e+04    0.761101    1.485616e+01
0:    45    1.572275e+04    1.125162    1.671558e+01
0:    46    1.938434e+04    1.232885    2.060839e+01
0:    47    1.769381e+04    0.912789    1.881111e+01
0:    48    1.420519e+04    0.802834    1.510220e+01
0:    49    1.483790e+04    1.044541    1.577486e+01
0:    50    1.817742e+04    1.225067    1.932526e+01
0:    51    1.996198e+04    1.098175    2.122251e+01
0:    52    1.778565e+04    0.890976    1.890875e+01
0:    53    1.478503e+04    0.831290    1.571865e+01
0:    54    1.425679e+04    0.964272    1.515706e+01
0:    55    1.575891e+04    1.105362    1.675403e+01
0:    56    1.875987e+04    1.190429    1.994449e+01
0:    57    2.031197e+04    1.082735    2.159460e+01
0:    58    1.946203e+04    0.958156    2.069099e+01
0:    59    1.706283e+04    0.876724    1.814029e+01
0:    60    1.494442e+04    0.875847    1.588811e+01
0:    61    1.428132e+04    0.955629    1.518314e+01
0:    62    1.480429e+04    1.036620    1.573914e+01
0:    63    1.671237e+04    1.128887    1.776770e+01
0:    64    1.875099e+04    1.121983    1.993505e+01
0:    65    2.058345e+04    1.097726    2.188322e+01
0:    66    2.084273e+04    1.012596    2.215887e+01
0:    67    1.990394e+04    0.954958    2.116080e+01
0:    68    1.795804e+04    0.902236    1.909203e+01
0:    69    1.585367e+04    0.882817    1.685477e+01
0:    70    1.477136e+04    0.931731    1.570412e+01
0:    71    1.475411e+04    0.998832    1.568579e+01
0:    72    1.430696e+04    0.969693    1.521040e+01
0:    73    1.555113e+04    1.086963    1.653313e+01
0:    74    1.687951e+04    1.085420    1.794539e+01
0:    75    1.834948e+04    1.087086    1.950819e+01
0:    76    2.001143e+04    1.090572    2.127508e+01
0:    77    2.124980e+04    1.061883    2.259165e+01
0:    78    2.069877e+04    0.974069    2.200582e+01
0:    79    2.187999e+04    1.057067    2.326164e+01
0:    80    1.924577e+04    0.879606    2.046108e+01
0:    81    1.938893e+04    1.007438    2.061327e+01
0:    82    1.743267e+04    0.899104    1.853348e+01
0:    83    1.570969e+04    0.901164    1.670170e+01
0:    84    1.570678e+04    0.999815    1.669860e+01
0:    85    1.484519e+04    0.945146    1.578261e+01
0:    86    1.396830e+04    0.940931    1.485035e+01
0:    87    1.492293e+04    1.068343    1.586526e+01
0:    88    1.548119e+04    1.037410    1.645878e+01
0:    89    1.499780e+04    0.968775    1.594486e+01
0:    90    1.631050e+04    1.087526    1.734045e+01
0:    91    1.812068e+04    1.110982    1.926493e+01
0:    92    1.907819e+04    1.052841    2.028292e+01
0:    93    1.902098e+04    0.997001    2.022209e+01
0:    94    2.053598e+04    1.079649    2.183276e+01
0:    95    2.235752e+04    1.088700    2.376933e+01
0:    96    2.260788e+04    1.011198    2.403549e+01
0:    97    2.153296e+04    0.952454    2.289269e+01
0:    98    2.079504e+04    0.965731    2.210817e+01
0:    99    2.138935e+04    1.028580    2.274002e+01
0:   100    2.124528e+04    0.993264    2.258685e+01
0:   101    2.019365e+04    0.950500    2.146881e+01
0:   102    1.843039e+04    0.912682    1.959421e+01
0:   103    1.746035e+04    0.947367    1.856291e+01
0:   104    1.700248e+04    0.973777    1.807613e+01
0:   105    1.690925e+04    0.994517    1.797701e+01
0:   106    1.680572e+04    0.993877    1.786694e+01
0:   107    1.530725e+04    0.910836    1.627386e+01
0:   108    1.427376e+04    0.932483    1.517510e+01
0:   109    1.410762e+04    0.988361    1.499847e+01
0:   110    1.419370e+04    1.006101    1.508999e+01
0:   111    1.502173e+04    1.058337    1.597030e+01
0:   112    1.512612e+04    1.006950    1.608129e+01
0:   113    1.517645e+04    1.003327    1.613479e+01
0:   114    1.494129e+04    0.984505    1.588479e+01
0:   115    1.508593e+04    1.009680    1.603856e+01
0:   116    1.545390e+04    1.024392    1.642976e+01
0:   117    1.667887e+04    1.079266    1.773208e+01
0:   118    1.841585e+04    1.104143    1.957875e+01
0:   119    1.886331e+04    1.024297    2.005446e+01
0:   120    1.976334e+04    1.047714    2.101133e+01
0:   121    1.960041e+04    0.991756    2.083811e+01
0:   122    1.971636e+04    1.005916    2.096138e+01
0:   123    2.047141e+04    1.038296    2.176411e+01
0:   124    2.002028e+04    0.977963    2.128449e+01
0:   125    2.149313e+04    1.073568    2.285035e+01
0:   126    2.277632e+04    1.059702    2.421457e+01
0:   127    2.277074e+04    0.999755    2.420863e+01
0:   128    2.366611e+04    1.039321    2.516054e+01
0:   129    2.357066e+04    0.995967    2.505907e+01
0:   130    2.229703e+04    0.945965    2.370501e+01
0:   131    2.133973e+04    0.957066    2.268726e+01
0:   132    2.146024e+04    1.005648    2.281539e+01
0:   133    2.063967e+04    0.961763    2.194300e+01
0:   134    2.038942e+04    0.987875    2.167694e+01
0:   135    2.131512e+04    1.045401    2.266109e+01
0:   136    2.177261e+04    1.021463    2.314748e+01
0:   137    2.113456e+04    0.970695    2.246914e+01
0:   138    2.024753e+04    0.958029    2.152609e+01
0:   139    2.011768e+04    0.993587    2.138804e+01
0:   140    1.902549e+04    0.945710    2.022689e+01
0:   141    1.793227e+04    0.942539    1.906464e+01
0:   142    1.690522e+04    0.942726    1.797273e+01
0:   143    1.638077e+04    0.968977    1.741516e+01
0:   144    1.654528e+04    1.010043    1.759006e+01
0:   145    1.560799e+04    0.943350    1.659358e+01
0:   146    1.509808e+04    0.967330    1.605147e+01
0:   147    1.505636e+04    0.997237    1.600712e+01
0:   148    1.566538e+04    1.040449    1.665459e+01
0:   149    1.574467e+04    1.005061    1.673889e+01
0:   150    1.567438e+04    0.995536    1.666416e+01
0:   151    1.480239e+04    0.944369    1.573711e+01
0:   152    1.498424e+04    1.012285    1.593045e+01
0:   153    1.442544e+04    0.962707    1.533636e+01
0:   154    1.468941e+04    1.018299    1.561700e+01
0:   155    1.377193e+04    0.937541    1.464158e+01
0:   156    1.334329e+04    0.968876    1.418588e+01
0:   157    1.294690e+04    0.970293    1.376445e+01
0:   158    1.330198e+04    1.027426    1.414195e+01
0:   159    1.442960e+04    1.084771    1.534078e+01
0:   160    1.457963e+04    1.010398    1.550029e+01
0:   161    1.487589e+04    1.020320    1.581525e+01
0:   162    1.492586e+04    1.003359    1.586838e+01
0:   163    1.588956e+04    1.064566    1.689293e+01
0:   164    1.687078e+04    1.061752    1.793611e+01
0:   165    1.698149e+04    1.006562    1.805381e+01
0:   166    1.728312e+04    1.017762    1.837449e+01
0:   167    1.759574e+04    1.018088    1.870685e+01
0:   168    1.725716e+04    0.980758    1.834689e+01
0:   169    1.682814e+04    0.975140    1.789078e+01
0:   170    1.718380e+04    1.021135    1.826890e+01
0:   171    1.669809e+04    0.971735    1.775252e+01
0:   172    1.731198e+04    1.036764    1.840517e+01
0:   173    1.821398e+04    1.052103    1.936413e+01
0:   174    1.831265e+04    1.005417    1.946903e+01
0:   175    1.790695e+04    0.977846    1.903771e+01
0:   176    1.811384e+04    1.011554    1.925767e+01
0:   177    1.914400e+04    1.056871    2.035288e+01
0:   178    1.936628e+04    1.011611    2.058919e+01
0:   179    2.093683e+04    1.081097    2.225891e+01
0:   180    2.227424e+04    1.063878    2.368078e+01
0:   181    2.237677e+04    1.004603    2.378979e+01
0:   182    2.193581e+04    0.980294    2.332098e+01
0:   183    2.193961e+04    1.000174    2.332502e+01
0:   184    2.225831e+04    1.014526    2.366385e+01
0:   185    2.205272e+04    0.990764    2.344528e+01
0:   186    2.217769e+04    1.005667    2.357814e+01
0:   187    2.250671e+04    1.014836    2.392794e+01
0:   188    2.341054e+04    1.040158    2.488884e+01
0:   189    2.294008e+04    0.979904    2.438867e+01
0:   190    2.231696e+04    0.972837    2.372620e+01
0:   191    2.178300e+04    0.976074    2.315852e+01
0:   192    2.253839e+04    1.034678    2.396162e+01
0:   193    2.201938e+04    0.976972    2.340983e+01
0:   194    2.132215e+04    0.968335    2.266857e+01
0:   195    2.160015e+04    1.013038    2.296412e+01
0:   196    2.182016e+04    1.010186    2.319803e+01
0:   197    2.310827e+04    1.059033    2.456748e+01
0:   198    2.262524e+04    0.979097    2.405394e+01
0:   199    2.221801e+04    0.982001    2.362100e+01
0:   200    2.202996e+04    0.991536    2.342108e+01
0:   201    2.182407e+04    0.990654    2.320218e+01
0:   202    2.248002e+04    1.030056    2.389955e+01
0:   203    2.243025e+04    0.997786    2.384664e+01
0:   204    2.239075e+04    0.998239    2.380465e+01
0:   205    2.260569e+04    1.009599    2.403316e+01
0:   206    2.263466e+04    1.001282    2.406396e+01
0:   207    2.382957e+04    1.052791    2.533433e+01
0:   208    2.469121e+04    1.036159    2.625038e+01
0:   209    2.380482e+04    0.964101    2.530801e+01
0:   210    2.290481e+04    0.962192    2.435117e+01
0:   211    2.249210e+04    0.981981    2.391240e+01
0:   212    2.248549e+04    0.999706    2.390537e+01
0:   213    2.241888e+04    0.997037    2.383455e+01
0:   214    2.157430e+04    0.962328    2.293665e+01
0:   215    2.009363e+04    0.931369    2.136248e+01
0:   216    1.895119e+04    0.943144    2.014789e+01
0:   217    1.900364e+04    1.002768    2.020366e+01
0:   218    1.884461e+04    0.991631    2.003458e+01
0:   219    1.833042e+04    0.972715    1.948793e+01
0:   220    1.788085e+04    0.975474    1.900997e+01
0:   221    1.777716e+04    0.994201    1.889973e+01
0:   222    1.705643e+04    0.959458    1.813349e+01
0:   223    1.691806e+04    0.991887    1.798638e+01
0:   224    1.666364e+04    0.984962    1.771590e+01
0:   225    1.666572e+04    1.000125    1.771810e+01
0:   226    1.591710e+04    0.955080    1.692221e+01
0:   227    1.596282e+04    1.002872    1.697081e+01
0:   228    1.589948e+04    0.996032    1.690347e+01
0:   229    1.608510e+04    1.011675    1.710082e+01
0:   230    1.575333e+04    0.979374    1.674810e+01
0:   231    1.583484e+04    1.005174    1.683476e+01
0:   232    1.604330e+04    1.013164    1.705638e+01
0:   233    1.697922e+04    1.058337    1.805139e+01
0:   234    1.725687e+04    1.016353    1.834658e+01
0:   235    1.692950e+04    0.981030    1.799854e+01
0:   236    1.754542e+04    1.036381    1.865335e+01
0:   237    1.743691e+04    0.993816    1.853799e+01
0:   238    1.662970e+04    0.953707    1.767981e+01
0:   239    1.560557e+04    0.938416    1.659101e+01
0:   240    1.544300e+04    0.989583    1.641818e+01
0:   241    1.563369e+04    1.012348    1.662091e+01
0:   242    1.477220e+04    0.944895    1.570501e+01
0:   243    1.421084e+04    0.961999    1.510820e+01
0:   244    1.390975e+04    0.978813    1.478810e+01
0:   245    1.341463e+04    0.964405    1.426171e+01
0:   246    1.323206e+04    0.986390    1.406762e+01
0:   247    1.289686e+04    0.974668    1.371125e+01
0:   248    1.347056e+04    1.044484    1.432118e+01
0:   249    1.418222e+04    1.052831    1.507778e+01
0:   250    1.410643e+04    0.994656    1.499720e+01
0:   251    1.375439e+04    0.975044    1.462293e+01
0:   252    1.378626e+04    1.002318    1.465682e+01
0:   253    1.328936e+04    0.963956    1.412853e+01
0:   254    1.226465e+04    0.922892    1.303912e+01
0:   255    1.164048e+04    0.949109    1.237554e+01
0:   256    1.148076e+04    0.986278    1.220573e+01
0:   257    1.171812e+04    1.020675    1.245808e+01
0:   258    1.226923e+04    1.047031    1.304399e+01
0:   259    1.204332e+04    0.981587    1.280381e+01
0:   260    1.150144e+04    0.955006    1.222772e+01
0:   261    1.170934e+04    1.018076    1.244874e+01
0:   262    1.202429e+04    1.026897    1.278358e+01
0:   263    1.202370e+04    0.999952    1.278296e+01
0:   264    1.184811e+04    0.985396    1.259628e+01
0:   265    1.224382e+04    1.033398    1.301697e+01
0:   266    1.353283e+04    1.105279    1.438738e+01
0:   267    1.472009e+04    1.087732    1.564962e+01
0:   268    1.541327e+04    1.047091    1.638657e+01
0:   269    1.582824e+04    1.026923    1.682774e+01
0:   270    1.467438e+04    0.927101    1.560101e+01
0:   271    1.282858e+04    0.874216    1.363866e+01
0:   272    1.378937e+04    1.074894    1.466012e+01
0:   273    1.399306e+04    1.014772    1.487668e+01
0:   274    1.310679e+04    0.936663    1.393444e+01
0:   275    1.335222e+04    1.018725    1.419537e+01
0:   276    1.332776e+04    0.998168    1.416936e+01
0:   277    1.357614e+04    1.018636    1.443343e+01
0:   278    1.422056e+04    1.047467    1.511854e+01
0:   279    1.567861e+04    1.102532    1.666867e+01
0:   280    1.558566e+04    0.994071    1.656984e+01
0:   281    1.485620e+04    0.953197    1.579432e+01
0:   282    1.506927e+04    1.014342    1.602085e+01
0:   283    1.523128e+04    1.010751    1.619309e+01
0:   284    1.489326e+04    0.977807    1.583372e+01
0:   285    1.552488e+04    1.042410    1.650522e+01
0:   286    1.638968e+04    1.055704    1.742463e+01
0:   287    1.626876e+04    0.992622    1.729607e+01
0:   288    1.589200e+04    0.976842    1.689552e+01
0:   289    1.525411e+04    0.959861    1.621736e+01
0:   290    1.565390e+04    1.026208    1.664239e+01
0:   291    1.573234e+04    1.005011    1.672578e+01
0:   292    1.526280e+04    0.970154    1.622659e+01
0:   293    1.562701e+04    1.023863    1.661380e+01
0:   294    1.567485e+04    1.003062    1.666467e+01
0:   295    1.480960e+04    0.944800    1.574477e+01
0:   296    1.428019e+04    0.964252    1.518193e+01
0:   297    1.443312e+04    1.010709    1.534452e+01
0:   298    1.534183e+04    1.062960    1.631062e+01
0:   299    1.610049e+04    1.049450    1.711718e+01
0:   300    1.622482e+04    1.007722    1.724936e+01
0:   301    1.544716e+04    0.952069    1.642259e+01
0:   302    1.550097e+04    1.003484    1.647980e+01
0:   303    1.604932e+04    1.035375    1.706278e+01
0:   304    1.565601e+04    0.975494    1.664464e+01
0:   305    1.506700e+04    0.962378    1.601843e+01
0:   306    1.524111e+04    1.011556    1.620354e+01
0:   307    1.492692e+04    0.979385    1.586950e+01
0:   308    1.614033e+04    1.081290    1.715953e+01
0:   309    1.744704e+04    1.080959    1.854876e+01
0:   310    1.617252e+04    0.926949    1.719376e+01
0:   311    1.676360e+04    1.036548    1.782216e+01
0:   312    1.703859e+04    1.016404    1.811452e+01
0:   313    1.635277e+04    0.959749    1.738539e+01
0:   314    1.707684e+04    1.044278    1.815518e+01
0:   315    1.684704e+04    0.986544    1.791087e+01
0:   316    1.629457e+04    0.967206    1.732351e+01
0:   317    1.577807e+04    0.968303    1.677440e+01
0:   318    1.624447e+04    1.029560    1.727025e+01
0:   319    1.612989e+04    0.992947    1.714844e+01
0:   320    1.637931e+04    1.015463    1.741361e+01
0:   321    1.789266e+04    1.092394    1.902252e+01
0:   322    1.793257e+04    1.002231    1.906495e+01
0:   323    1.873003e+04    1.044470    1.991276e+01
0:   324    1.971689e+04    1.052689    2.096195e+01
0:   325    2.025490e+04    1.027287    2.153393e+01
0:   326    1.938439e+04    0.957022    2.060845e+01
0:   327    1.875946e+04    0.967761    1.994405e+01
0:   328    1.866712e+04    0.995078    1.984589e+01
0:   329    1.925004e+04    1.031227    2.046561e+01
0:   330    1.910796e+04    0.992619    2.031456e+01
0:   331    1.856054e+04    0.971351    1.973258e+01
0:   332    1.876182e+04    1.010844    1.994657e+01
0:   333    1.885503e+04    1.004968    2.004566e+01
0:   334    1.860979e+04    0.986994    1.978494e+01
0:   335    1.797847e+04    0.966076    1.911375e+01
0:   336    1.772150e+04    0.985706    1.884055e+01
0:   337    1.841274e+04    1.039006    1.957544e+01
0:   338    1.939516e+04    1.053356    2.061990e+01
0:   339    1.961214e+04    1.011187    2.085058e+01
0:   340    1.976989e+04    1.008044    2.101829e+01
0:   341    2.072905e+04    1.048516    2.203802e+01
0:   342    2.070674e+04    0.998924    2.201430e+01
0:   343    2.107380e+04    1.017727    2.240454e+01
0:   344    1.996093e+04    0.947191    2.122139e+01
0:   345    1.963689e+04    0.983767    2.087690e+01
0:   346    1.943076e+04    0.989503    2.065775e+01
0:   347    1.913610e+04    0.984835    2.034447e+01
0:   348    1.884553e+04    0.984816    2.003556e+01
0:   349    1.822809e+04    0.967237    1.937913e+01
0:   350    1.937713e+04    1.063037    2.060073e+01
0:   351    2.128270e+04    1.098341    2.262663e+01
0:   352    2.149278e+04    1.009871    2.284998e+01
0:   353    2.261475e+04    1.052202    2.404280e+01
0:   354    2.415445e+04    1.068084    2.567973e+01
0:   355    2.434509e+04    1.007892    2.588240e+01
0:   356    2.416476e+04    0.992593    2.569068e+01
0:   357    2.448054e+04    1.013068    2.602640e+01
0:   358    2.517406e+04    1.028329    2.676371e+01
0:   359    2.321545e+04    0.922198    2.468143e+01
0:   360    2.178860e+04    0.938538    2.316447e+01
0:   361    2.169325e+04    0.995624    2.306310e+01
0:   362    2.111563e+04    0.973373    2.244901e+01
0:   363    1.989427e+04    0.942158    2.115052e+01
0:   364    2.064107e+04    1.037539    2.194449e+01
0:   365    2.141842e+04    1.037660    2.277092e+01
0:   366    2.036447e+04    0.950793    2.165042e+01
0:   367    1.896120e+04    0.931092    2.015854e+01
0:   368    1.798707e+04    0.948625    1.912290e+01
0:   369    1.781334e+04    0.990341    1.893819e+01
0:   370    1.784664e+04    1.001869    1.897359e+01
0:   371    1.859831e+04    1.042119    1.977273e+01
0:   372    1.937583e+04    1.041806    2.059935e+01
0:   373    2.011453e+04    1.038125    2.138470e+01
0:   374    2.038477e+04    1.013435    2.167200e+01
0:   375    2.153020e+04    1.056190    2.288976e+01
0:   376    2.199165e+04    1.021433    2.338034e+01
0:   377    2.133572e+04    0.970174    2.268300e+01
0:   378    2.111679e+04    0.989739    2.245024e+01
0:   379    2.108857e+04    0.998664    2.242025e+01
0:   380    2.177853e+04    1.032717    2.315377e+01
0:   381    2.173360e+04    0.997937    2.310600e+01
0:   382    2.148349e+04    0.988492    2.284010e+01
0:   383    2.221002e+04    1.033818    2.361250e+01
0:   384    2.135248e+04    0.961390    2.270081e+01
0:   385    2.086111e+04    0.976988    2.217841e+01
0:   386    2.052841e+04    0.984052    2.182471e+01
0:   387    1.975714e+04    0.962429    2.100473e+01
0:   388    2.109994e+04    1.067965    2.243233e+01
0:   389    2.127383e+04    1.008241    2.261720e+01
0:   390    2.063321e+04    0.969887    2.193612e+01
0:   391    2.137640e+04    1.036019    2.272625e+01
0:   392    2.262952e+04    1.058622    2.405850e+01
0:   393    2.220267e+04    0.981137    2.360470e+01
0:   394    2.238459e+04    1.008194    2.379810e+01
0:   395    2.346105e+04    1.048089    2.494254e+01
0:   396    2.261887e+04    0.964103    2.404718e+01
0:   397    2.129194e+04    0.941335    2.263646e+01
0:   398    2.106328e+04    0.989261    2.239336e+01
0:   399    2.067264e+04    0.981454    2.197805e+01
0:   400    2.158720e+04    1.044240    2.295035e+01
0:   401    2.279399e+04    1.055903    2.423335e+01
0:   402    2.216530e+04    0.972419    2.356496e+01
0:   403    2.123692e+04    0.958116    2.257796e+01
0:   404    1.938838e+04    0.912956    2.061269e+01
0:   405    1.796048e+04    0.926353    1.909462e+01
0:   406    1.835268e+04    1.021837    1.951159e+01
0:   407    1.826387e+04    0.995161    1.941717e+01
0:   408    1.900832e+04    1.040761    2.020863e+01
0:   409    1.842263e+04    0.969188    1.958596e+01
0:   410    1.755493e+04    0.952900    1.866346e+01
0:   411    1.697244e+04    0.966819    1.804419e+01
0:   412    1.674462e+04    0.986577    1.780199e+01
0:   413    1.651267e+04    0.986148    1.755539e+01
0:   414    1.675319e+04    1.014565    1.781109e+01
0:   415    1.625089e+04    0.970018    1.727708e+01
0:   416    1.684988e+04    1.036859    1.791389e+01
0:   417    1.739963e+04    1.032626    1.849836e+01
0:   418    1.845246e+04    1.060509    1.961767e+01
0:   419    1.936660e+04    1.049540    2.058954e+01
0:   420    2.046824e+04    1.056883    2.176074e+01
0:   421    2.162545e+04    1.056537    2.299102e+01
0:   422    2.218339e+04    1.025800    2.358419e+01
0:   423    2.461734e+04    1.109719    2.617184e+01
0:   424    2.506618e+04    1.018233    2.664902e+01
0:   425    2.436127e+04    0.971878    2.589960e+01
0:   426    2.448823e+04    1.005212    2.603458e+01
0:   427    2.344170e+04    0.957264    2.492196e+01
0:   428    2.230635e+04    0.951567    2.371492e+01
0:   429    2.309418e+04    1.035319    2.455250e+01
0:   430    2.272081e+04    0.983833    2.415555e+01
0:   431    2.327428e+04    1.024360    2.474397e+01
0:   432    2.382747e+04    1.023768    2.533209e+01
0:   433    2.379809e+04    0.998767    2.530086e+01
0:   434    2.418616e+04    1.016307    2.571343e+01
0:   435    2.461924e+04    1.017906    2.617387e+01
0:   436    2.472788e+04    1.004413    2.628936e+01
0:   437    2.476752e+04    1.001603    2.633150e+01
0:   438    2.349674e+04    0.948692    2.498048e+01
0:   439    2.379669e+04    1.012766    2.529937e+01
0:   440    2.543680e+04    1.068922    2.704305e+01
0:   441    2.809908e+04    1.104663    2.987344e+01
0:   442    2.930927e+04    1.043068    3.116005e+01
0:   443    2.834927e+04    0.967246    3.013943e+01
0:   444    2.736112e+04    0.965144    2.908888e+01
0:   445    2.617688e+04    0.956718    2.782986e+01
0:   446    2.410925e+04    0.921013    2.563167e+01
0:   447    2.329050e+04    0.966040    2.476122e+01
0:   448    2.363880e+04    1.014955    2.513151e+01
0:   449    2.490401e+04    1.053523    2.647662e+01
0:   450    2.494264e+04    1.001551    2.651768e+01
0:   451    2.407613e+04    0.965260    2.559646e+01
0:   452    2.253063e+04    0.935808    2.395336e+01
0:   453    2.185891e+04    0.970186    2.323923e+01
0:   454    2.257745e+04    1.032872    2.400314e+01
0:   455    2.351326e+04    1.041449    2.499805e+01
0:   456    2.377147e+04    1.010982    2.527256e+01
0:   457    2.231528e+04    0.938742    2.372442e+01
0:   458    2.313366e+04    1.036673    2.459447e+01
0:   459    2.312820e+04    0.999764    2.458867e+01
0:   460    2.292489e+04    0.991210    2.437252e+01
0:   461    2.367337e+04    1.032649    2.516826e+01
0:   462    2.280314e+04    0.963240    2.424308e+01
0:   463    2.204809e+04    0.966888    2.344035e+01
0:   464    2.121046e+04    0.962009    2.254983e+01
0:   465    2.037439e+04    0.960582    2.166096e+01
0:   466    2.016444e+04    0.989696    2.143776e+01
0:   467    1.987968e+04    0.985878    2.113502e+01
0:   468    2.090555e+04    1.051604    2.222567e+01
0:   469    2.156102e+04    1.031354    2.292252e+01
0:   470    2.198489e+04    1.019659    2.337316e+01
0:   471    2.142593e+04    0.974575    2.277891e+01
0:   472    2.115562e+04    0.987384    2.249152e+01
0:   473    2.036938e+04    0.962836    2.165564e+01
0:   474    2.051915e+04    1.007352    2.181486e+01
0:   475    2.130426e+04    1.038263    2.264955e+01
0:   476    2.219166e+04    1.041654    2.359299e+01
0:   477    2.228733e+04    1.004311    2.369470e+01
0:   478    2.322697e+04    1.042160    2.469368e+01
0:   479    2.357502e+04    1.014985    2.506370e+01
0:   480    2.307771e+04    0.978905    2.453499e+01
0:   481    2.242102e+04    0.971545    2.383684e+01
0:   482    2.257735e+04    1.006972    2.400304e+01
0:   483    2.332620e+04    1.033168    2.479917e+01
0:   484    2.235719e+04    0.958459    2.376897e+01
0:   485    2.181565e+04    0.975777    2.319323e+01
0:   486    2.063750e+04    0.945995    2.194069e+01
0:   487    2.127036e+04    1.030665    2.261351e+01
0:   488    2.219475e+04    1.043459    2.359628e+01
0:   489    2.217875e+04    0.999279    2.357926e+01
0:   490    2.123111e+04    0.957273    2.257178e+01
0:   491    2.150312e+04    1.012812    2.286097e+01
0:   492    2.173815e+04    1.010930    2.311084e+01
0:   493    2.118331e+04    0.974476    2.252097e+01
0:   494    2.137824e+04    1.009202    2.272821e+01
0:   495    2.090754e+04    0.977982    2.222778e+01
0:   496    1.916268e+04    0.916544    2.037273e+01
0:   497    1.741831e+04    0.908970    1.851821e+01
0:   498    1.619080e+04    0.929528    1.721319e+01
0:   499    1.583116e+04    0.977787    1.683084e+01
0:   500    1.507668e+04    0.952342    1.602872e+01
0:   501    1.528386e+04    1.013741    1.624898e+01
0:   502    1.540223e+04    1.007745    1.637482e+01
0:   503    1.566621e+04    1.017140    1.665548e+01
0:   504    1.580311e+04    1.008738    1.680102e+01
0:   505    1.502006e+04    0.950450    1.596853e+01
0:   506    1.475514e+04    0.982362    1.568687e+01
0:   507    1.380974e+04    0.935928    1.468178e+01
0:   508    1.284789e+04    0.930350    1.365919e+01
0:   509    1.183687e+04    0.921309    1.258433e+01
0:   510    1.146630e+04    0.968694    1.219036e+01
0:   511    1.073623e+04    0.936328    1.141418e+01
0:   512    1.033768e+04    0.962879    1.099047e+01
0:   513    1.047784e+04    1.013557    1.113948e+01
0:   514    1.059279e+04    1.010971    1.126169e+01
0:   515    1.040807e+04    0.982562    1.106530e+01
0:   516    9.838429e+03    0.945269    1.045969e+01
0:   517    9.233833e+03    0.938547    9.816918e+00
0:   518    9.562849e+03    1.035632    1.016671e+01
0:   519    9.333967e+03    0.976066    9.923375e+00
0:   520    9.041843e+03    0.968703    9.612805e+00
0:   521    8.836177e+03    0.977254    9.394151e+00
0:   522    9.093617e+03    1.029135    9.667848e+00
0:   523    9.798991e+03    1.077568    1.041776e+01
0:   524    1.011463e+04    1.032211    1.075333e+01
0:   525    1.031598e+04    1.019907    1.096739e+01
0:   526    1.037977e+04    1.006184    1.103522e+01
0:   527    1.080088e+04    1.040569    1.148291e+01
0:   528    1.138047e+04    1.053661    1.209910e+01
0:   529    1.246658e+04    1.095436    1.325380e+01
0:   530    1.272985e+04    1.021119    1.353370e+01
0:   531    1.255465e+04    0.986237    1.334743e+01
0:   532    1.306053e+04    1.040294    1.388526e+01
0:   533    1.228825e+04    0.940869    1.306421e+01
0:   534    1.160616e+04    0.944492    1.233905e+01
0:   535    1.142819e+04    0.984666    1.214984e+01
0:   536    1.073992e+04    0.939774    1.141811e+01
0:   537    1.090541e+04    1.015409    1.159404e+01
0:   538    1.040755e+04    0.954347    1.106475e+01
0:   539    1.019407e+04    0.979489    1.083780e+01
0:   540    1.086228e+04    1.065548    1.154820e+01
0:   541    1.089742e+04    1.003235    1.158555e+01
0:   542    1.060966e+04    0.973594    1.127963e+01
0:   543    1.125728e+04    1.061040    1.196814e+01
0:   544    1.102061e+04    0.978977    1.171652e+01
0:   545    1.093565e+04    0.992291    1.162620e+01
0:   546    1.088976e+04    0.995804    1.157741e+01
0:   547    1.078334e+04    0.990228    1.146427e+01
0:   548    1.028966e+04    0.954218    1.093942e+01
0:   549    1.022830e+04    0.994037    1.087418e+01
0:   550    1.086141e+04    1.061898    1.154727e+01
0:   551    1.149185e+04    1.058044    1.221752e+01
0:   552    1.170880e+04    1.018878    1.244817e+01
0:   553    1.176612e+04    1.004896    1.250911e+01
0:   554    1.228464e+04    1.044069    1.306038e+01
0:   555    1.305607e+04    1.062796    1.388052e+01
0:   556    1.355959e+04    1.038566    1.441583e+01
0:   557    1.406428e+04    1.037220    1.495239e+01
0:   558    1.436756e+04    1.021564    1.527482e+01
0:   559    1.458562e+04    1.015177    1.550665e+01
0:   560    1.552004e+04    1.064065    1.650008e+01
0:   561    1.549014e+04    0.998074    1.646829e+01
0:   562    1.673650e+04    1.080461    1.779335e+01
0:   563    1.693194e+04    1.011677    1.800113e+01
0:   564    1.623043e+04    0.958569    1.725533e+01
0:   565    1.523407e+04    0.938611    1.619605e+01
0:   566    1.505123e+04    0.987998    1.600166e+01
0:   567    1.534394e+04    1.019448    1.631286e+01
0:   568    1.485363e+04    0.968045    1.579159e+01
0:   569    1.413535e+04    0.951643    1.502795e+01
0:   570    1.420087e+04    1.004635    1.509760e+01
0:   571    1.461118e+04    1.028893    1.553383e+01
0:   572    1.531083e+04    1.047884    1.627765e+01
0:   573    1.493839e+04    0.975675    1.588170e+01
0:   574    1.490914e+04    0.998042    1.585060e+01
0:   575    1.523550e+04    1.021890    1.619757e+01
0:   576    1.539134e+04    1.010228    1.636325e+01
0:   577    1.620212e+04    1.052678    1.722523e+01
0:   578    1.537188e+04    0.948758    1.634257e+01
0:   579    1.462268e+04    0.951261    1.554605e+01
0:   580    1.565493e+04    1.070593    1.664348e+01
0:   581    1.549784e+04    0.989966    1.647648e+01
0:   582    1.573312e+04    1.015182    1.672662e+01
0:   583    1.616864e+04    1.027681    1.718963e+01
0:   584    1.711549e+04    1.058561    1.819627e+01
0:   585    1.621234e+04    0.947232    1.723610e+01
0:   586    1.663829e+04    1.026273    1.768894e+01
0:   587    1.633018e+04    0.981482    1.736138e+01
0:   588    1.592204e+04    0.975007    1.692746e+01
0:   589    1.598649e+04    1.004048    1.699598e+01
0:   590    1.621663e+04    1.014396    1.724065e+01
0:   591    1.587169e+04    0.978729    1.687393e+01
0:   592    1.492343e+04    0.940255    1.586580e+01
0:   593    1.397924e+04    0.936731    1.486198e+01
0:   594    1.367170e+04    0.978000    1.453502e+01
0:   595    1.391027e+04    1.017450    1.478865e+01
0:   596    1.387114e+04    0.997187    1.474706e+01
0:   597    1.383250e+04    0.997214    1.470598e+01
0:   598    1.373407e+04    0.992884    1.460133e+01
0:   599    1.364197e+04    0.993294    1.450341e+01
0:   600    1.300513e+04    0.953317    1.382636e+01
0:   601    1.229609e+04    0.945480    1.307255e+01
0:   602    1.140465e+04    0.927502    1.212481e+01
0:   603    1.139130e+04    0.998829    1.211062e+01
0:   604    1.130402e+04    0.992338    1.201783e+01
0:   605    1.050601e+04    0.929405    1.116943e+01
0:   606    1.055772e+04    1.004921    1.122440e+01
0:   607    1.026911e+04    0.972664    1.091757e+01
0:   608    9.845661e+03    0.958765    1.046738e+01
0:   609    9.882276e+03    1.003719    1.050631e+01
0:   610    9.779141e+03    0.989564    1.039666e+01
0:   611    9.991008e+03    1.021665    1.062191e+01
0:   612    9.055840e+03    0.906399    9.627685e+00
0:   613    8.867693e+03    0.979224    9.427658e+00
0:   614    8.608763e+03    0.970801    9.152377e+00
0:   615    8.834505e+03    1.026222    9.392374e+00
0:   616    9.016646e+03    1.020617    9.586016e+00
0:   617    8.738510e+03    0.969153    9.290317e+00
0:   618    8.539841e+03    0.977265    9.079103e+00
0:   619    8.635844e+03    1.011242    9.181168e+00
0:   620    8.905630e+03    1.031240    9.467990e+00
0:   621    8.895420e+03    0.998854    9.457135e+00
0:   622    8.548534e+03    0.961004    9.088345e+00
0:   623    8.588238e+03    1.004645    9.130556e+00
0:   624    8.606040e+03    1.002073    9.149482e+00
0:   625    8.480614e+03    0.985426    9.016136e+00
0:   626    8.407823e+03    0.991417    8.938749e+00
0:   627    8.224070e+03    0.978145    8.743392e+00
0:   628    8.393710e+03    1.020627    8.923744e+00
0:   629    8.249641e+03    0.982836    8.770578e+00
0:   630    8.219096e+03    0.996297    8.738103e+00
0:   631    8.444476e+03    1.027422    8.977716e+00
0:   632    8.624515e+03    1.021320    9.169123e+00
0:   633    8.406840e+03    0.974761    8.937703e+00
0:   634    8.324502e+03    0.990206    8.850166e+00
0:   635    8.606289e+03    1.033850    9.149747e+00
0:   636    8.472538e+03    0.984459    9.007550e+00
0:   637    8.242042e+03    0.972795    8.762499e+00
0:   638    8.253170e+03    1.001350    8.774329e+00
0:   639    8.208323e+03    0.994566    8.726651e+00
0:   640    8.317296e+03    1.013276    8.842504e+00
0:   641    8.480838e+03    1.019663    9.016374e+00
0:   642    8.746370e+03    1.031310    9.298674e+00
0:   643    8.708611e+03    0.995683    9.258531e+00
0:   644    8.424215e+03    0.967343    8.956176e+00
0:   645    8.134970e+03    0.965665    8.648665e+00
0:   646    7.780726e+03    0.956454    8.272052e+00
0:   647    7.738783e+03    0.994609    8.227461e+00
0:   648    8.022788e+03    1.036699    8.529400e+00
0:   649    7.984298e+03    0.995202    8.488479e+00
0:   650    7.984303e+03    1.000001    8.488485e+00
0:   651    7.827714e+03    0.980388    8.322007e+00
0:   652    7.216191e+03    0.921877    7.671869e+00
0:   653    7.030292e+03    0.974239    7.474231e+00
0:   654    6.887490e+03    0.979688    7.322412e+00
0:   655    6.500769e+03    0.943852    6.911271e+00
0:   656    6.362481e+03    0.978727    6.764250e+00
0:   657    6.164135e+03    0.968826    6.553379e+00
0:   658    5.962846e+03    0.967345    6.339380e+00
0:   659    6.110470e+03    1.024757    6.496326e+00
0:   660    5.836474e+03    0.955159    6.205027e+00
0:   661    5.574929e+03    0.955188    5.926967e+00
0:   662    5.474178e+03    0.981928    5.819853e+00
0:   663    5.402780e+03    0.986957    5.743947e+00
0:   664    5.531664e+03    1.023855    5.880970e+00
0:   665    5.725424e+03    1.035027    6.086965e+00
0:   666    5.428343e+03    0.948112    5.771124e+00
0:   667    5.443387e+03    1.002772    5.787119e+00
0:   668    5.389312e+03    0.990066    5.729629e+00
0:   669    5.385166e+03    0.999231    5.725221e+00
0:   670    5.345502e+03    0.992635    5.683052e+00
0:   671    5.100962e+03    0.954253    5.423070e+00
0:   672    5.265505e+03    1.032257    5.598003e+00
0:   673    5.553102e+03    1.054619    5.903761e+00
0:   674    5.424409e+03    0.976825    5.766942e+00
0:   675    5.470141e+03    1.008431    5.815562e+00
0:   676    5.303687e+03    0.969570    5.638597e+00
0:   677    4.965613e+03    0.936257    5.279174e+00
0:   678    4.523498e+03    0.910965    4.809142e+00
0:   679    4.444593e+03    0.982557    4.725254e+00
0:   680    4.311319e+03    0.970014    4.583565e+00
0:   681    4.124405e+03    0.956646    4.384847e+00
0:   682    4.054645e+03    0.983086    4.310682e+00
0:   683    4.064484e+03    1.002427    4.321143e+00
0:   684    3.786953e+03    0.931718    4.026087e+00
0:   685    3.747279e+03    0.989523    3.983907e+00
0:   686    3.571746e+03    0.953157    3.797289e+00
0:   687    3.427254e+03    0.959546    3.643673e+00
0:   688    3.370194e+03    0.983351    3.583010e+00
0:   689    3.442818e+03    1.021549    3.660220e+00
0:   690    3.376805e+03    0.980826    3.590039e+00
0:   691    3.505632e+03    1.038151    3.727001e+00
0:   692    3.509360e+03    1.001063    3.730964e+00
0:   693    3.578430e+03    1.019682    3.804396e+00
0:   694    3.710435e+03    1.036889    3.944737e+00
0:   695    3.857198e+03    1.039554    4.100767e+00
0:   696    4.060972e+03    1.052830    4.317408e+00
0:   697    3.948848e+03    0.972390    4.198204e+00
0:   698    3.795608e+03    0.961194    4.035288e+00
0:   699    3.578338e+03    0.942757    3.804298e+00
0:   700    3.439875e+03    0.961305    3.657092e+00
0:   701    3.364412e+03    0.978062    3.576863e+00
0:   702    3.362371e+03    0.999394    3.574693e+00
0:   703    3.300035e+03    0.981461    3.508421e+00
0:   704    3.179916e+03    0.963601    3.380717e+00
0:   705    3.161349e+03    0.994161    3.360978e+00
0:   706    3.011064e+03    0.952461    3.201202e+00
0:   707    2.850299e+03    0.946609    3.030286e+00
0:   708    2.706721e+03    0.949627    2.877641e+00
0:   709    2.655595e+03    0.981112    2.823287e+00
0:   710    2.663247e+03    1.002882    2.831422e+00
0:   711    2.668869e+03    1.002111    2.837399e+00
0:   712    2.722766e+03    1.020194    2.894699e+00
0:   713    2.869835e+03    1.054015    3.051055e+00
0:   714    3.070617e+03    1.069963    3.264516e+00
0:   715    3.100660e+03    1.009784    3.296456e+00
0:   716    3.113679e+03    1.004199    3.310297e+00
0:   717    2.928684e+03    0.940586    3.113620e+00
0:   718    2.622062e+03    0.895304    2.787636e+00
0:   719    2.478279e+03    0.945164    2.634774e+00
0:   720    2.466628e+03    0.995299    2.622387e+00
0:   721    2.572165e+03    1.042786    2.734588e+00
0:   722    2.438747e+03    0.948130    2.592746e+00
0:   723    2.422026e+03    0.993143    2.574968e+00
0:   724    2.311529e+03    0.954378    2.457494e+00
0:   725    2.301894e+03    0.995832    2.447251e+00
0:   726    2.268998e+03    0.985709    2.412277e+00
0:   727    2.175343e+03    0.958724    2.312709e+00
0:   728    2.147225e+03    0.987074    2.282815e+00
0:   729    2.034994e+03    0.947732    2.163497e+00
0:   730    1.984643e+03    0.975257    2.109966e+00
0:   731    1.925875e+03    0.970389    2.047487e+00
0:   732    1.816799e+03    0.943363    1.931524e+00
0:   733    1.776178e+03    0.977642    1.888338e+00
0:   734    1.762298e+03    0.992185    1.873581e+00
0:   735    1.656740e+03    0.940102    1.761358e+00
0:   736    1.646867e+03    0.994041    1.750862e+00
0:   737    1.608106e+03    0.976463    1.709652e+00
0:   738    1.544228e+03    0.960277    1.641740e+00
0:   739    1.523956e+03    0.986872    1.620188e+00
0:   740    1.452723e+03    0.953258    1.544458e+00
0:   741    1.328589e+03    0.914551    1.412485e+00
0:   742    1.210502e+03    0.911118    1.286941e+00
0:   743    1.187485e+03    0.980986    1.262471e+00
0:   744    1.149412e+03    0.967937    1.221993e+00
0:   745    1.081010e+03    0.940490    1.149272e+00
0:   746    9.714306e+02    0.898632    1.032773e+00
0:   747    9.048740e+02    0.931486    9.620137e-01
0:   748    8.557168e+02    0.945675    9.097524e-01
0:   749    8.642822e+02    1.010010    9.188586e-01
0:   750    8.011528e+02    0.926957    8.517429e-01
0:   751    7.671578e+02    0.957567    8.156012e-01
0:   752    7.185165e+02    0.936595    7.638884e-01
0:   753    6.523954e+02    0.907976    6.935919e-01
0:   754    5.978763e+02    0.916433    6.356302e-01
0:   755    5.635207e+02    0.942537    5.991051e-01
0:   756    5.067614e+02    0.899277    5.387617e-01
0:   757    4.599171e+02    0.907561    4.889593e-01
0:   758    3.995295e+02    0.868699    4.247585e-01
0:   759    3.362616e+02    0.841644    3.574954e-01
0:   760    2.986816e+02    0.888242    3.175423e-01
0:   761    2.839809e+02    0.950782    3.019133e-01
0:   762    2.485903e+02    0.875377    2.642879e-01
0:   763    2.211118e+02    0.889463    2.350743e-01
0:   764    2.090792e+02    0.945581    2.222818e-01
0:   765    2.056071e+02    0.983394    2.185905e-01
0:   766    1.855995e+02    0.902690    1.973194e-01
0:   767    1.579332e+02    0.850936    1.679062e-01
0:   768    1.399395e+02    0.886067    1.487762e-01
0:   769    1.262528e+02    0.902196    1.342252e-01
0:   770    1.077538e+02    0.853477    1.145581e-01
0:   771    9.776317e+01    0.907283    1.039366e-01
0:   772    9.015937e+01    0.922222    9.585263e-02
0:   773    8.525852e+01    0.945642    9.064230e-02
0:   774    8.052249e+01    0.944451    8.560721e-02
0:   775    7.200299e+01    0.894197    7.654973e-02
0:   776    6.772369e+01    0.940568    7.200021e-02
0:   777    6.223299e+01    0.918925    6.616279e-02
0:   778    5.705682e+01    0.916826    6.065977e-02
0:   779    5.371450e+01    0.941421    5.710639e-02
0:   780    5.167144e+01    0.961964    5.493431e-02
0:   781    5.175634e+01    1.001643    5.502457e-02
0:   782    5.135784e+01    0.992300    5.460091e-02
0:   783    5.165884e+01    1.005861    5.492092e-02
0:   784    5.110199e+01    0.989221    5.432891e-02
0:   785    4.761690e+01    0.931801    5.062375e-02
0:   786    4.606102e+01    0.967325    4.896962e-02
0:   787    4.461563e+01    0.968620    4.743296e-02
0:   788    4.218215e+01    0.945457    4.484581e-02
0:   789    4.003629e+01    0.949129    4.256445e-02
0:   790    3.786192e+01    0.945690    4.025277e-02
0:   791    3.759679e+01    0.992997    3.997090e-02
0:   792    3.516488e+01    0.935316    3.738542e-02
0:   793    3.382677e+01    0.961947    3.596281e-02
0:   794    3.199675e+01    0.945900    3.401724e-02
0:   795    3.179295e+01    0.993631    3.380057e-02
0:   796    3.280497e+01    1.031831    3.487649e-02
0:   797    3.065455e+01    0.934448    3.259028e-02
0:   798    2.987845e+01    0.974682    3.176517e-02
0:   799    2.980178e+01    0.997434    3.168366e-02
0:   800    2.951867e+01    0.990500    3.138267e-02
0:   801    2.869327e+01    0.972038    3.050515e-02
0:   802    2.733993e+01    0.952834    2.906635e-02
0:   803    2.589988e+01    0.947328    2.753537e-02
0:   804    2.531283e+01    0.977334    2.691125e-02
0:   805    2.490277e+01    0.983800    2.647529e-02
0:   806    2.379523e+01    0.955526    2.529782e-02
0:   807    2.320987e+01    0.975400    2.467549e-02
0:   808    2.187542e+01    0.942505    2.325678e-02
0:   809    2.232380e+01    1.020497    2.373347e-02
0:   810    2.296887e+01    1.028896    2.441928e-02
0:   811    2.479238e+01    1.079390    2.635794e-02
0:   812    2.713621e+01    1.094538    2.884977e-02
0:   813    2.778220e+01    1.023805    2.953656e-02
0:   814    2.676227e+01    0.963288    2.845221e-02
0:   815    2.560698e+01    0.956831    2.722397e-02
0:   816    2.452859e+01    0.957887    2.607749e-02
0:   817    2.525233e+01    1.029506    2.684693e-02
0:   818    2.579415e+01    1.021456    2.742296e-02
0:   819    2.546790e+01    0.987352    2.707611e-02
0:   820    2.478060e+01    0.973013    2.634541e-02
0:   821    2.388617e+01    0.963906    2.539450e-02
0:   822    2.362156e+01    0.988922    2.511318e-02
0:   823    2.402949e+01    1.017269    2.554687e-02
0:   824    2.439871e+01    1.015365    2.593940e-02
0:   825    2.477767e+01    1.015532    2.634230e-02
0:   826    2.430254e+01    0.980824    2.583717e-02
0:   827    2.246634e+01    0.924444    2.388501e-02
0:   828    2.076315e+01    0.924189    2.207427e-02
0:   829    1.943418e+01    0.935994    2.066138e-02
0:   830    1.882939e+01    0.968880    2.001840e-02
0:   831    1.927783e+01    1.023816    2.049516e-02
0:   832    1.882732e+01    0.976631    2.001620e-02
0:   833    1.710237e+01    0.908381    1.818233e-02
0:   834    1.608079e+01    0.940267    1.709624e-02
0:   835    1.561399e+01    0.970972    1.659996e-02
0:   836    1.610238e+01    1.031279    1.711919e-02
0:   837    1.647624e+01    1.023218    1.751666e-02
0:   838    1.591887e+01    0.966171    1.692410e-02
0:   839    1.555774e+01    0.977314    1.654015e-02
0:   840    1.609229e+01    1.034360    1.710847e-02
0:   841    1.666386e+01    1.035518    1.771613e-02
0:   842    1.717733e+01    1.030813    1.826202e-02
0:   843    1.794987e+01    1.044974    1.908334e-02
0:   844    1.738114e+01    0.968316    1.847870e-02
0:   845    1.629472e+01    0.937494    1.732368e-02
0:   846    1.540742e+01    0.945546    1.638035e-02
0:   847    1.416729e+01    0.919511    1.506190e-02
0:   848    1.370679e+01    0.967496    1.457233e-02
0:   849    1.349911e+01    0.984848    1.435153e-02
0:   850    1.343335e+01    0.995128    1.428162e-02
0:   851    1.311874e+01    0.976580    1.394715e-02
0:   852    1.289593e+01    0.983016    1.371027e-02
0:   853    1.316577e+01    1.020924    1.399714e-02
0:   854    1.201683e+01    0.912733    1.277565e-02
0:   855    1.150483e+01    0.957393    1.223132e-02
0:   856    1.150757e+01    1.000238    1.223423e-02
0:   857    1.142944e+01    0.993211    1.215117e-02
0:   858    1.169235e+01    1.023002    1.243068e-02
0:   859    1.157859e+01    0.990271    1.230974e-02
0:   860    1.050905e+01    0.907628    1.117266e-02
0:   861    9.805346e+00    0.933038    1.042452e-02
0:   862    8.785036e+00    0.895943    9.339781e-03
0:   863    8.357320e+00    0.951313    8.885057e-03
0:   864    8.180655e+00    0.978861    8.697235e-03
0:   865    8.247209e+00    1.008136    8.767992e-03
0:   866    8.054438e+00    0.976626    8.563048e-03
0:   867    8.226105e+00    1.021313    8.745555e-03
0:   868    7.693041e+00    0.935199    8.178831e-03
0:   869    7.269949e+00    0.945003    7.729021e-03
0:   870    6.882075e+00    0.946647    7.316654e-03
0:   871    6.931890e+00    1.007238    7.369616e-03
0:   872    6.900869e+00    0.995525    7.336635e-03
0:   873    6.807067e+00    0.986407    7.236910e-03
0:   874    6.656713e+00    0.977912    7.077062e-03
0:   875    6.440089e+00    0.967458    6.846759e-03
0:   876    6.613503e+00    1.026927    7.031123e-03
0:   877    6.782897e+00    1.025613    7.211214e-03
0:   878    7.045433e+00    1.038706    7.490328e-03
0:   879    7.297293e+00    1.035748    7.758092e-03
0:   880    7.292362e+00    0.999324    7.752849e-03
0:   881    7.882047e+00    1.080863    8.379772e-03
0:   882    8.371891e+00    1.062147    8.900547e-03
0:   883    8.438072e+00    1.007905    8.970908e-03
0:   884    8.041497e+00    0.953002    8.549290e-03
0:   885    7.703551e+00    0.957975    8.190004e-03
0:   886    7.104866e+00    0.922285    7.553514e-03
0:   887    6.996602e+00    0.984762    7.438413e-03
0:   888    6.487701e+00    0.927265    6.897377e-03
0:   889    6.249794e+00    0.963330    6.644447e-03
0:   890    5.981848e+00    0.957127    6.359581e-03
0:   891    5.846350e+00    0.977348    6.215527e-03
0:   892    5.741364e+00    0.982042    6.103911e-03
0:   893    5.389961e+00    0.938795    5.730319e-03
0:   894    5.297410e+00    0.982829    5.631923e-03
0:   895    5.156042e+00    0.973314    5.481628e-03
0:   896    4.549984e+00    0.882457    4.837300e-03
0:   897    4.360047e+00    0.958255    4.635369e-03
0:   898    4.007728e+00    0.919194    4.260802e-03
0:   899    3.656724e+00    0.912418    3.887634e-03
0:   900    3.444494e+00    0.941962    3.662003e-03
0:   901    3.235879e+00    0.939435    3.440214e-03
0:   902    3.094420e+00    0.956284    3.289822e-03
0:   903    3.047464e+00    0.984826    3.239901e-03
0:   904    3.062842e+00    1.005046    3.256250e-03
0:   905    3.071017e+00    1.002669    3.264941e-03
0:   906    2.967557e+00    0.966311    3.154948e-03
0:   907    2.776174e+00    0.935508    2.951480e-03
0:   908    2.664733e+00    0.959858    2.833001e-03
0:   909    2.531122e+00    0.949860    2.690954e-03
0:   910    2.488873e+00    0.983308    2.646037e-03
0:   911    2.578222e+00    1.035899    2.741028e-03
0:   912    2.575491e+00    0.998941    2.738124e-03
0:   913    2.535995e+00    0.984665    2.696134e-03
0:   914    2.490762e+00    0.982164    2.648045e-03
0:   915    2.605313e+00    1.045990    2.769829e-03
0:   916    2.734483e+00    1.049580    2.907156e-03
0:   917    2.926877e+00    1.070358    3.111699e-03
0:   918    2.930431e+00    1.001214    3.115478e-03
0:   919    2.900144e+00    0.989665    3.083278e-03
0:   920    2.903962e+00    1.001317    3.087337e-03
0:   921    2.881340e+00    0.992210    3.063287e-03
0:   922    2.918983e+00    1.013065    3.103307e-03
0:   923    3.072853e+00    1.052713    3.266893e-03
0:   924    3.391812e+00    1.103799    3.605993e-03
0:   925    3.623689e+00    1.068364    3.852512e-03
0:   926    3.612233e+00    0.996839    3.840333e-03
0:   927    3.525805e+00    0.976074    3.748448e-03
0:   928    3.626428e+00    1.028539    3.855425e-03
0:   929    3.700028e+00    1.020295    3.933672e-03
0:   930    3.713040e+00    1.003517    3.947506e-03
0:   931    3.713818e+00    1.000209    3.948333e-03
0:   932    3.896383e+00    1.049158    4.142426e-03
0:   933    4.031287e+00    1.034623    4.285849e-03
0:   934    4.102846e+00    1.017751    4.361926e-03
0:   935    3.995027e+00    0.973721    4.247299e-03
0:   936    3.747790e+00    0.938114    3.984451e-03
0:   937    3.525137e+00    0.940591    3.747738e-03
0:   938    3.479697e+00    0.987110    3.699428e-03
0:   939    3.457902e+00    0.993737    3.676257e-03
0:   940    3.496258e+00    1.011092    3.717034e-03
0:   941    3.499457e+00    1.000915    3.720435e-03
0:   942    3.632104e+00    1.037905    3.861459e-03
0:   943    3.673508e+00    1.011399    3.905478e-03
0:   944    3.572947e+00    0.972625    3.798567e-03
0:   945    3.432881e+00    0.960798    3.649655e-03
0:   946    3.389495e+00    0.987362    3.603530e-03
0:   947    3.562183e+00    1.050948    3.787123e-03
0:   948    3.715446e+00    1.043025    3.950064e-03
0:   949    3.808765e+00    1.025116    4.049275e-03
0:   950    3.909207e+00    1.026372    4.156061e-03
0:   951    3.980777e+00    1.018308    4.232150e-03
0:   952    4.092755e+00    1.028130    4.351199e-03
0:   953    3.911124e+00    0.955621    4.158098e-03
0:   954    3.783956e+00    0.967485    4.022899e-03
0:   955    3.584289e+00    0.947233    3.810624e-03
0:   956    3.448240e+00    0.962043    3.665985e-03
0:   957    3.308478e+00    0.959469    3.517398e-03
0:   958    3.242664e+00    0.980107    3.447427e-03
0:   959    3.175842e+00    0.979393    3.376385e-03
0:   960    3.268387e+00    1.029140    3.474774e-03
0:   961    3.261275e+00    0.997824    3.467213e-03
0:   962    3.204744e+00    0.982666    3.407113e-03
0:   963    3.261467e+00    1.017700    3.467418e-03
0:   964    3.289623e+00    1.008633    3.497352e-03
0:   965    3.226937e+00    0.980944    3.430708e-03
0:   966    3.339605e+00    1.034915    3.550490e-03
0:   967    3.346246e+00    1.001988    3.557550e-03
0:   968    3.406572e+00    1.018028    3.621686e-03
0:   969    3.253418e+00    0.955041    3.458860e-03
0:   970    3.155872e+00    0.970018    3.355155e-03
0:   971    3.181029e+00    1.007972    3.381900e-03
0:   972    3.196648e+00    1.004910    3.398506e-03
0:   973    3.146093e+00    0.984185    3.344758e-03
0:   974    3.009760e+00    0.956666    3.199816e-03
0:   975    2.860622e+00    0.950449    3.041261e-03
0:   976    2.836799e+00    0.991672    3.015934e-03
0:   977    2.840668e+00    1.001364    3.020046e-03
0:   978    2.853995e+00    1.004692    3.034215e-03
0:   979    2.686157e+00    0.941192    2.855779e-03
0:   980    2.505875e+00    0.932885    2.664113e-03
0:   981    2.255708e+00    0.900168    2.398149e-03
0:   982    2.073378e+00    0.919169    2.204305e-03
0:   983    1.948835e+00    0.939932    2.071897e-03
0:   984    1.791707e+00    0.919373    1.904847e-03
0:   985    1.741067e+00    0.971737    1.851010e-03
0:   986    1.705847e+00    0.979771    1.813566e-03
0:   987    1.652638e+00    0.968808    1.756997e-03
0:   988    1.533900e+00    0.928153    1.630761e-03
0:   989    1.462593e+00    0.953513    1.554951e-03
0:   990    1.438547e+00    0.983559    1.529387e-03
0:   991    1.413867e+00    0.982844    1.503148e-03
0:   992    1.436538e+00    1.016035    1.527250e-03
0:   993    1.458026e+00    1.014959    1.550096e-03
0:   994    1.492986e+00    1.023978    1.587263e-03
0:   995    1.489468e+00    0.997644    1.583523e-03
0:   996    1.444888e+00    0.970070    1.536128e-03
0:   997    1.381956e+00    0.956445    1.469222e-03
0:   998    1.373954e+00    0.994209    1.460714e-03
0:   999    1.420802e+00    1.034097    1.510520e-03
0:  1000    1.352171e+00    0.951696    1.437556e-03
0: 
0: 
0: =============================================
0: Solve phase times:
0: =============================================
0: PCG Solve:
0:   wall clock time = 0.155667 seconds
0:   wall MFLOPS     = 0.000000
0:   cpu clock time  = 0.155666 seconds
0:   cpu MFLOPS      = 0.000000
0: 
0: 
0: Iterations = 1000
0: Final Relative Residual Norm = 1.437556e-03
0: 
0: Global matrix size: 192 x 192 x 192
0: 5pt 2D Laplacian
0: =============================================
0: Hypre init times:
0: =============================================
0: Hypre init:
0:   wall clock time = 0.000003 seconds
0:   wall MFLOPS     = 0.000000
0:   cpu clock time  = 0.000004 seconds
0:   cpu MFLOPS      = 0.000000
0: 
0: 
0: Using HYPRE_DEVELOP_STRING: v3.1.0-1-g5f6c9306d (branch v3.1.0_thrusthipbugfix; not the develop branch)
0: 
0: Running with these driver parameters:
0:   solver ID    = 2
0: 
0:   Laplacian:   num_fun = 1
0:     (nx, ny, nz) = (192, 192, 192)
0:     (Px, Py, Pz) = (16, 16, 16)
0:     (cx, cy, cz) = (1.000000, 1.000000, 1.000000)
0: 
0: =============================================
0: Generate Matrix:
0: =============================================
0: Spatial Operator:
0:   wall clock time = 0.000518 seconds
0:   wall MFLOPS     = 0.000000
0:   cpu clock time  = 0.000507 seconds
0:   cpu MFLOPS      = 0.000000
0: 
0:   Number of vector components: 1
0:   RHS vector has unit coefficients
0:   Initial guess is 0
0: =============================================
0: IJ Vector Setup:
0: =============================================
0: RHS and Initial Guess:
0:   wall clock time = 0.000633 seconds
0:   wall MFLOPS     = 0.000000
0:   cpu clock time  = 0.000633 seconds
0:   cpu MFLOPS      = 0.000000
0: 
0: Solver: DS-PCG
0: HYPRE_ParCSRPCGGetPrecond got good precond
0: =============================================
0: Setup phase times:
0: =============================================
0: PCG Setup:
0:   wall clock time = 0.000319 seconds
0:   wall MFLOPS     = 0.000000
0:   cpu clock time  = 0.000318 seconds
0:   cpu MFLOPS      = 0.000000
0: 
0: <b,b>: 7.077888e+06
0: 
0: 
0: Iters       ||r||_2     conv.rate  ||r||_2/||b||_2
0: -----    ------------   ---------  ------------ 
0:     1    1.497108e+04    5.627314    5.627314e+00
0:     2    1.481132e+04    0.989329    5.567264e+00
0:     3    1.543118e+04    1.041851    5.800257e+00
0:     4    1.760209e+04    1.140684    6.616258e+00
0:     5    1.607022e+04    0.912972    6.040458e+00
0:     6    1.781682e+04    1.108686    6.696972e+00
0:     7    1.756551e+04    0.985895    6.602508e+00
0:     8    1.786888e+04    1.017271    6.716538e+00
0:     9    1.702315e+04    0.952670    6.398646e+00
0:    10    1.756111e+04    1.031602    6.600855e+00
0:    11    1.714872e+04    0.976517    6.445845e+00
0:    12    1.670190e+04    0.973944    6.277893e+00
0:    13    1.720001e+04    1.029824    6.465123e+00
0:    14    1.627924e+04    0.946467    6.119026e+00
0:    15    1.662640e+04    1.021325    6.249515e+00
0:    16    1.633175e+04    0.982278    6.138762e+00
0:    17    1.587902e+04    0.972279    5.968591e+00
0:    18    1.622322e+04    1.021676    6.097968e+00
0:    19    1.552388e+04    0.956893    5.835102e+00
0:    20    1.567492e+04    1.009729    5.891874e+00
0:    21    1.547656e+04    0.987346    5.817316e+00
0:    22    1.505825e+04    0.972971    5.660082e+00
0:    23    1.527760e+04    1.014566    5.742529e+00
0:    24    1.474396e+04    0.965070    5.541945e+00
0:    25    1.477064e+04    1.001809    5.551973e+00
0:    26    1.463086e+04    0.990537    5.499433e+00
0:    27    1.424839e+04    0.973859    5.355673e+00
0:    28    1.438036e+04    1.009262    5.405276e+00
0:    29    1.396251e+04    0.970943    5.248215e+00
0:    30    1.391031e+04    0.996261    5.228594e+00
0:    31    1.380668e+04    0.992550    5.189643e+00
0:    32    1.345727e+04    0.974692    5.058305e+00
0:    33    1.352640e+04    1.005137    5.084290e+00
0:    34    1.319222e+04    0.975295    4.958680e+00
0:    35    1.308890e+04    0.992168    4.919845e+00
0:    36    1.300761e+04    0.993789    4.889289e+00
0:    37    1.268886e+04    0.975495    4.769475e+00
0:    38    1.271078e+04    1.001728    4.777715e+00
0:    39    1.243938e+04    0.978648    4.675702e+00
0:    40    1.230287e+04    0.989026    4.624390e+00
0:    41    1.223475e+04    0.994463    4.598786e+00
0:    42    1.194488e+04    0.976308    4.489832e+00
0:    43    1.193010e+04    0.998763    4.484277e+00
0:    44    1.170707e+04    0.981305    4.400445e+00
0:    45    1.154968e+04    0.986556    4.341283e+00
0:    46    1.148835e+04    0.994690    4.318229e+00
0:    47    1.122591e+04    0.977156    4.219583e+00
0:    48    1.118203e+04    0.996092    4.203092e+00
0:    49    1.099680e+04    0.983435    4.133468e+00
0:    50    1.082742e+04    0.984597    4.069802e+00
0:    51    1.076831e+04    0.994540    4.047582e+00
0:    52    1.053186e+04    0.978042    3.958707e+00
0:    53    1.046482e+04    0.993635    3.933509e+00
0:    54    1.030923e+04    0.985132    3.875024e+00
0:    55    1.013451e+04    0.983052    3.809351e+00
0:    56    1.007439e+04    0.994067    3.786751e+00
0:    57    9.862383e+03    0.978956    3.707063e+00
0:    58    9.777099e+03    0.991353    3.675007e+00
0:    59    9.644572e+03    0.986445    3.625193e+00
0:    60    9.469563e+03    0.981854    3.559411e+00
0:    61    9.406235e+03    0.993312    3.535607e+00
0:    62    9.216928e+03    0.979874    3.464450e+00
0:    63    9.117659e+03    0.989230    3.427137e+00
0:    64    9.002809e+03    0.987404    3.383968e+00
0:    65    8.831323e+03    0.980952    3.319510e+00
0:    66    8.763447e+03    0.992314    3.293996e+00
0:    67    8.594890e+03    0.980766    3.230639e+00
0:    68    8.485409e+03    0.987262    3.189488e+00
0:    69    8.383773e+03    0.988022    3.151285e+00
0:    70    8.218627e+03    0.980302    3.089210e+00
0:    71    8.145559e+03    0.991109    3.061745e+00
0:    72    7.995638e+03    0.981595    3.005393e+00
0:    73    7.879310e+03    0.985451    2.961668e+00
0:    74    7.787210e+03    0.988311    2.927049e+00
0:    75    7.630379e+03    0.979861    2.868100e+00
0:    76    7.552049e+03    0.989734    2.838657e+00
0:    77    7.418544e+03    0.982322    2.788476e+00
0:    78    7.298345e+03    0.983797    2.743295e+00
0:    79    7.212802e+03    0.988279    2.711142e+00
0:    80    7.065545e+03    0.979584    2.655791e+00
0:    81    6.982339e+03    0.988224    2.624515e+00
0:    82    6.862993e+03    0.982908    2.579656e+00
0:    83    6.741514e+03    0.982299    2.533994e+00
0:    84    6.660182e+03    0.987936    2.503423e+00
0:    85    6.523144e+03    0.979424    2.451913e+00
0:    86    6.435793e+03    0.986609    2.419080e+00
0:    87    6.328388e+03    0.983311    2.378709e+00
0:    88    6.207822e+03    0.980948    2.333391e+00
0:    89    6.128931e+03    0.987292    2.303737e+00
0:    90    6.002243e+03    0.979330    2.256118e+00
0:    91    5.911720e+03    0.984918    2.222092e+00
0:    92    5.814146e+03    0.983495    2.185416e+00
0:    93    5.696284e+03    0.979728    2.141114e+00
0:    94    5.618578e+03    0.986359    2.111906e+00
0:    95    5.501958e+03    0.979244    2.068071e+00
0:    96    5.409374e+03    0.983173    2.033270e+00
0:    97    5.319691e+03    0.983421    1.999561e+00
0:    98    5.205917e+03    0.978613    1.956795e+00
0:    99    5.128599e+03    0.985148    1.927733e+00
0:   100    5.021440e+03    0.979106    1.887454e+00
0:   101    4.927956e+03    0.981383    1.852316e+00
0:   102    4.844443e+03    0.983053    1.820925e+00
0:   103    4.735752e+03    0.977564    1.780070e+00
0:   104    4.658406e+03    0.983668    1.750997e+00
0:   105    4.559874e+03    0.978848    1.713961e+00
0:   106    4.466622e+03    0.979550    1.678910e+00
0:   107    4.387807e+03    0.982355    1.649285e+00
0:   108    4.284823e+03    0.976529    1.610575e+00
0:   109    4.207350e+03    0.981919    1.581455e+00
0:   110    4.116462e+03    0.978398    1.547292e+00
0:   111    4.024480e+03    0.977655    1.512718e+00
0:   112    3.949158e+03    0.981284    1.484406e+00
0:   113    3.852172e+03    0.975441    1.447951e+00
0:   114    3.774711e+03    0.979892    1.418835e+00
0:   115    3.690418e+03    0.977669    1.387151e+00
0:   116    3.600594e+03    0.975660    1.353388e+00
0:   117    3.527830e+03    0.979791    1.326038e+00
0:   118    3.436839e+03    0.974208    1.291836e+00
0:   119    3.359696e+03    0.977554    1.262840e+00
0:   120    3.280946e+03    0.976560    1.233239e+00
0:   121    3.193988e+03    0.973496    1.200553e+00
0:   122    3.123098e+03    0.977805    1.173907e+00
0:   123    3.037859e+03    0.972707    1.141868e+00
0:   124    2.961434e+03    0.974842    1.113141e+00
0:   125    2.887225e+03    0.974942    1.085247e+00
0:   126    2.803636e+03    0.971049    1.053828e+00
0:   127    2.734163e+03    0.975220    1.027715e+00
0:   128    2.654243e+03    0.970770    9.976743e-01
0:   129    2.578967e+03    0.971639    9.693796e-01
0:   130    2.508388e+03    0.972633    9.428505e-01
0:   131    2.428460e+03    0.968136    9.128073e-01
0:   132    2.360139e+03    0.971866    8.871268e-01
0:   133    2.284965e+03    0.968149    8.588707e-01
0:   134    2.211244e+03    0.967736    8.311603e-01
0:   135    2.143499e+03    0.969364    8.056965e-01
0:   136    2.067315e+03    0.964458    7.770605e-01
0:   137    2.000027e+03    0.967451    7.517682e-01
0:   138    1.928940e+03    0.964457    7.250481e-01
0:   139    1.857106e+03    0.962760    6.980473e-01
0:   140    1.791525e+03    0.964686    6.733966e-01
0:   141    1.718971e+03    0.959502    6.461253e-01
0:   142    1.652696e+03    0.961445    6.212137e-01
0:   143    1.584988e+03    0.959032    5.957637e-01
0:   144    1.515263e+03    0.956009    5.695555e-01
0:   145    1.451296e+03    0.957785    5.455117e-01
0:   146    1.382084e+03    0.952310    5.194963e-01
0:   147    1.316848e+03    0.952799    4.949758e-01
0:   148    1.251798e+03    0.950601    4.705246e-01
0:   149    1.184261e+03    0.946048    4.451390e-01
0:   150    1.121465e+03    0.946974    4.215353e-01
0:   151    1.055151e+03    0.940868    3.966091e-01
0:   152    9.909835e+02    0.939187    3.724900e-01
0:   153    9.278887e+02    0.936331    3.487739e-01
0:   154    8.625002e+02    0.929530    3.241958e-01
0:   155    8.006263e+02    0.928262    3.009387e-01
0:   156    7.369401e+02    0.920455    2.770004e-01
0:   157    6.745600e+02    0.915353    2.535530e-01
0:   158    6.144155e+02    0.910839    2.309459e-01
0:   159    5.544406e+02    0.902387    2.084026e-01
0:   160    5.000330e+02    0.901869    1.879520e-01
0:   161    4.506228e+02    0.901186    1.693797e-01
0:   162    4.104413e+02    0.910831    1.542763e-01
0:   163    3.845053e+02    0.936809    1.445275e-01
0:   164    3.752459e+02    0.975919    1.410471e-01
0:   165    3.900070e+02    1.039337    1.465955e-01
0:   166    4.319506e+02    1.107546    1.623612e-01
0:   167    5.016417e+02    1.161340    1.885566e-01
0:   168    5.895317e+02    1.175205    2.215926e-01
0:   169    6.561946e+02    1.113078    2.466498e-01
0:   170    6.549150e+02    0.998050    2.461688e-01
0:   171    5.738652e+02    0.876244    2.157039e-01
0:   172    4.623690e+02    0.805710    1.737948e-01
0:   173    3.789007e+02    0.819477    1.424208e-01
0:   174    3.458297e+02    0.912719    1.299901e-01
0:   175    3.646113e+02    1.054309    1.370498e-01
0:   176    4.126449e+02    1.131739    1.551046e-01
0:   177    4.348528e+02    1.053818    1.634521e-01
0:   178    3.948599e+02    0.908031    1.484196e-01
0:   179    3.282942e+02    0.831419    1.233989e-01
0:   180    2.913470e+02    0.887457    1.095112e-01
0:   181    3.001264e+02    1.030134    1.128112e-01
0:   182    3.305718e+02    1.101442    1.242550e-01
0:   183    3.320165e+02    1.004370    1.247980e-01
0:   184    2.885520e+02    0.869089    1.084606e-01
0:   185    2.492890e+02    0.863931    9.370253e-02
0:   186    2.468489e+02    0.990212    9.278533e-02
0:   187    2.676293e+02    1.084183    1.005963e-01
0:   188    2.680028e+02    1.001396    1.007366e-01
0:   189    2.338149e+02    0.872435    8.788614e-02
0:   190    2.070117e+02    0.885366    7.781137e-02
0:   191    2.110747e+02    1.019627    7.933855e-02
0:   192    2.245988e+02    1.064073    8.442200e-02
0:   193    2.113706e+02    0.941103    7.944979e-02
0:   194    1.830404e+02    0.865969    6.880106e-02
0:   195    1.741234e+02    0.951284    6.544933e-02
0:   196    1.849190e+02    1.062000    6.950718e-02
0:   197    1.828288e+02    0.988697    6.872153e-02
0:   198    1.603201e+02    0.876886    6.026096e-02
0:   199    1.479746e+02    0.922995    5.562055e-02
0:   200    1.541189e+02    1.041523    5.793006e-02
0:   201    1.554271e+02    1.008489    5.842181e-02
0:   202    1.380170e+02    0.887985    5.187772e-02
0:   203    1.264245e+02    0.916006    4.752031e-02
0:   204    1.309737e+02    1.035984    4.923028e-02
0:   205    1.314420e+02    1.003576    4.940631e-02
0:   206    1.172477e+02    0.892011    4.407096e-02
0:   207    1.086191e+02    0.926407    4.082765e-02
0:   208    1.125576e+02    1.036260    4.230804e-02
0:   209    1.113280e+02    0.989076    4.184588e-02
0:   210    9.893904e+01    0.888716    3.718912e-02
0:   211    9.407843e+01    0.950873    3.536211e-02
0:   212    9.792291e+01    1.040865    3.680717e-02
0:   213    9.378670e+01    0.957761    3.525246e-02
0:   214    8.399081e+01    0.895551    3.157039e-02
0:   215    8.276879e+01    0.985451    3.111106e-02
0:   216    8.531193e+01    1.030726    3.206697e-02
0:   217    7.893766e+01    0.925283    2.967102e-02
0:   218    7.237722e+01    0.916891    2.720508e-02
0:   219    7.410417e+01    1.023860    2.785421e-02
0:   220    7.370325e+01    0.994590    2.770351e-02
0:   221    6.661046e+01    0.903766    2.503748e-02
0:   222    6.428310e+01    0.965060    2.416267e-02
0:   223    6.634385e+01    1.032057    2.493726e-02
0:   224    6.260319e+01    0.943617    2.353123e-02
0:   225    5.737757e+01    0.916528    2.156703e-02
0:   226    5.815300e+01    1.013515    2.185850e-02
0:   227    5.789955e+01    0.995642    2.176323e-02
0:   228    5.245328e+01    0.905936    1.971609e-02
0:   229    5.063688e+01    0.965371    1.903334e-02
0:   230    5.161867e+01    1.019389    1.940238e-02
0:   231    4.783392e+01    0.926679    1.797977e-02
0:   232    4.398817e+01    0.919602    1.653423e-02
0:   233    4.417588e+01    1.004267    1.660479e-02
0:   234    4.237561e+01    0.959248    1.592811e-02
0:   235    3.804929e+01    0.897905    1.430193e-02
0:   236    3.714418e+01    0.976212    1.396172e-02
0:   237    3.704313e+01    0.997279    1.392374e-02
0:   238    3.377361e+01    0.911738    1.269479e-02
0:   239    3.211738e+01    0.950961    1.207225e-02
0:   240    3.241267e+01    1.009194    1.218324e-02
0:   241    3.004665e+01    0.927003    1.129391e-02
0:   242    2.772982e+01    0.922892    1.042306e-02
0:   243    2.785495e+01    1.004512    1.047009e-02
0:   244    2.661828e+01    0.955603    1.000525e-02
0:   245    2.418076e+01    0.908427    9.089043e-03
0:   246    2.381958e+01    0.985063    8.953283e-03
0:   247    2.330668e+01    0.978467    8.760494e-03
0:   248    2.112551e+01    0.906414    7.940636e-03
0:   249    2.037487e+01    0.964467    7.658486e-03
0:   250    2.020452e+01    0.991639    7.594456e-03
0:   251    1.842613e+01    0.911980    6.925995e-03
0:   252    1.743675e+01    0.946306    6.554111e-03
0:   253    1.736806e+01    0.996060    6.528290e-03
0:   254    1.601798e+01    0.922267    6.020824e-03
0:   255    1.491651e+01    0.931235    5.606804e-03
0:   256    1.483137e+01    0.994292    5.574801e-03
0:   257    1.385561e+01    0.934209    5.208032e-03
0:   258    1.274067e+01    0.919532    4.788953e-03
0:   259    1.260372e+01    0.989251    4.737476e-03
0:   260    1.190794e+01    0.944796    4.475947e-03
0:   261    1.085623e+01    0.911680    4.080631e-03
0:   262    1.066759e+01    0.982624    4.009725e-03
0:   263    1.015957e+01    0.952377    3.818771e-03
0:   264    9.223986e+00    0.907911    3.467104e-03
0:   265    8.989121e+00    0.974538    3.378823e-03
0:   266    8.607243e+00    0.957518    3.235282e-03
0:   267    7.808202e+00    0.907166    2.934940e-03
0:   268    7.534469e+00    0.964943    2.832049e-03
0:   269    7.249807e+00    0.962219    2.725051e-03
0:   270    6.572443e+00    0.906568    2.470444e-03
0:   271    6.282233e+00    0.955844    2.361360e-03
0:   272    6.074755e+00    0.966974    2.283373e-03
0:   273    5.487956e+00    0.903404    2.062808e-03
0:   274    5.220985e+00    0.951353    1.962459e-03
0:   275    5.052590e+00    0.967746    1.899163e-03
0:   276    4.548759e+00    0.900283    1.709783e-03
0:   277    4.327353e+00    0.951326    1.626561e-03
0:   278    4.158886e+00    0.961069    1.563238e-03
0:   279    3.760212e+00    0.904139    1.413385e-03
0:   280    3.557807e+00    0.946172    1.337305e-03
0:   281    3.401472e+00    0.956059    1.278542e-03
0:   282    3.098616e+00    0.910964    1.164705e-03
0:   283    2.889792e+00    0.932607    1.086212e-03
0:   284    2.788394e+00    0.964912    1.048099e-03
0:   285    2.517142e+00    0.902721    9.461408e-04
0:   286    2.346199e+00    0.932089    8.818873e-04
0:   287    2.273028e+00    0.968813    8.543839e-04
0:   288    2.021383e+00    0.889290    7.597954e-04
0:   289    1.916420e+00    0.948074    7.203423e-04
0:   290    1.813456e+00    0.946273    6.816402e-04
0:   291    1.630188e+00    0.898940    6.127535e-04
0:   292    1.542394e+00    0.946145    5.797535e-04
0:   293    1.450538e+00    0.940446    5.452268e-04
0:   294    1.320500e+00    0.910352    4.963482e-04
0:   295    1.226005e+00    0.928440    4.608296e-04
0:   296    1.173806e+00    0.957424    4.412092e-04
0:   297    1.050202e+00    0.894698    3.947490e-04
0:   298    9.916047e-01    0.944204    3.727234e-04
0:   299    9.401723e-01    0.948132    3.533911e-04
0:   300    8.463183e-01    0.900174    3.181134e-04
0:   301    8.043309e-01    0.950388    3.023312e-04
0:   302    7.602627e-01    0.945211    2.857669e-04
0:   303    6.903026e-01    0.907979    2.594703e-04
0:   304    6.584819e-01    0.953903    2.475096e-04
0:   305    6.264545e-01    0.951362    2.354711e-04
0:   306    5.686522e-01    0.907731    2.137445e-04
0:   307    5.541200e-01    0.974444    2.082821e-04
0:   308    5.204629e-01    0.939260    1.956311e-04
0:   309    4.850936e-01    0.932043    1.823365e-04
0:   310    4.696808e-01    0.968227    1.765432e-04
0:   311    4.481993e-01    0.954264    1.684687e-04
0:   312    4.170651e-01    0.930535    1.567660e-04
0:   313    4.099820e-01    0.983017    1.541037e-04
0:   314    3.880913e-01    0.946606    1.458754e-04
0:   315    3.649429e-01    0.940353    1.371744e-04
0:   316    3.574575e-01    0.979489    1.343608e-04
0:   317    3.363963e-01    0.941080    1.264443e-04
0:   318    3.148180e-01    0.935854    1.183335e-04
0:   319    3.063157e-01    0.972993    1.151376e-04
0:   320    2.822220e-01    0.921344    1.060813e-04
0:   321    2.622379e-01    0.929190    9.856975e-05
0:   322    2.507035e-01    0.956016    9.423421e-05
0:   323    2.251000e-01    0.897873    8.461039e-05
0:   324    2.086902e-01    0.927100    7.844229e-05
0:   325    1.948482e-01    0.933672    7.323936e-05
0:   326    1.743094e-01    0.894591    6.551925e-05
0:   327    1.626236e-01    0.932960    6.112682e-05
0:   328    1.532536e-01    0.942382    5.760481e-05
0:   329    1.406424e-01    0.917711    5.286454e-05
0:   330    1.378337e-01    0.980029    5.180881e-05
0:   331    1.346994e-01    0.977261    5.063070e-05
0:   332    1.313640e-01    0.975238    4.937698e-05
0:   333    1.339040e-01    1.019335    5.033170e-05
0:   334    1.336496e-01    0.998101    5.023609e-05
0:   335    1.292186e-01    0.966846    4.857056e-05
0:   336    1.273868e-01    0.985824    4.788205e-05
0:   337    1.177575e-01    0.924408    4.426257e-05
0:   338    1.070084e-01    0.908718    4.022220e-05
0:   339    9.954266e-02    0.930233    3.741600e-05
0:   340    9.020932e-02    0.906238    3.390780e-05
0:   341    8.486929e-02    0.940804    3.190059e-05
0:   342    8.449146e-02    0.995548    3.175857e-05
0:   343    8.169691e-02    0.966925    3.070816e-05
0:   344    8.112609e-02    0.993013    3.049360e-05
0:   345    7.882629e-02    0.971652    2.962915e-05
0:   346    7.096062e-02    0.900215    2.667261e-05
0:   347    6.528365e-02    0.919998    2.453876e-05
0:   348    5.928817e-02    0.908163    2.228518e-05
0:   349    5.421693e-02    0.914465    2.037901e-05
0:   350    5.334437e-02    0.983906    2.005103e-05
0:   351    5.166198e-02    0.968462    1.941866e-05
0:   352    4.863579e-02    0.941423    1.828117e-05
0:   353    4.598451e-02    0.945487    1.728462e-05
0:   354    4.067411e-02    0.884518    1.528855e-05
0:   355    3.714413e-02    0.913213    1.396170e-05
0:   356    3.562734e-02    0.959165    1.339157e-05
0:   357    3.412871e-02    0.957936    1.282827e-05
0:   358    3.311770e-02    0.970376    1.244825e-05
0:   359    3.153082e-02    0.952084    1.185178e-05
0:   360    2.813242e-02    0.892220    1.057439e-05
0:   361    2.635817e-02    0.936932    9.907486e-06
0:   362    2.516230e-02    0.954630    9.457982e-06
0:   363    2.421165e-02    0.962219    9.100652e-06
0:   364    2.357570e-02    0.973734    8.861611e-06
0:   365    2.170979e-02    0.920855    8.160256e-06
0:   366    1.932777e-02    0.890279    7.264904e-06
0:   367    1.816955e-02    0.940075    6.829554e-06
0:   368    1.696773e-02    0.933855    6.377814e-06
0:   369    1.596921e-02    0.941152    6.002493e-06
0:   370    1.488049e-02    0.931823    5.593263e-06
0:   371    1.299517e-02    0.873303    4.884613e-06
0:   372    1.190461e-02    0.916080    4.474694e-06
0:   373    1.138061e-02    0.955984    4.277734e-06
0:   374    1.072636e-02    0.942512    4.031815e-06
0:   375    1.017533e-02    0.948628    3.824695e-06
0:   376    9.311867e-03    0.915141    3.500136e-06
0:   377    8.419374e-03    0.904155    3.164667e-06
0:   378    8.186593e-03    0.972352    3.077169e-06
0:   379    7.649837e-03    0.934435    2.875414e-06
0:   380    7.001144e-03    0.915202    2.631584e-06
0:   381    6.439542e-03    0.919784    2.420489e-06
0:   382    5.902630e-03    0.916623    2.218675e-06
0:   383    5.695324e-03    0.964879    2.140753e-06
0:   384    5.465501e-03    0.959647    2.054367e-06
0:   385    4.891494e-03    0.894976    1.838610e-06
0:   386    4.483816e-03    0.916656    1.685373e-06
0:   387    4.205455e-03    0.937919    1.580743e-06
0:   388    3.936039e-03    0.935936    1.479475e-06
0:   389    3.720684e-03    0.945287    1.398527e-06
0:   390    3.321726e-03    0.892773    1.248568e-06
0:   391    3.030455e-03    0.912313    1.139085e-06
0:   392    2.881207e-03    0.950751    1.082986e-06
0:   393    2.649416e-03    0.919551    9.958602e-07
0:   394    2.395066e-03    0.903998    9.002553e-07
0:   395    2.207676e-03    0.921760    8.298194e-07
0:   396    2.033335e-03    0.921030    7.642882e-07
0:   397    1.926432e-03    0.947424    7.241053e-07
0:   398    1.768550e-03    0.918044    6.647608e-07
0:   399    1.587343e-03    0.897539    5.966491e-07
0:   400    1.518939e-03    0.956907    5.709374e-07
0:   401    1.427214e-03    0.939612    5.364598e-07
0:   402    1.301586e-03    0.911977    4.892388e-07
0:   403    1.194446e-03    0.917686    4.489674e-07
0:   404    1.097254e-03    0.918630    4.124348e-07
0:   405    1.031210e-03    0.939810    3.876102e-07
0:   406    9.560999e-04    0.927163    3.593779e-07
0:   407    8.456943e-04    0.884525    3.178788e-07
0:   408    7.962868e-04    0.941578    2.993075e-07
0:   409    7.572376e-04    0.950961    2.846298e-07
0:   410    6.880040e-04    0.908571    2.586063e-07
0:   411    6.343163e-04    0.921966    2.384262e-07
0:   412    5.804199e-04    0.915032    2.181677e-07
0:   413    5.452687e-04    0.939438    2.049551e-07
0:   414    5.064318e-04    0.928775    1.903571e-07
0:   415    4.518203e-04    0.892164    1.698298e-07
0:   416    4.235668e-04    0.937467    1.592099e-07
0:   417    4.049417e-04    0.956028    1.522091e-07
0:   418    3.661902e-04    0.904304    1.376432e-07
0:   419    3.368058e-04    0.919757    1.265983e-07
0:   420    3.143638e-04    0.933368    1.181628e-07
0:   421    2.947838e-04    0.937715    1.108030e-07
0:   422    2.770815e-04    0.939948    1.041492e-07
0:   423    2.512769e-04    0.906870    9.444972e-08
0:   424    2.390585e-04    0.951375    8.985709e-08
0:   425    2.284913e-04    0.955797    8.588511e-08
0:   426    2.082760e-04    0.911527    7.828659e-08
0:   427    1.960532e-04    0.941314    7.369229e-08
0:   428    1.889545e-04    0.963792    7.102405e-08
0:   429    1.773557e-04    0.938616    6.666428e-08
0:   430    1.660450e-04    0.936226    6.241284e-08
0:   431    1.562973e-04    0.941295    5.874887e-08
0:   432    1.501534e-04    0.960691    5.643951e-08
0:   433    1.440665e-04    0.959462    5.415157e-08
0:   434    1.321528e-04    0.917304    4.967346e-08
0:   435    1.270737e-04    0.961567    4.776436e-08
0:   436    1.233856e-04    0.970976    4.637805e-08
0:   437    1.142798e-04    0.926201    4.295540e-08
0:   438    1.085763e-04    0.950091    4.081156e-08
0:   439    1.043001e-04    0.960616    3.920422e-08
0:   440    9.863149e-05    0.945651    3.707351e-08
0:   441    9.283979e-05    0.941279    3.489653e-08
0:   442    8.709848e-05    0.938159    3.273850e-08
0:   443    8.311054e-05    0.954214    3.123951e-08
0:   444    7.842905e-05    0.943671    2.947984e-08
0:   445    7.151281e-05    0.911815    2.688017e-08
0:   446    6.846392e-05    0.957366    2.573415e-08
0:   447    6.474423e-05    0.945669    2.433600e-08
0:   448    5.864693e-05    0.905825    2.204415e-08
0:   449    5.557761e-05    0.947664    2.089046e-08
0:   450    5.220563e-05    0.939328    1.962300e-08
0:   451    4.838871e-05    0.926887    1.818830e-08
0:   452    4.504973e-05    0.930997    1.693325e-08
0:   453    4.215343e-05    0.935709    1.584459e-08
0:   454    4.031778e-05    0.956453    1.515461e-08
0:   455    3.759592e-05    0.932490    1.413152e-08
0:   456    3.522511e-05    0.936940    1.324038e-08
0:   457    3.464137e-05    0.983428    1.302097e-08
0:   458    3.298402e-05    0.952157    1.239800e-08
0:   459    3.126919e-05    0.948010    1.175343e-08
0:   460    3.128453e-05    1.000491    1.175920e-08
0:   461    3.046267e-05    0.973729    1.145028e-08
0:   462    2.973577e-05    0.976138    1.117705e-08
0:   463    2.964188e-05    0.996843    1.114176e-08
0:   464    2.949451e-05    0.995028    1.108637e-08
0:   465    2.958201e-05    1.002967    1.111926e-08
0:   466    2.905706e-05    0.982254    1.092194e-08
0:   467    2.939741e-05    1.011713    1.104987e-08
0:   468    2.981397e-05    1.014170    1.120645e-08
0:   469    2.910892e-05    0.976352    1.094144e-08
0:   470    2.941050e-05    1.010360    1.105479e-08
0:   471    2.965501e-05    1.008314    1.114670e-08
0:   472    2.860016e-05    0.964429    1.075020e-08
0:   473    2.811492e-05    0.983034    1.056781e-08
0:   474    2.755915e-05    0.980232    1.035891e-08
0:   475    2.614268e-05    0.948603    9.826487e-09
0: 
0: 
0: =============================================
0: Solve phase times:
0: =============================================
0: PCG Solve:
0:   wall clock time = 0.073097 seconds
0:   wall MFLOPS     = 0.000000
0:   cpu clock time  = 0.073097 seconds
0:   cpu MFLOPS      = 0.000000
0: 
0: 
0: Iterations = 475
0: Final Relative Residual Norm = 9.826487e-09
0: 
0: 27pt 3D Laplacian
0: =============================================
0: Hypre init times:
0: =============================================
0: Hypre init:
0:   wall clock time = 0.000006 seconds
0:   wall MFLOPS     = 0.000000
0:   cpu clock time  = 0.000006 seconds
0:   cpu MFLOPS      = 0.000000
0: 
0: 
0: Using HYPRE_DEVELOP_STRING: v3.1.0-1-g5f6c9306d (branch v3.1.0_thrusthipbugfix; not the develop branch)
0: 
0: Running with these driver parameters:
0:   solver ID    = 2
0: 
0:   Laplacian_27pt:
0:     (nx, ny, nz) = (192, 192, 192)
0:     (Px, Py, Pz) = (16, 16, 16)
0: 
0: =============================================
0: Generate Matrix:
0: =============================================
0: Spatial Operator:
0:   wall clock time = 0.001090 seconds
0:   wall MFLOPS     = 0.000000
0:   cpu clock time  = 0.001091 seconds
0:   cpu MFLOPS      = 0.000000
0: 
0:   Number of vector components: 1
0:   RHS vector has unit coefficients
0:   Initial guess is 0
0: =============================================
0: IJ Vector Setup:
0: =============================================
0: RHS and Initial Guess:
0:   wall clock time = 0.000554 seconds
0:   wall MFLOPS     = 0.000000
0:   cpu clock time  = 0.000554 seconds
0:   cpu MFLOPS      = 0.000000
0: 
0: Solver: DS-PCG
0: HYPRE_ParCSRPCGGetPrecond got good precond
0: =============================================
0: Setup phase times:
0: =============================================
0: PCG Setup:
0:   wall clock time = 0.000350 seconds
0:   wall MFLOPS     = 0.000000
0:   cpu clock time  = 0.000350 seconds
0:   cpu MFLOPS      = 0.000000
0: 
0: <b,b>: 7.077888e+06
0: 
0: 
0: Iters       ||r||_2     conv.rate  ||r||_2/||b||_2
0: -----    ------------   ---------  ------------ 
0:     1    1.492764e+04    5.610987    5.610987e+00
0:     2    1.466179e+04    0.982191    5.511062e+00
0:     3    1.440227e+04    0.982299    5.413512e+00
0:     4    1.414143e+04    0.981889    5.315467e+00
0:     5    1.388247e+04    0.981688    5.218129e+00
0:     6    1.362887e+04    0.981732    5.122807e+00
0:     7    1.337738e+04    0.981548    5.028279e+00
0:     8    1.312792e+04    0.981352    4.934512e+00
0:     9    1.288278e+04    0.981327    4.842369e+00
0:    10    1.264025e+04    0.981174    4.751206e+00
0:    11    1.239992e+04    0.980987    4.660869e+00
0:    12    1.216339e+04    0.980926    4.571965e+00
0:    13    1.192958e+04    0.980777    4.484080e+00
0:    14    1.169807e+04    0.980593    4.397059e+00
0:    15    1.147005e+04    0.980508    4.311351e+00
0:    16    1.124474e+04    0.980357    4.226664e+00
0:    17    1.102178e+04    0.980172    4.142857e+00
0:    18    1.080209e+04    0.980067    4.060278e+00
0:    19    1.058507e+04    0.979910    3.978707e+00
0:    20    1.037041e+04    0.979721    3.898021e+00
0:    21    1.015885e+04    0.979599    3.818498e+00
0:    22    9.949908e+03    0.979433    3.739962e+00
0:    23    9.743319e+03    0.979237    3.662310e+00
0:    24    9.539674e+03    0.979099    3.585764e+00
0:    25    9.338600e+03    0.978922    3.510184e+00
0:    26    9.139853e+03    0.978718    3.435480e+00
0:    27    8.943923e+03    0.978563    3.361833e+00
0:    28    8.750502e+03    0.978374    3.289131e+00
0:    29    8.559377e+03    0.978158    3.217291e+00
0:    30    8.370955e+03    0.977986    3.146467e+00
0:    31    8.184978e+03    0.977783    3.076562e+00
0:    32    8.001258e+03    0.977554    3.007506e+00
0:    33    7.820138e+03    0.977363    2.939426e+00
0:    34    7.641397e+03    0.977144    2.872241e+00
0:    35    7.464870e+03    0.976899    2.805889e+00
0:    36    7.290846e+03    0.976688    2.740476e+00
0:    37    7.119135e+03    0.976448    2.675934e+00
0:    38    6.949591e+03    0.976185    2.612206e+00
0:    39    6.782458e+03    0.975951    2.549384e+00
0:    40    6.617572e+03    0.975689    2.487407e+00
0:    41    6.454803e+03    0.975404    2.426226e+00
0:    42    6.294357e+03    0.975143    2.365917e+00
0:    43    6.136092e+03    0.974856    2.306429e+00
0:    44    5.979891e+03    0.974544    2.247716e+00
0:    45    5.825929e+03    0.974253    2.189845e+00
0:    46    5.674080e+03    0.973936    2.132768e+00
0:    47    5.524240e+03    0.973592    2.076446e+00
0:    48    5.376557e+03    0.973266    2.020935e+00
0:    49    5.230920e+03    0.972913    1.966193e+00
0:    50    5.087234e+03    0.972531    1.912185e+00
0:    51    4.945625e+03    0.972164    1.858957e+00
0:    52    4.805993e+03    0.971767    1.806472e+00
0:    53    4.668254e+03    0.971340    1.754699e+00
0:    54    4.532512e+03    0.970922    1.703676e+00
0:    55    4.398678e+03    0.970473    1.653371e+00
0:    56    4.266675e+03    0.969990    1.603754e+00
0:    57    4.136590e+03    0.969511    1.554858e+00
0:    58    4.008343e+03    0.968997    1.506652e+00
0:    59    3.881863e+03    0.968446    1.459111e+00
0:    60    3.757221e+03    0.967891    1.412261e+00
0:    61    3.634345e+03    0.967296    1.366074e+00
0:    62    3.513169e+03    0.966658    1.320527e+00
0:    63    3.393751e+03    0.966008    1.275640e+00
0:    64    3.276024e+03    0.965311    1.231389e+00
0:    65    3.159928e+03    0.964562    1.187751e+00
0:    66    3.045507e+03    0.963790    1.144742e+00
0:    67    2.932700e+03    0.962960    1.102341e+00
0:    68    2.821451e+03    0.962066    1.060524e+00
0:    69    2.711791e+03    0.961134    1.019306e+00
0:    70    2.603664e+03    0.960127    9.786629e-01
0:    71    2.497016e+03    0.959039    9.385761e-01
0:    72    2.391869e+03    0.957891    8.990536e-01
0:    73    2.288169e+03    0.956645    8.600749e-01
0:    74    2.185863e+03    0.955289    8.216203e-01
0:    75    2.084965e+03    0.953840    7.836946e-01
0:    76    1.985420e+03    0.952256    7.462779e-01
0:    77    1.887178e+03    0.950518    7.093509e-01
0:    78    1.790242e+03    0.948634    6.729147e-01
0:    79    1.694559e+03    0.946553    6.369494e-01
0:    80    1.600079e+03    0.944245    6.014361e-01
0:    81    1.506792e+03    0.941699    5.663716e-01
0:    82    1.414647e+03    0.938847    5.317362e-01
0:    83    1.323590e+03    0.935633    4.975099e-01
0:    84    1.233604e+03    0.932013    4.636859e-01
0:    85    1.144632e+03    0.927876    4.302432e-01
0:    86    1.056618e+03    0.923107    3.971606e-01
0:    87    9.695316e+02    0.917580    3.644266e-01
0:    88    8.833111e+02    0.911070    3.320182e-01
0:    89    7.978933e+02    0.903298    2.999114e-01
0:    90    7.132308e+02    0.893892    2.680885e-01
0:    91    6.292500e+02    0.882253    2.365219e-01
0:    92    5.458700e+02    0.867493    2.051811e-01
0:    93    4.630105e+02    0.848207    1.740360e-01
0:    94    3.805528e+02    0.821910    1.430418e-01
0:    95    2.983264e+02    0.783929    1.121346e-01
0:    96    2.160241e+02    0.724120    8.119894e-02
0:    97    5.636319e+02    2.609116    2.118574e-01
0:    98    4.172039e+02    0.740206    1.568182e-01
0:    99    3.734556e+02    0.895139    1.403742e-01
0:   100    3.594276e+02    0.962437    1.351013e-01
0:   101    3.310655e+02    0.921091    1.244406e-01
0:   102    3.054874e+02    0.922740    1.148263e-01
0:   103    2.916641e+02    0.954750    1.096304e-01
0:   104    2.719646e+02    0.932458    1.022258e-01
0:   105    2.525697e+02    0.928686    9.493565e-02
0:   106    2.396285e+02    0.948762    9.007135e-02
0:   107    2.238071e+02    0.933975    8.412440e-02
0:   108    2.081284e+02    0.929945    7.823110e-02
0:   109    1.965386e+02    0.944314    7.387473e-02
0:   110    1.834575e+02    0.933443    6.895784e-02
0:   111    1.705821e+02    0.929818    6.411825e-02
0:   112    1.605068e+02    0.940936    6.033114e-02
0:   113    1.496738e+02    0.932508    5.625926e-02
0:   114    1.391098e+02    0.929420    5.228846e-02
0:   115    1.305619e+02    0.938553    4.907549e-02
0:   116    1.216688e+02    0.931886    4.573275e-02
0:   117    1.130802e+02    0.929410    4.250447e-02
0:   118    1.059956e+02    0.937349    3.984152e-02
0:   119    9.880116e+01    0.932125    3.713729e-02
0:   120    9.192009e+01    0.930354    3.455084e-02
0:   121    8.618900e+01    0.937651    3.239664e-02
0:   122    8.047649e+01    0.933721    3.024943e-02
0:   123    7.506204e+01    0.932720    2.821425e-02
0:   124    7.053719e+01    0.939719    2.651346e-02
0:   125    6.608625e+01    0.936899    2.484044e-02
0:   126    6.189234e+01    0.936539    2.326404e-02
0:   127    5.837665e+01    0.943197    2.194256e-02
0:   128    5.492905e+01    0.940942    2.064668e-02
0:   129    5.166149e+01    0.940513    1.941848e-02
0:   130    4.886933e+01    0.945953    1.836896e-02
0:   131    4.607244e+01    0.942768    1.731767e-02
0:   132    4.332243e+01    0.940311    1.628399e-02
0:   133    4.081517e+01    0.942126    1.534157e-02
0:   134    3.816505e+01    0.935070    1.434544e-02
0:   135    3.540899e+01    0.927786    1.330950e-02
0:   136    3.275481e+01    0.925042    1.231185e-02
0:   137    3.006159e+01    0.917776    1.129952e-02
0:   138    2.755061e+01    0.916472    1.035570e-02
0:   139    2.549263e+01    0.925302    9.582146e-03
0:   140    2.367206e+01    0.928584    8.897831e-03
0:   141    2.192806e+01    0.926327    8.242301e-03
0:   142    2.024500e+01    0.923246    7.609672e-03
0:   143    1.860496e+01    0.918990    6.993215e-03
0:   144    1.714033e+01    0.921277    6.442690e-03
0:   145    1.583167e+01    0.923650    5.950793e-03
0:   146    1.451530e+01    0.916852    5.455997e-03
0:   147    1.329846e+01    0.916169    4.998614e-03
0:   148    1.223526e+01    0.920051    4.598980e-03
0:   149    1.118427e+01    0.914101    4.203934e-03
0:   150    1.020578e+01    0.912512    3.836139e-03
0:   151    9.344455e+00    0.915604    3.512385e-03
0:   152    8.504355e+00    0.910096    3.196609e-03
0:   153    7.730939e+00    0.909056    2.905898e-03
0:   154    7.038015e+00    0.910370    2.645443e-03
0:   155    6.374467e+00    0.905719    2.396029e-03
0:   156    5.769056e+00    0.905026    2.168468e-03
0:   157    5.216620e+00    0.904241    1.960818e-03
0:   158    4.703735e+00    0.901683    1.768036e-03
0:   159    4.230170e+00    0.899322    1.590033e-03
0:   160    3.800927e+00    0.898528    1.428689e-03
0:   161    3.409481e+00    0.897013    1.281553e-03
0:   162    3.043179e+00    0.892564    1.143867e-03
0:   163    2.720553e+00    0.893984    1.022599e-03
0:   164    2.422385e+00    0.890402    9.105237e-04
0:   165    2.150119e+00    0.887604    8.081846e-04
0:   166    1.909813e+00    0.888236    7.178587e-04
0:   167    1.690148e+00    0.884981    6.352912e-04
0:   168    1.492619e+00    0.883130    5.610444e-04
0:   169    1.317707e+00    0.882815    4.952985e-04
0:   170    1.162099e+00    0.881910    4.368089e-04
0:   171    1.021465e+00    0.878983    3.839475e-04
0:   172    9.008152e-01    0.881885    3.385976e-04
0:   173    7.934882e-01    0.880856    2.982556e-04
0:   174    6.998610e-01    0.882006    2.630631e-04
0:   175    6.199650e-01    0.885840    2.330319e-04
0:   176    5.515834e-01    0.889701    2.073287e-04
0:   177    4.923919e-01    0.892688    1.850798e-04
0:   178    4.438278e-01    0.901371    1.668256e-04
0:   179    4.025614e-01    0.907022    1.513144e-04
0:   180    3.675217e-01    0.912958    1.381437e-04
0:   181    3.384157e-01    0.920805    1.272034e-04
0:   182    3.131846e-01    0.925443    1.177195e-04
0:   183    2.895468e-01    0.924525    1.088346e-04
0:   184    2.675306e-01    0.923963    1.005592e-04
0:   185    2.446204e-01    0.914364    9.194769e-05
0:   186    2.197509e-01    0.898334    8.259977e-05
0:   187    1.936103e-01    0.881044    7.277406e-05
0:   188    1.669055e-01    0.862069    6.273627e-05
0:   189    1.408793e-01    0.844066    5.295357e-05
0:   190    1.197023e-01    0.849680    4.499360e-05
0:   191    1.075467e-01    0.898451    4.042455e-05
0:   192    1.120970e-01    1.042310    4.213491e-05
0:   193    1.133462e-01    1.011144    4.260448e-05
0:   194    9.680126e-02    0.854032    3.638557e-05
0:   195    8.986013e-02    0.928295    3.377654e-05
0:   196    8.320822e-02    0.925975    3.127623e-05
0:   197    7.682461e-02    0.923281    2.887676e-05
0:   198    7.071366e-02    0.920456    2.657979e-05
0:   199    6.472355e-02    0.915291    2.432823e-05
0:   200    5.883164e-02    0.908968    2.211358e-05
0:   201    5.324499e-02    0.905040    2.001368e-05
0:   202    4.787029e-02    0.899057    1.799344e-05
0:   203    4.283143e-02    0.894739    1.609944e-05
0:   204    3.821712e-02    0.892268    1.436502e-05
0:   205    3.408731e-02    0.891938    1.281271e-05
0:   206    3.040046e-02    0.891841    1.142690e-05
0:   207    2.724323e-02    0.896145    1.024016e-05
0:   208    2.452902e-02    0.900371    9.219944e-06
0:   209    2.217728e-02    0.904124    8.335974e-06
0:   210    2.011794e-02    0.907142    7.561913e-06
0:   211    1.820838e-02    0.905081    6.844148e-06
0:   212    1.633241e-02    0.896972    6.139011e-06
0:   213    1.444562e-02    0.884476    5.429806e-06
0:   214    1.258772e-02    0.871387    4.731462e-06
0:   215    1.086666e-02    0.863275    4.084551e-06
0:   216    9.432545e-03    0.868026    3.545496e-06
0:   217    8.327173e-03    0.882813    3.130010e-06
0:   218    7.442095e-03    0.893712    2.797328e-06
0:   219    6.628808e-03    0.890718    2.491630e-06
0:   220    5.820933e-03    0.878127    2.187967e-06
0:   221    5.108258e-03    0.877567    1.920087e-06
0:   222    4.543260e-03    0.889395    1.707717e-06
0:   223    4.045994e-03    0.890549    1.520805e-06
0:   224    3.551030e-03    0.877666    1.334758e-06
0:   225    3.107547e-03    0.875112    1.168062e-06
0:   226    2.732133e-03    0.879193    1.026952e-06
0:   227    2.371510e-03    0.868007    8.914011e-07
0:   228    2.045619e-03    0.862581    7.689056e-07
0:   229    1.778746e-03    0.869539    6.685933e-07
0:   230    1.545192e-03    0.868698    5.808054e-07
0:   231    1.348766e-03    0.872879    5.069728e-07
0:   232    1.191208e-03    0.883184    4.477503e-07
0:   233    1.045342e-03    0.877548    3.929223e-07
0:   234    9.106171e-04    0.871119    3.422819e-07
0:   235    7.901496e-04    0.867708    2.970007e-07
0:   236    6.833981e-04    0.864897    2.568751e-07
0:   237    5.990859e-04    0.876628    2.251838e-07
0:   238    5.248469e-04    0.876080    1.972790e-07
0:   239    4.555676e-04    0.868001    1.712383e-07
0:   240    3.965753e-04    0.870508    1.490644e-07
0:   241    3.461680e-04    0.872894    1.301173e-07
0:   242    3.036750e-04    0.877247    1.141451e-07
0:   243    2.655125e-04    0.874331    9.980059e-08
0:   244    2.344650e-04    0.883066    8.813049e-08
0:   245    2.083946e-04    0.888809    7.833117e-08
0:   246    1.846106e-04    0.885870    6.939127e-08
0:   247    1.656120e-04    0.897088    6.225009e-08
0:   248    1.489799e-04    0.899572    5.599842e-08
0:   249    1.346998e-04    0.904148    5.063085e-08
0:   250    1.225442e-04    0.909758    4.606180e-08
0:   251    1.117910e-04    0.912250    4.201989e-08
0:   252    1.020254e-04    0.912644    3.834922e-08
0:   253    9.338940e-05    0.915354    3.510312e-08
0:   254    8.514314e-05    0.911700    3.200353e-08
0:   255    7.761059e-05    0.911531    2.917220e-08
0:   256    7.038336e-05    0.906878    2.645563e-08
0:   257    6.351297e-05    0.902386    2.387320e-08
0:   258    5.703058e-05    0.897936    2.143660e-08
0:   259    5.071811e-05    0.889314    1.906387e-08
0:   260    4.513352e-05    0.889890    1.696475e-08
0:   261    3.987223e-05    0.883428    1.498714e-08
0:   262    3.545824e-05    0.889297    1.332801e-08
0:   263    3.164134e-05    0.892355    1.189332e-08
0:   264    2.861645e-05    0.904401    1.075632e-08
0:   265    2.621917e-05    0.916227    9.855239e-09
0: 
0: 
0: =============================================
0: Solve phase times:
0: =============================================
0: PCG Solve:
0:   wall clock time = 0.051716 seconds
0:   wall MFLOPS     = 0.000000
0:   cpu clock time  = 0.051717 seconds
0:   cpu MFLOPS      = 0.000000
0: 
0: 
0: Iterations = 265
0: Final Relative Residual Norm = 9.855239e-09
0: 
0: 125pt 3D Laplacian
0: =============================================
0: Hypre init times:
0: =============================================
0: Hypre init:
0:   wall clock time = 0.000003 seconds
0:   wall MFLOPS     = 0.000000
0:   cpu clock time  = 0.000004 seconds
0:   cpu MFLOPS      = 0.000000
0: 
0: 
0: Using HYPRE_DEVELOP_STRING: v3.1.0-1-g5f6c9306d (branch v3.1.0_thrusthipbugfix; not the develop branch)
0: 
0: Running with these driver parameters:
0:   solver ID    = 2
0: 
0:   Laplacian_125pt:
0:     (nx, ny, nz) = (192, 192, 192)
0:     (Px, Py, Pz) = (16, 16, 16)
0: 
0: =============================================
0: Generate Matrix:
0: =============================================
0: Spatial Operator:
0:   wall clock time = 0.013264 seconds
0:   wall MFLOPS     = 0.000000
0:   cpu clock time  = 0.013218 seconds
0:   cpu MFLOPS      = 0.000000
0: 
0:   Number of vector components: 1
0:   RHS vector has unit coefficients
0:   Initial guess is 0
0: =============================================
0: IJ Vector Setup:
0: =============================================
0: RHS and Initial Guess:
0:   wall clock time = 0.000483 seconds
0:   wall MFLOPS     = 0.000000
0:   cpu clock time  = 0.000484 seconds
0:   cpu MFLOPS      = 0.000000
0: 
0: Solver: DS-PCG
0: HYPRE_ParCSRPCGGetPrecond got good precond
0: =============================================
0: Setup phase times:
0: =============================================
0: PCG Setup:
0:   wall clock time = 0.000346 seconds
0:   wall MFLOPS     = 0.000000
0:   cpu clock time  = 0.000345 seconds
0:   cpu MFLOPS      = 0.000000
0: 
0: <b,b>: 7.077888e+06
0: 
0: 
0: Iters       ||r||_2     conv.rate  ||r||_2/||b||_2
0: -----    ------------   ---------  ------------ 
0:     1    3.284406e+04    12.345395    1.234540e+01
0:     2    3.788482e+04    1.153475    1.424011e+01
0:     3    4.122741e+04    1.088230    1.549652e+01
0:     4    4.381945e+04    1.062872    1.647081e+01
0:     5    4.597081e+04    1.049096    1.727946e+01
0:     6    4.780274e+04    1.039850    1.796805e+01
0:     7    4.942476e+04    1.033932    1.857773e+01
0:     8    5.086369e+04    1.029113    1.911860e+01
0:     9    5.217556e+04    1.025792    1.961170e+01
0:    10    5.337073e+04    1.022907    2.006094e+01
0:    11    5.447552e+04    1.020700    2.047621e+01
0:    12    5.550314e+04    1.018864    2.086247e+01
0:    13    5.645913e+04    1.017224    2.122181e+01
0:    14    5.736287e+04    1.016007    2.156150e+01
0:    15    5.820721e+04    1.014719    2.187887e+01
0:    16    5.901420e+04    1.013864    2.218220e+01
0:    17    5.977229e+04    1.012846    2.246715e+01
0:    18    6.050059e+04    1.012185    2.274091e+01
0:    19    6.119046e+04    1.011403    2.300021e+01
0:    20    6.185309e+04    1.010829    2.324928e+01
0:    21    6.248752e+04    1.010257    2.348775e+01
0:    22    6.309475e+04    1.009718    2.371600e+01
0:    23    6.368269e+04    1.009318    2.393699e+01
0:    24    6.424312e+04    1.008800    2.414764e+01
0:    25    6.479068e+04    1.008523    2.435346e+01
0:    26    6.531180e+04    1.008043    2.454934e+01
0:    27    6.582324e+04    1.007831    2.474158e+01
0:    28    6.631144e+04    1.007417    2.492508e+01
0:    29    6.678999e+04    1.007217    2.510496e+01
0:    30    6.725043e+04    1.006894    2.527803e+01
0:    31    6.769896e+04    1.006670    2.544662e+01
0:    32    6.813545e+04    1.006448    2.561069e+01
0:    33    6.855695e+04    1.006186    2.576912e+01
0:    34    6.897200e+04    1.006054    2.592513e+01
0:    35    6.936969e+04    1.005766    2.607462e+01
0:    36    6.976471e+04    1.005694    2.622309e+01
0:    37    7.014194e+04    1.005407    2.636489e+01
0:    38    7.051765e+04    1.005356    2.650611e+01
0:    39    7.087760e+04    1.005104    2.664141e+01
0:    40    7.123451e+04    1.005036    2.677556e+01
0:    41    7.157981e+04    1.004847    2.690535e+01
0:    42    7.191868e+04    1.004734    2.703273e+01
0:    43    7.225113e+04    1.004623    2.715769e+01
0:    44    7.257322e+04    1.004458    2.727875e+01
0:    45    7.289375e+04    1.004417    2.739924e+01
0:    46    7.320085e+04    1.004213    2.751467e+01
0:    47    7.350959e+04    1.004218    2.763072e+01
0:    48    7.380388e+04    1.004004    2.774134e+01
0:    49    7.410049e+04    1.004019    2.785282e+01
0:    50    7.438420e+04    1.003829    2.795946e+01
0:    51    7.466828e+04    1.003819    2.806625e+01
0:    52    7.494327e+04    1.003683    2.816961e+01
0:    53    7.521480e+04    1.003623    2.827167e+01
0:    54    7.548224e+04    1.003556    2.837220e+01
0:    55    7.574180e+04    1.003439    2.846976e+01
0:    56    7.600208e+04    1.003436    2.856759e+01
0:    57    7.625090e+04    1.003274    2.866112e+01
0:    58    7.650368e+04    1.003315    2.875613e+01
0:    59    7.674349e+04    1.003135    2.884627e+01
0:    60    7.698797e+04    1.003186    2.893817e+01
0:    61    7.722063e+04    1.003022    2.902562e+01
0:    62    7.745600e+04    1.003048    2.911409e+01
0:    63    7.768308e+04    1.002932    2.919945e+01
0:    64    7.790806e+04    1.002896    2.928401e+01
0:    65    7.811778e+04    1.002692    2.936284e+01
0:    66    7.821515e+04    1.001247    2.939944e+01
0:    67    7.781756e+04    0.994917    2.924999e+01
0:    68    7.639274e+04    0.981690    2.871443e+01
0:    69    7.512373e+04    0.983388    2.823744e+01
0:    70    8.185017e+04    1.089538    3.076577e+01
0:    71    8.198485e+04    1.001645    3.081639e+01
0:    72    7.139386e+04    0.870818    2.683546e+01
0:    73    8.653447e+04    1.212072    3.252650e+01
0:    74    7.432592e+04    0.858917    2.793756e+01
0:    75    8.115532e+04    1.091885    3.050459e+01
0:    76    7.666420e+04    0.944660    2.881647e+01
0:    77    8.304671e+04    1.083253    3.121552e+01
0:    78    7.349784e+04    0.885018    2.762630e+01
0:    79    9.111763e+04    1.239732    3.424921e+01
0:    80    7.151629e+04    0.784879    2.688148e+01
0:    81    8.646409e+04    1.209013    3.250004e+01
0:    82    8.523493e+04    0.985784    3.203803e+01
0:    83    7.141097e+04    0.837813    2.684189e+01
0:    84    9.004318e+04    1.260915    3.384535e+01
0:    85    8.545956e+04    0.949095    3.212246e+01
0:    86    7.210978e+04    0.843788    2.710456e+01
0:    87    8.477370e+04    1.175620    3.186466e+01
0:    88    9.275567e+04    1.094156    3.486492e+01
0:    89    7.649900e+04    0.824737    2.875437e+01
0:    90    7.445747e+04    0.973313    2.798700e+01
0:    91    9.152690e+04    1.229251    3.440305e+01
0:    92    9.125767e+04    0.997058    3.430185e+01
0:    93    7.637473e+04    0.836913    2.870766e+01
0:    94    7.435094e+04    0.973502    2.794696e+01
0:    95    8.874268e+04    1.193565    3.335652e+01
0:    96    9.583426e+04    1.079912    3.602209e+01
0:    97    8.291999e+04    0.865244    3.116789e+01
0:    98    7.379074e+04    0.889903    2.773640e+01
0:    99    7.801706e+04    1.057274    2.932498e+01
0:   100    9.283657e+04    1.189952    3.489532e+01
0:   101    9.584311e+04    1.032385    3.602542e+01
0:   102    8.549623e+04    0.892044    3.213624e+01
0:   103    7.463867e+04    0.873005    2.805511e+01
0:   104    7.582206e+04    1.015855    2.849993e+01
0:   105    8.664131e+04    1.142693    3.256666e+01
0:   106    9.691410e+04    1.118567    3.642798e+01
0:   107    9.580640e+04    0.988570    3.601162e+01
0:   108    8.364979e+04    0.873113    3.144221e+01
0:   109    7.588082e+04    0.907125    2.852201e+01
0:   110    7.497227e+04    0.988027    2.818051e+01
0:   111    8.432744e+04    1.124782    3.169692e+01
0:   112    9.441183e+04    1.119586    3.548743e+01
0:   113    9.961143e+04    1.055074    3.744185e+01
0:   114    9.337230e+04    0.937365    3.509669e+01
0:   115    8.294374e+04    0.888312    3.117682e+01
0:   116    7.612769e+04    0.917823    2.861480e+01
0:   117    7.518562e+04    0.987625    2.826070e+01
0:   118    8.218499e+04    1.093094    3.089162e+01
0:   119    9.105560e+04    1.107935    3.422589e+01
0:   120    9.994858e+04    1.097665    3.756858e+01
0:   121    9.932487e+04    0.993760    3.733414e+01
0:   122    9.347966e+04    0.941151    3.513705e+01
0:   123    8.377859e+04    0.896223    3.149062e+01
0:   124    7.733052e+04    0.923034    2.906692e+01
0:   125    7.551630e+04    0.976539    2.838500e+01
0:   126    7.867518e+04    1.041830    2.957235e+01
0:   127    8.661954e+04    1.100977    3.255847e+01
0:   128    9.454315e+04    1.091476    3.553679e+01
0:   129    1.016600e+05    1.075277    3.821188e+01
0:   130    1.011312e+05    0.994798    3.801310e+01
0:   131    9.713040e+04    0.960439    3.650928e+01
0:   132    8.859970e+04    0.912173    3.330277e+01
0:   133    8.190876e+04    0.924481    3.078779e+01
0:   134    7.712873e+04    0.941642    2.899108e+01
0:   135    7.625651e+04    0.988691    2.866323e+01
0:   136    7.896572e+04    1.035528    2.968156e+01
0:   137    8.411929e+04    1.065263    3.161868e+01
0:   138    9.291534e+04    1.104566    3.492493e+01
0:   139    1.007971e+05    1.084828    3.788753e+01
0:   140    1.043545e+05    1.035293    3.922469e+01
0:   141    1.003781e+05    0.961895    3.773002e+01
0:   142    9.949080e+04    0.991161    3.739651e+01
0:   143    9.225785e+04    0.927300    3.467779e+01
0:   144    8.325899e+04    0.902460    3.129531e+01
0:   145    8.189768e+04    0.983650    3.078363e+01
0:   146    7.528243e+04    0.919225    2.829709e+01
0:   147    7.858501e+04    1.043869    2.953846e+01
0:   148    7.828637e+04    0.996200    2.942621e+01
0:   149    8.578938e+04    1.095841    3.224643e+01
0:   150    8.932604e+04    1.041225    3.357579e+01
0:   151    9.859401e+04    1.103755    3.705943e+01
0:   152    1.003982e+05    1.018299    3.773759e+01
0:   153    1.078029e+05    1.073753    4.052084e+01
0:   154    1.023252e+05    0.949189    3.846192e+01
0:   155    1.045061e+05    1.021313    3.928167e+01
0:   156    9.470592e+04    0.906224    3.559797e+01
0:   157    9.239632e+04    0.975613    3.472985e+01
0:   158    8.569790e+04    0.927503    3.221205e+01
0:   159    7.958299e+04    0.928646    2.991358e+01
0:   160    8.066129e+04    1.013549    3.031889e+01
0:   161    7.531607e+04    0.933733    2.830974e+01
0:   162    7.937818e+04    1.053934    2.983660e+01
0:   163    8.226033e+04    1.036309    3.091994e+01
0:   164    8.304537e+04    1.009543    3.121502e+01
0:   165    9.192539e+04    1.106930    3.455283e+01
0:   166    9.636621e+04    1.048309    3.622204e+01
0:   167    9.839464e+04    1.021049    3.698449e+01
0:   168    1.069678e+05    1.087131    4.020698e+01
0:   169    1.085922e+05    1.015186    4.081754e+01
0:   170    1.040957e+05    0.958593    3.912740e+01
0:   171    1.071042e+05    1.028901    4.025822e+01
0:   172    1.035456e+05    0.966774    3.892061e+01
0:   173    9.487581e+04    0.916271    3.566183e+01
0:   174    9.205437e+04    0.970262    3.460131e+01
0:   175    9.061042e+04    0.984314    3.405856e+01
0:   176    8.312601e+04    0.917400    3.124533e+01
0:   177    7.872785e+04    0.947090    2.959215e+01
0:   178    8.046528e+04    1.022069    3.024522e+01
0:   179    7.963832e+04    0.989723    2.993438e+01
0:   180    7.704955e+04    0.967493    2.896131e+01
0:   181    7.895291e+04    1.024703    2.967675e+01
0:   182    8.573090e+04    1.085848    3.222445e+01
0:   183    8.837917e+04    1.030891    3.321988e+01
0:   184    8.917661e+04    1.009023    3.351962e+01
0:   185    9.415801e+04    1.055860    3.539203e+01
0:   186    1.027015e+05    1.090736    3.860335e+01
0:   187    1.063072e+05    1.035109    3.995866e+01
0:   188    1.048280e+05    0.986085    3.940264e+01
0:   189    1.065069e+05    1.016017    4.003373e+01
0:   190    1.112061e+05    1.044121    4.180006e+01
0:   191    1.126243e+05    1.012752    4.233311e+01
0:   192    1.066992e+05    0.947391    4.010600e+01
0:   193    1.012821e+05    0.949230    3.806982e+01
0:   194    9.965029e+04    0.983888    3.745646e+01
0:   195    9.936624e+04    0.997150    3.734969e+01
0:   196    9.460877e+04    0.952122    3.556146e+01
0:   197    8.737050e+04    0.923493    3.284074e+01
0:   198    8.263365e+04    0.945784    3.106026e+01
0:   199    8.219016e+04    0.994633    3.089356e+01
0:   200    8.302245e+04    1.010126    3.120640e+01
0:   201    8.137540e+04    0.980161    3.058731e+01
0:   202    7.837380e+04    0.963114    2.945907e+01
0:   203    7.711177e+04    0.983897    2.898470e+01
0:   204    7.986147e+04    1.035659    3.001825e+01
0:   205    8.380649e+04    1.049398    3.150111e+01
0:   206    8.668264e+04    1.034319    3.258219e+01
0:   207    8.689339e+04    1.002431    3.266141e+01
0:   208    8.865145e+04    1.020232    3.332223e+01
0:   209    9.179619e+04    1.035473    3.450427e+01
0:   210    9.704997e+04    1.057233    3.647905e+01
0:   211    1.038398e+05    1.069962    3.903121e+01
0:   212    1.086540e+05    1.046362    4.084078e+01
0:   213    1.067634e+05    0.982599    4.013013e+01
0:   214    1.061675e+05    0.994419    3.990616e+01
0:   215    1.102042e+05    1.038021    4.142345e+01
0:   216    1.107911e+05    1.005325    4.164404e+01
0:   217    1.173195e+05    1.058926    4.409794e+01
0:   218    1.136305e+05    0.968556    4.271133e+01
0:   219    1.105283e+05    0.972699    4.154527e+01
0:   220    1.045970e+05    0.946337    3.931583e+01
0:   221    1.009211e+05    0.964857    3.793414e+01
0:   222    1.002874e+05    0.993721    3.769594e+01
0:   223    9.959629e+04    0.993109    3.743616e+01
0:   224    9.874668e+04    0.991469    3.711681e+01
0:   225    9.401026e+04    0.952035    3.533649e+01
0:   226    8.911759e+04    0.947956    3.349744e+01
0:   227    8.460038e+04    0.949312    3.179951e+01
0:   228    8.168998e+04    0.965598    3.070556e+01
0:   229    8.221460e+04    1.006422    3.090275e+01
0:   230    8.232333e+04    1.001323    3.094362e+01
0:   231    8.451575e+04    1.026632    3.176770e+01
0:   232    8.086055e+04    0.956751    3.039379e+01
0:   233    8.129745e+04    1.005403    3.055801e+01
0:   234    7.780732e+04    0.957070    2.924614e+01
0:   235    7.872015e+04    1.011732    2.958926e+01
0:   236    8.008245e+04    1.017306    3.010132e+01
0:   237    8.298149e+04    1.036201    3.119101e+01
0:   238    8.887455e+04    1.071017    3.340608e+01
0:   239    9.035801e+04    1.016692    3.396369e+01
0:   240    9.315367e+04    1.030940    3.501451e+01
0:   241    9.385476e+04    1.007526    3.527804e+01
0:   242    9.218479e+04    0.982207    3.465033e+01
0:   243    9.691345e+04    1.051295    3.642774e+01
0:   244    9.955453e+04    1.027252    3.742046e+01
0:   245    1.035486e+05    1.040120    3.892177e+01
0:   246    1.113839e+05    1.075667    4.186688e+01
0:   247    1.119884e+05    1.005427    4.209408e+01
0:   248    1.154621e+05    1.031019    4.339979e+01
0:   249    1.166524e+05    1.010309    4.384720e+01
0:   250    1.123687e+05    0.963278    4.223705e+01
0:   251    1.111760e+05    0.989385    4.178872e+01
0:   252    1.126695e+05    1.013434    4.235011e+01
0:   253    1.106685e+05    0.982240    4.159796e+01
0:   254    1.131137e+05    1.022095    4.251706e+01
0:   255    1.172342e+05    1.036428    4.406589e+01
0:   256    1.143146e+05    0.975096    4.296846e+01
0:   257    1.127235e+05    0.986082    4.237042e+01
0:   258    1.106326e+05    0.981451    4.158448e+01
0:   259    1.050597e+05    0.949627    3.948975e+01
0:   260    9.854843e+04    0.938023    3.704229e+01
0:   261    9.832005e+04    0.997683    3.695645e+01
0:   262    9.639585e+04    0.980429    3.623318e+01
0:   263    9.343247e+04    0.969258    3.511931e+01
0:   264    9.380041e+04    1.003938    3.525761e+01
0:   265    9.500726e+04    1.012866    3.571124e+01
0:   266    9.271737e+04    0.975898    3.485052e+01
0:   267    8.910528e+04    0.961042    3.349281e+01
0:   268    8.879795e+04    0.996551    3.337729e+01
0:   269    8.586974e+04    0.967024    3.227664e+01
0:   270    8.122012e+04    0.945853    3.052894e+01
0:   271    7.806477e+04    0.961151    2.934291e+01
0:   272    7.909963e+04    1.013256    2.973190e+01
0:   273    7.952045e+04    1.005320    2.989007e+01
0:   274    7.911824e+04    0.994942    2.973889e+01
0:   275    8.030987e+04    1.015061    3.018680e+01
0:   276    8.362708e+04    1.041305    3.143367e+01
0:   277    8.541504e+04    1.021380    3.210573e+01
0:   278    8.414668e+04    0.985151    3.162898e+01
0:   279    8.310981e+04    0.987678    3.123924e+01
0:   280    8.385039e+04    1.008911    3.151761e+01
0:   281    8.520877e+04    1.016200    3.202819e+01
0:   282    8.339636e+04    0.978730    3.134695e+01
0:   283    8.320864e+04    0.997749    3.127639e+01
0:   284    8.745414e+04    1.051022    3.287218e+01
0:   285    9.210853e+04    1.053221    3.462167e+01
0:   286    9.341410e+04    1.014174    3.511241e+01
0:   287    9.752302e+04    1.043986    3.665686e+01
0:   288    9.981229e+04    1.023474    3.751735e+01
0:   289    1.057762e+05    1.059751    3.975906e+01
0:   290    1.079851e+05    1.020883    4.058934e+01
0:   291    1.062749e+05    0.984163    3.994652e+01
0:   292    1.067457e+05    1.004430    4.012349e+01
0:   293    1.070525e+05    1.002873    4.023878e+01
0:   294    1.107228e+05    1.034285    4.161838e+01
0:   295    1.093956e+05    0.988013    4.111951e+01
0:   296    1.092546e+05    0.998711    4.106651e+01
0:   297    1.091478e+05    0.999022    4.102636e+01
0:   298    1.138845e+05    1.043397    4.280679e+01
0:   299    1.176198e+05    1.032799    4.421082e+01
0:   300    1.208814e+05    1.027730    4.543681e+01
0:   301    1.201654e+05    0.994077    4.516768e+01
0:   302    1.210922e+05    1.007712    4.551602e+01
0:   303    1.228484e+05    1.014503    4.617613e+01
0:   304    1.240238e+05    1.009568    4.661795e+01
0:   305    1.209487e+05    0.975206    4.546209e+01
0:   306    1.156447e+05    0.956147    4.346842e+01
0:   307    1.124040e+05    0.971977    4.225030e+01
0:   308    1.084568e+05    0.964884    4.076663e+01
0:   309    1.103089e+05    1.017077    4.146279e+01
0:   310    1.086802e+05    0.985236    4.085061e+01
0:   311    1.089227e+05    1.002232    4.094177e+01
0:   312    1.057301e+05    0.970689    3.974172e+01
0:   313    1.059998e+05    1.002551    3.984311e+01
0:   314    1.083870e+05    1.022521    4.074041e+01
0:   315    1.080925e+05    0.997283    4.062970e+01
0:   316    1.084426e+05    1.003239    4.076131e+01
0:   317    1.036121e+05    0.955455    3.894560e+01
0:   318    1.021158e+05    0.985559    3.838319e+01
0:   319    9.771539e+04    0.956908    3.672917e+01
0:   320    9.510408e+04    0.973276    3.574763e+01
0:   321    9.570635e+04    1.006333    3.597401e+01
0:   322    9.180063e+04    0.959191    3.450594e+01
0:   323    8.901012e+04    0.969603    3.345704e+01
0:   324    8.528714e+04    0.958173    3.205765e+01
0:   325    8.274016e+04    0.970136    3.110030e+01
0:   326    8.374702e+04    1.012169    3.147875e+01
0:   327    8.512165e+04    1.016414    3.199545e+01
0:   328    8.402113e+04    0.987071    3.158178e+01
0:   329    8.495669e+04    1.011135    3.193344e+01
0:   330    8.315460e+04    0.978788    3.125608e+01
0:   331    8.221348e+04    0.988682    3.090233e+01
0:   332    8.417910e+04    1.023909    3.164116e+01
0:   333    8.448590e+04    1.003645    3.175648e+01
0:   334    8.504942e+04    1.006670    3.196830e+01
0:   335    8.542759e+04    1.004446    3.211044e+01
0:   336    8.283233e+04    0.969620    3.113494e+01
0:   337    7.972026e+04    0.962429    2.996518e+01
0:   338    8.053535e+04    1.010224    3.027155e+01
0:   339    7.924040e+04    0.983921    2.978481e+01
0:   340    7.933850e+04    1.001238    2.982168e+01
0:   341    8.083185e+04    1.018822    3.038300e+01
0:   342    8.123468e+04    1.004984    3.053442e+01
0:   343    8.042187e+04    0.989994    3.022890e+01
0:   344    8.144973e+04    1.012781    3.061525e+01
0:   345    8.263513e+04    1.014554    3.106082e+01
0:   346    8.302457e+04    1.004713    3.120720e+01
0:   347    8.779407e+04    1.057447    3.299995e+01
0:   348    9.260375e+04    1.054784    3.480781e+01
0:   349    9.437688e+04    1.019147    3.547430e+01
0:   350    9.519023e+04    1.008618    3.578002e+01
0:   351    9.754786e+04    1.024768    3.666620e+01
0:   352    9.667800e+04    0.991083    3.633924e+01
0:   353    9.616174e+04    0.994660    3.614519e+01
0:   354    9.964006e+04    1.036172    3.745262e+01
0:   355    1.026626e+05    1.030335    3.858873e+01
0:   356    1.027560e+05    1.000910    3.862383e+01
0:   357    1.018695e+05    0.991372    3.829060e+01
0:   358    1.004145e+05    0.985717    3.774371e+01
0:   359    1.004564e+05    1.000418    3.775947e+01
0:   360    9.883691e+04    0.983878    3.715073e+01
0:   361    9.960315e+04    1.007753    3.743874e+01
0:   362    1.046711e+05    1.050881    3.934366e+01
0:   363    1.069201e+05    1.021487    4.018904e+01
0:   364    1.093862e+05    1.023065    4.111600e+01
0:   365    1.108444e+05    1.013330    4.166409e+01
0:   366    1.152520e+05    1.039764    4.332080e+01
0:   367    1.171443e+05    1.016419    4.403210e+01
0:   368    1.171633e+05    1.000162    4.403922e+01
0:   369    1.182449e+05    1.009232    4.444579e+01
0:   370    1.218909e+05    1.030834    4.581623e+01
0:   371    1.239000e+05    1.016483    4.657140e+01
0:   372    1.248841e+05    1.007943    4.694134e+01
0:   373    1.247054e+05    0.998569    4.687415e+01
0:   374    1.272935e+05    1.020754    4.784696e+01
0:   375    1.248324e+05    0.980666    4.692190e+01
0:   376    1.224183e+05    0.980661    4.601446e+01
0:   377    1.168526e+05    0.954535    4.392243e+01
0:   378    1.182779e+05    1.012198    4.445820e+01
0:   379    1.178070e+05    0.996018    4.428119e+01
0:   380    1.196410e+05    1.015568    4.497054e+01
0:   381    1.174292e+05    0.981513    4.413918e+01
0:   382    1.199958e+05    1.021857    4.510392e+01
0:   383    1.194696e+05    0.995614    4.490611e+01
0:   384    1.190068e+05    0.996127    4.473218e+01
0:   385    1.155909e+05    0.971296    4.344818e+01
0:   386    1.118447e+05    0.967591    4.204009e+01
0:   387    1.144431e+05    1.023232    4.301677e+01
0:   388    1.159658e+05    1.013306    4.358913e+01
0:   389    1.179940e+05    1.017489    4.435147e+01
0:   390    1.165891e+05    0.988094    4.382341e+01
0:   391    1.196562e+05    1.026306    4.497625e+01
0:   392    1.204322e+05    1.006485    4.526794e+01
0:   393    1.198294e+05    0.994995    4.504135e+01
0:   394    1.179136e+05    0.984012    4.432124e+01
0:   395    1.132857e+05    0.960752    4.258171e+01
0:   396    1.120440e+05    0.989040    4.211500e+01
0:   397    1.118729e+05    0.998472    4.205067e+01
0:   398    1.115737e+05    0.997326    4.193821e+01
0:   399    1.105733e+05    0.991034    4.156218e+01
0:   400    1.071180e+05    0.968751    4.026340e+01
0:   401    1.071437e+05    1.000240    4.027306e+01
0:   402    1.060471e+05    0.989766    3.986090e+01
0:   403    1.026240e+05    0.967721    3.857422e+01
0:   404    1.008881e+05    0.983085    3.792172e+01
0:   405    9.500699e+04    0.941707    3.571114e+01
0:   406    9.190879e+04    0.967390    3.454659e+01
0:   407    9.152441e+04    0.995818    3.440211e+01
0:   408    9.084916e+04    0.992622    3.414830e+01
0:   409    9.089448e+04    1.000499    3.416534e+01
0:   410    8.913407e+04    0.980632    3.350363e+01
0:   411    8.796592e+04    0.986894    3.306455e+01
0:   412    9.042988e+04    1.028010    3.399070e+01
0:   413    9.233574e+04    1.021076    3.470707e+01
0:   414    9.115218e+04    0.987182    3.426220e+01
0:   415    8.968169e+04    0.983868    3.370947e+01
0:   416    8.788137e+04    0.979926    3.303277e+01
0:   417    8.674113e+04    0.987025    3.260418e+01
0:   418    8.807895e+04    1.015423    3.310704e+01
0:   419    8.832401e+04    1.002782    3.319915e+01
0:   420    8.771772e+04    0.993136    3.297126e+01
0:   421    8.870159e+04    1.011216    3.334107e+01
0:   422    8.787795e+04    0.990714    3.303148e+01
0:   423    8.751351e+04    0.995853    3.289450e+01
0:   424    8.848709e+04    1.011125    3.326045e+01
0:   425    8.771580e+04    0.991284    3.297054e+01
0:   426    8.570790e+04    0.977109    3.221581e+01
0:   427    8.417490e+04    0.982114    3.163958e+01
0:   428    8.173787e+04    0.971048    3.072356e+01
0:   429    7.950493e+04    0.972682    2.988424e+01
0:   430    7.779923e+04    0.978546    2.924310e+01
0:   431    7.917349e+04    1.017664    2.975966e+01
0:   432    7.902535e+04    0.998129    2.970398e+01
0:   433    7.755822e+04    0.981435    2.915251e+01
0:   434    7.774034e+04    1.002348    2.922097e+01
0:   435    7.626130e+04    0.980975    2.866503e+01
0:   436    7.648805e+04    1.002973    2.875026e+01
0:   437    7.901495e+04    1.033037    2.970007e+01
0:   438    8.134740e+04    1.029519    3.057678e+01
0:   439    8.041299e+04    0.988513    3.022556e+01
0:   440    7.853014e+04    0.976585    2.951784e+01
0:   441    7.862546e+04    1.001214    2.955367e+01
0:   442    7.955719e+04    1.011850    2.990388e+01
0:   443    8.050086e+04    1.011862    3.025859e+01
0:   444    8.322775e+04    1.033874    3.128357e+01
0:   445    8.449051e+04    1.015172    3.175822e+01
0:   446    8.544909e+04    1.011345    3.211852e+01
0:   447    8.535729e+04    0.998926    3.208402e+01
0:   448    8.940818e+04    1.047458    3.360666e+01
0:   449    9.218288e+04    1.031034    3.464962e+01
0:   450    9.472715e+04    1.027600    3.560595e+01
0:   451    9.496076e+04    1.002466    3.569376e+01
0:   452    9.617163e+04    1.012751    3.614891e+01
0:   453    9.475943e+04    0.985316    3.561809e+01
0:   454    9.337330e+04    0.985372    3.509707e+01
0:   455    9.198904e+04    0.985175    3.457676e+01
0:   456    9.354479e+04    1.016912    3.516153e+01
0:   457    9.241476e+04    0.987920    3.473677e+01
0:   458    9.216887e+04    0.997339    3.464435e+01
0:   459    9.251768e+04    1.003784    3.477546e+01
0:   460    9.490087e+04    1.025759    3.567125e+01
0:   461    9.472994e+04    0.998199    3.560700e+01
0:   462    9.613442e+04    1.014826    3.613492e+01
0:   463    9.670416e+04    1.005927    3.634907e+01
0:   464    9.688018e+04    1.001820    3.641523e+01
0:   465    9.909321e+04    1.022843    3.724706e+01
0:   466    9.816486e+04    0.990632    3.689812e+01
0:   467    9.778642e+04    0.996145    3.675587e+01
0:   468    9.672255e+04    0.989121    3.635598e+01
0:   469    9.717292e+04    1.004656    3.652527e+01
0:   470    9.521097e+04    0.979810    3.578781e+01
0:   471    9.573277e+04    1.005480    3.598395e+01
0:   472    1.002059e+05    1.046725    3.766531e+01
0:   473    1.028118e+05    1.026005    3.864481e+01
0:   474    1.063437e+05    1.034353    3.997238e+01
0:   475    1.072089e+05    1.008136    4.029758e+01
0:   476    1.096960e+05    1.023198    4.123242e+01
0:   477    1.122120e+05    1.022936    4.217813e+01
0:   478    1.121342e+05    0.999307    4.214889e+01
0:   479    1.148417e+05    1.024145    4.316659e+01
0:   480    1.158714e+05    1.008967    4.355365e+01
0:   481    1.173574e+05    1.012824    4.411220e+01
0:   482    1.207004e+05    1.028485    4.536875e+01
0:   483    1.181086e+05    0.978527    4.439455e+01
0:   484    1.169878e+05    0.990510    4.397326e+01
0:   485    1.154012e+05    0.986438    4.337690e+01
0:   486    1.156845e+05    1.002455    4.348337e+01
0:   487    1.194023e+05    1.032138    4.488083e+01
0:   488    1.212854e+05    1.015771    4.558866e+01
0:   489    1.219321e+05    1.005332    4.583172e+01
0:   490    1.255676e+05    1.029816    4.719822e+01
0:   491    1.270020e+05    1.011424    4.773741e+01
0:   492    1.278440e+05    1.006630    4.805389e+01
0:   493    1.264045e+05    0.988740    4.751282e+01
0:   494    1.214796e+05    0.961038    4.566162e+01
0:   495    1.230103e+05    1.012601    4.623699e+01
0:   496    1.259472e+05    1.023876    4.734094e+01
0:   497    1.256410e+05    0.997568    4.722582e+01
0:   498    1.253057e+05    0.997332    4.709980e+01
0:   499    1.250882e+05    0.998264    4.701803e+01
0:   500    1.219134e+05    0.974619    4.582468e+01
0:   501    1.230298e+05    1.009158    4.624434e+01
0:   502    1.226376e+05    0.996812    4.609691e+01
0:   503    1.196136e+05    0.975342    4.496024e+01
0:   504    1.205515e+05    1.007841    4.531279e+01
0:   505    1.195915e+05    0.992036    4.495194e+01
0:   506    1.205897e+05    1.008347    4.532716e+01
0:   507    1.218686e+05    1.010605    4.580787e+01
0:   508    1.231627e+05    1.010619    4.629430e+01
0:   509    1.202791e+05    0.976587    4.521039e+01
0:   510    1.185097e+05    0.985289    4.454531e+01
0:   511    1.193479e+05    1.007073    4.486039e+01
0:   512    1.195955e+05    1.002074    4.495345e+01
0:   513    1.211040e+05    1.012613    4.552045e+01
0:   514    1.226057e+05    1.012401    4.608494e+01
0:   515    1.217500e+05    0.993020    4.576326e+01
0:   516    1.221638e+05    1.003399    4.591882e+01
0:   517    1.249182e+05    1.022547    4.695415e+01
0:   518    1.256143e+05    1.005572    4.721577e+01
0:   519    1.227986e+05    0.977585    4.615743e+01
0:   520    1.216447e+05    0.990603    4.572370e+01
0:   521    1.218404e+05    1.001608    4.579724e+01
0:   522    1.222065e+05    1.003005    4.593487e+01
0:   523    1.225416e+05    1.002742    4.606084e+01
0:   524    1.244397e+05    1.015489    4.677428e+01
0:   525    1.248864e+05    1.003590    4.694219e+01
0:   526    1.246173e+05    0.997845    4.684102e+01
0:   527    1.266327e+05    1.016173    4.759860e+01
0:   528    1.290104e+05    1.018776    4.849232e+01
0:   529    1.284738e+05    0.995841    4.829062e+01
0:   530    1.283490e+05    0.999029    4.824371e+01
0:   531    1.277739e+05    0.995519    4.802755e+01
0:   532    1.276455e+05    0.998995    4.797929e+01
0:   533    1.263827e+05    0.990107    4.750461e+01
0:   534    1.253935e+05    0.992173    4.713281e+01
0:   535    1.259518e+05    1.004452    4.734264e+01
0:   536    1.265380e+05    1.004654    4.756298e+01
0:   537    1.215588e+05    0.960651    4.569142e+01
0:   538    1.202510e+05    0.989241    4.519982e+01
0:   539    1.168148e+05    0.971425    4.390825e+01
0:   540    1.128322e+05    0.965906    4.241126e+01
0:   541    1.106597e+05    0.980746    4.159466e+01
0:   542    1.085829e+05    0.981232    4.081402e+01
0:   543    1.074583e+05    0.989644    4.039134e+01
0:   544    1.041752e+05    0.969448    3.915728e+01
0:   545    1.028918e+05    0.987680    3.867488e+01
0:   546    1.041747e+05    1.012468    3.915708e+01
0:   547    1.052548e+05    1.010368    3.956307e+01
0:   548    1.054977e+05    1.002308    3.965439e+01
0:   549    1.050667e+05    0.995914    3.949236e+01
0:   550    1.049160e+05    0.998566    3.943574e+01
0:   551    1.013675e+05    0.966177    3.810191e+01
0:   552    1.002794e+05    0.989266    3.769293e+01
0:   553    9.925257e+04    0.989760    3.730697e+01
0:   554    9.939094e+04    1.001394    3.735898e+01
0:   555    9.904633e+04    0.996533    3.722945e+01
0:   556    9.543392e+04    0.963528    3.587161e+01
0:   557    9.381237e+04    0.983009    3.526211e+01
0:   558    9.399217e+04    1.001916    3.532969e+01
0:   559    9.441745e+04    1.004525    3.548955e+01
0:   560    9.407358e+04    0.996358    3.536029e+01
0:   561    9.230370e+04    0.981186    3.469503e+01
0:   562    9.230737e+04    1.000040    3.469641e+01
0:   563    9.145172e+04    0.990730    3.437479e+01
0:   564    8.861888e+04    0.969024    3.330998e+01
0:   565    9.021903e+04    1.018057    3.391145e+01
0:   566    9.145145e+04    1.013660    3.437469e+01
0:   567    9.405420e+04    1.028460    3.535301e+01
0:   568    9.505992e+04    1.010693    3.573103e+01
0:   569    9.345471e+04    0.983114    3.512767e+01
0:   570    9.491822e+04    1.015660    3.567777e+01
0:   571    9.753475e+04    1.027566    3.666127e+01
0:   572    9.643359e+04    0.988710    3.624737e+01
0:   573    9.683638e+04    1.004177    3.639877e+01
0:   574    9.785312e+04    1.010500    3.678094e+01
0:   575    9.733888e+04    0.994745    3.658765e+01
0:   576    9.791972e+04    1.005967    3.680598e+01
0:   577    9.398745e+04    0.959842    3.532792e+01
0:   578    9.181992e+04    0.976938    3.451319e+01
0:   579    9.127114e+04    0.994023    3.430691e+01
0:   580    8.989330e+04    0.984904    3.378901e+01
0:   581    8.983305e+04    0.999330    3.376636e+01
0:   582    8.926754e+04    0.993705    3.355380e+01
0:   583    8.838312e+04    0.990093    3.322137e+01
0:   584    8.666966e+04    0.980613    3.257731e+01
0:   585    8.581888e+04    0.990184    3.225752e+01
0:   586    8.466577e+04    0.986563    3.182409e+01
0:   587    8.460643e+04    0.999299    3.180179e+01
0:   588    8.484787e+04    1.002854    3.189254e+01
0:   589    8.303017e+04    0.978577    3.120930e+01
0:   590    8.294423e+04    0.998965    3.117700e+01
0:   591    8.401066e+04    1.012857    3.157785e+01
0:   592    8.343445e+04    0.993141    3.136126e+01
0:   593    8.215843e+04    0.984706    3.088163e+01
0:   594    8.237088e+04    1.002586    3.096149e+01
0:   595    8.327920e+04    1.011027    3.130291e+01
0:   596    8.273920e+04    0.993516    3.109993e+01
0:   597    8.194148e+04    0.990359    3.080009e+01
0:   598    8.071404e+04    0.985021    3.033872e+01
0:   599    8.021715e+04    0.993844    3.015195e+01
0:   600    8.057377e+04    1.004446    3.028600e+01
0:   601    8.046479e+04    0.998647    3.024503e+01
0:   602    7.704490e+04    0.957498    2.895957e+01
0:   603    7.487812e+04    0.971876    2.814512e+01
0:   604    7.299271e+04    0.974820    2.743643e+01
0:   605    7.346045e+04    1.006408    2.761225e+01
0:   606    7.280530e+04    0.991082    2.736599e+01
0:   607    7.344619e+04    1.008803    2.760688e+01
0:   608    7.273660e+04    0.990339    2.734017e+01
0:   609    7.352856e+04    1.010888    2.763785e+01
0:   610    7.582558e+04    1.031240    2.850125e+01
0:   611    7.645920e+04    1.008356    2.873941e+01
0:   612    7.540568e+04    0.986221    2.834342e+01
0:   613    7.407946e+04    0.982412    2.784492e+01
0:   614    7.548711e+04    1.019002    2.837403e+01
0:   615    7.612362e+04    1.008432    2.861327e+01
0:   616    7.739639e+04    1.016720    2.909168e+01
0:   617    7.672254e+04    0.991294    2.883840e+01
0:   618    7.643912e+04    0.996306    2.873187e+01
0:   619    7.565308e+04    0.989717    2.843641e+01
0:   620    7.751899e+04    1.024664    2.913777e+01
0:   621    7.983108e+04    1.029826    3.000683e+01
0:   622    8.148230e+04    1.020684    3.062749e+01
0:   623    8.298955e+04    1.018498    3.119403e+01
0:   624    8.394985e+04    1.011571    3.155499e+01
0:   625    8.818086e+04    1.050399    3.314534e+01
0:   626    8.838727e+04    1.002341    3.322293e+01
0:   627    8.696276e+04    0.983883    3.268748e+01
0:   628    8.506310e+04    0.978156    3.197344e+01
0:   629    8.314663e+04    0.977470    3.125308e+01
0:   630    8.234486e+04    0.990357    3.095171e+01
0:   631    8.362181e+04    1.015507    3.143169e+01
0:   632    8.621198e+04    1.030975    3.240528e+01
0:   633    8.558532e+04    0.992731    3.216973e+01
0:   634    8.415071e+04    0.983238    3.163049e+01
0:   635    8.603807e+04    1.022428    3.233991e+01
0:   636    8.701375e+04    1.011340    3.270665e+01
0:   637    8.685556e+04    0.998182    3.264719e+01
0:   638    8.705493e+04    1.002295    3.272213e+01
0:   639    8.788131e+04    1.009493    3.303274e+01
0:   640    9.026701e+04    1.027147    3.392948e+01
0:   641    9.123110e+04    1.010680    3.429186e+01
0:   642    9.168606e+04    1.004987    3.446287e+01
0:   643    9.270211e+04    1.011082    3.484479e+01
0:   644    8.998205e+04    0.970658    3.382237e+01
0:   645    8.810995e+04    0.979195    3.311869e+01
0:   646    8.854902e+04    1.004983    3.328372e+01
0:   647    8.746385e+04    0.987745    3.287583e+01
0:   648    8.915639e+04    1.019351    3.351202e+01
0:   649    8.955660e+04    1.004489    3.366245e+01
0:   650    9.067000e+04    1.012432    3.408096e+01
0:   651    9.262198e+04    1.021528    3.481466e+01
0:   652    9.405550e+04    1.015477    3.535350e+01
0:   653    9.814842e+04    1.043516    3.689194e+01
0:   654    9.780072e+04    0.996457    3.676125e+01
0:   655    9.365341e+04    0.957594    3.520236e+01
0:   656    9.112863e+04    0.973041    3.425335e+01
0:   657    9.233300e+04    1.013216    3.470604e+01
0:   658    9.261724e+04    1.003078    3.481288e+01
0:   659    9.166617e+04    0.989731    3.445540e+01
0:   660    9.157657e+04    0.999023    3.442172e+01
0:   661    9.208804e+04    1.005585    3.461397e+01
0:   662    9.197707e+04    0.998795    3.457226e+01
0:   663    8.872600e+04    0.964653    3.335025e+01
0:   664    8.764399e+04    0.987805    3.294354e+01
0:   665    9.066304e+04    1.034447    3.407834e+01
0:   666    9.026386e+04    0.995597    3.392830e+01
0:   667    8.737223e+04    0.967965    3.284139e+01
0:   668    8.653823e+04    0.990455    3.252791e+01
0:   669    8.983767e+04    1.038127    3.376810e+01
0:   670    9.271143e+04    1.031988    3.484829e+01
0:   671    9.562374e+04    1.031413    3.594297e+01
0:   672    9.479254e+04    0.991308    3.563053e+01
0:   673    9.543698e+04    1.006798    3.587276e+01
0:   674    9.327803e+04    0.977378    3.506126e+01
0:   675    9.192470e+04    0.985491    3.455257e+01
0:   676    9.005050e+04    0.979612    3.384810e+01
0:   677    9.292361e+04    1.031906    3.492804e+01
0:   678    9.585540e+04    1.031551    3.603004e+01
0:   679    9.800429e+04    1.022418    3.683776e+01
0:   680    9.749038e+04    0.994756    3.664459e+01
0:   681    9.748121e+04    0.999906    3.664115e+01
0:   682    9.894448e+04    1.015011    3.719116e+01
0:   683    1.028842e+05    1.039818    3.867203e+01
0:   684    1.041737e+05    1.012533    3.915670e+01
0:   685    1.053297e+05    1.011098    3.959124e+01
0:   686    1.066066e+05    1.012123    4.007121e+01
0:   687    1.057252e+05    0.991732    3.973990e+01
0:   688    1.044314e+05    0.987763    3.925360e+01
0:   689    1.033777e+05    0.989910    3.885752e+01
0:   690    1.041193e+05    1.007173    3.913625e+01
0:   691    1.084885e+05    1.041964    4.077856e+01
0:   692    1.100456e+05    1.014353    4.136385e+01
0:   693    1.090094e+05    0.990584    4.097436e+01
0:   694    1.087908e+05    0.997995    4.089220e+01
0:   695    1.059260e+05    0.973666    3.981535e+01
0:   696    1.038049e+05    0.979976    3.901809e+01
0:   697    1.043378e+05    1.005133    3.921838e+01
0:   698    1.043307e+05    0.999932    3.921572e+01
0:   699    1.065262e+05    1.021043    4.004095e+01
0:   700    1.107539e+05    1.039688    4.163008e+01
0:   701    1.118452e+05    1.009854    4.204028e+01
0:   702    1.084542e+05    0.969681    4.076566e+01
0:   703    1.090271e+05    1.005283    4.098101e+01
0:   704    1.113583e+05    1.021381    4.185725e+01
0:   705    1.143510e+05    1.026875    4.298215e+01
0:   706    1.173447e+05    1.026180    4.410743e+01
0:   707    1.152708e+05    0.982326    4.332787e+01
0:   708    1.121311e+05    0.972763    4.214775e+01
0:   709    1.126180e+05    1.004342    4.233076e+01
0:   710    1.168267e+05    1.037371    4.391271e+01
0:   711    1.164223e+05    0.996539    4.376072e+01
0:   712    1.174480e+05    1.008810    4.414625e+01
0:   713    1.213041e+05    1.032832    4.559566e+01
0:   714    1.216965e+05    1.003236    4.574318e+01
0:   715    1.259214e+05    1.034716    4.733122e+01
0:   716    1.258266e+05    0.999247    4.729558e+01
0:   717    1.186229e+05    0.942750    4.458789e+01
0:   718    1.184543e+05    0.998578    4.452449e+01
0:   719    1.208802e+05    1.020480    4.543633e+01
0:   720    1.232559e+05    1.019653    4.632930e+01
0:   721    1.244132e+05    1.009389    4.676431e+01
0:   722    1.253271e+05    1.007346    4.710783e+01
0:   723    1.265045e+05    1.009395    4.755040e+01
0:   724    1.222369e+05    0.966265    4.594629e+01
0:   725    1.237770e+05    1.012600    4.652519e+01
0:   726    1.294937e+05    1.046185    4.867398e+01
0:   727    1.272724e+05    0.982846    4.783904e+01
0:   728    1.224065e+05    0.961768    4.601003e+01
0:   729    1.240639e+05    1.013540    4.663302e+01
0:   730    1.290294e+05    1.040024    4.849946e+01
0:   731    1.286889e+05    0.997361    4.837147e+01
0:   732    1.248128e+05    0.969880    4.691452e+01
0:   733    1.225737e+05    0.982060    4.607289e+01
0:   734    1.235101e+05    1.007639    4.642486e+01
0:   735    1.239696e+05    1.003721    4.659758e+01
0:   736    1.261258e+05    1.017393    4.740806e+01
0:   737    1.314984e+05    1.042597    4.942748e+01
0:   738    1.275394e+05    0.969893    4.793939e+01
0:   739    1.227737e+05    0.962634    4.614808e+01
0:   740    1.210904e+05    0.986289    4.551533e+01
0:   741    1.222999e+05    1.009989    4.596998e+01
0:   742    1.230110e+05    1.005814    4.623727e+01
0:   743    1.230737e+05    1.000510    4.626083e+01
0:   744    1.204856e+05    0.978971    4.528800e+01
0:   745    1.196383e+05    0.992968    4.496955e+01
0:   746    1.196090e+05    0.999755    4.495853e+01
0:   747    1.203892e+05    1.006522    4.525177e+01
0:   748    1.232829e+05    1.024036    4.633945e+01
0:   749    1.237227e+05    1.003568    4.650479e+01
0:   750    1.209213e+05    0.977357    4.545178e+01
0:   751    1.195593e+05    0.988737    4.493985e+01
0:   752    1.229869e+05    1.028668    4.622819e+01
0:   753    1.247791e+05    1.014572    4.690185e+01
0:   754    1.245811e+05    0.998413    4.682742e+01
0:   755    1.231213e+05    0.988282    4.627871e+01
0:   756    1.235247e+05    1.003277    4.643036e+01
0:   757    1.240692e+05    1.004408    4.663503e+01
0:   758    1.243537e+05    1.002293    4.674196e+01
0:   759    1.276742e+05    1.026702    4.799005e+01
0:   760    1.293182e+05    1.012877    4.860801e+01
0:   761    1.323515e+05    1.023456    4.974817e+01
0:   762    1.277304e+05    0.965085    4.801119e+01
0:   763    1.236269e+05    0.967874    4.646876e+01
0:   764    1.247559e+05    1.009132    4.689313e+01
0:   765    1.240394e+05    0.994256    4.662380e+01
0:   766    1.188741e+05    0.958358    4.468228e+01
0:   767    1.172643e+05    0.986458    4.407718e+01
0:   768    1.144060e+05    0.975625    4.300282e+01
0:   769    1.154117e+05    1.008791    4.338084e+01
0:   770    1.183556e+05    1.025508    4.448740e+01
0:   771    1.170586e+05    0.989042    4.399989e+01
0:   772    1.216813e+05    1.039490    4.573744e+01
0:   773    1.238325e+05    1.017679    4.654606e+01
0:   774    1.255108e+05    1.013552    4.717687e+01
0:   775    1.224006e+05    0.975220    4.600781e+01
0:   776    1.218629e+05    0.995607    4.580571e+01
0:   777    1.248052e+05    1.024145    4.691168e+01
0:   778    1.289172e+05    1.032947    4.845727e+01
0:   779    1.271391e+05    0.986207    4.778892e+01
0:   780    1.218756e+05    0.958601    4.581049e+01
0:   781    1.210720e+05    0.993406    4.550842e+01
0:   782    1.197823e+05    0.989348    4.502366e+01
0:   783    1.197280e+05    0.999547    4.500326e+01
0:   784    1.184071e+05    0.988968    4.450677e+01
0:   785    1.162503e+05    0.981784    4.369605e+01
0:   786    1.194322e+05    1.027371    4.489206e+01
0:   787    1.249142e+05    1.045901    4.695263e+01
0:   788    1.261691e+05    1.010046    4.742434e+01
0:   789    1.245070e+05    0.986826    4.679959e+01
0:   790    1.265280e+05    1.016232    4.755922e+01
0:   791    1.269845e+05    1.003608    4.773082e+01
0:   792    1.210011e+05    0.952880    4.548177e+01
0:   793    1.211066e+05    1.000872    4.552144e+01
0:   794    1.199523e+05    0.990468    4.508755e+01
0:   795    1.172460e+05    0.977438    4.407030e+01
0:   796    1.229035e+05    1.048253    4.619685e+01
0:   797    1.309106e+05    1.065150    4.920656e+01
0:   798    1.319766e+05    1.008143    4.960722e+01
0:   799    1.327047e+05    1.005518    4.988093e+01
0:   800    1.365108e+05    1.028680    5.131154e+01
0:   801    1.395947e+05    1.022591    5.247071e+01
0:   802    1.395726e+05    0.999842    5.246244e+01
0:   803    1.411399e+05    1.011229    5.305155e+01
0:   804    1.422739e+05    1.008034    5.347777e+01
0:   805    1.407381e+05    0.989206    5.290052e+01
0:   806    1.405695e+05    0.998802    5.283713e+01
0:   807    1.427454e+05    1.015479    5.365501e+01
0:   808    1.398224e+05    0.979523    5.255630e+01
0:   809    1.389210e+05    0.993553    5.221749e+01
0:   810    1.381752e+05    0.994632    5.193716e+01
0:   811    1.368092e+05    0.990114    5.142370e+01
0:   812    1.336415e+05    0.976846    5.023305e+01
0:   813    1.329894e+05    0.995120    4.998793e+01
0:   814    1.320812e+05    0.993171    4.964657e+01
0:   815    1.301964e+05    0.985730    4.893812e+01
0:   816    1.323785e+05    1.016760    4.975830e+01
0:   817    1.371187e+05    1.035808    5.154005e+01
0:   818    1.422342e+05    1.037307    5.346286e+01
0:   819    1.404199e+05    0.987244    5.278089e+01
0:   820    1.414714e+05    1.007488    5.317613e+01
0:   821    1.385378e+05    0.979264    5.207345e+01
0:   822    1.340318e+05    0.967475    5.037977e+01
0:   823    1.312924e+05    0.979561    4.935007e+01
0:   824    1.298585e+05    0.989079    4.881109e+01
0:   825    1.282143e+05    0.987339    4.819308e+01
0:   826    1.280548e+05    0.998756    4.813311e+01
0:   827    1.261335e+05    0.984996    4.741094e+01
0:   828    1.292640e+05    1.024819    4.858762e+01
0:   829    1.297016e+05    1.003386    4.875213e+01
0:   830    1.278038e+05    0.985367    4.803876e+01
0:   831    1.273948e+05    0.996800    4.788503e+01
0:   832    1.323319e+05    1.038754    4.974078e+01
0:   833    1.324917e+05    1.001208    4.980085e+01
0:   834    1.277207e+05    0.963991    4.800756e+01
0:   835    1.243639e+05    0.973717    4.674577e+01
0:   836    1.196117e+05    0.961788    4.495953e+01
0:   837    1.178736e+05    0.985469    4.430621e+01
0:   838    1.161689e+05    0.985539    4.366547e+01
0:   839    1.130735e+05    0.973354    4.250198e+01
0:   840    1.153557e+05    1.020183    4.335979e+01
0:   841    1.154870e+05    1.001139    4.340915e+01
0:   842    1.126333e+05    0.975290    4.233651e+01
0:   843    1.098211e+05    0.975032    4.127946e+01
0:   844    1.057305e+05    0.962752    3.974188e+01
0:   845    1.072669e+05    1.014531    4.031939e+01
0:   846    1.048257e+05    0.977242    3.940180e+01
0:   847    1.054681e+05    1.006128    3.964324e+01
0:   848    1.127577e+05    1.069117    4.238325e+01
0:   849    1.148735e+05    1.018765    4.317856e+01
0:   850    1.185481e+05    1.031988    4.455976e+01
0:   851    1.191292e+05    1.004901    4.477817e+01
0:   852    1.218938e+05    1.023207    4.581732e+01
0:   853    1.242797e+05    1.019574    4.671415e+01
0:   854    1.229996e+05    0.989700    4.623297e+01
0:   855    1.191741e+05    0.968898    4.479506e+01
0:   856    1.162342e+05    0.975330    4.368999e+01
0:   857    1.133005e+05    0.974761    4.258728e+01
0:   858    1.087223e+05    0.959592    4.086642e+01
0:   859    1.068715e+05    0.982977    4.017075e+01
0:   860    1.033862e+05    0.967388    3.886071e+01
0:   861    1.020613e+05    0.987185    3.836271e+01
0:   862    1.048580e+05    1.027402    3.941391e+01
0:   863    1.037676e+05    0.989602    3.900407e+01
0:   864    1.013708e+05    0.976902    3.810315e+01
0:   865    1.017515e+05    1.003756    3.824627e+01
0:   866    1.024821e+05    1.007180    3.852089e+01
0:   867    1.001192e+05    0.976943    3.763270e+01
0:   868    9.625215e+04    0.961376    3.617917e+01
0:   869    9.492302e+04    0.986191    3.567958e+01
0:   870    9.186779e+04    0.967814    3.453118e+01
0:   871    9.084980e+04    0.988919    3.414854e+01
0:   872    9.174563e+04    1.009860    3.448526e+01
0:   873    9.200253e+04    1.002800    3.458183e+01
0:   874    9.360943e+04    1.017466    3.518583e+01
0:   875    9.375413e+04    1.001546    3.524021e+01
0:   876    9.258556e+04    0.987536    3.480098e+01
0:   877    9.209568e+04    0.994709    3.461684e+01
0:   878    9.073120e+04    0.985184    3.410396e+01
0:   879    9.012230e+04    0.993289    3.387509e+01
0:   880    8.919252e+04    0.989683    3.352560e+01
0:   881    8.845971e+04    0.991784    3.325015e+01
0:   882    8.865604e+04    1.002220    3.332395e+01
0:   883    8.965156e+04    1.011229    3.369815e+01
0:   884    9.386436e+04    1.046991    3.528165e+01
0:   885    9.654264e+04    1.028534    3.628836e+01
0:   886    9.595265e+04    0.993889    3.606659e+01
0:   887    9.418029e+04    0.981529    3.540040e+01
0:   888    9.511882e+04    1.009965    3.575318e+01
0:   889    9.551740e+04    1.004190    3.590299e+01
0:   890    9.576533e+04    1.002596    3.599618e+01
0:   891    9.658570e+04    1.008566    3.630454e+01
0:   892    9.827699e+04    1.017511    3.694026e+01
0:   893    9.539480e+04    0.970673    3.585691e+01
0:   894    9.186226e+04    0.962969    3.452910e+01
0:   895    8.781358e+04    0.955927    3.300729e+01
0:   896    8.556685e+04    0.974415    3.216279e+01
0:   897    8.564198e+04    1.000878    3.219103e+01
0:   898    8.827130e+04    1.030701    3.317934e+01
0:   899    8.989044e+04    1.018343    3.378794e+01
0:   900    9.036524e+04    1.005282    3.396640e+01
0:   901    9.066634e+04    1.003332    3.407958e+01
0:   902    9.433450e+04    1.040458    3.545836e+01
0:   903    9.787798e+04    1.037563    3.679029e+01
0:   904    9.937760e+04    1.015321    3.735396e+01
0:   905    9.880195e+04    0.994207    3.713759e+01
0:   906    1.022503e+05    1.034901    3.843373e+01
0:   907    1.032255e+05    1.009538    3.880031e+01
0:   908    1.025056e+05    0.993026    3.852971e+01
0:   909    1.045949e+05    1.020382    3.931504e+01
0:   910    1.049744e+05    1.003628    3.945768e+01
0:   911    1.051636e+05    1.001803    3.952881e+01
0:   912    1.068410e+05    1.015950    4.015931e+01
0:   913    1.080971e+05    1.011756    4.063143e+01
0:   914    1.091182e+05    1.009446    4.101525e+01
0:   915    1.027587e+05    0.941719    3.862485e+01
0:   916    9.832148e+04    0.956819    3.695699e+01
0:   917    9.960321e+04    1.013036    3.743876e+01
0:   918    1.005311e+05    1.009316    3.778755e+01
0:   919    1.010671e+05    1.005331    3.798901e+01
0:   920    9.657699e+04    0.955573    3.630127e+01
0:   921    9.719739e+04    1.006424    3.653446e+01
0:   922    9.522162e+04    0.979673    3.579182e+01
0:   923    9.465037e+04    0.994001    3.557709e+01
0:   924    9.482239e+04    1.001817    3.564175e+01
0:   925    9.256447e+04    0.976188    3.479305e+01
0:   926    9.519406e+04    1.028408    3.578146e+01
0:   927    9.402838e+04    0.987755    3.534330e+01
0:   928    9.389249e+04    0.998555    3.529222e+01
0:   929    9.316595e+04    0.992262    3.501913e+01
0:   930    9.117724e+04    0.978654    3.427162e+01
0:   931    8.664712e+04    0.950315    3.256884e+01
0:   932    8.706447e+04    1.004817    3.272571e+01
0:   933    9.031700e+04    1.037358    3.394827e+01
0:   934    8.856350e+04    0.980585    3.328917e+01
0:   935    8.595216e+04    0.970514    3.230762e+01
0:   936    8.165574e+04    0.950014    3.069269e+01
0:   937    7.887084e+04    0.965895    2.964590e+01
0:   938    7.801440e+04    0.989141    2.932398e+01
0:   939    8.183883e+04    1.049022    3.076150e+01
0:   940    8.390867e+04    1.025292    3.153951e+01
0:   941    8.473823e+04    1.009886    3.185133e+01
0:   942    8.719161e+04    1.028952    3.277350e+01
0:   943    8.744050e+04    1.002855    3.286706e+01
0:   944    8.810835e+04    1.007638    3.311809e+01
0:   945    8.876685e+04    1.007474    3.336560e+01
0:   946    8.825092e+04    0.994188    3.317167e+01
0:   947    8.731789e+04    0.989428    3.282097e+01
0:   948    8.634848e+04    0.988898    3.245659e+01
0:   949    8.712139e+04    1.008951    3.274711e+01
0:   950    8.899830e+04    1.021544    3.345260e+01
0:   951    8.695661e+04    0.977059    3.268517e+01
0:   952    8.439270e+04    0.970515    3.172145e+01
0:   953    8.353422e+04    0.989828    3.139877e+01
0:   954    8.249135e+04    0.987516    3.100677e+01
0:   955    8.155255e+04    0.988619    3.065390e+01
0:   956    8.281145e+04    1.015437    3.112709e+01
0:   957    8.464399e+04    1.022129    3.181591e+01
0:   958    8.241672e+04    0.973687    3.097872e+01
0:   959    8.032852e+04    0.974663    3.019381e+01
0:   960    8.000356e+04    0.995955    3.007166e+01
0:   961    8.026121e+04    1.003221    3.016851e+01
0:   962    8.263047e+04    1.029519    3.105907e+01
0:   963    8.601517e+04    1.040962    3.233130e+01
0:   964    8.562009e+04    0.995407    3.218280e+01
0:   965    8.119529e+04    0.948321    3.051961e+01
0:   966    7.930535e+04    0.976724    2.980922e+01
0:   967    7.991254e+04    1.007656    3.003745e+01
0:   968    7.945684e+04    0.994298    2.986616e+01
0:   969    7.839209e+04    0.986600    2.946595e+01
0:   970    8.097936e+04    1.033004    3.043845e+01
0:   971    8.143375e+04    1.005611    3.060924e+01
0:   972    8.111969e+04    0.996143    3.049120e+01
0:   973    8.344671e+04    1.028686    3.136587e+01
0:   974    8.626607e+04    1.033786    3.242561e+01
0:   975    8.450420e+04    0.979576    3.176336e+01
0:   976    8.196744e+04    0.969981    3.080985e+01
0:   977    7.952880e+04    0.970249    2.989321e+01
0:   978    7.767252e+04    0.976659    2.919547e+01
0:   979    7.669496e+04    0.987414    2.882803e+01
0:   980    7.924669e+04    1.033271    2.978717e+01
0:   981    7.965625e+04    1.005168    2.994112e+01
0:   982    7.758412e+04    0.973987    2.916225e+01
0:   983    7.535312e+04    0.971244    2.832366e+01
0:   984    7.470073e+04    0.991342    2.807844e+01
0:   985    7.417872e+04    0.993012    2.788223e+01
0:   986    7.399300e+04    0.997496    2.781242e+01
0:   987    7.453522e+04    1.007328    2.801623e+01
0:   988    7.482320e+04    1.003864    2.812447e+01
0:   989    7.167878e+04    0.957975    2.694255e+01
0:   990    7.188057e+04    1.002815    2.701840e+01
0:   991    7.100867e+04    0.987870    2.669067e+01
0:   992    6.837526e+04    0.962914    2.570083e+01
0:   993    6.797648e+04    0.994168    2.555094e+01
0:   994    6.578275e+04    0.967728    2.472636e+01
0:   995    6.685646e+04    1.016322    2.512995e+01
0:   996    6.620886e+04    0.990313    2.488652e+01
0:   997    6.537574e+04    0.987417    2.457337e+01
0:   998    6.528469e+04    0.998607    2.453915e+01
0:   999    6.458520e+04    0.989286    2.427622e+01
0:  1000    6.464574e+04    1.000937    2.429898e+01
0: 
0: 
0: =============================================
0: Solve phase times:
0: =============================================
0: PCG Solve:
0:   wall clock time = 0.308098 seconds
0:   wall MFLOPS     = 0.000000
0:   cpu clock time  = 0.308096 seconds
0:   cpu MFLOPS      = 0.000000
0: 
0: 
0: Iterations = 1000
0: Final Relative Residual Norm = 2.429898e+01
0: 
0: Global matrix size: 384 x 384 x 384
0: 5pt 2D Laplacian
0: =============================================
0: Hypre init times:
0: =============================================
0: Hypre init:
0:   wall clock time = 0.000003 seconds
0:   wall MFLOPS     = 0.000000
0:   cpu clock time  = 0.000003 seconds
0:   cpu MFLOPS      = 0.000000
0: 
0: 
0: Using HYPRE_DEVELOP_STRING: v3.1.0-1-g5f6c9306d (branch v3.1.0_thrusthipbugfix; not the develop branch)
0: 
0: Running with these driver parameters:
0:   solver ID    = 2
0: 
0:   Laplacian:   num_fun = 1
0:     (nx, ny, nz) = (384, 384, 384)
0:     (Px, Py, Pz) = (16, 16, 16)
0:     (cx, cy, cz) = (1.000000, 1.000000, 1.000000)
0: 
0: =============================================
0: Generate Matrix:
0: =============================================
0: Spatial Operator:
0:   wall clock time = 0.002891 seconds
0:   wall MFLOPS     = 0.000000
0:   cpu clock time  = 0.002893 seconds
0:   cpu MFLOPS      = 0.000000
0: 
0:   Number of vector components: 1
0:   RHS vector has unit coefficients
0:   Initial guess is 0
0: =============================================
0: IJ Vector Setup:
0: =============================================
0: RHS and Initial Guess:
0:   wall clock time = 0.000842 seconds
0:   wall MFLOPS     = 0.000000
0:   cpu clock time  = 0.000843 seconds
0:   cpu MFLOPS      = 0.000000
0: 
0: Solver: DS-PCG
0: HYPRE_ParCSRPCGGetPrecond got good precond
0: =============================================
0: Setup phase times:
0: =============================================
0: PCG Setup:
0:   wall clock time = 0.000387 seconds
0:   wall MFLOPS     = 0.000000
0:   cpu clock time  = 0.000386 seconds
0:   cpu MFLOPS      = 0.000000
0: 
0: <b,b>: 5.662310e+07
0: 
0: 
0: Iters       ||r||_2     conv.rate  ||r||_2/||b||_2
0: -----    ------------   ---------  ------------ 
0:     1    6.004169e+04    7.979139    7.979139e+00
0:     2    5.972503e+04    0.994726    7.937057e+00
0:     3    6.124600e+04    1.025466    8.139185e+00
0:     4    7.125155e+04    1.163367    9.468855e+00
0:     5    6.713562e+04    0.942234    8.921876e+00
0:     6    7.054898e+04    1.050843    9.375489e+00
0:     7    7.328942e+04    1.038844    9.739674e+00
0:     8    7.734586e+04    1.055348    1.027875e+01
0:     9    6.996231e+04    0.904539    9.297525e+00
0:    10    7.646592e+04    1.092959    1.016181e+01
0:    11    7.245562e+04    0.947554    9.628869e+00
0:    12    7.228803e+04    0.997687    9.606596e+00
0:    13    7.449329e+04    1.030507    9.899661e+00
0:    14    7.055538e+04    0.947137    9.376339e+00
0:    15    7.339394e+04    1.040232    9.753564e+00
0:    16    7.125061e+04    0.970797    9.468730e+00
0:    17    7.102294e+04    0.996805    9.438475e+00
0:    18    7.184214e+04    1.011534    9.547341e+00
0:    19    6.963273e+04    0.969246    9.253725e+00
0:    20    7.106220e+04    1.020529    9.443692e+00
0:    21    6.955819e+04    0.978835    9.243820e+00
0:    22    6.940552e+04    0.997805    9.223530e+00
0:    23    6.965115e+04    1.003539    9.256172e+00
0:    24    6.816227e+04    0.978624    9.058310e+00
0:    25    6.899526e+04    1.012221    9.169009e+00
0:    26    6.778764e+04    0.982497    9.008524e+00
0:    27    6.764743e+04    0.997932    8.989892e+00
0:    28    6.766896e+04    1.000318    8.992752e+00
0:    29    6.650117e+04    0.982743    8.837561e+00
0:    30    6.704351e+04    1.008155    8.909634e+00
0:    31    6.601755e+04    0.984697    8.773291e+00
0:    32    6.584434e+04    0.997376    8.750273e+00
0:    33    6.579184e+04    0.999203    8.743296e+00
0:    34    6.477930e+04    0.984610    8.608736e+00
0:    35    6.515593e+04    1.005814    8.658789e+00
0:    36    6.426779e+04    0.986369    8.540761e+00
0:    37    6.403818e+04    0.996427    8.510246e+00
0:    38    6.397649e+04    0.999037    8.502049e+00
0:    39    6.304889e+04    0.985501    8.378777e+00
0:    40    6.331304e+04    1.004190    8.413880e+00
0:    41    6.254378e+04    0.987850    8.311651e+00
0:    42    6.224866e+04    0.995281    8.272431e+00
0:    43    6.220335e+04    0.999272    8.266410e+00
0:    44    6.133263e+04    0.986002    8.150697e+00
0:    45    6.150696e+04    1.002842    8.173865e+00
0:    46    6.084649e+04    0.989262    8.086092e+00
0:    47    6.048568e+04    0.994070    8.038143e+00
0:    48    6.046302e+04    0.999625    8.035131e+00
0:    49    5.964065e+04    0.986399    7.925844e+00
0:    50    5.973466e+04    1.001576    7.938338e+00
0:    51    5.917539e+04    0.990637    7.864014e+00
0:    52    5.875439e+04    0.992886    7.808067e+00
0:    53    5.875090e+04    0.999941    7.807603e+00
0:    54    5.797728e+04    0.986832    7.704793e+00
0:    55    5.799521e+04    1.000309    7.707176e+00
0:    56    5.752947e+04    0.991969    7.645283e+00
0:    57    5.705745e+04    0.991795    7.582554e+00
0:    58    5.706487e+04    1.000130    7.583540e+00
0:    59    5.634400e+04    0.987367    7.487741e+00
0:    60    5.628860e+04    0.999017    7.480379e+00
0:    61    5.590770e+04    0.993233    7.429760e+00
0:    62    5.539602e+04    0.990848    7.361762e+00
0:    63    5.540413e+04    1.000146    7.362839e+00
0:    64    5.474077e+04    0.988027    7.274683e+00
0:    65    5.461522e+04    0.997706    7.257998e+00
0:    66    5.430914e+04    0.994396    7.217322e+00
0:    67    5.377037e+04    0.990080    7.145723e+00
0:    68    5.376870e+04    0.999969    7.145502e+00
0:    69    5.316682e+04    0.988806    7.065516e+00
0:    70    5.297552e+04    0.996402    7.040093e+00
0:    71    5.273312e+04    0.995424    7.007880e+00
0:    72    5.218012e+04    0.989513    6.934389e+00
0:    73    5.215904e+04    0.999596    6.931588e+00
0:    74    5.162099e+04    0.989684    6.860084e+00
0:    75    5.136986e+04    0.995135    6.826711e+00
0:    76    5.117922e+04    0.996289    6.801377e+00
0:    77    5.062445e+04    0.989160    6.727651e+00
0:    78    5.057586e+04    0.999040    6.721194e+00
0:    79    5.010198e+04    0.990630    6.658219e+00
0:    80    4.979843e+04    0.993941    6.617879e+00
0:    81    4.964729e+04    0.996965    6.597794e+00
0:    82    4.910224e+04    0.989022    6.525360e+00
0:    83    4.901998e+04    0.998325    6.514428e+00
0:    84    4.860854e+04    0.991607    6.459751e+00
0:    85    4.826118e+04    0.992854    6.413589e+00
0:    86    4.813744e+04    0.997436    6.397144e+00
0:    87    4.761219e+04    0.989088    6.327342e+00
0:    88    4.749224e+04    0.997481    6.311402e+00
0:    89    4.713952e+04    0.992573    6.264528e+00
0:    90    4.675785e+04    0.991903    6.213807e+00
0:    91    4.664999e+04    0.997693    6.199472e+00
0:    92    4.615283e+04    0.989343    6.133403e+00
0:    93    4.599338e+04    0.996545    6.112213e+00
0:    94    4.569396e+04    0.993490    6.072422e+00
0:    95    4.528792e+04    0.991114    6.018462e+00
0:    96    4.518543e+04    0.997737    6.004841e+00
0:    97    4.472268e+04    0.989759    5.943346e+00
0:    98    4.452403e+04    0.995558    5.916946e+00
0:    99    4.427109e+04    0.994319    5.883332e+00
0:   100    4.385065e+04    0.990503    5.827459e+00
0:   101    4.374437e+04    0.997576    5.813335e+00
0:   102    4.332029e+04    0.990305    5.756977e+00
0:   103    4.308462e+04    0.994560    5.725659e+00
0:   104    4.287040e+04    0.995028    5.697190e+00
0:   105    4.244513e+04    0.990080    5.640675e+00
0:   106    4.232751e+04    0.997229    5.625044e+00
0:   107    4.194425e+04    0.990945    5.574111e+00
0:   108    4.167540e+04    0.993590    5.538382e+00
0:   109    4.149160e+04    0.995590    5.513957e+00
0:   110    4.107029e+04    0.989846    5.457967e+00
0:   111    4.093553e+04    0.996719    5.440058e+00
0:   112    4.059330e+04    0.991640    5.394579e+00
0:   113    4.029639e+04    0.992686    5.355121e+00
0:   114    4.013460e+04    0.995985    5.333621e+00
0:   115    3.972495e+04    0.989793    5.279180e+00
0:   116    3.956908e+04    0.996076    5.258467e+00
0:   117    3.926633e+04    0.992349    5.218233e+00
0:   118    3.894740e+04    0.991878    5.175850e+00
0:   119    3.879949e+04    0.996202    5.156194e+00
0:   120    3.840788e+04    0.989907    5.104151e+00
0:   121    3.822874e+04    0.995336    5.080344e+00
0:   122    3.796239e+04    0.993033    5.044948e+00
0:   123    3.762804e+04    0.991193    5.000515e+00
0:   124    3.748652e+04    0.996239    4.981708e+00
0:   125    3.711783e+04    0.990165    4.932712e+00
0:   126    3.691494e+04    0.994534    4.905749e+00
0:   127    3.668075e+04    0.993656    4.874627e+00
0:   128    3.633773e+04    0.990648    4.829041e+00
0:   129    3.619602e+04    0.996100    4.810209e+00
0:   130    3.585359e+04    0.990540    4.764703e+00
0:   131    3.562799e+04    0.993708    4.734722e+00
0:   132    3.542087e+04    0.994187    4.707197e+00
0:   133    3.507573e+04    0.990256    4.661330e+00
0:   134    3.492838e+04    0.995799    4.641749e+00
0:   135    3.461400e+04    0.990999    4.599969e+00
0:   136    3.436803e+04    0.992894    4.567282e+00
0:   137    3.418239e+04    0.994598    4.542611e+00
0:   138    3.384120e+04    0.990018    4.497269e+00
0:   139    3.368403e+04    0.995356    4.476382e+00
0:   140    3.339801e+04    0.991509    4.438372e+00
0:   141    3.313501e+04    0.992125    4.403422e+00
0:   142    3.296511e+04    0.994872    4.380843e+00
0:   143    3.263318e+04    0.989931    4.336732e+00
0:   144    3.246333e+04    0.994795    4.314160e+00
0:   145    3.220469e+04    0.992033    4.279788e+00
0:   146    3.192873e+04    0.991431    4.243115e+00
0:   147    3.176899e+04    0.994997    4.221886e+00
0:   148    3.145070e+04    0.989981    4.179588e+00
0:   149    3.126661e+04    0.994147    4.155123e+00
0:   150    3.103326e+04    0.992537    4.124113e+00
0:   151    3.074882e+04    0.990834    4.086313e+00
0:   152    3.059408e+04    0.994968    4.065749e+00
0:   153    3.029274e+04    0.990150    4.025703e+00
0:   154    3.009409e+04    0.993442    3.999303e+00
0:   155    2.988307e+04    0.992988    3.971261e+00
0:   156    2.959476e+04    0.990352    3.932946e+00
0:   157    2.944054e+04    0.994789    3.912451e+00
0:   158    2.915834e+04    0.990415    3.874949e+00
0:   159    2.894588e+04    0.992714    3.846714e+00
0:   160    2.875365e+04    0.993359    3.821168e+00
0:   161    2.846593e+04    0.989994    3.782932e+00
0:   162    2.830853e+04    0.994471    3.762014e+00
0:   163    2.804656e+04    0.990746    3.727201e+00
0:   164    2.782198e+04    0.991993    3.697355e+00
0:   165    2.764462e+04    0.993625    3.673786e+00
0:   166    2.736160e+04    0.989762    3.636174e+00
0:   167    2.719824e+04    0.994030    3.614465e+00
0:   168    2.695656e+04    0.991114    3.582346e+00
0:   169    2.672224e+04    0.991308    3.551207e+00
0:   170    2.655578e+04    0.993771    3.529085e+00
0:   171    2.628099e+04    0.989653    3.492568e+00
0:   172    2.610984e+04    0.993488    3.469824e+00
0:   173    2.588757e+04    0.991487    3.440285e+00
0:   174    2.564638e+04    0.990683    3.408232e+00
0:   175    2.548698e+04    0.993785    3.387049e+00
0:   176    2.522328e+04    0.989654    3.352005e+00
0:   177    2.504344e+04    0.992870    3.328106e+00
0:   178    2.483895e+04    0.991835    3.300931e+00
0:   179    2.459401e+04    0.990139    3.268380e+00
0:   180    2.443817e+04    0.993664    3.247670e+00
0:   181    2.418764e+04    0.989748    3.214376e+00
0:   182    2.399906e+04    0.992203    3.189315e+00
0:   183    2.381016e+04    0.992129    3.164211e+00
0:   184    2.356465e+04    0.989689    3.131584e+00
0:   185    2.340937e+04    0.993411    3.110949e+00
0:   186    2.317328e+04    0.989915    3.079574e+00
0:   187    2.297667e+04    0.991516    3.053446e+00
0:   188    2.280076e+04    0.992344    3.030069e+00
0:   189    2.255769e+04    0.989339    2.997767e+00
0:   190    2.240058e+04    0.993035    2.976887e+00
0:   191    2.217942e+04    0.990127    2.947497e+00
0:   192    2.197610e+04    0.990833    2.920478e+00
0:   193    2.181041e+04    0.992460    2.898458e+00
0:   194    2.157250e+04    0.989092    2.866842e+00
0:   195    2.141181e+04    0.992551    2.845487e+00
0:   196    2.120537e+04    0.990359    2.818053e+00
0:   197    2.099712e+04    0.990179    2.790377e+00
0:   198    2.083887e+04    0.992463    2.769346e+00
0:   199    2.060839e+04    0.988940    2.738718e+00
0:   200    2.044307e+04    0.991978    2.716747e+00
0:   201    2.025050e+04    0.990580    2.691156e+00
0:   202    2.003937e+04    0.989574    2.663098e+00
0:   203    1.988593e+04    0.992343    2.642708e+00
0:   204    1.966464e+04    0.988872    2.613300e+00
0:   205    1.949428e+04    0.991337    2.590660e+00
0:   206    1.931424e+04    0.990764    2.566734e+00
0:   207    1.910242e+04    0.989033    2.538584e+00
0:   208    1.895147e+04    0.992098    2.518524e+00
0:   209    1.874056e+04    0.988871    2.490495e+00
0:   210    1.856533e+04    0.990650    2.467208e+00
0:   211    1.839612e+04    0.990886    2.444722e+00
0:   212    1.818576e+04    0.988565    2.416766e+00
0:   213    1.803536e+04    0.991730    2.396779e+00
0:   214    1.783543e+04    0.988914    2.370210e+00
0:   215    1.765601e+04    0.989940    2.346366e+00
0:   216    1.749573e+04    0.990922    2.325066e+00
0:   217    1.728883e+04    0.988174    2.297570e+00
0:   218    1.713749e+04    0.991247    2.277458e+00
0:   219    1.694861e+04    0.988979    2.252358e+00
0:   220    1.676606e+04    0.989229    2.228098e+00
0:   221    1.661273e+04    0.990855    2.207722e+00
0:   222    1.641100e+04    0.987857    2.180912e+00
0:   223    1.625772e+04    0.990660    2.160543e+00
0:   224    1.607949e+04    0.989037    2.136857e+00
0:   225    1.589513e+04    0.988534    2.112356e+00
0:   226    1.574683e+04    0.990670    2.092649e+00
0:   227    1.555164e+04    0.987604    2.066709e+00
0:   228    1.539589e+04    0.989985    2.046011e+00
0:   229    1.522750e+04    0.989062    2.023633e+00
0:   230    1.504278e+04    0.987870    1.999086e+00
0:   231    1.489777e+04    0.990360    1.979814e+00
0:   232    1.471009e+04    0.987403    1.954873e+00
0:   233    1.455179e+04    0.989239    1.933836e+00
0:   234    1.439212e+04    0.989027    1.912617e+00
0:   235    1.420854e+04    0.987245    1.888221e+00
0:   236    1.406530e+04    0.989919    1.869185e+00
0:   237    1.388571e+04    0.987231    1.845318e+00
0:   238    1.372515e+04    0.988437    1.823981e+00
0:   239    1.357290e+04    0.988907    1.803748e+00
0:   240    1.339186e+04    0.986662    1.779689e+00
0:   241    1.324920e+04    0.989347    1.760730e+00
0:   242    1.307784e+04    0.987067    1.737958e+00
0:   243    1.291564e+04    0.987597    1.716402e+00
0:   244    1.276941e+04    0.988678    1.696969e+00
0:   245    1.259214e+04    0.986118    1.673412e+00
0:   246    1.244920e+04    0.988649    1.654416e+00
0:   247    1.228588e+04    0.986881    1.632712e+00
0:   248    1.212285e+04    0.986730    1.611046e+00
0:   249    1.198126e+04    0.988320    1.592229e+00
0:   250    1.180877e+04    0.985603    1.569306e+00
0:   251    1.166504e+04    0.987829    1.550206e+00
0:   252    1.150924e+04    0.986644    1.529502e+00
0:   253    1.134634e+04    0.985845    1.507852e+00
0:   254    1.120808e+04    0.987815    1.489479e+00
0:   255    1.104108e+04    0.985100    1.467286e+00
0:   256    1.089639e+04    0.986895    1.448057e+00
0:   257    1.074736e+04    0.986324    1.428253e+00
0:   258    1.058556e+04    0.984945    1.406750e+00
0:   259    1.044952e+04    0.987149    1.388672e+00
0:   260    1.028844e+04    0.984585    1.367265e+00
0:   261    1.014286e+04    0.985851    1.347919e+00
0:   262    9.999703e+03    0.985886    1.328894e+00
0:   263    9.839949e+03    0.984024    1.307663e+00
0:   264    9.705206e+03    0.986307    1.289757e+00
0:   265    9.550171e+03    0.984026    1.269154e+00
0:   266    9.404044e+03    0.984699    1.249735e+00
0:   267    9.265752e+03    0.985294    1.231357e+00
0:   268    9.108874e+03    0.983069    1.210509e+00
0:   269    8.974747e+03    0.985275    1.192684e+00
0:   270    8.825620e+03    0.983384    1.172866e+00
0:   271    8.679431e+03    0.983436    1.153438e+00
0:   272    8.545008e+03    0.984512    1.135575e+00
0:   273    8.391669e+03    0.982055    1.115197e+00
0:   274    8.257721e+03    0.984038    1.097396e+00
0:   275    8.114131e+03    0.982611    1.078314e+00
0:   276    7.968468e+03    0.982048    1.058956e+00
0:   277    7.836970e+03    0.983498    1.041481e+00
0:   278    7.687632e+03    0.980944    1.021635e+00
0:   279    7.553657e+03    0.982573    1.003831e+00
0:   280    7.415055e+03    0.981651    9.854113e-01
0:   281    7.270531e+03    0.980509    9.662051e-01
0:   282    7.141124e+03    0.982201    9.490077e-01
0:   283    6.996033e+03    0.979682    9.297261e-01
0:   284    6.862027e+03    0.980845    9.119175e-01
0:   285    6.727740e+03    0.980431    8.940718e-01
0:   286    6.584938e+03    0.978774    8.750943e-01
0:   287    6.456933e+03    0.980561    8.580833e-01
0:   288    6.316118e+03    0.978192    8.393699e-01
0:   289    6.182238e+03    0.978803    8.215782e-01
0:   290    6.051531e+03    0.978858    8.042080e-01
0:   291    5.910943e+03    0.976768    7.855248e-01
0:   292    5.783819e+03    0.978494    7.686310e-01
0:   293    5.647111e+03    0.976364    7.504633e-01
0:   294    5.513627e+03    0.976362    7.327242e-01
0:   295    5.385752e+03    0.976808    7.157305e-01
0:   296    5.247745e+03    0.974376    6.973903e-01
0:   297    5.121152e+03    0.975877    6.805669e-01
0:   298    4.988209e+03    0.974040    6.628996e-01
0:   299    4.855449e+03    0.973385    6.452567e-01
0:   300    4.729701e+03    0.974102    6.285457e-01
0:   301    4.594486e+03    0.971412    6.105766e-01
0:   302    4.468233e+03    0.972521    5.937983e-01
0:   303    4.338582e+03    0.970984    5.765685e-01
0:   304    4.206880e+03    0.969644    5.590663e-01
0:   305    4.082630e+03    0.970465    5.425543e-01
0:   306    3.950252e+03    0.967575    5.249621e-01
0:   307    3.824283e+03    0.968111    5.082216e-01
0:   308    3.697360e+03    0.966811    4.913544e-01
0:   309    3.567008e+03    0.964745    4.740316e-01
0:   310    3.443732e+03    0.965440    4.576490e-01
0:   311    3.314065e+03    0.962347    4.404172e-01
0:   312    3.188427e+03    0.962089    4.237207e-01
0:   313    3.063625e+03    0.960858    4.071353e-01
0:   314    2.934836e+03    0.957962    3.900201e-01
0:   315    2.812141e+03    0.958194    3.737147e-01
0:   316    2.684946e+03    0.954769    3.568114e-01
0:   317    2.559834e+03    0.953402    3.401848e-01
0:   318    2.436734e+03    0.951911    3.238256e-01
0:   319    2.310021e+03    0.947999    3.069864e-01
0:   320    2.188490e+03    0.947389    2.908356e-01
0:   321    2.065088e+03    0.943614    2.744364e-01
0:   322    1.943916e+03    0.941323    2.583334e-01
0:   323    1.827942e+03    0.940340    2.429213e-01
0:   324    1.713703e+03    0.937504    2.277397e-01
0:   325    1.610598e+03    0.939835    2.140378e-01
0:   326    1.518243e+03    0.942658    2.017644e-01
0:   327    1.443257e+03    0.950610    1.917992e-01
0:   328    1.395369e+03    0.966820    1.854352e-01
0:   329    1.378629e+03    0.988004    1.832106e-01
0:   330    1.408159e+03    1.021419    1.871349e-01
0:   331    1.493536e+03    1.060630    1.984810e-01
0:   332    1.646708e+03    1.102557    2.188365e-01
0:   333    1.882401e+03    1.143130    2.501585e-01
0:   334    2.193080e+03    1.165044    2.914457e-01
0:   335    2.552042e+03    1.163680    3.391494e-01
0:   336    2.872572e+03    1.125597    3.817457e-01
0:   337    3.017729e+03    1.050532    4.010361e-01
0:   338    2.900550e+03    0.961170    3.854637e-01
0:   339    2.550922e+03    0.879462    3.390005e-01
0:   340    2.127569e+03    0.834039    2.827397e-01
0:   341    1.776426e+03    0.834956    2.360751e-01
0:   342    1.572574e+03    0.885246    2.089846e-01
0:   343    1.544364e+03    0.982061    2.052356e-01
0:   344    1.674180e+03    1.084058    2.224874e-01
0:   345    1.899470e+03    1.134567    2.524269e-01
0:   346    2.077278e+03    1.093609    2.760564e-01
0:   347    2.042632e+03    0.983321    2.714521e-01
0:   348    1.811096e+03    0.886648    2.406826e-01
0:   349    1.550855e+03    0.856307    2.060983e-01
0:   350    1.409911e+03    0.909119    1.873678e-01
0:   351    1.438161e+03    1.020036    1.911220e-01
0:   352    1.591548e+03    1.106655    2.115061e-01
0:   353    1.736618e+03    1.091150    2.307849e-01
0:   354    1.704852e+03    0.981708    2.265634e-01
0:   355    1.507688e+03    0.884352    2.003617e-01
0:   356    1.325715e+03    0.879303    1.761787e-01
0:   357    1.278600e+03    0.964460    1.699174e-01
0:   358    1.374998e+03    1.075394    1.827281e-01
0:   359    1.504598e+03    1.094255    1.999511e-01
0:   360    1.494801e+03    0.993488    1.986490e-01
0:   361    1.336113e+03    0.893840    1.775604e-01
0:   362    1.189500e+03    0.890269    1.580766e-01
0:   363    1.173683e+03    0.986703    1.559747e-01
0:   364    1.273962e+03    1.085439    1.693011e-01
0:   365    1.350435e+03    1.060028    1.794638e-01
0:   366    1.277004e+03    0.945624    1.697052e-01
0:   367    1.128340e+03    0.883584    1.499488e-01
0:   368    1.061658e+03    0.940903    1.410873e-01
0:   369    1.119562e+03    1.054541    1.487823e-01
0:   370    1.203499e+03    1.074973    1.599369e-01
0:   371    1.170612e+03    0.972674    1.555665e-01
0:   372    1.043218e+03    0.891174    1.386368e-01
0:   373    9.718818e+02    0.931619    1.291566e-01
0:   374    1.015057e+03    1.044425    1.348943e-01
0:   375    1.086163e+03    1.070051    1.443438e-01
0:   376    1.052290e+03    0.968814    1.398423e-01
0:   377    9.411065e+02    0.894342    1.250668e-01
0:   378    8.901758e+02    0.945882    1.182984e-01
0:   379    9.390442e+02    1.054898    1.247927e-01
0:   380    9.876906e+02    1.051804    1.312575e-01
0:   381    9.307693e+02    0.942369    1.236930e-01
0:   382    8.380760e+02    0.900412    1.113747e-01
0:   383    8.231487e+02    0.982189    1.093910e-01
0:   384    8.796242e+02    1.068609    1.168962e-01
0:   385    8.886208e+02    1.010228    1.180918e-01
0:   386    8.092755e+02    0.910710    1.075473e-01
0:   387    7.520892e+02    0.929336    9.994763e-02
0:   388    7.771872e+02    1.033371    1.032830e-01
0:   389    8.182380e+02    1.052820    1.087384e-01
0:   390    7.757476e+02    0.948071    1.030917e-01
0:   391    7.033654e+02    0.906694    9.347257e-02
0:   392    6.983129e+02    0.992817    9.280112e-02
0:   393    7.406073e+02    1.060567    9.842176e-02
0:   394    7.303615e+02    0.986166    9.706016e-02
0:   395    6.626940e+02    0.907351    8.806761e-02
0:   396    6.363825e+02    0.960296    8.457099e-02
0:   397    6.707398e+02    1.053988    8.913684e-02
0:   398    6.779791e+02    1.010793    9.009890e-02
0:   399    6.216273e+02    0.916883    8.261012e-02
0:   400    5.861981e+02    0.943006    7.790181e-02
0:   401    6.099965e+02    1.040598    8.106446e-02
0:   402    6.257737e+02    1.025864    8.316114e-02
0:   403    5.791285e+02    0.925460    7.696231e-02
0:   404    5.414534e+02    0.934945    7.195554e-02
0:   405    5.594252e+02    1.033192    7.434387e-02
0:   406    5.756423e+02    1.028989    7.649902e-02
0:   407    5.364865e+02    0.931979    7.129547e-02
0:   408    5.007486e+02    0.933385    6.654614e-02
0:   409    5.155770e+02    1.029613    6.851674e-02
0:   410    5.304282e+02    1.028805    7.049037e-02
0:   411    4.938638e+02    0.931066    6.563120e-02
0:   412    4.633856e+02    0.938286    6.158085e-02
0:   413    4.781369e+02    1.031834    6.354120e-02
0:   414    4.882072e+02    1.021061    6.487947e-02
0:   415    4.535540e+02    0.929019    6.027429e-02
0:   416    4.291259e+02    0.946141    5.702797e-02
0:   417    4.454134e+02    1.037955    5.919247e-02
0:   418    4.494107e+02    1.008974    5.972368e-02
0:   419    4.149501e+02    0.923321    5.514409e-02
0:   420    3.993683e+02    0.962449    5.307338e-02
0:   421    4.162187e+02    1.042193    5.531268e-02
0:   422    4.123466e+02    0.990697    5.479812e-02
0:   423    3.801638e+02    0.921952    5.052123e-02
0:   424    3.734020e+02    0.982214    4.962263e-02
0:   425    3.896951e+02    1.043634    5.178788e-02
0:   426    3.767623e+02    0.966813    5.006920e-02
0:   427    3.493550e+02    0.927256    4.642695e-02
0:   428    3.522156e+02    1.008188    4.680710e-02
0:   429    3.632805e+02    1.031415    4.827756e-02
0:   430    3.432658e+02    0.944905    4.561773e-02
0:   431    3.240073e+02    0.943896    4.305840e-02
0:   432    3.337972e+02    1.030215    4.435941e-02
0:   433    3.365301e+02    1.008188    4.472261e-02
0:   434    3.125871e+02    0.928853    4.154074e-02
0:   435    3.045112e+02    0.974164    4.046751e-02
0:   436    3.166296e+02    1.039796    4.207795e-02
0:   437    3.082012e+02    0.973381    4.095788e-02
0:   438    2.873941e+02    0.932489    3.819275e-02
0:   439    2.897636e+02    1.008245    3.850765e-02
0:   440    2.976509e+02    1.027220    3.955581e-02
0:   441    2.806754e+02    0.942969    3.729989e-02
0:   442    2.682440e+02    0.955709    3.564783e-02
0:   443    2.776684e+02    1.035134    3.690028e-02
0:   444    2.751917e+02    0.991080    3.657114e-02
0:   445    2.565485e+02    0.932254    3.409358e-02
0:   446    2.555133e+02    0.995965    3.395601e-02
0:   447    2.634550e+02    1.031081    3.501141e-02
0:   448    2.509955e+02    0.952707    3.335563e-02
0:   449    2.385750e+02    0.950515    3.170503e-02
0:   450    2.455975e+02    1.029435    3.263827e-02
0:   451    2.448257e+02    0.996857    3.253570e-02
0:   452    2.285146e+02    0.933377    3.036806e-02
0:   453    2.269766e+02    0.993270    3.016368e-02
0:   454    2.335485e+02    1.028954    3.103703e-02
0:   455    2.223501e+02    0.952051    2.954885e-02
0:   456    2.119521e+02    0.953236    2.816702e-02
0:   457    2.176453e+02    1.026861    2.892360e-02
0:   458    2.155013e+02    0.990149    2.863869e-02
0:   459    2.013011e+02    0.934106    2.675158e-02
0:   460    2.006098e+02    0.996566    2.665971e-02
0:   461    2.047615e+02    1.020695    2.721144e-02
0:   462    1.930903e+02    0.943001    2.566041e-02
0:   463    1.853041e+02    0.959676    2.462568e-02
0:   464    1.899111e+02    1.024862    2.523792e-02
0:   465    1.844096e+02    0.971031    2.450681e-02
0:   466    1.724307e+02    0.935042    2.291489e-02
0:   467    1.730125e+02    1.003374    2.299220e-02
0:   468    1.732062e+02    1.001120    2.301795e-02
0:   469    1.614647e+02    0.932211    2.145758e-02
0:   470    1.570714e+02    0.972791    2.087374e-02
0:   471    1.602649e+02    1.020332    2.129814e-02
0:   472    1.527096e+02    0.952857    2.029408e-02
0:   473    1.451990e+02    0.950818    1.929598e-02
0:   474    1.483221e+02    1.021509    1.971102e-02
0:   475    1.457656e+02    0.982763    1.937127e-02
0:   476    1.366281e+02    0.937314    1.815696e-02
0:   477    1.365012e+02    0.999071    1.814010e-02
0:   478    1.372201e+02    1.005267    1.823564e-02
0:   479    1.288444e+02    0.938962    1.712257e-02
0:   480    1.256401e+02    0.975130    1.669673e-02
0:   481    1.282568e+02    1.020827    1.704447e-02
0:   482    1.223189e+02    0.953703    1.625536e-02
0:   483    1.164178e+02    0.951756    1.547115e-02
0:   484    1.185320e+02    1.018161    1.575211e-02
0:   485    1.156873e+02    0.976001    1.537407e-02
0:   486    1.087950e+02    0.940423    1.445813e-02
0:   487    1.092213e+02    1.003918    1.451478e-02
0:   488    1.088014e+02    0.996155    1.445898e-02
0:   489    1.021096e+02    0.938495    1.356968e-02
0:   490    1.005714e+02    0.984936    1.336526e-02
0:   491    1.017209e+02    1.011430    1.351802e-02
0:   492    9.612765e+01    0.945014    1.277472e-02
0:   493    9.279760e+01    0.965358    1.233218e-02
0:   494    9.443758e+01    1.017673    1.255012e-02
0:   495    9.053794e+01    0.958707    1.203189e-02
0:   496    8.600496e+01    0.949933    1.142948e-02
0:   497    8.717822e+01    1.013642    1.158540e-02
0:   498    8.507503e+01    0.975875    1.130590e-02
0:   499    8.005855e+01    0.941035    1.063925e-02
0:   500    8.023489e+01    1.002203    1.066268e-02
0:   501    7.962182e+01    0.992359    1.058121e-02
0:   502    7.473769e+01    0.938658    9.932140e-03
0:   503    7.380965e+01    0.987583    9.808810e-03
0:   504    7.416589e+01    1.004826    9.856152e-03
0:   505    6.985777e+01    0.941912    9.283631e-03
0:   506    6.797975e+01    0.973117    9.034055e-03
0:   507    6.875679e+01    1.011430    9.137318e-03
0:   508    6.529706e+01    0.949682    8.677543e-03
0:   509    6.272139e+01    0.960555    8.335255e-03
0:   510    6.348333e+01    1.012148    8.436510e-03
0:   511    6.097486e+01    0.960486    8.103152e-03
0:   512    5.796000e+01    0.950556    7.702497e-03
0:   513    5.844537e+01    1.008374    7.766999e-03
0:   514    5.682971e+01    0.972356    7.552290e-03
0:   515    5.361815e+01    0.943488    7.125495e-03
0:   516    5.371875e+01    1.001876    7.138863e-03
0:   517    5.281991e+01    0.983268    7.019414e-03
0:   518    4.963739e+01    0.939748    6.596477e-03
0:   519    4.933365e+01    0.993881    6.556113e-03
0:   520    4.893531e+01    0.991926    6.503177e-03
0:   521    4.597225e+01    0.939449    6.109405e-03
0:   522    4.528102e+01    0.984964    6.017545e-03
0:   523    4.519708e+01    0.998146    6.006390e-03
0:   524    4.257614e+01    0.942011    5.658085e-03
0:   525    4.153764e+01    0.975608    5.520074e-03
0:   526    4.163865e+01    1.002432    5.533498e-03
0:   527    3.939916e+01    0.946216    5.235885e-03
0:   528    3.808626e+01    0.966677    5.061409e-03
0:   529    3.828226e+01    1.005146    5.087457e-03
0:   530    3.640070e+01    0.950850    4.837410e-03
0:   531    3.491645e+01    0.959224    4.640162e-03
0:   532    3.512915e+01    1.006092    4.668429e-03
0:   533    3.356277e+01    0.955411    4.460268e-03
0:   534    3.201233e+01    0.953805    4.254226e-03
0:   535    3.216825e+01    1.004871    4.274946e-03
0:   536    3.088880e+01    0.960226    4.104916e-03
0:   537    2.934345e+01    0.949970    3.899549e-03
0:   538    2.939367e+01    1.001711    3.906222e-03
0:   539    2.838699e+01    0.965752    3.772441e-03
0:   540    2.686982e+01    0.946554    3.570820e-03
0:   541    2.681444e+01    0.997939    3.563460e-03
0:   542    2.605022e+01    0.971500    3.461900e-03
0:   543    2.456118e+01    0.942840    3.264017e-03
0:   544    2.444463e+01    0.995255    3.248529e-03
0:   545    2.385158e+01    0.975739    3.169716e-03
0:   546    2.241549e+01    0.939790    2.978869e-03
0:   547    2.227710e+01    0.993826    2.960478e-03
0:   548    2.176824e+01    0.977158    2.892854e-03
0:   549    2.044995e+01    0.939440    2.717662e-03
0:   550    2.027059e+01    0.991229    2.693826e-03
0:   551    1.981518e+01    0.977534    2.633306e-03
0:   552    1.865808e+01    0.941605    2.479535e-03
0:   553    1.838543e+01    0.985387    2.443301e-03
0:   554    1.803330e+01    0.980847    2.396505e-03
0:   555    1.698522e+01    0.941881    2.257222e-03
0:   556    1.664029e+01    0.979692    2.211383e-03
0:   557    1.641769e+01    0.986623    2.181801e-03
0:   558    1.538884e+01    0.937333    2.045073e-03
0:   559    1.508570e+01    0.980301    2.004788e-03
0:   560    1.489379e+01    0.987279    1.979286e-03
0:   561    1.391439e+01    0.934241    1.849129e-03
0:   562    1.369574e+01    0.984286    1.820072e-03
0:   563    1.342876e+01    0.980507    1.784593e-03
0:   564    1.262282e+01    0.939984    1.677488e-03
0:   565    1.236932e+01    0.979917    1.643799e-03
0:   566    1.210728e+01    0.978815    1.608976e-03
0:   567    1.145126e+01    0.945817    1.521797e-03
0:   568    1.110344e+01    0.969626    1.475573e-03
0:   569    1.097206e+01    0.988168    1.458113e-03
0:   570    1.029952e+01    0.938704    1.368738e-03
0:   571    1.000497e+01    0.971401    1.329593e-03
0:   572    9.910694e+00    0.990578    1.317065e-03
0:   573    9.227505e+00    0.931065    1.226274e-03
0:   574    9.059686e+00    0.981813    1.203972e-03
0:   575    8.865127e+00    0.978525    1.178116e-03
0:   576    8.324810e+00    0.939051    1.106312e-03
0:   577    8.140493e+00    0.977859    1.081817e-03
0:   578    7.938847e+00    0.975229    1.055020e-03
0:   579    7.491967e+00    0.943710    9.956324e-04
0:   580    7.272021e+00    0.970642    9.664031e-04
0:   581    7.158777e+00    0.984427    9.513537e-04
0:   582    6.698255e+00    0.935670    8.901533e-04
0:   583    6.537939e+00    0.976066    8.688484e-04
0:   584    6.405953e+00    0.979812    8.513083e-04
0:   585    5.997825e+00    0.936289    7.970709e-04
0:   586    5.869826e+00    0.978659    7.800607e-04
0:   587    5.722728e+00    0.974940    7.605124e-04
0:   588    5.380560e+00    0.940209    7.150404e-04
0:   589    5.248038e+00    0.975370    6.974293e-04
0:   590    5.134228e+00    0.978314    6.823046e-04
0:   591    4.799248e+00    0.934755    6.377880e-04
0:   592    4.721342e+00    0.983767    6.274349e-04
0:   593    4.577344e+00    0.969500    6.082984e-04
0:   594    4.307050e+00    0.940950    5.723782e-04
0:   595    4.231724e+00    0.982511    5.623678e-04
0:   596    4.093345e+00    0.967300    5.439782e-04
0:   597    3.870498e+00    0.945559    5.143634e-04
0:   598    3.786232e+00    0.978228    5.031649e-04
0:   599    3.684420e+00    0.973110    4.896348e-04
0:   600    3.460950e+00    0.939347    4.599371e-04
0:   601    3.419830e+00    0.988119    4.544726e-04
0:   602    3.299931e+00    0.964940    4.385388e-04
0:   603    3.122638e+00    0.946274    4.149778e-04
0:   604    3.082630e+00    0.987188    4.096610e-04
0:   605    2.976296e+00    0.965505    3.955299e-04
0:   606    2.818871e+00    0.947107    3.746092e-04
0:   607    2.794934e+00    0.991508    3.714281e-04
0:   608    2.689754e+00    0.962368    3.574503e-04
0:   609    2.556612e+00    0.950500    3.397567e-04
0:   610    2.547936e+00    0.996606    3.386037e-04
0:   611    2.434472e+00    0.955468    3.235251e-04
0:   612    2.342112e+00    0.962062    3.112511e-04
0:   613    2.319453e+00    0.990325    3.082398e-04
0:   614    2.230645e+00    0.961712    2.964379e-04
0:   615    2.142628e+00    0.960542    2.847410e-04
0:   616    2.137175e+00    0.997455    2.840163e-04
0:   617    2.043210e+00    0.956033    2.715290e-04
0:   618    1.982330e+00    0.970204    2.634385e-04
0:   619    1.971121e+00    0.994345    2.619488e-04
0:   620    1.890083e+00    0.958887    2.511794e-04
0:   621    1.838170e+00    0.972534    2.442806e-04
0:   622    1.833254e+00    0.997326    2.436273e-04
0:   623    1.752638e+00    0.956025    2.329138e-04
0:   624    1.716134e+00    0.979172    2.280627e-04
0:   625    1.710881e+00    0.996939    2.273646e-04
0:   626    1.630034e+00    0.952745    2.166206e-04
0:   627    1.612067e+00    0.988978    2.142330e-04
0:   628    1.593890e+00    0.988724    2.118173e-04
0:   629    1.525492e+00    0.957087    2.027277e-04
0:   630    1.508975e+00    0.989173    2.005327e-04
0:   631    1.490019e+00    0.987438    1.980136e-04
0:   632    1.420406e+00    0.953280    1.887624e-04
0:   633    1.415470e+00    0.996525    1.881065e-04
0:   634    1.379957e+00    0.974911    1.833871e-04
0:   635    1.324472e+00    0.959792    1.760135e-04
0:   636    1.310693e+00    0.989596    1.741823e-04
0:   637    1.276265e+00    0.973733    1.696071e-04
0:   638    1.216712e+00    0.953338    1.616929e-04
0:   639    1.208169e+00    0.992979    1.605576e-04
0:   640    1.159872e+00    0.960025    1.541393e-04
0:   641    1.109703e+00    0.956746    1.474721e-04
0:   642    1.092785e+00    0.984755    1.452239e-04
0:   643    1.043004e+00    0.954445    1.386082e-04
0:   644    9.926833e-01    0.951754    1.319210e-04
0:   645    9.766214e-01    0.983820    1.297865e-04
0:   646    9.182592e-01    0.940241    1.220305e-04
0:   647    8.786459e-01    0.956861    1.167662e-04
0:   648    8.551465e-01    0.973255    1.136433e-04
0:   649    8.003419e-01    0.935912    1.063601e-04
0:   650    7.667636e-01    0.958045    1.018978e-04
0:   651    7.428591e-01    0.968824    9.872102e-05
0:   652    6.928626e-01    0.932697    9.207681e-05
0:   653    6.703326e-01    0.967483    8.908273e-05
0:   654    6.469120e-01    0.965061    8.597028e-05
0:   655    6.098397e-01    0.942694    8.104363e-05
0:   656    5.976414e-01    0.979997    7.942255e-05
0:   657    5.824011e-01    0.974499    7.739722e-05
0:   658    5.597142e-01    0.961046    7.438227e-05
0:   659    5.620254e-01    1.004129    7.468943e-05
0:   660    5.572793e-01    0.991555    7.405869e-05
0:   661    5.508239e-01    0.988416    7.320082e-05
0:   662    5.666258e-01    1.028688    7.530078e-05
0:   663    5.699620e-01    1.005888    7.574415e-05
0:   664    5.721951e-01    1.003918    7.604091e-05
0:   665    5.908746e-01    1.032645    7.852329e-05
0:   666    5.845771e-01    0.989342    7.768640e-05
0:   667    5.774832e-01    0.987865    7.674366e-05
0:   668    5.746121e-01    0.995028    7.636211e-05
0:   669    5.420574e-01    0.943345    7.203581e-05
0:   670    5.155013e-01    0.951009    6.850669e-05
0:   671    4.913894e-01    0.953226    6.530237e-05
0:   672    4.508848e-01    0.917571    5.991959e-05
0:   673    4.310206e-01    0.955944    5.727976e-05
0:   674    4.162489e-01    0.965729    5.531670e-05
0:   675    3.998837e-01    0.960684    5.314188e-05
0:   676    4.057706e-01    1.014721    5.392420e-05
0:   677    4.115263e-01    1.014185    5.468910e-05
0:   678    4.114329e-01    0.999773    5.467669e-05
0:   679    4.221652e-01    1.026085    5.610294e-05
0:   680    4.129375e-01    0.978142    5.487664e-05
0:   681    3.940482e-01    0.954256    5.236638e-05
0:   682    3.787340e-01    0.961136    5.033122e-05
0:   683    3.521409e-01    0.929784    4.679718e-05
0:   684    3.321949e-01    0.943358    4.414649e-05
0:   685    3.280307e-01    0.987465    4.359310e-05
0:   686    3.200121e-01    0.975555    4.252748e-05
0:   687    3.233032e-01    1.010284    4.296483e-05
0:   688    3.285869e-01    1.016343    4.366700e-05
0:   689    3.184247e-01    0.969073    4.231652e-05
0:   690    3.076733e-01    0.966235    4.088772e-05
0:   691    2.927461e-01    0.951484    3.890400e-05
0:   692    2.695786e-01    0.920861    3.582519e-05
0:   693    2.623009e-01    0.973003    3.485803e-05
0:   694    2.569657e-01    0.979660    3.414902e-05
0:   695    2.532187e-01    0.985418    3.365107e-05
0:   696    2.568871e-01    1.014487    3.413858e-05
0:   697    2.497275e-01    0.972129    3.318712e-05
0:   698    2.350515e-01    0.941232    3.123677e-05
0:   699    2.253225e-01    0.958609    2.994385e-05
0:   700    2.095457e-01    0.929981    2.784723e-05
0:   701    2.031564e-01    0.969509    2.699813e-05
0:   702    2.041273e-01    1.004779    2.712715e-05
0:   703    2.000670e-01    0.980109    2.658757e-05
0:   704    1.966545e-01    0.982943    2.613407e-05
0:   705    1.892877e-01    0.962539    2.515507e-05
0:   706    1.745270e-01    0.922020    2.319347e-05
0:   707    1.678422e-01    0.961698    2.230511e-05
0:   708    1.637813e-01    0.975805    2.176545e-05
0:   709    1.604969e-01    0.979946    2.132896e-05
0:   710    1.614921e-01    1.006201    2.146122e-05
0:   711    1.556549e-01    0.963855    2.068550e-05
0:   712    1.457874e-01    0.936606    1.937417e-05
0:   713    1.401258e-01    0.961166    1.862179e-05
0:   714    1.341641e-01    0.957454    1.782951e-05
0:   715    1.322787e-01    0.985948    1.757896e-05
0:   716    1.339780e-01    1.012846    1.780478e-05
0:   717    1.285219e-01    0.959276    1.707970e-05
0:   718    1.229296e-01    0.956488    1.633653e-05
0:   719    1.177257e-01    0.957667    1.564496e-05
0:   720    1.121958e-01    0.953028    1.491008e-05
0:   721    1.123804e-01    1.001645    1.493461e-05
0:   722    1.126484e-01    1.002384    1.497021e-05
0:   723    1.077108e-01    0.956168    1.431404e-05
0:   724    1.043867e-01    0.969138    1.387229e-05
0:   725    9.868363e-02    0.945366    1.311440e-05
0:   726    9.528023e-02    0.965512    1.266211e-05
0:   727    9.626088e-02    1.010292    1.279243e-05
0:   728    9.403752e-02    0.976903    1.249696e-05
0:   729    9.005259e-02    0.957624    1.196739e-05
0:   730    8.638027e-02    0.959220    1.147936e-05
0:   731    8.106072e-02    0.938417    1.077243e-05
0:   732    7.977801e-02    0.984176    1.060197e-05
0:   733    7.932905e-02    0.994372    1.054230e-05
0:   734    7.533764e-02    0.949685    1.001187e-05
0:   735    7.178536e-02    0.952849    9.539795e-06
0:   736    6.748319e-02    0.940069    8.968065e-06
0:   737    6.414708e-02    0.950564    8.524718e-06
0:   738    6.366842e-02    0.992538    8.461109e-06
0:   739    6.142894e-02    0.964826    8.163496e-06
0:   740    5.747025e-02    0.935557    7.637412e-06
0:   741    5.487714e-02    0.954879    7.292805e-06
0:   742    5.198051e-02    0.947216    6.907862e-06
0:   743    5.117682e-02    0.984539    6.801058e-06
0:   744    5.077350e-02    0.992119    6.747459e-06
0:   745    4.798774e-02    0.945134    6.377250e-06
0:   746    4.574644e-02    0.953294    6.079397e-06
0:   747    4.457216e-02    0.974331    5.923342e-06
0:   748    4.328290e-02    0.971075    5.752008e-06
0:   749    4.305029e-02    0.994626    5.721096e-06
0:   750    4.103891e-02    0.953278    5.453797e-06
0:   751    3.815623e-02    0.929757    5.070708e-06
0:   752    3.719153e-02    0.974717    4.942507e-06
0:   753    3.609065e-02    0.970400    4.796207e-06
0:   754    3.510436e-02    0.972672    4.665135e-06
0:   755    3.396036e-02    0.967411    4.513105e-06
0:   756    3.179287e-02    0.936176    4.225061e-06
0:   757    3.090853e-02    0.972184    4.107537e-06
0:   758    3.085500e-02    0.998268    4.100424e-06
0:   759    2.950833e-02    0.956355    3.921460e-06
0:   760    2.835621e-02    0.960956    3.768351e-06
0:   761    2.684297e-02    0.946635    3.567252e-06
0:   762    2.578739e-02    0.960675    3.426971e-06
0:   763    2.578349e-02    0.999849    3.426454e-06
0:   764    2.482054e-02    0.962652    3.298483e-06
0:   765    2.342348e-02    0.943714    3.112824e-06
0:   766    2.271996e-02    0.969965    3.019331e-06
0:   767    2.196101e-02    0.966595    2.918471e-06
0:   768    2.150272e-02    0.979132    2.857568e-06
0:   769    2.078510e-02    0.966627    2.762201e-06
0:   770    1.938123e-02    0.932458    2.575636e-06
0:   771    1.893259e-02    0.976852    2.516015e-06
0:   772    1.865367e-02    0.985267    2.478948e-06
0:   773    1.787319e-02    0.958159    2.375227e-06
0:   774    1.709410e-02    0.956411    2.271692e-06
0:   775    1.619624e-02    0.947475    2.152372e-06
0:   776    1.564272e-02    0.965824    2.078813e-06
0:   777    1.554790e-02    0.993938    2.066212e-06
0:   778    1.469299e-02    0.945015    1.952601e-06
0:   779    1.383958e-02    0.941917    1.839188e-06
0:   780    1.344984e-02    0.971839    1.787394e-06
0:   781    1.293898e-02    0.962018    1.719504e-06
0:   782    1.258374e-02    0.972545    1.672295e-06
0:   783    1.192838e-02    0.947920    1.585202e-06
0:   784    1.119933e-02    0.938881    1.488316e-06
0:   785    1.101179e-02    0.983255    1.463394e-06
0:   786    1.065810e-02    0.967881    1.416390e-06
0:   787    1.000372e-02    0.938603    1.329427e-06
0:   788    9.623778e-03    0.962020    1.278936e-06
0:   789    9.199384e-03    0.955901    1.222537e-06
0:   790    8.972519e-03    0.975339    1.192388e-06
0:   791    8.673473e-03    0.966671    1.152647e-06
0:   792    8.071393e-03    0.930584    1.072634e-06
0:   793    7.847889e-03    0.972309    1.042932e-06
0:   794    7.718135e-03    0.983466    1.025689e-06
0:   795    7.360562e-03    0.953671    9.781696e-07
0:   796    7.054372e-03    0.958401    9.374789e-07
0:   797    6.749497e-03    0.956782    8.969631e-07
0:   798    6.561505e-03    0.972147    8.719802e-07
0:   799    6.477418e-03    0.987185    8.608056e-07
0:   800    6.072409e-03    0.937474    8.069826e-07
0:   801    5.792263e-03    0.953866    7.697531e-07
0:   802    5.699062e-03    0.983909    7.573672e-07
0:   803    5.466171e-03    0.959135    7.264177e-07
0:   804    5.223254e-03    0.955560    6.941355e-07
0:   805    4.951523e-03    0.947977    6.580243e-07
0:   806    4.740580e-03    0.957399    6.299915e-07
0:   807    4.657827e-03    0.982544    6.189942e-07
0:   808    4.420828e-03    0.949118    5.874985e-07
0:   809    4.153039e-03    0.939426    5.519111e-07
0:   810    4.082943e-03    0.983122    5.425958e-07
0:   811    3.944721e-03    0.966146    5.242271e-07
0:   812    3.781253e-03    0.958560    5.025033e-07
0:   813    3.621990e-03    0.957881    4.813382e-07
0:   814    3.456330e-03    0.954263    4.593232e-07
0:   815    3.393599e-03    0.981850    4.509867e-07
0:   816    3.245898e-03    0.956477    4.313582e-07
0:   817    3.037204e-03    0.935705    4.036241e-07
0:   818    2.964181e-03    0.975957    3.939198e-07
0:   819    2.877542e-03    0.970772    3.824062e-07
0:   820    2.732494e-03    0.949593    3.631302e-07
0:   821    2.631341e-03    0.962982    3.496877e-07
0:   822    2.510172e-03    0.953951    3.335851e-07
0:   823    2.450582e-03    0.976261    3.256661e-07
0:   824    2.356416e-03    0.961574    3.131519e-07
0:   825    2.200858e-03    0.933985    2.924793e-07
0:   826    2.150742e-03    0.977229    2.858192e-07
0:   827    2.092616e-03    0.972974    2.780948e-07
0:   828    1.980217e-03    0.946288    2.631576e-07
0:   829    1.903850e-03    0.961435    2.530090e-07
0:   830    1.830924e-03    0.961695    2.433176e-07
0:   831    1.771408e-03    0.967494    2.354083e-07
0:   832    1.707787e-03    0.964084    2.269535e-07
0:   833    1.602299e-03    0.938231    2.129348e-07
0:   834    1.567076e-03    0.978017    2.082540e-07
0:   835    1.530839e-03    0.976876    2.034383e-07
0:   836    1.438250e-03    0.939517    1.911338e-07
0:   837    1.387676e-03    0.964837    1.844128e-07
0:   838    1.344898e-03    0.969173    1.787279e-07
0:   839    1.297553e-03    0.964797    1.724361e-07
0:   840    1.248364e-03    0.962091    1.658992e-07
0:   841    1.186896e-03    0.950761    1.577305e-07
0:   842    1.158707e-03    0.976250    1.539844e-07
0:   843    1.131782e-03    0.976763    1.504062e-07
0:   844    1.062941e-03    0.939175    1.412578e-07
0:   845    1.031642e-03    0.970554    1.370983e-07
0:   846    1.013885e-03    0.982788    1.347386e-07
0:   847    9.684456e-04    0.955183    1.287000e-07
0:   848    9.341096e-04    0.964545    1.241369e-07
0:   849    8.993640e-04    0.962803    1.195195e-07
0:   850    8.786005e-04    0.976913    1.167601e-07
0:   851    8.545974e-04    0.972680    1.135703e-07
0:   852    8.094311e-04    0.947149    1.075680e-07
0:   853    7.912567e-04    0.977547    1.051527e-07
0:   854    7.799192e-04    0.985671    1.036461e-07
0:   855    7.390255e-04    0.947567    9.821156e-08
0:   856    7.163931e-04    0.969375    9.520386e-08
0:   857    7.034035e-04    0.981868    9.347763e-08
0:   858    6.794013e-04    0.965877    9.028790e-08
0:   859    6.591594e-04    0.970206    8.759789e-08
0:   860    6.311601e-04    0.957523    8.387696e-08
0:   861    6.210582e-04    0.983995    8.253448e-08
0:   862    6.090074e-04    0.980596    8.093301e-08
0:   863    5.761047e-04    0.945973    7.656047e-08
0:   864    5.650732e-04    0.980852    7.509446e-08
0:   865    5.572903e-04    0.986227    7.406017e-08
0:   866    5.326908e-04    0.955859    7.079105e-08
0:   867    5.179417e-04    0.972312    6.883099e-08
0:   868    5.057952e-04    0.976549    6.721681e-08
0:   869    4.922499e-04    0.973220    6.541672e-08
0:   870    4.788962e-04    0.972872    6.364210e-08
0:   871    4.577964e-04    0.955941    6.083809e-08
0:   872    4.523937e-04    0.988199    6.012011e-08
0:   873    4.420512e-04    0.977138    5.874566e-08
0:   874    4.182785e-04    0.946222    5.558642e-08
0:   875    4.122623e-04    0.985617    5.478691e-08
0:   876    4.037054e-04    0.979244    5.364976e-08
0:   877    3.866168e-04    0.957671    5.137880e-08
0:   878    3.752124e-04    0.970502    4.986322e-08
0:   879    3.647638e-04    0.972153    4.847467e-08
0:   880    3.559868e-04    0.975938    4.730826e-08
0:   881    3.433607e-04    0.964532    4.563034e-08
0:   882    3.278308e-04    0.954771    4.356653e-08
0:   883    3.234485e-04    0.986633    4.298415e-08
0:   884    3.126429e-04    0.966592    4.154815e-08
0:   885    2.953851e-04    0.944800    3.925470e-08
0:   886    2.902783e-04    0.982712    3.857605e-08
0:   887    2.806031e-04    0.966669    3.729027e-08
0:   888    2.673813e-04    0.952881    3.553319e-08
0:   889    2.583342e-04    0.966164    3.433088e-08
0:   890    2.490000e-04    0.963868    3.309043e-08
0:   891    2.408322e-04    0.967198    3.200500e-08
0:   892    2.293426e-04    0.952292    3.047811e-08
0:   893    2.189830e-04    0.954829    2.910137e-08
0:   894    2.140915e-04    0.977663    2.845133e-08
0:   895    2.031589e-04    0.948935    2.699846e-08
0:   896    1.917541e-04    0.943863    2.548284e-08
0:   897    1.876778e-04    0.978742    2.494113e-08
0:   898    1.783838e-04    0.950479    2.370601e-08
0:   899    1.685897e-04    0.945095    2.240444e-08
0:   900    1.625516e-04    0.964185    2.160203e-08
0:   901    1.551357e-04    0.954378    2.061650e-08
0:   902    1.484637e-04    0.956993    1.972984e-08
0:   903    1.400872e-04    0.943579    1.861666e-08
0:   904    1.339849e-04    0.956439    1.780570e-08
0:   905    1.296461e-04    0.967617    1.722910e-08
0:   906    1.211473e-04    0.934446    1.609966e-08
0:   907    1.154149e-04    0.952682    1.533787e-08
0:   908    1.121795e-04    0.971967    1.490790e-08
0:   909    1.051533e-04    0.937367    1.397417e-08
0:   910    9.992869e-05    0.950314    1.327986e-08
0:   911    9.642790e-05    0.964967    1.281462e-08
0:   912    9.134662e-05    0.947305    1.213936e-08
0:   913    8.719157e-05    0.954513    1.158718e-08
0:   914    8.270581e-05    0.948553    1.099105e-08
0:   915    7.960636e-05    0.962524    1.057915e-08
0:   916    7.634417e-05    0.959021    1.014563e-08
0:   917    7.157861e-05    0.937578    9.512320e-09
0: 
0: 
0: =============================================
0: Solve phase times:
0: =============================================
0: PCG Solve:
0:   wall clock time = 0.247887 seconds
0:   wall MFLOPS     = 0.000000
0:   cpu clock time  = 0.247883 seconds
0:   cpu MFLOPS      = 0.000000
0: 
0: 
0: Iterations = 917
0: Final Relative Residual Norm = 9.512320e-09
0: 
0: 27pt 3D Laplacian
0: =============================================
0: Hypre init times:
0: =============================================
0: Hypre init:
0:   wall clock time = 0.000006 seconds
0:   wall MFLOPS     = 0.000000
0:   cpu clock time  = 0.000006 seconds
0:   cpu MFLOPS      = 0.000000
0: 
0: 
0: Using HYPRE_DEVELOP_STRING: v3.1.0-1-g5f6c9306d (branch v3.1.0_thrusthipbugfix; not the develop branch)
0: 
0: Running with these driver parameters:
0:   solver ID    = 2
0: 
0:   Laplacian_27pt:
0:     (nx, ny, nz) = (384, 384, 384)
0:     (Px, Py, Pz) = (16, 16, 16)
0: 
0: =============================================
0: Generate Matrix:
0: =============================================
0: Spatial Operator:
0:   wall clock time = 0.005045 seconds
0:   wall MFLOPS     = 0.000000
0:   cpu clock time  = 0.005046 seconds
0:   cpu MFLOPS      = 0.000000
0: 
0:   Number of vector components: 1
0:   RHS vector has unit coefficients
0:   Initial guess is 0
0: =============================================
0: IJ Vector Setup:
0: =============================================
0: RHS and Initial Guess:
0:   wall clock time = 0.000836 seconds
0:   wall MFLOPS     = 0.000000
0:   cpu clock time  = 0.000836 seconds
0:   cpu MFLOPS      = 0.000000
0: 
0: Solver: DS-PCG
0: HYPRE_ParCSRPCGGetPrecond got good precond
0: =============================================
0: Setup phase times:
0: =============================================
0: PCG Setup:
0:   wall clock time = 0.000433 seconds
0:   wall MFLOPS     = 0.000000
0:   cpu clock time  = 0.000433 seconds
0:   cpu MFLOPS      = 0.000000
0: 
0: <b,b>: 5.662310e+07
0: 
0: 
0: Iters       ||r||_2     conv.rate  ||r||_2/||b||_2
0: -----    ------------   ---------  ------------ 
0:     1    5.995470e+04    7.967580    7.967580e+00
0:     2    5.941985e+04    0.991079    7.896501e+00
0:     3    5.889456e+04    0.991160    7.826694e+00
0:     4    5.836328e+04    0.990979    7.756090e+00
0:     5    5.783265e+04    0.990908    7.685574e+00
0:     6    5.730994e+04    0.990962    7.616109e+00
0:     7    5.678836e+04    0.990899    7.546793e+00
0:     8    5.626777e+04    0.990833    7.477611e+00
0:     9    5.575314e+04    0.990854    7.409220e+00
0:    10    5.524077e+04    0.990810    7.341130e+00
0:    11    5.472986e+04    0.990751    7.273233e+00
0:    12    5.422398e+04    0.990757    7.206005e+00
0:    13    5.372072e+04    0.990719    7.139125e+00
0:    14    5.321921e+04    0.990664    7.072478e+00
0:    15    5.272221e+04    0.990661    7.006430e+00
0:    16    5.222796e+04    0.990625    6.940747e+00
0:    17    5.173566e+04    0.990574    6.875324e+00
0:    18    5.124752e+04    0.990565    6.810453e+00
0:    19    5.076217e+04    0.990529    6.745954e+00
0:    20    5.027891e+04    0.990480    6.681732e+00
0:    21    4.979956e+04    0.990466    6.618030e+00
0:    22    4.932302e+04    0.990431    6.554701e+00
0:    23    4.884866e+04    0.990383    6.491661e+00
0:    24    4.837801e+04    0.990365    6.429115e+00
0:    25    4.791017e+04    0.990329    6.366942e+00
0:    26    4.744457e+04    0.990282    6.305066e+00
0:    27    4.698252e+04    0.990261    6.243664e+00
0:    28    4.652327e+04    0.990225    6.182632e+00
0:    29    4.606630e+04    0.990178    6.121904e+00
0:    30    4.561276e+04    0.990155    6.061631e+00
0:    31    4.516199e+04    0.990117    6.001727e+00
0:    32    4.471353e+04    0.990070    5.942129e+00
0:    33    4.426838e+04    0.990045    5.882973e+00
0:    34    4.382598e+04    0.990006    5.824181e+00
0:    35    4.338591e+04    0.989959    5.765698e+00
0:    36    4.294906e+04    0.989931    5.707643e+00
0:    37    4.251492e+04    0.989892    5.649949e+00
0:    38    4.208312e+04    0.989844    5.592566e+00
0:    39    4.165446e+04    0.989814    5.535599e+00
0:    40    4.122847e+04    0.989773    5.478989e+00
0:    41    4.080483e+04    0.989725    5.422689e+00
0:    42    4.038424e+04    0.989693    5.366796e+00
0:    43    3.996630e+04    0.989651    5.311255e+00
0:    44    3.955070e+04    0.989601    5.256024e+00
0:    45    3.913808e+04    0.989567    5.201190e+00
0:    46    3.872808e+04    0.989524    5.146704e+00
0:    47    3.832042e+04    0.989474    5.092527e+00
0:    48    3.791566e+04    0.989438    5.038738e+00
0:    49    3.751349e+04    0.989393    4.985293e+00
0:    50    3.711365e+04    0.989341    4.932156e+00
0:    51    3.671665e+04    0.989303    4.879398e+00
0:    52    3.632221e+04    0.989257    4.826979e+00
0:    53    3.593007e+04    0.989204    4.774867e+00
0:    54    3.554073e+04    0.989164    4.723126e+00
0:    55    3.515390e+04    0.989116    4.671719e+00
0:    56    3.476937e+04    0.989062    4.620618e+00
0:    57    3.438758e+04    0.989019    4.569879e+00
0:    58    3.400827e+04    0.988970    4.519472e+00
0:    59    3.363123e+04    0.988913    4.469366e+00
0:    60    3.325688e+04    0.988869    4.419617e+00
0:    61    3.288497e+04    0.988817    4.370194e+00
0:    62    3.251533e+04    0.988759    4.321070e+00
0:    63    3.214831e+04    0.988712    4.272296e+00
0:    64    3.178372e+04    0.988659    4.223844e+00
0:    65    3.142135e+04    0.988599    4.175688e+00
0:    66    3.106157e+04    0.988550    4.127875e+00
0:    67    3.070417e+04    0.988494    4.080380e+00
0:    68    3.034899e+04    0.988432    4.033178e+00
0:    69    2.999634e+04    0.988380    3.986313e+00
0:    70    2.964603e+04    0.988322    3.939760e+00
0:    71    2.929793e+04    0.988258    3.893499e+00
0:    72    2.895230e+04    0.988203    3.847567e+00
0:    73    2.860899e+04    0.988142    3.801944e+00
0:    74    2.826785e+04    0.988076    3.756609e+00
0:    75    2.792915e+04    0.988018    3.711597e+00
0:    76    2.759273e+04    0.987955    3.666889e+00
0:    77    2.725846e+04    0.987885    3.622467e+00
0:    78    2.692657e+04    0.987825    3.578362e+00
0:    79    2.659694e+04    0.987758    3.534556e+00
0:    80    2.626943e+04    0.987686    3.491032e+00
0:    81    2.594427e+04    0.987622    3.447820e+00
0:    82    2.562132e+04    0.987552    3.404902e+00
0:    83    2.530046e+04    0.987477    3.362263e+00
0:    84    2.498192e+04    0.987409    3.319930e+00
0:    85    2.466555e+04    0.987336    3.277887e+00
0:    86    2.435125e+04    0.987258    3.236119e+00
0:    87    2.403922e+04    0.987186    3.194652e+00
0:    88    2.372933e+04    0.987109    3.153470e+00
0:    89    2.342149e+04    0.987027    3.112559e+00
0:    90    2.311586e+04    0.986951    3.071944e+00
0:    91    2.281235e+04    0.986870    3.031609e+00
0:    92    2.251086e+04    0.986784    2.991543e+00
0:    93    2.221154e+04    0.986704    2.951766e+00
0:    94    2.191431e+04    0.986618    2.912265e+00
0:    95    2.161906e+04    0.986527    2.873028e+00
0:    96    2.132595e+04    0.986442    2.834076e+00
0:    97    2.103488e+04    0.986352    2.795395e+00
0:    98    2.074577e+04    0.986256    2.756975e+00
0:    99    2.045877e+04    0.986165    2.718833e+00
0:   100    2.017377e+04    0.986070    2.680959e+00
0:   101    1.989070e+04    0.985968    2.643341e+00
0:   102    1.960969e+04    0.985872    2.605997e+00
0:   103    1.933066e+04    0.985771    2.568915e+00
0:   104    1.905352e+04    0.985663    2.532086e+00
0:   105    1.877841e+04    0.985561    2.495525e+00
0:   106    1.850524e+04    0.985453    2.459222e+00
0:   107    1.823393e+04    0.985339    2.423168e+00
0:   108    1.796461e+04    0.985230    2.387376e+00
0:   109    1.769719e+04    0.985114    2.351838e+00
0:   110    1.743161e+04    0.984993    2.316545e+00
0:   111    1.716797e+04    0.984876    2.281509e+00
0:   112    1.690620e+04    0.984753    2.246721e+00
0:   113    1.664624e+04    0.984623    2.212174e+00
0:   114    1.638818e+04    0.984497    2.177879e+00
0:   115    1.613195e+04    0.984365    2.143829e+00
0:   116    1.587750e+04    0.984227    2.110014e+00
0:   117    1.562491e+04    0.984091    2.076446e+00
0:   118    1.537412e+04    0.983949    2.043118e+00
0:   119    1.512507e+04    0.983801    2.010021e+00
0:   120    1.487784e+04    0.983654    1.977166e+00
0:   121    1.463237e+04    0.983501    1.944545e+00
0:   122    1.438862e+04    0.983341    1.912151e+00
0:   123    1.414664e+04    0.983183    1.879994e+00
0:   124    1.390639e+04    0.983017    1.848066e+00
0:   125    1.366781e+04    0.982844    1.816361e+00
0:   126    1.343097e+04    0.982672    1.784886e+00
0:   127    1.319582e+04    0.982492    1.753637e+00
0:   128    1.296231e+04    0.982304    1.722604e+00
0:   129    1.273050e+04    0.982116    1.691798e+00
0:   130    1.250033e+04    0.981920    1.661211e+00
0:   131    1.227177e+04    0.981716    1.630837e+00
0:   132    1.204487e+04    0.981510    1.600683e+00
0:   133    1.181958e+04    0.981296    1.570743e+00
0:   134    1.159585e+04    0.981071    1.541011e+00
0:   135    1.137374e+04    0.980845    1.511494e+00
0:   136    1.115320e+04    0.980609    1.482185e+00
0:   137    1.093418e+04    0.980363    1.453080e+00
0:   138    1.071674e+04    0.980113    1.424183e+00
0:   139    1.050082e+04    0.979852    1.395489e+00
0:   140    1.028639e+04    0.979580    1.366993e+00
0:   141    1.007349e+04    0.979303    1.338700e+00
0:   142    9.862075e+03    0.979013    1.310604e+00
0:   143    9.652106e+03    0.978710    1.282700e+00
0:   144    9.443619e+03    0.978400    1.254994e+00
0:   145    9.236574e+03    0.978076    1.227479e+00
0:   146    9.030933e+03    0.977736    1.200151e+00
0:   147    8.826726e+03    0.977388    1.173013e+00
0:   148    8.623916e+03    0.977023    1.146061e+00
0:   149    8.422465e+03    0.976641    1.119289e+00
0:   150    8.222401e+03    0.976246    1.092702e+00
0:   151    8.023685e+03    0.975832    1.066294e+00
0:   152    7.826283e+03    0.975398    1.040061e+00
0:   153    7.630217e+03    0.974948    1.014005e+00
0:   154    7.435449e+03    0.974474    9.881216e-01
0:   155    7.241948e+03    0.973976    9.624065e-01
0:   156    7.049729e+03    0.973458    9.368619e-01
0:   157    6.858757e+03    0.972911    9.114830e-01
0:   158    6.669000e+03    0.972334    8.862656e-01
0:   159    6.480470e+03    0.971730    8.612113e-01
0:   160    6.293134e+03    0.971092    8.363155e-01
0:   161    6.106958e+03    0.970416    8.115740e-01
0:   162    5.921952e+03    0.969706    7.869878e-01
0:   163    5.738081e+03    0.968951    7.625526e-01
0:   164    5.555313e+03    0.968148    7.382641e-01
0:   165    5.373654e+03    0.967300    7.141227e-01
0:   166    5.193069e+03    0.966394    6.901242e-01
0:   167    5.013527e+03    0.965427    6.662642e-01
0:   168    4.835027e+03    0.964396    6.425428e-01
0:   169    4.657537e+03    0.963291    6.189556e-01
0:   170    4.481024e+03    0.962102    5.954982e-01
0:   171    4.305484e+03    0.960826    5.721701e-01
0:   172    4.130884e+03    0.959447    5.489669e-01
0:   173    3.957190e+03    0.957952    5.258841e-01
0:   174    3.784394e+03    0.956334    5.029207e-01
0:   175    3.612462e+03    0.954568    4.800721e-01
0:   176    3.441361e+03    0.952636    4.573339e-01
0:   177    3.271076e+03    0.950518    4.347042e-01
0:   178    3.101573e+03    0.948181    4.121783e-01
0:   179    2.932816e+03    0.945590    3.897516e-01
0:   180    2.764786e+03    0.942707    3.674217e-01
0:   181    2.597448e+03    0.939475    3.451835e-01
0:   182    2.430762e+03    0.935827    3.230320e-01
0:   183    2.264705e+03    0.931685    3.009641e-01
0:   184    2.099235e+03    0.926936    2.789743e-01
0:   185    1.934312e+03    0.921436    2.570571e-01
0:   186    1.769901e+03    0.915003    2.352081e-01
0:   187    1.605957e+03    0.907371    2.134210e-01
0:   188    1.442428e+03    0.898173    1.916891e-01
0:   189    1.279265e+03    0.886883    1.700058e-01
0:   190    1.116399e+03    0.872688    1.483620e-01
0:   191    9.537454e+02    0.854305    1.267464e-01
0:   192    7.911874e+02    0.829558    1.051435e-01
0:   193    2.591496e+03    3.275451    3.443925e-01
0:   194    1.866559e+03    0.720263    2.480532e-01
0:   195    1.696377e+03    0.908826    2.254372e-01
0:   196    1.662741e+03    0.980172    2.209672e-01
0:   197    1.559791e+03    0.938084    2.072858e-01
0:   198    1.477338e+03    0.947138    1.963283e-01
0:   199    1.449461e+03    0.981131    1.926237e-01
0:   200    1.387631e+03    0.957343    1.844070e-01
0:   201    1.328629e+03    0.957480    1.765659e-01
0:   202    1.300688e+03    0.978970    1.728528e-01
0:   203    1.252402e+03    0.962876    1.664358e-01
0:   204    1.204133e+03    0.961459    1.600213e-01
0:   205    1.176412e+03    0.976978    1.563373e-01
0:   206    1.135216e+03    0.964981    1.508626e-01
0:   207    1.093509e+03    0.963261    1.453201e-01
0:   208    1.066504e+03    0.975304    1.417312e-01
0:   209    1.030051e+03    0.965820    1.368869e-01
0:   210    9.930811e+02    0.964109    1.319739e-01
0:   211    9.671463e+02    0.973884    1.285273e-01
0:   212    9.343506e+02    0.966090    1.241690e-01
0:   213    9.011570e+02    0.964474    1.197577e-01
0:   214    8.765201e+02    0.972661    1.164837e-01
0:   215    8.467852e+02    0.966076    1.125321e-01
0:   216    8.167903e+02    0.964578    1.085460e-01
0:   217    7.935880e+02    0.971593    1.054625e-01
0:   218    7.665406e+02    0.965918    1.018681e-01
0:   219    7.393580e+02    0.964539    9.825574e-02
0:   220    7.176651e+02    0.970660    9.537290e-02
0:   221    6.930449e+02    0.965694    9.210104e-02
0:   222    6.683930e+02    0.964430    8.882497e-02
0:   223    6.482420e+02    0.969852    8.614703e-02
0:   224    6.258508e+02    0.965459    8.317139e-02
0:   225    6.035102e+02    0.964304    8.020248e-02
0:   226    5.849038e+02    0.969170    7.772981e-02
0:   227    5.645797e+02    0.965252    7.502888e-02
0:   228    5.443701e+02    0.964204    7.234315e-02
0:   229    5.272898e+02    0.968624    7.007329e-02
0:   230    5.088935e+02    0.965112    6.762855e-02
0:   231    4.906597e+02    0.964170    6.520540e-02
0:   232    4.750713e+02    0.968230    6.313380e-02
0:   233    4.584781e+02    0.965072    6.092868e-02
0:   234    4.420819e+02    0.964238    5.874974e-02
0:   235    4.279392e+02    0.968009    5.687026e-02
0:   236    4.130335e+02    0.965169    5.488940e-02
0:   237    3.983481e+02    0.964445    5.293781e-02
0:   238    3.855951e+02    0.967985    5.124301e-02
0:   239    3.722669e+02    0.965435    4.947178e-02
0:   240    3.591723e+02    0.964825    4.773160e-02
0:   241    3.477441e+02    0.968182    4.621287e-02
0:   242    3.358854e+02    0.965898    4.463692e-02
0:   243    3.242648e+02    0.965403    4.309262e-02
0:   244    3.140876e+02    0.968614    4.174014e-02
0:   245    3.035893e+02    0.966575    4.034499e-02
0:   246    2.933254e+02    0.966191    3.898098e-02
0:   247    2.843147e+02    0.969281    3.778353e-02
0:   248    2.750631e+02    0.967460    3.655405e-02
0:   249    2.660334e+02    0.967172    3.535406e-02
0:   250    2.580915e+02    0.970147    3.429864e-02
0:   251    2.499628e+02    0.968505    3.321839e-02
0:   252    2.420343e+02    0.968281    3.216474e-02
0:   253    2.350451e+02    0.971123    3.123592e-02
0:   254    2.278996e+02    0.969600    3.028634e-02
0:   255    2.209213e+02    0.969380    2.935896e-02
0:   256    2.147435e+02    0.972036    2.853798e-02
0:   257    2.084168e+02    0.970538    2.769721e-02
0:   258    2.022107e+02    0.970222    2.687245e-02
0:   259    1.966687e+02    0.972593    2.613595e-02
0:   260    1.909612e+02    0.970980    2.537747e-02
0:   261    1.853110e+02    0.970411    2.462659e-02
0:   262    1.801836e+02    0.972331    2.394520e-02
0:   263    1.748494e+02    0.970396    2.323632e-02
0:   264    1.694894e+02    0.969345    2.252402e-02
0:   265    1.645005e+02    0.970565    2.186102e-02
0:   266    1.592393e+02    0.968017    2.116184e-02
0:   267    1.538514e+02    0.966165    2.044583e-02
0:   268    1.486772e+02    0.966369    1.975820e-02
0:   269    1.431666e+02    0.962936    1.902589e-02
0:   270    1.374690e+02    0.960203    1.826872e-02
0:   271    1.319438e+02    0.959808    1.753446e-02
0:   272    1.262476e+02    0.956829    1.677747e-02
0:   273    1.206833e+02    0.955925    1.603801e-02
0:   274    1.157330e+02    0.958981    1.538014e-02
0:   275    1.111684e+02    0.960560    1.477354e-02
0:   276    1.070631e+02    0.963071    1.422797e-02
0:   277    1.034037e+02    0.965820    1.374166e-02
0:   278    9.956857e+01    0.962911    1.323200e-02
0:   279    9.555750e+01    0.959715    1.269895e-02
0:   280    9.178053e+01    0.960474    1.219702e-02
0:   281    8.820084e+01    0.960997    1.172130e-02
0:   282    8.483444e+01    0.961833    1.127393e-02
0:   283    8.160674e+01    0.961953    1.084499e-02
0:   284    7.825749e+01    0.958959    1.039990e-02
0:   285    7.506044e+01    0.959147    9.975031e-03
0:   286    7.219905e+01    0.961879    9.594771e-03
0:   287    6.928354e+01    0.959618    9.207320e-03
0:   288    6.635605e+01    0.957746    8.818276e-03
0:   289    6.370870e+01    0.960104    8.466461e-03
0:   290    6.112395e+01    0.959429    8.122964e-03
0:   291    5.851672e+01    0.957345    7.776482e-03
0:   292    5.609583e+01    0.958629    7.454761e-03
0:   293    5.376788e+01    0.958500    7.145392e-03
0:   294    5.144608e+01    0.956818    6.836841e-03
0:   295    4.926177e+01    0.957542    6.546561e-03
0:   296    4.716466e+01    0.957429    6.267869e-03
0:   297    4.508788e+01    0.955967    5.991878e-03
0:   298    4.313036e+01    0.956584    5.731736e-03
0:   299    4.124869e+01    0.956373    5.481676e-03
0:   300    3.938706e+01    0.954868    5.234278e-03
0:   301    3.764098e+01    0.955669    5.002236e-03
0:   302    3.595717e+01    0.955266    4.778467e-03
0:   303    3.428936e+01    0.953617    4.556827e-03
0:   304    3.273938e+01    0.954797    4.350845e-03
0:   305    3.123254e+01    0.953975    4.150596e-03
0:   306    2.974480e+01    0.952366    3.952886e-03
0:   307    2.837344e+01    0.953896    3.770641e-03
0:   308    2.702357e+01    0.952425    3.591252e-03
0:   309    2.570766e+01    0.951305    3.416376e-03
0:   310    2.449212e+01    0.952717    3.254839e-03
0:   311    2.328723e+01    0.950805    3.094717e-03
0:   312    2.213249e+01    0.950413    2.941260e-03
0:   313    2.104920e+01    0.951054    2.797298e-03
0:   314    1.998658e+01    0.949517    2.656082e-03
0:   315    1.897195e+01    0.949235    2.521246e-03
0:   316    1.800894e+01    0.949240    2.393267e-03
0:   317    1.708226e+01    0.948544    2.270119e-03
0:   318    1.618437e+01    0.947437    2.150795e-03
0:   319    1.534161e+01    0.947928    2.038798e-03
0:   320    1.453062e+01    0.947138    1.931023e-03
0:   321    1.374135e+01    0.945682    1.826134e-03
0:   322    1.301054e+01    0.946817    1.729014e-03
0:   323    1.229750e+01    0.945195    1.634256e-03
0:   324    1.161589e+01    0.944573    1.543674e-03
0:   325    1.097726e+01    0.945021    1.458805e-03
0:   326    1.036046e+01    0.943811    1.376835e-03
0:   327    9.771476e+00    0.943151    1.298564e-03
0:   328    9.217491e+00    0.943306    1.224943e-03
0:   329    8.689334e+00    0.942701    1.154755e-03
0:   330    8.179336e+00    0.941308    1.086979e-03
0:   331    7.707396e+00    0.942301    1.024262e-03
0:   332    7.252139e+00    0.940932    9.637609e-04
0:   333    6.819012e+00    0.940276    9.062012e-04
0:   334    6.414852e+00    0.940730    8.524910e-04
0:   335    6.028619e+00    0.939791    8.011633e-04
0:   336    5.661008e+00    0.939022    7.523102e-04
0:   337    5.318429e+00    0.939484    7.067837e-04
0:   338    4.993535e+00    0.938912    6.636075e-04
0:   339    4.683202e+00    0.937853    6.223662e-04
0:   340    4.397539e+00    0.939003    5.844036e-04
0:   341    4.124933e+00    0.938009    5.481760e-04
0:   342    3.868496e+00    0.937832    5.140973e-04
0:   343    3.630541e+00    0.938489    4.824746e-04
0:   344    3.407295e+00    0.938509    4.528067e-04
0:   345    3.195742e+00    0.937912    4.246927e-04
0:   346    3.002702e+00    0.939595    3.990390e-04
0:   347    2.820714e+00    0.939392    3.748541e-04
0:   348    2.650827e+00    0.939771    3.522772e-04
0:   349    2.495420e+00    0.941374    3.316246e-04
0:   350    2.351003e+00    0.942127    3.124326e-04
0:   351    2.215914e+00    0.942540    2.944802e-04
0:   352    2.093987e+00    0.944976    2.782769e-04
0:   353    1.980641e+00    0.945871    2.632139e-04
0:   354    1.875517e+00    0.946924    2.492436e-04
0:   355    1.780801e+00    0.949499    2.366566e-04
0:   356    1.693431e+00    0.950938    2.250457e-04
0:   357    1.612226e+00    0.952047    2.142541e-04
0:   358    1.539687e+00    0.955007    2.046142e-04
0:   359    1.472602e+00    0.956429    1.956989e-04
0:   360    1.410110e+00    0.957564    1.873942e-04
0:   361    1.353862e+00    0.960111    1.799192e-04
0:   362    1.301221e+00    0.961118    1.729235e-04
0:   363    1.250738e+00    0.961204    1.662147e-04
0:   364    1.204247e+00    0.962829    1.600364e-04
0:   365    1.158920e+00    0.962361    1.540127e-04
0:   366    1.113681e+00    0.960964    1.480007e-04
0:   367    1.069731e+00    0.960537    1.421601e-04
0:   368    1.025053e+00    0.958234    1.362228e-04
0:   369    9.781416e-01    0.954235    1.299885e-04
0:   370    9.310404e-01    0.951846    1.237291e-04
0:   371    8.817732e-01    0.947084    1.171818e-04
0:   372    8.299883e-01    0.941272    1.102999e-04
0:   373    7.775775e-01    0.936854    1.033349e-04
0:   374    7.242781e-01    0.931455    9.625172e-05
0:   375    6.698164e-01    0.924806    8.901412e-05
0:   376    6.174305e-01    0.921791    8.205239e-05
0:   377    5.672190e-01    0.918677    7.537962e-05
0:   378    5.202605e-01    0.917213    6.913914e-05
0:   379    4.798716e-01    0.922368    6.377173e-05
0:   380    4.479487e-01    0.933476    5.952939e-05
0:   381    4.263595e-01    0.951804    5.666033e-05
0:   382    4.214493e-01    0.988483    5.600780e-05
0:   383    4.405257e-01    1.045264    5.854292e-05
0:   384    4.966851e-01    1.127483    6.600614e-05
0:   385    4.642360e-01    0.934669    6.169387e-05
0:   386    4.002994e-01    0.862276    5.319711e-05
0:   387    3.865989e-01    0.965774    5.137641e-05
0:   388    3.724201e-01    0.963324    4.949215e-05
0:   389    3.587263e-01    0.963230    4.767234e-05
0:   390    3.455768e-01    0.963344    4.592484e-05
0:   391    3.324720e-01    0.962079    4.418331e-05
0:   392    3.194937e-01    0.960964    4.245857e-05
0:   393    3.071403e-01    0.961335    4.081690e-05
0:   394    2.946799e-01    0.959431    3.916099e-05
0:   395    2.823638e-01    0.958205    3.752427e-05
0:   396    2.703812e-01    0.957563    3.593186e-05
0:   397    2.584733e-01    0.955959    3.434938e-05
0:   398    2.465774e-01    0.953976    3.276849e-05
0:   399    2.350680e-01    0.953324    3.123897e-05
0:   400    2.236749e-01    0.951533    2.972490e-05
0:   401    2.124097e-01    0.949636    2.822783e-05
0:   402    2.015748e-01    0.948991    2.678795e-05
0:   403    1.909721e-01    0.947401    2.537892e-05
0:   404    1.806667e-01    0.946037    2.400939e-05
0:   405    1.708159e-01    0.945475    2.270029e-05
0:   406    1.613864e-01    0.944798    2.144718e-05
0:   407    1.523096e-01    0.943758    2.024093e-05
0:   408    1.438009e-01    0.944135    1.911017e-05
0:   409    1.357605e-01    0.944087    1.804167e-05
0:   410    1.281698e-01    0.944087    1.703291e-05
0:   411    1.211536e-01    0.945258    1.610050e-05
0:   412    1.146182e-01    0.946057    1.523200e-05
0:   413    1.085454e-01    0.947017    1.442495e-05
0:   414    1.029557e-01    0.948504    1.368213e-05
0:   415    9.781426e-02    0.950061    1.299886e-05
0:   416    9.300307e-02    0.950813    1.235949e-05
0:   417    8.857444e-02    0.952382    1.177095e-05
0:   418    8.441108e-02    0.952996    1.121767e-05
0:   419    8.043070e-02    0.952845    1.068870e-05
0:   420    7.661148e-02    0.952515    1.018115e-05
0:   421    7.285392e-02    0.950953    9.681799e-06
0:   422    6.907975e-02    0.948195    9.180237e-06
0:   423    6.526630e-02    0.944796    8.673456e-06
0:   424    6.139317e-02    0.940656    8.158742e-06
0:   425    5.743576e-02    0.935540    7.632828e-06
0:   426    5.348975e-02    0.931297    7.108430e-06
0:   427    4.964178e-02    0.928062    6.597061e-06
0:   428    4.599688e-02    0.926576    6.112678e-06
0:   429    4.272875e-02    0.928949    5.678366e-06
0:   430    3.991270e-02    0.934095    5.304132e-06
0:   431    3.756046e-02    0.941065    4.991534e-06
0:   432    3.555305e-02    0.946555    4.724763e-06
0:   433    3.368264e-02    0.947391    4.476198e-06
0:   434    3.172620e-02    0.941915    4.216200e-06
0:   435    2.967651e-02    0.935395    3.943810e-06
0:   436    2.770440e-02    0.933547    3.681730e-06
0:   437    2.598750e-02    0.938028    3.453566e-06
0:   438    2.454164e-02    0.944363    3.261420e-06
0:   439    2.316935e-02    0.944083    3.079052e-06
0:   440    2.175360e-02    0.938896    2.890908e-06
0:   441    2.039176e-02    0.937397    2.709929e-06
0:   442    1.921330e-02    0.942209    2.553319e-06
0:   443    1.813874e-02    0.944072    2.410518e-06
0:   444    1.704702e-02    0.939813    2.265435e-06
0:   445    1.598520e-02    0.937712    2.124326e-06
0:   446    1.503560e-02    0.940595    1.998130e-06
0:   447    1.414357e-02    0.940672    1.879586e-06
0:   448    1.323407e-02    0.935695    1.758719e-06
0:   449    1.237589e-02    0.935154    1.644673e-06
0:   450    1.159504e-02    0.936905    1.540904e-06
0:   451    1.082062e-02    0.933211    1.437988e-06
0:   452    1.006730e-02    0.930381    1.337878e-06
0:   453    9.385073e-03    0.932233    1.247214e-06
0:   454    8.734730e-03    0.930705    1.160787e-06
0:   455    8.105595e-03    0.927973    1.077180e-06
0:   456    7.545923e-03    0.930952    1.002803e-06
0:   457    7.028491e-03    0.931429    9.340395e-07
0:   458    6.541680e-03    0.930737    8.693456e-07
0:   459    6.119216e-03    0.935420    8.132029e-07
0:   460    5.733112e-03    0.936903    7.618924e-07
0:   461    5.374468e-03    0.937443    7.142309e-07
0:   462    5.055081e-03    0.940573    6.717866e-07
0:   463    4.743979e-03    0.938457    6.304431e-07
0:   464    4.437478e-03    0.935392    5.897112e-07
0:   465    4.141269e-03    0.933248    5.503470e-07
0:   466    3.845264e-03    0.928523    5.110099e-07
0:   467    3.571285e-03    0.928749    4.746000e-07
0:   468    3.328991e-03    0.932155    4.424007e-07
0:   469    3.111716e-03    0.934732    4.135263e-07
0:   470    2.918251e-03    0.937827    3.878161e-07
0:   471    2.726769e-03    0.934384    3.623693e-07
0:   472    2.537915e-03    0.930741    3.372720e-07
0:   473    2.365410e-03    0.932029    3.143471e-07
0:   474    2.207493e-03    0.933239    2.933611e-07
0:   475    2.065347e-03    0.935608    2.744709e-07
0:   476    1.925246e-03    0.932166    2.558524e-07
0:   477    1.790614e-03    0.930070    2.379607e-07
0:   478    1.672747e-03    0.934175    2.222969e-07
0:   479    1.561743e-03    0.933640    2.075453e-07
0:   480    1.456315e-03    0.932493    1.935345e-07
0:   481    1.357701e-03    0.932285    1.804294e-07
0:   482    1.269577e-03    0.935093    1.687184e-07
0:   483    1.187152e-03    0.935076    1.577645e-07
0:   484    1.107499e-03    0.932904    1.471792e-07
0:   485    1.037964e-03    0.937215    1.379385e-07
0:   486    9.726651e-04    0.937089    1.292607e-07
0:   487    9.112123e-04    0.936820    1.210940e-07
0:   488    8.557015e-04    0.939080    1.137170e-07
0:   489    8.050461e-04    0.940802    1.069852e-07
0:   490    7.575770e-04    0.941036    1.006769e-07
0:   491    7.137083e-04    0.942093    9.484707e-08
0:   492    6.737308e-04    0.943986    8.953433e-08
0:   493    6.348813e-04    0.942337    8.437148e-08
0:   494    6.005331e-04    0.945898    7.980684e-08
0:   495    5.682000e-04    0.946159    7.550998e-08
0:   496    5.380158e-04    0.946878    7.149871e-08
0:   497    5.108458e-04    0.949500    6.788800e-08
0:   498    4.847703e-04    0.948956    6.442273e-08
0:   499    4.605704e-04    0.950080    6.120673e-08
0:   500    4.380117e-04    0.951020    5.820883e-08
0:   501    4.164207e-04    0.950707    5.533954e-08
0:   502    3.959949e-04    0.950949    5.262508e-08
0:   503    3.769832e-04    0.951990    5.009855e-08
0:   504    3.581681e-04    0.950090    4.759815e-08
0:   505    3.409141e-04    0.951827    4.530520e-08
0:   506    3.238217e-04    0.949863    4.303374e-08
0:   507    3.077125e-04    0.950253    4.089293e-08
0:   508    2.920259e-04    0.949022    3.880829e-08
0:   509    2.768013e-04    0.947866    3.678504e-08
0:   510    2.621470e-04    0.947059    3.483759e-08
0:   511    2.474868e-04    0.944077    3.288935e-08
0:   512    2.335495e-04    0.943685    3.103717e-08
0:   513    2.195554e-04    0.940081    2.917744e-08
0:   514    2.060634e-04    0.938549    2.738445e-08
0:   515    1.929442e-04    0.936334    2.564100e-08
0:   516    1.802037e-04    0.933968    2.394787e-08
0:   517    1.679243e-04    0.931858    2.231602e-08
0:   518    1.561699e-04    0.930002    2.075394e-08
0:   519    1.448407e-04    0.927456    1.924836e-08
0:   520    1.340529e-04    0.925519    1.781473e-08
0:   521    1.238436e-04    0.923841    1.645799e-08
0:   522    1.142362e-04    0.922423    1.518123e-08
0:   523    1.051562e-04    0.920515    1.397455e-08
0:   524    9.684185e-05    0.920933    1.286963e-08
0:   525    8.897608e-05    0.918777    1.182433e-08
0:   526    8.183379e-05    0.919728    1.087516e-08
0:   527    7.521955e-05    0.919175    9.996176e-09
0: 
0: 
0: =============================================
0: Solve phase times:
0: =============================================
0: PCG Solve:
0:   wall clock time = 0.311241 seconds
0:   wall MFLOPS     = 0.000000
0:   cpu clock time  = 0.311239 seconds
0:   cpu MFLOPS      = 0.000000
0: 
0: 
0: Iterations = 527
0: Final Relative Residual Norm = 9.996176e-09
0: 
0: 125pt 3D Laplacian
0: =============================================
0: Hypre init times:
0: =============================================
0: Hypre init:
0:   wall clock time = 0.000004 seconds
0:   wall MFLOPS     = 0.000000
0:   cpu clock time  = 0.000003 seconds
0:   cpu MFLOPS      = 0.000000
0: 
0: 
0: Using HYPRE_DEVELOP_STRING: v3.1.0-1-g5f6c9306d (branch v3.1.0_thrusthipbugfix; not the develop branch)
0: 
0: Running with these driver parameters:
0:   solver ID    = 2
0: 
0:   Laplacian_125pt:
0:     (nx, ny, nz) = (384, 384, 384)
0:     (Px, Py, Pz) = (16, 16, 16)
0: 
0: =============================================
0: Generate Matrix:
0: =============================================
0: Spatial Operator:
0:   wall clock time = 0.162904 seconds
0:   wall MFLOPS     = 0.000000
0:   cpu clock time  = 0.162599 seconds
0:   cpu MFLOPS      = 0.000000
0: 
0:   Number of vector components: 1
0:   RHS vector has unit coefficients
0:   Initial guess is 0
0: =============================================
0: IJ Vector Setup:
0: =============================================
0: RHS and Initial Guess:
0:   wall clock time = 0.000587 seconds
0:   wall MFLOPS     = 0.000000
0:   cpu clock time  = 0.000587 seconds
0:   cpu MFLOPS      = 0.000000
0: 
0: Solver: DS-PCG
0: HYPRE_ParCSRPCGGetPrecond got good precond
0: =============================================
0: Setup phase times:
0: =============================================
0: PCG Setup:
0:   wall clock time = 0.000340 seconds
0:   wall MFLOPS     = 0.000000
0:   cpu clock time  = 0.000336 seconds
0:   cpu MFLOPS      = 0.000000
0: 
0: <b,b>: 5.662310e+07
0: 
0: 
0: Iters       ||r||_2     conv.rate  ||r||_2/||b||_2
0: -----    ------------   ---------  ------------ 
0:     1    1.319433e+05    17.534383    1.753438e+01
0:     2    1.525709e+05    1.156337    2.027565e+01
0:     3    1.664070e+05    1.090686    2.211437e+01
0:     4    1.772159e+05    1.064955    2.355081e+01
0:     5    1.862221e+05    1.050820    2.474767e+01
0:     6    1.939612e+05    1.041559    2.577615e+01
0:     7    2.008209e+05    1.035366    2.668776e+01
0:     8    2.069600e+05    1.030570    2.750360e+01
0:     9    2.125637e+05    1.027076    2.824829e+01
0:    10    2.177028e+05    1.024177    2.893126e+01
0:    11    2.224690e+05    1.021893    2.956464e+01
0:    12    2.269168e+05    1.019993    3.015573e+01
0:    13    2.310802e+05    1.018348    3.070902e+01
0:    14    2.350163e+05    1.017033    3.123209e+01
0:    15    2.387248e+05    1.015780    3.172493e+01
0:    16    2.422627e+05    1.014820    3.219510e+01
0:    17    2.456161e+05    1.013842    3.264074e+01
0:    18    2.488327e+05    1.013096    3.306821e+01
0:    19    2.519015e+05    1.012333    3.347603e+01
0:    20    2.548521e+05    1.011713    3.386814e+01
0:    21    2.576871e+05    1.011124    3.424490e+01
0:    22    2.604139e+05    1.010582    3.460726e+01
0:    23    2.630522e+05    1.010131    3.495788e+01
0:    24    2.655890e+05    1.009644    3.529501e+01
0:    25    2.680576e+05    1.009295    3.562307e+01
0:    26    2.704327e+05    1.008860    3.593870e+01
0:    27    2.727517e+05    1.008575    3.624688e+01
0:    28    2.749885e+05    1.008201    3.654413e+01
0:    29    2.771737e+05    1.007947    3.683453e+01
0:    30    2.792911e+05    1.007639    3.711592e+01
0:    31    2.813559e+05    1.007393    3.739032e+01
0:    32    2.833687e+05    1.007154    3.765781e+01
0:    33    2.853255e+05    1.006905    3.791785e+01
0:    34    2.872448e+05    1.006727    3.817291e+01
0:    35    2.891053e+05    1.006477    3.842017e+01
0:    36    2.909388e+05    1.006342    3.866382e+01
0:    37    2.927146e+05    1.006104    3.889981e+01
0:    38    2.944678e+05    1.005990    3.913281e+01
0:    39    2.961693e+05    1.005778    3.935892e+01
0:    40    2.978469e+05    1.005664    3.958186e+01
0:    41    2.994828e+05    1.005492    3.979926e+01
0:    42    3.010893e+05    1.005364    4.001276e+01
0:    43    3.026664e+05    1.005238    4.022235e+01
0:    44    3.042071e+05    1.005090    4.042709e+01
0:    45    3.057299e+05    1.005006    4.062946e+01
0:    46    3.072107e+05    1.004844    4.082625e+01
0:    47    3.086817e+05    1.004788    4.102174e+01
0:    48    3.101094e+05    1.004625    4.121147e+01
0:    49    3.115298e+05    1.004580    4.140023e+01
0:    50    3.129108e+05    1.004433    4.158376e+01
0:    51    3.142815e+05    1.004381    4.176591e+01
0:    52    3.156215e+05    1.004264    4.194399e+01
0:    53    3.169439e+05    1.004190    4.211973e+01
0:    54    3.182469e+05    1.004111    4.229289e+01
0:    55    3.195235e+05    1.004012    4.246255e+01
0:    56    3.207917e+05    1.003969    4.263108e+01
0:    57    3.220264e+05    1.003849    4.279516e+01
0:    58    3.232604e+05    1.003832    4.295914e+01
0:    59    3.244579e+05    1.003704    4.311828e+01
0:    60    3.256569e+05    1.003696    4.327763e+01
0:    61    3.268222e+05    1.003578    4.343249e+01
0:    62    3.279856e+05    1.003560    4.358710e+01
0:    63    3.291232e+05    1.003468    4.373827e+01
0:    64    3.302508e+05    1.003426    4.388812e+01
0:    65    3.313635e+05    1.003370    4.403600e+01
0:    66    3.324565e+05    1.003298    4.418125e+01
0:    67    3.335459e+05    1.003277    4.432602e+01
0:    68    3.346068e+05    1.003181    4.446701e+01
0:    69    3.356724e+05    1.003185    4.460862e+01
0:    70    3.367052e+05    1.003077    4.474588e+01
0:    71    3.377455e+05    1.003090    4.488413e+01
0:    72    3.387545e+05    1.002987    4.501822e+01
0:    73    3.397679e+05    1.002991    4.515288e+01
0:    74    3.407570e+05    1.002911    4.528433e+01
0:    75    3.417422e+05    1.002891    4.541526e+01
0:    76    3.427142e+05    1.002844    4.554443e+01
0:    77    3.436716e+05    1.002793    4.567165e+01
0:    78    3.446275e+05    1.002781    4.579869e+01
0:    79    3.455588e+05    1.002702    4.592246e+01
0:    80    3.464979e+05    1.002718    4.604726e+01
0:    81    3.474066e+05    1.002622    4.616801e+01
0:    82    3.483270e+05    1.002649    4.629033e+01
0:    83    3.492169e+05    1.002555    4.640859e+01
0:    84    3.501162e+05    1.002575    4.652810e+01
0:    85    3.509912e+05    1.002499    4.664439e+01
0:    86    3.518676e+05    1.002497    4.676086e+01
0:    87    3.527305e+05    1.002452    4.687553e+01
0:    88    3.535835e+05    1.002418    4.698889e+01
0:    89    3.544354e+05    1.002409    4.710210e+01
0:    90    3.552662e+05    1.002344    4.721250e+01
0:    91    3.561063e+05    1.002365    4.732416e+01
0:    92    3.569177e+05    1.002278    4.743198e+01
0:    93    3.577440e+05    1.002315    4.754179e+01
0:    94    3.585398e+05    1.002224    4.764755e+01
0:    95    3.593494e+05    1.002258    4.775514e+01
0:    96    3.601335e+05    1.002182    4.785934e+01
0:    97    3.609241e+05    1.002195    4.796440e+01
0:    98    3.616994e+05    1.002148    4.806744e+01
0:    99    3.624697e+05    1.002130    4.816980e+01
0:   100    3.632377e+05    1.002119    4.827187e+01
0:   101    3.639883e+05    1.002066    4.837161e+01
0:   102    3.647484e+05    1.002088    4.847263e+01
0:   103    3.654816e+05    1.002010    4.857007e+01
0:   104    3.662318e+05    1.002052    4.866976e+01
0:   105    3.669512e+05    1.001964    4.876537e+01
0:   106    3.676883e+05    1.002009    4.886332e+01
0:   107    3.683980e+05    1.001930    4.895763e+01
0:   108    3.691190e+05    1.001957    4.905345e+01
0:   109    3.698222e+05    1.001905    4.914691e+01
0:   110    3.705254e+05    1.001901    4.924036e+01
0:   111    3.712240e+05    1.001885    4.933319e+01
0:   112    3.719092e+05    1.001846    4.942425e+01
0:   113    3.726029e+05    1.001865    4.951644e+01
0:   114    3.732720e+05    1.001796    4.960536e+01
0:   115    3.739589e+05    1.001840    4.969665e+01
0:   116    3.746152e+05    1.001755    4.978386e+01
0:   117    3.752922e+05    1.001807    4.987383e+01
0:   118    3.759398e+05    1.001726    4.995988e+01
0:   119    3.766034e+05    1.001765    5.004808e+01
0:   120    3.772459e+05    1.001706    5.013346e+01
0:   121    3.778937e+05    1.001717    5.021955e+01
0:   122    3.785334e+05    1.001693    5.030456e+01
0:   123    3.791646e+05    1.001667    5.038844e+01
0:   124    3.798019e+05    1.001681    5.047314e+01
0:   125    3.804177e+05    1.001621    5.055497e+01
0:   126    3.810509e+05    1.001665    5.063913e+01
0:   127    3.816543e+05    1.001583    5.071931e+01
0:   128    3.822804e+05    1.001640    5.080251e+01
0:   129    3.828753e+05    1.001556    5.088158e+01
0:   130    3.834902e+05    1.001606    5.096328e+01
0:   131    3.840762e+05    1.001528    5.104117e+01
0:   132    3.846415e+05    1.001472    5.111629e+01
0:   133    3.850173e+05    1.000977    5.116623e+01
0:   134    3.847071e+05    0.999194    5.112501e+01
0:   135    3.827472e+05    0.994905    5.086455e+01
0:   136    3.786578e+05    0.989316    5.032109e+01
0:   137    3.751636e+05    0.990772    4.985674e+01
0:   138    3.850868e+05    1.026450    5.117547e+01
0:   139    4.119019e+05    1.069634    5.473901e+01
0:   140    3.810267e+05    0.925042    5.063590e+01
0:   141    3.633551e+05    0.953621    4.828747e+01
0:   142    4.050521e+05    1.114755    5.382872e+01
0:   143    3.934849e+05    0.971443    5.229151e+01
0:   144    3.624824e+05    0.921210    4.817149e+01
0:   145    4.286332e+05    1.182494    5.696249e+01
0:   146    3.622607e+05    0.845153    4.814202e+01
0:   147    4.103119e+05    1.132643    5.452772e+01
0:   148    3.784640e+05    0.922381    5.029534e+01
0:   149    3.930492e+05    1.038538    5.223362e+01
0:   150    3.902752e+05    0.992942    5.186497e+01
0:   151    3.897703e+05    0.998706    5.179787e+01
0:   152    3.891217e+05    0.998336    5.171167e+01
0:   153    4.018198e+05    1.032633    5.339917e+01
0:   154    3.754630e+05    0.934406    4.989653e+01
0:   155    4.271509e+05    1.137664    5.676550e+01
0:   156    3.623725e+05    0.848348    4.815689e+01
0:   157    4.354182e+05    1.201576    5.786418e+01
0:   158    3.770534e+05    0.865957    5.010788e+01
0:   159    3.944400e+05    1.046112    5.241844e+01
0:   160    4.283193e+05    1.085892    5.692077e+01
0:   161    3.620418e+05    0.845262    4.811294e+01
0:   162    4.299281e+05    1.187510    5.713457e+01
0:   163    4.040504e+05    0.939809    5.369561e+01
0:   164    3.678857e+05    0.910495    4.888956e+01
0:   165    4.434219e+05    1.205325    5.892781e+01
0:   166    3.934949e+05    0.887405    5.229285e+01
0:   167    3.736281e+05    0.949512    4.965268e+01
0:   168    4.428901e+05    1.185377    5.885713e+01
0:   169    4.013576e+05    0.906224    5.333774e+01
0:   170    3.694476e+05    0.920495    4.909712e+01
0:   171    4.347764e+05    1.176828    5.777888e+01
0:   172    4.250430e+05    0.977613    5.648538e+01
0:   173    3.650849e+05    0.858936    4.851734e+01
0:   174    4.130019e+05    1.131249    5.488519e+01
0:   175    4.466539e+05    1.081481    5.935732e+01
0:   176    3.873987e+05    0.867335    5.148271e+01
0:   177    3.756296e+05    0.969620    4.991867e+01
0:   178    4.420730e+05    1.176885    5.874854e+01
0:   179    4.345400e+05    0.982960    5.774746e+01
0:   180    3.731977e+05    0.858834    4.959548e+01
0:   181    3.913245e+05    1.048572    5.200441e+01
0:   182    4.484777e+05    1.146051    5.959969e+01
0:   183    4.325138e+05    0.964404    5.747820e+01
0:   184    3.721915e+05    0.860531    4.946177e+01
0:   185    3.923609e+05    1.054191    5.214214e+01
0:   186    4.472564e+05    1.139911    5.943739e+01
0:   187    4.424956e+05    0.989355    5.880471e+01
0:   188    3.831504e+05    0.865885    5.091813e+01
0:   189    3.791034e+05    0.989438    5.038032e+01
0:   190    4.342746e+05    1.145531    5.771219e+01
0:   191    4.571775e+05    1.052738    6.075583e+01
0:   192    4.129504e+05    0.903261    5.487835e+01
0:   193    3.712066e+05    0.898913    4.933088e+01
0:   194    4.015945e+05    1.081863    5.336923e+01
0:   195    4.506017e+05    1.122031    5.988195e+01
0:   196    4.555025e+05    1.010876    6.053325e+01
0:   197    3.994704e+05    0.876988    5.308695e+01
0:   198    3.754358e+05    0.939834    4.989291e+01
0:   199    4.047423e+05    1.078060    5.378754e+01
0:   200    4.556881e+05    1.125872    6.055791e+01
0:   201    4.595791e+05    1.008539    6.107500e+01
0:   202    4.073458e+05    0.886345    5.413354e+01
0:   203    3.788695e+05    0.930093    5.034923e+01
0:   204    3.922436e+05    1.035300    5.212656e+01
0:   205    4.468899e+05    1.139317    5.938869e+01
0:   206    4.665350e+05    1.043959    6.199938e+01
0:   207    4.378087e+05    0.938426    5.818186e+01
0:   208    3.896971e+05    0.890108    5.178814e+01
0:   209    3.796863e+05    0.974311    5.045778e+01
0:   210    4.121589e+05    1.085525    5.477317e+01
0:   211    4.575776e+05    1.110197    6.080900e+01
0:   212    4.711022e+05    1.029557    6.260634e+01
0:   213    4.306343e+05    0.914099    5.722842e+01
0:   214    3.925188e+05    0.911490    5.216313e+01
0:   215    3.791507e+05    0.965943    5.038660e+01
0:   216    4.116789e+05    1.085792    5.470938e+01
0:   217    4.536083e+05    1.101850    6.028152e+01
0:   218    4.759142e+05    1.049174    6.324582e+01
0:   219    4.491984e+05    0.943864    5.969546e+01
0:   220    4.057561e+05    0.903289    5.392227e+01
0:   221    3.826101e+05    0.942956    5.084633e+01
0:   222    3.916775e+05    1.023699    5.205132e+01
0:   223    4.325567e+05    1.104370    5.748390e+01
0:   224    4.679918e+05    1.081920    6.219298e+01
0:   225    4.771844e+05    1.019643    6.341461e+01
0:   226    4.427654e+05    0.927871    5.884057e+01
0:   227    4.050034e+05    0.914713    5.382224e+01
0:   228    3.828931e+05    0.945407    5.088393e+01
0:   229    3.940556e+05    1.029153    5.236736e+01
0:   230    4.288768e+05    1.088366    5.699486e+01
0:   231    4.669120e+05    1.088686    6.204949e+01
0:   232    4.824549e+05    1.033289    6.411503e+01
0:   233    4.594185e+05    0.952252    6.105365e+01
0:   234    4.230986e+05    0.920944    5.622698e+01
0:   235    3.910094e+05    0.924157    5.196254e+01
0:   236    3.869595e+05    0.989643    5.142434e+01
0:   237    4.057752e+05    1.048624    5.392482e+01
0:   238    4.439445e+05    1.094065    5.899726e+01
0:   239    4.762493e+05    1.072768    6.329035e+01
0:   240    4.841443e+05    1.016577    6.433954e+01
0:   241    4.625793e+05    0.955458    6.147370e+01
0:   242    4.252554e+05    0.919313    5.651360e+01
0:   243    3.970563e+05    0.933689    5.276614e+01
0:   244    3.864640e+05    0.973323    5.135848e+01
0:   245    4.016385e+05    1.039265    5.337508e+01
0:   246    4.320319e+05    1.075674    5.741416e+01
0:   247    4.681838e+05    1.083679    6.221851e+01
0:   248    4.878878e+05    1.042086    6.483703e+01
0:   249    4.819092e+05    0.987746    6.404251e+01
0:   250    4.540265e+05    0.942141    6.033709e+01
0:   251    4.194569e+05    0.923860    5.574303e+01
0:   252    3.958241e+05    0.943658    5.260238e+01
0:   253    3.891382e+05    0.983109    5.171387e+01
0:   254    4.038682e+05    1.037853    5.367138e+01
0:   255    4.323741e+05    1.070582    5.745963e+01
0:   256    4.663868e+05    1.078665    6.197969e+01
0:   257    4.893144e+05    1.049160    6.502662e+01
0:   258    4.908872e+05    1.003214    6.523564e+01
0:   259    4.710588e+05    0.959607    6.260056e+01
0:   260    4.391283e+05    0.932216    5.835722e+01
0:   261    4.106587e+05    0.935168    5.457380e+01
0:   262    3.933042e+05    0.957740    5.226750e+01
0:   263    3.938695e+05    1.001437    5.234263e+01
0:   264    4.100849e+05    1.041169    5.449754e+01
0:   265    4.387300e+05    1.069852    5.830428e+01
0:   266    4.700169e+05    1.071313    6.246211e+01
0:   267    4.922715e+05    1.047349    6.541960e+01
0:   268    4.975091e+05    1.010640    6.611564e+01
0:   269    4.818256e+05    0.968476    6.403140e+01
0:   270    4.548107e+05    0.943932    6.044131e+01
0:   271    4.237542e+05    0.931716    5.631411e+01
0:   272    4.010144e+05    0.946337    5.329213e+01
0:   273    3.908276e+05    0.974598    5.193838e+01
0:   274    3.981869e+05    1.018830    5.291638e+01
0:   275    4.218281e+05    1.059372    5.605814e+01
0:   276    4.498023e+05    1.066317    5.977573e+01
0:   277    4.724441e+05    1.050337    6.278467e+01
0:   278    4.892558e+05    1.035585    6.501883e+01
0:   279    5.047721e+05    1.031714    6.708084e+01
0:   280    4.954340e+05    0.981500    6.583987e+01
0:   281    4.620417e+05    0.932600    6.140226e+01
0:   282    4.375661e+05    0.947027    5.814961e+01
0:   283    4.207257e+05    0.961513    5.591164e+01
0:   284    3.945776e+05    0.937850    5.243673e+01
0:   285    3.964197e+05    1.004668    5.268153e+01
0:   286    4.094797e+05    1.032945    5.441712e+01
0:   287    4.174297e+05    1.019415    5.547362e+01
0:   288    4.585922e+05    1.098609    6.094384e+01
0:   289    4.725464e+05    1.030428    6.279826e+01
0:   290    4.990610e+05    1.056110    6.632188e+01
0:   291    5.094724e+05    1.020862    6.770548e+01
0:   292    4.942239e+05    0.970070    6.567905e+01
0:   293    4.899475e+05    0.991347    6.511076e+01
0:   294    4.490025e+05    0.916430    5.966943e+01
0:   295    4.400921e+05    0.980155    5.848530e+01
0:   296    4.043010e+05    0.918674    5.372890e+01
0:   297    4.077880e+05    1.008625    5.419230e+01
0:   298    3.919451e+05    0.961149    5.208688e+01
0:   299    4.158652e+05    1.061029    5.526571e+01
0:   300    4.182587e+05    1.005755    5.558379e+01
0:   301    4.582720e+05    1.095666    6.090128e+01
0:   302    4.661830e+05    1.017263    6.195261e+01
0:   303    5.064005e+05    1.086270    6.729725e+01
0:   304    5.002886e+05    0.987931    6.648501e+01
0:   305    5.189285e+05    1.037258    6.896213e+01
0:   306    4.937204e+05    0.951423    6.561215e+01
0:   307    4.853053e+05    0.982956    6.449384e+01
0:   308    4.556985e+05    0.938993    6.055929e+01
0:   309    4.318955e+05    0.947766    5.739603e+01
0:   310    4.208501e+05    0.974426    5.592816e+01
0:   311    3.970085e+05    0.943349    5.275978e+01
0:   312    4.096042e+05    1.031727    5.443366e+01
0:   313    3.993167e+05    0.974884    5.306653e+01
0:   314    4.244779e+05    1.063011    5.641029e+01
0:   315    4.402799e+05    1.037227    5.851026e+01
0:   316    4.573587e+05    1.038791    6.077992e+01
0:   317    4.956497e+05    1.083722    6.586854e+01
0:   318    4.940698e+05    0.996812    6.565858e+01
0:   319    5.212624e+05    1.055038    6.927230e+01
0:   320    5.170624e+05    0.991943    6.871414e+01
0:   321    5.010073e+05    0.968949    6.658053e+01
0:   322    5.003258e+05    0.998640    6.648996e+01
0:   323    4.648799e+05    0.929154    6.177944e+01
0:   324    4.461618e+05    0.959735    5.929192e+01
0:   325    4.359269e+05    0.977060    5.793177e+01
0:   326    4.066253e+05    0.932783    5.403779e+01
0:   327    4.078089e+05    1.002911    5.419508e+01
0:   328    4.095852e+05    1.004356    5.443114e+01
0:   329    4.008158e+05    0.978590    5.326575e+01
0:   330    4.277760e+05    1.067263    5.684857e+01
0:   331    4.416865e+05    1.032518    5.869719e+01
0:   332    4.519320e+05    1.023196    6.005874e+01
0:   333    4.877685e+05    1.079296    6.482118e+01
0:   334    5.047509e+05    1.034816    6.707802e+01
0:   335    5.047553e+05    1.000009    6.707860e+01
0:   336    5.285663e+05    1.047173    7.024293e+01
0:   337    5.262777e+05    0.995670    6.993880e+01
0:   338    5.008627e+05    0.951708    6.656131e+01
0:   339    5.022048e+05    1.002679    6.673966e+01
0:   340    4.840222e+05    0.963795    6.432332e+01
0:   341    4.496237e+05    0.928932    5.975198e+01
0:   342    4.379375e+05    0.974009    5.819898e+01
0:   343    4.321238e+05    0.986725    5.742637e+01
0:   344    4.066640e+05    0.941082    5.404292e+01
0:   345    4.025282e+05    0.989830    5.349331e+01
0:   346    4.162008e+05    1.033967    5.531031e+01
0:   347    4.142034e+05    0.995201    5.504486e+01
0:   348    4.170291e+05    1.006822    5.542039e+01
0:   349    4.446923e+05    1.066334    5.909664e+01
0:   350    4.675966e+05    1.051506    6.214046e+01
0:   351    4.702476e+05    1.005670    6.249277e+01
0:   352    4.939747e+05    1.050457    6.564594e+01
0:   353    5.239192e+05    1.060619    6.962536e+01
0:   354    5.266425e+05    1.005198    6.998727e+01
0:   355    5.175739e+05    0.982780    6.878211e+01
0:   356    5.291402e+05    1.022347    7.031920e+01
0:   357    5.288109e+05    0.999378    7.027544e+01
0:   358    4.994303e+05    0.944440    6.637095e+01
0:   359    4.784914e+05    0.958074    6.358832e+01
0:   360    4.743831e+05    0.991414    6.304234e+01
0:   361    4.597490e+05    0.969151    6.109758e+01
0:   362    4.287716e+05    0.932621    5.698088e+01
0:   363    4.167531e+05    0.971970    5.538370e+01
0:   364    4.201712e+05    1.008202    5.583794e+01
0:   365    4.166580e+05    0.991639    5.537107e+01
0:   366    4.037188e+05    0.968945    5.365153e+01
0:   367    4.095448e+05    1.014431    5.442577e+01
0:   368    4.318421e+05    1.054444    5.738893e+01
0:   369    4.460412e+05    1.032880    5.927590e+01
0:   370    4.487423e+05    1.006056    5.963486e+01
0:   371    4.637484e+05    1.033440    6.162906e+01
0:   372    4.964205e+05    1.070452    6.597097e+01
0:   373    5.163623e+05    1.040171    6.862110e+01
0:   374    5.167359e+05    1.000723    6.867074e+01
0:   375    5.182292e+05    1.002890    6.886920e+01
0:   376    5.376780e+05    1.037529    7.145382e+01
0:   377    5.463053e+05    1.016046    7.260033e+01
0:   378    5.306406e+05    0.971326    7.051860e+01
0:   379    5.074103e+05    0.956222    6.743144e+01
0:   380    5.007014e+05    0.986778    6.653987e+01
0:   381    4.984902e+05    0.995584    6.624602e+01
0:   382    4.791254e+05    0.961153    6.367257e+01
0:   383    4.501383e+05    0.939500    5.982038e+01
0:   384    4.315983e+05    0.958813    5.735654e+01
0:   385    4.317147e+05    1.000270    5.737200e+01
0:   386    4.290949e+05    0.993932    5.702385e+01
0:   387    4.173590e+05    0.972650    5.546422e+01
0:   388    4.042376e+05    0.968561    5.372048e+01
0:   389    4.093659e+05    1.012686    5.440200e+01
0:   390    4.259640e+05    1.040546    5.660777e+01
0:   391    4.389349e+05    1.030451    5.833152e+01
0:   392    4.405790e+05    1.003746    5.855000e+01
0:   393    4.445233e+05    1.008953    5.907418e+01
0:   394    4.656096e+05    1.047436    6.187640e+01
0:   395    4.935917e+05    1.060098    6.559504e+01
0:   396    5.137976e+05    1.040936    6.828027e+01
0:   397    5.146655e+05    1.001689    6.839561e+01
0:   398    5.178547e+05    1.006197    6.881943e+01
0:   399    5.309325e+05    1.025254    7.055738e+01
0:   400    5.510029e+05    1.037802    7.322460e+01
0:   401    5.546551e+05    1.006628    7.370997e+01
0:   402    5.386120e+05    0.971076    7.157794e+01
0:   403    5.198458e+05    0.965158    6.908403e+01
0:   404    5.109958e+05    0.982976    6.790794e+01
0:   405    5.122344e+05    1.002424    6.807254e+01
0:   406    5.029158e+05    0.981808    6.683415e+01
0:   407    4.815686e+05    0.957553    6.399725e+01
0:   408    4.534951e+05    0.941704    6.026647e+01
0:   409    4.381479e+05    0.966158    5.822693e+01
0:   410    4.346555e+05    0.992029    5.776281e+01
0:   411    4.357912e+05    1.002613    5.791374e+01
0:   412    4.304114e+05    0.987655    5.719880e+01
0:   413    4.172894e+05    0.969513    5.545498e+01
0:   414    4.077596e+05    0.977163    5.418853e+01
0:   415    4.089511e+05    1.002922    5.434687e+01
0:   416    4.266159e+05    1.043196    5.669441e+01
0:   417    4.429270e+05    1.038233    5.886204e+01
0:   418    4.467776e+05    1.008694    5.937376e+01
0:   419    4.430766e+05    0.991716    5.888192e+01
0:   420    4.549439e+05    1.026784    6.045900e+01
0:   421    4.787026e+05    1.052223    6.361638e+01
0:   422    4.983138e+05    1.040967    6.622258e+01
0:   423    5.210735e+05    1.045673    6.924719e+01
0:   424    5.302127e+05    1.017539    7.046173e+01
0:   425    5.239029e+05    0.988099    6.962319e+01
0:   426    5.277360e+05    1.007316    7.013259e+01
0:   427    5.469668e+05    1.036440    7.268823e+01
0:   428    5.529988e+05    1.011028    7.348984e+01
0:   429    5.644307e+05    1.020673    7.500907e+01
0:   430    5.531560e+05    0.980025    7.351074e+01
0:   431    5.265813e+05    0.951958    6.997914e+01
0:   432    5.220217e+05    0.991341    6.937319e+01
0:   433    5.044322e+05    0.966305    6.703567e+01
0:   434    5.129455e+05    1.016877    6.816703e+01
0:   435    5.014245e+05    0.977540    6.663597e+01
0:   436    4.858662e+05    0.968972    6.456838e+01
0:   437    4.652968e+05    0.957664    6.183484e+01
0:   438    4.403355e+05    0.946354    5.851765e+01
0:   439    4.369343e+05    0.992276    5.806565e+01
0:   440    4.292436e+05    0.982398    5.704361e+01
0:   441    4.387650e+05    1.022182    5.830893e+01
0:   442    4.286699e+05    0.976992    5.696736e+01
0:   443    4.273318e+05    0.996878    5.678954e+01
0:   444    4.109067e+05    0.961564    5.460676e+01
0:   445    4.150982e+05    1.010201    5.516378e+01
0:   446    4.157229e+05    1.001505    5.524679e+01
0:   447    4.383128e+05    1.054339    5.824884e+01
0:   448    4.471722e+05    1.020213    5.942620e+01
0:   449    4.651465e+05    1.040195    6.181486e+01
0:   450    4.610673e+05    0.991230    6.127276e+01
0:   451    4.711850e+05    1.021944    6.261734e+01
0:   452    4.719316e+05    1.001584    6.271655e+01
0:   453    4.964109e+05    1.051871    6.596970e+01
0:   454    5.110366e+05    1.029463    6.791335e+01
0:   455    5.406018e+05    1.057853    7.184237e+01
0:   456    5.445801e+05    1.007359    7.237105e+01
0:   457    5.513270e+05    1.012389    7.326768e+01
0:   458    5.414218e+05    0.982034    7.195135e+01
0:   459    5.448149e+05    1.006267    7.240227e+01
0:   460    5.472510e+05    1.004471    7.272601e+01
0:   461    5.559281e+05    1.015856    7.387913e+01
0:   462    5.682291e+05    1.022127    7.551386e+01
0:   463    5.609889e+05    0.987258    7.455167e+01
0:   464    5.548110e+05    0.988987    7.373067e+01
0:   465    5.271561e+05    0.950154    7.005553e+01
0:   466    5.146807e+05    0.976334    6.839762e+01
0:   467    4.990977e+05    0.969723    6.632675e+01
0:   468    4.937082e+05    0.989202    6.561053e+01
0:   469    4.948853e+05    1.002384    6.576695e+01
0:   470    4.824438e+05    0.974860    6.411356e+01
0:   471    4.807655e+05    0.996521    6.389052e+01
0:   472    4.560448e+05    0.948581    6.060531e+01
0:   473    4.411756e+05    0.967395    5.862929e+01
0:   474    4.296320e+05    0.973834    5.709523e+01
0:   475    4.173726e+05    0.971465    5.546603e+01
0:   476    4.294512e+05    1.028940    5.707120e+01
0:   477    4.249681e+05    0.989561    5.647542e+01
0:   478    4.355126e+05    1.024812    5.787672e+01
0:   479    4.349522e+05    0.998713    5.780225e+01
0:   480    4.257875e+05    0.978929    5.658431e+01
0:   481    4.309743e+05    1.012182    5.727360e+01
0:   482    4.238247e+05    0.983411    5.632347e+01
0:   483    4.308654e+05    1.016612    5.725913e+01
0:   484    4.489650e+05    1.042007    5.966445e+01
0:   485    4.600761e+05    1.024748    6.114104e+01
0:   486    4.812884e+05    1.046106    6.396001e+01
0:   487    4.968234e+05    1.032278    6.602451e+01
0:   488    4.925749e+05    0.991449    6.545991e+01
0:   489    5.064866e+05    1.028243    6.730868e+01
0:   490    5.036441e+05    0.994388    6.693093e+01
0:   491    5.078677e+05    1.008386    6.749223e+01
0:   492    5.318406e+05    1.047203    7.067807e+01
0:   493    5.413950e+05    1.017965    7.194778e+01
0:   494    5.587835e+05    1.032118    7.425859e+01
0:   495    5.781485e+05    1.034656    7.683208e+01
0:   496    5.745785e+05    0.993825    7.635764e+01
0:   497    5.697571e+05    0.991609    7.571692e+01
0:   498    5.708602e+05    1.001936    7.586351e+01
0:   499    5.498042e+05    0.963115    7.306531e+01
0:   500    5.484376e+05    0.997514    7.288370e+01
0:   501    5.552688e+05    1.012456    7.379151e+01
0:   502    5.507136e+05    0.991797    7.318617e+01
0:   503    5.526027e+05    1.003430    7.343720e+01
0:   504    5.565607e+05    1.007163    7.396320e+01
0:   505    5.359962e+05    0.963051    7.123032e+01
0:   506    5.174581e+05    0.965414    6.876673e+01
0:   507    5.080524e+05    0.981823    6.751677e+01
0:   508    4.821553e+05    0.949027    6.407522e+01
0:   509    4.690843e+05    0.972891    6.233818e+01
0:   510    4.693309e+05    1.000526    6.237095e+01
0:   511    4.645994e+05    0.989918    6.174216e+01
0:   512    4.569041e+05    0.983437    6.071950e+01
0:   513    4.629906e+05    1.013321    6.152836e+01
0:   514    4.563727e+05    0.985706    6.064888e+01
0:   515    4.402876e+05    0.964755    5.851129e+01
0:   516    4.345854e+05    0.987049    5.775350e+01
0:   517    4.284227e+05    0.985819    5.693451e+01
0:   518    4.148642e+05    0.968352    5.513268e+01
0:   519    4.136132e+05    0.996985    5.496644e+01
0:   520    4.265161e+05    1.031195    5.668114e+01
0:   521    4.302283e+05    1.008704    5.717446e+01
0:   522    4.369788e+05    1.015691    5.807156e+01
0:   523    4.506054e+05    1.031184    5.988244e+01
0:   524    4.585038e+05    1.017528    6.093209e+01
0:   525    4.500821e+05    0.981632    5.981291e+01
0:   526    4.536275e+05    1.007877    6.028406e+01
0:   527    4.609393e+05    1.016118    6.125575e+01
0:   528    4.614152e+05    1.001033    6.131900e+01
0:   529    4.650591e+05    1.007897    6.180326e+01
0:   530    4.848592e+05    1.042575    6.443455e+01
0:   531    5.061012e+05    1.043811    6.725748e+01
0:   532    5.136569e+05    1.014929    6.826157e+01
0:   533    5.312299e+05    1.034212    7.059691e+01
0:   534    5.488850e+05    1.033234    7.294315e+01
0:   535    5.555189e+05    1.012086    7.382475e+01
0:   536    5.452106e+05    0.981444    7.245485e+01
0:   537    5.508209e+05    1.010290    7.320042e+01
0:   538    5.569468e+05    1.011121    7.401451e+01
0:   539    5.548255e+05    0.996191    7.373260e+01
0:   540    5.541919e+05    0.998858    7.364840e+01
0:   541    5.699929e+05    1.028512    7.574825e+01
0:   542    5.887713e+05    1.032945    7.824377e+01
0:   543    5.880510e+05    0.998777    7.814806e+01
0:   544    5.891463e+05    1.001863    7.829361e+01
0:   545    5.904291e+05    1.002177    7.846409e+01
0:   546    5.869863e+05    0.994169    7.800656e+01
0:   547    5.604735e+05    0.954832    7.448319e+01
0:   548    5.436389e+05    0.969964    7.224598e+01
0:   549    5.385811e+05    0.990697    7.157384e+01
0:   550    5.362995e+05    0.995764    7.127063e+01
0:   551    5.224356e+05    0.974149    6.942820e+01
0:   552    5.125605e+05    0.981098    6.811586e+01
0:   553    5.179457e+05    1.010506    6.883152e+01
0:   554    5.204719e+05    1.004878    6.916725e+01
0:   555    5.121464e+05    0.984004    6.806084e+01
0:   556    4.938081e+05    0.964193    6.562380e+01
0:   557    4.895538e+05    0.991385    6.505843e+01
0:   558    4.824560e+05    0.985502    6.411518e+01
0:   559    4.657214e+05    0.965314    6.189127e+01
0:   560    4.422933e+05    0.949695    5.877782e+01
0:   561    4.385536e+05    0.991545    5.828085e+01
0:   562    4.413682e+05    1.006418    5.865488e+01
0:   563    4.346671e+05    0.984817    5.776435e+01
0:   564    4.305611e+05    0.990554    5.721870e+01
0:   565    4.372463e+05    1.015527    5.810712e+01
0:   566    4.449577e+05    1.017636    5.913191e+01
0:   567    4.470722e+05    1.004752    5.941291e+01
0:   568    4.443741e+05    0.993965    5.905436e+01
0:   569    4.331041e+05    0.974638    5.755664e+01
0:   570    4.374499e+05    1.010034    5.813417e+01
0:   571    4.387562e+05    1.002986    5.830777e+01
0:   572    4.293505e+05    0.978563    5.705781e+01
0:   573    4.277568e+05    0.996288    5.684602e+01
0:   574    4.323229e+05    1.010675    5.745282e+01
0:   575    4.461771e+05    1.032046    5.929395e+01
0:   576    4.628877e+05    1.037453    6.151468e+01
0:   577    4.640806e+05    1.002577    6.167322e+01
0:   578    4.790740e+05    1.032308    6.366573e+01
0:   579    4.921514e+05    1.027297    6.540364e+01
0:   580    5.084483e+05    1.033113    6.756938e+01
0:   581    5.132447e+05    1.009434    6.820680e+01
0:   582    5.054602e+05    0.984833    6.717228e+01
0:   583    5.124344e+05    1.013798    6.809911e+01
0:   584    5.161092e+05    1.007171    6.858747e+01
0:   585    5.305829e+05    1.028044    7.051093e+01
0:   586    5.264910e+05    0.992288    6.996714e+01
0:   587    5.325745e+05    1.011555    7.077560e+01
0:   588    5.409033e+05    1.015639    7.188244e+01
0:   589    5.645076e+05    1.043639    7.501929e+01
0:   590    5.789666e+05    1.025614    7.694080e+01
0:   591    5.868274e+05    1.013577    7.798545e+01
0:   592    5.877557e+05    1.001582    7.810881e+01
0:   593    5.977513e+05    1.017006    7.943715e+01
0:   594    6.046299e+05    1.011508    8.035127e+01
0:   595    6.063948e+05    1.002919    8.058582e+01
0:   596    5.890673e+05    0.971425    7.828311e+01
0:   597    5.776222e+05    0.980571    7.676213e+01
0:   598    5.664702e+05    0.980693    7.528011e+01
0:   599    5.742662e+05    1.013762    7.631614e+01
0:   600    5.680008e+05    0.989090    7.548352e+01
0:   601    5.690900e+05    1.001918    7.562827e+01
0:   602    5.555287e+05    0.976170    7.382606e+01
0:   603    5.676860e+05    1.021884    7.544168e+01
0:   604    5.663020e+05    0.997562    7.525775e+01
0:   605    5.790130e+05    1.022446    7.694696e+01
0:   606    5.604244e+05    0.967896    7.447666e+01
0:   607    5.538218e+05    0.988219    7.359922e+01
0:   608    5.316383e+05    0.959945    7.065118e+01
0:   609    5.323604e+05    1.001358    7.074715e+01
0:   610    5.187955e+05    0.974519    6.894446e+01
0:   611    5.067652e+05    0.976811    6.734571e+01
0:   612    4.880113e+05    0.962993    6.485344e+01
0:   613    4.733880e+05    0.970035    6.291011e+01
0:   614    4.725793e+05    0.998292    6.280263e+01
0:   615    4.690605e+05    0.992554    6.233501e+01
0:   616    4.778743e+05    1.018790    6.350630e+01
0:   617    4.634329e+05    0.969780    6.158714e+01
0:   618    4.656824e+05    1.004854    6.188608e+01
0:   619    4.574700e+05    0.982365    6.079471e+01
0:   620    4.663072e+05    1.019318    6.196911e+01
0:   621    4.658611e+05    0.999043    6.190982e+01
0:   622    4.569794e+05    0.980935    6.072951e+01
0:   623    4.499618e+05    0.984643    5.979691e+01
0:   624    4.336244e+05    0.963692    5.762579e+01
0:   625    4.346896e+05    1.002457    5.776735e+01
0:   626    4.279060e+05    0.984394    5.686585e+01
0:   627    4.327555e+05    1.011333    5.751031e+01
0:   628    4.271319e+05    0.987005    5.676297e+01
0:   629    4.208834e+05    0.985371    5.593259e+01
0:   630    4.248573e+05    1.009442    5.646070e+01
0:   631    4.300211e+05    1.012154    5.714694e+01
0:   632    4.444106e+05    1.033462    5.905921e+01
0:   633    4.567047e+05    1.027664    6.069301e+01
0:   634    4.587688e+05    1.004520    6.096731e+01
0:   635    4.642907e+05    1.012036    6.170114e+01
0:   636    4.657140e+05    1.003065    6.189027e+01
0:   637    4.743272e+05    1.018495    6.303492e+01
0:   638    4.863976e+05    1.025447    6.463900e+01
0:   639    4.814204e+05    0.989767    6.397756e+01
0:   640    4.874297e+05    1.012482    6.477616e+01
0:   641    4.769683e+05    0.978538    6.338590e+01
0:   642    4.780749e+05    1.002320    6.353296e+01
0:   643    4.868716e+05    1.018400    6.470199e+01
0:   644    4.942290e+05    1.015112    6.567974e+01
0:   645    5.137928e+05    1.039584    6.827963e+01
0:   646    5.211877e+05    1.014393    6.926237e+01
0:   647    5.239446e+05    1.005290    6.962874e+01
0:   648    5.367706e+05    1.024480    7.133324e+01
0:   649    5.524943e+05    1.029293    7.342280e+01
0:   650    5.674891e+05    1.027140    7.541551e+01
0:   651    5.903070e+05    1.040208    7.844785e+01
0:   652    5.858182e+05    0.992396    7.785133e+01
0:   653    5.871352e+05    1.002248    7.802634e+01
0:   654    5.877631e+05    1.001070    7.810979e+01
0:   655    5.797486e+05    0.986364    7.704471e+01
0:   656    5.893480e+05    1.016558    7.832042e+01
0:   657    5.931595e+05    1.006467    7.882693e+01
0:   658    5.881835e+05    0.991611    7.816565e+01
0:   659    5.876152e+05    0.999034    7.809013e+01
0:   660    5.809076e+05    0.988585    7.719874e+01
0:   661    5.711409e+05    0.983187    7.590081e+01
0:   662    5.863423e+05    1.026616    7.792098e+01
0:   663    5.930414e+05    1.011425    7.881125e+01
0:   664    5.992642e+05    1.010493    7.963821e+01
0:   665    6.090439e+05    1.016319    8.093786e+01
0:   666    6.039594e+05    0.991652    8.026217e+01
0:   667    5.959051e+05    0.986664    7.919181e+01
0:   668    5.996252e+05    1.006243    7.968618e+01
0:   669    6.000083e+05    1.000639    7.973709e+01
0:   670    5.949365e+05    0.991547    7.906309e+01
0:   671    5.999145e+05    1.008367    7.972463e+01
0:   672    5.831400e+05    0.972039    7.749541e+01
0:   673    5.607255e+05    0.961562    7.451667e+01
0:   674    5.490155e+05    0.979116    7.296049e+01
0:   675    5.380107e+05    0.979955    7.149803e+01
0:   676    5.275099e+05    0.980482    7.010254e+01
0:   677    5.299502e+05    1.004626    7.042685e+01
0:   678    5.259874e+05    0.992522    6.990022e+01
0:   679    5.120518e+05    0.973506    6.804827e+01
0:   680    5.079043e+05    0.991900    6.749709e+01
0:   681    5.056729e+05    0.995607    6.720056e+01
0:   682    4.991144e+05    0.987030    6.632897e+01
0:   683    5.020873e+05    1.005956    6.672405e+01
0:   684    5.097648e+05    1.015291    6.774434e+01
0:   685    5.046648e+05    0.989995    6.706658e+01
0:   686    4.999900e+05    0.990737    6.644534e+01
0:   687    4.981929e+05    0.996406    6.620650e+01
0:   688    4.856634e+05    0.974850    6.454143e+01
0:   689    4.692295e+05    0.966162    6.235747e+01
0:   690    4.666800e+05    0.994567    6.201866e+01
0:   691    4.653472e+05    0.997144    6.184153e+01
0:   692    4.575890e+05    0.983328    6.081052e+01
0:   693    4.507889e+05    0.985139    5.990683e+01
0:   694    4.419965e+05    0.980496    5.873839e+01
0:   695    4.287352e+05    0.969997    5.697605e+01
0:   696    4.222094e+05    0.984779    5.610881e+01
0:   697    4.275612e+05    1.012676    5.682002e+01
0:   698    4.308412e+05    1.007672    5.725592e+01
0:   699    4.352452e+05    1.010222    5.784118e+01
0:   700    4.431957e+05    1.018267    5.889776e+01
0:   701    4.468255e+05    1.008190    5.938012e+01
0:   702    4.435209e+05    0.992604    5.894097e+01
0:   703    4.439960e+05    1.001071    5.900411e+01
0:   704    4.501855e+05    1.013940    5.982665e+01
0:   705    4.544471e+05    1.009466    6.039298e+01
0:   706    4.583936e+05    1.008684    6.091744e+01
0:   707    4.615423e+05    1.006869    6.133589e+01
0:   708    4.669035e+05    1.011616    6.204836e+01
0:   709    4.637400e+05    0.993224    6.162795e+01
0:   710    4.530834e+05    0.977020    6.021176e+01
0:   711    4.543201e+05    1.002729    6.037610e+01
0:   712    4.578456e+05    1.007760    6.084462e+01
0:   713    4.541786e+05    0.991991    6.035731e+01
0:   714    4.615232e+05    1.016171    6.133336e+01
0:   715    4.752549e+05    1.029753    6.315821e+01
0:   716    4.778539e+05    1.005469    6.350359e+01
0:   717    4.803500e+05    1.005224    6.383531e+01
0:   718    4.804145e+05    1.000134    6.384389e+01
0:   719    4.912489e+05    1.022552    6.528370e+01
0:   720    5.000899e+05    1.017997    6.645860e+01
0:   721    5.041672e+05    1.008153    6.700045e+01
0:   722    5.287384e+05    1.048736    7.026580e+01
0:   723    5.427153e+05    1.026434    7.212324e+01
0:   724    5.551745e+05    1.022957    7.377898e+01
0:   725    5.539641e+05    0.997820    7.361813e+01
0:   726    5.609514e+05    1.012613    7.454669e+01
0:   727    5.676681e+05    1.011974    7.543930e+01
0:   728    5.621050e+05    0.990200    7.470000e+01
0:   729    5.660018e+05    1.006933    7.521786e+01
0:   730    5.728024e+05    1.012015    7.612161e+01
0:   731    5.868200e+05    1.024472    7.798446e+01
0:   732    5.816486e+05    0.991187    7.729721e+01
0:   733    5.789995e+05    0.995446    7.694517e+01
0:   734    5.755729e+05    0.994082    7.648980e+01
0:   735    5.771011e+05    1.002655    7.669288e+01
0:   736    5.687580e+05    0.985543    7.558414e+01
0:   737    5.709792e+05    1.003905    7.587933e+01
0:   738    5.820907e+05    1.019460    7.735597e+01
0:   739    6.014143e+05    1.033197    7.992394e+01
0:   740    6.055395e+05    1.006859    8.047216e+01
0:   741    6.099299e+05    1.007250    8.105562e+01
0:   742    6.142309e+05    1.007052    8.162719e+01
0:   743    6.235674e+05    1.015200    8.286794e+01
0:   744    6.198194e+05    0.993989    8.236986e+01
0:   745    6.189406e+05    0.998582    8.225307e+01
0:   746    6.220187e+05    1.004973    8.266213e+01
0:   747    6.357411e+05    1.022061    8.448575e+01
0:   748    6.356219e+05    0.999812    8.446990e+01
0:   749    6.321979e+05    0.994613    8.401488e+01
0:   750    6.221950e+05    0.984178    8.268556e+01
0:   751    6.232551e+05    1.001704    8.282644e+01
0:   752    6.076910e+05    0.975028    8.075808e+01
0:   753    5.945852e+05    0.978433    7.901641e+01
0:   754    5.753459e+05    0.967643    7.645964e+01
0:   755    5.779109e+05    1.004458    7.680051e+01
0:   756    5.713982e+05    0.988731    7.593501e+01
0:   757    5.723582e+05    1.001680    7.606259e+01
0:   758    5.596505e+05    0.977798    7.437382e+01
0:   759    5.627669e+05    1.005568    7.478797e+01
0:   760    5.604473e+05    0.995878    7.447970e+01
0:   761    5.586207e+05    0.996741    7.423696e+01
0:   762    5.420872e+05    0.970403    7.203977e+01
0:   763    5.378956e+05    0.992268    7.148273e+01
0:   764    5.425913e+05    1.008730    7.210677e+01
0:   765    5.458486e+05    1.006003    7.253963e+01
0:   766    5.505749e+05    1.008659    7.316772e+01
0:   767    5.475202e+05    0.994452    7.276178e+01
0:   768    5.521642e+05    1.008482    7.337894e+01
0:   769    5.474339e+05    0.991433    7.275031e+01
0:   770    5.431022e+05    0.992087    7.217466e+01
0:   771    5.213660e+05    0.959978    6.928605e+01
0:   772    5.104532e+05    0.979069    6.783582e+01
0:   773    5.044739e+05    0.988286    6.704121e+01
0:   774    5.015217e+05    0.994148    6.664889e+01
0:   775    4.992491e+05    0.995469    6.634688e+01
0:   776    4.850448e+05    0.971549    6.445922e+01
0:   777    4.855742e+05    1.001091    6.452957e+01
0:   778    4.765816e+05    0.981481    6.333451e+01
0:   779    4.721564e+05    0.990715    6.274643e+01
0:   780    4.587693e+05    0.971647    6.096737e+01
0:   781    4.477841e+05    0.976055    5.950752e+01
0:   782    4.442198e+05    0.992040    5.903384e+01
0:   783    4.412333e+05    0.993277    5.863696e+01
0:   784    4.501595e+05    1.020230    5.982319e+01
0:   785    4.452939e+05    0.989192    5.917659e+01
0:   786    4.469858e+05    1.003799    5.940143e+01
0:   787    4.506445e+05    1.008185    5.988764e+01
0:   788    4.550835e+05    1.009850    6.047756e+01
0:   789    4.596414e+05    1.010016    6.108328e+01
0:   790    4.500889e+05    0.979217    5.981381e+01
0:   791    4.480750e+05    0.995526    5.954618e+01
0:   792    4.494997e+05    1.003180    5.973551e+01
0:   793    4.510191e+05    1.003380    5.993743e+01
0:   794    4.572643e+05    1.013847    6.076738e+01
0:   795    4.539667e+05    0.992788    6.032914e+01
0:   796    4.548862e+05    1.002026    6.045134e+01
0:   797    4.602939e+05    1.011888    6.116999e+01
0:   798    4.609618e+05    1.001451    6.125874e+01
0:   799    4.640843e+05    1.006774    6.167370e+01
0:   800    4.536329e+05    0.977480    6.028478e+01
0:   801    4.456821e+05    0.982473    5.922817e+01
0:   802    4.444872e+05    0.997319    5.906938e+01
0:   803    4.400250e+05    0.989961    5.847638e+01
0:   804    4.454109e+05    1.012240    5.919214e+01
0:   805    4.449680e+05    0.999005    5.913327e+01
0:   806    4.438229e+05    0.997427    5.898111e+01
0:   807    4.533473e+05    1.021460    6.024683e+01
0:   808    4.584611e+05    1.011280    6.092641e+01
0:   809    4.670772e+05    1.018794    6.207145e+01
0:   810    4.714737e+05    1.009413    6.265571e+01
0:   811    4.648958e+05    0.986048    6.178155e+01
0:   812    4.681342e+05    1.006966    6.221191e+01
0:   813    4.762567e+05    1.017351    6.329133e+01
0:   814    4.846402e+05    1.017603    6.440545e+01
0:   815    4.984998e+05    1.028598    6.624729e+01
0:   816    5.043739e+05    1.011784    6.702792e+01
0:   817    5.114699e+05    1.014069    6.797093e+01
0:   818    5.312521e+05    1.038677    7.059986e+01
0:   819    5.430636e+05    1.022233    7.216952e+01
0:   820    5.489894e+05    1.010912    7.295703e+01
0:   821    5.514659e+05    1.004511    7.328613e+01
0:   822    5.426921e+05    0.984090    7.212016e+01
0:   823    5.430802e+05    1.000715    7.217174e+01
0:   824    5.491321e+05    1.011144    7.297599e+01
0:   825    5.484435e+05    0.998746    7.288447e+01
0:   826    5.525229e+05    1.007438    7.342661e+01
0:   827    5.548379e+05    1.004190    7.373425e+01
0:   828    5.498800e+05    0.991064    7.307538e+01
0:   829    5.594670e+05    1.017435    7.434943e+01
0:   830    5.694931e+05    1.017921    7.568183e+01
0:   831    5.698433e+05    1.000615    7.572838e+01
0:   832    5.704091e+05    1.000993    7.580356e+01
0:   833    5.670038e+05    0.994030    7.535102e+01
0:   834    5.576428e+05    0.983490    7.410701e+01
0:   835    5.613481e+05    1.006645    7.459941e+01
0:   836    5.738829e+05    1.022330    7.626521e+01
0:   837    5.781951e+05    1.007514    7.683826e+01
0:   838    5.875809e+05    1.016233    7.808558e+01
0:   839    5.915654e+05    1.006781    7.861510e+01
0:   840    6.019153e+05    1.017496    7.999052e+01
0:   841    6.207385e+05    1.031272    8.249201e+01
0:   842    6.367380e+05    1.025775    8.461823e+01
0:   843    6.365483e+05    0.999702    8.459302e+01
0:   844    6.382692e+05    1.002703    8.482171e+01
0:   845    6.357970e+05    0.996127    8.449317e+01
0:   846    6.287823e+05    0.988967    8.356097e+01
0:   847    6.366173e+05    1.012461    8.460219e+01
0:   848    6.425002e+05    1.009241    8.538399e+01
0:   849    6.413464e+05    0.998204    8.523065e+01
0:   850    6.411130e+05    0.999636    8.519964e+01
0:   851    6.441387e+05    1.004720    8.560174e+01
0:   852    6.417812e+05    0.996340    8.528844e+01
0:   853    6.439959e+05    1.003451    8.558276e+01
0:   854    6.458677e+05    1.002907    8.583151e+01
0:   855    6.437595e+05    0.996736    8.555134e+01
0:   856    6.293592e+05    0.977631    8.363764e+01
0:   857    6.148427e+05    0.976934    8.170849e+01
0:   858    6.082781e+05    0.989323    8.083610e+01
0:   859    5.950831e+05    0.978308    7.908258e+01
0:   860    5.936581e+05    0.997605    7.889319e+01
0:   861    6.011377e+05    1.012599    7.988718e+01
0:   862    5.914298e+05    0.983851    7.859708e+01
0:   863    5.872200e+05    0.992882    7.803762e+01
0:   864    5.893626e+05    1.003649    7.832236e+01
0:   865    5.905621e+05    1.002035    7.848176e+01
0:   866    5.956851e+05    1.008675    7.916257e+01
0:   867    5.968234e+05    1.001911    7.931385e+01
0:   868    6.016136e+05    1.008026    7.995043e+01
0:   869    5.861700e+05    0.974330    7.789808e+01
0:   870    5.800414e+05    0.989545    7.708364e+01
0:   871    5.831835e+05    1.005417    7.750120e+01
0:   872    5.811237e+05    0.996468    7.722747e+01
0:   873    5.818486e+05    1.001247    7.732380e+01
0:   874    5.810195e+05    0.998575    7.721361e+01
0:   875    5.835210e+05    1.004305    7.754605e+01
0:   876    5.727828e+05    0.981598    7.611900e+01
0:   877    5.750270e+05    1.003918    7.641725e+01
0:   878    5.800046e+05    1.008656    7.707875e+01
0:   879    5.812078e+05    1.002074    7.723863e+01
0:   880    5.734196e+05    0.986600    7.620363e+01
0:   881    5.683657e+05    0.991186    7.553201e+01
0:   882    5.570879e+05    0.980158    7.403326e+01
0:   883    5.398581e+05    0.969072    7.174354e+01
0:   884    5.270914e+05    0.976352    7.004693e+01
0:   885    5.249046e+05    0.995851    6.975632e+01
0:   886    5.181373e+05    0.987108    6.885699e+01
0:   887    5.094610e+05    0.983255    6.770396e+01
0:   888    5.026004e+05    0.986534    6.679224e+01
0:   889    5.010299e+05    0.996875    6.658353e+01
0:   890    4.935040e+05    0.984979    6.558339e+01
0:   891    4.915099e+05    0.995959    6.531839e+01
0:   892    4.943362e+05    1.005750    6.569397e+01
0:   893    4.968840e+05    1.005154    6.603257e+01
0:   894    4.851179e+05    0.976320    6.446893e+01
0:   895    4.746461e+05    0.978414    6.307730e+01
0:   896    4.663790e+05    0.982582    6.197865e+01
0:   897    4.614821e+05    0.989500    6.132789e+01
0:   898    4.542245e+05    0.984273    6.036341e+01
0:   899    4.561253e+05    1.004185    6.061600e+01
0:   900    4.606468e+05    1.009913    6.121688e+01
0:   901    4.628524e+05    1.004788    6.150999e+01
0:   902    4.600130e+05    0.993865    6.113265e+01
0:   903    4.631540e+05    1.006828    6.155008e+01
0:   904    4.681476e+05    1.010782    6.221370e+01
0:   905    4.714533e+05    1.007061    6.265300e+01
0:   906    4.720034e+05    1.001167    6.272611e+01
0:   907    4.760835e+05    1.008644    6.326832e+01
0:   908    4.766225e+05    1.001132    6.333995e+01
0:   909    4.708530e+05    0.987895    6.257322e+01
0:   910    4.581966e+05    0.973120    6.089127e+01
0:   911    4.585512e+05    1.000774    6.093839e+01
0:   912    4.568526e+05    0.996296    6.071266e+01
0:   913    4.594410e+05    1.005666    6.105664e+01
0:   914    4.571290e+05    0.994968    6.074939e+01
0:   915    4.642195e+05    1.015511    6.169168e+01
0:   916    4.622335e+05    0.995722    6.142775e+01
0:   917    4.590515e+05    0.993116    6.100488e+01
0:   918    4.500398e+05    0.980369    5.980728e+01
0:   919    4.512201e+05    1.002623    5.996415e+01
0:   920    4.574102e+05    1.013719    6.078677e+01
0:   921    4.522656e+05    0.988753    6.010307e+01
0:   922    4.498179e+05    0.994588    5.977779e+01
0:   923    4.438094e+05    0.986642    5.897930e+01
0:   924    4.418760e+05    0.995644    5.872237e+01
0:   925    4.308701e+05    0.975093    5.725976e+01
0:   926    4.289814e+05    0.995617    5.700877e+01
0:   927    4.302800e+05    1.003027    5.718134e+01
0:   928    4.384968e+05    1.019096    5.827330e+01
0:   929    4.452147e+05    1.015320    5.916606e+01
0:   930    4.423419e+05    0.993547    5.878428e+01
0:   931    4.469465e+05    1.010410    5.939621e+01
0:   932    4.519265e+05    1.011142    6.005801e+01
0:   933    4.582818e+05    1.014063    6.090259e+01
0:   934    4.614786e+05    1.006976    6.132743e+01
0:   935    4.710537e+05    1.020749    6.259990e+01
0:   936    4.836130e+05    1.026662    6.426894e+01
0:   937    4.889019e+05    1.010936    6.497179e+01
0:   938    4.904361e+05    1.003138    6.517568e+01
0:   939    4.865688e+05    0.992115    6.466174e+01
0:   940    4.905798e+05    1.008243    6.519478e+01
0:   941    4.981659e+05    1.015464    6.620292e+01
0:   942    5.024528e+05    1.008605    6.677262e+01
0:   943    5.090471e+05    1.013124    6.764896e+01
0:   944    5.127076e+05    1.007191    6.813541e+01
0:   945    5.248127e+05    1.023610    6.974411e+01
0:   946    5.281529e+05    1.006365    7.018800e+01
0:   947    5.249756e+05    0.993984    6.976575e+01
0:   948    5.333304e+05    1.015915    7.087606e+01
0:   949    5.358761e+05    1.004773    7.121436e+01
0:   950    5.462893e+05    1.019432    7.259821e+01
0:   951    5.468367e+05    1.001002    7.267095e+01
0:   952    5.432648e+05    0.993468    7.219627e+01
0:   953    5.453867e+05    1.003906    7.247825e+01
0:   954    5.406577e+05    0.991329    7.184979e+01
0:   955    5.408821e+05    1.000415    7.187962e+01
0:   956    5.322871e+05    0.984109    7.073741e+01
0:   957    5.250788e+05    0.986458    6.977947e+01
0:   958    5.312178e+05    1.011691    7.059529e+01
0:   959    5.386977e+05    1.014081    7.158933e+01
0:   960    5.419800e+05    1.006093    7.202552e+01
0:   961    5.461588e+05    1.007710    7.258086e+01
0:   962    5.518108e+05    1.010349    7.333197e+01
0:   963    5.629746e+05    1.020231    7.481557e+01
0:   964    5.646450e+05    1.002967    7.503755e+01
0:   965    5.596261e+05    0.991112    7.437058e+01
0:   966    5.696309e+05    1.017878    7.570014e+01
0:   967    5.766292e+05    1.012286    7.663018e+01
0:   968    5.882545e+05    1.020161    7.817510e+01
0:   969    5.919905e+05    1.006351    7.867159e+01
0:   970    5.864397e+05    0.990624    7.793392e+01
0:   971    5.911962e+05    1.008111    7.856603e+01
0:   972    5.895706e+05    0.997250    7.835000e+01
0:   973    5.875395e+05    0.996555    7.808008e+01
0:   974    5.957253e+05    1.013932    7.916791e+01
0:   975    6.052416e+05    1.015974    8.043257e+01
0:   976    6.171618e+05    1.019695    8.201669e+01
0:   977    6.371224e+05    1.032343    8.466932e+01
0:   978    6.463271e+05    1.014447    8.589256e+01
0:   979    6.510148e+05    1.007253    8.651552e+01
0:   980    6.468351e+05    0.993580    8.596007e+01
0:   981    6.438654e+05    0.995409    8.556541e+01
0:   982    6.576782e+05    1.021453    8.740104e+01
0:   983    6.627910e+05    1.007774    8.808050e+01
0:   984    6.605548e+05    0.996626    8.778333e+01
0:   985    6.640938e+05    1.005358    8.825363e+01
0:   986    6.621723e+05    0.997107    8.799828e+01
0:   987    6.578599e+05    0.993487    8.742518e+01
0:   988    6.586724e+05    1.001235    8.753317e+01
0:   989    6.374931e+05    0.967845    8.471858e+01
0:   990    6.274443e+05    0.984237    8.338316e+01
0:   991    6.378915e+05    1.016650    8.477153e+01
0:   992    6.434956e+05    1.008785    8.551627e+01
0:   993    6.466425e+05    1.004890    8.593448e+01
0:   994    6.491987e+05    1.003953    8.627418e+01
0:   995    6.420299e+05    0.988957    8.532148e+01
0:   996    6.418350e+05    0.999697    8.529559e+01
0:   997    6.483929e+05    1.010217    8.616709e+01
0:   998    6.336713e+05    0.977295    8.421068e+01
0:   999    6.302855e+05    0.994657    8.376074e+01
0:  1000    6.301564e+05    0.999795    8.374357e+01
0: 
0: 
0: =============================================
0: Solve phase times:
0: =============================================
0: PCG Solve:
0:   wall clock time = 2.389719 seconds
0:   wall MFLOPS     = 0.000000
0:   cpu clock time  = 2.389677 seconds
0:   cpu MFLOPS      = 0.000000
0: 
0: 
0: Iterations = 1000
0: Final Relative Residual Norm = 8.374357e+01
0: 
0: Running high radix test
0: 16 Processes Per GPU, 4 GPUs Per Node
0: Global matrix size: 96 x 96 x 96
0: 5pt 2D Laplacian
0: =============================================
0: Hypre init times:
0: =============================================
0: Hypre init:
0:   wall clock time = 0.000003 seconds
0:   wall MFLOPS     = 0.000000
0:   cpu clock time  = 0.000003 seconds
0:   cpu MFLOPS      = 0.000000
0: 
0: 
0: Using HYPRE_DEVELOP_STRING: v3.1.0-3-g13083b05c (branch v3.1.0_highradixallreduce; not the develop branch)
0: 
0: Running with these driver parameters:
0:   solver ID    = 2
0: 
0:   Laplacian:   num_fun = 1
0:     (nx, ny, nz) = (96, 96, 96)
0:     (Px, Py, Pz) = (16, 16, 16)
0:     (cx, cy, cz) = (1.000000, 1.000000, 1.000000)
0: 
0: =============================================
0: Generate Matrix:
0: =============================================
0: Spatial Operator:
0:   wall clock time = 0.033260 seconds
0:   wall MFLOPS     = 0.000000
0:   cpu clock time  = 0.005908 seconds
0:   cpu MFLOPS      = 0.000000
0: 
0:   Number of vector components: 1
0:   RHS vector has unit coefficients
0:   Initial guess is 0
0: =============================================
0: IJ Vector Setup:
0: =============================================
0: RHS and Initial Guess:
0:   wall clock time = 0.011088 seconds
0:   wall MFLOPS     = 0.000000
0:   cpu clock time  = 0.007942 seconds
0:   cpu MFLOPS      = 0.000000
0: 
0: Solver: DS-PCG
0: HYPRE_ParCSRPCGGetPrecond got good precond
0: =============================================
0: Setup phase times:
0: =============================================
0: PCG Setup:
0:   wall clock time = 0.014928 seconds
0:   wall MFLOPS     = 0.000000
0:   cpu clock time  = 0.004034 seconds
0:   cpu MFLOPS      = 0.000000
0: 
0: <b,b>: 8.847360e+05
0: 
0: 
0: Iters       ||r||_2     conv.rate  ||r||_2/||b||_2
0: -----    ------------   ---------  ------------ 
0:     1    3.723018e+03    3.958114    3.958114e+00
0:     2    3.641891e+03    0.978209    3.871864e+00
0:     3    3.850311e+03    1.057229    4.093446e+00
0:     4    4.117955e+03    1.069512    4.377990e+00
0:     5    3.840020e+03    0.932507    4.082505e+00
0:     6    4.202759e+03    1.094463    4.468149e+00
0:     7    4.062311e+03    0.966582    4.318832e+00
0:     8    3.900032e+03    0.960052    4.146305e+00
0:     9    3.956381e+03    1.014449    4.206213e+00
0:    10    3.760834e+03    0.950574    3.998317e+00
0:    11    3.759891e+03    0.999749    3.997315e+00
0:    12    3.638539e+03    0.967725    3.868301e+00
0:    13    3.562712e+03    0.979160    3.787685e+00
0:    14    3.501465e+03    0.982809    3.722571e+00
0:    15    3.386752e+03    0.967238    3.600614e+00
0:    16    3.348733e+03    0.988774    3.560194e+00
0:    17    3.236154e+03    0.966382    3.440506e+00
0:    18    3.176363e+03    0.981524    3.376939e+00
0:    19    3.102997e+03    0.976903    3.298941e+00
0:    20    3.007710e+03    0.969292    3.197636e+00
0:    21    2.962668e+03    0.985025    3.149751e+00
0:    22    2.862976e+03    0.966350    3.043763e+00
0:    23    2.804851e+03    0.979698    2.981968e+00
0:    24    2.736113e+03    0.975493    2.908890e+00
0:    25    2.650082e+03    0.968557    2.817425e+00
0:    26    2.603367e+03    0.982372    2.767761e+00
0:    27    2.516159e+03    0.966502    2.675046e+00
0:    28    2.457878e+03    0.976837    2.613085e+00
0:    29    2.395995e+03    0.974823    2.547294e+00
0:    30    2.317234e+03    0.967128    2.463559e+00
0:    31    2.270327e+03    0.979757    2.413690e+00
0:    32    2.194172e+03    0.966456    2.332726e+00
0:    33    2.136390e+03    0.973666    2.271295e+00
0:    34    2.080745e+03    0.973954    2.212137e+00
0:    35    2.008841e+03    0.965443    2.135692e+00
0:    36    1.962398e+03    0.976881    2.086316e+00
0:    37    1.895738e+03    0.966032    2.015448e+00
0:    38    1.839469e+03    0.970318    1.955626e+00
0:    39    1.788997e+03    0.972561    1.901966e+00
0:    40    1.723750e+03    0.963529    1.832599e+00
0:    41    1.678226e+03    0.973590    1.784200e+00
0:    42    1.619604e+03    0.965069    1.721877e+00
0:    43    1.565728e+03    0.966735    1.664598e+00
0:    44    1.519459e+03    0.970449    1.615407e+00
0:    45    1.460584e+03    0.961253    1.552815e+00
0:    46    1.416369e+03    0.969728    1.505808e+00
0:    47    1.364481e+03    0.963365    1.450643e+00
0:    48    1.313633e+03    0.962735    1.396585e+00
0:    49    1.270804e+03    0.967396    1.351051e+00
0:    50    1.217883e+03    0.958356    1.294788e+00
0:    51    1.175321e+03    0.965052    1.249538e+00
0:    52    1.129019e+03    0.960605    1.200313e+00
0:    53    1.081589e+03    0.957990    1.149887e+00
0:    54    1.041630e+03    0.963055    1.107405e+00
0:    55    9.941272e+02    0.954396    1.056903e+00
0:    56    9.534946e+02    0.959127    1.013704e+00
0:    57    9.117820e+02    0.956253    9.693580e-01
0:    58    8.679254e+02    0.951900    9.227319e-01
0:    59    8.304142e+02    0.956781    8.828520e-01
0:    60    7.877059e+02    0.948570    8.374469e-01
0:    61    7.491893e+02    0.951103    7.964981e-01
0:    62    7.111947e+02    0.949286    7.561043e-01
0:    63    6.708568e+02    0.943281    7.132191e-01
0:    64    6.354607e+02    0.947238    6.755879e-01
0:    65    5.968542e+02    0.939246    6.345435e-01
0:    66    5.605192e+02    0.939123    5.959141e-01
0:    67    5.254647e+02    0.937461    5.586460e-01
0:    68    4.883924e+02    0.929449    5.192327e-01
0:    69    4.548054e+02    0.931229    4.835248e-01
0:    70    4.195419e+02    0.922465    4.460345e-01
0:    71    3.852971e+02    0.918376    4.096273e-01
0:    72    3.524487e+02    0.914745    3.747047e-01
0:    73    3.181953e+02    0.902813    3.382882e-01
0:    74    2.861010e+02    0.899137    3.041673e-01
0:    75    2.534734e+02    0.885958    2.694794e-01
0:    76    2.214581e+02    0.873694    2.354424e-01
0:    77    1.912494e+02    0.863592    2.033261e-01
0:    78    1.619715e+02    0.846913    1.721995e-01
0:    79    1.368364e+02    0.844818    1.454772e-01
0:    80    1.168025e+02    0.853592    1.241782e-01
0:    81    1.041557e+02    0.891724    1.107328e-01
0:    82    1.015523e+02    0.975005    1.079650e-01
0:    83    1.092698e+02    1.075995    1.161698e-01
0:    84    1.262941e+02    1.155801    1.342691e-01
0:    85    1.421451e+02    1.125509    1.511211e-01
0:    86    1.383626e+02    0.973390    1.470997e-01
0:    87    1.136785e+02    0.821599    1.208570e-01
0:    88    8.699725e+01    0.765292    9.249083e-02
0:    89    7.384927e+01    0.848869    7.851260e-02
0:    90    7.537364e+01    1.020642    8.013323e-02
0:    91    8.200584e+01    1.087991    8.718423e-02
0:    92    7.784905e+01    0.949311    8.276496e-02
0:    93    6.277667e+01    0.806390    6.674080e-02
0:    94    5.300370e+01    0.844322    5.635071e-02
0:    95    5.342317e+01    1.007914    5.679666e-02
0:    96    5.543379e+01    1.037636    5.893425e-02
0:    97    4.887694e+01    0.881717    5.196335e-02
0:    98    4.008458e+01    0.820112    4.261579e-02
0:    99    3.784648e+01    0.944166    4.023636e-02
0:   100    3.922555e+01    1.036438    4.170251e-02
0:   101    3.543754e+01    0.903430    3.767530e-02
0:   102    2.946910e+01    0.831579    3.132997e-02
0:   103    2.791008e+01    0.947097    2.967251e-02
0:   104    2.839310e+01    1.017306    3.018603e-02
0:   105    2.531330e+01    0.891530    2.691175e-02
0:   106    2.159785e+01    0.853221    2.296168e-02
0:   107    2.123016e+01    0.982976    2.257077e-02
0:   108    2.104353e+01    0.991209    2.237236e-02
0:   109    1.817917e+01    0.863884    1.932712e-02
0:   110    1.649739e+01    0.907489    1.753914e-02
0:   111    1.672800e+01    1.013979    1.778432e-02
0:   112    1.553065e+01    0.928422    1.651136e-02
0:   113    1.346790e+01    0.867182    1.431835e-02
0:   114    1.303186e+01    0.967624    1.385477e-02
0:   115    1.263797e+01    0.969775    1.343601e-02
0:   116    1.078572e+01    0.853438    1.146680e-02
0:   117    9.706716e+00    0.899960    1.031966e-02
0:   118    9.438121e+00    0.972329    1.003411e-02
0:   119    8.296925e+00    0.879087    8.820847e-03
0:   120    7.318309e+00    0.882051    7.780435e-03
0:   121    7.130021e+00    0.974272    7.580257e-03
0:   122    6.451818e+00    0.904881    6.859228e-03
0:   123    5.545496e+00    0.859525    5.895675e-03
0:   124    5.274430e+00    0.951120    5.607493e-03
0:   125    4.892329e+00    0.927556    5.201263e-03
0:   126    4.172311e+00    0.852827    4.435778e-03
0:   127    3.871299e+00    0.927855    4.115759e-03
0:   128    3.627201e+00    0.936947    3.856246e-03
0:   129    3.091729e+00    0.852373    3.286961e-03
0:   130    2.811418e+00    0.909335    2.988950e-03
0:   131    2.631175e+00    0.935889    2.797324e-03
0:   132    2.250309e+00    0.855249    2.392409e-03
0:   133    2.008369e+00    0.892486    2.135191e-03
0:   134    1.869640e+00    0.930924    1.987701e-03
0:   135    1.602831e+00    0.857294    1.704044e-03
0:   136    1.403128e+00    0.875406    1.491730e-03
0:   137    1.304537e+00    0.929735    1.386914e-03
0:   138    1.107799e+00    0.849189    1.177752e-03
0:   139    9.614465e-01    0.867889    1.022159e-03
0:   140    8.892647e-01    0.924924    9.454188e-04
0:   141    7.423403e-01    0.834780    7.892165e-04
0:   142    6.509970e-01    0.876952    6.921052e-04
0:   143    5.848435e-01    0.898381    6.217744e-04
0:   144    4.942046e-01    0.845020    5.254119e-04
0:   145    4.282612e-01    0.866567    4.553044e-04
0:   146    3.765543e-01    0.879263    4.003324e-04
0:   147    3.220319e-01    0.855207    3.423671e-04
0:   148    2.716921e-01    0.843681    2.888485e-04
0:   149    2.480602e-01    0.913020    2.637244e-04
0:   150    2.054361e-01    0.828170    2.184087e-04
0:   151    1.800065e-01    0.876216    1.913733e-04
0:   152    1.634801e-01    0.908190    1.738033e-04
0:   153    1.381270e-01    0.844916    1.468492e-04
0:   154    1.255065e-01    0.908631    1.334318e-04
0:   155    1.143597e-01    0.911186    1.215811e-04
0:   156    1.007549e-01    0.881035    1.071172e-04
0:   157    9.256873e-02    0.918752    9.841413e-05
0:   158    8.584936e-02    0.927412    9.127045e-05
0:   159    7.480893e-02    0.871398    7.953286e-05
0:   160    6.890598e-02    0.921093    7.325716e-05
0:   161    6.054383e-02    0.878644    6.436697e-05
0:   162    5.189863e-02    0.857208    5.517585e-05
0:   163    4.531257e-02    0.873098    4.817391e-05
0:   164    3.964877e-02    0.875006    4.215246e-05
0:   165    3.374020e-02    0.850977    3.587078e-05
0:   166    3.172173e-02    0.940176    3.372485e-05
0:   167    2.932665e-02    0.924497    3.117853e-05
0:   168    2.791712e-02    0.951937    2.967999e-05
0:   169    2.743557e-02    0.982751    2.916803e-05
0:   170    2.520424e-02    0.918670    2.679580e-05
0:   171    2.206489e-02    0.875443    2.345821e-05
0:   172    1.956405e-02    0.886660    2.079945e-05
0:   173    1.604216e-02    0.819982    1.705517e-05
0:   174    1.429091e-02    0.890834    1.519333e-05
0:   175    1.314863e-02    0.920070    1.397892e-05
0:   176    1.178478e-02    0.896275    1.252895e-05
0:   177    1.074748e-02    0.911980    1.142615e-05
0:   178    9.211241e-03    0.857060    9.792899e-06
0:   179    7.596846e-03    0.824736    8.076560e-06
0:   180    6.804212e-03    0.895663    7.233875e-06
0:   181    6.164117e-03    0.905927    6.553360e-06
0:   182    5.639285e-03    0.914857    5.995387e-06
0:   183    5.114460e-03    0.906934    5.437421e-06
0:   184    4.186313e-03    0.818525    4.450665e-06
0:   185    3.503492e-03    0.836892    3.724725e-06
0:   186    3.054174e-03    0.871752    3.247035e-06
0:   187    2.661778e-03    0.871521    2.829860e-06
0:   188    2.311129e-03    0.868265    2.457069e-06
0:   189    1.982597e-03    0.857848    2.107792e-06
0:   190    1.663301e-03    0.838951    1.768333e-06
0:   191    1.521984e-03    0.915038    1.618092e-06
0:   192    1.353868e-03    0.889542    1.439360e-06
0:   193    1.135713e-03    0.838866    1.207430e-06
0:   194    9.593705e-04    0.844729    1.019951e-06
0:   195    8.212222e-04    0.856001    8.730796e-07
0:   196    7.264694e-04    0.884620    7.723435e-07
0:   197    6.368678e-04    0.876662    6.770838e-07
0:   198    5.144554e-04    0.807790    5.469415e-07
0:   199    4.297288e-04    0.835308    4.568647e-07
0:   200    3.882987e-04    0.903590    4.128184e-07
0:   201    3.343595e-04    0.861088    3.554732e-07
0:   202    2.888591e-04    0.863918    3.070995e-07
0:   203    2.429347e-04    0.841015    2.582752e-07
0:   204    2.111054e-04    0.868980    2.244359e-07
0:   205    1.901994e-04    0.900969    2.022098e-07
0:   206    1.589140e-04    0.835513    1.689489e-07
0:   207    1.352660e-04    0.851190    1.438076e-07
0:   208    1.240352e-04    0.916972    1.318676e-07
0:   209    1.105310e-04    0.891126    1.175107e-07
0:   210    9.713351e-05    0.878790    1.032672e-07
0:   211    8.715176e-05    0.897237    9.265509e-08
0:   212    7.993466e-05    0.917189    8.498226e-08
0:   213    7.717406e-05    0.965464    8.204734e-08
0:   214    7.033081e-05    0.911327    7.477196e-08
0:   215    6.604777e-05    0.939102    7.021846e-08
0:   216    6.551493e-05    0.991932    6.965197e-08
0:   217    6.124072e-05    0.934760    6.510786e-08
0:   218    5.782964e-05    0.944301    6.148139e-08
0:   219    5.571427e-05    0.963421    5.923244e-08
0:   220    5.259530e-05    0.944018    5.591651e-08
0:   221    4.861783e-05    0.924376    5.168788e-08
0:   222    4.461840e-05    0.917737    4.743590e-08
0:   223    4.142215e-05    0.928365    4.403782e-08
0:   224    3.821546e-05    0.922585    4.062863e-08
0:   225    3.370880e-05    0.882072    3.583739e-08
0:   226    3.115843e-05    0.924341    3.312597e-08
0:   227    2.952636e-05    0.947620    3.139085e-08
0:   228    2.640799e-05    0.894387    2.807556e-08
0:   229    2.489593e-05    0.942743    2.646803e-08
0:   230    2.393950e-05    0.961583    2.545119e-08
0:   231    2.226583e-05    0.930088    2.367185e-08
0:   232    2.062146e-05    0.926148    2.192364e-08
0:   233    1.910434e-05    0.926430    2.031072e-08
0:   234    1.757018e-05    0.919695    1.867967e-08
0:   235    1.544163e-05    0.878855    1.641672e-08
0:   236    1.347401e-05    0.872577    1.432484e-08
0:   237    1.190911e-05    0.883858    1.266113e-08
0:   238    9.954509e-06    0.835874    1.058310e-08
0:   239    8.080487e-06    0.811741    8.590743e-09
0: 
0: 
0: =============================================
0: Solve phase times:
0: =============================================
0: PCG Solve:
0:   wall clock time = 0.050266 seconds
0:   wall MFLOPS     = 0.000000
0:   cpu clock time  = 0.050244 seconds
0:   cpu MFLOPS      = 0.000000
0: 
0: 
0: Iterations = 239
0: Final Relative Residual Norm = 8.590743e-09
0: 
0: 27pt 3D Laplacian
0: =============================================
0: Hypre init times:
0: =============================================
0: Hypre init:
0:   wall clock time = 0.000004 seconds
0:   wall MFLOPS     = 0.000000
0:   cpu clock time  = 0.000004 seconds
0:   cpu MFLOPS      = 0.000000
0: 
0: 
0: Using HYPRE_DEVELOP_STRING: v3.1.0-3-g13083b05c (branch v3.1.0_highradixallreduce; not the develop branch)
0: 
0: Running with these driver parameters:
0:   solver ID    = 2
0: 
0:   Laplacian_27pt:
0:     (nx, ny, nz) = (96, 96, 96)
0:     (Px, Py, Pz) = (16, 16, 16)
0: 
0: =============================================
0: Generate Matrix:
0: =============================================
0: Spatial Operator:
0:   wall clock time = 0.000355 seconds
0:   wall MFLOPS     = 0.000000
0:   cpu clock time  = 0.000355 seconds
0:   cpu MFLOPS      = 0.000000
0: 
0:   Number of vector components: 1
0:   RHS vector has unit coefficients
0:   Initial guess is 0
0: =============================================
0: IJ Vector Setup:
0: =============================================
0: RHS and Initial Guess:
0:   wall clock time = 0.001225 seconds
0:   wall MFLOPS     = 0.000000
0:   cpu clock time  = 0.001225 seconds
0:   cpu MFLOPS      = 0.000000
0: 
0: Solver: DS-PCG
0: HYPRE_ParCSRPCGGetPrecond got good precond
0: =============================================
0: Setup phase times:
0: =============================================
0: PCG Setup:
0:   wall clock time = 0.000234 seconds
0:   wall MFLOPS     = 0.000000
0:   cpu clock time  = 0.000223 seconds
0:   cpu MFLOPS      = 0.000000
0: 
0: <b,b>: 8.847360e+05
0: 
0: 
0: Iters       ||r||_2     conv.rate  ||r||_2/||b||_2
0: -----    ------------   ---------  ------------ 
0:     1    3.701354e+03    3.935081    3.935081e+00
0:     2    3.570001e+03    0.964512    3.795434e+00
0:     3    3.443303e+03    0.964510    3.660736e+00
0:     4    3.317570e+03    0.963485    3.527064e+00
0:     5    3.194249e+03    0.962828    3.395955e+00
0:     6    3.074922e+03    0.962643    3.269093e+00
0:     7    2.958088e+03    0.962004    3.144881e+00
0:     8    2.843652e+03    0.961314    3.023219e+00
0:     9    2.732583e+03    0.960941    2.905137e+00
0:    10    2.624119e+03    0.960307    2.789823e+00
0:    11    2.518041e+03    0.959576    2.677046e+00
0:    12    2.414973e+03    0.959068    2.567470e+00
0:    13    2.314443e+03    0.958372    2.460592e+00
0:    14    2.216246e+03    0.957572    2.356195e+00
0:    15    2.120803e+03    0.956935    2.254725e+00
0:    16    2.027790e+03    0.956142    2.155838e+00
0:    17    1.937030e+03    0.955242    2.059347e+00
0:    18    1.848814e+03    0.954458    1.965560e+00
0:    19    1.762905e+03    0.953533    1.874226e+00
0:    20    1.679154e+03    0.952493    1.785187e+00
0:    21    1.597764e+03    0.951529    1.698657e+00
0:    22    1.518553e+03    0.950424    1.614444e+00
0:    23    1.441393e+03    0.949189    1.532412e+00
0:    24    1.366426e+03    0.947990    1.452711e+00
0:    25    1.293506e+03    0.946635    1.375187e+00
0:    26    1.222524e+03    0.945124    1.299723e+00
0:    27    1.153574e+03    0.943600    1.226418e+00
0:    28    1.086535e+03    0.941886    1.155146e+00
0:    29    1.021312e+03    0.939972    1.085805e+00
0:    30    9.579621e+02    0.937972    1.018454e+00
0:    31    8.963828e+02    0.935718    9.529863e-01
0:    32    8.364874e+02    0.933181    8.893087e-01
0:    33    7.783034e+02    0.930442    8.274506e-01
0:    34    7.217395e+02    0.927324    7.673149e-01
0:    35    6.667142e+02    0.923760    7.088149e-01
0:    36    6.132289e+02    0.919778    6.519522e-01
0:    37    5.611973e+02    0.915151    5.966350e-01
0:    38    5.105381e+02    0.909730    5.427769e-01
0:    39    4.612276e+02    0.903415    4.903526e-01
0:    40    4.131773e+02    0.895821    4.392680e-01
0:    41    3.662989e+02    0.886542    3.894294e-01
0:    42    3.205389e+02    0.875075    3.407798e-01
0:    43    2.757942e+02    0.860408    2.932097e-01
0:    44    2.319532e+02    0.841037    2.466002e-01
0:    45    1.889093e+02    0.814429    2.008383e-01
0:    46    1.464937e+02    0.775471    1.557443e-01
0:    47    1.044472e+02    0.712981    1.110427e-01
0:    48    6.215837e+01    0.595118    6.608346e-02
0:    49    1.233009e+02    1.983657    1.310869e-01
0:    50    9.213651e+01    0.747249    9.795462e-02
0:    51    7.842666e+01    0.851201    8.337904e-02
0:    52    7.144074e+01    0.910924    7.595198e-02
0:    53    6.235456e+01    0.872815    6.629203e-02
0:    54    5.388969e+01    0.864246    5.729264e-02
0:    55    4.807195e+01    0.892044    5.110753e-02
0:    56    4.194275e+01    0.872499    4.459129e-02
0:    57    3.622362e+01    0.863644    3.851102e-02
0:    58    3.193010e+01    0.881472    3.394637e-02
0:    59    2.777694e+01    0.869930    2.953096e-02
0:    60    2.401155e+01    0.864442    2.552780e-02
0:    61    2.112468e+01    0.879771    2.245863e-02
0:    62    1.847707e+01    0.874668    1.964384e-02
0:    63    1.614702e+01    0.873895    1.716665e-02
0:    64    1.436208e+01    0.889457    1.526900e-02
0:    65    1.274420e+01    0.887350    1.354895e-02
0:    66    1.126961e+01    0.884293    1.198125e-02
0:    67    1.000309e+01    0.887616    1.063475e-02
0:    68    8.694590e+00    0.869191    9.243623e-03
0:    69    7.379437e+00    0.848739    7.845423e-03
0:    70    6.259166e+00    0.848190    6.654411e-03
0:    71    5.333827e+00    0.852162    5.670639e-03
0:    72    4.563111e+00    0.855504    4.851256e-03
0:    73    3.881491e+00    0.850624    4.126594e-03
0:    74    3.254565e+00    0.838483    3.460080e-03
0:    75    2.731102e+00    0.839160    2.903562e-03
0:    76    2.286322e+00    0.837143    2.430696e-03
0:    77    1.889509e+00    0.826440    2.008825e-03
0:    78    1.556061e+00    0.823526    1.654321e-03
0:    79    1.272499e+00    0.817770    1.352853e-03
0:    80    1.032936e+00    0.811738    1.098163e-03
0:    81    8.289271e-01    0.802496    8.812710e-04
0:    82    6.616390e-01    0.798187    7.034192e-04
0:    83    5.246032e-01    0.792884    5.577301e-04
0:    84    4.097065e-01    0.780984    4.355781e-04
0:    85    3.207070e-01    0.782773    3.409586e-04
0:    86    2.489495e-01    0.776252    2.646698e-04
0:    87    1.932783e-01    0.776376    2.054832e-04
0:    88    1.516793e-01    0.784772    1.612574e-04
0:    89    1.214793e-01    0.800896    1.291503e-04
0:    90    9.943244e-02    0.818513    1.057113e-04
0:    91    8.431442e-02    0.847957    8.963858e-05
0:    92    7.236640e-02    0.858292    7.693609e-05
0:    93    6.053598e-02    0.836521    6.435862e-05
0:    94    4.740155e-02    0.783031    5.039480e-05
0:    95    3.459654e-02    0.729861    3.678119e-05
0:    96    2.740358e-02    0.792090    2.913403e-05
0:    97    2.726516e-02    0.994949    2.898686e-05
0:    98    2.235082e-02    0.819757    2.376219e-05
0:    99    1.913161e-02    0.855969    2.033971e-05
0:   100    1.609337e-02    0.841193    1.710962e-05
0:   101    1.324929e-02    0.823276    1.408593e-05
0:   102    1.069027e-02    0.806856    1.136533e-05
0:   103    8.523039e-03    0.797270    9.061240e-06
0:   104    6.804015e-03    0.798309    7.233666e-06
0:   105    5.502513e-03    0.808716    5.849978e-06
0:   106    4.492492e-03    0.816444    4.776178e-06
0:   107    3.594318e-03    0.800072    3.821287e-06
0:   108    2.774635e-03    0.771950    2.949844e-06
0:   109    2.093708e-03    0.754588    2.225918e-06
0:   110    1.619495e-03    0.773506    1.721760e-06
0:   111    1.291538e-03    0.797495    1.373095e-06
0:   112    1.013242e-03    0.784523    1.077225e-06
0:   113    7.756115e-04    0.765475    8.245887e-07
0:   114    5.972866e-04    0.770085    6.350032e-07
0:   115    4.543109e-04    0.760625    4.829991e-07
0:   116    3.407619e-04    0.750063    3.622798e-07
0:   117    2.650565e-04    0.777835    2.817939e-07
0:   118    2.064989e-04    0.779075    2.195387e-07
0:   119    1.584029e-04    0.767088    1.684055e-07
0:   120    1.234064e-04    0.779067    1.311991e-07
0:   121    9.832153e-05    0.796730    1.045302e-07
0:   122    8.105393e-05    0.824376    8.617220e-08
0:   123    6.772849e-05    0.835598    7.200532e-08
0:   124    5.956469e-05    0.879463    6.332600e-08
0:   125    5.395381e-05    0.905802    5.736081e-08
0:   126    4.932500e-05    0.914208    5.243971e-08
0:   127    4.554571e-05    0.923380    4.842177e-08
0:   128    4.072867e-05    0.894237    4.330054e-08
0:   129    3.595959e-05    0.882906    3.823032e-08
0:   130    3.081111e-05    0.856826    3.275673e-08
0:   131    2.649380e-05    0.859878    2.816679e-08
0:   132    2.291568e-05    0.864945    2.436273e-08
0:   133    2.037849e-05    0.889282    2.166533e-08
0:   134    1.855580e-05    0.910558    1.972754e-08
0:   135    1.679916e-05    0.905332    1.785997e-08
0:   136    1.443429e-05    0.859227    1.534577e-08
0:   137    1.157713e-05    0.802057    1.230818e-08
0:   138    8.686694e-06    0.750332    9.235229e-09
0: 
0: 
0: =============================================
0: Solve phase times:
0: =============================================
0: PCG Solve:
0:   wall clock time = 0.023244 seconds
0:   wall MFLOPS     = 0.000000
0:   cpu clock time  = 0.023244 seconds
0:   cpu MFLOPS      = 0.000000
0: 
0: 
0: Iterations = 138
0: Final Relative Residual Norm = 9.235229e-09
0: 
0: 125pt 3D Laplacian
0: =============================================
0: Hypre init times:
0: =============================================
0: Hypre init:
0:   wall clock time = 0.000003 seconds
0:   wall MFLOPS     = 0.000000
0:   cpu clock time  = 0.000004 seconds
0:   cpu MFLOPS      = 0.000000
0: 
0: 
0: Using HYPRE_DEVELOP_STRING: v3.1.0-3-g13083b05c (branch v3.1.0_highradixallreduce; not the develop branch)
0: 
0: Running with these driver parameters:
0:   solver ID    = 2
0: 
0:   Laplacian_125pt:
0:     (nx, ny, nz) = (96, 96, 96)
0:     (Px, Py, Pz) = (16, 16, 16)
0: 
0: =============================================
0: Generate Matrix:
0: =============================================
0: Spatial Operator:
0:   wall clock time = 0.005239 seconds
0:   wall MFLOPS     = 0.000000
0:   cpu clock time  = 0.005165 seconds
0:   cpu MFLOPS      = 0.000000
0: 
0:   Number of vector components: 1
0:   RHS vector has unit coefficients
0:   Initial guess is 0
0: =============================================
0: IJ Vector Setup:
0: =============================================
0: RHS and Initial Guess:
0:   wall clock time = 0.000573 seconds
0:   wall MFLOPS     = 0.000000
0:   cpu clock time  = 0.000572 seconds
0:   cpu MFLOPS      = 0.000000
0: 
0: Solver: DS-PCG
0: HYPRE_ParCSRPCGGetPrecond got good precond
0: =============================================
0: Setup phase times:
0: =============================================
0: PCG Setup:
0:   wall clock time = 0.000352 seconds
0:   wall MFLOPS     = 0.000000
0:   cpu clock time  = 0.000349 seconds
0:   cpu MFLOPS      = 0.000000
0: 
0: <b,b>: 8.847360e+05
0: 
0: 
0: Iters       ||r||_2     conv.rate  ||r||_2/||b||_2
0: -----    ------------   ---------  ------------ 
0:     1    8.140741e+03    8.654801    8.654801e+00
0:     2    9.342916e+03    1.147674    9.932889e+00
0:     3    1.012089e+04    1.083269    1.075999e+01
0:     4    1.071424e+04    1.058626    1.139080e+01
0:     5    1.120248e+04    1.045570    1.190988e+01
0:     6    1.160969e+04    1.036350    1.234281e+01
0:     7    1.196928e+04    1.030973    1.272510e+01
0:     8    1.228185e+04    1.026114    1.305740e+01
0:     9    1.256588e+04    1.023126    1.335937e+01
0:    10    1.282066e+04    1.020276    1.363024e+01
0:    11    1.305418e+04    1.018214    1.387851e+01
0:    12    1.326972e+04    1.016511    1.410765e+01
0:    13    1.346709e+04    1.014874    1.431749e+01
0:    14    1.365366e+04    1.013854    1.451584e+01
0:    15    1.382427e+04    1.012496    1.469722e+01
0:    16    1.398802e+04    1.011846    1.487132e+01
0:    17    1.413841e+04    1.010751    1.503120e+01
0:    18    1.428334e+04    1.010251    1.518528e+01
0:    19    1.441815e+04    1.009438    1.532860e+01
0:    20    1.454715e+04    1.008947    1.546575e+01
0:    21    1.466957e+04    1.008416    1.559591e+01
0:    22    1.478510e+04    1.007875    1.571872e+01
0:    23    1.489719e+04    1.007582    1.583790e+01
0:    24    1.500146e+04    1.006999    1.594875e+01
0:    25    1.510445e+04    1.006865    1.605824e+01
0:    26    1.519953e+04    1.006295    1.615933e+01
0:    27    1.529412e+04    1.006223    1.625989e+01
0:    28    1.538183e+04    1.005735    1.635314e+01
0:    29    1.546851e+04    1.005635    1.644529e+01
0:    30    1.555031e+04    1.005288    1.653225e+01
0:    31    1.562931e+04    1.005080    1.661625e+01
0:    32    1.569690e+04    1.004325    1.668811e+01
0:    33    1.565074e+04    0.997059    1.663903e+01
0:    34    1.518249e+04    0.970082    1.614121e+01
0:    35    1.475891e+04    0.972100    1.569088e+01
0:    36    1.815217e+04    1.229913    1.929842e+01
0:    37    1.422156e+04    0.783463    1.511960e+01
0:    38    1.684492e+04    1.184464    1.790862e+01
0:    39    1.439336e+04    0.854463    1.530225e+01
0:    40    1.869634e+04    1.298956    1.987695e+01
0:    41    1.363403e+04    0.729235    1.449498e+01
0:    42    1.762362e+04    1.292620    1.873649e+01
0:    43    1.835993e+04    1.041780    1.951929e+01
0:    44    1.397377e+04    0.761101    1.485616e+01
0:    45    1.572275e+04    1.125162    1.671558e+01
0:    46    1.938434e+04    1.232885    2.060839e+01
0:    47    1.769381e+04    0.912789    1.881111e+01
0:    48    1.420519e+04    0.802834    1.510220e+01
0:    49    1.483790e+04    1.044541    1.577486e+01
0:    50    1.817742e+04    1.225067    1.932526e+01
0:    51    1.996198e+04    1.098175    2.122251e+01
0:    52    1.778565e+04    0.890976    1.890875e+01
0:    53    1.478503e+04    0.831290    1.571865e+01
0:    54    1.425679e+04    0.964272    1.515706e+01
0:    55    1.575891e+04    1.105362    1.675403e+01
0:    56    1.875987e+04    1.190429    1.994449e+01
0:    57    2.031197e+04    1.082735    2.159460e+01
0:    58    1.946203e+04    0.958156    2.069099e+01
0:    59    1.706283e+04    0.876724    1.814029e+01
0:    60    1.494442e+04    0.875847    1.588811e+01
0:    61    1.428132e+04    0.955629    1.518314e+01
0:    62    1.480429e+04    1.036620    1.573914e+01
0:    63    1.671237e+04    1.128887    1.776770e+01
0:    64    1.875099e+04    1.121983    1.993505e+01
0:    65    2.058345e+04    1.097726    2.188322e+01
0:    66    2.084273e+04    1.012596    2.215887e+01
0:    67    1.990394e+04    0.954958    2.116080e+01
0:    68    1.795804e+04    0.902236    1.909203e+01
0:    69    1.585367e+04    0.882817    1.685477e+01
0:    70    1.477136e+04    0.931731    1.570412e+01
0:    71    1.475411e+04    0.998832    1.568579e+01
0:    72    1.430696e+04    0.969693    1.521040e+01
0:    73    1.555113e+04    1.086963    1.653313e+01
0:    74    1.687951e+04    1.085420    1.794539e+01
0:    75    1.834948e+04    1.087086    1.950819e+01
0:    76    2.001143e+04    1.090572    2.127508e+01
0:    77    2.124980e+04    1.061883    2.259165e+01
0:    78    2.069877e+04    0.974069    2.200582e+01
0:    79    2.187999e+04    1.057067    2.326164e+01
0:    80    1.924577e+04    0.879606    2.046108e+01
0:    81    1.938893e+04    1.007438    2.061327e+01
0:    82    1.743267e+04    0.899104    1.853348e+01
0:    83    1.570969e+04    0.901164    1.670170e+01
0:    84    1.570678e+04    0.999815    1.669860e+01
0:    85    1.484519e+04    0.945146    1.578261e+01
0:    86    1.396830e+04    0.940931    1.485035e+01
0:    87    1.492293e+04    1.068343    1.586526e+01
0:    88    1.548119e+04    1.037410    1.645878e+01
0:    89    1.499780e+04    0.968775    1.594486e+01
0:    90    1.631050e+04    1.087526    1.734045e+01
0:    91    1.812068e+04    1.110982    1.926493e+01
0:    92    1.907819e+04    1.052841    2.028292e+01
0:    93    1.902098e+04    0.997001    2.022209e+01
0:    94    2.053598e+04    1.079649    2.183276e+01
0:    95    2.235752e+04    1.088700    2.376933e+01
0:    96    2.260788e+04    1.011198    2.403549e+01
0:    97    2.153296e+04    0.952454    2.289269e+01
0:    98    2.079504e+04    0.965731    2.210817e+01
0:    99    2.138935e+04    1.028580    2.274002e+01
0:   100    2.124528e+04    0.993264    2.258685e+01
0:   101    2.019365e+04    0.950500    2.146881e+01
0:   102    1.843039e+04    0.912682    1.959421e+01
0:   103    1.746035e+04    0.947367    1.856291e+01
0:   104    1.700248e+04    0.973777    1.807613e+01
0:   105    1.690925e+04    0.994517    1.797701e+01
0:   106    1.680572e+04    0.993877    1.786694e+01
0:   107    1.530725e+04    0.910836    1.627386e+01
0:   108    1.427376e+04    0.932483    1.517510e+01
0:   109    1.410762e+04    0.988361    1.499847e+01
0:   110    1.419370e+04    1.006101    1.508999e+01
0:   111    1.502173e+04    1.058337    1.597030e+01
0:   112    1.512612e+04    1.006950    1.608129e+01
0:   113    1.517645e+04    1.003327    1.613479e+01
0:   114    1.494129e+04    0.984505    1.588479e+01
0:   115    1.508593e+04    1.009680    1.603856e+01
0:   116    1.545390e+04    1.024392    1.642976e+01
0:   117    1.667887e+04    1.079266    1.773208e+01
0:   118    1.841585e+04    1.104143    1.957875e+01
0:   119    1.886331e+04    1.024297    2.005446e+01
0:   120    1.976334e+04    1.047714    2.101133e+01
0:   121    1.960041e+04    0.991756    2.083811e+01
0:   122    1.971636e+04    1.005916    2.096138e+01
0:   123    2.047141e+04    1.038296    2.176411e+01
0:   124    2.002028e+04    0.977963    2.128449e+01
0:   125    2.149313e+04    1.073568    2.285035e+01
0:   126    2.277632e+04    1.059702    2.421457e+01
0:   127    2.277074e+04    0.999755    2.420863e+01
0:   128    2.366611e+04    1.039321    2.516054e+01
0:   129    2.357066e+04    0.995967    2.505907e+01
0:   130    2.229703e+04    0.945965    2.370501e+01
0:   131    2.133973e+04    0.957066    2.268726e+01
0:   132    2.146024e+04    1.005648    2.281539e+01
0:   133    2.063967e+04    0.961763    2.194300e+01
0:   134    2.038942e+04    0.987875    2.167694e+01
0:   135    2.131512e+04    1.045401    2.266109e+01
0:   136    2.177261e+04    1.021463    2.314748e+01
0:   137    2.113456e+04    0.970695    2.246914e+01
0:   138    2.024753e+04    0.958029    2.152609e+01
0:   139    2.011768e+04    0.993587    2.138804e+01
0:   140    1.902549e+04    0.945710    2.022689e+01
0:   141    1.793227e+04    0.942539    1.906464e+01
0:   142    1.690522e+04    0.942726    1.797273e+01
0:   143    1.638077e+04    0.968977    1.741516e+01
0:   144    1.654528e+04    1.010043    1.759006e+01
0:   145    1.560799e+04    0.943350    1.659358e+01
0:   146    1.509808e+04    0.967330    1.605147e+01
0:   147    1.505636e+04    0.997237    1.600712e+01
0:   148    1.566538e+04    1.040449    1.665459e+01
0:   149    1.574467e+04    1.005061    1.673889e+01
0:   150    1.567438e+04    0.995536    1.666416e+01
0:   151    1.480239e+04    0.944369    1.573711e+01
0:   152    1.498424e+04    1.012285    1.593045e+01
0:   153    1.442544e+04    0.962707    1.533636e+01
0:   154    1.468941e+04    1.018299    1.561700e+01
0:   155    1.377193e+04    0.937541    1.464158e+01
0:   156    1.334329e+04    0.968876    1.418588e+01
0:   157    1.294690e+04    0.970293    1.376445e+01
0:   158    1.330198e+04    1.027426    1.414195e+01
0:   159    1.442960e+04    1.084771    1.534078e+01
0:   160    1.457963e+04    1.010398    1.550029e+01
0:   161    1.487589e+04    1.020320    1.581525e+01
0:   162    1.492586e+04    1.003359    1.586838e+01
0:   163    1.588956e+04    1.064566    1.689293e+01
0:   164    1.687078e+04    1.061752    1.793611e+01
0:   165    1.698149e+04    1.006562    1.805381e+01
0:   166    1.728312e+04    1.017762    1.837449e+01
0:   167    1.759574e+04    1.018088    1.870685e+01
0:   168    1.725716e+04    0.980758    1.834689e+01
0:   169    1.682814e+04    0.975140    1.789078e+01
0:   170    1.718380e+04    1.021135    1.826890e+01
0:   171    1.669809e+04    0.971735    1.775252e+01
0:   172    1.731198e+04    1.036764    1.840517e+01
0:   173    1.821398e+04    1.052103    1.936413e+01
0:   174    1.831265e+04    1.005417    1.946903e+01
0:   175    1.790695e+04    0.977846    1.903771e+01
0:   176    1.811384e+04    1.011554    1.925767e+01
0:   177    1.914400e+04    1.056871    2.035288e+01
0:   178    1.936628e+04    1.011611    2.058919e+01
0:   179    2.093683e+04    1.081097    2.225891e+01
0:   180    2.227424e+04    1.063878    2.368078e+01
0:   181    2.237677e+04    1.004603    2.378979e+01
0:   182    2.193581e+04    0.980294    2.332098e+01
0:   183    2.193961e+04    1.000174    2.332502e+01
0:   184    2.225831e+04    1.014526    2.366385e+01
0:   185    2.205272e+04    0.990764    2.344528e+01
0:   186    2.217769e+04    1.005667    2.357814e+01
0:   187    2.250671e+04    1.014836    2.392794e+01
0:   188    2.341054e+04    1.040158    2.488884e+01
0:   189    2.294008e+04    0.979904    2.438867e+01
0:   190    2.231696e+04    0.972837    2.372620e+01
0:   191    2.178300e+04    0.976074    2.315852e+01
0:   192    2.253839e+04    1.034678    2.396162e+01
0:   193    2.201939e+04    0.976972    2.340984e+01
0:   194    2.132215e+04    0.968335    2.266857e+01
0:   195    2.160015e+04    1.013038    2.296413e+01
0:   196    2.182017e+04    1.010186    2.319804e+01
0:   197    2.310828e+04    1.059033    2.456748e+01
0:   198    2.262526e+04    0.979098    2.405396e+01
0:   199    2.221804e+04    0.982002    2.362103e+01
0:   200    2.203002e+04    0.991538    2.342114e+01
0:   201    2.182415e+04    0.990655    2.320227e+01
0:   202    2.248010e+04    1.030056    2.389964e+01
0:   203    2.243044e+04    0.997791    2.384685e+01
0:   204    2.239093e+04    0.998238    2.380484e+01
0:   205    2.260606e+04    1.009608    2.403355e+01
0:   206    2.263491e+04    1.001277    2.406423e+01
0:   207    2.382976e+04    1.052788    2.533453e+01
0:   208    2.469198e+04    1.036183    2.625120e+01
0:   209    2.380696e+04    0.964157    2.531028e+01
0:   210    2.290772e+04    0.962228    2.435426e+01
0:   211    2.249411e+04    0.981945    2.391454e+01
0:   212    2.249038e+04    0.999834    2.391058e+01
0:   213    2.242205e+04    0.996962    2.383793e+01
0:   214    2.158558e+04    0.962695    2.294864e+01
0:   215    2.011468e+04    0.931857    2.138485e+01
0:   216    1.897245e+04    0.943214    2.017050e+01
0:   217    1.902605e+04    1.002825    2.022748e+01
0:   218    1.887658e+04    0.992144    2.006857e+01
0:   219    1.839564e+04    0.974522    1.955726e+01
0:   220    1.797950e+04    0.977379    1.911485e+01
0:   221    1.787943e+04    0.994434    1.900846e+01
0:   222    1.712230e+04    0.957653    1.820351e+01
0:   223    1.697403e+04    0.991341    1.804588e+01
0:   224    1.671802e+04    0.984918    1.777371e+01
0:   225    1.671772e+04    0.999982    1.777339e+01
0:   226    1.581294e+04    0.945879    1.681147e+01
0:   227    1.585129e+04    1.002425    1.685224e+01
0:   228    1.584686e+04    0.999720    1.684753e+01
0:   229    1.604520e+04    1.012516    1.705840e+01
0:   230    1.571514e+04    0.979429    1.670750e+01
0:   231    1.581373e+04    1.006273    1.681231e+01
0:   232    1.603490e+04    1.013986    1.704745e+01
0:   233    1.694898e+04    1.057006    1.801925e+01
0:   234    1.723862e+04    1.017089    1.832719e+01
0:   235    1.691636e+04    0.981306    1.798457e+01
0:   236    1.754002e+04    1.036867    1.864761e+01
0:   237    1.743258e+04    0.993875    1.853339e+01
0:   238    1.662746e+04    0.953815    1.767743e+01
0:   239    1.560395e+04    0.938445    1.658929e+01
0:   240    1.544095e+04    0.989554    1.641599e+01
0:   241    1.563110e+04    1.012315    1.661815e+01
0:   242    1.476817e+04    0.944794    1.570073e+01
0:   243    1.420478e+04    0.961851    1.510177e+01
0:   244    1.390012e+04    0.978552    1.477786e+01
0:   245    1.340170e+04    0.964143    1.424797e+01
0:   246    1.322174e+04    0.986572    1.405665e+01
0:   247    1.288348e+04    0.974417    1.369703e+01
0:   248    1.346734e+04    1.045319    1.431776e+01
0:   249    1.416775e+04    1.052008    1.506240e+01
0:   250    1.408705e+04    0.994304    1.497660e+01
0:   251    1.375642e+04    0.976529    1.462509e+01
0:   252    1.377989e+04    1.001707    1.465005e+01
0:   253    1.327901e+04    0.963651    1.411753e+01
0:   254    1.224801e+04    0.922359    1.302143e+01
0:   255    1.165013e+04    0.951186    1.238580e+01
0:   256    1.150336e+04    0.987402    1.222975e+01
0:   257    1.173717e+04    1.020326    1.247834e+01
0:   258    1.227861e+04    1.046130    1.305397e+01
0:   259    1.204914e+04    0.981311    1.281000e+01
0:   260    1.150450e+04    0.954798    1.223097e+01
0:   261    1.171313e+04    1.018135    1.245278e+01
0:   262    1.202738e+04    1.026828    1.278687e+01
0:   263    1.202694e+04    0.999964    1.278640e+01
0:   264    1.185016e+04    0.985301    1.259846e+01
0:   265    1.224636e+04    1.033434    1.301967e+01
0:   266    1.353625e+04    1.105329    1.439102e+01
0:   267    1.472532e+04    1.087844    1.565518e+01
0:   268    1.542244e+04    1.047342    1.639632e+01
0:   269    1.583933e+04    1.027031    1.683953e+01
0:   270    1.468450e+04    0.927091    1.561178e+01
0:   271    1.283408e+04    0.873988    1.364451e+01
0:   272    1.379196e+04    1.074636    1.466288e+01
0:   273    1.399878e+04    1.014996    1.488276e+01
0:   274    1.310280e+04    0.935995    1.393020e+01
0:   275    1.335588e+04    1.019315    1.419925e+01
0:   276    1.333526e+04    0.998457    1.417734e+01
0:   277    1.356951e+04    1.017566    1.442637e+01
0:   278    1.421781e+04    1.047776    1.511561e+01
0:   279    1.567230e+04    1.102301    1.666196e+01
0:   280    1.557862e+04    0.994022    1.656236e+01
0:   281    1.484419e+04    0.952856    1.578155e+01
0:   282    1.506361e+04    1.014781    1.601482e+01
0:   283    1.522726e+04    1.010864    1.618881e+01
0:   284    1.488630e+04    0.977609    1.582632e+01
0:   285    1.551773e+04    1.042417    1.649762e+01
0:   286    1.638384e+04    1.055814    1.741842e+01
0:   287    1.626661e+04    0.992845    1.729379e+01
0:   288    1.589047e+04    0.976877    1.689390e+01
0:   289    1.525289e+04    0.959877    1.621606e+01
0:   290    1.565315e+04    1.026241    1.664160e+01
0:   291    1.573142e+04    1.005000    1.672480e+01
0:   292    1.526209e+04    0.970166    1.622583e+01
0:   293    1.562639e+04    1.023870    1.661314e+01
0:   294    1.567368e+04    1.003027    1.666342e+01
0:   295    1.480733e+04    0.944725    1.574236e+01
0:   296    1.427650e+04    0.964151    1.517802e+01
0:   297    1.442969e+04    1.010730    1.534088e+01
0:   298    1.533818e+04    1.062960    1.630674e+01
0:   299    1.609120e+04    1.049095    1.710731e+01
0:   300    1.621367e+04    1.007611    1.723751e+01
0:   301    1.543597e+04    0.952035    1.641070e+01
0:   302    1.549095e+04    1.003561    1.646915e+01
0:   303    1.604736e+04    1.035918    1.706069e+01
0:   304    1.566159e+04    0.975961    1.665056e+01
0:   305    1.507512e+04    0.962554    1.602706e+01
0:   306    1.525523e+04    1.011947    1.621854e+01
0:   307    1.493341e+04    0.978904    1.587640e+01
0:   308    1.615159e+04    1.081574    1.717151e+01
0:   309    1.745164e+04    1.080490    1.855365e+01
0:   310    1.617621e+04    0.926916    1.719768e+01
0:   311    1.676685e+04    1.036513    1.782562e+01
0:   312    1.703822e+04    1.016185    1.811413e+01
0:   313    1.635404e+04    0.959844    1.738674e+01
0:   314    1.707739e+04    1.044231    1.815577e+01
0:   315    1.684551e+04    0.986422    1.790924e+01
0:   316    1.629393e+04    0.967257    1.732283e+01
0:   317    1.577640e+04    0.968238    1.677263e+01
0:   318    1.624051e+04    1.029418    1.726604e+01
0:   319    1.612554e+04    0.992921    1.714381e+01
0:   320    1.637523e+04    1.015484    1.740927e+01
0:   321    1.788254e+04    1.092048    1.901176e+01
0:   322    1.792817e+04    1.002552    1.906027e+01
0:   323    1.872375e+04    1.044376    1.990609e+01
0:   324    1.970214e+04    1.052254    2.094627e+01
0:   325    2.022016e+04    1.026293    2.149700e+01
0:   326    1.932817e+04    0.955886    2.054867e+01
0:   327    1.875741e+04    0.970470    1.994187e+01
0:   328    1.872020e+04    0.998016    1.990232e+01
0:   329    1.927656e+04    1.029720    2.049381e+01
0:   330    1.913323e+04    0.992565    2.034143e+01
0:   331    1.858293e+04    0.971239    1.975638e+01
0:   332    1.877240e+04    1.010196    1.995781e+01
0:   333    1.886016e+04    1.004675    2.005111e+01
0:   334    1.861427e+04    0.986962    1.978970e+01
0:   335    1.797990e+04    0.965920    1.911527e+01
0:   336    1.772192e+04    0.985652    1.884100e+01
0:   337    1.841213e+04    1.038947    1.957480e+01
0:   338    1.939302e+04    1.053274    2.061763e+01
0:   339    1.960688e+04    1.011027    2.084499e+01
0:   340    1.976495e+04    1.008062    2.101304e+01
0:   341    2.072036e+04    1.048339    2.202878e+01
0:   342    2.069400e+04    0.998728    2.200075e+01
0:   343    2.104707e+04    1.017062    2.237612e+01
0:   344    1.993082e+04    0.946964    2.118938e+01
0:   345    1.962010e+04    0.984410    2.085904e+01
0:   346    1.940738e+04    0.989158    2.063289e+01
0:   347    1.915031e+04    0.986754    2.035958e+01
0:   348    1.887489e+04    0.985618    2.006677e+01
0:   349    1.824602e+04    0.966682    1.939819e+01
0:   350    1.940673e+04    1.063614    2.063220e+01
0:   351    2.129143e+04    1.097116    2.263591e+01
0:   352    2.149725e+04    1.009667    2.285473e+01
0:   353    2.262135e+04    1.052291    2.404982e+01
0:   354    2.415704e+04    1.067886    2.568247e+01
0:   355    2.434461e+04    1.007765    2.588189e+01
0:   356    2.416040e+04    0.992433    2.568605e+01
0:   357    2.447876e+04    1.013177    2.602451e+01
0:   358    2.516532e+04    1.028047    2.675442e+01
0:   359    2.320407e+04    0.922066    2.466933e+01
0:   360    2.176588e+04    0.938020    2.314032e+01
0:   361    2.166892e+04    0.995545    2.303724e+01
0:   362    2.106434e+04    0.972100    2.239449e+01
0:   363    1.984006e+04    0.941879    2.109289e+01
0:   364    2.063390e+04    1.040012    2.193686e+01
0:   365    2.140796e+04    1.037514    2.275980e+01
0:   366    2.034849e+04    0.950510    2.163342e+01
0:   367    1.895927e+04    0.931729    2.015649e+01
0:   368    1.802582e+04    0.950765    1.916409e+01
0:   369    1.784420e+04    0.989925    1.897100e+01
0:   370    1.787004e+04    1.001448    1.899847e+01
0:   371    1.862162e+04    1.042058    1.979751e+01
0:   372    1.939019e+04    1.041273    2.061461e+01
0:   373    2.012044e+04    1.037661    2.139098e+01
0:   374    2.038608e+04    1.013202    2.167339e+01
0:   375    2.153447e+04    1.056332    2.289430e+01
0:   376    2.199241e+04    1.021265    2.338116e+01
0:   377    2.133394e+04    0.970059    2.268110e+01
0:   378    2.111412e+04    0.989696    2.244741e+01
0:   379    2.108791e+04    0.998759    2.241954e+01
0:   380    2.177437e+04    1.032552    2.314935e+01
0:   381    2.173068e+04    0.997993    2.310290e+01
0:   382    2.147041e+04    0.988023    2.282619e+01
0:   383    2.219298e+04    1.033654    2.359439e+01
0:   384    2.133093e+04    0.961157    2.267790e+01
0:   385    2.085057e+04    0.977481    2.216721e+01
0:   386    2.051741e+04    0.984021    2.181302e+01
0:   387    1.975465e+04    0.962824    2.100209e+01
0:   388    2.111705e+04    1.068966    2.245052e+01
0:   389    2.129644e+04    1.008495    2.264124e+01
0:   390    2.064789e+04    0.969547    2.195173e+01
0:   391    2.137667e+04    1.035296    2.272653e+01
0:   392    2.263761e+04    1.058987    2.406710e+01
0:   393    2.220466e+04    0.980875    2.360680e+01
0:   394    2.239160e+04    1.008419    2.380555e+01
0:   395    2.346623e+04    1.047992    2.494804e+01
0:   396    2.262127e+04    0.963993    2.404972e+01
0:   397    2.129267e+04    0.941268    2.263723e+01
0:   398    2.106095e+04    0.989118    2.239088e+01
0:   399    2.067215e+04    0.981539    2.197753e+01
0:   400    2.158293e+04    1.044058    2.294582e+01
0:   401    2.278564e+04    1.055725    2.422448e+01
0:   402    2.215294e+04    0.972232    2.355182e+01
0:   403    2.121406e+04    0.957618    2.255365e+01
0:   404    1.937087e+04    0.913115    2.059407e+01
0:   405    1.795998e+04    0.927164    1.909409e+01
0:   406    1.835245e+04    1.021852    1.951135e+01
0:   407    1.826813e+04    0.995406    1.942170e+01
0:   408    1.900493e+04    1.040332    2.020503e+01
0:   409    1.842161e+04    0.969307    1.958487e+01
0:   410    1.756008e+04    0.953233    1.866894e+01
0:   411    1.697969e+04    0.966948    1.805190e+01
0:   412    1.675791e+04    0.986938    1.781611e+01
0:   413    1.651496e+04    0.985503    1.755782e+01
0:   414    1.675441e+04    1.014499    1.781240e+01
0:   415    1.625155e+04    0.969986    1.727778e+01
0:   416    1.685002e+04    1.036825    1.791404e+01
0:   417    1.739660e+04    1.032438    1.849514e+01
0:   418    1.845330e+04    1.060742    1.961856e+01
0:   419    1.936250e+04    1.049271    2.058518e+01
0:   420    2.046538e+04    1.056960    2.175770e+01
0:   421    2.161839e+04    1.056339    2.298351e+01
0:   422    2.218413e+04    1.026170    2.358499e+01
0:   423    2.462659e+04    1.110099    2.618168e+01
0:   424    2.506928e+04    1.017976    2.665232e+01
0:   425    2.437698e+04    0.972385    2.591631e+01
0:   426    2.448542e+04    1.004448    2.603159e+01
0:   427    2.343565e+04    0.957127    2.491553e+01
0:   428    2.230584e+04    0.951791    2.371437e+01
0:   429    2.309892e+04    1.035555    2.455753e+01
0:   430    2.273378e+04    0.984193    2.416934e+01
0:   431    2.328222e+04    1.024125    2.475241e+01
0:   432    2.383264e+04    1.023641    2.533759e+01
0:   433    2.379842e+04    0.998564    2.530121e+01
0:   434    2.418989e+04    1.016449    2.571740e+01
0:   435    2.462200e+04    1.017863    2.617680e+01
0:   436    2.472788e+04    1.004300    2.628937e+01
0:   437    2.476819e+04    1.001630    2.633222e+01
0:   438    2.349842e+04    0.948734    2.498227e+01
0:   439    2.379774e+04    1.012738    2.530049e+01
0:   440    2.544076e+04    1.069041    2.704726e+01
0:   441    2.810341e+04    1.104661    2.987804e+01
0:   442    2.931106e+04    1.042972    3.116196e+01
0:   443    2.835036e+04    0.967224    3.014059e+01
0:   444    2.736103e+04    0.965103    2.908878e+01
0:   445    2.617613e+04    0.956694    2.782906e+01
0:   446    2.410862e+04    0.921015    2.563099e+01
0:   447    2.329002e+04    0.966046    2.476071e+01
0:   448    2.363799e+04    1.014940    2.513064e+01
0:   449    2.490352e+04    1.053538    2.647609e+01
0:   450    2.494327e+04    1.001596    2.651835e+01
0:   451    2.407662e+04    0.965255    2.559698e+01
0:   452    2.253168e+04    0.935832    2.395447e+01
0:   453    2.186112e+04    0.970240    2.324158e+01
0:   454    2.258018e+04    1.032892    2.400605e+01
0:   455    2.351809e+04    1.041537    2.500318e+01
0:   456    2.378097e+04    1.011178    2.528265e+01
0:   457    2.232535e+04    0.938791    2.373512e+01
0:   458    2.314041e+04    1.036508    2.460164e+01
0:   459    2.313819e+04    0.999904    2.459929e+01
0:   460    2.292527e+04    0.990798    2.437292e+01
0:   461    2.366125e+04    1.032103    2.515538e+01
0:   462    2.279658e+04    0.963456    2.423611e+01
0:   463    2.204008e+04    0.966815    2.343183e+01
0:   464    2.120773e+04    0.962235    2.254692e+01
0:   465    2.037034e+04    0.960515    2.165666e+01
0:   466    2.016139e+04    0.989742    2.143451e+01
0:   467    1.987691e+04    0.985890    2.113207e+01
0:   468    2.090221e+04    1.051582    2.222212e+01
0:   469    2.155447e+04    1.031205    2.291556e+01
0:   470    2.197633e+04    1.019572    2.336406e+01
0:   471    2.141057e+04    0.974256    2.276258e+01
0:   472    2.114251e+04    0.987480    2.247758e+01
0:   473    2.035317e+04    0.962666    2.163840e+01
0:   474    2.050215e+04    1.007320    2.179679e+01
0:   475    2.129361e+04    1.038604    2.263823e+01
0:   476    2.217998e+04    1.041626    2.358057e+01
0:   477    2.228057e+04    1.004535    2.368751e+01
0:   478    2.324374e+04    1.043229    2.471151e+01
0:   479    2.355826e+04    1.013531    2.504589e+01
0:   480    2.307366e+04    0.979430    2.453068e+01
0:   481    2.242976e+04    0.972094    2.384613e+01
0:   482    2.258839e+04    1.007072    2.401476e+01
0:   483    2.332877e+04    1.032777    2.480190e+01
0:   484    2.232809e+04    0.957105    2.373803e+01
0:   485    2.181089e+04    0.976836    2.318817e+01
0:   486    2.060866e+04    0.944879    2.191002e+01
0:   487    2.125929e+04    1.031571    2.260174e+01
0:   488    2.218858e+04    1.043712    2.358971e+01
0:   489    2.213644e+04    0.997650    2.353428e+01
0:   490    2.119439e+04    0.957444    2.253275e+01
0:   491    2.150764e+04    1.014780    2.286578e+01
0:   492    2.179366e+04    1.013298    2.316986e+01
0:   493    2.123416e+04    0.974327    2.257502e+01
0:   494    2.141210e+04    1.008380    2.276420e+01
0:   495    2.094081e+04    0.977990    2.226315e+01
0:   496    1.917883e+04    0.915859    2.038991e+01
0:   497    1.742493e+04    0.908550    1.852526e+01
0:   498    1.619695e+04    0.929527    1.721974e+01
0:   499    1.583736e+04    0.977799    1.683743e+01
0:   500    1.508402e+04    0.952433    1.603652e+01
0:   501    1.529270e+04    1.013834    1.625838e+01
0:   502    1.541356e+04    1.007903    1.638687e+01
0:   503    1.567123e+04    1.016717    1.666082e+01
0:   504    1.581409e+04    1.009116    1.681270e+01
0:   505    1.502709e+04    0.950234    1.597600e+01
0:   506    1.475106e+04    0.981631    1.568253e+01
0:   507    1.380346e+04    0.935761    1.467510e+01
0:   508    1.284502e+04    0.930566    1.365614e+01
0:   509    1.183366e+04    0.921264    1.258091e+01
0:   510    1.146625e+04    0.968953    1.219031e+01
0:   511    1.074015e+04    0.936674    1.141835e+01
0:   512    1.034153e+04    0.962885    1.099456e+01
0:   513    1.048310e+04    1.013689    1.114507e+01
0:   514    1.059897e+04    1.011053    1.126826e+01
0:   515    1.041929e+04    0.983048    1.107724e+01
0:   516    9.849868e+03    0.945349    1.047185e+01
0:   517    9.245362e+03    0.938628    9.829175e+00
0:   518    9.579777e+03    1.036171    1.018471e+01
0:   519    9.338111e+03    0.974773    9.927780e+00
0:   520    9.038013e+03    0.967863    9.608732e+00
0:   521    8.819295e+03    0.975800    9.376204e+00
0:   522    9.081490e+03    1.029730    9.654955e+00
0:   523    9.792260e+03    1.078266    1.041061e+01
0:   524    1.010640e+04    1.032081    1.074459e+01
0:   525    1.030836e+04    1.019983    1.095930e+01
0:   526    1.037358e+04    1.006326    1.102863e+01
0:   527    1.079631e+04    1.040751    1.147806e+01
0:   528    1.137969e+04    1.054035    1.209828e+01
0:   529    1.246997e+04    1.095809    1.325740e+01
0:   530    1.273789e+04    1.021485    1.354225e+01
0:   531    1.256180e+04    0.986176    1.335504e+01
0:   532    1.306955e+04    1.040420    1.389485e+01
0:   533    1.230854e+04    0.941772    1.308578e+01
0:   534    1.161361e+04    0.943541    1.234697e+01
0:   535    1.143232e+04    0.984391    1.215424e+01
0:   536    1.073219e+04    0.938758    1.140989e+01
0:   537    1.089827e+04    1.015475    1.158646e+01
0:   538    1.039652e+04    0.953961    1.105302e+01
0:   539    1.018787e+04    0.979931    1.083119e+01
0:   540    1.085618e+04    1.065599    1.154171e+01
0:   541    1.089347e+04    1.003435    1.158136e+01
0:   542    1.060709e+04    0.973710    1.127689e+01
0:   543    1.125600e+04    1.061177    1.196678e+01
0:   544    1.102043e+04    0.979071    1.171633e+01
0:   545    1.093667e+04    0.992400    1.162728e+01
0:   546    1.089204e+04    0.995919    1.157983e+01
0:   547    1.078642e+04    0.990303    1.146754e+01
0:   548    1.029299e+04    0.954255    1.094296e+01
0:   549    1.023081e+04    0.993959    1.087685e+01
0:   550    1.086070e+04    1.061567    1.154651e+01
0:   551    1.149150e+04    1.058081    1.221715e+01
0:   552    1.170503e+04    1.018581    1.244416e+01
0:   553    1.176247e+04    1.004908    1.250523e+01
0:   554    1.228054e+04    1.044044    1.305601e+01
0:   555    1.305297e+04    1.062899    1.387722e+01
0:   556    1.355746e+04    1.038650    1.441357e+01
0:   557    1.406214e+04    1.037225    1.495011e+01
0:   558    1.436563e+04    1.021582    1.527277e+01
0:   559    1.458380e+04    1.015188    1.550472e+01
0:   560    1.551676e+04    1.063972    1.649659e+01
0:   561    1.548533e+04    0.997974    1.646317e+01
0:   562    1.673802e+04    1.080896    1.779497e+01
0:   563    1.693063e+04    1.011508    1.799975e+01
0:   564    1.623024e+04    0.958632    1.725513e+01
0:   565    1.523857e+04    0.938900    1.620083e+01
0:   566    1.505924e+04    0.988232    1.601018e+01
0:   567    1.535142e+04    1.019402    1.632080e+01
0:   568    1.486068e+04    0.968033    1.579908e+01
0:   569    1.414084e+04    0.951560    1.503378e+01
0:   570    1.420248e+04    1.004359    1.509932e+01
0:   571    1.461293e+04    1.028900    1.553569e+01
0:   572    1.531153e+04    1.047807    1.627841e+01
0:   573    1.494140e+04    0.975827    1.588490e+01
0:   574    1.491691e+04    0.998361    1.585886e+01
0:   575    1.524895e+04    1.022259    1.621187e+01
0:   576    1.540628e+04    1.010317    1.637914e+01
0:   577    1.621047e+04    1.052199    1.723411e+01
0:   578    1.538484e+04    0.949068    1.635634e+01
0:   579    1.461454e+04    0.949931    1.553740e+01
0:   580    1.564418e+04    1.070453    1.663206e+01
0:   581    1.548854e+04    0.990051    1.646658e+01
0:   582    1.572381e+04    1.015190    1.671672e+01
0:   583    1.615898e+04    1.027676    1.717937e+01
0:   584    1.712753e+04    1.059939    1.820907e+01
0:   585    1.621421e+04    0.946676    1.723809e+01
0:   586    1.665082e+04    1.026928    1.770227e+01
0:   587    1.633902e+04    0.981274    1.737078e+01
0:   588    1.593789e+04    0.975449    1.694431e+01
0:   589    1.599857e+04    1.003807    1.700882e+01
0:   590    1.622202e+04    1.013967    1.724639e+01
0:   591    1.587051e+04    0.978331    1.687268e+01
0:   592    1.493217e+04    0.940875    1.587508e+01
0:   593    1.396977e+04    0.935549    1.485191e+01
0:   594    1.365243e+04    0.977284    1.451453e+01
0:   595    1.391022e+04    1.018883    1.478860e+01
0:   596    1.387423e+04    0.997413    1.475034e+01
0:   597    1.382708e+04    0.996601    1.470021e+01
0:   598    1.373853e+04    0.993596    1.460607e+01
0:   599    1.364043e+04    0.992859    1.450177e+01
0:   600    1.301668e+04    0.954272    1.383864e+01
0:   601    1.230945e+04    0.945667    1.308675e+01
0:   602    1.142304e+04    0.927989    1.214437e+01
0:   603    1.140722e+04    0.998615    1.212754e+01
0:   604    1.131395e+04    0.991824    1.202839e+01
0:   605    1.050899e+04    0.928853    1.117260e+01
0:   606    1.055029e+04    1.003930    1.121651e+01
0:   607    1.026445e+04    0.972907    1.091262e+01
0:   608    9.833573e+03    0.958022    1.045453e+01
0:   609    9.875931e+03    1.004308    1.049956e+01
0:   610    9.771109e+03    0.989386    1.038812e+01
0:   611    9.990001e+03    1.022402    1.062084e+01
0:   612    9.057205e+03    0.906627    9.629136e+00
0:   613    8.861670e+03    0.978411    9.421254e+00
0:   614    8.605926e+03    0.971140    9.149361e+00
0:   615    8.831067e+03    1.026161    9.388719e+00
0:   616    9.013459e+03    1.020653    9.582629e+00
0:   617    8.736278e+03    0.969248    9.287944e+00
0:   618    8.539058e+03    0.977425    9.078270e+00
0:   619    8.636253e+03    1.011382    9.181603e+00
0:   620    8.906593e+03    1.031303    9.469014e+00
0:   621    8.896463e+03    0.998863    9.458244e+00
0:   622    8.549654e+03    0.961017    9.089535e+00
0:   623    8.588611e+03    1.004557    9.130953e+00
0:   624    8.606687e+03    1.002105    9.150170e+00
0:   625    8.480890e+03    0.985384    9.016430e+00
0:   626    8.408180e+03    0.991427    8.939128e+00
0:   627    8.225351e+03    0.978256    8.744754e+00
0:   628    8.395049e+03    1.020631    8.925168e+00
0:   629    8.249743e+03    0.982692    8.770686e+00
0:   630    8.218187e+03    0.996175    8.737138e+00
0:   631    8.441913e+03    1.027223    8.974990e+00
0:   632    8.621845e+03    1.021314    9.166285e+00
0:   633    8.404620e+03    0.974805    8.935343e+00
0:   634    8.322998e+03    0.990288    8.848567e+00
0:   635    8.605036e+03    1.033887    9.148415e+00
0:   636    8.470746e+03    0.984394    9.005644e+00
0:   637    8.240669e+03    0.972839    8.761039e+00
0:   638    8.251398e+03    1.001302    8.772445e+00
0:   639    8.204303e+03    0.994292    8.722376e+00
0:   640    8.307265e+03    1.012550    8.831841e+00
0:   641    8.474365e+03    1.020115    9.009493e+00
0:   642    8.733246e+03    1.030549    9.284721e+00
0:   643    8.693918e+03    0.995497    9.242910e+00
0:   644    8.409858e+03    0.967327    8.940912e+00
0:   645    8.111607e+03    0.964536    8.623828e+00
0:   646    7.775161e+03    0.958523    8.266136e+00
0:   647    7.761391e+03    0.998229    8.251497e+00
0:   648    8.047473e+03    1.036860    8.555644e+00
0:   649    8.000508e+03    0.994164    8.505713e+00
0:   650    7.990020e+03    0.998689    8.494563e+00
0:   651    7.827538e+03    0.979664    8.321821e+00
0:   652    7.209536e+03    0.921048    7.664793e+00
0:   653    7.027837e+03    0.974797    7.471621e+00
0:   654    6.879441e+03    0.978884    7.313854e+00
0:   655    6.493135e+03    0.943846    6.903155e+00
0:   656    6.357833e+03    0.979162    6.759308e+00
0:   657    6.157420e+03    0.968478    6.546240e+00
0:   658    5.968137e+03    0.969259    6.345004e+00
0:   659    6.117229e+03    1.024981    6.503511e+00
0:   660    5.842354e+03    0.955065    6.211279e+00
0:   661    5.579478e+03    0.955005    5.931804e+00
0:   662    5.476035e+03    0.981460    5.821828e+00
0:   663    5.403310e+03    0.986719    5.744510e+00
0:   664    5.530626e+03    1.023563    5.879866e+00
0:   665    5.721326e+03    1.034481    6.082608e+00
0:   666    5.418572e+03    0.947083    5.760736e+00
0:   667    5.431369e+03    1.002362    5.774342e+00
0:   668    5.382562e+03    0.991014    5.722453e+00
0:   669    5.378371e+03    0.999221    5.717996e+00
0:   670    5.346400e+03    0.994056    5.684007e+00
0:   671    5.104638e+03    0.954781    5.426979e+00
0:   672    5.275200e+03    1.033413    5.608311e+00
0:   673    5.561423e+03    1.054258    5.912608e+00
0:   674    5.428882e+03    0.976168    5.771698e+00
0:   675    5.470685e+03    1.007700    5.816141e+00
0:   676    5.303046e+03    0.969357    5.637915e+00
0:   677    4.960888e+03    0.935479    5.274151e+00
0:   678    4.520968e+03    0.911322    4.806452e+00
0:   679    4.440245e+03    0.982145    4.720632e+00
0:   680    4.306436e+03    0.969864    4.578372e+00
0:   681    4.118723e+03    0.956411    4.378806e+00
0:   682    4.053222e+03    0.984097    4.309169e+00
0:   683    4.064764e+03    1.002848    4.321440e+00
0:   684    3.790583e+03    0.932547    4.029945e+00
0:   685    3.748546e+03    0.988910    3.985254e+00
0:   686    3.574548e+03    0.953582    3.800268e+00
0:   687    3.429527e+03    0.959430    3.646090e+00
0:   688    3.372550e+03    0.983386    3.585515e+00
0:   689    3.443851e+03    1.021142    3.661319e+00
0:   690    3.376716e+03    0.980506    3.589944e+00
0:   691    3.506079e+03    1.038310    3.727476e+00
0:   692    3.508270e+03    1.000625    3.729806e+00
0:   693    3.577368e+03    1.019696    3.803267e+00
0:   694    3.709128e+03    1.036831    3.943347e+00
0:   695    3.856930e+03    1.039848    4.100482e+00
0:   696    4.060580e+03    1.052801    4.316991e+00
0:   697    3.948703e+03    0.972448    4.198050e+00
0:   698    3.796323e+03    0.961410    4.036048e+00
0:   699    3.579519e+03    0.942891    3.805553e+00
0:   700    3.441230e+03    0.961367    3.658532e+00
0:   701    3.364983e+03    0.977843    3.577471e+00
0:   702    3.362886e+03    0.999377    3.575241e+00
0:   703    3.299250e+03    0.981077    3.507586e+00
0:   704    3.178591e+03    0.963428    3.379308e+00
0:   705    3.159452e+03    0.993979    3.358961e+00
0:   706    3.007135e+03    0.951790    3.197025e+00
0:   707    2.845893e+03    0.946380    3.025601e+00
0:   708    2.704993e+03    0.950490    2.875804e+00
0:   709    2.656611e+03    0.982114    2.824367e+00
0:   710    2.665370e+03    1.003297    2.833679e+00
0:   711    2.671687e+03    1.002370    2.840395e+00
0:   712    2.725194e+03    1.020027    2.897280e+00
0:   713    2.871738e+03    1.053774    3.053078e+00
0:   714    3.072139e+03    1.069784    3.266134e+00
0:   715    3.101370e+03    1.009515    3.297211e+00
0:   716    3.113832e+03    1.004018    3.310460e+00
0:   717    2.928267e+03    0.940406    3.113177e+00
0:   718    2.620996e+03    0.895067    2.786503e+00
0:   719    2.477038e+03    0.945075    2.633455e+00
0:   720    2.466008e+03    0.995547    2.621728e+00
0:   721    2.570644e+03    1.042431    2.732971e+00
0:   722    2.437564e+03    0.948231    2.591488e+00
0:   723    2.420847e+03    0.993142    2.573715e+00
0:   724    2.311306e+03    0.954751    2.457257e+00
0:   725    2.302699e+03    0.996276    2.448107e+00
0:   726    2.269435e+03    0.985554    2.412742e+00
0:   727    2.176373e+03    0.958993    2.313803e+00
0:   728    2.147116e+03    0.986557    2.282699e+00
0:   729    2.035219e+03    0.947885    2.163736e+00
0:   730    1.984940e+03    0.975296    2.110283e+00
0:   731    1.925134e+03    0.969870    2.046700e+00
0:   732    1.815971e+03    0.943296    1.930643e+00
0:   733    1.775893e+03    0.977930    1.888035e+00
0:   734    1.762381e+03    0.992391    1.873669e+00
0:   735    1.656939e+03    0.940171    1.761569e+00
0:   736    1.647145e+03    0.994089    1.751157e+00
0:   737    1.608621e+03    0.976611    1.710200e+00
0:   738    1.544673e+03    0.960247    1.642214e+00
0:   739    1.524191e+03    0.986740    1.620438e+00
0:   740    1.452847e+03    0.953192    1.544589e+00
0:   741    1.328580e+03    0.914467    1.412475e+00
0:   742    1.210412e+03    0.911057    1.286845e+00
0:   743    1.187287e+03    0.980895    1.262260e+00
0:   744    1.149002e+03    0.967754    1.221558e+00
0:   745    1.080323e+03    0.940227    1.148542e+00
0:   746    9.709423e+02    0.898752    1.032254e+00
0:   747    9.043905e+02    0.931456    9.614996e-01
0:   748    8.555729e+02    0.946022    9.095994e-01
0:   749    8.644439e+02    1.010369    9.190306e-01
0:   750    8.012036e+02    0.926843    8.517968e-01
0:   751    7.671737e+02    0.957527    8.156181e-01
0:   752    7.184920e+02    0.936544    7.638623e-01
0:   753    6.522634e+02    0.907823    6.934516e-01
0:   754    5.977933e+02    0.916491    6.355419e-01
0:   755    5.632089e+02    0.942147    5.987736e-01
0:   756    5.062117e+02    0.898799    5.381772e-01
0:   757    4.593788e+02    0.907484    4.883870e-01
0:   758    3.989328e+02    0.868418    4.241240e-01
0:   759    3.358349e+02    0.841833    3.570417e-01
0:   760    2.981786e+02    0.887872    3.170075e-01
0:   761    2.837178e+02    0.951503    3.016337e-01
0:   762    2.484869e+02    0.875824    2.641780e-01
0:   763    2.211493e+02    0.889984    2.351142e-01
0:   764    2.092373e+02    0.946136    2.224499e-01
0:   765    2.056915e+02    0.983054    2.186802e-01
0:   766    1.856322e+02    0.902479    1.973543e-01
0:   767    1.579571e+02    0.850914    1.679316e-01
0:   768    1.399300e+02    0.885873    1.487661e-01
0:   769    1.261803e+02    0.901739    1.341482e-01
0:   770    1.076560e+02    0.853191    1.144541e-01
0:   771    9.761532e+01    0.906734    1.037794e-01
0:   772    9.005356e+01    0.922535    9.574013e-02
0:   773    8.516536e+01    0.945719    9.054326e-02
0:   774    8.043649e+01    0.944474    8.551578e-02
0:   775    7.195640e+01    0.894574    7.650020e-02
0:   776    6.775133e+01    0.941561    7.202960e-02
0:   777    6.222561e+01    0.918441    6.615494e-02
0:   778    5.706273e+01    0.917030    6.066605e-02
0:   779    5.373067e+01    0.941607    5.712358e-02
0:   780    5.163857e+01    0.961063    5.489937e-02
0:   781    5.169367e+01    1.001067    5.495794e-02
0:   782    5.123237e+01    0.991076    5.446752e-02
0:   783    5.154479e+01    1.006098    5.479967e-02
0:   784    5.102001e+01    0.989819    5.424175e-02
0:   785    4.743430e+01    0.929720    5.042962e-02
0:   786    4.603520e+01    0.970504    4.894217e-02
0:   787    4.463224e+01    0.969524    4.745062e-02
0:   788    4.232374e+01    0.948277    4.499634e-02
0:   789    4.008319e+01    0.947062    4.261431e-02
0:   790    3.787949e+01    0.945022    4.027145e-02
0:   791    3.757124e+01    0.991862    3.994374e-02
0:   792    3.511914e+01    0.934735    3.733679e-02
0:   793    3.378566e+01    0.962030    3.591911e-02
0:   794    3.195453e+01    0.945802    3.397235e-02
0:   795    3.177951e+01    0.994523    3.378628e-02
0:   796    3.281073e+01    1.032449    3.488262e-02
0:   797    3.068630e+01    0.935252    3.262404e-02
0:   798    2.989063e+01    0.974071    3.177813e-02
0:   799    2.983226e+01    0.998047    3.171606e-02
0:   800    2.952715e+01    0.989773    3.139169e-02
0:   801    2.870829e+01    0.972268    3.052112e-02
0:   802    2.732983e+01    0.951984    2.905562e-02
0:   803    2.587673e+01    0.946831    2.751076e-02
0:   804    2.529363e+01    0.977466    2.689084e-02
0:   805    2.486354e+01    0.982996    2.643359e-02
0:   806    2.377201e+01    0.956099    2.527313e-02
0:   807    2.320371e+01    0.976094    2.466894e-02
0:   808    2.189668e+01    0.943672    2.327938e-02
0:   809    2.235207e+01    1.020797    2.376353e-02
0:   810    2.300355e+01    1.029146    2.445614e-02
0:   811    2.481778e+01    1.078868    2.638494e-02
0:   812    2.714768e+01    1.093880    2.886196e-02
0:   813    2.778838e+01    1.023601    2.954312e-02
0:   814    2.675871e+01    0.962946    2.844843e-02
0:   815    2.560324e+01    0.956819    2.721999e-02
0:   816    2.452138e+01    0.957745    2.606982e-02
0:   817    2.524756e+01    1.029614    2.684186e-02
0:   818    2.578846e+01    1.021424    2.741691e-02
0:   819    2.546657e+01    0.987518    2.707470e-02
0:   820    2.478167e+01    0.973106    2.634654e-02
0:   821    2.388683e+01    0.963891    2.539520e-02
0:   822    2.362891e+01    0.989202    2.512099e-02
0:   823    2.403397e+01    1.017142    2.555163e-02
0:   824    2.439944e+01    1.015206    2.594018e-02
0:   825    2.476950e+01    1.015167    2.633361e-02
0:   826    2.427919e+01    0.980205    2.581234e-02
0:   827    2.242390e+01    0.923585    2.383989e-02
0:   828    2.073284e+01    0.924587    2.204205e-02
0:   829    1.941426e+01    0.936401    2.064020e-02
0:   830    1.883056e+01    0.969935    2.001965e-02
0:   831    1.929426e+01    1.024625    2.051262e-02
0:   832    1.884407e+01    0.976667    2.003401e-02
0:   833    1.710942e+01    0.907947    1.818983e-02
0:   834    1.608478e+01    0.940112    1.710048e-02
0:   835    1.561188e+01    0.970600    1.659772e-02
0:   836    1.610326e+01    1.031475    1.712013e-02
0:   837    1.646921e+01    1.022725    1.750918e-02
0:   838    1.590058e+01    0.965473    1.690464e-02
0:   839    1.553586e+01    0.977063    1.651690e-02
0:   840    1.608145e+01    1.035118    1.709694e-02
0:   841    1.665201e+01    1.035479    1.770353e-02
0:   842    1.719209e+01    1.032433    1.827771e-02
0:   843    1.796871e+01    1.045173    1.910338e-02
0:   844    1.738696e+01    0.967624    1.848489e-02
0:   845    1.629803e+01    0.937371    1.732720e-02
0:   846    1.540504e+01    0.945209    1.637781e-02
0:   847    1.415796e+01    0.919048    1.505199e-02
0:   848    1.370908e+01    0.968294    1.457476e-02
0:   849    1.350144e+01    0.984854    1.435401e-02
0:   850    1.342371e+01    0.994243    1.427137e-02
0:   851    1.310378e+01    0.976167    1.393124e-02
0:   852    1.289816e+01    0.984308    1.371264e-02
0:   853    1.316304e+01    1.020536    1.399424e-02
0:   854    1.201412e+01    0.912717    1.277277e-02
0:   855    1.151013e+01    0.958051    1.223696e-02
0:   856    1.151763e+01    1.000652    1.224493e-02
0:   857    1.143891e+01    0.993165    1.216124e-02
0:   858    1.169641e+01    1.022511    1.243499e-02
0:   859    1.157775e+01    0.989855    1.230885e-02
0:   860    1.050399e+01    0.907257    1.116729e-02
0:   861    9.803148e+00    0.933278    1.042218e-02
0:   862    8.780868e+00    0.895719    9.335350e-03
0:   863    8.356406e+00    0.951661    8.884084e-03
0:   864    8.179135e+00    0.978786    8.695619e-03
0:   865    8.250597e+00    1.008737    8.771594e-03
0:   866    8.058233e+00    0.976685    8.567083e-03
0:   867    8.228399e+00    1.021117    8.747994e-03
0:   868    7.692519e+00    0.934874    8.178275e-03
0:   869    7.268935e+00    0.944936    7.727943e-03
0:   870    6.879889e+00    0.946478    7.314331e-03
0:   871    6.929405e+00    1.007197    7.366973e-03
0:   872    6.895519e+00    0.995110    7.330947e-03
0:   873    6.804971e+00    0.986869    7.234682e-03
0:   874    6.652661e+00    0.977618    7.072754e-03
0:   875    6.434199e+00    0.967162    6.840497e-03
0:   876    6.610039e+00    1.027329    7.027441e-03
0:   877    6.786680e+00    1.026723    7.215236e-03
0:   878    7.055797e+00    1.039654    7.501347e-03
0:   879    7.304779e+00    1.035288    7.766051e-03
0:   880    7.296137e+00    0.998817    7.756864e-03
0:   881    7.887495e+00    1.081051    8.385564e-03
0:   882    8.373108e+00    1.061567    8.901841e-03
0:   883    8.439400e+00    1.007917    8.972319e-03
0:   884    8.041863e+00    0.952895    8.549679e-03
0:   885    7.700858e+00    0.957596    8.187141e-03
0:   886    7.102781e+00    0.922336    7.551297e-03
0:   887    6.995286e+00    0.984866    7.437014e-03
0:   888    6.488288e+00    0.927523    6.898001e-03
0:   889    6.250161e+00    0.963299    6.644838e-03
0:   890    5.981732e+00    0.957052    6.359458e-03
0:   891    5.845714e+00    0.977261    6.214851e-03
0:   892    5.741119e+00    0.982107    6.103652e-03
0:   893    5.389435e+00    0.938743    5.729759e-03
0:   894    5.295327e+00    0.982538    5.629708e-03
0:   895    5.153437e+00    0.973205    5.478859e-03
0:   896    4.546578e+00    0.882242    4.833679e-03
0:   897    4.358140e+00    0.958554    4.633342e-03
0:   898    4.006621e+00    0.919342    4.259626e-03
0:   899    3.656961e+00    0.912729    3.887886e-03
0:   900    3.445623e+00    0.942209    3.663202e-03
0:   901    3.236807e+00    0.939397    3.441200e-03
0:   902    3.095019e+00    0.956195    3.290459e-03
0:   903    3.047925e+00    0.984784    3.240391e-03
0:   904    3.063292e+00    1.005042    3.256728e-03
0:   905    3.071113e+00    1.002553    3.265044e-03
0:   906    2.967453e+00    0.966247    3.154838e-03
0:   907    2.775775e+00    0.935407    2.951056e-03
0:   908    2.664026e+00    0.959741    2.832251e-03
0:   909    2.530409e+00    0.949844    2.690195e-03
0:   910    2.488149e+00    0.983299    2.645267e-03
0:   911    2.577374e+00    1.035860    2.740126e-03
0:   912    2.574634e+00    0.998937    2.737213e-03
0:   913    2.534728e+00    0.984500    2.694788e-03
0:   914    2.491138e+00    0.982803    2.648445e-03
0:   915    2.605697e+00    1.045987    2.770238e-03
0:   916    2.734418e+00    1.049400    2.907087e-03
0:   917    2.926581e+00    1.070276    3.111384e-03
0:   918    2.929465e+00    1.000986    3.114451e-03
0:   919    2.899656e+00    0.989824    3.082759e-03
0:   920    2.902795e+00    1.001083    3.086097e-03
0:   921    2.883392e+00    0.993316    3.065468e-03
0:   922    2.922186e+00    1.013454    3.106712e-03
0:   923    3.075955e+00    1.052621    3.270191e-03
0:   924    3.394357e+00    1.103513    3.608699e-03
0:   925    3.626316e+00    1.068337    3.855305e-03
0:   926    3.615187e+00    0.996931    3.843474e-03
0:   927    3.528823e+00    0.976111    3.751657e-03
0:   928    3.630206e+00    1.028730    3.859441e-03
0:   929    3.703056e+00    1.020068    3.936891e-03
0:   930    3.713611e+00    1.002850    3.948113e-03
0:   931    3.714775e+00    1.000314    3.949351e-03
0:   932    3.895323e+00    1.048602    4.141299e-03
0:   933    4.028061e+00    1.034076    4.282420e-03
0:   934    4.103449e+00    1.018716    4.362568e-03
0:   935    4.002213e+00    0.975329    4.254939e-03
0:   936    3.753015e+00    0.937735    3.990005e-03
0:   937    3.533996e+00    0.941642    3.757156e-03
0:   938    3.489909e+00    0.987525    3.710284e-03
0:   939    3.480892e+00    0.997416    3.700698e-03
0:   940    3.493396e+00    1.003592    3.713993e-03
0:   941    3.500358e+00    1.001993    3.721394e-03
0:   942    3.624187e+00    1.035376    3.853042e-03
0:   943    3.664224e+00    1.011047    3.895607e-03
0:   944    3.563147e+00    0.972415    3.788148e-03
0:   945    3.432889e+00    0.963443    3.649664e-03
0:   946    3.394246e+00    0.988743    3.608581e-03
0:   947    3.565463e+00    1.050443    3.790610e-03
0:   948    3.715834e+00    1.042174    3.950476e-03
0:   949    3.811488e+00    1.025742    4.052170e-03
0:   950    3.907494e+00    1.025189    4.154239e-03
0:   951    3.977778e+00    1.017987    4.228962e-03
0:   952    4.075617e+00    1.024596    4.332978e-03
0:   953    3.896209e+00    0.955980    4.142241e-03
0:   954    3.776027e+00    0.969154    4.014470e-03
0:   955    3.583114e+00    0.948911    3.809376e-03
0:   956    3.449146e+00    0.962611    3.666948e-03
0:   957    3.312034e+00    0.960248    3.521178e-03
0:   958    3.248740e+00    0.980890    3.453887e-03
0:   959    3.176575e+00    0.977787    3.377165e-03
0:   960    3.262630e+00    1.027090    3.468654e-03
0:   961    3.255470e+00    0.997806    3.461042e-03
0:   962    3.199146e+00    0.982699    3.401161e-03
0:   963    3.256889e+00    1.018049    3.462550e-03
0:   964    3.287006e+00    1.009247    3.494570e-03
0:   965    3.224967e+00    0.981126    3.428612e-03
0:   966    3.337476e+00    1.034887    3.548226e-03
0:   967    3.345441e+00    1.002387    3.556694e-03
0:   968    3.406372e+00    1.018213    3.621472e-03
0:   969    3.254213e+00    0.955331    3.459706e-03
0:   970    3.156584e+00    0.969999    3.355912e-03
0:   971    3.181637e+00    1.007937    3.382546e-03
0:   972    3.197180e+00    1.004885    3.399071e-03
0:   973    3.146585e+00    0.984175    3.345281e-03
0:   974    3.009385e+00    0.956397    3.199418e-03
0:   975    2.860453e+00    0.950511    3.041081e-03
0:   976    2.836413e+00    0.991596    3.015523e-03
0:   977    2.841011e+00    1.001621    3.020411e-03
0:   978    2.854153e+00    1.004626    3.034383e-03
0:   979    2.686184e+00    0.941149    2.855807e-03
0:   980    2.505596e+00    0.932772    2.663816e-03
0:   981    2.255517e+00    0.900192    2.397946e-03
0:   982    2.073412e+00    0.919262    2.204341e-03
0:   983    1.948662e+00    0.939834    2.071714e-03
0:   984    1.791300e+00    0.919246    1.904414e-03
0:   985    1.740813e+00    0.971816    1.850740e-03
0:   986    1.705177e+00    0.979529    1.812854e-03
0:   987    1.652050e+00    0.968844    1.756372e-03
0:   988    1.532672e+00    0.927739    1.629455e-03
0:   989    1.461446e+00    0.953528    1.553732e-03
0:   990    1.437125e+00    0.983358    1.527874e-03
0:   991    1.412386e+00    0.982786    1.501573e-03
0:   992    1.436868e+00    1.017333    1.527601e-03
0:   993    1.459073e+00    1.015454    1.551208e-03
0:   994    1.494131e+00    1.024028    1.588480e-03
0:   995    1.490987e+00    0.997896    1.585138e-03
0:   996    1.445645e+00    0.969589    1.536933e-03
0:   997    1.381973e+00    0.955956    1.469240e-03
0:   998    1.373683e+00    0.994001    1.460427e-03
0:   999    1.420182e+00    1.033850    1.509862e-03
0:  1000    1.351335e+00    0.951522    1.436667e-03
0: 
0: 
0: =============================================
0: Solve phase times:
0: =============================================
0: PCG Solve:
0:   wall clock time = 0.260733 seconds
0:   wall MFLOPS     = 0.000000
0:   cpu clock time  = 0.260728 seconds
0:   cpu MFLOPS      = 0.000000
0: 
0: 
0: Iterations = 1000
0: Final Relative Residual Norm = 1.436667e-03
0: 
0: Global matrix size: 192 x 192 x 192
0: 5pt 2D Laplacian
0: =============================================
0: Hypre init times:
0: =============================================
0: Hypre init:
0:   wall clock time = 0.000003 seconds
0:   wall MFLOPS     = 0.000000
0:   cpu clock time  = 0.000003 seconds
0:   cpu MFLOPS      = 0.000000
0: 
0: 
0: Using HYPRE_DEVELOP_STRING: v3.1.0-3-g13083b05c (branch v3.1.0_highradixallreduce; not the develop branch)
0: 
0: Running with these driver parameters:
0:   solver ID    = 2
0: 
0:   Laplacian:   num_fun = 1
0:     (nx, ny, nz) = (192, 192, 192)
0:     (Px, Py, Pz) = (16, 16, 16)
0:     (cx, cy, cz) = (1.000000, 1.000000, 1.000000)
0: 
0: =============================================
0: Generate Matrix:
0: =============================================
0: Spatial Operator:
0:   wall clock time = 0.000498 seconds
0:   wall MFLOPS     = 0.000000
0:   cpu clock time  = 0.000498 seconds
0:   cpu MFLOPS      = 0.000000
0: 
0:   Number of vector components: 1
0:   RHS vector has unit coefficients
0:   Initial guess is 0
0: =============================================
0: IJ Vector Setup:
0: =============================================
0: RHS and Initial Guess:
0:   wall clock time = 0.001201 seconds
0:   wall MFLOPS     = 0.000000
0:   cpu clock time  = 0.001194 seconds
0:   cpu MFLOPS      = 0.000000
0: 
0: Solver: DS-PCG
0: HYPRE_ParCSRPCGGetPrecond got good precond
0: =============================================
0: Setup phase times:
0: =============================================
0: PCG Setup:
0:   wall clock time = 0.000207 seconds
0:   wall MFLOPS     = 0.000000
0:   cpu clock time  = 0.000207 seconds
0:   cpu MFLOPS      = 0.000000
0: 
0: <b,b>: 7.077888e+06
0: 
0: 
0: Iters       ||r||_2     conv.rate  ||r||_2/||b||_2
0: -----    ------------   ---------  ------------ 
0:     1    1.497108e+04    5.627314    5.627314e+00
0:     2    1.481132e+04    0.989329    5.567264e+00
0:     3    1.543118e+04    1.041851    5.800257e+00
0:     4    1.760209e+04    1.140684    6.616258e+00
0:     5    1.607022e+04    0.912972    6.040458e+00
0:     6    1.781682e+04    1.108686    6.696972e+00
0:     7    1.756551e+04    0.985895    6.602508e+00
0:     8    1.786888e+04    1.017271    6.716538e+00
0:     9    1.702315e+04    0.952670    6.398646e+00
0:    10    1.756111e+04    1.031602    6.600855e+00
0:    11    1.714872e+04    0.976517    6.445845e+00
0:    12    1.670190e+04    0.973944    6.277893e+00
0:    13    1.720001e+04    1.029824    6.465123e+00
0:    14    1.627924e+04    0.946467    6.119026e+00
0:    15    1.662640e+04    1.021325    6.249515e+00
0:    16    1.633175e+04    0.982278    6.138762e+00
0:    17    1.587902e+04    0.972279    5.968591e+00
0:    18    1.622322e+04    1.021676    6.097968e+00
0:    19    1.552388e+04    0.956893    5.835102e+00
0:    20    1.567492e+04    1.009729    5.891874e+00
0:    21    1.547656e+04    0.987346    5.817316e+00
0:    22    1.505825e+04    0.972971    5.660082e+00
0:    23    1.527760e+04    1.014566    5.742529e+00
0:    24    1.474396e+04    0.965070    5.541945e+00
0:    25    1.477064e+04    1.001809    5.551973e+00
0:    26    1.463086e+04    0.990537    5.499433e+00
0:    27    1.424839e+04    0.973859    5.355673e+00
0:    28    1.438036e+04    1.009262    5.405276e+00
0:    29    1.396251e+04    0.970943    5.248215e+00
0:    30    1.391031e+04    0.996261    5.228594e+00
0:    31    1.380668e+04    0.992550    5.189643e+00
0:    32    1.345727e+04    0.974692    5.058305e+00
0:    33    1.352640e+04    1.005137    5.084290e+00
0:    34    1.319222e+04    0.975295    4.958680e+00
0:    35    1.308890e+04    0.992168    4.919845e+00
0:    36    1.300761e+04    0.993789    4.889289e+00
0:    37    1.268886e+04    0.975495    4.769475e+00
0:    38    1.271078e+04    1.001728    4.777715e+00
0:    39    1.243938e+04    0.978648    4.675702e+00
0:    40    1.230287e+04    0.989026    4.624390e+00
0:    41    1.223475e+04    0.994463    4.598786e+00
0:    42    1.194488e+04    0.976308    4.489832e+00
0:    43    1.193010e+04    0.998763    4.484277e+00
0:    44    1.170707e+04    0.981305    4.400445e+00
0:    45    1.154968e+04    0.986556    4.341283e+00
0:    46    1.148835e+04    0.994690    4.318229e+00
0:    47    1.122591e+04    0.977156    4.219583e+00
0:    48    1.118203e+04    0.996092    4.203092e+00
0:    49    1.099680e+04    0.983435    4.133468e+00
0:    50    1.082742e+04    0.984597    4.069802e+00
0:    51    1.076831e+04    0.994540    4.047582e+00
0:    52    1.053186e+04    0.978042    3.958707e+00
0:    53    1.046482e+04    0.993635    3.933509e+00
0:    54    1.030923e+04    0.985132    3.875024e+00
0:    55    1.013451e+04    0.983052    3.809351e+00
0:    56    1.007439e+04    0.994067    3.786751e+00
0:    57    9.862383e+03    0.978956    3.707063e+00
0:    58    9.777099e+03    0.991353    3.675007e+00
0:    59    9.644572e+03    0.986445    3.625193e+00
0:    60    9.469563e+03    0.981854    3.559411e+00
0:    61    9.406235e+03    0.993312    3.535607e+00
0:    62    9.216928e+03    0.979874    3.464450e+00
0:    63    9.117659e+03    0.989230    3.427137e+00
0:    64    9.002809e+03    0.987404    3.383968e+00
0:    65    8.831323e+03    0.980952    3.319510e+00
0:    66    8.763447e+03    0.992314    3.293996e+00
0:    67    8.594890e+03    0.980766    3.230639e+00
0:    68    8.485409e+03    0.987262    3.189488e+00
0:    69    8.383773e+03    0.988022    3.151285e+00
0:    70    8.218627e+03    0.980302    3.089210e+00
0:    71    8.145559e+03    0.991109    3.061745e+00
0:    72    7.995638e+03    0.981595    3.005393e+00
0:    73    7.879310e+03    0.985451    2.961668e+00
0:    74    7.787210e+03    0.988311    2.927049e+00
0:    75    7.630379e+03    0.979861    2.868100e+00
0:    76    7.552049e+03    0.989734    2.838657e+00
0:    77    7.418544e+03    0.982322    2.788476e+00
0:    78    7.298345e+03    0.983797    2.743295e+00
0:    79    7.212802e+03    0.988279    2.711142e+00
0:    80    7.065545e+03    0.979584    2.655791e+00
0:    81    6.982339e+03    0.988224    2.624515e+00
0:    82    6.862993e+03    0.982908    2.579656e+00
0:    83    6.741514e+03    0.982299    2.533994e+00
0:    84    6.660182e+03    0.987936    2.503423e+00
0:    85    6.523144e+03    0.979424    2.451913e+00
0:    86    6.435793e+03    0.986609    2.419080e+00
0:    87    6.328388e+03    0.983311    2.378709e+00
0:    88    6.207822e+03    0.980948    2.333391e+00
0:    89    6.128931e+03    0.987292    2.303737e+00
0:    90    6.002243e+03    0.979330    2.256118e+00
0:    91    5.911720e+03    0.984918    2.222092e+00
0:    92    5.814146e+03    0.983495    2.185416e+00
0:    93    5.696284e+03    0.979728    2.141114e+00
0:    94    5.618578e+03    0.986359    2.111906e+00
0:    95    5.501958e+03    0.979244    2.068071e+00
0:    96    5.409374e+03    0.983173    2.033270e+00
0:    97    5.319691e+03    0.983421    1.999561e+00
0:    98    5.205917e+03    0.978613    1.956795e+00
0:    99    5.128599e+03    0.985148    1.927733e+00
0:   100    5.021440e+03    0.979106    1.887454e+00
0:   101    4.927956e+03    0.981383    1.852316e+00
0:   102    4.844443e+03    0.983053    1.820925e+00
0:   103    4.735752e+03    0.977564    1.780070e+00
0:   104    4.658406e+03    0.983668    1.750997e+00
0:   105    4.559874e+03    0.978848    1.713961e+00
0:   106    4.466622e+03    0.979550    1.678910e+00
0:   107    4.387807e+03    0.982355    1.649285e+00
0:   108    4.284823e+03    0.976529    1.610575e+00
0:   109    4.207350e+03    0.981919    1.581455e+00
0:   110    4.116462e+03    0.978398    1.547292e+00
0:   111    4.024480e+03    0.977655    1.512718e+00
0:   112    3.949158e+03    0.981284    1.484406e+00
0:   113    3.852172e+03    0.975441    1.447951e+00
0:   114    3.774711e+03    0.979892    1.418835e+00
0:   115    3.690418e+03    0.977669    1.387151e+00
0:   116    3.600594e+03    0.975660    1.353388e+00
0:   117    3.527830e+03    0.979791    1.326038e+00
0:   118    3.436839e+03    0.974208    1.291836e+00
0:   119    3.359696e+03    0.977554    1.262840e+00
0:   120    3.280946e+03    0.976560    1.233239e+00
0:   121    3.193988e+03    0.973496    1.200553e+00
0:   122    3.123098e+03    0.977805    1.173907e+00
0:   123    3.037859e+03    0.972707    1.141868e+00
0:   124    2.961434e+03    0.974842    1.113141e+00
0:   125    2.887225e+03    0.974942    1.085247e+00
0:   126    2.803636e+03    0.971049    1.053828e+00
0:   127    2.734163e+03    0.975220    1.027715e+00
0:   128    2.654243e+03    0.970770    9.976743e-01
0:   129    2.578967e+03    0.971639    9.693796e-01
0:   130    2.508388e+03    0.972633    9.428505e-01
0:   131    2.428460e+03    0.968136    9.128073e-01
0:   132    2.360139e+03    0.971866    8.871268e-01
0:   133    2.284965e+03    0.968149    8.588707e-01
0:   134    2.211244e+03    0.967736    8.311603e-01
0:   135    2.143499e+03    0.969364    8.056965e-01
0:   136    2.067315e+03    0.964458    7.770605e-01
0:   137    2.000027e+03    0.967451    7.517682e-01
0:   138    1.928940e+03    0.964457    7.250481e-01
0:   139    1.857106e+03    0.962760    6.980473e-01
0:   140    1.791525e+03    0.964686    6.733966e-01
0:   141    1.718971e+03    0.959502    6.461253e-01
0:   142    1.652696e+03    0.961445    6.212137e-01
0:   143    1.584988e+03    0.959032    5.957637e-01
0:   144    1.515263e+03    0.956009    5.695555e-01
0:   145    1.451296e+03    0.957785    5.455117e-01
0:   146    1.382084e+03    0.952310    5.194963e-01
0:   147    1.316848e+03    0.952799    4.949758e-01
0:   148    1.251798e+03    0.950601    4.705246e-01
0:   149    1.184261e+03    0.946048    4.451390e-01
0:   150    1.121465e+03    0.946974    4.215353e-01
0:   151    1.055151e+03    0.940868    3.966091e-01
0:   152    9.909835e+02    0.939187    3.724900e-01
0:   153    9.278887e+02    0.936331    3.487739e-01
0:   154    8.625002e+02    0.929530    3.241958e-01
0:   155    8.006263e+02    0.928262    3.009387e-01
0:   156    7.369401e+02    0.920455    2.770004e-01
0:   157    6.745600e+02    0.915353    2.535530e-01
0:   158    6.144155e+02    0.910839    2.309459e-01
0:   159    5.544406e+02    0.902387    2.084026e-01
0:   160    5.000330e+02    0.901869    1.879520e-01
0:   161    4.506228e+02    0.901186    1.693797e-01
0:   162    4.104413e+02    0.910831    1.542763e-01
0:   163    3.845053e+02    0.936809    1.445275e-01
0:   164    3.752459e+02    0.975919    1.410471e-01
0:   165    3.900070e+02    1.039337    1.465955e-01
0:   166    4.319506e+02    1.107546    1.623612e-01
0:   167    5.016417e+02    1.161340    1.885566e-01
0:   168    5.895317e+02    1.175205    2.215926e-01
0:   169    6.561946e+02    1.113078    2.466498e-01
0:   170    6.549150e+02    0.998050    2.461688e-01
0:   171    5.738652e+02    0.876244    2.157039e-01
0:   172    4.623690e+02    0.805710    1.737948e-01
0:   173    3.789007e+02    0.819477    1.424208e-01
0:   174    3.458297e+02    0.912719    1.299901e-01
0:   175    3.646113e+02    1.054309    1.370498e-01
0:   176    4.126449e+02    1.131739    1.551046e-01
0:   177    4.348528e+02    1.053818    1.634521e-01
0:   178    3.948599e+02    0.908031    1.484196e-01
0:   179    3.282942e+02    0.831419    1.233989e-01
0:   180    2.913470e+02    0.887457    1.095112e-01
0:   181    3.001264e+02    1.030134    1.128112e-01
0:   182    3.305718e+02    1.101442    1.242550e-01
0:   183    3.320165e+02    1.004370    1.247980e-01
0:   184    2.885520e+02    0.869089    1.084606e-01
0:   185    2.492890e+02    0.863931    9.370253e-02
0:   186    2.468489e+02    0.990212    9.278533e-02
0:   187    2.676293e+02    1.084183    1.005963e-01
0:   188    2.680028e+02    1.001396    1.007366e-01
0:   189    2.338149e+02    0.872435    8.788614e-02
0:   190    2.070117e+02    0.885366    7.781137e-02
0:   191    2.110747e+02    1.019627    7.933855e-02
0:   192    2.245988e+02    1.064073    8.442200e-02
0:   193    2.113706e+02    0.941103    7.944979e-02
0:   194    1.830404e+02    0.865969    6.880106e-02
0:   195    1.741234e+02    0.951284    6.544933e-02
0:   196    1.849190e+02    1.062000    6.950718e-02
0:   197    1.828288e+02    0.988697    6.872153e-02
0:   198    1.603201e+02    0.876886    6.026096e-02
0:   199    1.479746e+02    0.922995    5.562055e-02
0:   200    1.541189e+02    1.041523    5.793006e-02
0:   201    1.554271e+02    1.008489    5.842181e-02
0:   202    1.380170e+02    0.887985    5.187772e-02
0:   203    1.264245e+02    0.916006    4.752031e-02
0:   204    1.309737e+02    1.035984    4.923028e-02
0:   205    1.314420e+02    1.003576    4.940631e-02
0:   206    1.172477e+02    0.892011    4.407096e-02
0:   207    1.086191e+02    0.926407    4.082765e-02
0:   208    1.125576e+02    1.036260    4.230804e-02
0:   209    1.113280e+02    0.989076    4.184588e-02
0:   210    9.893904e+01    0.888716    3.718912e-02
0:   211    9.407843e+01    0.950873    3.536211e-02
0:   212    9.792291e+01    1.040865    3.680717e-02
0:   213    9.378670e+01    0.957761    3.525246e-02
0:   214    8.399081e+01    0.895551    3.157039e-02
0:   215    8.276879e+01    0.985451    3.111106e-02
0:   216    8.531193e+01    1.030726    3.206697e-02
0:   217    7.893766e+01    0.925283    2.967102e-02
0:   218    7.237722e+01    0.916891    2.720508e-02
0:   219    7.410417e+01    1.023860    2.785421e-02
0:   220    7.370325e+01    0.994590    2.770351e-02
0:   221    6.661046e+01    0.903766    2.503748e-02
0:   222    6.428310e+01    0.965060    2.416267e-02
0:   223    6.634385e+01    1.032057    2.493726e-02
0:   224    6.260319e+01    0.943617    2.353123e-02
0:   225    5.737757e+01    0.916528    2.156703e-02
0:   226    5.815300e+01    1.013515    2.185850e-02
0:   227    5.789955e+01    0.995642    2.176323e-02
0:   228    5.245328e+01    0.905936    1.971609e-02
0:   229    5.063688e+01    0.965371    1.903334e-02
0:   230    5.161867e+01    1.019389    1.940238e-02
0:   231    4.783392e+01    0.926679    1.797977e-02
0:   232    4.398817e+01    0.919602    1.653423e-02
0:   233    4.417588e+01    1.004267    1.660479e-02
0:   234    4.237561e+01    0.959248    1.592811e-02
0:   235    3.804929e+01    0.897905    1.430193e-02
0:   236    3.714418e+01    0.976212    1.396172e-02
0:   237    3.704313e+01    0.997279    1.392374e-02
0:   238    3.377361e+01    0.911738    1.269479e-02
0:   239    3.211738e+01    0.950961    1.207225e-02
0:   240    3.241267e+01    1.009194    1.218324e-02
0:   241    3.004665e+01    0.927003    1.129391e-02
0:   242    2.772982e+01    0.922892    1.042306e-02
0:   243    2.785495e+01    1.004512    1.047009e-02
0:   244    2.661828e+01    0.955603    1.000525e-02
0:   245    2.418076e+01    0.908427    9.089043e-03
0:   246    2.381958e+01    0.985063    8.953283e-03
0:   247    2.330668e+01    0.978467    8.760494e-03
0:   248    2.112551e+01    0.906414    7.940636e-03
0:   249    2.037487e+01    0.964467    7.658486e-03
0:   250    2.020452e+01    0.991639    7.594456e-03
0:   251    1.842613e+01    0.911980    6.925995e-03
0:   252    1.743675e+01    0.946306    6.554111e-03
0:   253    1.736806e+01    0.996060    6.528290e-03
0:   254    1.601798e+01    0.922267    6.020824e-03
0:   255    1.491651e+01    0.931235    5.606804e-03
0:   256    1.483137e+01    0.994292    5.574801e-03
0:   257    1.385561e+01    0.934209    5.208032e-03
0:   258    1.274067e+01    0.919532    4.788953e-03
0:   259    1.260372e+01    0.989251    4.737476e-03
0:   260    1.190794e+01    0.944796    4.475947e-03
0:   261    1.085623e+01    0.911680    4.080631e-03
0:   262    1.066759e+01    0.982624    4.009725e-03
0:   263    1.015957e+01    0.952377    3.818771e-03
0:   264    9.223986e+00    0.907911    3.467104e-03
0:   265    8.989121e+00    0.974538    3.378823e-03
0:   266    8.607243e+00    0.957518    3.235282e-03
0:   267    7.808202e+00    0.907166    2.934940e-03
0:   268    7.534469e+00    0.964943    2.832049e-03
0:   269    7.249807e+00    0.962219    2.725051e-03
0:   270    6.572443e+00    0.906568    2.470444e-03
0:   271    6.282233e+00    0.955844    2.361360e-03
0:   272    6.074755e+00    0.966974    2.283373e-03
0:   273    5.487956e+00    0.903404    2.062808e-03
0:   274    5.220985e+00    0.951353    1.962459e-03
0:   275    5.052590e+00    0.967746    1.899163e-03
0:   276    4.548759e+00    0.900283    1.709783e-03
0:   277    4.327353e+00    0.951326    1.626561e-03
0:   278    4.158886e+00    0.961069    1.563238e-03
0:   279    3.760212e+00    0.904139    1.413385e-03
0:   280    3.557807e+00    0.946172    1.337305e-03
0:   281    3.401472e+00    0.956059    1.278542e-03
0:   282    3.098616e+00    0.910964    1.164705e-03
0:   283    2.889792e+00    0.932607    1.086212e-03
0:   284    2.788394e+00    0.964912    1.048099e-03
0:   285    2.517142e+00    0.902721    9.461408e-04
0:   286    2.346199e+00    0.932089    8.818873e-04
0:   287    2.273028e+00    0.968813    8.543839e-04
0:   288    2.021383e+00    0.889290    7.597954e-04
0:   289    1.916420e+00    0.948074    7.203423e-04
0:   290    1.813456e+00    0.946273    6.816402e-04
0:   291    1.630188e+00    0.898940    6.127535e-04
0:   292    1.542394e+00    0.946145    5.797535e-04
0:   293    1.450538e+00    0.940446    5.452268e-04
0:   294    1.320500e+00    0.910352    4.963482e-04
0:   295    1.226005e+00    0.928440    4.608296e-04
0:   296    1.173806e+00    0.957424    4.412092e-04
0:   297    1.050202e+00    0.894698    3.947490e-04
0:   298    9.916047e-01    0.944204    3.727234e-04
0:   299    9.401723e-01    0.948132    3.533911e-04
0:   300    8.463183e-01    0.900174    3.181134e-04
0:   301    8.043309e-01    0.950388    3.023312e-04
0:   302    7.602627e-01    0.945211    2.857669e-04
0:   303    6.903026e-01    0.907979    2.594703e-04
0:   304    6.584819e-01    0.953903    2.475096e-04
0:   305    6.264545e-01    0.951362    2.354711e-04
0:   306    5.686522e-01    0.907731    2.137445e-04
0:   307    5.541200e-01    0.974444    2.082821e-04
0:   308    5.204629e-01    0.939260    1.956311e-04
0:   309    4.850936e-01    0.932043    1.823365e-04
0:   310    4.696808e-01    0.968227    1.765432e-04
0:   311    4.481993e-01    0.954264    1.684687e-04
0:   312    4.170651e-01    0.930535    1.567660e-04
0:   313    4.099820e-01    0.983017    1.541037e-04
0:   314    3.880913e-01    0.946606    1.458754e-04
0:   315    3.649429e-01    0.940353    1.371744e-04
0:   316    3.574575e-01    0.979489    1.343608e-04
0:   317    3.363963e-01    0.941080    1.264443e-04
0:   318    3.148180e-01    0.935854    1.183335e-04
0:   319    3.063157e-01    0.972993    1.151376e-04
0:   320    2.822220e-01    0.921344    1.060813e-04
0:   321    2.622379e-01    0.929190    9.856975e-05
0:   322    2.507035e-01    0.956016    9.423421e-05
0:   323    2.251000e-01    0.897873    8.461039e-05
0:   324    2.086902e-01    0.927100    7.844229e-05
0:   325    1.948482e-01    0.933672    7.323936e-05
0:   326    1.743094e-01    0.894591    6.551925e-05
0:   327    1.626236e-01    0.932960    6.112682e-05
0:   328    1.532536e-01    0.942382    5.760481e-05
0:   329    1.406424e-01    0.917711    5.286454e-05
0:   330    1.378337e-01    0.980029    5.180881e-05
0:   331    1.346994e-01    0.977261    5.063070e-05
0:   332    1.313640e-01    0.975238    4.937698e-05
0:   333    1.339040e-01    1.019335    5.033170e-05
0:   334    1.336496e-01    0.998101    5.023609e-05
0:   335    1.292186e-01    0.966846    4.857056e-05
0:   336    1.273868e-01    0.985824    4.788205e-05
0:   337    1.177575e-01    0.924408    4.426257e-05
0:   338    1.070084e-01    0.908718    4.022220e-05
0:   339    9.954266e-02    0.930233    3.741600e-05
0:   340    9.020932e-02    0.906238    3.390780e-05
0:   341    8.486929e-02    0.940804    3.190059e-05
0:   342    8.449146e-02    0.995548    3.175857e-05
0:   343    8.169691e-02    0.966925    3.070816e-05
0:   344    8.112609e-02    0.993013    3.049360e-05
0:   345    7.882629e-02    0.971652    2.962915e-05
0:   346    7.096062e-02    0.900215    2.667261e-05
0:   347    6.528365e-02    0.919998    2.453876e-05
0:   348    5.928817e-02    0.908163    2.228518e-05
0:   349    5.421693e-02    0.914465    2.037901e-05
0:   350    5.334437e-02    0.983906    2.005103e-05
0:   351    5.166198e-02    0.968462    1.941866e-05
0:   352    4.863579e-02    0.941423    1.828117e-05
0:   353    4.598451e-02    0.945487    1.728462e-05
0:   354    4.067411e-02    0.884518    1.528855e-05
0:   355    3.714413e-02    0.913213    1.396170e-05
0:   356    3.562734e-02    0.959165    1.339157e-05
0:   357    3.412871e-02    0.957936    1.282827e-05
0:   358    3.311770e-02    0.970376    1.244825e-05
0:   359    3.153082e-02    0.952084    1.185178e-05
0:   360    2.813242e-02    0.892220    1.057439e-05
0:   361    2.635817e-02    0.936932    9.907486e-06
0:   362    2.516230e-02    0.954630    9.457982e-06
0:   363    2.421165e-02    0.962219    9.100652e-06
0:   364    2.357570e-02    0.973734    8.861611e-06
0:   365    2.170979e-02    0.920855    8.160256e-06
0:   366    1.932777e-02    0.890279    7.264904e-06
0:   367    1.816955e-02    0.940075    6.829554e-06
0:   368    1.696773e-02    0.933855    6.377814e-06
0:   369    1.596921e-02    0.941152    6.002493e-06
0:   370    1.488049e-02    0.931823    5.593263e-06
0:   371    1.299517e-02    0.873303    4.884613e-06
0:   372    1.190461e-02    0.916080    4.474694e-06
0:   373    1.138061e-02    0.955984    4.277734e-06
0:   374    1.072636e-02    0.942512    4.031815e-06
0:   375    1.017533e-02    0.948628    3.824695e-06
0:   376    9.311867e-03    0.915141    3.500136e-06
0:   377    8.419374e-03    0.904155    3.164667e-06
0:   378    8.186593e-03    0.972352    3.077169e-06
0:   379    7.649837e-03    0.934435    2.875414e-06
0:   380    7.001144e-03    0.915202    2.631584e-06
0:   381    6.439542e-03    0.919784    2.420489e-06
0:   382    5.902630e-03    0.916623    2.218675e-06
0:   383    5.695324e-03    0.964879    2.140753e-06
0:   384    5.465501e-03    0.959647    2.054367e-06
0:   385    4.891494e-03    0.894976    1.838610e-06
0:   386    4.483816e-03    0.916656    1.685373e-06
0:   387    4.205455e-03    0.937919    1.580743e-06
0:   388    3.936039e-03    0.935936    1.479475e-06
0:   389    3.720684e-03    0.945287    1.398527e-06
0:   390    3.321726e-03    0.892773    1.248568e-06
0:   391    3.030455e-03    0.912313    1.139085e-06
0:   392    2.881207e-03    0.950751    1.082986e-06
0:   393    2.649416e-03    0.919551    9.958602e-07
0:   394    2.395066e-03    0.903998    9.002553e-07
0:   395    2.207676e-03    0.921760    8.298194e-07
0:   396    2.033335e-03    0.921030    7.642882e-07
0:   397    1.926432e-03    0.947424    7.241053e-07
0:   398    1.768550e-03    0.918044    6.647608e-07
0:   399    1.587343e-03    0.897539    5.966491e-07
0:   400    1.518939e-03    0.956907    5.709374e-07
0:   401    1.427214e-03    0.939612    5.364598e-07
0:   402    1.301586e-03    0.911977    4.892388e-07
0:   403    1.194446e-03    0.917686    4.489674e-07
0:   404    1.097254e-03    0.918630    4.124348e-07
0:   405    1.031210e-03    0.939810    3.876102e-07
0:   406    9.560999e-04    0.927163    3.593779e-07
0:   407    8.456943e-04    0.884525    3.178788e-07
0:   408    7.962868e-04    0.941578    2.993075e-07
0:   409    7.572376e-04    0.950961    2.846298e-07
0:   410    6.880040e-04    0.908571    2.586063e-07
0:   411    6.343163e-04    0.921966    2.384262e-07
0:   412    5.804199e-04    0.915032    2.181677e-07
0:   413    5.452687e-04    0.939438    2.049551e-07
0:   414    5.064318e-04    0.928775    1.903571e-07
0:   415    4.518203e-04    0.892164    1.698298e-07
0:   416    4.235668e-04    0.937467    1.592099e-07
0:   417    4.049417e-04    0.956028    1.522091e-07
0:   418    3.661902e-04    0.904304    1.376432e-07
0:   419    3.368058e-04    0.919757    1.265983e-07
0:   420    3.143638e-04    0.933368    1.181628e-07
0:   421    2.947838e-04    0.937715    1.108030e-07
0:   422    2.770815e-04    0.939948    1.041492e-07
0:   423    2.512769e-04    0.906870    9.444972e-08
0:   424    2.390585e-04    0.951375    8.985709e-08
0:   425    2.284913e-04    0.955797    8.588511e-08
0:   426    2.082760e-04    0.911527    7.828659e-08
0:   427    1.960532e-04    0.941314    7.369229e-08
0:   428    1.889545e-04    0.963792    7.102405e-08
0:   429    1.773557e-04    0.938616    6.666428e-08
0:   430    1.660450e-04    0.936226    6.241284e-08
0:   431    1.562973e-04    0.941295    5.874887e-08
0:   432    1.501534e-04    0.960691    5.643951e-08
0:   433    1.440665e-04    0.959462    5.415157e-08
0:   434    1.321528e-04    0.917304    4.967346e-08
0:   435    1.270737e-04    0.961567    4.776436e-08
0:   436    1.233856e-04    0.970976    4.637805e-08
0:   437    1.142798e-04    0.926201    4.295540e-08
0:   438    1.085763e-04    0.950091    4.081156e-08
0:   439    1.043001e-04    0.960616    3.920422e-08
0:   440    9.863149e-05    0.945651    3.707351e-08
0:   441    9.283979e-05    0.941279    3.489653e-08
0:   442    8.709848e-05    0.938159    3.273850e-08
0:   443    8.311054e-05    0.954214    3.123951e-08
0:   444    7.842905e-05    0.943671    2.947984e-08
0:   445    7.151280e-05    0.911815    2.688017e-08
0:   446    6.846392e-05    0.957366    2.573415e-08
0:   447    6.474423e-05    0.945669    2.433600e-08
0:   448    5.864693e-05    0.905825    2.204415e-08
0:   449    5.557761e-05    0.947664    2.089046e-08
0:   450    5.220563e-05    0.939328    1.962300e-08
0:   451    4.838871e-05    0.926887    1.818830e-08
0:   452    4.504973e-05    0.930997    1.693325e-08
0:   453    4.215343e-05    0.935709    1.584459e-08
0:   454    4.031778e-05    0.956453    1.515461e-08
0:   455    3.759592e-05    0.932490    1.413152e-08
0:   456    3.522511e-05    0.936940    1.324038e-08
0:   457    3.464137e-05    0.983428    1.302097e-08
0:   458    3.298402e-05    0.952157    1.239800e-08
0:   459    3.126918e-05    0.948010    1.175343e-08
0:   460    3.128453e-05    1.000491    1.175920e-08
0:   461    3.046267e-05    0.973729    1.145028e-08
0:   462    2.973577e-05    0.976138    1.117705e-08
0:   463    2.964188e-05    0.996843    1.114176e-08
0:   464    2.949451e-05    0.995028    1.108637e-08
0:   465    2.958201e-05    1.002967    1.111926e-08
0:   466    2.905706e-05    0.982254    1.092194e-08
0:   467    2.939741e-05    1.011713    1.104987e-08
0:   468    2.981396e-05    1.014170    1.120645e-08
0:   469    2.910892e-05    0.976352    1.094143e-08
0:   470    2.941049e-05    1.010360    1.105479e-08
0:   471    2.965500e-05    1.008314    1.114670e-08
0:   472    2.860015e-05    0.964429    1.075020e-08
0:   473    2.811491e-05    0.983034    1.056781e-08
0:   474    2.755914e-05    0.980232    1.035890e-08
0:   475    2.614267e-05    0.948602    9.826481e-09
0: 
0: 
0: =============================================
0: Solve phase times:
0: =============================================
0: PCG Solve:
0:   wall clock time = 0.074600 seconds
0:   wall MFLOPS     = 0.000000
0:   cpu clock time  = 0.074593 seconds
0:   cpu MFLOPS      = 0.000000
0: 
0: 
0: Iterations = 475
0: Final Relative Residual Norm = 9.826481e-09
0: 
0: 27pt 3D Laplacian
0: =============================================
0: Hypre init times:
0: =============================================
0: Hypre init:
0:   wall clock time = 0.000003 seconds
0:   wall MFLOPS     = 0.000000
0:   cpu clock time  = 0.000003 seconds
0:   cpu MFLOPS      = 0.000000
0: 
0: 
0: Using HYPRE_DEVELOP_STRING: v3.1.0-3-g13083b05c (branch v3.1.0_highradixallreduce; not the develop branch)
0: 
0: Running with these driver parameters:
0:   solver ID    = 2
0: 
0:   Laplacian_27pt:
0:     (nx, ny, nz) = (192, 192, 192)
0:     (Px, Py, Pz) = (16, 16, 16)
0: 
0: =============================================
0: Generate Matrix:
0: =============================================
0: Spatial Operator:
0:   wall clock time = 0.001165 seconds
0:   wall MFLOPS     = 0.000000
0:   cpu clock time  = 0.001140 seconds
0:   cpu MFLOPS      = 0.000000
0: 
0:   Number of vector components: 1
0:   RHS vector has unit coefficients
0:   Initial guess is 0
0: =============================================
0: IJ Vector Setup:
0: =============================================
0: RHS and Initial Guess:
0:   wall clock time = 0.001526 seconds
0:   wall MFLOPS     = 0.000000
0:   cpu clock time  = 0.001526 seconds
0:   cpu MFLOPS      = 0.000000
0: 
0: Solver: DS-PCG
0: HYPRE_ParCSRPCGGetPrecond got good precond
0: =============================================
0: Setup phase times:
0: =============================================
0: PCG Setup:
0:   wall clock time = 0.000356 seconds
0:   wall MFLOPS     = 0.000000
0:   cpu clock time  = 0.000356 seconds
0:   cpu MFLOPS      = 0.000000
0: 
0: <b,b>: 7.077888e+06
0: 
0: 
0: Iters       ||r||_2     conv.rate  ||r||_2/||b||_2
0: -----    ------------   ---------  ------------ 
0:     1    1.492764e+04    5.610987    5.610987e+00
0:     2    1.466179e+04    0.982191    5.511062e+00
0:     3    1.440227e+04    0.982299    5.413512e+00
0:     4    1.414143e+04    0.981889    5.315467e+00
0:     5    1.388247e+04    0.981688    5.218129e+00
0:     6    1.362887e+04    0.981732    5.122807e+00
0:     7    1.337738e+04    0.981548    5.028279e+00
0:     8    1.312792e+04    0.981352    4.934512e+00
0:     9    1.288278e+04    0.981327    4.842369e+00
0:    10    1.264025e+04    0.981174    4.751206e+00
0:    11    1.239992e+04    0.980987    4.660869e+00
0:    12    1.216339e+04    0.980926    4.571965e+00
0:    13    1.192958e+04    0.980777    4.484080e+00
0:    14    1.169807e+04    0.980593    4.397059e+00
0:    15    1.147005e+04    0.980508    4.311351e+00
0:    16    1.124474e+04    0.980357    4.226664e+00
0:    17    1.102178e+04    0.980172    4.142857e+00
0:    18    1.080209e+04    0.980067    4.060278e+00
0:    19    1.058507e+04    0.979910    3.978707e+00
0:    20    1.037041e+04    0.979721    3.898021e+00
0:    21    1.015885e+04    0.979599    3.818498e+00
0:    22    9.949908e+03    0.979433    3.739962e+00
0:    23    9.743319e+03    0.979237    3.662310e+00
0:    24    9.539674e+03    0.979099    3.585764e+00
0:    25    9.338600e+03    0.978922    3.510184e+00
0:    26    9.139853e+03    0.978718    3.435480e+00
0:    27    8.943923e+03    0.978563    3.361833e+00
0:    28    8.750502e+03    0.978374    3.289131e+00
0:    29    8.559377e+03    0.978158    3.217291e+00
0:    30    8.370955e+03    0.977986    3.146467e+00
0:    31    8.184978e+03    0.977783    3.076562e+00
0:    32    8.001258e+03    0.977554    3.007506e+00
0:    33    7.820138e+03    0.977363    2.939426e+00
0:    34    7.641397e+03    0.977144    2.872241e+00
0:    35    7.464870e+03    0.976899    2.805889e+00
0:    36    7.290846e+03    0.976688    2.740476e+00
0:    37    7.119135e+03    0.976448    2.675934e+00
0:    38    6.949591e+03    0.976185    2.612206e+00
0:    39    6.782458e+03    0.975951    2.549384e+00
0:    40    6.617572e+03    0.975689    2.487407e+00
0:    41    6.454803e+03    0.975404    2.426226e+00
0:    42    6.294357e+03    0.975143    2.365917e+00
0:    43    6.136092e+03    0.974856    2.306429e+00
0:    44    5.979891e+03    0.974544    2.247716e+00
0:    45    5.825929e+03    0.974253    2.189845e+00
0:    46    5.674080e+03    0.973936    2.132768e+00
0:    47    5.524240e+03    0.973592    2.076446e+00
0:    48    5.376557e+03    0.973266    2.020935e+00
0:    49    5.230920e+03    0.972913    1.966193e+00
0:    50    5.087234e+03    0.972531    1.912185e+00
0:    51    4.945625e+03    0.972164    1.858957e+00
0:    52    4.805993e+03    0.971767    1.806472e+00
0:    53    4.668254e+03    0.971340    1.754699e+00
0:    54    4.532512e+03    0.970922    1.703676e+00
0:    55    4.398678e+03    0.970473    1.653371e+00
0:    56    4.266675e+03    0.969990    1.603754e+00
0:    57    4.136590e+03    0.969511    1.554858e+00
0:    58    4.008343e+03    0.968997    1.506652e+00
0:    59    3.881863e+03    0.968446    1.459111e+00
0:    60    3.757221e+03    0.967891    1.412261e+00
0:    61    3.634345e+03    0.967296    1.366074e+00
0:    62    3.513169e+03    0.966658    1.320527e+00
0:    63    3.393751e+03    0.966008    1.275640e+00
0:    64    3.276024e+03    0.965311    1.231389e+00
0:    65    3.159928e+03    0.964562    1.187751e+00
0:    66    3.045507e+03    0.963790    1.144742e+00
0:    67    2.932700e+03    0.962960    1.102341e+00
0:    68    2.821451e+03    0.962066    1.060524e+00
0:    69    2.711791e+03    0.961134    1.019306e+00
0:    70    2.603664e+03    0.960127    9.786629e-01
0:    71    2.497016e+03    0.959039    9.385761e-01
0:    72    2.391869e+03    0.957891    8.990536e-01
0:    73    2.288169e+03    0.956645    8.600749e-01
0:    74    2.185863e+03    0.955289    8.216203e-01
0:    75    2.084965e+03    0.953840    7.836946e-01
0:    76    1.985420e+03    0.952256    7.462779e-01
0:    77    1.887178e+03    0.950518    7.093509e-01
0:    78    1.790242e+03    0.948634    6.729147e-01
0:    79    1.694559e+03    0.946553    6.369494e-01
0:    80    1.600079e+03    0.944245    6.014361e-01
0:    81    1.506792e+03    0.941699    5.663716e-01
0:    82    1.414647e+03    0.938847    5.317362e-01
0:    83    1.323590e+03    0.935633    4.975099e-01
0:    84    1.233604e+03    0.932013    4.636859e-01
0:    85    1.144632e+03    0.927876    4.302432e-01
0:    86    1.056618e+03    0.923107    3.971606e-01
0:    87    9.695316e+02    0.917580    3.644266e-01
0:    88    8.833111e+02    0.911070    3.320182e-01
0:    89    7.978933e+02    0.903298    2.999114e-01
0:    90    7.132308e+02    0.893892    2.680885e-01
0:    91    6.292500e+02    0.882253    2.365219e-01
0:    92    5.458700e+02    0.867493    2.051811e-01
0:    93    4.630105e+02    0.848207    1.740360e-01
0:    94    3.805528e+02    0.821910    1.430418e-01
0:    95    2.983264e+02    0.783929    1.121346e-01
0:    96    2.160241e+02    0.724120    8.119894e-02
0:    97    5.636319e+02    2.609116    2.118574e-01
0:    98    4.172039e+02    0.740206    1.568182e-01
0:    99    3.734556e+02    0.895139    1.403742e-01
0:   100    3.594276e+02    0.962437    1.351013e-01
0:   101    3.310655e+02    0.921091    1.244406e-01
0:   102    3.054874e+02    0.922740    1.148263e-01
0:   103    2.916641e+02    0.954750    1.096304e-01
0:   104    2.719646e+02    0.932458    1.022258e-01
0:   105    2.525697e+02    0.928686    9.493565e-02
0:   106    2.396285e+02    0.948762    9.007135e-02
0:   107    2.238071e+02    0.933975    8.412440e-02
0:   108    2.081284e+02    0.929945    7.823110e-02
0:   109    1.965386e+02    0.944314    7.387473e-02
0:   110    1.834575e+02    0.933443    6.895784e-02
0:   111    1.705821e+02    0.929818    6.411825e-02
0:   112    1.605068e+02    0.940936    6.033114e-02
0:   113    1.496738e+02    0.932508    5.625926e-02
0:   114    1.391098e+02    0.929420    5.228846e-02
0:   115    1.305619e+02    0.938553    4.907549e-02
0:   116    1.216688e+02    0.931886    4.573275e-02
0:   117    1.130802e+02    0.929410    4.250447e-02
0:   118    1.059956e+02    0.937349    3.984152e-02
0:   119    9.880116e+01    0.932125    3.713729e-02
0:   120    9.192009e+01    0.930354    3.455084e-02
0:   121    8.618900e+01    0.937651    3.239664e-02
0:   122    8.047649e+01    0.933721    3.024943e-02
0:   123    7.506204e+01    0.932720    2.821425e-02
0:   124    7.053719e+01    0.939719    2.651346e-02
0:   125    6.608625e+01    0.936899    2.484044e-02
0:   126    6.189234e+01    0.936539    2.326404e-02
0:   127    5.837665e+01    0.943197    2.194256e-02
0:   128    5.492905e+01    0.940942    2.064668e-02
0:   129    5.166149e+01    0.940513    1.941848e-02
0:   130    4.886933e+01    0.945953    1.836896e-02
0:   131    4.607244e+01    0.942768    1.731767e-02
0:   132    4.332243e+01    0.940311    1.628399e-02
0:   133    4.081517e+01    0.942126    1.534157e-02
0:   134    3.816505e+01    0.935070    1.434544e-02
0:   135    3.540899e+01    0.927786    1.330950e-02
0:   136    3.275481e+01    0.925042    1.231185e-02
0:   137    3.006159e+01    0.917776    1.129952e-02
0:   138    2.755061e+01    0.916472    1.035570e-02
0:   139    2.549263e+01    0.925302    9.582146e-03
0:   140    2.367206e+01    0.928584    8.897831e-03
0:   141    2.192806e+01    0.926327    8.242301e-03
0:   142    2.024500e+01    0.923246    7.609672e-03
0:   143    1.860496e+01    0.918990    6.993215e-03
0:   144    1.714033e+01    0.921277    6.442690e-03
0:   145    1.583167e+01    0.923650    5.950793e-03
0:   146    1.451530e+01    0.916852    5.455997e-03
0:   147    1.329846e+01    0.916169    4.998614e-03
0:   148    1.223526e+01    0.920051    4.598980e-03
0:   149    1.118427e+01    0.914101    4.203934e-03
0:   150    1.020578e+01    0.912512    3.836139e-03
0:   151    9.344455e+00    0.915604    3.512385e-03
0:   152    8.504355e+00    0.910096    3.196609e-03
0:   153    7.730939e+00    0.909056    2.905898e-03
0:   154    7.038015e+00    0.910370    2.645443e-03
0:   155    6.374467e+00    0.905719    2.396029e-03
0:   156    5.769056e+00    0.905026    2.168468e-03
0:   157    5.216620e+00    0.904241    1.960818e-03
0:   158    4.703735e+00    0.901683    1.768036e-03
0:   159    4.230170e+00    0.899322    1.590033e-03
0:   160    3.800927e+00    0.898528    1.428689e-03
0:   161    3.409481e+00    0.897013    1.281553e-03
0:   162    3.043179e+00    0.892564    1.143867e-03
0:   163    2.720553e+00    0.893984    1.022599e-03
0:   164    2.422385e+00    0.890402    9.105237e-04
0:   165    2.150119e+00    0.887604    8.081846e-04
0:   166    1.909813e+00    0.888236    7.178587e-04
0:   167    1.690148e+00    0.884981    6.352912e-04
0:   168    1.492619e+00    0.883130    5.610444e-04
0:   169    1.317707e+00    0.882815    4.952985e-04
0:   170    1.162099e+00    0.881910    4.368089e-04
0:   171    1.021465e+00    0.878983    3.839475e-04
0:   172    9.008152e-01    0.881885    3.385976e-04
0:   173    7.934882e-01    0.880856    2.982556e-04
0:   174    6.998610e-01    0.882006    2.630631e-04
0:   175    6.199650e-01    0.885840    2.330319e-04
0:   176    5.515834e-01    0.889701    2.073287e-04
0:   177    4.923919e-01    0.892688    1.850798e-04
0:   178    4.438278e-01    0.901371    1.668256e-04
0:   179    4.025614e-01    0.907022    1.513144e-04
0:   180    3.675217e-01    0.912958    1.381437e-04
0:   181    3.384157e-01    0.920805    1.272034e-04
0:   182    3.131846e-01    0.925443    1.177195e-04
0:   183    2.895468e-01    0.924525    1.088346e-04
0:   184    2.675306e-01    0.923963    1.005592e-04
0:   185    2.446204e-01    0.914364    9.194769e-05
0:   186    2.197509e-01    0.898334    8.259977e-05
0:   187    1.936103e-01    0.881044    7.277406e-05
0:   188    1.669055e-01    0.862069    6.273627e-05
0:   189    1.408793e-01    0.844066    5.295357e-05
0:   190    1.197023e-01    0.849680    4.499360e-05
0:   191    1.075467e-01    0.898451    4.042455e-05
0:   192    1.120970e-01    1.042310    4.213491e-05
0:   193    1.133462e-01    1.011144    4.260448e-05
0:   194    9.680126e-02    0.854032    3.638557e-05
0:   195    8.986013e-02    0.928295    3.377654e-05
0:   196    8.320822e-02    0.925975    3.127623e-05
0:   197    7.682461e-02    0.923281    2.887676e-05
0:   198    7.071366e-02    0.920456    2.657979e-05
0:   199    6.472355e-02    0.915291    2.432823e-05
0:   200    5.883164e-02    0.908968    2.211358e-05
0:   201    5.324499e-02    0.905040    2.001368e-05
0:   202    4.787029e-02    0.899057    1.799344e-05
0:   203    4.283143e-02    0.894739    1.609944e-05
0:   204    3.821712e-02    0.892268    1.436502e-05
0:   205    3.408731e-02    0.891938    1.281271e-05
0:   206    3.040046e-02    0.891841    1.142690e-05
0:   207    2.724323e-02    0.896145    1.024016e-05
0:   208    2.452902e-02    0.900371    9.219944e-06
0:   209    2.217728e-02    0.904124    8.335974e-06
0:   210    2.011794e-02    0.907142    7.561913e-06
0:   211    1.820838e-02    0.905081    6.844148e-06
0:   212    1.633241e-02    0.896972    6.139011e-06
0:   213    1.444562e-02    0.884476    5.429806e-06
0:   214    1.258772e-02    0.871387    4.731462e-06
0:   215    1.086666e-02    0.863275    4.084551e-06
0:   216    9.432545e-03    0.868026    3.545496e-06
0:   217    8.327173e-03    0.882813    3.130010e-06
0:   218    7.442095e-03    0.893712    2.797328e-06
0:   219    6.628808e-03    0.890718    2.491630e-06
0:   220    5.820933e-03    0.878127    2.187967e-06
0:   221    5.108258e-03    0.877567    1.920087e-06
0:   222    4.543260e-03    0.889395    1.707717e-06
0:   223    4.045994e-03    0.890549    1.520805e-06
0:   224    3.551030e-03    0.877666    1.334758e-06
0:   225    3.107547e-03    0.875112    1.168062e-06
0:   226    2.732133e-03    0.879193    1.026952e-06
0:   227    2.371510e-03    0.868007    8.914011e-07
0:   228    2.045619e-03    0.862581    7.689056e-07
0:   229    1.778746e-03    0.869539    6.685933e-07
0:   230    1.545192e-03    0.868698    5.808054e-07
0:   231    1.348766e-03    0.872879    5.069728e-07
0:   232    1.191208e-03    0.883184    4.477503e-07
0:   233    1.045342e-03    0.877548    3.929223e-07
0:   234    9.106171e-04    0.871119    3.422819e-07
0:   235    7.901496e-04    0.867708    2.970007e-07
0:   236    6.833981e-04    0.864897    2.568751e-07
0:   237    5.990859e-04    0.876628    2.251838e-07
0:   238    5.248469e-04    0.876080    1.972790e-07
0:   239    4.555676e-04    0.868001    1.712383e-07
0:   240    3.965753e-04    0.870508    1.490644e-07
0:   241    3.461680e-04    0.872894    1.301173e-07
0:   242    3.036750e-04    0.877247    1.141451e-07
0:   243    2.655125e-04    0.874331    9.980059e-08
0:   244    2.344650e-04    0.883066    8.813049e-08
0:   245    2.083946e-04    0.888809    7.833117e-08
0:   246    1.846106e-04    0.885870    6.939127e-08
0:   247    1.656120e-04    0.897088    6.225009e-08
0:   248    1.489799e-04    0.899572    5.599842e-08
0:   249    1.346998e-04    0.904148    5.063085e-08
0:   250    1.225442e-04    0.909758    4.606180e-08
0:   251    1.117910e-04    0.912250    4.201989e-08
0:   252    1.020254e-04    0.912644    3.834922e-08
0:   253    9.338940e-05    0.915354    3.510312e-08
0:   254    8.514314e-05    0.911700    3.200353e-08
0:   255    7.761059e-05    0.911531    2.917220e-08
0:   256    7.038336e-05    0.906878    2.645563e-08
0:   257    6.351297e-05    0.902386    2.387320e-08
0:   258    5.703058e-05    0.897936    2.143660e-08
0:   259    5.071811e-05    0.889314    1.906387e-08
0:   260    4.513352e-05    0.889890    1.696475e-08
0:   261    3.987223e-05    0.883428    1.498714e-08
0:   262    3.545824e-05    0.889297    1.332801e-08
0:   263    3.164134e-05    0.892355    1.189332e-08
0:   264    2.861645e-05    0.904401    1.075632e-08
0:   265    2.621917e-05    0.916227    9.855239e-09
0: 
0: 
0: =============================================
0: Solve phase times:
0: =============================================
0: PCG Solve:
0:   wall clock time = 0.050612 seconds
0:   wall MFLOPS     = 0.000000
0:   cpu clock time  = 0.050611 seconds
0:   cpu MFLOPS      = 0.000000
0: 
0: 
0: Iterations = 265
0: Final Relative Residual Norm = 9.855239e-09
0: 
0: 125pt 3D Laplacian
0: =============================================
0: Hypre init times:
0: =============================================
0: Hypre init:
0:   wall clock time = 0.000003 seconds
0:   wall MFLOPS     = 0.000000
0:   cpu clock time  = 0.000003 seconds
0:   cpu MFLOPS      = 0.000000
0: 
0: 
0: Using HYPRE_DEVELOP_STRING: v3.1.0-3-g13083b05c (branch v3.1.0_highradixallreduce; not the develop branch)
0: 
0: Running with these driver parameters:
0:   solver ID    = 2
0: 
0:   Laplacian_125pt:
0:     (nx, ny, nz) = (192, 192, 192)
0:     (Px, Py, Pz) = (16, 16, 16)
0: 
0: =============================================
0: Generate Matrix:
0: =============================================
0: Spatial Operator:
0:   wall clock time = 0.013308 seconds
0:   wall MFLOPS     = 0.000000
0:   cpu clock time  = 0.013289 seconds
0:   cpu MFLOPS      = 0.000000
0: 
0:   Number of vector components: 1
0:   RHS vector has unit coefficients
0:   Initial guess is 0
0: =============================================
0: IJ Vector Setup:
0: =============================================
0: RHS and Initial Guess:
0:   wall clock time = 0.000562 seconds
0:   wall MFLOPS     = 0.000000
0:   cpu clock time  = 0.000562 seconds
0:   cpu MFLOPS      = 0.000000
0: 
0: Solver: DS-PCG
0: HYPRE_ParCSRPCGGetPrecond got good precond
0: =============================================
0: Setup phase times:
0: =============================================
0: PCG Setup:
0:   wall clock time = 0.000348 seconds
0:   wall MFLOPS     = 0.000000
0:   cpu clock time  = 0.000346 seconds
0:   cpu MFLOPS      = 0.000000
0: 
0: <b,b>: 7.077888e+06
0: 
0: 
0: Iters       ||r||_2     conv.rate  ||r||_2/||b||_2
0: -----    ------------   ---------  ------------ 
0:     1    3.284406e+04    12.345395    1.234540e+01
0:     2    3.788482e+04    1.153475    1.424011e+01
0:     3    4.122741e+04    1.088230    1.549652e+01
0:     4    4.381945e+04    1.062872    1.647081e+01
0:     5    4.597081e+04    1.049096    1.727946e+01
0:     6    4.780274e+04    1.039850    1.796805e+01
0:     7    4.942476e+04    1.033932    1.857773e+01
0:     8    5.086369e+04    1.029113    1.911860e+01
0:     9    5.217556e+04    1.025792    1.961170e+01
0:    10    5.337073e+04    1.022907    2.006094e+01
0:    11    5.447552e+04    1.020700    2.047621e+01
0:    12    5.550314e+04    1.018864    2.086247e+01
0:    13    5.645913e+04    1.017224    2.122181e+01
0:    14    5.736287e+04    1.016007    2.156150e+01
0:    15    5.820721e+04    1.014719    2.187887e+01
0:    16    5.901420e+04    1.013864    2.218220e+01
0:    17    5.977229e+04    1.012846    2.246715e+01
0:    18    6.050059e+04    1.012185    2.274091e+01
0:    19    6.119046e+04    1.011403    2.300021e+01
0:    20    6.185309e+04    1.010829    2.324928e+01
0:    21    6.248752e+04    1.010257    2.348775e+01
0:    22    6.309475e+04    1.009718    2.371600e+01
0:    23    6.368269e+04    1.009318    2.393699e+01
0:    24    6.424312e+04    1.008800    2.414764e+01
0:    25    6.479068e+04    1.008523    2.435346e+01
0:    26    6.531180e+04    1.008043    2.454934e+01
0:    27    6.582324e+04    1.007831    2.474158e+01
0:    28    6.631144e+04    1.007417    2.492508e+01
0:    29    6.678999e+04    1.007217    2.510496e+01
0:    30    6.725043e+04    1.006894    2.527803e+01
0:    31    6.769896e+04    1.006670    2.544662e+01
0:    32    6.813545e+04    1.006448    2.561069e+01
0:    33    6.855695e+04    1.006186    2.576912e+01
0:    34    6.897200e+04    1.006054    2.592513e+01
0:    35    6.936969e+04    1.005766    2.607462e+01
0:    36    6.976471e+04    1.005694    2.622309e+01
0:    37    7.014194e+04    1.005407    2.636489e+01
0:    38    7.051765e+04    1.005356    2.650611e+01
0:    39    7.087760e+04    1.005104    2.664141e+01
0:    40    7.123451e+04    1.005036    2.677556e+01
0:    41    7.157981e+04    1.004847    2.690535e+01
0:    42    7.191868e+04    1.004734    2.703273e+01
0:    43    7.225113e+04    1.004623    2.715769e+01
0:    44    7.257322e+04    1.004458    2.727875e+01
0:    45    7.289375e+04    1.004417    2.739924e+01
0:    46    7.320085e+04    1.004213    2.751467e+01
0:    47    7.350959e+04    1.004218    2.763072e+01
0:    48    7.380388e+04    1.004004    2.774134e+01
0:    49    7.410049e+04    1.004019    2.785282e+01
0:    50    7.438420e+04    1.003829    2.795946e+01
0:    51    7.466828e+04    1.003819    2.806625e+01
0:    52    7.494327e+04    1.003683    2.816961e+01
0:    53    7.521480e+04    1.003623    2.827167e+01
0:    54    7.548224e+04    1.003556    2.837220e+01
0:    55    7.574180e+04    1.003439    2.846976e+01
0:    56    7.600208e+04    1.003436    2.856759e+01
0:    57    7.625090e+04    1.003274    2.866112e+01
0:    58    7.650368e+04    1.003315    2.875613e+01
0:    59    7.674349e+04    1.003135    2.884627e+01
0:    60    7.698797e+04    1.003186    2.893817e+01
0:    61    7.722063e+04    1.003022    2.902562e+01
0:    62    7.745600e+04    1.003048    2.911409e+01
0:    63    7.768308e+04    1.002932    2.919945e+01
0:    64    7.790806e+04    1.002896    2.928401e+01
0:    65    7.811778e+04    1.002692    2.936284e+01
0:    66    7.821515e+04    1.001247    2.939944e+01
0:    67    7.781756e+04    0.994917    2.924999e+01
0:    68    7.639274e+04    0.981690    2.871443e+01
0:    69    7.512373e+04    0.983388    2.823744e+01
0:    70    8.185017e+04    1.089538    3.076577e+01
0:    71    8.198485e+04    1.001645    3.081639e+01
0:    72    7.139386e+04    0.870818    2.683546e+01
0:    73    8.653447e+04    1.212072    3.252650e+01
0:    74    7.432592e+04    0.858917    2.793756e+01
0:    75    8.115532e+04    1.091885    3.050459e+01
0:    76    7.666420e+04    0.944660    2.881647e+01
0:    77    8.304671e+04    1.083253    3.121552e+01
0:    78    7.349784e+04    0.885018    2.762630e+01
0:    79    9.111763e+04    1.239732    3.424921e+01
0:    80    7.151629e+04    0.784879    2.688148e+01
0:    81    8.646409e+04    1.209013    3.250004e+01
0:    82    8.523493e+04    0.985784    3.203803e+01
0:    83    7.141097e+04    0.837813    2.684189e+01
0:    84    9.004318e+04    1.260915    3.384535e+01
0:    85    8.545956e+04    0.949095    3.212246e+01
0:    86    7.210978e+04    0.843788    2.710456e+01
0:    87    8.477370e+04    1.175620    3.186466e+01
0:    88    9.275567e+04    1.094156    3.486492e+01
0:    89    7.649900e+04    0.824737    2.875437e+01
0:    90    7.445747e+04    0.973313    2.798700e+01
0:    91    9.152690e+04    1.229251    3.440305e+01
0:    92    9.125767e+04    0.997058    3.430185e+01
0:    93    7.637473e+04    0.836913    2.870766e+01
0:    94    7.435094e+04    0.973502    2.794696e+01
0:    95    8.874268e+04    1.193565    3.335652e+01
0:    96    9.583426e+04    1.079912    3.602209e+01
0:    97    8.291999e+04    0.865244    3.116789e+01
0:    98    7.379074e+04    0.889903    2.773640e+01
0:    99    7.801706e+04    1.057274    2.932498e+01
0:   100    9.283657e+04    1.189952    3.489532e+01
0:   101    9.584311e+04    1.032385    3.602542e+01
0:   102    8.549623e+04    0.892044    3.213624e+01
0:   103    7.463867e+04    0.873005    2.805511e+01
0:   104    7.582206e+04    1.015855    2.849993e+01
0:   105    8.664131e+04    1.142693    3.256666e+01
0:   106    9.691410e+04    1.118567    3.642798e+01
0:   107    9.580640e+04    0.988570    3.601162e+01
0:   108    8.364979e+04    0.873113    3.144221e+01
0:   109    7.588082e+04    0.907125    2.852201e+01
0:   110    7.497227e+04    0.988027    2.818051e+01
0:   111    8.432744e+04    1.124782    3.169692e+01
0:   112    9.441183e+04    1.119586    3.548743e+01
0:   113    9.961143e+04    1.055074    3.744185e+01
0:   114    9.337230e+04    0.937365    3.509669e+01
0:   115    8.294374e+04    0.888312    3.117682e+01
0:   116    7.612769e+04    0.917823    2.861480e+01
0:   117    7.518562e+04    0.987625    2.826070e+01
0:   118    8.218499e+04    1.093094    3.089162e+01
0:   119    9.105560e+04    1.107935    3.422589e+01
0:   120    9.994858e+04    1.097665    3.756858e+01
0:   121    9.932487e+04    0.993760    3.733414e+01
0:   122    9.347966e+04    0.941151    3.513705e+01
0:   123    8.377859e+04    0.896223    3.149062e+01
0:   124    7.733052e+04    0.923034    2.906692e+01
0:   125    7.551630e+04    0.976539    2.838500e+01
0:   126    7.867518e+04    1.041830    2.957235e+01
0:   127    8.661954e+04    1.100977    3.255847e+01
0:   128    9.454315e+04    1.091476    3.553679e+01
0:   129    1.016600e+05    1.075277    3.821188e+01
0:   130    1.011312e+05    0.994798    3.801310e+01
0:   131    9.713040e+04    0.960439    3.650928e+01
0:   132    8.859970e+04    0.912173    3.330277e+01
0:   133    8.190876e+04    0.924481    3.078779e+01
0:   134    7.712873e+04    0.941642    2.899108e+01
0:   135    7.625651e+04    0.988691    2.866323e+01
0:   136    7.896572e+04    1.035528    2.968156e+01
0:   137    8.411929e+04    1.065263    3.161868e+01
0:   138    9.291534e+04    1.104566    3.492493e+01
0:   139    1.007971e+05    1.084828    3.788753e+01
0:   140    1.043545e+05    1.035293    3.922469e+01
0:   141    1.003781e+05    0.961895    3.773002e+01
0:   142    9.949080e+04    0.991161    3.739651e+01
0:   143    9.225785e+04    0.927300    3.467779e+01
0:   144    8.325899e+04    0.902460    3.129531e+01
0:   145    8.189768e+04    0.983650    3.078363e+01
0:   146    7.528243e+04    0.919225    2.829709e+01
0:   147    7.858501e+04    1.043869    2.953846e+01
0:   148    7.828637e+04    0.996200    2.942621e+01
0:   149    8.578938e+04    1.095841    3.224643e+01
0:   150    8.932604e+04    1.041225    3.357579e+01
0:   151    9.859401e+04    1.103755    3.705943e+01
0:   152    1.003982e+05    1.018299    3.773759e+01
0:   153    1.078029e+05    1.073753    4.052084e+01
0:   154    1.023252e+05    0.949189    3.846192e+01
0:   155    1.045061e+05    1.021313    3.928167e+01
0:   156    9.470592e+04    0.906224    3.559797e+01
0:   157    9.239632e+04    0.975613    3.472985e+01
0:   158    8.569790e+04    0.927503    3.221205e+01
0:   159    7.958299e+04    0.928646    2.991358e+01
0:   160    8.066129e+04    1.013549    3.031889e+01
0:   161    7.531607e+04    0.933733    2.830974e+01
0:   162    7.937818e+04    1.053934    2.983660e+01
0:   163    8.226033e+04    1.036309    3.091994e+01
0:   164    8.304537e+04    1.009543    3.121502e+01
0:   165    9.192539e+04    1.106930    3.455283e+01
0:   166    9.636621e+04    1.048309    3.622204e+01
0:   167    9.839464e+04    1.021049    3.698449e+01
0:   168    1.069678e+05    1.087131    4.020698e+01
0:   169    1.085922e+05    1.015186    4.081754e+01
0:   170    1.040957e+05    0.958593    3.912740e+01
0:   171    1.071042e+05    1.028901    4.025822e+01
0:   172    1.035456e+05    0.966774    3.892061e+01
0:   173    9.487581e+04    0.916271    3.566183e+01
0:   174    9.205437e+04    0.970262    3.460131e+01
0:   175    9.061042e+04    0.984314    3.405856e+01
0:   176    8.312601e+04    0.917400    3.124533e+01
0:   177    7.872785e+04    0.947090    2.959215e+01
0:   178    8.046528e+04    1.022069    3.024522e+01
0:   179    7.963832e+04    0.989723    2.993438e+01
0:   180    7.704955e+04    0.967493    2.896131e+01
0:   181    7.895291e+04    1.024703    2.967675e+01
0:   182    8.573090e+04    1.085848    3.222445e+01
0:   183    8.837917e+04    1.030891    3.321988e+01
0:   184    8.917661e+04    1.009023    3.351962e+01
0:   185    9.415801e+04    1.055860    3.539203e+01
0:   186    1.027015e+05    1.090736    3.860335e+01
0:   187    1.063072e+05    1.035109    3.995866e+01
0:   188    1.048280e+05    0.986085    3.940264e+01
0:   189    1.065069e+05    1.016017    4.003373e+01
0:   190    1.112061e+05    1.044121    4.180006e+01
0:   191    1.126243e+05    1.012752    4.233311e+01
0:   192    1.066992e+05    0.947391    4.010600e+01
0:   193    1.012821e+05    0.949230    3.806982e+01
0:   194    9.965029e+04    0.983888    3.745646e+01
0:   195    9.936624e+04    0.997150    3.734969e+01
0:   196    9.460877e+04    0.952122    3.556146e+01
0:   197    8.737050e+04    0.923493    3.284074e+01
0:   198    8.263365e+04    0.945784    3.106026e+01
0:   199    8.219016e+04    0.994633    3.089356e+01
0:   200    8.302245e+04    1.010126    3.120640e+01
0:   201    8.137540e+04    0.980161    3.058731e+01
0:   202    7.837380e+04    0.963114    2.945907e+01
0:   203    7.711177e+04    0.983897    2.898470e+01
0:   204    7.986147e+04    1.035659    3.001825e+01
0:   205    8.380649e+04    1.049398    3.150111e+01
0:   206    8.668264e+04    1.034319    3.258219e+01
0:   207    8.689339e+04    1.002431    3.266141e+01
0:   208    8.865145e+04    1.020232    3.332223e+01
0:   209    9.179619e+04    1.035473    3.450427e+01
0:   210    9.704997e+04    1.057233    3.647905e+01
0:   211    1.038398e+05    1.069962    3.903121e+01
0:   212    1.086540e+05    1.046362    4.084078e+01
0:   213    1.067634e+05    0.982599    4.013013e+01
0:   214    1.061675e+05    0.994419    3.990616e+01
0:   215    1.102042e+05    1.038021    4.142345e+01
0:   216    1.107911e+05    1.005325    4.164404e+01
0:   217    1.173195e+05    1.058926    4.409794e+01
0:   218    1.136305e+05    0.968556    4.271133e+01
0:   219    1.105283e+05    0.972699    4.154527e+01
0:   220    1.045970e+05    0.946337    3.931583e+01
0:   221    1.009211e+05    0.964857    3.793414e+01
0:   222    1.002874e+05    0.993721    3.769594e+01
0:   223    9.959629e+04    0.993109    3.743616e+01
0:   224    9.874668e+04    0.991469    3.711681e+01
0:   225    9.401026e+04    0.952035    3.533649e+01
0:   226    8.911759e+04    0.947956    3.349744e+01
0:   227    8.460038e+04    0.949312    3.179951e+01
0:   228    8.168998e+04    0.965598    3.070556e+01
0:   229    8.221460e+04    1.006422    3.090275e+01
0:   230    8.232333e+04    1.001323    3.094362e+01
0:   231    8.451575e+04    1.026632    3.176770e+01
0:   232    8.086055e+04    0.956751    3.039379e+01
0:   233    8.129745e+04    1.005403    3.055801e+01
0:   234    7.780732e+04    0.957070    2.924614e+01
0:   235    7.872015e+04    1.011732    2.958926e+01
0:   236    8.008245e+04    1.017306    3.010132e+01
0:   237    8.298149e+04    1.036201    3.119101e+01
0:   238    8.887455e+04    1.071017    3.340608e+01
0:   239    9.035801e+04    1.016692    3.396369e+01
0:   240    9.315367e+04    1.030940    3.501451e+01
0:   241    9.385476e+04    1.007526    3.527804e+01
0:   242    9.218479e+04    0.982207    3.465033e+01
0:   243    9.691345e+04    1.051295    3.642774e+01
0:   244    9.955453e+04    1.027252    3.742046e+01
0:   245    1.035486e+05    1.040120    3.892177e+01
0:   246    1.113839e+05    1.075667    4.186688e+01
0:   247    1.119884e+05    1.005427    4.209408e+01
0:   248    1.154621e+05    1.031019    4.339979e+01
0:   249    1.166524e+05    1.010309    4.384720e+01
0:   250    1.123687e+05    0.963278    4.223705e+01
0:   251    1.111760e+05    0.989385    4.178872e+01
0:   252    1.126695e+05    1.013434    4.235011e+01
0:   253    1.106685e+05    0.982240    4.159796e+01
0:   254    1.131137e+05    1.022095    4.251706e+01
0:   255    1.172342e+05    1.036428    4.406589e+01
0:   256    1.143146e+05    0.975096    4.296846e+01
0:   257    1.127235e+05    0.986082    4.237042e+01
0:   258    1.106326e+05    0.981451    4.158448e+01
0:   259    1.050597e+05    0.949627    3.948975e+01
0:   260    9.854843e+04    0.938023    3.704229e+01
0:   261    9.832005e+04    0.997683    3.695645e+01
0:   262    9.639585e+04    0.980429    3.623318e+01
0:   263    9.343247e+04    0.969258    3.511931e+01
0:   264    9.380041e+04    1.003938    3.525761e+01
0:   265    9.500726e+04    1.012866    3.571124e+01
0:   266    9.271737e+04    0.975898    3.485052e+01
0:   267    8.910528e+04    0.961042    3.349281e+01
0:   268    8.879795e+04    0.996551    3.337729e+01
0:   269    8.586974e+04    0.967024    3.227664e+01
0:   270    8.122012e+04    0.945853    3.052894e+01
0:   271    7.806477e+04    0.961151    2.934291e+01
0:   272    7.909963e+04    1.013256    2.973190e+01
0:   273    7.952045e+04    1.005320    2.989007e+01
0:   274    7.911824e+04    0.994942    2.973889e+01
0:   275    8.030987e+04    1.015061    3.018680e+01
0:   276    8.362708e+04    1.041305    3.143367e+01
0:   277    8.541504e+04    1.021380    3.210573e+01
0:   278    8.414668e+04    0.985151    3.162898e+01
0:   279    8.310981e+04    0.987678    3.123924e+01
0:   280    8.385039e+04    1.008911    3.151761e+01
0:   281    8.520877e+04    1.016200    3.202819e+01
0:   282    8.339636e+04    0.978730    3.134695e+01
0:   283    8.320864e+04    0.997749    3.127639e+01
0:   284    8.745414e+04    1.051022    3.287218e+01
0:   285    9.210853e+04    1.053221    3.462167e+01
0:   286    9.341410e+04    1.014174    3.511241e+01
0:   287    9.752302e+04    1.043986    3.665686e+01
0:   288    9.981229e+04    1.023474    3.751735e+01
0:   289    1.057762e+05    1.059751    3.975906e+01
0:   290    1.079851e+05    1.020883    4.058934e+01
0:   291    1.062749e+05    0.984163    3.994652e+01
0:   292    1.067457e+05    1.004430    4.012349e+01
0:   293    1.070525e+05    1.002873    4.023878e+01
0:   294    1.107228e+05    1.034285    4.161838e+01
0:   295    1.093956e+05    0.988013    4.111951e+01
0:   296    1.092546e+05    0.998711    4.106651e+01
0:   297    1.091478e+05    0.999022    4.102636e+01
0:   298    1.138845e+05    1.043397    4.280679e+01
0:   299    1.176198e+05    1.032799    4.421082e+01
0:   300    1.208814e+05    1.027730    4.543681e+01
0:   301    1.201654e+05    0.994077    4.516768e+01
0:   302    1.210922e+05    1.007712    4.551602e+01
0:   303    1.228484e+05    1.014503    4.617613e+01
0:   304    1.240238e+05    1.009568    4.661795e+01
0:   305    1.209487e+05    0.975206    4.546209e+01
0:   306    1.156447e+05    0.956147    4.346842e+01
0:   307    1.124040e+05    0.971977    4.225030e+01
0:   308    1.084568e+05    0.964884    4.076663e+01
0:   309    1.103089e+05    1.017077    4.146279e+01
0:   310    1.086802e+05    0.985236    4.085061e+01
0:   311    1.089227e+05    1.002232    4.094177e+01
0:   312    1.057301e+05    0.970689    3.974172e+01
0:   313    1.059998e+05    1.002551    3.984311e+01
0:   314    1.083870e+05    1.022521    4.074041e+01
0:   315    1.080925e+05    0.997283    4.062970e+01
0:   316    1.084426e+05    1.003239    4.076131e+01
0:   317    1.036121e+05    0.955455    3.894560e+01
0:   318    1.021158e+05    0.985559    3.838319e+01
0:   319    9.771539e+04    0.956908    3.672917e+01
0:   320    9.510408e+04    0.973276    3.574763e+01
0:   321    9.570635e+04    1.006333    3.597401e+01
0:   322    9.180063e+04    0.959191    3.450594e+01
0:   323    8.901012e+04    0.969603    3.345704e+01
0:   324    8.528714e+04    0.958173    3.205765e+01
0:   325    8.274016e+04    0.970136    3.110030e+01
0:   326    8.374702e+04    1.012169    3.147875e+01
0:   327    8.512165e+04    1.016414    3.199545e+01
0:   328    8.402113e+04    0.987071    3.158178e+01
0:   329    8.495669e+04    1.011135    3.193344e+01
0:   330    8.315460e+04    0.978788    3.125608e+01
0:   331    8.221348e+04    0.988682    3.090233e+01
0:   332    8.417910e+04    1.023909    3.164116e+01
0:   333    8.448590e+04    1.003645    3.175648e+01
0:   334    8.504942e+04    1.006670    3.196830e+01
0:   335    8.542759e+04    1.004446    3.211044e+01
0:   336    8.283233e+04    0.969620    3.113494e+01
0:   337    7.972026e+04    0.962429    2.996518e+01
0:   338    8.053535e+04    1.010224    3.027155e+01
0:   339    7.924040e+04    0.983921    2.978481e+01
0:   340    7.933850e+04    1.001238    2.982168e+01
0:   341    8.083185e+04    1.018822    3.038300e+01
0:   342    8.123468e+04    1.004984    3.053442e+01
0:   343    8.042187e+04    0.989994    3.022890e+01
0:   344    8.144973e+04    1.012781    3.061525e+01
0:   345    8.263513e+04    1.014554    3.106082e+01
0:   346    8.302457e+04    1.004713    3.120720e+01
0:   347    8.779407e+04    1.057447    3.299995e+01
0:   348    9.260375e+04    1.054784    3.480781e+01
0:   349    9.437688e+04    1.019147    3.547430e+01
0:   350    9.519023e+04    1.008618    3.578002e+01
0:   351    9.754786e+04    1.024768    3.666620e+01
0:   352    9.667800e+04    0.991083    3.633924e+01
0:   353    9.616174e+04    0.994660    3.614519e+01
0:   354    9.964006e+04    1.036172    3.745262e+01
0:   355    1.026626e+05    1.030335    3.858873e+01
0:   356    1.027560e+05    1.000910    3.862383e+01
0:   357    1.018695e+05    0.991372    3.829060e+01
0:   358    1.004145e+05    0.985717    3.774371e+01
0:   359    1.004564e+05    1.000418    3.775947e+01
0:   360    9.883691e+04    0.983878    3.715073e+01
0:   361    9.960315e+04    1.007753    3.743874e+01
0:   362    1.046711e+05    1.050881    3.934366e+01
0:   363    1.069201e+05    1.021487    4.018904e+01
0:   364    1.093862e+05    1.023065    4.111600e+01
0:   365    1.108444e+05    1.013330    4.166409e+01
0:   366    1.152520e+05    1.039764    4.332080e+01
0:   367    1.171443e+05    1.016419    4.403210e+01
0:   368    1.171633e+05    1.000162    4.403922e+01
0:   369    1.182449e+05    1.009232    4.444579e+01
0:   370    1.218909e+05    1.030834    4.581623e+01
0:   371    1.239000e+05    1.016483    4.657140e+01
0:   372    1.248842e+05    1.007943    4.694134e+01
0:   373    1.247054e+05    0.998569    4.687415e+01
0:   374    1.272935e+05    1.020754    4.784696e+01
0:   375    1.248324e+05    0.980666    4.692190e+01
0:   376    1.224183e+05    0.980661    4.601446e+01
0:   377    1.168526e+05    0.954535    4.392243e+01
0:   378    1.182779e+05    1.012198    4.445820e+01
0:   379    1.178070e+05    0.996018    4.428119e+01
0:   380    1.196410e+05    1.015568    4.497055e+01
0:   381    1.174292e+05    0.981513    4.413918e+01
0:   382    1.199958e+05    1.021857    4.510392e+01
0:   383    1.194696e+05    0.995614    4.490612e+01
0:   384    1.190069e+05    0.996127    4.473219e+01
0:   385    1.155909e+05    0.971296    4.344820e+01
0:   386    1.118448e+05    0.967591    4.204011e+01
0:   387    1.144432e+05    1.023232    4.301679e+01
0:   388    1.159659e+05    1.013306    4.358917e+01
0:   389    1.179941e+05    1.017489    4.435151e+01
0:   390    1.165892e+05    0.988094    4.382345e+01
0:   391    1.196562e+05    1.026306    4.497627e+01
0:   392    1.204324e+05    1.006486    4.526801e+01
0:   393    1.198296e+05    0.994995    4.504142e+01
0:   394    1.179138e+05    0.984013    4.432135e+01
0:   395    1.132860e+05    0.960752    4.258184e+01
0:   396    1.120444e+05    0.989040    4.211513e+01
0:   397    1.118734e+05    0.998474    4.205088e+01
0:   398    1.115742e+05    0.997325    4.193840e+01
0:   399    1.105743e+05    0.991038    4.156256e+01
0:   400    1.071192e+05    0.968753    4.026386e+01
0:   401    1.071447e+05    1.000238    4.027346e+01
0:   402    1.060485e+05    0.989769    3.986142e+01
0:   403    1.026254e+05    0.967721    3.857473e+01
0:   404    1.008904e+05    0.983094    3.792259e+01
0:   405    9.501032e+04    0.941718    3.571239e+01
0:   406    9.191159e+04    0.967385    3.454764e+01
0:   407    9.152727e+04    0.995819    3.440319e+01
0:   408    9.085187e+04    0.992621    3.414932e+01
0:   409    9.089548e+04    1.000480    3.416571e+01
0:   410    8.913799e+04    0.980665    3.350510e+01
0:   411    8.797050e+04    0.986902    3.306627e+01
0:   412    9.043469e+04    1.028012    3.399251e+01
0:   413    9.234184e+04    1.021089    3.470937e+01
0:   414    9.115905e+04    0.987191    3.426478e+01
0:   415    8.969239e+04    0.983911    3.371349e+01
0:   416    8.789605e+04    0.979972    3.303829e+01
0:   417    8.675017e+04    0.986963    3.260757e+01
0:   418    8.807834e+04    1.015310    3.310680e+01
0:   419    8.833602e+04    1.002926    3.320366e+01
0:   420    8.773144e+04    0.993156    3.297641e+01
0:   421    8.870941e+04    1.011147    3.334401e+01
0:   422    8.789981e+04    0.990874    3.303970e+01
0:   423    8.754136e+04    0.995922    3.290496e+01
0:   424    8.849993e+04    1.010950    3.326527e+01
0:   425    8.773053e+04    0.991306    3.297607e+01
0:   426    8.572516e+04    0.977142    3.222229e+01
0:   427    8.416299e+04    0.981777    3.163511e+01
0:   428    8.175347e+04    0.971371    3.072942e+01
0:   429    7.953165e+04    0.972823    2.989428e+01
0:   430    7.781139e+04    0.978370    2.924768e+01
0:   431    7.919941e+04    1.017838    2.976940e+01
0:   432    7.900814e+04    0.997585    2.969751e+01
0:   433    7.753468e+04    0.981351    2.914367e+01
0:   434    7.770744e+04    1.002228    2.920860e+01
0:   435    7.624202e+04    0.981142    2.865778e+01
0:   436    7.647745e+04    1.003088    2.874627e+01
0:   437    7.899813e+04    1.032960    2.969374e+01
0:   438    8.133120e+04    1.029533    3.057070e+01
0:   439    8.039715e+04    0.988515    3.021961e+01
0:   440    7.851737e+04    0.976619    2.951304e+01
0:   441    7.861573e+04    1.001253    2.955001e+01
0:   442    7.955096e+04    1.011896    2.990154e+01
0:   443    8.049361e+04    1.011850    3.025586e+01
0:   444    8.322045e+04    1.033876    3.128083e+01
0:   445    8.448448e+04    1.015189    3.175595e+01
0:   446    8.544608e+04    1.011382    3.211739e+01
0:   447    8.535327e+04    0.998914    3.208251e+01
0:   448    8.940471e+04    1.047467    3.360536e+01
0:   449    9.217978e+04    1.031039    3.464845e+01
0:   450    9.472551e+04    1.027617    3.560534e+01
0:   451    9.495911e+04    1.002466    3.569314e+01
0:   452    9.617044e+04    1.012756    3.614846e+01
0:   453    9.475831e+04    0.985316    3.561767e+01
0:   454    9.337230e+04    0.985373    3.509669e+01
0:   455    9.198800e+04    0.985174    3.457637e+01
0:   456    9.354360e+04    1.016911    3.516108e+01
0:   457    9.241322e+04    0.987916    3.473620e+01
0:   458    9.216699e+04    0.997336    3.464364e+01
0:   459    9.251563e+04    1.003783    3.477469e+01
0:   460    9.489868e+04    1.025758    3.567043e+01
0:   461    9.472723e+04    0.998193    3.560599e+01
0:   462    9.613262e+04    1.014836    3.613424e+01
0:   463    9.670169e+04    1.005920    3.634814e+01
0:   464    9.687924e+04    1.001836    3.641488e+01
0:   465    9.909101e+04    1.022830    3.724624e+01
0:   466    9.816080e+04    0.990613    3.689659e+01
0:   467    9.778155e+04    0.996136    3.675404e+01
0:   468    9.671572e+04    0.989100    3.635341e+01
0:   469    9.716520e+04    1.004647    3.652237e+01
0:   470    9.519600e+04    0.979734    3.578219e+01
0:   471    9.572484e+04    1.005555    3.598096e+01
0:   472    1.001973e+05    1.046722    3.766205e+01
0:   473    1.028033e+05    1.026010    3.864163e+01
0:   474    1.063272e+05    1.034277    3.996615e+01
0:   475    1.071742e+05    1.007966    4.028453e+01
0:   476    1.096648e+05    1.023239    4.122071e+01
0:   477    1.121637e+05    1.022787    4.215999e+01
0:   478    1.120905e+05    0.999347    4.213247e+01
0:   479    1.148013e+05    1.024184    4.315140e+01
0:   480    1.157854e+05    1.008572    4.352131e+01
0:   481    1.172635e+05    1.012766    4.407690e+01
0:   482    1.205940e+05    1.028402    4.532875e+01
0:   483    1.180346e+05    0.978777    4.436674e+01
0:   484    1.169564e+05    0.990866    4.396147e+01
0:   485    1.153246e+05    0.986048    4.334811e+01
0:   486    1.157804e+05    1.003952    4.351943e+01
0:   487    1.195590e+05    1.032636    4.493971e+01
0:   488    1.213414e+05    1.014909    4.560970e+01
0:   489    1.219776e+05    1.005243    4.584884e+01
0:   490    1.256564e+05    1.030159    4.723161e+01
0:   491    1.270696e+05    1.011246    4.776280e+01
0:   492    1.278925e+05    1.006476    4.807210e+01
0:   493    1.264950e+05    0.989073    4.754682e+01
0:   494    1.215611e+05    0.960996    4.569229e+01
0:   495    1.230774e+05    1.012473    4.626221e+01
0:   496    1.259932e+05    1.023691    4.735822e+01
0:   497    1.256722e+05    0.997452    4.723754e+01
0:   498    1.253277e+05    0.997259    4.710805e+01
0:   499    1.251164e+05    0.998314    4.702864e+01
0:   500    1.219361e+05    0.974581    4.583323e+01
0:   501    1.230439e+05    1.009086    4.624965e+01
0:   502    1.226502e+05    0.996800    4.610164e+01
0:   503    1.196219e+05    0.975310    4.496338e+01
0:   504    1.205593e+05    1.007836    4.531572e+01
0:   505    1.195955e+05    0.992006    4.495345e+01
0:   506    1.205907e+05    1.008321    4.532752e+01
0:   507    1.218664e+05    1.010579    4.580702e+01
0:   508    1.231572e+05    1.010592    4.629223e+01
0:   509    1.202704e+05    0.976559    4.520712e+01
0:   510    1.184983e+05    0.985266    4.454103e+01
0:   511    1.193326e+05    1.007041    4.485462e+01
0:   512    1.195667e+05    1.001961    4.494260e+01
0:   513    1.210700e+05    1.012573    4.550767e+01
0:   514    1.225695e+05    1.012386    4.607132e+01
0:   515    1.217097e+05    0.992985    4.574813e+01
0:   516    1.220967e+05    1.003179    4.589358e+01
0:   517    1.248645e+05    1.022669    4.693395e+01
0:   518    1.255375e+05    1.005390    4.718693e+01
0:   519    1.227360e+05    0.977684    4.613388e+01
0:   520    1.215385e+05    0.990243    4.568376e+01
0:   521    1.217139e+05    1.001443    4.574970e+01
0:   522    1.220476e+05    1.002742    4.587514e+01
0:   523    1.224677e+05    1.003442    4.603303e+01
0:   524    1.242446e+05    1.014509    4.670095e+01
0:   525    1.246785e+05    1.003493    4.686405e+01
0:   526    1.244533e+05    0.998193    4.677937e+01
0:   527    1.265830e+05    1.017113    4.757991e+01
0:   528    1.287647e+05    1.017235    4.839994e+01
0:   529    1.283317e+05    0.996638    4.823722e+01
0:   530    1.281962e+05    0.998944    4.818627e+01
0:   531    1.278269e+05    0.997119    4.804745e+01
0:   532    1.275660e+05    0.997959    4.794938e+01
0:   533    1.265673e+05    0.992171    4.757399e+01
0:   534    1.255676e+05    0.992102    4.719824e+01
0:   535    1.262457e+05    1.005400    4.745313e+01
0:   536    1.266610e+05    1.003289    4.760920e+01
0:   537    1.217111e+05    0.960921    4.574866e+01
0:   538    1.204112e+05    0.989319    4.526004e+01
0:   539    1.168798e+05    0.970672    4.393266e+01
0:   540    1.129485e+05    0.966365    4.245497e+01
0:   541    1.107398e+05    0.980446    4.162479e+01
0:   542    1.086660e+05    0.981273    4.084528e+01
0:   543    1.075115e+05    0.989376    4.041134e+01
0:   544    1.042111e+05    0.969301    3.917076e+01
0:   545    1.029319e+05    0.987725    3.868993e+01
0:   546    1.042178e+05    1.012493    3.917328e+01
0:   547    1.052917e+05    1.010304    3.957693e+01
0:   548    1.055208e+05    1.002176    3.966307e+01
0:   549    1.050802e+05    0.995824    3.949745e+01
0:   550    1.049186e+05    0.998462    3.943671e+01
0:   551    1.013713e+05    0.966189    3.810333e+01
0:   552    1.002904e+05    0.989338    3.769707e+01
0:   553    9.926302e+04    0.989756    3.731089e+01
0:   554    9.939845e+04    1.001364    3.736180e+01
0:   555    9.904960e+04    0.996490    3.723067e+01
0:   556    9.543587e+04    0.963516    3.587235e+01
0:   557    9.381282e+04    0.982993    3.526228e+01
0:   558    9.399063e+04    1.001895    3.532911e+01
0:   559    9.441712e+04    1.004538    3.548942e+01
0:   560    9.407269e+04    0.996352    3.535995e+01
0:   561    9.230008e+04    0.981157    3.469367e+01
0:   562    9.230177e+04    1.000018    3.469430e+01
0:   563    9.144096e+04    0.990674    3.437074e+01
0:   564    8.860688e+04    0.969006    3.330547e+01
0:   565    9.021020e+04    1.018095    3.390813e+01
0:   566    9.145420e+04    1.013790    3.437572e+01
0:   567    9.405436e+04    1.028431    3.535306e+01
0:   568    9.504803e+04    1.010565    3.572657e+01
0:   569    9.343963e+04    0.983078    3.512200e+01
0:   570    9.490488e+04    1.015681    3.567276e+01
0:   571    9.752681e+04    1.027627    3.665829e+01
0:   572    9.643296e+04    0.988784    3.624713e+01
0:   573    9.681920e+04    1.004005    3.639231e+01
0:   574    9.783409e+04    1.010482    3.677379e+01
0:   575    9.732135e+04    0.994759    3.658106e+01
0:   576    9.790202e+04    1.005967    3.679932e+01
0:   577    9.396548e+04    0.959791    3.531966e+01
0:   578    9.177745e+04    0.976715    3.449722e+01
0:   579    9.125162e+04    0.994271    3.429957e+01
0:   580    8.988952e+04    0.985073    3.378759e+01
0:   581    8.985822e+04    0.999652    3.377583e+01
0:   582    8.925353e+04    0.993271    3.354854e+01
0:   583    8.834581e+04    0.989830    3.320734e+01
0:   584    8.666272e+04    0.980949    3.257470e+01
0:   585    8.582467e+04    0.990330    3.225970e+01
0:   586    8.464208e+04    0.986221    3.181519e+01
0:   587    8.456579e+04    0.999099    3.178651e+01
0:   588    8.482126e+04    1.003021    3.188254e+01
0:   589    8.302080e+04    0.978773    3.120578e+01
0:   590    8.293045e+04    0.998912    3.117182e+01
0:   591    8.398839e+04    1.012757    3.156948e+01
0:   592    8.343188e+04    0.993374    3.136030e+01
0:   593    8.220887e+04    0.985341    3.090059e+01
0:   594    8.239667e+04    1.002284    3.097119e+01
0:   595    8.330637e+04    1.011041    3.131312e+01
0:   596    8.277863e+04    0.993665    3.111476e+01
0:   597    8.197328e+04    0.990271    3.081204e+01
0:   598    8.072282e+04    0.984745    3.034202e+01
0:   599    8.023861e+04    0.994002    3.016001e+01
0:   600    8.059531e+04    1.004446    3.029409e+01
0:   601    8.048042e+04    0.998574    3.025091e+01
0:   602    7.705563e+04    0.957446    2.896360e+01
0:   603    7.489466e+04    0.971956    2.815134e+01
0:   604    7.300583e+04    0.974780    2.744136e+01
0:   605    7.346991e+04    1.006357    2.761580e+01
0:   606    7.281204e+04    0.991046    2.736852e+01
0:   607    7.345152e+04    1.008782    2.760889e+01
0:   608    7.274093e+04    0.990326    2.734179e+01
0:   609    7.353193e+04    1.010874    2.763911e+01
0:   610    7.582719e+04    1.031214    2.850185e+01
0:   611    7.646062e+04    1.008354    2.873995e+01
0:   612    7.540727e+04    0.986224    2.834402e+01
0:   613    7.407989e+04    0.982397    2.784508e+01
0:   614    7.548727e+04    1.018998    2.837408e+01
0:   615    7.612440e+04    1.008440    2.861357e+01
0:   616    7.739560e+04    1.016699    2.909139e+01
0:   617    7.672127e+04    0.991287    2.883792e+01
0:   618    7.643762e+04    0.996303    2.873130e+01
0:   619    7.565117e+04    0.989711    2.843569e+01
0:   620    7.751566e+04    1.024646    2.913651e+01
0:   621    7.982646e+04    1.029811    3.000510e+01
0:   622    8.147705e+04    1.020677    3.062552e+01
0:   623    8.298303e+04    1.018484    3.119159e+01
0:   624    8.394159e+04    1.011551    3.155189e+01
0:   625    8.817175e+04    1.050394    3.314192e+01
0:   626    8.837395e+04    1.002293    3.321792e+01
0:   627    8.694293e+04    0.983807    3.268003e+01
0:   628    8.503836e+04    0.978094    3.196414e+01
0:   629    8.312666e+04    0.977520    3.124557e+01
0:   630    8.231552e+04    0.990242    3.094068e+01
0:   631    8.358028e+04    1.015365    3.141608e+01
0:   632    8.618884e+04    1.031210    3.239658e+01
0:   633    8.552227e+04    0.992266    3.214603e+01
0:   634    8.410744e+04    0.983457    3.161423e+01
0:   635    8.603001e+04    1.022859    3.233688e+01
0:   636    8.700023e+04    1.011278    3.270157e+01
0:   637    8.681925e+04    0.997920    3.263354e+01
0:   638    8.706181e+04    1.002794    3.272472e+01
0:   639    8.789080e+04    1.009522    3.303631e+01
0:   640    9.024225e+04    1.026754    3.392017e+01
0:   641    9.119707e+04    1.010581    3.427907e+01
0:   642    9.166246e+04    1.005103    3.445400e+01
0:   643    9.270319e+04    1.011354    3.484519e+01
0:   644    8.998837e+04    0.970715    3.382475e+01
0:   645    8.812925e+04    0.979340    3.312594e+01
0:   646    8.855560e+04    1.004838    3.328620e+01
0:   647    8.752271e+04    0.988336    3.289795e+01
0:   648    8.920958e+04    1.019274    3.353202e+01
0:   649    8.960863e+04    1.004473    3.368201e+01
0:   650    9.071710e+04    1.012370    3.409866e+01
0:   651    9.268846e+04    1.021731    3.483965e+01
0:   652    9.411202e+04    1.015359    3.537474e+01
0:   653    9.818784e+04    1.043308    3.690675e+01
0:   654    9.782112e+04    0.996265    3.676891e+01
0:   655    9.366615e+04    0.957525    3.520715e+01
0:   656    9.114499e+04    0.973084    3.425949e+01
0:   657    9.233748e+04    1.013084    3.470773e+01
0:   658    9.262028e+04    1.003063    3.481402e+01
0:   659    9.167173e+04    0.989759    3.445748e+01
0:   660    9.157995e+04    0.998999    3.442299e+01
0:   661    9.208989e+04    1.005568    3.461467e+01
0:   662    9.197870e+04    0.998793    3.457287e+01
0:   663    8.873117e+04    0.964693    3.335219e+01
0:   664    8.764643e+04    0.987775    3.294446e+01
0:   665    9.066467e+04    1.034437    3.407895e+01
0:   666    9.026343e+04    0.995574    3.392813e+01
0:   667    8.737322e+04    0.967980    3.284177e+01
0:   668    8.653858e+04    0.990447    3.252804e+01
0:   669    8.984034e+04    1.038154    3.376911e+01
0:   670    9.271567e+04    1.032005    3.484988e+01
0:   671    9.562596e+04    1.031389    3.594380e+01
0:   672    9.479254e+04    0.991285    3.563053e+01
0:   673    9.543810e+04    1.006810    3.587318e+01
0:   674    9.327933e+04    0.977380    3.506175e+01
0:   675    9.192209e+04    0.985450    3.455159e+01
0:   676    9.005042e+04    0.979639    3.384807e+01
0:   677    9.292344e+04    1.031905    3.492798e+01
0:   678    9.585264e+04    1.031523    3.602900e+01
0:   679    9.799729e+04    1.022375    3.683513e+01
0:   680    9.748861e+04    0.994809    3.664393e+01
0:   681    9.747894e+04    0.999901    3.664029e+01
0:   682    9.894280e+04    1.015017    3.719053e+01
0:   683    1.028849e+05    1.039843    3.867230e+01
0:   684    1.041698e+05    1.012488    3.915524e+01
0:   685    1.053269e+05    1.011108    3.959017e+01
0:   686    1.066061e+05    1.012145    4.007101e+01
0:   687    1.057281e+05    0.991764    3.974098e+01
0:   688    1.044277e+05    0.987700    3.925217e+01
0:   689    1.033802e+05    0.989969    3.885845e+01
0:   690    1.041229e+05    1.007184    3.913763e+01
0:   691    1.084948e+05    1.041987    4.078091e+01
0:   692    1.100403e+05    1.014246    4.136186e+01
0:   693    1.090055e+05    0.990595    4.097288e+01
0:   694    1.087837e+05    0.997966    4.088953e+01
0:   695    1.059231e+05    0.973703    3.981427e+01
0:   696    1.038077e+05    0.980029    3.901914e+01
0:   697    1.043352e+05    1.005081    3.921740e+01
0:   698    1.043308e+05    0.999959    3.921578e+01
0:   699    1.065279e+05    1.021058    4.004160e+01
0:   700    1.107516e+05    1.039649    4.162921e+01
0:   701    1.118437e+05    1.009860    4.203969e+01
0:   702    1.084614e+05    0.969759    4.076836e+01
0:   703    1.090250e+05    1.005196    4.098020e+01
0:   704    1.113518e+05    1.021342    4.185480e+01
0:   705    1.143526e+05    1.026949    4.298273e+01
0:   706    1.173428e+05    1.026150    4.410671e+01
0:   707    1.152679e+05    0.982317    4.332678e+01
0:   708    1.121272e+05    0.972753    4.214627e+01
0:   709    1.126090e+05    1.004297    4.232736e+01
0:   710    1.168231e+05    1.037423    4.391136e+01
0:   711    1.164274e+05    0.996613    4.376264e+01
0:   712    1.174538e+05    1.008815    4.414841e+01
0:   713    1.213070e+05    1.032807    4.559678e+01
0:   714    1.216967e+05    1.003212    4.574325e+01
0:   715    1.259269e+05    1.034760    4.733328e+01
0:   716    1.258222e+05    0.999168    4.729392e+01
0:   717    1.186074e+05    0.942659    4.458206e+01
0:   718    1.184524e+05    0.998693    4.452378e+01
0:   719    1.208974e+05    1.020642    4.544282e+01
0:   720    1.232709e+05    1.019632    4.633494e+01
0:   721    1.244222e+05    1.009340    4.676770e+01
0:   722    1.253344e+05    1.007331    4.711056e+01
0:   723    1.265117e+05    1.009393    4.755309e+01
0:   724    1.222435e+05    0.966263    4.594879e+01
0:   725    1.237850e+05    1.012610    4.652818e+01
0:   726    1.295074e+05    1.046229    4.867913e+01
0:   727    1.272769e+05    0.982777    4.784072e+01
0:   728    1.224129e+05    0.961784    4.601243e+01
0:   729    1.240697e+05    1.013535    4.663522e+01
0:   730    1.290334e+05    1.040007    4.850095e+01
0:   731    1.286908e+05    0.997345    4.837218e+01
0:   732    1.248128e+05    0.969865    4.691450e+01
0:   733    1.225780e+05    0.982095    4.607450e+01
0:   734    1.235136e+05    1.007633    4.642618e+01
0:   735    1.239731e+05    1.003720    4.659888e+01
0:   736    1.261296e+05    1.017395    4.740947e+01
0:   737    1.315023e+05    1.042597    4.942898e+01
0:   738    1.275430e+05    0.969891    4.794073e+01
0:   739    1.227796e+05    0.962653    4.615028e+01
0:   740    1.210981e+05    0.986305    4.551826e+01
0:   741    1.223090e+05    1.009999    4.597341e+01
0:   742    1.230231e+05    1.005838    4.624182e+01
0:   743    1.230903e+05    1.000546    4.626707e+01
0:   744    1.204967e+05    0.978929    4.529219e+01
0:   745    1.196639e+05    0.993088    4.497915e+01
0:   746    1.196315e+05    0.999730    4.496699e+01
0:   747    1.204067e+05    1.006480    4.525835e+01
0:   748    1.233048e+05    1.024069    4.634769e+01
0:   749    1.237813e+05    1.003865    4.652681e+01
0:   750    1.209516e+05    0.977140    4.546319e+01
0:   751    1.195810e+05    0.988668    4.494798e+01
0:   752    1.230155e+05    1.028721    4.623895e+01
0:   753    1.248051e+05    1.014548    4.691163e+01
0:   754    1.246134e+05    0.998464    4.683957e+01
0:   755    1.232061e+05    0.988706    4.631058e+01
0:   756    1.235441e+05    1.002744    4.643766e+01
0:   757    1.240376e+05    1.003994    4.662314e+01
0:   758    1.243249e+05    1.002316    4.673111e+01
0:   759    1.275986e+05    1.026332    4.796164e+01
0:   760    1.292477e+05    1.012925    4.858152e+01
0:   761    1.323440e+05    1.023956    4.974532e+01
0:   762    1.277725e+05    0.965458    4.802701e+01
0:   763    1.235816e+05    0.967201    4.645175e+01
0:   764    1.247027e+05    1.009072    4.687315e+01
0:   765    1.240154e+05    0.994488    4.661479e+01
0:   766    1.188503e+05    0.958352    4.467336e+01
0:   767    1.172422e+05    0.986470    4.406891e+01
0:   768    1.143780e+05    0.975570    4.299229e+01
0:   769    1.153807e+05    1.008767    4.336919e+01
0:   770    1.183425e+05    1.025670    4.448249e+01
0:   771    1.170472e+05    0.989054    4.399559e+01
0:   772    1.216733e+05    1.039524    4.573447e+01
0:   773    1.238331e+05    1.017751    4.654628e+01
0:   774    1.255132e+05    1.013567    4.717777e+01
0:   775    1.224059e+05    0.975244    4.600983e+01
0:   776    1.218746e+05    0.995659    4.581010e+01
0:   777    1.248140e+05    1.024119    4.691499e+01
0:   778    1.289311e+05    1.032986    4.846251e+01
0:   779    1.271760e+05    0.986387    4.780278e+01
0:   780    1.219126e+05    0.958613    4.582438e+01
0:   781    1.211184e+05    0.993486    4.552589e+01
0:   782    1.198434e+05    0.989473    4.504662e+01
0:   783    1.197335e+05    0.999083    4.500533e+01
0:   784    1.184416e+05    0.989210    4.451972e+01
0:   785    1.163082e+05    0.981988    4.371781e+01
0:   786    1.194172e+05    1.026731    4.488643e+01
0:   787    1.249143e+05    1.046033    4.695268e+01
0:   788    1.262028e+05    1.010315    4.743699e+01
0:   789    1.245573e+05    0.986961    4.681848e+01
0:   790    1.265403e+05    1.015921    4.756386e+01
0:   791    1.270322e+05    1.003887    4.774876e+01
0:   792    1.210451e+05    0.952869    4.549831e+01
0:   793    1.211017e+05    1.000468    4.551960e+01
0:   794    1.199547e+05    0.990528    4.508846e+01
0:   795    1.171999e+05    0.977035    4.405300e+01
0:   796    1.228102e+05    1.047869    4.616180e+01
0:   797    1.308258e+05    1.065268    4.917469e+01
0:   798    1.318874e+05    1.008114    4.957372e+01
0:   799    1.326419e+05    1.005721    4.985732e+01
0:   800    1.364645e+05    1.028819    5.129416e+01
0:   801    1.395415e+05    1.022547    5.245071e+01
0:   802    1.395371e+05    0.999969    5.244907e+01
0:   803    1.411086e+05    1.011263    5.303978e+01
0:   804    1.422476e+05    1.008071    5.346788e+01
0:   805    1.407081e+05    0.989178    5.288924e+01
0:   806    1.405470e+05    0.998855    5.282867e+01
0:   807    1.427290e+05    1.015525    5.364886e+01
0:   808    1.398075e+05    0.979531    5.255071e+01
0:   809    1.389068e+05    0.993558    5.221217e+01
0:   810    1.381613e+05    0.994633    5.193194e+01
0:   811    1.367989e+05    0.990139    5.141985e+01
0:   812    1.336361e+05    0.976880    5.023100e+01
0:   813    1.329851e+05    0.995129    4.998631e+01
0:   814    1.320822e+05    0.993211    4.964695e+01
0:   815    1.301949e+05    0.985711    4.893752e+01
0:   816    1.323792e+05    1.016778    4.975858e+01
0:   817    1.371196e+05    1.035809    5.154039e+01
0:   818    1.422296e+05    1.037267    5.346115e+01
0:   819    1.404167e+05    0.987253    5.277969e+01
0:   820    1.414768e+05    1.007550    5.317816e+01
0:   821    1.385403e+05    0.979244    5.207439e+01
0:   822    1.340292e+05    0.967439    5.037879e+01
0:   823    1.312922e+05    0.979579    4.934998e+01
0:   824    1.298641e+05    0.989123    4.881320e+01
0:   825    1.282187e+05    0.987330    4.819472e+01
0:   826    1.280599e+05    0.998762    4.813505e+01
0:   827    1.261400e+05    0.985007    4.741337e+01
0:   828    1.292706e+05    1.024819    4.859012e+01
0:   829    1.297059e+05    1.003368    4.875375e+01
0:   830    1.278091e+05    0.985375    4.804075e+01
0:   831    1.273989e+05    0.996791    4.788658e+01
0:   832    1.323355e+05    1.038749    4.974215e+01
0:   833    1.324938e+05    1.001196    4.980164e+01
0:   834    1.277214e+05    0.963981    4.800782e+01
0:   835    1.243635e+05    0.973709    4.674565e+01
0:   836    1.196102e+05    0.961779    4.495899e+01
0:   837    1.178715e+05    0.985463    4.430544e+01
0:   838    1.161667e+05    0.985537    4.366464e+01
0:   839    1.130718e+05    0.973358    4.250132e+01
0:   840    1.153540e+05    1.020184    4.335915e+01
0:   841    1.154853e+05    1.001138    4.340851e+01
0:   842    1.126333e+05    0.975304    4.233651e+01
0:   843    1.098209e+05    0.975030    4.127937e+01
0:   844    1.057310e+05    0.962759    3.974208e+01
0:   845    1.072690e+05    1.014546    4.032017e+01
0:   846    1.048283e+05    0.977247    3.940277e+01
0:   847    1.054727e+05    1.006147    3.964497e+01
0:   848    1.127638e+05    1.069128    4.238553e+01
0:   849    1.148835e+05    1.018798    4.318231e+01
0:   850    1.185582e+05    1.031986    4.456354e+01
0:   851    1.191409e+05    1.004915    4.478257e+01
0:   852    1.219085e+05    1.023229    4.582285e+01
0:   853    1.243005e+05    1.019622    4.672197e+01
0:   854    1.230276e+05    0.989759    4.624351e+01
0:   855    1.192059e+05    0.968936    4.480700e+01
0:   856    1.162583e+05    0.975273    4.369906e+01
0:   857    1.133562e+05    0.975038    4.260823e+01
0:   858    1.087658e+05    0.959505    4.088279e+01
0:   859    1.068981e+05    0.982828    4.018077e+01
0:   860    1.034512e+05    0.967755    3.888513e+01
0:   861    1.021111e+05    0.987047    3.838144e+01
0:   862    1.048667e+05    1.026986    3.941718e+01
0:   863    1.037932e+05    0.989763    3.901369e+01
0:   864    1.014289e+05    0.977221    3.812501e+01
0:   865    1.017380e+05    1.003048    3.824120e+01
0:   866    1.024934e+05    1.007424    3.852511e+01
0:   867    1.001629e+05    0.977262    3.764913e+01
0:   868    9.627472e+04    0.961182    3.618765e+01
0:   869    9.495097e+04    0.986250    3.569008e+01
0:   870    9.186128e+04    0.967460    3.452873e+01
0:   871    9.082163e+04    0.988682    3.413795e+01
0:   872    9.172592e+04    1.009957    3.447786e+01
0:   873    9.196752e+04    1.002634    3.456867e+01
0:   874    9.356677e+04    1.017389    3.516979e+01
0:   875    9.370593e+04    1.001487    3.522210e+01
0:   876    9.253496e+04    0.987504    3.478196e+01
0:   877    9.207569e+04    0.995037    3.460933e+01
0:   878    9.072138e+04    0.985291    3.410027e+01
0:   879    9.011879e+04    0.993358    3.387377e+01
0:   880    8.918517e+04    0.989640    3.352284e+01
0:   881    8.844970e+04    0.991753    3.324639e+01
0:   882    8.864235e+04    1.002178    3.331881e+01
0:   883    8.964303e+04    1.011289    3.369494e+01
0:   884    9.386050e+04    1.047047    3.528020e+01
0:   885    9.655361e+04    1.028693    3.629248e+01
0:   886    9.596183e+04    0.993871    3.607004e+01
0:   887    9.419513e+04    0.981590    3.540598e+01
0:   888    9.513456e+04    1.009973    3.575909e+01
0:   889    9.553204e+04    1.004178    3.590850e+01
0:   890    9.579887e+04    1.002793    3.600879e+01
0:   891    9.659636e+04    1.008325    3.630855e+01
0:   892    9.827923e+04    1.017422    3.694111e+01
0:   893    9.544096e+04    0.971120    3.587426e+01
0:   894    9.190139e+04    0.962914    3.454381e+01
0:   895    8.783082e+04    0.955707    3.301377e+01
0:   896    8.558839e+04    0.974469    3.217089e+01
0:   897    8.566383e+04    1.000881    3.219924e+01
0:   898    8.827995e+04    1.030539    3.318259e+01
0:   899    8.992504e+04    1.018635    3.380094e+01
0:   900    9.040161e+04    1.005300    3.398007e+01
0:   901    9.064528e+04    1.002695    3.407167e+01
0:   902    9.429729e+04    1.040289    3.544438e+01
0:   903    9.787444e+04    1.037935    3.678896e+01
0:   904    9.939071e+04    1.015492    3.735889e+01
0:   905    9.880097e+04    0.994066    3.713722e+01
0:   906    1.022091e+05    1.034495    3.841827e+01
0:   907    1.032329e+05    1.010017    3.880309e+01
0:   908    1.024859e+05    0.992763    3.852229e+01
0:   909    1.045459e+05    1.020101    3.929662e+01
0:   910    1.049089e+05    1.003472    3.943306e+01
0:   911    1.051134e+05    1.001950    3.950994e+01
0:   912    1.067906e+05    1.015956    4.014036e+01
0:   913    1.080405e+05    1.011704    4.061017e+01
0:   914    1.091008e+05    1.009813    4.100869e+01
0:   915    1.027492e+05    0.941783    3.862128e+01
0:   916    9.829100e+04    0.956611    3.694553e+01
0:   917    9.958724e+04    1.013188    3.743276e+01
0:   918    1.005071e+05    1.009237    3.777851e+01
0:   919    1.010553e+05    1.005455    3.798458e+01
0:   920    9.656594e+04    0.955575    3.629712e+01
0:   921    9.718135e+04    1.006373    3.652844e+01
0:   922    9.520992e+04    0.979714    3.578742e+01
0:   923    9.463588e+04    0.993971    3.557165e+01
0:   924    9.480811e+04    1.001820    3.563639e+01
0:   925    9.254904e+04    0.976172    3.478725e+01
0:   926    9.518025e+04    1.028430    3.577626e+01
0:   927    9.401283e+04    0.987735    3.533746e+01
0:   928    9.387386e+04    0.998522    3.528522e+01
0:   929    9.314104e+04    0.992194    3.500977e+01
0:   930    9.115122e+04    0.978637    3.426184e+01
0:   931    8.661667e+04    0.950252    3.255739e+01
0:   932    8.705683e+04    1.005082    3.272284e+01
0:   933    9.030816e+04    1.037347    3.394495e+01
0:   934    8.854749e+04    0.980504    3.328315e+01
0:   935    8.596352e+04    0.970818    3.231189e+01
0:   936    8.165572e+04    0.949888    3.069268e+01
0:   937    7.889682e+04    0.966213    2.965567e+01
0:   938    7.805228e+04    0.989296    2.933822e+01
0:   939    8.186957e+04    1.048907    3.077306e+01
0:   940    8.393551e+04    1.025235    3.154960e+01
0:   941    8.475899e+04    1.009811    3.185913e+01
0:   942    8.721050e+04    1.028923    3.278060e+01
0:   943    8.745482e+04    1.002801    3.287244e+01
0:   944    8.811200e+04    1.007515    3.311946e+01
0:   945    8.877184e+04    1.007489    3.336748e+01
0:   946    8.825399e+04    0.994166    3.317283e+01
0:   947    8.731868e+04    0.989402    3.282127e+01
0:   948    8.634357e+04    0.988833    3.245474e+01
0:   949    8.711298e+04    1.008911    3.274395e+01
0:   950    8.898513e+04    1.021491    3.344765e+01
0:   951    8.693878e+04    0.977003    3.267847e+01
0:   952    8.437017e+04    0.970455    3.171298e+01
0:   953    8.350539e+04    0.989750    3.138793e+01
0:   954    8.245518e+04    0.987424    3.099318e+01
0:   955    8.149632e+04    0.988371    3.063276e+01
0:   956    8.277025e+04    1.015632    3.111161e+01
0:   957    8.460987e+04    1.022226    3.180308e+01
0:   958    8.235692e+04    0.973373    3.095624e+01
0:   959    8.030704e+04    0.975110    3.018574e+01
0:   960    7.997891e+04    0.995914    3.006240e+01
0:   961    8.024066e+04    1.003273    3.016078e+01
0:   962    8.268194e+04    1.030425    3.107841e+01
0:   963    8.605878e+04    1.040841    3.234770e+01
0:   964    8.561882e+04    0.994888    3.218232e+01
0:   965    8.120607e+04    0.948460    3.052366e+01
0:   966    7.934108e+04    0.977034    2.982265e+01
0:   967    7.994648e+04    1.007630    3.005021e+01
0:   968    7.949112e+04    0.994304    2.987905e+01
0:   969    7.843757e+04    0.986746    2.948304e+01
0:   970    8.101512e+04    1.032861    3.045189e+01
0:   971    8.146727e+04    1.005581    3.062184e+01
0:   972    8.114944e+04    0.996099    3.050238e+01
0:   973    8.347273e+04    1.028630    3.137565e+01
0:   974    8.629919e+04    1.033861    3.243806e+01
0:   975    8.452566e+04    0.979449    3.177143e+01
0:   976    8.201642e+04    0.970314    3.082826e+01
0:   977    7.956457e+04    0.970105    2.990666e+01
0:   978    7.768276e+04    0.976349    2.919932e+01
0:   979    7.668968e+04    0.987216    2.882605e+01
0:   980    7.922830e+04    1.033102    2.978026e+01
0:   981    7.965177e+04    1.005345    2.993943e+01
0:   982    7.758890e+04    0.974101    2.916404e+01
0:   983    7.532689e+04    0.970846    2.831380e+01
0:   984    7.468297e+04    0.991452    2.807177e+01
0:   985    7.416053e+04    0.993005    2.787539e+01
0:   986    7.396854e+04    0.997411    2.780323e+01
0:   987    7.450848e+04    1.007300    2.800618e+01
0:   988    7.479332e+04    1.003823    2.811324e+01
0:   989    7.164255e+04    0.957874    2.692894e+01
0:   990    7.183877e+04    1.002739    2.700269e+01
0:   991    7.096338e+04    0.987815    2.667365e+01
0:   992    6.833888e+04    0.963016    2.568715e+01
0:   993    6.790831e+04    0.993700    2.552531e+01
0:   994    6.574233e+04    0.968104    2.471117e+01
0:   995    6.686101e+04    1.017016    2.513165e+01
0:   996    6.618335e+04    0.989865    2.487694e+01
0:   997    6.538165e+04    0.987887    2.457559e+01
0:   998    6.530929e+04    0.998893    2.454840e+01
0:   999    6.461315e+04    0.989341    2.428673e+01
0:  1000    6.467280e+04    1.000923    2.430915e+01
0: 
0: 
0: =============================================
0: Solve phase times:
0: =============================================
0: PCG Solve:
0:   wall clock time = 0.421033 seconds
0:   wall MFLOPS     = 0.000000
0:   cpu clock time  = 0.421026 seconds
0:   cpu MFLOPS      = 0.000000
0: 
0: 
0: Iterations = 1000
0: Final Relative Residual Norm = 2.430915e+01
0: 
0: Global matrix size: 384 x 384 x 384
0: 5pt 2D Laplacian
0: =============================================
0: Hypre init times:
0: =============================================
0: Hypre init:
0:   wall clock time = 0.000009 seconds
0:   wall MFLOPS     = 0.000000
0:   cpu clock time  = 0.000009 seconds
0:   cpu MFLOPS      = 0.000000
0: 
0: 
0: Using HYPRE_DEVELOP_STRING: v3.1.0-3-g13083b05c (branch v3.1.0_highradixallreduce; not the develop branch)
0: 
0: Running with these driver parameters:
0:   solver ID    = 2
0: 
0:   Laplacian:   num_fun = 1
0:     (nx, ny, nz) = (384, 384, 384)
0:     (Px, Py, Pz) = (16, 16, 16)
0:     (cx, cy, cz) = (1.000000, 1.000000, 1.000000)
0: 
0: =============================================
0: Generate Matrix:
0: =============================================
0: Spatial Operator:
0:   wall clock time = 0.002868 seconds
0:   wall MFLOPS     = 0.000000
0:   cpu clock time  = 0.002869 seconds
0:   cpu MFLOPS      = 0.000000
0: 
0:   Number of vector components: 1
0:   RHS vector has unit coefficients
0:   Initial guess is 0
0: =============================================
0: IJ Vector Setup:
0: =============================================
0: RHS and Initial Guess:
0:   wall clock time = 0.002208 seconds
0:   wall MFLOPS     = 0.000000
0:   cpu clock time  = 0.002208 seconds
0:   cpu MFLOPS      = 0.000000
0: 
0: Solver: DS-PCG
0: HYPRE_ParCSRPCGGetPrecond got good precond
0: =============================================
0: Setup phase times:
0: =============================================
0: PCG Setup:
0:   wall clock time = 0.000387 seconds
0:   wall MFLOPS     = 0.000000
0:   cpu clock time  = 0.000387 seconds
0:   cpu MFLOPS      = 0.000000
0: 
0: <b,b>: 5.662310e+07
0: 
0: 
0: Iters       ||r||_2     conv.rate  ||r||_2/||b||_2
0: -----    ------------   ---------  ------------ 
0:     1    6.004169e+04    7.979139    7.979139e+00
0:     2    5.972503e+04    0.994726    7.937057e+00
0:     3    6.124600e+04    1.025466    8.139185e+00
0:     4    7.125155e+04    1.163367    9.468855e+00
0:     5    6.713562e+04    0.942234    8.921876e+00
0:     6    7.054898e+04    1.050843    9.375489e+00
0:     7    7.328942e+04    1.038844    9.739674e+00
0:     8    7.734586e+04    1.055348    1.027875e+01
0:     9    6.996231e+04    0.904539    9.297525e+00
0:    10    7.646592e+04    1.092959    1.016181e+01
0:    11    7.245562e+04    0.947554    9.628869e+00
0:    12    7.228803e+04    0.997687    9.606596e+00
0:    13    7.449329e+04    1.030507    9.899661e+00
0:    14    7.055538e+04    0.947137    9.376339e+00
0:    15    7.339394e+04    1.040232    9.753564e+00
0:    16    7.125061e+04    0.970797    9.468730e+00
0:    17    7.102294e+04    0.996805    9.438475e+00
0:    18    7.184214e+04    1.011534    9.547341e+00
0:    19    6.963273e+04    0.969246    9.253725e+00
0:    20    7.106220e+04    1.020529    9.443692e+00
0:    21    6.955819e+04    0.978835    9.243820e+00
0:    22    6.940552e+04    0.997805    9.223530e+00
0:    23    6.965115e+04    1.003539    9.256172e+00
0:    24    6.816227e+04    0.978624    9.058310e+00
0:    25    6.899526e+04    1.012221    9.169009e+00
0:    26    6.778764e+04    0.982497    9.008524e+00
0:    27    6.764743e+04    0.997932    8.989892e+00
0:    28    6.766896e+04    1.000318    8.992752e+00
0:    29    6.650117e+04    0.982743    8.837561e+00
0:    30    6.704351e+04    1.008155    8.909634e+00
0:    31    6.601755e+04    0.984697    8.773291e+00
0:    32    6.584434e+04    0.997376    8.750273e+00
0:    33    6.579184e+04    0.999203    8.743296e+00
0:    34    6.477930e+04    0.984610    8.608736e+00
0:    35    6.515593e+04    1.005814    8.658789e+00
0:    36    6.426779e+04    0.986369    8.540761e+00
0:    37    6.403818e+04    0.996427    8.510246e+00
0:    38    6.397649e+04    0.999037    8.502049e+00
0:    39    6.304889e+04    0.985501    8.378777e+00
0:    40    6.331304e+04    1.004190    8.413880e+00
0:    41    6.254378e+04    0.987850    8.311651e+00
0:    42    6.224866e+04    0.995281    8.272431e+00
0:    43    6.220335e+04    0.999272    8.266410e+00
0:    44    6.133263e+04    0.986002    8.150697e+00
0:    45    6.150696e+04    1.002842    8.173865e+00
0:    46    6.084649e+04    0.989262    8.086092e+00
0:    47    6.048568e+04    0.994070    8.038143e+00
0:    48    6.046302e+04    0.999625    8.035131e+00
0:    49    5.964065e+04    0.986399    7.925844e+00
0:    50    5.973466e+04    1.001576    7.938338e+00
0:    51    5.917539e+04    0.990637    7.864014e+00
0:    52    5.875439e+04    0.992886    7.808067e+00
0:    53    5.875090e+04    0.999941    7.807603e+00
0:    54    5.797728e+04    0.986832    7.704793e+00
0:    55    5.799521e+04    1.000309    7.707176e+00
0:    56    5.752947e+04    0.991969    7.645283e+00
0:    57    5.705745e+04    0.991795    7.582554e+00
0:    58    5.706487e+04    1.000130    7.583540e+00
0:    59    5.634400e+04    0.987367    7.487741e+00
0:    60    5.628860e+04    0.999017    7.480379e+00
0:    61    5.590770e+04    0.993233    7.429760e+00
0:    62    5.539602e+04    0.990848    7.361762e+00
0:    63    5.540413e+04    1.000146    7.362839e+00
0:    64    5.474077e+04    0.988027    7.274683e+00
0:    65    5.461522e+04    0.997706    7.257998e+00
0:    66    5.430914e+04    0.994396    7.217322e+00
0:    67    5.377037e+04    0.990080    7.145723e+00
0:    68    5.376870e+04    0.999969    7.145502e+00
0:    69    5.316682e+04    0.988806    7.065516e+00
0:    70    5.297552e+04    0.996402    7.040093e+00
0:    71    5.273312e+04    0.995424    7.007880e+00
0:    72    5.218012e+04    0.989513    6.934389e+00
0:    73    5.215904e+04    0.999596    6.931588e+00
0:    74    5.162099e+04    0.989684    6.860084e+00
0:    75    5.136986e+04    0.995135    6.826711e+00
0:    76    5.117922e+04    0.996289    6.801377e+00
0:    77    5.062445e+04    0.989160    6.727651e+00
0:    78    5.057586e+04    0.999040    6.721194e+00
0:    79    5.010198e+04    0.990630    6.658219e+00
0:    80    4.979843e+04    0.993941    6.617879e+00
0:    81    4.964729e+04    0.996965    6.597794e+00
0:    82    4.910224e+04    0.989022    6.525360e+00
0:    83    4.901998e+04    0.998325    6.514428e+00
0:    84    4.860854e+04    0.991607    6.459751e+00
0:    85    4.826118e+04    0.992854    6.413589e+00
0:    86    4.813744e+04    0.997436    6.397144e+00
0:    87    4.761219e+04    0.989088    6.327342e+00
0:    88    4.749224e+04    0.997481    6.311402e+00
0:    89    4.713952e+04    0.992573    6.264528e+00
0:    90    4.675785e+04    0.991903    6.213807e+00
0:    91    4.664999e+04    0.997693    6.199472e+00
0:    92    4.615283e+04    0.989343    6.133403e+00
0:    93    4.599338e+04    0.996545    6.112213e+00
0:    94    4.569396e+04    0.993490    6.072422e+00
0:    95    4.528792e+04    0.991114    6.018462e+00
0:    96    4.518543e+04    0.997737    6.004841e+00
0:    97    4.472268e+04    0.989759    5.943346e+00
0:    98    4.452403e+04    0.995558    5.916946e+00
0:    99    4.427109e+04    0.994319    5.883332e+00
0:   100    4.385065e+04    0.990503    5.827459e+00
0:   101    4.374437e+04    0.997576    5.813335e+00
0:   102    4.332029e+04    0.990305    5.756977e+00
0:   103    4.308462e+04    0.994560    5.725659e+00
0:   104    4.287040e+04    0.995028    5.697190e+00
0:   105    4.244513e+04    0.990080    5.640675e+00
0:   106    4.232751e+04    0.997229    5.625044e+00
0:   107    4.194425e+04    0.990945    5.574111e+00
0:   108    4.167540e+04    0.993590    5.538382e+00
0:   109    4.149160e+04    0.995590    5.513957e+00
0:   110    4.107029e+04    0.989846    5.457967e+00
0:   111    4.093553e+04    0.996719    5.440058e+00
0:   112    4.059330e+04    0.991640    5.394579e+00
0:   113    4.029639e+04    0.992686    5.355121e+00
0:   114    4.013460e+04    0.995985    5.333621e+00
0:   115    3.972495e+04    0.989793    5.279180e+00
0:   116    3.956908e+04    0.996076    5.258467e+00
0:   117    3.926633e+04    0.992349    5.218233e+00
0:   118    3.894740e+04    0.991878    5.175850e+00
0:   119    3.879949e+04    0.996202    5.156194e+00
0:   120    3.840788e+04    0.989907    5.104151e+00
0:   121    3.822874e+04    0.995336    5.080344e+00
0:   122    3.796239e+04    0.993033    5.044948e+00
0:   123    3.762804e+04    0.991193    5.000515e+00
0:   124    3.748652e+04    0.996239    4.981708e+00
0:   125    3.711783e+04    0.990165    4.932712e+00
0:   126    3.691494e+04    0.994534    4.905749e+00
0:   127    3.668075e+04    0.993656    4.874627e+00
0:   128    3.633773e+04    0.990648    4.829041e+00
0:   129    3.619602e+04    0.996100    4.810209e+00
0:   130    3.585359e+04    0.990540    4.764703e+00
0:   131    3.562799e+04    0.993708    4.734722e+00
0:   132    3.542087e+04    0.994187    4.707197e+00
0:   133    3.507573e+04    0.990256    4.661330e+00
0:   134    3.492838e+04    0.995799    4.641749e+00
0:   135    3.461400e+04    0.990999    4.599969e+00
0:   136    3.436803e+04    0.992894    4.567282e+00
0:   137    3.418239e+04    0.994598    4.542611e+00
0:   138    3.384120e+04    0.990018    4.497269e+00
0:   139    3.368403e+04    0.995356    4.476382e+00
0:   140    3.339801e+04    0.991509    4.438372e+00
0:   141    3.313501e+04    0.992125    4.403422e+00
0:   142    3.296511e+04    0.994872    4.380843e+00
0:   143    3.263318e+04    0.989931    4.336732e+00
0:   144    3.246333e+04    0.994795    4.314160e+00
0:   145    3.220469e+04    0.992033    4.279788e+00
0:   146    3.192873e+04    0.991431    4.243115e+00
0:   147    3.176899e+04    0.994997    4.221886e+00
0:   148    3.145070e+04    0.989981    4.179588e+00
0:   149    3.126661e+04    0.994147    4.155123e+00
0:   150    3.103326e+04    0.992537    4.124113e+00
0:   151    3.074882e+04    0.990834    4.086313e+00
0:   152    3.059408e+04    0.994968    4.065749e+00
0:   153    3.029274e+04    0.990150    4.025703e+00
0:   154    3.009409e+04    0.993442    3.999303e+00
0:   155    2.988307e+04    0.992988    3.971261e+00
0:   156    2.959476e+04    0.990352    3.932946e+00
0:   157    2.944054e+04    0.994789    3.912451e+00
0:   158    2.915834e+04    0.990415    3.874949e+00
0:   159    2.894588e+04    0.992714    3.846714e+00
0:   160    2.875365e+04    0.993359    3.821168e+00
0:   161    2.846593e+04    0.989994    3.782932e+00
0:   162    2.830853e+04    0.994471    3.762014e+00
0:   163    2.804656e+04    0.990746    3.727201e+00
0:   164    2.782198e+04    0.991993    3.697355e+00
0:   165    2.764462e+04    0.993625    3.673786e+00
0:   166    2.736160e+04    0.989762    3.636174e+00
0:   167    2.719824e+04    0.994030    3.614465e+00
0:   168    2.695656e+04    0.991114    3.582346e+00
0:   169    2.672224e+04    0.991308    3.551207e+00
0:   170    2.655578e+04    0.993771    3.529085e+00
0:   171    2.628099e+04    0.989653    3.492568e+00
0:   172    2.610984e+04    0.993488    3.469824e+00
0:   173    2.588757e+04    0.991487    3.440285e+00
0:   174    2.564638e+04    0.990683    3.408232e+00
0:   175    2.548698e+04    0.993785    3.387049e+00
0:   176    2.522328e+04    0.989654    3.352005e+00
0:   177    2.504344e+04    0.992870    3.328106e+00
0:   178    2.483895e+04    0.991835    3.300931e+00
0:   179    2.459401e+04    0.990139    3.268380e+00
0:   180    2.443817e+04    0.993664    3.247670e+00
0:   181    2.418764e+04    0.989748    3.214376e+00
0:   182    2.399906e+04    0.992203    3.189315e+00
0:   183    2.381016e+04    0.992129    3.164211e+00
0:   184    2.356465e+04    0.989689    3.131584e+00
0:   185    2.340937e+04    0.993411    3.110949e+00
0:   186    2.317328e+04    0.989915    3.079574e+00
0:   187    2.297667e+04    0.991516    3.053446e+00
0:   188    2.280076e+04    0.992344    3.030069e+00
0:   189    2.255769e+04    0.989339    2.997767e+00
0:   190    2.240058e+04    0.993035    2.976887e+00
0:   191    2.217942e+04    0.990127    2.947497e+00
0:   192    2.197610e+04    0.990833    2.920478e+00
0:   193    2.181041e+04    0.992460    2.898458e+00
0:   194    2.157250e+04    0.989092    2.866842e+00
0:   195    2.141181e+04    0.992551    2.845487e+00
0:   196    2.120537e+04    0.990359    2.818053e+00
0:   197    2.099712e+04    0.990179    2.790377e+00
0:   198    2.083887e+04    0.992463    2.769346e+00
0:   199    2.060839e+04    0.988940    2.738718e+00
0:   200    2.044307e+04    0.991978    2.716747e+00
0:   201    2.025050e+04    0.990580    2.691156e+00
0:   202    2.003937e+04    0.989574    2.663098e+00
0:   203    1.988593e+04    0.992343    2.642708e+00
0:   204    1.966464e+04    0.988872    2.613300e+00
0:   205    1.949428e+04    0.991337    2.590660e+00
0:   206    1.931424e+04    0.990764    2.566734e+00
0:   207    1.910242e+04    0.989033    2.538584e+00
0:   208    1.895147e+04    0.992098    2.518524e+00
0:   209    1.874056e+04    0.988871    2.490495e+00
0:   210    1.856533e+04    0.990650    2.467208e+00
0:   211    1.839612e+04    0.990886    2.444722e+00
0:   212    1.818576e+04    0.988565    2.416766e+00
0:   213    1.803536e+04    0.991730    2.396779e+00
0:   214    1.783543e+04    0.988914    2.370210e+00
0:   215    1.765601e+04    0.989940    2.346366e+00
0:   216    1.749573e+04    0.990922    2.325066e+00
0:   217    1.728883e+04    0.988174    2.297570e+00
0:   218    1.713749e+04    0.991247    2.277458e+00
0:   219    1.694861e+04    0.988979    2.252358e+00
0:   220    1.676606e+04    0.989229    2.228098e+00
0:   221    1.661273e+04    0.990855    2.207722e+00
0:   222    1.641100e+04    0.987857    2.180912e+00
0:   223    1.625772e+04    0.990660    2.160543e+00
0:   224    1.607949e+04    0.989037    2.136857e+00
0:   225    1.589513e+04    0.988534    2.112356e+00
0:   226    1.574683e+04    0.990670    2.092649e+00
0:   227    1.555164e+04    0.987604    2.066709e+00
0:   228    1.539589e+04    0.989985    2.046011e+00
0:   229    1.522750e+04    0.989062    2.023633e+00
0:   230    1.504278e+04    0.987870    1.999086e+00
0:   231    1.489777e+04    0.990360    1.979814e+00
0:   232    1.471009e+04    0.987403    1.954873e+00
0:   233    1.455179e+04    0.989239    1.933836e+00
0:   234    1.439212e+04    0.989027    1.912617e+00
0:   235    1.420854e+04    0.987245    1.888221e+00
0:   236    1.406530e+04    0.989919    1.869185e+00
0:   237    1.388571e+04    0.987231    1.845318e+00
0:   238    1.372515e+04    0.988437    1.823981e+00
0:   239    1.357290e+04    0.988907    1.803748e+00
0:   240    1.339186e+04    0.986662    1.779689e+00
0:   241    1.324920e+04    0.989347    1.760730e+00
0:   242    1.307784e+04    0.987067    1.737958e+00
0:   243    1.291564e+04    0.987597    1.716402e+00
0:   244    1.276941e+04    0.988678    1.696969e+00
0:   245    1.259214e+04    0.986118    1.673412e+00
0:   246    1.244920e+04    0.988649    1.654416e+00
0:   247    1.228588e+04    0.986881    1.632712e+00
0:   248    1.212285e+04    0.986730    1.611046e+00
0:   249    1.198126e+04    0.988320    1.592229e+00
0:   250    1.180877e+04    0.985603    1.569306e+00
0:   251    1.166504e+04    0.987829    1.550206e+00
0:   252    1.150924e+04    0.986644    1.529502e+00
0:   253    1.134634e+04    0.985845    1.507852e+00
0:   254    1.120808e+04    0.987815    1.489479e+00
0:   255    1.104108e+04    0.985100    1.467286e+00
0:   256    1.089639e+04    0.986895    1.448057e+00
0:   257    1.074736e+04    0.986324    1.428253e+00
0:   258    1.058556e+04    0.984945    1.406750e+00
0:   259    1.044952e+04    0.987149    1.388672e+00
0:   260    1.028844e+04    0.984585    1.367265e+00
0:   261    1.014286e+04    0.985851    1.347919e+00
0:   262    9.999703e+03    0.985886    1.328894e+00
0:   263    9.839949e+03    0.984024    1.307663e+00
0:   264    9.705206e+03    0.986307    1.289757e+00
0:   265    9.550171e+03    0.984026    1.269154e+00
0:   266    9.404044e+03    0.984699    1.249735e+00
0:   267    9.265752e+03    0.985294    1.231357e+00
0:   268    9.108874e+03    0.983069    1.210509e+00
0:   269    8.974747e+03    0.985275    1.192684e+00
0:   270    8.825620e+03    0.983384    1.172866e+00
0:   271    8.679431e+03    0.983436    1.153438e+00
0:   272    8.545008e+03    0.984512    1.135575e+00
0:   273    8.391669e+03    0.982055    1.115197e+00
0:   274    8.257721e+03    0.984038    1.097396e+00
0:   275    8.114131e+03    0.982611    1.078314e+00
0:   276    7.968468e+03    0.982048    1.058956e+00
0:   277    7.836970e+03    0.983498    1.041481e+00
0:   278    7.687632e+03    0.980944    1.021635e+00
0:   279    7.553657e+03    0.982573    1.003831e+00
0:   280    7.415055e+03    0.981651    9.854113e-01
0:   281    7.270531e+03    0.980509    9.662051e-01
0:   282    7.141124e+03    0.982201    9.490077e-01
0:   283    6.996033e+03    0.979682    9.297261e-01
0:   284    6.862027e+03    0.980845    9.119175e-01
0:   285    6.727740e+03    0.980431    8.940718e-01
0:   286    6.584938e+03    0.978774    8.750943e-01
0:   287    6.456933e+03    0.980561    8.580833e-01
0:   288    6.316118e+03    0.978192    8.393699e-01
0:   289    6.182238e+03    0.978803    8.215782e-01
0:   290    6.051531e+03    0.978858    8.042080e-01
0:   291    5.910943e+03    0.976768    7.855248e-01
0:   292    5.783819e+03    0.978494    7.686310e-01
0:   293    5.647111e+03    0.976364    7.504633e-01
0:   294    5.513627e+03    0.976362    7.327242e-01
0:   295    5.385752e+03    0.976808    7.157305e-01
0:   296    5.247745e+03    0.974376    6.973903e-01
0:   297    5.121152e+03    0.975877    6.805669e-01
0:   298    4.988209e+03    0.974040    6.628996e-01
0:   299    4.855449e+03    0.973385    6.452567e-01
0:   300    4.729701e+03    0.974102    6.285457e-01
0:   301    4.594486e+03    0.971412    6.105766e-01
0:   302    4.468233e+03    0.972521    5.937983e-01
0:   303    4.338582e+03    0.970984    5.765685e-01
0:   304    4.206880e+03    0.969644    5.590663e-01
0:   305    4.082630e+03    0.970465    5.425543e-01
0:   306    3.950252e+03    0.967575    5.249621e-01
0:   307    3.824283e+03    0.968111    5.082216e-01
0:   308    3.697360e+03    0.966811    4.913544e-01
0:   309    3.567008e+03    0.964745    4.740316e-01
0:   310    3.443732e+03    0.965440    4.576490e-01
0:   311    3.314065e+03    0.962347    4.404172e-01
0:   312    3.188427e+03    0.962089    4.237207e-01
0:   313    3.063625e+03    0.960858    4.071353e-01
0:   314    2.934836e+03    0.957962    3.900201e-01
0:   315    2.812141e+03    0.958194    3.737147e-01
0:   316    2.684946e+03    0.954769    3.568114e-01
0:   317    2.559834e+03    0.953402    3.401848e-01
0:   318    2.436734e+03    0.951911    3.238256e-01
0:   319    2.310021e+03    0.947999    3.069864e-01
0:   320    2.188490e+03    0.947389    2.908356e-01
0:   321    2.065088e+03    0.943614    2.744364e-01
0:   322    1.943916e+03    0.941323    2.583334e-01
0:   323    1.827942e+03    0.940340    2.429213e-01
0:   324    1.713703e+03    0.937504    2.277397e-01
0:   325    1.610598e+03    0.939835    2.140378e-01
0:   326    1.518243e+03    0.942658    2.017644e-01
0:   327    1.443257e+03    0.950610    1.917992e-01
0:   328    1.395369e+03    0.966820    1.854352e-01
0:   329    1.378629e+03    0.988004    1.832106e-01
0:   330    1.408159e+03    1.021419    1.871349e-01
0:   331    1.493536e+03    1.060630    1.984810e-01
0:   332    1.646708e+03    1.102557    2.188365e-01
0:   333    1.882401e+03    1.143130    2.501585e-01
0:   334    2.193080e+03    1.165044    2.914457e-01
0:   335    2.552042e+03    1.163680    3.391494e-01
0:   336    2.872572e+03    1.125597    3.817457e-01
0:   337    3.017729e+03    1.050532    4.010361e-01
0:   338    2.900550e+03    0.961170    3.854637e-01
0:   339    2.550922e+03    0.879462    3.390005e-01
0:   340    2.127569e+03    0.834039    2.827397e-01
0:   341    1.776426e+03    0.834956    2.360751e-01
0:   342    1.572574e+03    0.885246    2.089846e-01
0:   343    1.544364e+03    0.982061    2.052356e-01
0:   344    1.674180e+03    1.084058    2.224874e-01
0:   345    1.899470e+03    1.134567    2.524269e-01
0:   346    2.077278e+03    1.093609    2.760564e-01
0:   347    2.042632e+03    0.983321    2.714521e-01
0:   348    1.811096e+03    0.886648    2.406826e-01
0:   349    1.550855e+03    0.856307    2.060983e-01
0:   350    1.409911e+03    0.909119    1.873678e-01
0:   351    1.438161e+03    1.020036    1.911220e-01
0:   352    1.591548e+03    1.106655    2.115061e-01
0:   353    1.736618e+03    1.091150    2.307849e-01
0:   354    1.704852e+03    0.981708    2.265634e-01
0:   355    1.507688e+03    0.884352    2.003617e-01
0:   356    1.325715e+03    0.879303    1.761787e-01
0:   357    1.278600e+03    0.964460    1.699174e-01
0:   358    1.374998e+03    1.075394    1.827281e-01
0:   359    1.504598e+03    1.094255    1.999511e-01
0:   360    1.494801e+03    0.993488    1.986490e-01
0:   361    1.336113e+03    0.893840    1.775604e-01
0:   362    1.189500e+03    0.890269    1.580766e-01
0:   363    1.173683e+03    0.986703    1.559747e-01
0:   364    1.273962e+03    1.085439    1.693011e-01
0:   365    1.350435e+03    1.060028    1.794638e-01
0:   366    1.277004e+03    0.945624    1.697052e-01
0:   367    1.128340e+03    0.883584    1.499488e-01
0:   368    1.061658e+03    0.940903    1.410873e-01
0:   369    1.119562e+03    1.054541    1.487823e-01
0:   370    1.203499e+03    1.074973    1.599369e-01
0:   371    1.170612e+03    0.972674    1.555665e-01
0:   372    1.043218e+03    0.891174    1.386368e-01
0:   373    9.718818e+02    0.931619    1.291566e-01
0:   374    1.015057e+03    1.044425    1.348943e-01
0:   375    1.086163e+03    1.070051    1.443438e-01
0:   376    1.052290e+03    0.968814    1.398423e-01
0:   377    9.411065e+02    0.894342    1.250668e-01
0:   378    8.901758e+02    0.945882    1.182984e-01
0:   379    9.390442e+02    1.054898    1.247927e-01
0:   380    9.876906e+02    1.051804    1.312575e-01
0:   381    9.307693e+02    0.942369    1.236930e-01
0:   382    8.380760e+02    0.900412    1.113747e-01
0:   383    8.231487e+02    0.982189    1.093910e-01
0:   384    8.796242e+02    1.068609    1.168962e-01
0:   385    8.886208e+02    1.010228    1.180918e-01
0:   386    8.092755e+02    0.910710    1.075473e-01
0:   387    7.520892e+02    0.929336    9.994763e-02
0:   388    7.771872e+02    1.033371    1.032830e-01
0:   389    8.182380e+02    1.052820    1.087384e-01
0:   390    7.757476e+02    0.948071    1.030917e-01
0:   391    7.033654e+02    0.906694    9.347257e-02
0:   392    6.983129e+02    0.992817    9.280112e-02
0:   393    7.406073e+02    1.060567    9.842176e-02
0:   394    7.303615e+02    0.986166    9.706016e-02
0:   395    6.626940e+02    0.907351    8.806761e-02
0:   396    6.363825e+02    0.960296    8.457099e-02
0:   397    6.707398e+02    1.053988    8.913684e-02
0:   398    6.779791e+02    1.010793    9.009890e-02
0:   399    6.216273e+02    0.916883    8.261012e-02
0:   400    5.861981e+02    0.943006    7.790181e-02
0:   401    6.099965e+02    1.040598    8.106446e-02
0:   402    6.257737e+02    1.025864    8.316114e-02
0:   403    5.791285e+02    0.925460    7.696231e-02
0:   404    5.414534e+02    0.934945    7.195554e-02
0:   405    5.594252e+02    1.033192    7.434387e-02
0:   406    5.756423e+02    1.028989    7.649902e-02
0:   407    5.364865e+02    0.931979    7.129547e-02
0:   408    5.007486e+02    0.933385    6.654614e-02
0:   409    5.155770e+02    1.029613    6.851674e-02
0:   410    5.304282e+02    1.028805    7.049037e-02
0:   411    4.938638e+02    0.931066    6.563120e-02
0:   412    4.633856e+02    0.938286    6.158085e-02
0:   413    4.781369e+02    1.031834    6.354120e-02
0:   414    4.882072e+02    1.021061    6.487947e-02
0:   415    4.535540e+02    0.929019    6.027429e-02
0:   416    4.291259e+02    0.946141    5.702797e-02
0:   417    4.454134e+02    1.037955    5.919247e-02
0:   418    4.494107e+02    1.008974    5.972368e-02
0:   419    4.149501e+02    0.923321    5.514409e-02
0:   420    3.993683e+02    0.962449    5.307338e-02
0:   421    4.162187e+02    1.042193    5.531268e-02
0:   422    4.123466e+02    0.990697    5.479812e-02
0:   423    3.801638e+02    0.921952    5.052123e-02
0:   424    3.734020e+02    0.982214    4.962263e-02
0:   425    3.896951e+02    1.043634    5.178788e-02
0:   426    3.767623e+02    0.966813    5.006920e-02
0:   427    3.493550e+02    0.927256    4.642695e-02
0:   428    3.522156e+02    1.008188    4.680710e-02
0:   429    3.632805e+02    1.031415    4.827756e-02
0:   430    3.432658e+02    0.944905    4.561773e-02
0:   431    3.240073e+02    0.943896    4.305840e-02
0:   432    3.337972e+02    1.030215    4.435941e-02
0:   433    3.365301e+02    1.008188    4.472261e-02
0:   434    3.125871e+02    0.928853    4.154074e-02
0:   435    3.045112e+02    0.974164    4.046751e-02
0:   436    3.166296e+02    1.039796    4.207795e-02
0:   437    3.082012e+02    0.973381    4.095788e-02
0:   438    2.873941e+02    0.932489    3.819275e-02
0:   439    2.897636e+02    1.008245    3.850765e-02
0:   440    2.976509e+02    1.027220    3.955581e-02
0:   441    2.806754e+02    0.942969    3.729989e-02
0:   442    2.682440e+02    0.955709    3.564783e-02
0:   443    2.776684e+02    1.035134    3.690028e-02
0:   444    2.751917e+02    0.991080    3.657114e-02
0:   445    2.565485e+02    0.932254    3.409358e-02
0:   446    2.555133e+02    0.995965    3.395601e-02
0:   447    2.634550e+02    1.031081    3.501141e-02
0:   448    2.509955e+02    0.952707    3.335563e-02
0:   449    2.385750e+02    0.950515    3.170503e-02
0:   450    2.455975e+02    1.029435    3.263827e-02
0:   451    2.448257e+02    0.996857    3.253570e-02
0:   452    2.285146e+02    0.933377    3.036806e-02
0:   453    2.269766e+02    0.993270    3.016368e-02
0:   454    2.335485e+02    1.028954    3.103703e-02
0:   455    2.223501e+02    0.952051    2.954885e-02
0:   456    2.119521e+02    0.953236    2.816702e-02
0:   457    2.176453e+02    1.026861    2.892360e-02
0:   458    2.155013e+02    0.990149    2.863869e-02
0:   459    2.013011e+02    0.934106    2.675158e-02
0:   460    2.006098e+02    0.996566    2.665971e-02
0:   461    2.047615e+02    1.020695    2.721144e-02
0:   462    1.930903e+02    0.943001    2.566041e-02
0:   463    1.853041e+02    0.959676    2.462568e-02
0:   464    1.899111e+02    1.024862    2.523792e-02
0:   465    1.844096e+02    0.971031    2.450681e-02
0:   466    1.724307e+02    0.935042    2.291489e-02
0:   467    1.730125e+02    1.003374    2.299220e-02
0:   468    1.732062e+02    1.001120    2.301795e-02
0:   469    1.614647e+02    0.932211    2.145758e-02
0:   470    1.570714e+02    0.972791    2.087374e-02
0:   471    1.602649e+02    1.020332    2.129814e-02
0:   472    1.527096e+02    0.952857    2.029408e-02
0:   473    1.451990e+02    0.950818    1.929598e-02
0:   474    1.483221e+02    1.021509    1.971102e-02
0:   475    1.457656e+02    0.982763    1.937127e-02
0:   476    1.366281e+02    0.937314    1.815696e-02
0:   477    1.365012e+02    0.999071    1.814010e-02
0:   478    1.372201e+02    1.005267    1.823564e-02
0:   479    1.288444e+02    0.938962    1.712257e-02
0:   480    1.256401e+02    0.975130    1.669673e-02
0:   481    1.282568e+02    1.020827    1.704447e-02
0:   482    1.223189e+02    0.953703    1.625536e-02
0:   483    1.164178e+02    0.951756    1.547115e-02
0:   484    1.185320e+02    1.018161    1.575211e-02
0:   485    1.156873e+02    0.976001    1.537407e-02
0:   486    1.087950e+02    0.940423    1.445813e-02
0:   487    1.092213e+02    1.003918    1.451478e-02
0:   488    1.088014e+02    0.996155    1.445898e-02
0:   489    1.021096e+02    0.938495    1.356968e-02
0:   490    1.005714e+02    0.984936    1.336526e-02
0:   491    1.017209e+02    1.011430    1.351802e-02
0:   492    9.612765e+01    0.945014    1.277472e-02
0:   493    9.279760e+01    0.965358    1.233218e-02
0:   494    9.443758e+01    1.017673    1.255012e-02
0:   495    9.053794e+01    0.958707    1.203189e-02
0:   496    8.600496e+01    0.949933    1.142948e-02
0:   497    8.717822e+01    1.013642    1.158540e-02
0:   498    8.507503e+01    0.975875    1.130590e-02
0:   499    8.005855e+01    0.941035    1.063925e-02
0:   500    8.023489e+01    1.002203    1.066268e-02
0:   501    7.962182e+01    0.992359    1.058121e-02
0:   502    7.473769e+01    0.938658    9.932140e-03
0:   503    7.380965e+01    0.987583    9.808810e-03
0:   504    7.416589e+01    1.004826    9.856152e-03
0:   505    6.985777e+01    0.941912    9.283631e-03
0:   506    6.797975e+01    0.973117    9.034055e-03
0:   507    6.875679e+01    1.011430    9.137318e-03
0:   508    6.529706e+01    0.949682    8.677543e-03
0:   509    6.272139e+01    0.960555    8.335255e-03
0:   510    6.348333e+01    1.012148    8.436510e-03
0:   511    6.097486e+01    0.960486    8.103152e-03
0:   512    5.796000e+01    0.950556    7.702497e-03
0:   513    5.844537e+01    1.008374    7.766999e-03
0:   514    5.682971e+01    0.972356    7.552290e-03
0:   515    5.361815e+01    0.943488    7.125495e-03
0:   516    5.371875e+01    1.001876    7.138863e-03
0:   517    5.281991e+01    0.983268    7.019414e-03
0:   518    4.963739e+01    0.939748    6.596477e-03
0:   519    4.933365e+01    0.993881    6.556113e-03
0:   520    4.893531e+01    0.991926    6.503177e-03
0:   521    4.597225e+01    0.939449    6.109405e-03
0:   522    4.528102e+01    0.984964    6.017545e-03
0:   523    4.519708e+01    0.998146    6.006390e-03
0:   524    4.257614e+01    0.942011    5.658085e-03
0:   525    4.153764e+01    0.975608    5.520074e-03
0:   526    4.163865e+01    1.002432    5.533498e-03
0:   527    3.939916e+01    0.946216    5.235885e-03
0:   528    3.808626e+01    0.966677    5.061409e-03
0:   529    3.828226e+01    1.005146    5.087457e-03
0:   530    3.640070e+01    0.950850    4.837410e-03
0:   531    3.491645e+01    0.959224    4.640162e-03
0:   532    3.512915e+01    1.006092    4.668429e-03
0:   533    3.356277e+01    0.955411    4.460268e-03
0:   534    3.201233e+01    0.953805    4.254226e-03
0:   535    3.216825e+01    1.004871    4.274946e-03
0:   536    3.088880e+01    0.960226    4.104916e-03
0:   537    2.934345e+01    0.949970    3.899549e-03
0:   538    2.939367e+01    1.001711    3.906222e-03
0:   539    2.838699e+01    0.965752    3.772441e-03
0:   540    2.686982e+01    0.946554    3.570820e-03
0:   541    2.681444e+01    0.997939    3.563460e-03
0:   542    2.605022e+01    0.971500    3.461900e-03
0:   543    2.456118e+01    0.942840    3.264017e-03
0:   544    2.444463e+01    0.995255    3.248529e-03
0:   545    2.385158e+01    0.975739    3.169716e-03
0:   546    2.241549e+01    0.939790    2.978869e-03
0:   547    2.227710e+01    0.993826    2.960478e-03
0:   548    2.176824e+01    0.977158    2.892854e-03
0:   549    2.044995e+01    0.939440    2.717662e-03
0:   550    2.027059e+01    0.991229    2.693826e-03
0:   551    1.981518e+01    0.977534    2.633306e-03
0:   552    1.865808e+01    0.941605    2.479535e-03
0:   553    1.838543e+01    0.985387    2.443301e-03
0:   554    1.803330e+01    0.980847    2.396505e-03
0:   555    1.698522e+01    0.941881    2.257222e-03
0:   556    1.664029e+01    0.979692    2.211383e-03
0:   557    1.641769e+01    0.986623    2.181801e-03
0:   558    1.538884e+01    0.937333    2.045073e-03
0:   559    1.508570e+01    0.980301    2.004788e-03
0:   560    1.489379e+01    0.987279    1.979286e-03
0:   561    1.391439e+01    0.934241    1.849129e-03
0:   562    1.369574e+01    0.984286    1.820072e-03
0:   563    1.342876e+01    0.980507    1.784593e-03
0:   564    1.262282e+01    0.939984    1.677488e-03
0:   565    1.236932e+01    0.979917    1.643799e-03
0:   566    1.210728e+01    0.978815    1.608976e-03
0:   567    1.145126e+01    0.945817    1.521797e-03
0:   568    1.110344e+01    0.969626    1.475573e-03
0:   569    1.097206e+01    0.988168    1.458113e-03
0:   570    1.029952e+01    0.938704    1.368738e-03
0:   571    1.000497e+01    0.971401    1.329593e-03
0:   572    9.910694e+00    0.990578    1.317065e-03
0:   573    9.227505e+00    0.931065    1.226274e-03
0:   574    9.059686e+00    0.981813    1.203972e-03
0:   575    8.865127e+00    0.978525    1.178116e-03
0:   576    8.324810e+00    0.939051    1.106312e-03
0:   577    8.140493e+00    0.977859    1.081817e-03
0:   578    7.938847e+00    0.975229    1.055020e-03
0:   579    7.491967e+00    0.943710    9.956324e-04
0:   580    7.272021e+00    0.970642    9.664031e-04
0:   581    7.158777e+00    0.984427    9.513537e-04
0:   582    6.698255e+00    0.935670    8.901533e-04
0:   583    6.537939e+00    0.976066    8.688484e-04
0:   584    6.405953e+00    0.979812    8.513083e-04
0:   585    5.997825e+00    0.936289    7.970709e-04
0:   586    5.869826e+00    0.978659    7.800607e-04
0:   587    5.722728e+00    0.974940    7.605124e-04
0:   588    5.380560e+00    0.940209    7.150404e-04
0:   589    5.248038e+00    0.975370    6.974293e-04
0:   590    5.134228e+00    0.978314    6.823046e-04
0:   591    4.799248e+00    0.934755    6.377880e-04
0:   592    4.721342e+00    0.983767    6.274349e-04
0:   593    4.577344e+00    0.969500    6.082984e-04
0:   594    4.307050e+00    0.940950    5.723782e-04
0:   595    4.231724e+00    0.982511    5.623678e-04
0:   596    4.093345e+00    0.967300    5.439782e-04
0:   597    3.870498e+00    0.945559    5.143634e-04
0:   598    3.786232e+00    0.978228    5.031649e-04
0:   599    3.684420e+00    0.973110    4.896348e-04
0:   600    3.460950e+00    0.939347    4.599371e-04
0:   601    3.419830e+00    0.988119    4.544726e-04
0:   602    3.299931e+00    0.964940    4.385388e-04
0:   603    3.122638e+00    0.946274    4.149778e-04
0:   604    3.082630e+00    0.987188    4.096610e-04
0:   605    2.976296e+00    0.965505    3.955299e-04
0:   606    2.818871e+00    0.947107    3.746092e-04
0:   607    2.794934e+00    0.991508    3.714281e-04
0:   608    2.689754e+00    0.962368    3.574503e-04
0:   609    2.556612e+00    0.950500    3.397567e-04
0:   610    2.547936e+00    0.996606    3.386037e-04
0:   611    2.434472e+00    0.955468    3.235251e-04
0:   612    2.342112e+00    0.962062    3.112511e-04
0:   613    2.319453e+00    0.990325    3.082398e-04
0:   614    2.230645e+00    0.961712    2.964379e-04
0:   615    2.142628e+00    0.960542    2.847410e-04
0:   616    2.137175e+00    0.997455    2.840163e-04
0:   617    2.043210e+00    0.956033    2.715290e-04
0:   618    1.982330e+00    0.970204    2.634385e-04
0:   619    1.971121e+00    0.994345    2.619488e-04
0:   620    1.890083e+00    0.958887    2.511794e-04
0:   621    1.838170e+00    0.972534    2.442806e-04
0:   622    1.833254e+00    0.997326    2.436273e-04
0:   623    1.752638e+00    0.956025    2.329138e-04
0:   624    1.716134e+00    0.979172    2.280627e-04
0:   625    1.710881e+00    0.996939    2.273646e-04
0:   626    1.630034e+00    0.952745    2.166206e-04
0:   627    1.612067e+00    0.988978    2.142330e-04
0:   628    1.593890e+00    0.988724    2.118173e-04
0:   629    1.525492e+00    0.957087    2.027277e-04
0:   630    1.508975e+00    0.989173    2.005327e-04
0:   631    1.490019e+00    0.987438    1.980136e-04
0:   632    1.420406e+00    0.953280    1.887624e-04
0:   633    1.415470e+00    0.996525    1.881065e-04
0:   634    1.379957e+00    0.974911    1.833871e-04
0:   635    1.324472e+00    0.959792    1.760135e-04
0:   636    1.310693e+00    0.989596    1.741823e-04
0:   637    1.276265e+00    0.973733    1.696071e-04
0:   638    1.216712e+00    0.953338    1.616929e-04
0:   639    1.208169e+00    0.992979    1.605576e-04
0:   640    1.159872e+00    0.960025    1.541393e-04
0:   641    1.109703e+00    0.956746    1.474721e-04
0:   642    1.092785e+00    0.984755    1.452239e-04
0:   643    1.043004e+00    0.954445    1.386082e-04
0:   644    9.926833e-01    0.951754    1.319210e-04
0:   645    9.766214e-01    0.983820    1.297865e-04
0:   646    9.182592e-01    0.940241    1.220305e-04
0:   647    8.786459e-01    0.956861    1.167662e-04
0:   648    8.551465e-01    0.973255    1.136433e-04
0:   649    8.003419e-01    0.935912    1.063601e-04
0:   650    7.667636e-01    0.958045    1.018978e-04
0:   651    7.428591e-01    0.968824    9.872102e-05
0:   652    6.928626e-01    0.932697    9.207681e-05
0:   653    6.703326e-01    0.967483    8.908273e-05
0:   654    6.469120e-01    0.965061    8.597028e-05
0:   655    6.098397e-01    0.942694    8.104363e-05
0:   656    5.976414e-01    0.979997    7.942255e-05
0:   657    5.824011e-01    0.974499    7.739722e-05
0:   658    5.597142e-01    0.961046    7.438227e-05
0:   659    5.620254e-01    1.004129    7.468943e-05
0:   660    5.572793e-01    0.991555    7.405869e-05
0:   661    5.508239e-01    0.988416    7.320082e-05
0:   662    5.666258e-01    1.028688    7.530078e-05
0:   663    5.699620e-01    1.005888    7.574415e-05
0:   664    5.721951e-01    1.003918    7.604091e-05
0:   665    5.908746e-01    1.032645    7.852329e-05
0:   666    5.845771e-01    0.989342    7.768640e-05
0:   667    5.774832e-01    0.987865    7.674366e-05
0:   668    5.746121e-01    0.995028    7.636211e-05
0:   669    5.420574e-01    0.943345    7.203581e-05
0:   670    5.155013e-01    0.951009    6.850669e-05
0:   671    4.913894e-01    0.953226    6.530237e-05
0:   672    4.508848e-01    0.917571    5.991959e-05
0:   673    4.310206e-01    0.955944    5.727976e-05
0:   674    4.162489e-01    0.965729    5.531670e-05
0:   675    3.998837e-01    0.960684    5.314188e-05
0:   676    4.057706e-01    1.014721    5.392420e-05
0:   677    4.115263e-01    1.014185    5.468910e-05
0:   678    4.114329e-01    0.999773    5.467669e-05
0:   679    4.221652e-01    1.026085    5.610294e-05
0:   680    4.129375e-01    0.978142    5.487664e-05
0:   681    3.940482e-01    0.954256    5.236638e-05
0:   682    3.787340e-01    0.961136    5.033122e-05
0:   683    3.521409e-01    0.929784    4.679718e-05
0:   684    3.321949e-01    0.943358    4.414649e-05
0:   685    3.280307e-01    0.987465    4.359310e-05
0:   686    3.200121e-01    0.975555    4.252748e-05
0:   687    3.233032e-01    1.010284    4.296483e-05
0:   688    3.285869e-01    1.016343    4.366700e-05
0:   689    3.184247e-01    0.969073    4.231652e-05
0:   690    3.076733e-01    0.966235    4.088772e-05
0:   691    2.927461e-01    0.951484    3.890400e-05
0:   692    2.695786e-01    0.920861    3.582519e-05
0:   693    2.623009e-01    0.973003    3.485803e-05
0:   694    2.569657e-01    0.979660    3.414902e-05
0:   695    2.532187e-01    0.985418    3.365107e-05
0:   696    2.568871e-01    1.014487    3.413858e-05
0:   697    2.497275e-01    0.972129    3.318712e-05
0:   698    2.350515e-01    0.941232    3.123677e-05
0:   699    2.253225e-01    0.958609    2.994385e-05
0:   700    2.095457e-01    0.929981    2.784723e-05
0:   701    2.031564e-01    0.969509    2.699813e-05
0:   702    2.041273e-01    1.004779    2.712715e-05
0:   703    2.000670e-01    0.980109    2.658757e-05
0:   704    1.966545e-01    0.982943    2.613407e-05
0:   705    1.892877e-01    0.962539    2.515507e-05
0:   706    1.745270e-01    0.922020    2.319347e-05
0:   707    1.678422e-01    0.961698    2.230511e-05
0:   708    1.637813e-01    0.975805    2.176545e-05
0:   709    1.604969e-01    0.979946    2.132896e-05
0:   710    1.614921e-01    1.006201    2.146122e-05
0:   711    1.556549e-01    0.963855    2.068550e-05
0:   712    1.457874e-01    0.936606    1.937417e-05
0:   713    1.401258e-01    0.961166    1.862179e-05
0:   714    1.341641e-01    0.957454    1.782951e-05
0:   715    1.322787e-01    0.985948    1.757896e-05
0:   716    1.339780e-01    1.012846    1.780478e-05
0:   717    1.285219e-01    0.959276    1.707970e-05
0:   718    1.229296e-01    0.956488    1.633653e-05
0:   719    1.177257e-01    0.957667    1.564496e-05
0:   720    1.121958e-01    0.953028    1.491008e-05
0:   721    1.123804e-01    1.001645    1.493461e-05
0:   722    1.126484e-01    1.002384    1.497021e-05
0:   723    1.077108e-01    0.956168    1.431404e-05
0:   724    1.043867e-01    0.969138    1.387229e-05
0:   725    9.868363e-02    0.945366    1.311440e-05
0:   726    9.528023e-02    0.965512    1.266211e-05
0:   727    9.626088e-02    1.010292    1.279243e-05
0:   728    9.403752e-02    0.976903    1.249696e-05
0:   729    9.005259e-02    0.957624    1.196739e-05
0:   730    8.638027e-02    0.959220    1.147936e-05
0:   731    8.106072e-02    0.938417    1.077243e-05
0:   732    7.977801e-02    0.984176    1.060197e-05
0:   733    7.932905e-02    0.994372    1.054230e-05
0:   734    7.533764e-02    0.949685    1.001187e-05
0:   735    7.178536e-02    0.952849    9.539795e-06
0:   736    6.748319e-02    0.940069    8.968065e-06
0:   737    6.414708e-02    0.950564    8.524718e-06
0:   738    6.366842e-02    0.992538    8.461109e-06
0:   739    6.142894e-02    0.964826    8.163496e-06
0:   740    5.747025e-02    0.935557    7.637412e-06
0:   741    5.487714e-02    0.954879    7.292805e-06
0:   742    5.198051e-02    0.947216    6.907862e-06
0:   743    5.117682e-02    0.984539    6.801058e-06
0:   744    5.077350e-02    0.992119    6.747459e-06
0:   745    4.798774e-02    0.945134    6.377250e-06
0:   746    4.574644e-02    0.953294    6.079397e-06
0:   747    4.457216e-02    0.974331    5.923342e-06
0:   748    4.328290e-02    0.971075    5.752008e-06
0:   749    4.305029e-02    0.994626    5.721096e-06
0:   750    4.103891e-02    0.953278    5.453797e-06
0:   751    3.815623e-02    0.929757    5.070708e-06
0:   752    3.719153e-02    0.974717    4.942507e-06
0:   753    3.609065e-02    0.970400    4.796207e-06
0:   754    3.510436e-02    0.972672    4.665135e-06
0:   755    3.396036e-02    0.967411    4.513105e-06
0:   756    3.179287e-02    0.936176    4.225061e-06
0:   757    3.090853e-02    0.972184    4.107537e-06
0:   758    3.085500e-02    0.998268    4.100424e-06
0:   759    2.950833e-02    0.956355    3.921460e-06
0:   760    2.835621e-02    0.960956    3.768351e-06
0:   761    2.684297e-02    0.946635    3.567252e-06
0:   762    2.578739e-02    0.960675    3.426971e-06
0:   763    2.578349e-02    0.999849    3.426454e-06
0:   764    2.482054e-02    0.962652    3.298483e-06
0:   765    2.342348e-02    0.943714    3.112824e-06
0:   766    2.271996e-02    0.969965    3.019331e-06
0:   767    2.196101e-02    0.966595    2.918471e-06
0:   768    2.150272e-02    0.979132    2.857568e-06
0:   769    2.078510e-02    0.966627    2.762201e-06
0:   770    1.938123e-02    0.932458    2.575636e-06
0:   771    1.893259e-02    0.976852    2.516015e-06
0:   772    1.865367e-02    0.985267    2.478948e-06
0:   773    1.787319e-02    0.958159    2.375227e-06
0:   774    1.709410e-02    0.956411    2.271692e-06
0:   775    1.619624e-02    0.947475    2.152372e-06
0:   776    1.564272e-02    0.965824    2.078813e-06
0:   777    1.554790e-02    0.993938    2.066212e-06
0:   778    1.469299e-02    0.945015    1.952601e-06
0:   779    1.383958e-02    0.941917    1.839188e-06
0:   780    1.344984e-02    0.971839    1.787394e-06
0:   781    1.293898e-02    0.962018    1.719504e-06
0:   782    1.258374e-02    0.972545    1.672295e-06
0:   783    1.192838e-02    0.947920    1.585202e-06
0:   784    1.119933e-02    0.938881    1.488316e-06
0:   785    1.101179e-02    0.983255    1.463394e-06
0:   786    1.065810e-02    0.967881    1.416390e-06
0:   787    1.000372e-02    0.938603    1.329427e-06
0:   788    9.623778e-03    0.962020    1.278936e-06
0:   789    9.199384e-03    0.955901    1.222537e-06
0:   790    8.972519e-03    0.975339    1.192388e-06
0:   791    8.673473e-03    0.966671    1.152647e-06
0:   792    8.071393e-03    0.930584    1.072634e-06
0:   793    7.847889e-03    0.972309    1.042932e-06
0:   794    7.718135e-03    0.983466    1.025689e-06
0:   795    7.360562e-03    0.953671    9.781696e-07
0:   796    7.054372e-03    0.958401    9.374789e-07
0:   797    6.749497e-03    0.956782    8.969631e-07
0:   798    6.561505e-03    0.972147    8.719802e-07
0:   799    6.477418e-03    0.987185    8.608056e-07
0:   800    6.072409e-03    0.937474    8.069826e-07
0:   801    5.792263e-03    0.953866    7.697531e-07
0:   802    5.699062e-03    0.983909    7.573672e-07
0:   803    5.466171e-03    0.959135    7.264177e-07
0:   804    5.223254e-03    0.955560    6.941355e-07
0:   805    4.951523e-03    0.947977    6.580243e-07
0:   806    4.740580e-03    0.957399    6.299915e-07
0:   807    4.657827e-03    0.982544    6.189942e-07
0:   808    4.420828e-03    0.949118    5.874985e-07
0:   809    4.153039e-03    0.939426    5.519111e-07
0:   810    4.082943e-03    0.983122    5.425958e-07
0:   811    3.944721e-03    0.966146    5.242271e-07
0:   812    3.781253e-03    0.958560    5.025033e-07
0:   813    3.621990e-03    0.957881    4.813382e-07
0:   814    3.456330e-03    0.954263    4.593232e-07
0:   815    3.393599e-03    0.981850    4.509867e-07
0:   816    3.245898e-03    0.956477    4.313582e-07
0:   817    3.037204e-03    0.935705    4.036241e-07
0:   818    2.964181e-03    0.975957    3.939198e-07
0:   819    2.877542e-03    0.970772    3.824062e-07
0:   820    2.732494e-03    0.949593    3.631302e-07
0:   821    2.631341e-03    0.962982    3.496877e-07
0:   822    2.510172e-03    0.953951    3.335851e-07
0:   823    2.450582e-03    0.976261    3.256661e-07
0:   824    2.356416e-03    0.961574    3.131519e-07
0:   825    2.200858e-03    0.933985    2.924793e-07
0:   826    2.150742e-03    0.977229    2.858192e-07
0:   827    2.092616e-03    0.972974    2.780948e-07
0:   828    1.980217e-03    0.946288    2.631576e-07
0:   829    1.903850e-03    0.961435    2.530090e-07
0:   830    1.830924e-03    0.961695    2.433176e-07
0:   831    1.771408e-03    0.967494    2.354083e-07
0:   832    1.707787e-03    0.964084    2.269535e-07
0:   833    1.602299e-03    0.938231    2.129348e-07
0:   834    1.567076e-03    0.978017    2.082540e-07
0:   835    1.530839e-03    0.976876    2.034383e-07
0:   836    1.438250e-03    0.939517    1.911338e-07
0:   837    1.387676e-03    0.964837    1.844128e-07
0:   838    1.344898e-03    0.969173    1.787279e-07
0:   839    1.297553e-03    0.964797    1.724361e-07
0:   840    1.248364e-03    0.962091    1.658992e-07
0:   841    1.186896e-03    0.950761    1.577305e-07
0:   842    1.158707e-03    0.976250    1.539844e-07
0:   843    1.131782e-03    0.976763    1.504062e-07
0:   844    1.062941e-03    0.939175    1.412578e-07
0:   845    1.031642e-03    0.970554    1.370983e-07
0:   846    1.013885e-03    0.982788    1.347386e-07
0:   847    9.684456e-04    0.955183    1.287000e-07
0:   848    9.341096e-04    0.964545    1.241369e-07
0:   849    8.993640e-04    0.962803    1.195195e-07
0:   850    8.786005e-04    0.976913    1.167601e-07
0:   851    8.545974e-04    0.972680    1.135703e-07
0:   852    8.094311e-04    0.947149    1.075680e-07
0:   853    7.912567e-04    0.977547    1.051527e-07
0:   854    7.799192e-04    0.985671    1.036461e-07
0:   855    7.390255e-04    0.947567    9.821156e-08
0:   856    7.163931e-04    0.969375    9.520386e-08
0:   857    7.034035e-04    0.981868    9.347763e-08
0:   858    6.794013e-04    0.965877    9.028790e-08
0:   859    6.591594e-04    0.970206    8.759789e-08
0:   860    6.311601e-04    0.957523    8.387696e-08
0:   861    6.210582e-04    0.983995    8.253448e-08
0:   862    6.090074e-04    0.980596    8.093301e-08
0:   863    5.761047e-04    0.945973    7.656047e-08
0:   864    5.650732e-04    0.980852    7.509446e-08
0:   865    5.572903e-04    0.986227    7.406017e-08
0:   866    5.326908e-04    0.955859    7.079105e-08
0:   867    5.179417e-04    0.972312    6.883099e-08
0:   868    5.057952e-04    0.976549    6.721681e-08
0:   869    4.922499e-04    0.973220    6.541672e-08
0:   870    4.788962e-04    0.972872    6.364210e-08
0:   871    4.577964e-04    0.955941    6.083809e-08
0:   872    4.523937e-04    0.988199    6.012011e-08
0:   873    4.420512e-04    0.977138    5.874566e-08
0:   874    4.182785e-04    0.946222    5.558642e-08
0:   875    4.122623e-04    0.985617    5.478691e-08
0:   876    4.037054e-04    0.979244    5.364975e-08
0:   877    3.866168e-04    0.957671    5.137879e-08
0:   878    3.752124e-04    0.970502    4.986322e-08
0:   879    3.647638e-04    0.972153    4.847467e-08
0:   880    3.559868e-04    0.975938    4.730826e-08
0:   881    3.433607e-04    0.964532    4.563034e-08
0:   882    3.278308e-04    0.954771    4.356653e-08
0:   883    3.234485e-04    0.986633    4.298415e-08
0:   884    3.126429e-04    0.966592    4.154815e-08
0:   885    2.953850e-04    0.944800    3.925470e-08
0:   886    2.902783e-04    0.982712    3.857605e-08
0:   887    2.806030e-04    0.966669    3.729027e-08
0:   888    2.673813e-04    0.952881    3.553319e-08
0:   889    2.583342e-04    0.966164    3.433088e-08
0:   890    2.489999e-04    0.963868    3.309043e-08
0:   891    2.408322e-04    0.967198    3.200499e-08
0:   892    2.293426e-04    0.952292    3.047811e-08
0:   893    2.189830e-04    0.954829    2.910137e-08
0:   894    2.140915e-04    0.977663    2.845133e-08
0:   895    2.031589e-04    0.948935    2.699846e-08
0:   896    1.917541e-04    0.943863    2.548284e-08
0:   897    1.876778e-04    0.978742    2.494113e-08
0:   898    1.783838e-04    0.950479    2.370601e-08
0:   899    1.685897e-04    0.945095    2.240444e-08
0:   900    1.625516e-04    0.964185    2.160203e-08
0:   901    1.551357e-04    0.954378    2.061650e-08
0:   902    1.484637e-04    0.956993    1.972984e-08
0:   903    1.400872e-04    0.943579    1.861666e-08
0:   904    1.339849e-04    0.956439    1.780570e-08
0:   905    1.296461e-04    0.967617    1.722910e-08
0:   906    1.211473e-04    0.934446    1.609966e-08
0:   907    1.154149e-04    0.952682    1.533786e-08
0:   908    1.121795e-04    0.971967    1.490790e-08
0:   909    1.051533e-04    0.937367    1.397417e-08
0:   910    9.992868e-05    0.950314    1.327985e-08
0:   911    9.642788e-05    0.964967    1.281462e-08
0:   912    9.134661e-05    0.947305    1.213935e-08
0:   913    8.719156e-05    0.954513    1.158718e-08
0:   914    8.270580e-05    0.948553    1.099105e-08
0:   915    7.960635e-05    0.962524    1.057915e-08
0:   916    7.634415e-05    0.959021    1.014563e-08
0:   917    7.157860e-05    0.937578    9.512317e-09
0: 
0: 
0: =============================================
0: Solve phase times:
0: =============================================
0: PCG Solve:
0:   wall clock time = 0.285310 seconds
0:   wall MFLOPS     = 0.000000
0:   cpu clock time  = 0.285304 seconds
0:   cpu MFLOPS      = 0.000000
0: 
0: 
0: Iterations = 917
0: Final Relative Residual Norm = 9.512317e-09
0: 
0: 27pt 3D Laplacian
0: =============================================
0: Hypre init times:
0: =============================================
0: Hypre init:
0:   wall clock time = 0.000004 seconds
0:   wall MFLOPS     = 0.000000
0:   cpu clock time  = 0.000003 seconds
0:   cpu MFLOPS      = 0.000000
0: 
0: 
0: Using HYPRE_DEVELOP_STRING: v3.1.0-3-g13083b05c (branch v3.1.0_highradixallreduce; not the develop branch)
0: 
0: Running with these driver parameters:
0:   solver ID    = 2
0: 
0:   Laplacian_27pt:
0:     (nx, ny, nz) = (384, 384, 384)
0:     (Px, Py, Pz) = (16, 16, 16)
0: 
0: =============================================
0: Generate Matrix:
0: =============================================
0: Spatial Operator:
0:   wall clock time = 0.004928 seconds
0:   wall MFLOPS     = 0.000000
0:   cpu clock time  = 0.004928 seconds
0:   cpu MFLOPS      = 0.000000
0: 
0:   Number of vector components: 1
0:   RHS vector has unit coefficients
0:   Initial guess is 0
0: =============================================
0: IJ Vector Setup:
0: =============================================
0: RHS and Initial Guess:
0:   wall clock time = 0.001539 seconds
0:   wall MFLOPS     = 0.000000
0:   cpu clock time  = 0.001539 seconds
0:   cpu MFLOPS      = 0.000000
0: 
0: Solver: DS-PCG
0: HYPRE_ParCSRPCGGetPrecond got good precond
0: =============================================
0: Setup phase times:
0: =============================================
0: PCG Setup:
0:   wall clock time = 0.000237 seconds
0:   wall MFLOPS     = 0.000000
0:   cpu clock time  = 0.000237 seconds
0:   cpu MFLOPS      = 0.000000
0: 
0: <b,b>: 5.662310e+07
0: 
0: 
0: Iters       ||r||_2     conv.rate  ||r||_2/||b||_2
0: -----    ------------   ---------  ------------ 
0:     1    5.995470e+04    7.967580    7.967580e+00
0:     2    5.941985e+04    0.991079    7.896501e+00
0:     3    5.889456e+04    0.991160    7.826694e+00
0:     4    5.836328e+04    0.990979    7.756090e+00
0:     5    5.783265e+04    0.990908    7.685574e+00
0:     6    5.730994e+04    0.990962    7.616109e+00
0:     7    5.678836e+04    0.990899    7.546793e+00
0:     8    5.626777e+04    0.990833    7.477611e+00
0:     9    5.575314e+04    0.990854    7.409220e+00
0:    10    5.524077e+04    0.990810    7.341130e+00
0:    11    5.472986e+04    0.990751    7.273233e+00
0:    12    5.422398e+04    0.990757    7.206005e+00
0:    13    5.372072e+04    0.990719    7.139125e+00
0:    14    5.321921e+04    0.990664    7.072478e+00
0:    15    5.272221e+04    0.990661    7.006430e+00
0:    16    5.222796e+04    0.990625    6.940747e+00
0:    17    5.173566e+04    0.990574    6.875324e+00
0:    18    5.124752e+04    0.990565    6.810453e+00
0:    19    5.076217e+04    0.990529    6.745954e+00
0:    20    5.027891e+04    0.990480    6.681732e+00
0:    21    4.979956e+04    0.990466    6.618030e+00
0:    22    4.932302e+04    0.990431    6.554701e+00
0:    23    4.884866e+04    0.990383    6.491661e+00
0:    24    4.837801e+04    0.990365    6.429115e+00
0:    25    4.791017e+04    0.990329    6.366942e+00
0:    26    4.744457e+04    0.990282    6.305066e+00
0:    27    4.698252e+04    0.990261    6.243664e+00
0:    28    4.652327e+04    0.990225    6.182632e+00
0:    29    4.606630e+04    0.990178    6.121904e+00
0:    30    4.561276e+04    0.990155    6.061631e+00
0:    31    4.516199e+04    0.990117    6.001727e+00
0:    32    4.471353e+04    0.990070    5.942129e+00
0:    33    4.426838e+04    0.990045    5.882973e+00
0:    34    4.382598e+04    0.990006    5.824181e+00
0:    35    4.338591e+04    0.989959    5.765698e+00
0:    36    4.294906e+04    0.989931    5.707643e+00
0:    37    4.251492e+04    0.989892    5.649949e+00
0:    38    4.208312e+04    0.989844    5.592566e+00
0:    39    4.165446e+04    0.989814    5.535599e+00
0:    40    4.122847e+04    0.989773    5.478989e+00
0:    41    4.080483e+04    0.989725    5.422689e+00
0:    42    4.038424e+04    0.989693    5.366796e+00
0:    43    3.996630e+04    0.989651    5.311255e+00
0:    44    3.955070e+04    0.989601    5.256024e+00
0:    45    3.913808e+04    0.989567    5.201190e+00
0:    46    3.872808e+04    0.989524    5.146704e+00
0:    47    3.832042e+04    0.989474    5.092527e+00
0:    48    3.791566e+04    0.989438    5.038738e+00
0:    49    3.751349e+04    0.989393    4.985293e+00
0:    50    3.711365e+04    0.989341    4.932156e+00
0:    51    3.671665e+04    0.989303    4.879398e+00
0:    52    3.632221e+04    0.989257    4.826979e+00
0:    53    3.593007e+04    0.989204    4.774867e+00
0:    54    3.554073e+04    0.989164    4.723126e+00
0:    55    3.515390e+04    0.989116    4.671719e+00
0:    56    3.476937e+04    0.989062    4.620618e+00
0:    57    3.438758e+04    0.989019    4.569879e+00
0:    58    3.400827e+04    0.988970    4.519472e+00
0:    59    3.363123e+04    0.988913    4.469366e+00
0:    60    3.325688e+04    0.988869    4.419617e+00
0:    61    3.288497e+04    0.988817    4.370194e+00
0:    62    3.251533e+04    0.988759    4.321070e+00
0:    63    3.214831e+04    0.988712    4.272296e+00
0:    64    3.178372e+04    0.988659    4.223844e+00
0:    65    3.142135e+04    0.988599    4.175688e+00
0:    66    3.106157e+04    0.988550    4.127875e+00
0:    67    3.070417e+04    0.988494    4.080380e+00
0:    68    3.034899e+04    0.988432    4.033178e+00
0:    69    2.999634e+04    0.988380    3.986313e+00
0:    70    2.964603e+04    0.988322    3.939760e+00
0:    71    2.929793e+04    0.988258    3.893499e+00
0:    72    2.895230e+04    0.988203    3.847567e+00
0:    73    2.860899e+04    0.988142    3.801944e+00
0:    74    2.826785e+04    0.988076    3.756609e+00
0:    75    2.792915e+04    0.988018    3.711597e+00
0:    76    2.759273e+04    0.987955    3.666889e+00
0:    77    2.725846e+04    0.987885    3.622467e+00
0:    78    2.692657e+04    0.987825    3.578362e+00
0:    79    2.659694e+04    0.987758    3.534556e+00
0:    80    2.626943e+04    0.987686    3.491032e+00
0:    81    2.594427e+04    0.987622    3.447820e+00
0:    82    2.562132e+04    0.987552    3.404902e+00
0:    83    2.530046e+04    0.987477    3.362263e+00
0:    84    2.498192e+04    0.987409    3.319930e+00
0:    85    2.466555e+04    0.987336    3.277887e+00
0:    86    2.435125e+04    0.987258    3.236119e+00
0:    87    2.403922e+04    0.987186    3.194652e+00
0:    88    2.372933e+04    0.987109    3.153470e+00
0:    89    2.342149e+04    0.987027    3.112559e+00
0:    90    2.311586e+04    0.986951    3.071944e+00
0:    91    2.281235e+04    0.986870    3.031609e+00
0:    92    2.251086e+04    0.986784    2.991543e+00
0:    93    2.221154e+04    0.986704    2.951766e+00
0:    94    2.191431e+04    0.986618    2.912265e+00
0:    95    2.161906e+04    0.986527    2.873028e+00
0:    96    2.132595e+04    0.986442    2.834076e+00
0:    97    2.103488e+04    0.986352    2.795395e+00
0:    98    2.074577e+04    0.986256    2.756975e+00
0:    99    2.045877e+04    0.986165    2.718833e+00
0:   100    2.017377e+04    0.986070    2.680959e+00
0:   101    1.989070e+04    0.985968    2.643341e+00
0:   102    1.960969e+04    0.985872    2.605997e+00
0:   103    1.933066e+04    0.985771    2.568915e+00
0:   104    1.905352e+04    0.985663    2.532086e+00
0:   105    1.877841e+04    0.985561    2.495525e+00
0:   106    1.850524e+04    0.985453    2.459222e+00
0:   107    1.823393e+04    0.985339    2.423168e+00
0:   108    1.796461e+04    0.985230    2.387376e+00
0:   109    1.769719e+04    0.985114    2.351838e+00
0:   110    1.743161e+04    0.984993    2.316545e+00
0:   111    1.716797e+04    0.984876    2.281509e+00
0:   112    1.690620e+04    0.984753    2.246721e+00
0:   113    1.664624e+04    0.984623    2.212174e+00
0:   114    1.638818e+04    0.984497    2.177879e+00
0:   115    1.613195e+04    0.984365    2.143829e+00
0:   116    1.587750e+04    0.984227    2.110014e+00
0:   117    1.562491e+04    0.984091    2.076446e+00
0:   118    1.537412e+04    0.983949    2.043118e+00
0:   119    1.512507e+04    0.983801    2.010021e+00
0:   120    1.487784e+04    0.983654    1.977166e+00
0:   121    1.463237e+04    0.983501    1.944545e+00
0:   122    1.438862e+04    0.983341    1.912151e+00
0:   123    1.414664e+04    0.983183    1.879994e+00
0:   124    1.390639e+04    0.983017    1.848066e+00
0:   125    1.366781e+04    0.982844    1.816361e+00
0:   126    1.343097e+04    0.982672    1.784886e+00
0:   127    1.319582e+04    0.982492    1.753637e+00
0:   128    1.296231e+04    0.982304    1.722604e+00
0:   129    1.273050e+04    0.982116    1.691798e+00
0:   130    1.250033e+04    0.981920    1.661211e+00
0:   131    1.227177e+04    0.981716    1.630837e+00
0:   132    1.204487e+04    0.981510    1.600683e+00
0:   133    1.181958e+04    0.981296    1.570743e+00
0:   134    1.159585e+04    0.981071    1.541011e+00
0:   135    1.137374e+04    0.980845    1.511494e+00
0:   136    1.115320e+04    0.980609    1.482185e+00
0:   137    1.093418e+04    0.980363    1.453080e+00
0:   138    1.071674e+04    0.980113    1.424183e+00
0:   139    1.050082e+04    0.979852    1.395489e+00
0:   140    1.028639e+04    0.979580    1.366993e+00
0:   141    1.007349e+04    0.979303    1.338700e+00
0:   142    9.862075e+03    0.979013    1.310604e+00
0:   143    9.652106e+03    0.978710    1.282700e+00
0:   144    9.443619e+03    0.978400    1.254994e+00
0:   145    9.236574e+03    0.978076    1.227479e+00
0:   146    9.030933e+03    0.977736    1.200151e+00
0:   147    8.826726e+03    0.977388    1.173013e+00
0:   148    8.623916e+03    0.977023    1.146061e+00
0:   149    8.422465e+03    0.976641    1.119289e+00
0:   150    8.222401e+03    0.976246    1.092702e+00
0:   151    8.023685e+03    0.975832    1.066294e+00
0:   152    7.826283e+03    0.975398    1.040061e+00
0:   153    7.630217e+03    0.974948    1.014005e+00
0:   154    7.435449e+03    0.974474    9.881216e-01
0:   155    7.241948e+03    0.973976    9.624065e-01
0:   156    7.049729e+03    0.973458    9.368619e-01
0:   157    6.858757e+03    0.972911    9.114830e-01
0:   158    6.669000e+03    0.972334    8.862656e-01
0:   159    6.480470e+03    0.971730    8.612113e-01
0:   160    6.293134e+03    0.971092    8.363155e-01
0:   161    6.106958e+03    0.970416    8.115740e-01
0:   162    5.921952e+03    0.969706    7.869878e-01
0:   163    5.738081e+03    0.968951    7.625526e-01
0:   164    5.555313e+03    0.968148    7.382641e-01
0:   165    5.373654e+03    0.967300    7.141227e-01
0:   166    5.193069e+03    0.966394    6.901242e-01
0:   167    5.013527e+03    0.965427    6.662642e-01
0:   168    4.835027e+03    0.964396    6.425428e-01
0:   169    4.657537e+03    0.963291    6.189556e-01
0:   170    4.481024e+03    0.962102    5.954982e-01
0:   171    4.305484e+03    0.960826    5.721701e-01
0:   172    4.130884e+03    0.959447    5.489669e-01
0:   173    3.957190e+03    0.957952    5.258841e-01
0:   174    3.784394e+03    0.956334    5.029207e-01
0:   175    3.612462e+03    0.954568    4.800721e-01
0:   176    3.441361e+03    0.952636    4.573339e-01
0:   177    3.271076e+03    0.950518    4.347042e-01
0:   178    3.101573e+03    0.948181    4.121783e-01
0:   179    2.932816e+03    0.945590    3.897516e-01
0:   180    2.764786e+03    0.942707    3.674217e-01
0:   181    2.597448e+03    0.939475    3.451835e-01
0:   182    2.430762e+03    0.935827    3.230320e-01
0:   183    2.264705e+03    0.931685    3.009641e-01
0:   184    2.099235e+03    0.926936    2.789743e-01
0:   185    1.934312e+03    0.921436    2.570571e-01
0:   186    1.769901e+03    0.915003    2.352081e-01
0:   187    1.605957e+03    0.907371    2.134210e-01
0:   188    1.442428e+03    0.898173    1.916891e-01
0:   189    1.279265e+03    0.886883    1.700058e-01
0:   190    1.116399e+03    0.872688    1.483620e-01
0:   191    9.537454e+02    0.854305    1.267464e-01
0:   192    7.911874e+02    0.829558    1.051435e-01
0:   193    2.591496e+03    3.275451    3.443925e-01
0:   194    1.866559e+03    0.720263    2.480532e-01
0:   195    1.696377e+03    0.908826    2.254372e-01
0:   196    1.662741e+03    0.980172    2.209672e-01
0:   197    1.559791e+03    0.938084    2.072858e-01
0:   198    1.477338e+03    0.947138    1.963283e-01
0:   199    1.449461e+03    0.981131    1.926237e-01
0:   200    1.387631e+03    0.957343    1.844070e-01
0:   201    1.328629e+03    0.957480    1.765659e-01
0:   202    1.300688e+03    0.978970    1.728528e-01
0:   203    1.252402e+03    0.962876    1.664358e-01
0:   204    1.204133e+03    0.961459    1.600213e-01
0:   205    1.176412e+03    0.976978    1.563373e-01
0:   206    1.135216e+03    0.964981    1.508626e-01
0:   207    1.093509e+03    0.963261    1.453201e-01
0:   208    1.066504e+03    0.975304    1.417312e-01
0:   209    1.030051e+03    0.965820    1.368869e-01
0:   210    9.930811e+02    0.964109    1.319739e-01
0:   211    9.671463e+02    0.973884    1.285273e-01
0:   212    9.343506e+02    0.966090    1.241690e-01
0:   213    9.011570e+02    0.964474    1.197577e-01
0:   214    8.765201e+02    0.972661    1.164837e-01
0:   215    8.467852e+02    0.966076    1.125321e-01
0:   216    8.167903e+02    0.964578    1.085460e-01
0:   217    7.935880e+02    0.971593    1.054625e-01
0:   218    7.665406e+02    0.965918    1.018681e-01
0:   219    7.393580e+02    0.964539    9.825574e-02
0:   220    7.176651e+02    0.970660    9.537290e-02
0:   221    6.930449e+02    0.965694    9.210104e-02
0:   222    6.683930e+02    0.964430    8.882497e-02
0:   223    6.482420e+02    0.969852    8.614703e-02
0:   224    6.258508e+02    0.965459    8.317139e-02
0:   225    6.035102e+02    0.964304    8.020248e-02
0:   226    5.849038e+02    0.969170    7.772981e-02
0:   227    5.645797e+02    0.965252    7.502888e-02
0:   228    5.443701e+02    0.964204    7.234315e-02
0:   229    5.272898e+02    0.968624    7.007329e-02
0:   230    5.088935e+02    0.965112    6.762855e-02
0:   231    4.906597e+02    0.964170    6.520540e-02
0:   232    4.750713e+02    0.968230    6.313380e-02
0:   233    4.584781e+02    0.965072    6.092868e-02
0:   234    4.420819e+02    0.964238    5.874974e-02
0:   235    4.279392e+02    0.968009    5.687026e-02
0:   236    4.130335e+02    0.965169    5.488940e-02
0:   237    3.983481e+02    0.964445    5.293781e-02
0:   238    3.855951e+02    0.967985    5.124301e-02
0:   239    3.722669e+02    0.965435    4.947178e-02
0:   240    3.591723e+02    0.964825    4.773160e-02
0:   241    3.477441e+02    0.968182    4.621287e-02
0:   242    3.358854e+02    0.965898    4.463692e-02
0:   243    3.242648e+02    0.965403    4.309262e-02
0:   244    3.140876e+02    0.968614    4.174014e-02
0:   245    3.035893e+02    0.966575    4.034499e-02
0:   246    2.933254e+02    0.966191    3.898098e-02
0:   247    2.843147e+02    0.969281    3.778353e-02
0:   248    2.750631e+02    0.967460    3.655405e-02
0:   249    2.660334e+02    0.967172    3.535406e-02
0:   250    2.580915e+02    0.970147    3.429864e-02
0:   251    2.499628e+02    0.968505    3.321839e-02
0:   252    2.420343e+02    0.968281    3.216474e-02
0:   253    2.350451e+02    0.971123    3.123592e-02
0:   254    2.278996e+02    0.969600    3.028634e-02
0:   255    2.209213e+02    0.969380    2.935896e-02
0:   256    2.147435e+02    0.972036    2.853798e-02
0:   257    2.084168e+02    0.970538    2.769721e-02
0:   258    2.022107e+02    0.970222    2.687245e-02
0:   259    1.966687e+02    0.972593    2.613595e-02
0:   260    1.909612e+02    0.970980    2.537747e-02
0:   261    1.853110e+02    0.970411    2.462659e-02
0:   262    1.801836e+02    0.972331    2.394520e-02
0:   263    1.748494e+02    0.970396    2.323632e-02
0:   264    1.694894e+02    0.969345    2.252402e-02
0:   265    1.645005e+02    0.970565    2.186102e-02
0:   266    1.592393e+02    0.968017    2.116184e-02
0:   267    1.538514e+02    0.966165    2.044583e-02
0:   268    1.486772e+02    0.966369    1.975820e-02
0:   269    1.431666e+02    0.962936    1.902589e-02
0:   270    1.374690e+02    0.960203    1.826872e-02
0:   271    1.319438e+02    0.959808    1.753446e-02
0:   272    1.262476e+02    0.956829    1.677747e-02
0:   273    1.206833e+02    0.955925    1.603801e-02
0:   274    1.157330e+02    0.958981    1.538014e-02
0:   275    1.111684e+02    0.960560    1.477354e-02
0:   276    1.070631e+02    0.963071    1.422797e-02
0:   277    1.034037e+02    0.965820    1.374166e-02
0:   278    9.956857e+01    0.962911    1.323200e-02
0:   279    9.555750e+01    0.959715    1.269895e-02
0:   280    9.178053e+01    0.960474    1.219702e-02
0:   281    8.820084e+01    0.960997    1.172130e-02
0:   282    8.483444e+01    0.961833    1.127393e-02
0:   283    8.160674e+01    0.961953    1.084499e-02
0:   284    7.825749e+01    0.958959    1.039990e-02
0:   285    7.506044e+01    0.959147    9.975031e-03
0:   286    7.219905e+01    0.961879    9.594771e-03
0:   287    6.928354e+01    0.959618    9.207320e-03
0:   288    6.635605e+01    0.957746    8.818276e-03
0:   289    6.370870e+01    0.960104    8.466461e-03
0:   290    6.112395e+01    0.959429    8.122964e-03
0:   291    5.851672e+01    0.957345    7.776482e-03
0:   292    5.609583e+01    0.958629    7.454761e-03
0:   293    5.376788e+01    0.958500    7.145392e-03
0:   294    5.144608e+01    0.956818    6.836841e-03
0:   295    4.926177e+01    0.957542    6.546561e-03
0:   296    4.716466e+01    0.957429    6.267869e-03
0:   297    4.508788e+01    0.955967    5.991878e-03
0:   298    4.313036e+01    0.956584    5.731736e-03
0:   299    4.124869e+01    0.956373    5.481676e-03
0:   300    3.938706e+01    0.954868    5.234278e-03
0:   301    3.764098e+01    0.955669    5.002236e-03
0:   302    3.595717e+01    0.955266    4.778467e-03
0:   303    3.428936e+01    0.953617    4.556827e-03
0:   304    3.273938e+01    0.954797    4.350845e-03
0:   305    3.123254e+01    0.953975    4.150596e-03
0:   306    2.974480e+01    0.952366    3.952886e-03
0:   307    2.837344e+01    0.953896    3.770641e-03
0:   308    2.702357e+01    0.952425    3.591252e-03
0:   309    2.570766e+01    0.951305    3.416376e-03
0:   310    2.449212e+01    0.952717    3.254839e-03
0:   311    2.328723e+01    0.950805    3.094717e-03
0:   312    2.213249e+01    0.950413    2.941260e-03
0:   313    2.104920e+01    0.951054    2.797298e-03
0:   314    1.998658e+01    0.949517    2.656082e-03
0:   315    1.897195e+01    0.949235    2.521246e-03
0:   316    1.800894e+01    0.949240    2.393267e-03
0:   317    1.708226e+01    0.948544    2.270119e-03
0:   318    1.618437e+01    0.947437    2.150795e-03
0:   319    1.534161e+01    0.947928    2.038798e-03
0:   320    1.453062e+01    0.947138    1.931023e-03
0:   321    1.374135e+01    0.945682    1.826134e-03
0:   322    1.301054e+01    0.946817    1.729014e-03
0:   323    1.229750e+01    0.945195    1.634256e-03
0:   324    1.161589e+01    0.944573    1.543674e-03
0:   325    1.097726e+01    0.945021    1.458805e-03
0:   326    1.036046e+01    0.943811    1.376835e-03
0:   327    9.771476e+00    0.943151    1.298564e-03
0:   328    9.217491e+00    0.943306    1.224943e-03
0:   329    8.689334e+00    0.942701    1.154755e-03
0:   330    8.179336e+00    0.941308    1.086979e-03
0:   331    7.707396e+00    0.942301    1.024262e-03
0:   332    7.252139e+00    0.940932    9.637609e-04
0:   333    6.819012e+00    0.940276    9.062012e-04
0:   334    6.414852e+00    0.940730    8.524910e-04
0:   335    6.028619e+00    0.939791    8.011633e-04
0:   336    5.661008e+00    0.939022    7.523102e-04
0:   337    5.318429e+00    0.939484    7.067837e-04
0:   338    4.993535e+00    0.938912    6.636075e-04
0:   339    4.683202e+00    0.937853    6.223662e-04
0:   340    4.397539e+00    0.939003    5.844036e-04
0:   341    4.124933e+00    0.938009    5.481760e-04
0:   342    3.868496e+00    0.937832    5.140973e-04
0:   343    3.630541e+00    0.938489    4.824746e-04
0:   344    3.407295e+00    0.938509    4.528067e-04
0:   345    3.195742e+00    0.937912    4.246927e-04
0:   346    3.002702e+00    0.939595    3.990390e-04
0:   347    2.820714e+00    0.939392    3.748541e-04
0:   348    2.650827e+00    0.939771    3.522772e-04
0:   349    2.495420e+00    0.941374    3.316246e-04
0:   350    2.351003e+00    0.942127    3.124326e-04
0:   351    2.215914e+00    0.942540    2.944802e-04
0:   352    2.093987e+00    0.944976    2.782769e-04
0:   353    1.980641e+00    0.945871    2.632139e-04
0:   354    1.875517e+00    0.946924    2.492436e-04
0:   355    1.780801e+00    0.949499    2.366566e-04
0:   356    1.693431e+00    0.950938    2.250457e-04
0:   357    1.612226e+00    0.952047    2.142541e-04
0:   358    1.539687e+00    0.955007    2.046142e-04
0:   359    1.472602e+00    0.956429    1.956989e-04
0:   360    1.410110e+00    0.957564    1.873942e-04
0:   361    1.353862e+00    0.960111    1.799192e-04
0:   362    1.301221e+00    0.961118    1.729235e-04
0:   363    1.250738e+00    0.961204    1.662147e-04
0:   364    1.204247e+00    0.962829    1.600364e-04
0:   365    1.158920e+00    0.962361    1.540127e-04
0:   366    1.113681e+00    0.960964    1.480007e-04
0:   367    1.069731e+00    0.960537    1.421601e-04
0:   368    1.025053e+00    0.958234    1.362228e-04
0:   369    9.781416e-01    0.954235    1.299885e-04
0:   370    9.310404e-01    0.951846    1.237291e-04
0:   371    8.817732e-01    0.947084    1.171818e-04
0:   372    8.299883e-01    0.941272    1.102999e-04
0:   373    7.775775e-01    0.936854    1.033349e-04
0:   374    7.242781e-01    0.931455    9.625172e-05
0:   375    6.698164e-01    0.924806    8.901412e-05
0:   376    6.174305e-01    0.921791    8.205239e-05
0:   377    5.672190e-01    0.918677    7.537962e-05
0:   378    5.202605e-01    0.917213    6.913914e-05
0:   379    4.798716e-01    0.922368    6.377173e-05
0:   380    4.479487e-01    0.933476    5.952939e-05
0:   381    4.263595e-01    0.951804    5.666033e-05
0:   382    4.214493e-01    0.988483    5.600780e-05
0:   383    4.405257e-01    1.045264    5.854292e-05
0:   384    4.966851e-01    1.127483    6.600614e-05
0:   385    4.642360e-01    0.934669    6.169387e-05
0:   386    4.002994e-01    0.862276    5.319711e-05
0:   387    3.865989e-01    0.965774    5.137641e-05
0:   388    3.724201e-01    0.963324    4.949215e-05
0:   389    3.587263e-01    0.963230    4.767234e-05
0:   390    3.455768e-01    0.963344    4.592484e-05
0:   391    3.324720e-01    0.962079    4.418331e-05
0:   392    3.194937e-01    0.960964    4.245857e-05
0:   393    3.071403e-01    0.961335    4.081690e-05
0:   394    2.946799e-01    0.959431    3.916099e-05
0:   395    2.823638e-01    0.958205    3.752427e-05
0:   396    2.703812e-01    0.957563    3.593186e-05
0:   397    2.584733e-01    0.955959    3.434938e-05
0:   398    2.465774e-01    0.953976    3.276849e-05
0:   399    2.350680e-01    0.953324    3.123897e-05
0:   400    2.236749e-01    0.951533    2.972490e-05
0:   401    2.124097e-01    0.949636    2.822783e-05
0:   402    2.015748e-01    0.948991    2.678795e-05
0:   403    1.909721e-01    0.947401    2.537892e-05
0:   404    1.806667e-01    0.946037    2.400939e-05
0:   405    1.708159e-01    0.945475    2.270029e-05
0:   406    1.613864e-01    0.944798    2.144718e-05
0:   407    1.523096e-01    0.943758    2.024093e-05
0:   408    1.438009e-01    0.944135    1.911017e-05
0:   409    1.357605e-01    0.944087    1.804167e-05
0:   410    1.281698e-01    0.944087    1.703291e-05
0:   411    1.211536e-01    0.945258    1.610050e-05
0:   412    1.146182e-01    0.946057    1.523200e-05
0:   413    1.085454e-01    0.947017    1.442495e-05
0:   414    1.029557e-01    0.948504    1.368213e-05
0:   415    9.781426e-02    0.950061    1.299886e-05
0:   416    9.300307e-02    0.950813    1.235949e-05
0:   417    8.857444e-02    0.952382    1.177095e-05
0:   418    8.441108e-02    0.952996    1.121767e-05
0:   419    8.043070e-02    0.952845    1.068870e-05
0:   420    7.661148e-02    0.952515    1.018115e-05
0:   421    7.285392e-02    0.950953    9.681799e-06
0:   422    6.907975e-02    0.948195    9.180237e-06
0:   423    6.526630e-02    0.944796    8.673456e-06
0:   424    6.139317e-02    0.940656    8.158742e-06
0:   425    5.743576e-02    0.935540    7.632828e-06
0:   426    5.348975e-02    0.931297    7.108430e-06
0:   427    4.964178e-02    0.928062    6.597061e-06
0:   428    4.599688e-02    0.926576    6.112678e-06
0:   429    4.272875e-02    0.928949    5.678366e-06
0:   430    3.991270e-02    0.934095    5.304132e-06
0:   431    3.756046e-02    0.941065    4.991534e-06
0:   432    3.555305e-02    0.946555    4.724763e-06
0:   433    3.368264e-02    0.947391    4.476198e-06
0:   434    3.172620e-02    0.941915    4.216200e-06
0:   435    2.967651e-02    0.935395    3.943810e-06
0:   436    2.770440e-02    0.933547    3.681730e-06
0:   437    2.598750e-02    0.938028    3.453566e-06
0:   438    2.454164e-02    0.944363    3.261420e-06
0:   439    2.316935e-02    0.944083    3.079052e-06
0:   440    2.175360e-02    0.938896    2.890908e-06
0:   441    2.039176e-02    0.937397    2.709929e-06
0:   442    1.921330e-02    0.942209    2.553319e-06
0:   443    1.813874e-02    0.944072    2.410518e-06
0:   444    1.704702e-02    0.939813    2.265435e-06
0:   445    1.598520e-02    0.937712    2.124326e-06
0:   446    1.503560e-02    0.940595    1.998130e-06
0:   447    1.414357e-02    0.940672    1.879586e-06
0:   448    1.323407e-02    0.935695    1.758719e-06
0:   449    1.237589e-02    0.935154    1.644673e-06
0:   450    1.159504e-02    0.936905    1.540904e-06
0:   451    1.082062e-02    0.933211    1.437988e-06
0:   452    1.006730e-02    0.930381    1.337878e-06
0:   453    9.385073e-03    0.932233    1.247214e-06
0:   454    8.734730e-03    0.930705    1.160787e-06
0:   455    8.105595e-03    0.927973    1.077180e-06
0:   456    7.545923e-03    0.930952    1.002803e-06
0:   457    7.028491e-03    0.931429    9.340395e-07
0:   458    6.541680e-03    0.930737    8.693456e-07
0:   459    6.119216e-03    0.935420    8.132029e-07
0:   460    5.733112e-03    0.936903    7.618924e-07
0:   461    5.374468e-03    0.937443    7.142309e-07
0:   462    5.055081e-03    0.940573    6.717866e-07
0:   463    4.743979e-03    0.938457    6.304431e-07
0:   464    4.437478e-03    0.935392    5.897112e-07
0:   465    4.141269e-03    0.933248    5.503470e-07
0:   466    3.845264e-03    0.928523    5.110099e-07
0:   467    3.571285e-03    0.928749    4.746000e-07
0:   468    3.328991e-03    0.932155    4.424007e-07
0:   469    3.111716e-03    0.934732    4.135263e-07
0:   470    2.918251e-03    0.937827    3.878161e-07
0:   471    2.726769e-03    0.934384    3.623693e-07
0:   472    2.537915e-03    0.930741    3.372720e-07
0:   473    2.365410e-03    0.932029    3.143471e-07
0:   474    2.207493e-03    0.933239    2.933611e-07
0:   475    2.065347e-03    0.935608    2.744709e-07
0:   476    1.925246e-03    0.932166    2.558524e-07
0:   477    1.790614e-03    0.930070    2.379607e-07
0:   478    1.672747e-03    0.934175    2.222969e-07
0:   479    1.561743e-03    0.933640    2.075453e-07
0:   480    1.456315e-03    0.932493    1.935345e-07
0:   481    1.357701e-03    0.932285    1.804294e-07
0:   482    1.269577e-03    0.935093    1.687184e-07
0:   483    1.187152e-03    0.935076    1.577645e-07
0:   484    1.107499e-03    0.932904    1.471792e-07
0:   485    1.037964e-03    0.937215    1.379385e-07
0:   486    9.726651e-04    0.937089    1.292607e-07
0:   487    9.112123e-04    0.936820    1.210940e-07
0:   488    8.557015e-04    0.939080    1.137170e-07
0:   489    8.050461e-04    0.940802    1.069852e-07
0:   490    7.575770e-04    0.941036    1.006769e-07
0:   491    7.137083e-04    0.942093    9.484707e-08
0:   492    6.737308e-04    0.943986    8.953433e-08
0:   493    6.348813e-04    0.942337    8.437148e-08
0:   494    6.005331e-04    0.945898    7.980684e-08
0:   495    5.682000e-04    0.946159    7.550998e-08
0:   496    5.380158e-04    0.946878    7.149871e-08
0:   497    5.108458e-04    0.949500    6.788800e-08
0:   498    4.847703e-04    0.948956    6.442273e-08
0:   499    4.605704e-04    0.950080    6.120673e-08
0:   500    4.380117e-04    0.951020    5.820883e-08
0:   501    4.164207e-04    0.950707    5.533954e-08
0:   502    3.959949e-04    0.950949    5.262508e-08
0:   503    3.769832e-04    0.951990    5.009855e-08
0:   504    3.581681e-04    0.950090    4.759815e-08
0:   505    3.409141e-04    0.951827    4.530520e-08
0:   506    3.238217e-04    0.949863    4.303374e-08
0:   507    3.077125e-04    0.950253    4.089293e-08
0:   508    2.920259e-04    0.949022    3.880829e-08
0:   509    2.768013e-04    0.947866    3.678504e-08
0:   510    2.621470e-04    0.947059    3.483759e-08
0:   511    2.474868e-04    0.944077    3.288935e-08
0:   512    2.335495e-04    0.943685    3.103717e-08
0:   513    2.195554e-04    0.940081    2.917744e-08
0:   514    2.060634e-04    0.938549    2.738445e-08
0:   515    1.929442e-04    0.936334    2.564100e-08
0:   516    1.802037e-04    0.933968    2.394787e-08
0:   517    1.679243e-04    0.931858    2.231602e-08
0:   518    1.561699e-04    0.930002    2.075394e-08
0:   519    1.448407e-04    0.927456    1.924836e-08
0:   520    1.340529e-04    0.925519    1.781473e-08
0:   521    1.238436e-04    0.923841    1.645799e-08
0:   522    1.142362e-04    0.922423    1.518123e-08
0:   523    1.051562e-04    0.920515    1.397455e-08
0:   524    9.684185e-05    0.920933    1.286964e-08
0:   525    8.897608e-05    0.918777    1.182433e-08
0:   526    8.183379e-05    0.919728    1.087516e-08
0:   527    7.521955e-05    0.919175    9.996176e-09
0: 
0: 
0: =============================================
0: Solve phase times:
0: =============================================
0: PCG Solve:
0:   wall clock time = 0.318328 seconds
0:   wall MFLOPS     = 0.000000
0:   cpu clock time  = 0.318324 seconds
0:   cpu MFLOPS      = 0.000000
0: 
0: 
0: Iterations = 527
0: Final Relative Residual Norm = 9.996176e-09
0: 
0: 125pt 3D Laplacian
0: =============================================
0: Hypre init times:
0: =============================================
0: Hypre init:
0:   wall clock time = 0.000003 seconds
0:   wall MFLOPS     = 0.000000
0:   cpu clock time  = 0.000004 seconds
0:   cpu MFLOPS      = 0.000000
0: 
0: 
0: Using HYPRE_DEVELOP_STRING: v3.1.0-3-g13083b05c (branch v3.1.0_highradixallreduce; not the develop branch)
0: 
0: Running with these driver parameters:
0:   solver ID    = 2
0: 
0:   Laplacian_125pt:
0:     (nx, ny, nz) = (384, 384, 384)
0:     (Px, Py, Pz) = (16, 16, 16)
0: 
0: =============================================
0: Generate Matrix:
0: =============================================
0: Spatial Operator:
0:   wall clock time = 0.160218 seconds
0:   wall MFLOPS     = 0.000000
0:   cpu clock time  = 0.160084 seconds
0:   cpu MFLOPS      = 0.000000
0: 
0:   Number of vector components: 1
0:   RHS vector has unit coefficients
0:   Initial guess is 0
0: =============================================
0: IJ Vector Setup:
0: =============================================
0: RHS and Initial Guess:
0:   wall clock time = 0.000760 seconds
0:   wall MFLOPS     = 0.000000
0:   cpu clock time  = 0.000760 seconds
0:   cpu MFLOPS      = 0.000000
0: 
0: Solver: DS-PCG
0: HYPRE_ParCSRPCGGetPrecond got good precond
0: =============================================
0: Setup phase times:
0: =============================================
0: PCG Setup:
0:   wall clock time = 0.000358 seconds
0:   wall MFLOPS     = 0.000000
0:   cpu clock time  = 0.000357 seconds
0:   cpu MFLOPS      = 0.000000
0: 
0: <b,b>: 5.662310e+07
0: 
0: 
0: Iters       ||r||_2     conv.rate  ||r||_2/||b||_2
0: -----    ------------   ---------  ------------ 
0:     1    1.319433e+05    17.534383    1.753438e+01
0:     2    1.525709e+05    1.156337    2.027565e+01
0:     3    1.664070e+05    1.090686    2.211437e+01
0:     4    1.772159e+05    1.064955    2.355081e+01
0:     5    1.862221e+05    1.050820    2.474767e+01
0:     6    1.939612e+05    1.041559    2.577615e+01
0:     7    2.008209e+05    1.035366    2.668776e+01
0:     8    2.069600e+05    1.030570    2.750360e+01
0:     9    2.125637e+05    1.027076    2.824829e+01
0:    10    2.177028e+05    1.024177    2.893126e+01
0:    11    2.224690e+05    1.021893    2.956464e+01
0:    12    2.269168e+05    1.019993    3.015573e+01
0:    13    2.310802e+05    1.018348    3.070902e+01
0:    14    2.350163e+05    1.017033    3.123209e+01
0:    15    2.387248e+05    1.015780    3.172493e+01
0:    16    2.422627e+05    1.014820    3.219510e+01
0:    17    2.456161e+05    1.013842    3.264074e+01
0:    18    2.488327e+05    1.013096    3.306821e+01
0:    19    2.519015e+05    1.012333    3.347603e+01
0:    20    2.548521e+05    1.011713    3.386814e+01
0:    21    2.576871e+05    1.011124    3.424490e+01
0:    22    2.604139e+05    1.010582    3.460726e+01
0:    23    2.630522e+05    1.010131    3.495788e+01
0:    24    2.655890e+05    1.009644    3.529501e+01
0:    25    2.680576e+05    1.009295    3.562307e+01
0:    26    2.704327e+05    1.008860    3.593870e+01
0:    27    2.727517e+05    1.008575    3.624688e+01
0:    28    2.749885e+05    1.008201    3.654413e+01
0:    29    2.771737e+05    1.007947    3.683453e+01
0:    30    2.792911e+05    1.007639    3.711592e+01
0:    31    2.813559e+05    1.007393    3.739032e+01
0:    32    2.833687e+05    1.007154    3.765781e+01
0:    33    2.853255e+05    1.006905    3.791785e+01
0:    34    2.872448e+05    1.006727    3.817291e+01
0:    35    2.891053e+05    1.006477    3.842017e+01
0:    36    2.909388e+05    1.006342    3.866382e+01
0:    37    2.927146e+05    1.006104    3.889981e+01
0:    38    2.944678e+05    1.005990    3.913281e+01
0:    39    2.961693e+05    1.005778    3.935892e+01
0:    40    2.978469e+05    1.005664    3.958186e+01
0:    41    2.994828e+05    1.005492    3.979926e+01
0:    42    3.010893e+05    1.005364    4.001276e+01
0:    43    3.026664e+05    1.005238    4.022235e+01
0:    44    3.042071e+05    1.005090    4.042709e+01
0:    45    3.057299e+05    1.005006    4.062946e+01
0:    46    3.072107e+05    1.004844    4.082625e+01
0:    47    3.086817e+05    1.004788    4.102174e+01
0:    48    3.101094e+05    1.004625    4.121147e+01
0:    49    3.115298e+05    1.004580    4.140023e+01
0:    50    3.129108e+05    1.004433    4.158376e+01
0:    51    3.142815e+05    1.004381    4.176591e+01
0:    52    3.156215e+05    1.004264    4.194399e+01
0:    53    3.169439e+05    1.004190    4.211973e+01
0:    54    3.182469e+05    1.004111    4.229289e+01
0:    55    3.195235e+05    1.004012    4.246255e+01
0:    56    3.207917e+05    1.003969    4.263108e+01
0:    57    3.220264e+05    1.003849    4.279516e+01
0:    58    3.232604e+05    1.003832    4.295914e+01
0:    59    3.244579e+05    1.003704    4.311828e+01
0:    60    3.256569e+05    1.003696    4.327763e+01
0:    61    3.268222e+05    1.003578    4.343249e+01
0:    62    3.279856e+05    1.003560    4.358710e+01
0:    63    3.291232e+05    1.003468    4.373827e+01
0:    64    3.302508e+05    1.003426    4.388812e+01
0:    65    3.313635e+05    1.003370    4.403600e+01
0:    66    3.324565e+05    1.003298    4.418125e+01
0:    67    3.335459e+05    1.003277    4.432602e+01
0:    68    3.346068e+05    1.003181    4.446701e+01
0:    69    3.356724e+05    1.003185    4.460862e+01
0:    70    3.367052e+05    1.003077    4.474588e+01
0:    71    3.377455e+05    1.003090    4.488413e+01
0:    72    3.387545e+05    1.002987    4.501822e+01
0:    73    3.397679e+05    1.002991    4.515288e+01
0:    74    3.407570e+05    1.002911    4.528433e+01
0:    75    3.417422e+05    1.002891    4.541526e+01
0:    76    3.427142e+05    1.002844    4.554443e+01
0:    77    3.436716e+05    1.002793    4.567165e+01
0:    78    3.446275e+05    1.002781    4.579869e+01
0:    79    3.455588e+05    1.002702    4.592246e+01
0:    80    3.464979e+05    1.002718    4.604726e+01
0:    81    3.474066e+05    1.002622    4.616801e+01
0:    82    3.483270e+05    1.002649    4.629033e+01
0:    83    3.492169e+05    1.002555    4.640859e+01
0:    84    3.501162e+05    1.002575    4.652810e+01
0:    85    3.509912e+05    1.002499    4.664439e+01
0:    86    3.518676e+05    1.002497    4.676086e+01
0:    87    3.527305e+05    1.002452    4.687553e+01
0:    88    3.535835e+05    1.002418    4.698889e+01
0:    89    3.544354e+05    1.002409    4.710210e+01
0:    90    3.552662e+05    1.002344    4.721250e+01
0:    91    3.561063e+05    1.002365    4.732416e+01
0:    92    3.569177e+05    1.002278    4.743198e+01
0:    93    3.577440e+05    1.002315    4.754179e+01
0:    94    3.585398e+05    1.002224    4.764755e+01
0:    95    3.593494e+05    1.002258    4.775514e+01
0:    96    3.601335e+05    1.002182    4.785934e+01
0:    97    3.609241e+05    1.002195    4.796440e+01
0:    98    3.616994e+05    1.002148    4.806744e+01
0:    99    3.624697e+05    1.002130    4.816980e+01
0:   100    3.632377e+05    1.002119    4.827187e+01
0:   101    3.639883e+05    1.002066    4.837161e+01
0:   102    3.647484e+05    1.002088    4.847263e+01
0:   103    3.654816e+05    1.002010    4.857007e+01
0:   104    3.662318e+05    1.002052    4.866976e+01
0:   105    3.669512e+05    1.001964    4.876537e+01
0:   106    3.676883e+05    1.002009    4.886332e+01
0:   107    3.683980e+05    1.001930    4.895763e+01
0:   108    3.691190e+05    1.001957    4.905345e+01
0:   109    3.698222e+05    1.001905    4.914691e+01
0:   110    3.705254e+05    1.001901    4.924036e+01
0:   111    3.712240e+05    1.001885    4.933319e+01
0:   112    3.719092e+05    1.001846    4.942425e+01
0:   113    3.726029e+05    1.001865    4.951644e+01
0:   114    3.732720e+05    1.001796    4.960536e+01
0:   115    3.739589e+05    1.001840    4.969665e+01
0:   116    3.746152e+05    1.001755    4.978386e+01
0:   117    3.752922e+05    1.001807    4.987383e+01
0:   118    3.759398e+05    1.001726    4.995988e+01
0:   119    3.766034e+05    1.001765    5.004808e+01
0:   120    3.772459e+05    1.001706    5.013346e+01
0:   121    3.778937e+05    1.001717    5.021955e+01
0:   122    3.785334e+05    1.001693    5.030456e+01
0:   123    3.791646e+05    1.001667    5.038844e+01
0:   124    3.798019e+05    1.001681    5.047314e+01
0:   125    3.804177e+05    1.001621    5.055497e+01
0:   126    3.810509e+05    1.001665    5.063913e+01
0:   127    3.816543e+05    1.001583    5.071931e+01
0:   128    3.822804e+05    1.001640    5.080251e+01
0:   129    3.828753e+05    1.001556    5.088158e+01
0:   130    3.834902e+05    1.001606    5.096328e+01
0:   131    3.840762e+05    1.001528    5.104117e+01
0:   132    3.846415e+05    1.001472    5.111629e+01
0:   133    3.850173e+05    1.000977    5.116623e+01
0:   134    3.847071e+05    0.999194    5.112501e+01
0:   135    3.827472e+05    0.994905    5.086455e+01
0:   136    3.786578e+05    0.989316    5.032109e+01
0:   137    3.751636e+05    0.990772    4.985674e+01
0:   138    3.850868e+05    1.026450    5.117547e+01
0:   139    4.119019e+05    1.069634    5.473901e+01
0:   140    3.810267e+05    0.925042    5.063590e+01
0:   141    3.633551e+05    0.953621    4.828747e+01
0:   142    4.050521e+05    1.114755    5.382872e+01
0:   143    3.934849e+05    0.971443    5.229151e+01
0:   144    3.624824e+05    0.921210    4.817149e+01
0:   145    4.286332e+05    1.182494    5.696249e+01
0:   146    3.622607e+05    0.845153    4.814202e+01
0:   147    4.103119e+05    1.132643    5.452772e+01
0:   148    3.784640e+05    0.922381    5.029534e+01
0:   149    3.930492e+05    1.038538    5.223362e+01
0:   150    3.902752e+05    0.992942    5.186497e+01
0:   151    3.897703e+05    0.998706    5.179787e+01
0:   152    3.891217e+05    0.998336    5.171167e+01
0:   153    4.018198e+05    1.032633    5.339917e+01
0:   154    3.754630e+05    0.934406    4.989653e+01
0:   155    4.271509e+05    1.137664    5.676550e+01
0:   156    3.623725e+05    0.848348    4.815689e+01
0:   157    4.354182e+05    1.201576    5.786418e+01
0:   158    3.770534e+05    0.865957    5.010788e+01
0:   159    3.944400e+05    1.046112    5.241844e+01
0:   160    4.283193e+05    1.085892    5.692077e+01
0:   161    3.620418e+05    0.845262    4.811294e+01
0:   162    4.299281e+05    1.187510    5.713457e+01
0:   163    4.040504e+05    0.939809    5.369561e+01
0:   164    3.678857e+05    0.910495    4.888956e+01
0:   165    4.434219e+05    1.205325    5.892781e+01
0:   166    3.934949e+05    0.887405    5.229285e+01
0:   167    3.736281e+05    0.949512    4.965268e+01
0:   168    4.428901e+05    1.185377    5.885713e+01
0:   169    4.013576e+05    0.906224    5.333774e+01
0:   170    3.694476e+05    0.920495    4.909712e+01
0:   171    4.347764e+05    1.176828    5.777888e+01
0:   172    4.250430e+05    0.977613    5.648538e+01
0:   173    3.650849e+05    0.858936    4.851734e+01
0:   174    4.130019e+05    1.131249    5.488519e+01
0:   175    4.466539e+05    1.081481    5.935732e+01
0:   176    3.873987e+05    0.867335    5.148271e+01
0:   177    3.756296e+05    0.969620    4.991867e+01
0:   178    4.420730e+05    1.176885    5.874854e+01
0:   179    4.345400e+05    0.982960    5.774746e+01
0:   180    3.731977e+05    0.858834    4.959548e+01
0:   181    3.913245e+05    1.048572    5.200441e+01
0:   182    4.484777e+05    1.146051    5.959969e+01
0:   183    4.325138e+05    0.964404    5.747820e+01
0:   184    3.721915e+05    0.860531    4.946177e+01
0:   185    3.923609e+05    1.054191    5.214214e+01
0:   186    4.472564e+05    1.139911    5.943739e+01
0:   187    4.424956e+05    0.989355    5.880471e+01
0:   188    3.831504e+05    0.865885    5.091813e+01
0:   189    3.791034e+05    0.989438    5.038032e+01
0:   190    4.342746e+05    1.145531    5.771219e+01
0:   191    4.571775e+05    1.052738    6.075583e+01
0:   192    4.129504e+05    0.903261    5.487835e+01
0:   193    3.712066e+05    0.898913    4.933088e+01
0:   194    4.015945e+05    1.081863    5.336923e+01
0:   195    4.506017e+05    1.122031    5.988195e+01
0:   196    4.555025e+05    1.010876    6.053325e+01
0:   197    3.994704e+05    0.876988    5.308695e+01
0:   198    3.754358e+05    0.939834    4.989291e+01
0:   199    4.047423e+05    1.078060    5.378754e+01
0:   200    4.556881e+05    1.125872    6.055791e+01
0:   201    4.595791e+05    1.008539    6.107500e+01
0:   202    4.073458e+05    0.886345    5.413354e+01
0:   203    3.788695e+05    0.930093    5.034923e+01
0:   204    3.922436e+05    1.035300    5.212656e+01
0:   205    4.468899e+05    1.139317    5.938869e+01
0:   206    4.665350e+05    1.043959    6.199938e+01
0:   207    4.378087e+05    0.938426    5.818186e+01
0:   208    3.896971e+05    0.890108    5.178814e+01
0:   209    3.796863e+05    0.974311    5.045778e+01
0:   210    4.121589e+05    1.085525    5.477317e+01
0:   211    4.575776e+05    1.110197    6.080900e+01
0:   212    4.711022e+05    1.029557    6.260634e+01
0:   213    4.306343e+05    0.914099    5.722842e+01
0:   214    3.925188e+05    0.911490    5.216313e+01
0:   215    3.791507e+05    0.965943    5.038660e+01
0:   216    4.116789e+05    1.085792    5.470938e+01
0:   217    4.536083e+05    1.101850    6.028152e+01
0:   218    4.759142e+05    1.049174    6.324582e+01
0:   219    4.491984e+05    0.943864    5.969546e+01
0:   220    4.057561e+05    0.903289    5.392227e+01
0:   221    3.826101e+05    0.942956    5.084633e+01
0:   222    3.916775e+05    1.023699    5.205132e+01
0:   223    4.325567e+05    1.104370    5.748390e+01
0:   224    4.679918e+05    1.081920    6.219298e+01
0:   225    4.771844e+05    1.019643    6.341461e+01
0:   226    4.427654e+05    0.927871    5.884057e+01
0:   227    4.050034e+05    0.914713    5.382224e+01
0:   228    3.828931e+05    0.945407    5.088393e+01
0:   229    3.940556e+05    1.029153    5.236736e+01
0:   230    4.288768e+05    1.088366    5.699486e+01
0:   231    4.669120e+05    1.088686    6.204949e+01
0:   232    4.824549e+05    1.033289    6.411503e+01
0:   233    4.594185e+05    0.952252    6.105365e+01
0:   234    4.230986e+05    0.920944    5.622698e+01
0:   235    3.910094e+05    0.924157    5.196254e+01
0:   236    3.869595e+05    0.989643    5.142434e+01
0:   237    4.057752e+05    1.048624    5.392482e+01
0:   238    4.439445e+05    1.094065    5.899726e+01
0:   239    4.762493e+05    1.072768    6.329035e+01
0:   240    4.841443e+05    1.016577    6.433954e+01
0:   241    4.625793e+05    0.955458    6.147370e+01
0:   242    4.252554e+05    0.919313    5.651360e+01
0:   243    3.970563e+05    0.933689    5.276614e+01
0:   244    3.864640e+05    0.973323    5.135848e+01
0:   245    4.016385e+05    1.039265    5.337508e+01
0:   246    4.320319e+05    1.075674    5.741416e+01
0:   247    4.681838e+05    1.083679    6.221851e+01
0:   248    4.878878e+05    1.042086    6.483703e+01
0:   249    4.819092e+05    0.987746    6.404251e+01
0:   250    4.540265e+05    0.942141    6.033709e+01
0:   251    4.194569e+05    0.923860    5.574303e+01
0:   252    3.958241e+05    0.943658    5.260238e+01
0:   253    3.891382e+05    0.983109    5.171387e+01
0:   254    4.038682e+05    1.037853    5.367138e+01
0:   255    4.323741e+05    1.070582    5.745963e+01
0:   256    4.663868e+05    1.078665    6.197969e+01
0:   257    4.893144e+05    1.049160    6.502662e+01
0:   258    4.908872e+05    1.003214    6.523564e+01
0:   259    4.710588e+05    0.959607    6.260056e+01
0:   260    4.391283e+05    0.932216    5.835722e+01
0:   261    4.106587e+05    0.935168    5.457380e+01
0:   262    3.933042e+05    0.957740    5.226750e+01
0:   263    3.938695e+05    1.001437    5.234263e+01
0:   264    4.100849e+05    1.041169    5.449754e+01
0:   265    4.387300e+05    1.069852    5.830428e+01
0:   266    4.700169e+05    1.071313    6.246211e+01
0:   267    4.922715e+05    1.047349    6.541960e+01
0:   268    4.975091e+05    1.010640    6.611564e+01
0:   269    4.818256e+05    0.968476    6.403140e+01
0:   270    4.548107e+05    0.943932    6.044131e+01
0:   271    4.237542e+05    0.931716    5.631411e+01
0:   272    4.010144e+05    0.946337    5.329213e+01
0:   273    3.908276e+05    0.974598    5.193838e+01
0:   274    3.981869e+05    1.018830    5.291638e+01
0:   275    4.218281e+05    1.059372    5.605814e+01
0:   276    4.498023e+05    1.066317    5.977573e+01
0:   277    4.724441e+05    1.050337    6.278467e+01
0:   278    4.892558e+05    1.035585    6.501883e+01
0:   279    5.047721e+05    1.031714    6.708084e+01
0:   280    4.954340e+05    0.981500    6.583987e+01
0:   281    4.620417e+05    0.932600    6.140226e+01
0:   282    4.375661e+05    0.947027    5.814961e+01
0:   283    4.207257e+05    0.961513    5.591164e+01
0:   284    3.945776e+05    0.937850    5.243673e+01
0:   285    3.964197e+05    1.004668    5.268153e+01
0:   286    4.094797e+05    1.032945    5.441712e+01
0:   287    4.174297e+05    1.019415    5.547362e+01
0:   288    4.585922e+05    1.098609    6.094384e+01
0:   289    4.725464e+05    1.030428    6.279826e+01
0:   290    4.990610e+05    1.056110    6.632188e+01
0:   291    5.094724e+05    1.020862    6.770548e+01
0:   292    4.942239e+05    0.970070    6.567905e+01
0:   293    4.899475e+05    0.991347    6.511076e+01
0:   294    4.490025e+05    0.916430    5.966943e+01
0:   295    4.400921e+05    0.980155    5.848530e+01
0:   296    4.043010e+05    0.918674    5.372890e+01
0:   297    4.077880e+05    1.008625    5.419230e+01
0:   298    3.919451e+05    0.961149    5.208688e+01
0:   299    4.158652e+05    1.061029    5.526571e+01
0:   300    4.182587e+05    1.005755    5.558379e+01
0:   301    4.582720e+05    1.095666    6.090128e+01
0:   302    4.661830e+05    1.017263    6.195261e+01
0:   303    5.064005e+05    1.086270    6.729725e+01
0:   304    5.002886e+05    0.987931    6.648501e+01
0:   305    5.189285e+05    1.037258    6.896213e+01
0:   306    4.937204e+05    0.951423    6.561215e+01
0:   307    4.853053e+05    0.982956    6.449384e+01
0:   308    4.556985e+05    0.938993    6.055929e+01
0:   309    4.318955e+05    0.947766    5.739603e+01
0:   310    4.208501e+05    0.974426    5.592816e+01
0:   311    3.970085e+05    0.943349    5.275978e+01
0:   312    4.096042e+05    1.031727    5.443366e+01
0:   313    3.993167e+05    0.974884    5.306653e+01
0:   314    4.244779e+05    1.063011    5.641029e+01
0:   315    4.402799e+05    1.037227    5.851026e+01
0:   316    4.573587e+05    1.038791    6.077992e+01
0:   317    4.956497e+05    1.083722    6.586854e+01
0:   318    4.940698e+05    0.996812    6.565858e+01
0:   319    5.212624e+05    1.055038    6.927230e+01
0:   320    5.170624e+05    0.991943    6.871414e+01
0:   321    5.010073e+05    0.968949    6.658053e+01
0:   322    5.003258e+05    0.998640    6.648996e+01
0:   323    4.648799e+05    0.929154    6.177944e+01
0:   324    4.461618e+05    0.959735    5.929192e+01
0:   325    4.359269e+05    0.977060    5.793177e+01
0:   326    4.066253e+05    0.932783    5.403779e+01
0:   327    4.078089e+05    1.002911    5.419508e+01
0:   328    4.095852e+05    1.004356    5.443114e+01
0:   329    4.008158e+05    0.978590    5.326575e+01
0:   330    4.277760e+05    1.067263    5.684857e+01
0:   331    4.416865e+05    1.032518    5.869719e+01
0:   332    4.519320e+05    1.023196    6.005874e+01
0:   333    4.877685e+05    1.079296    6.482118e+01
0:   334    5.047509e+05    1.034816    6.707802e+01
0:   335    5.047553e+05    1.000009    6.707860e+01
0:   336    5.285663e+05    1.047173    7.024293e+01
0:   337    5.262777e+05    0.995670    6.993880e+01
0:   338    5.008627e+05    0.951708    6.656131e+01
0:   339    5.022048e+05    1.002679    6.673966e+01
0:   340    4.840222e+05    0.963795    6.432332e+01
0:   341    4.496237e+05    0.928932    5.975198e+01
0:   342    4.379375e+05    0.974009    5.819898e+01
0:   343    4.321238e+05    0.986725    5.742637e+01
0:   344    4.066640e+05    0.941082    5.404292e+01
0:   345    4.025282e+05    0.989830    5.349331e+01
0:   346    4.162008e+05    1.033967    5.531031e+01
0:   347    4.142034e+05    0.995201    5.504486e+01
0:   348    4.170291e+05    1.006822    5.542039e+01
0:   349    4.446923e+05    1.066334    5.909664e+01
0:   350    4.675966e+05    1.051506    6.214046e+01
0:   351    4.702476e+05    1.005670    6.249277e+01
0:   352    4.939747e+05    1.050457    6.564594e+01
0:   353    5.239192e+05    1.060619    6.962536e+01
0:   354    5.266425e+05    1.005198    6.998727e+01
0:   355    5.175739e+05    0.982780    6.878211e+01
0:   356    5.291402e+05    1.022347    7.031920e+01
0:   357    5.288109e+05    0.999378    7.027544e+01
0:   358    4.994303e+05    0.944440    6.637095e+01
0:   359    4.784914e+05    0.958074    6.358832e+01
0:   360    4.743831e+05    0.991414    6.304234e+01
0:   361    4.597490e+05    0.969151    6.109758e+01
0:   362    4.287716e+05    0.932621    5.698088e+01
0:   363    4.167531e+05    0.971970    5.538370e+01
0:   364    4.201712e+05    1.008202    5.583794e+01
0:   365    4.166580e+05    0.991639    5.537107e+01
0:   366    4.037188e+05    0.968945    5.365153e+01
0:   367    4.095448e+05    1.014431    5.442577e+01
0:   368    4.318421e+05    1.054444    5.738893e+01
0:   369    4.460412e+05    1.032880    5.927590e+01
0:   370    4.487423e+05    1.006056    5.963486e+01
0:   371    4.637484e+05    1.033440    6.162906e+01
0:   372    4.964205e+05    1.070452    6.597097e+01
0:   373    5.163623e+05    1.040171    6.862110e+01
0:   374    5.167359e+05    1.000723    6.867074e+01
0:   375    5.182292e+05    1.002890    6.886920e+01
0:   376    5.376780e+05    1.037529    7.145382e+01
0:   377    5.463053e+05    1.016046    7.260033e+01
0:   378    5.306406e+05    0.971326    7.051860e+01
0:   379    5.074103e+05    0.956222    6.743144e+01
0:   380    5.007014e+05    0.986778    6.653987e+01
0:   381    4.984902e+05    0.995584    6.624602e+01
0:   382    4.791254e+05    0.961153    6.367257e+01
0:   383    4.501383e+05    0.939500    5.982038e+01
0:   384    4.315983e+05    0.958813    5.735654e+01
0:   385    4.317147e+05    1.000270    5.737200e+01
0:   386    4.290949e+05    0.993932    5.702385e+01
0:   387    4.173590e+05    0.972650    5.546422e+01
0:   388    4.042376e+05    0.968561    5.372048e+01
0:   389    4.093659e+05    1.012686    5.440200e+01
0:   390    4.259640e+05    1.040546    5.660777e+01
0:   391    4.389349e+05    1.030451    5.833152e+01
0:   392    4.405790e+05    1.003746    5.855000e+01
0:   393    4.445233e+05    1.008953    5.907418e+01
0:   394    4.656096e+05    1.047436    6.187640e+01
0:   395    4.935917e+05    1.060098    6.559504e+01
0:   396    5.137976e+05    1.040936    6.828027e+01
0:   397    5.146655e+05    1.001689    6.839561e+01
0:   398    5.178547e+05    1.006197    6.881943e+01
0:   399    5.309325e+05    1.025254    7.055738e+01
0:   400    5.510029e+05    1.037802    7.322460e+01
0:   401    5.546551e+05    1.006628    7.370997e+01
0:   402    5.386120e+05    0.971076    7.157794e+01
0:   403    5.198458e+05    0.965158    6.908403e+01
0:   404    5.109958e+05    0.982976    6.790794e+01
0:   405    5.122344e+05    1.002424    6.807254e+01
0:   406    5.029158e+05    0.981808    6.683415e+01
0:   407    4.815686e+05    0.957553    6.399725e+01
0:   408    4.534951e+05    0.941704    6.026647e+01
0:   409    4.381479e+05    0.966158    5.822693e+01
0:   410    4.346555e+05    0.992029    5.776281e+01
0:   411    4.357912e+05    1.002613    5.791374e+01
0:   412    4.304114e+05    0.987655    5.719880e+01
0:   413    4.172894e+05    0.969513    5.545498e+01
0:   414    4.077596e+05    0.977163    5.418853e+01
0:   415    4.089511e+05    1.002922    5.434687e+01
0:   416    4.266159e+05    1.043196    5.669441e+01
0:   417    4.429270e+05    1.038233    5.886204e+01
0:   418    4.467776e+05    1.008694    5.937376e+01
0:   419    4.430766e+05    0.991716    5.888192e+01
0:   420    4.549439e+05    1.026784    6.045900e+01
0:   421    4.787026e+05    1.052223    6.361638e+01
0:   422    4.983138e+05    1.040967    6.622258e+01
0:   423    5.210735e+05    1.045673    6.924719e+01
0:   424    5.302127e+05    1.017539    7.046173e+01
0:   425    5.239029e+05    0.988099    6.962319e+01
0:   426    5.277360e+05    1.007316    7.013259e+01
0:   427    5.469668e+05    1.036440    7.268823e+01
0:   428    5.529988e+05    1.011028    7.348984e+01
0:   429    5.644307e+05    1.020673    7.500907e+01
0:   430    5.531560e+05    0.980025    7.351074e+01
0:   431    5.265813e+05    0.951958    6.997914e+01
0:   432    5.220217e+05    0.991341    6.937319e+01
0:   433    5.044322e+05    0.966305    6.703567e+01
0:   434    5.129455e+05    1.016877    6.816703e+01
0:   435    5.014245e+05    0.977540    6.663597e+01
0:   436    4.858662e+05    0.968972    6.456838e+01
0:   437    4.652968e+05    0.957664    6.183484e+01
0:   438    4.403355e+05    0.946354    5.851765e+01
0:   439    4.369343e+05    0.992276    5.806565e+01
0:   440    4.292436e+05    0.982398    5.704361e+01
0:   441    4.387650e+05    1.022182    5.830893e+01
0:   442    4.286699e+05    0.976992    5.696736e+01
0:   443    4.273318e+05    0.996878    5.678954e+01
0:   444    4.109067e+05    0.961564    5.460676e+01
0:   445    4.150982e+05    1.010201    5.516378e+01
0:   446    4.157229e+05    1.001505    5.524679e+01
0:   447    4.383128e+05    1.054339    5.824884e+01
0:   448    4.471722e+05    1.020213    5.942620e+01
0:   449    4.651465e+05    1.040195    6.181486e+01
0:   450    4.610673e+05    0.991230    6.127276e+01
0:   451    4.711850e+05    1.021944    6.261734e+01
0:   452    4.719316e+05    1.001584    6.271655e+01
0:   453    4.964109e+05    1.051871    6.596970e+01
0:   454    5.110366e+05    1.029463    6.791335e+01
0:   455    5.406018e+05    1.057853    7.184237e+01
0:   456    5.445801e+05    1.007359    7.237105e+01
0:   457    5.513270e+05    1.012389    7.326768e+01
0:   458    5.414218e+05    0.982034    7.195135e+01
0:   459    5.448149e+05    1.006267    7.240227e+01
0:   460    5.472510e+05    1.004471    7.272601e+01
0:   461    5.559281e+05    1.015856    7.387913e+01
0:   462    5.682291e+05    1.022127    7.551386e+01
0:   463    5.609889e+05    0.987258    7.455167e+01
0:   464    5.548110e+05    0.988987    7.373067e+01
0:   465    5.271561e+05    0.950154    7.005553e+01
0:   466    5.146807e+05    0.976334    6.839762e+01
0:   467    4.990977e+05    0.969723    6.632675e+01
0:   468    4.937082e+05    0.989202    6.561053e+01
0:   469    4.948853e+05    1.002384    6.576695e+01
0:   470    4.824438e+05    0.974860    6.411356e+01
0:   471    4.807655e+05    0.996521    6.389052e+01
0:   472    4.560448e+05    0.948581    6.060531e+01
0:   473    4.411756e+05    0.967395    5.862929e+01
0:   474    4.296320e+05    0.973834    5.709523e+01
0:   475    4.173726e+05    0.971465    5.546603e+01
0:   476    4.294512e+05    1.028940    5.707120e+01
0:   477    4.249681e+05    0.989561    5.647542e+01
0:   478    4.355126e+05    1.024812    5.787672e+01
0:   479    4.349522e+05    0.998713    5.780225e+01
0:   480    4.257875e+05    0.978929    5.658431e+01
0:   481    4.309743e+05    1.012182    5.727360e+01
0:   482    4.238247e+05    0.983411    5.632347e+01
0:   483    4.308654e+05    1.016612    5.725913e+01
0:   484    4.489650e+05    1.042007    5.966445e+01
0:   485    4.600761e+05    1.024748    6.114104e+01
0:   486    4.812884e+05    1.046106    6.396001e+01
0:   487    4.968234e+05    1.032278    6.602451e+01
0:   488    4.925749e+05    0.991449    6.545991e+01
0:   489    5.064866e+05    1.028243    6.730868e+01
0:   490    5.036441e+05    0.994388    6.693093e+01
0:   491    5.078677e+05    1.008386    6.749223e+01
0:   492    5.318406e+05    1.047203    7.067807e+01
0:   493    5.413950e+05    1.017965    7.194778e+01
0:   494    5.587835e+05    1.032118    7.425859e+01
0:   495    5.781485e+05    1.034656    7.683208e+01
0:   496    5.745785e+05    0.993825    7.635764e+01
0:   497    5.697571e+05    0.991609    7.571692e+01
0:   498    5.708602e+05    1.001936    7.586351e+01
0:   499    5.498042e+05    0.963115    7.306531e+01
0:   500    5.484376e+05    0.997514    7.288370e+01
0:   501    5.552688e+05    1.012456    7.379151e+01
0:   502    5.507136e+05    0.991797    7.318617e+01
0:   503    5.526027e+05    1.003430    7.343720e+01
0:   504    5.565607e+05    1.007163    7.396320e+01
0:   505    5.359962e+05    0.963051    7.123032e+01
0:   506    5.174581e+05    0.965414    6.876673e+01
0:   507    5.080524e+05    0.981823    6.751677e+01
0:   508    4.821553e+05    0.949027    6.407522e+01
0:   509    4.690843e+05    0.972891    6.233818e+01
0:   510    4.693309e+05    1.000526    6.237095e+01
0:   511    4.645994e+05    0.989918    6.174216e+01
0:   512    4.569041e+05    0.983437    6.071950e+01
0:   513    4.629906e+05    1.013321    6.152836e+01
0:   514    4.563727e+05    0.985706    6.064888e+01
0:   515    4.402876e+05    0.964755    5.851129e+01
0:   516    4.345854e+05    0.987049    5.775350e+01
0:   517    4.284227e+05    0.985819    5.693451e+01
0:   518    4.148642e+05    0.968352    5.513268e+01
0:   519    4.136132e+05    0.996985    5.496644e+01
0:   520    4.265161e+05    1.031195    5.668114e+01
0:   521    4.302283e+05    1.008704    5.717446e+01
0:   522    4.369788e+05    1.015691    5.807156e+01
0:   523    4.506054e+05    1.031184    5.988244e+01
0:   524    4.585038e+05    1.017528    6.093209e+01
0:   525    4.500821e+05    0.981632    5.981291e+01
0:   526    4.536275e+05    1.007877    6.028406e+01
0:   527    4.609393e+05    1.016118    6.125575e+01
0:   528    4.614152e+05    1.001033    6.131900e+01
0:   529    4.650591e+05    1.007897    6.180326e+01
0:   530    4.848592e+05    1.042575    6.443455e+01
0:   531    5.061012e+05    1.043811    6.725748e+01
0:   532    5.136569e+05    1.014929    6.826157e+01
0:   533    5.312299e+05    1.034212    7.059691e+01
0:   534    5.488850e+05    1.033234    7.294315e+01
0:   535    5.555189e+05    1.012086    7.382475e+01
0:   536    5.452106e+05    0.981444    7.245485e+01
0:   537    5.508209e+05    1.010290    7.320042e+01
0:   538    5.569468e+05    1.011121    7.401451e+01
0:   539    5.548255e+05    0.996191    7.373260e+01
0:   540    5.541919e+05    0.998858    7.364840e+01
0:   541    5.699929e+05    1.028512    7.574825e+01
0:   542    5.887713e+05    1.032945    7.824377e+01
0:   543    5.880510e+05    0.998777    7.814806e+01
0:   544    5.891463e+05    1.001863    7.829361e+01
0:   545    5.904291e+05    1.002177    7.846409e+01
0:   546    5.869863e+05    0.994169    7.800656e+01
0:   547    5.604735e+05    0.954832    7.448319e+01
0:   548    5.436389e+05    0.969964    7.224598e+01
0:   549    5.385811e+05    0.990697    7.157384e+01
0:   550    5.362995e+05    0.995764    7.127063e+01
0:   551    5.224356e+05    0.974149    6.942820e+01
0:   552    5.125605e+05    0.981098    6.811586e+01
0:   553    5.179457e+05    1.010506    6.883152e+01
0:   554    5.204719e+05    1.004878    6.916725e+01
0:   555    5.121464e+05    0.984004    6.806084e+01
0:   556    4.938081e+05    0.964193    6.562380e+01
0:   557    4.895538e+05    0.991385    6.505843e+01
0:   558    4.824560e+05    0.985502    6.411518e+01
0:   559    4.657214e+05    0.965314    6.189127e+01
0:   560    4.422933e+05    0.949695    5.877782e+01
0:   561    4.385536e+05    0.991545    5.828085e+01
0:   562    4.413682e+05    1.006418    5.865488e+01
0:   563    4.346671e+05    0.984817    5.776435e+01
0:   564    4.305611e+05    0.990554    5.721870e+01
0:   565    4.372463e+05    1.015527    5.810712e+01
0:   566    4.449577e+05    1.017636    5.913191e+01
0:   567    4.470722e+05    1.004752    5.941291e+01
0:   568    4.443741e+05    0.993965    5.905436e+01
0:   569    4.331041e+05    0.974638    5.755664e+01
0:   570    4.374499e+05    1.010034    5.813417e+01
0:   571    4.387562e+05    1.002986    5.830777e+01
0:   572    4.293505e+05    0.978563    5.705781e+01
0:   573    4.277568e+05    0.996288    5.684602e+01
0:   574    4.323229e+05    1.010675    5.745282e+01
0:   575    4.461771e+05    1.032046    5.929395e+01
0:   576    4.628877e+05    1.037453    6.151468e+01
0:   577    4.640806e+05    1.002577    6.167322e+01
0:   578    4.790740e+05    1.032308    6.366573e+01
0:   579    4.921514e+05    1.027297    6.540364e+01
0:   580    5.084483e+05    1.033113    6.756938e+01
0:   581    5.132447e+05    1.009434    6.820680e+01
0:   582    5.054602e+05    0.984833    6.717228e+01
0:   583    5.124344e+05    1.013798    6.809911e+01
0:   584    5.161092e+05    1.007171    6.858747e+01
0:   585    5.305829e+05    1.028044    7.051093e+01
0:   586    5.264910e+05    0.992288    6.996714e+01
0:   587    5.325745e+05    1.011555    7.077560e+01
0:   588    5.409033e+05    1.015639    7.188244e+01
0:   589    5.645076e+05    1.043639    7.501929e+01
0:   590    5.789666e+05    1.025614    7.694080e+01
0:   591    5.868274e+05    1.013577    7.798545e+01
0:   592    5.877557e+05    1.001582    7.810881e+01
0:   593    5.977513e+05    1.017006    7.943715e+01
0:   594    6.046299e+05    1.011508    8.035127e+01
0:   595    6.063948e+05    1.002919    8.058582e+01
0:   596    5.890673e+05    0.971425    7.828311e+01
0:   597    5.776222e+05    0.980571    7.676213e+01
0:   598    5.664702e+05    0.980693    7.528011e+01
0:   599    5.742662e+05    1.013762    7.631614e+01
0:   600    5.680008e+05    0.989090    7.548352e+01
0:   601    5.690900e+05    1.001918    7.562827e+01
0:   602    5.555287e+05    0.976170    7.382606e+01
0:   603    5.676860e+05    1.021884    7.544168e+01
0:   604    5.663020e+05    0.997562    7.525775e+01
0:   605    5.790130e+05    1.022446    7.694696e+01
0:   606    5.604244e+05    0.967896    7.447666e+01
0:   607    5.538218e+05    0.988219    7.359922e+01
0:   608    5.316383e+05    0.959945    7.065118e+01
0:   609    5.323604e+05    1.001358    7.074715e+01
0:   610    5.187955e+05    0.974519    6.894446e+01
0:   611    5.067652e+05    0.976811    6.734571e+01
0:   612    4.880113e+05    0.962993    6.485344e+01
0:   613    4.733880e+05    0.970035    6.291011e+01
0:   614    4.725793e+05    0.998292    6.280263e+01
0:   615    4.690605e+05    0.992554    6.233501e+01
0:   616    4.778743e+05    1.018790    6.350630e+01
0:   617    4.634329e+05    0.969780    6.158714e+01
0:   618    4.656824e+05    1.004854    6.188608e+01
0:   619    4.574700e+05    0.982365    6.079471e+01
0:   620    4.663072e+05    1.019318    6.196911e+01
0:   621    4.658611e+05    0.999043    6.190982e+01
0:   622    4.569794e+05    0.980935    6.072951e+01
0:   623    4.499618e+05    0.984643    5.979691e+01
0:   624    4.336244e+05    0.963692    5.762579e+01
0:   625    4.346896e+05    1.002457    5.776735e+01
0:   626    4.279060e+05    0.984394    5.686585e+01
0:   627    4.327555e+05    1.011333    5.751031e+01
0:   628    4.271319e+05    0.987005    5.676297e+01
0:   629    4.208834e+05    0.985371    5.593259e+01
0:   630    4.248573e+05    1.009442    5.646070e+01
0:   631    4.300211e+05    1.012154    5.714694e+01
0:   632    4.444106e+05    1.033462    5.905921e+01
0:   633    4.567047e+05    1.027664    6.069301e+01
0:   634    4.587688e+05    1.004520    6.096731e+01
0:   635    4.642907e+05    1.012036    6.170114e+01
0:   636    4.657139e+05    1.003065    6.189027e+01
0:   637    4.743272e+05    1.018495    6.303492e+01
0:   638    4.863976e+05    1.025447    6.463900e+01
0:   639    4.814204e+05    0.989767    6.397756e+01
0:   640    4.874297e+05    1.012482    6.477616e+01
0:   641    4.769683e+05    0.978538    6.338590e+01
0:   642    4.780749e+05    1.002320    6.353296e+01
0:   643    4.868716e+05    1.018400    6.470199e+01
0:   644    4.942290e+05    1.015112    6.567974e+01
0:   645    5.137928e+05    1.039584    6.827963e+01
0:   646    5.211877e+05    1.014393    6.926237e+01
0:   647    5.239446e+05    1.005290    6.962874e+01
0:   648    5.367706e+05    1.024480    7.133323e+01
0:   649    5.524943e+05    1.029293    7.342280e+01
0:   650    5.674891e+05    1.027140    7.541551e+01
0:   651    5.903069e+05    1.040208    7.844785e+01
0:   652    5.858182e+05    0.992396    7.785133e+01
0:   653    5.871352e+05    1.002248    7.802634e+01
0:   654    5.877631e+05    1.001070    7.810979e+01
0:   655    5.797486e+05    0.986364    7.704471e+01
0:   656    5.893480e+05    1.016558    7.832042e+01
0:   657    5.931595e+05    1.006467    7.882693e+01
0:   658    5.881834e+05    0.991611    7.816565e+01
0:   659    5.876151e+05    0.999034    7.809013e+01
0:   660    5.809076e+05    0.988585    7.719874e+01
0:   661    5.711409e+05    0.983187    7.590081e+01
0:   662    5.863423e+05    1.026616    7.792098e+01
0:   663    5.930414e+05    1.011425    7.881124e+01
0:   664    5.992642e+05    1.010493    7.963821e+01
0:   665    6.090439e+05    1.016319    8.093786e+01
0:   666    6.039594e+05    0.991652    8.026217e+01
0:   667    5.959051e+05    0.986664    7.919180e+01
0:   668    5.996252e+05    1.006243    7.968618e+01
0:   669    6.000082e+05    1.000639    7.973709e+01
0:   670    5.949365e+05    0.991547    7.906309e+01
0:   671    5.999144e+05    1.008367    7.972462e+01
0:   672    5.831399e+05    0.972039    7.749541e+01
0:   673    5.607254e+05    0.961562    7.451667e+01
0:   674    5.490155e+05    0.979116    7.296049e+01
0:   675    5.380106e+05    0.979955    7.149802e+01
0:   676    5.275099e+05    0.980482    7.010254e+01
0:   677    5.299502e+05    1.004626    7.042684e+01
0:   678    5.259874e+05    0.992522    6.990021e+01
0:   679    5.120517e+05    0.973506    6.804825e+01
0:   680    5.079042e+05    0.991900    6.749708e+01
0:   681    5.056728e+05    0.995607    6.720054e+01
0:   682    4.991143e+05    0.987030    6.632896e+01
0:   683    5.020873e+05    1.005957    6.672406e+01
0:   684    5.097648e+05    1.015291    6.774434e+01
0:   685    5.046647e+05    0.989995    6.706657e+01
0:   686    4.999898e+05    0.990737    6.644531e+01
0:   687    4.981927e+05    0.996406    6.620648e+01
0:   688    4.856633e+05    0.974850    6.454141e+01
0:   689    4.692295e+05    0.966162    6.235747e+01
0:   690    4.666799e+05    0.994566    6.201865e+01
0:   691    4.653470e+05    0.997144    6.184150e+01
0:   692    4.575888e+05    0.983328    6.081049e+01
0:   693    4.507888e+05    0.985140    5.990683e+01
0:   694    4.419964e+05    0.980495    5.873837e+01
0:   695    4.287350e+05    0.969997    5.697602e+01
0:   696    4.222093e+05    0.984779    5.610880e+01
0:   697    4.275612e+05    1.012676    5.682003e+01
0:   698    4.308411e+05    1.007671    5.725591e+01
0:   699    4.352450e+05    1.010222    5.784115e+01
0:   700    4.431957e+05    1.018267    5.889775e+01
0:   701    4.468253e+05    1.008190    5.938010e+01
0:   702    4.435204e+05    0.992604    5.894090e+01
0:   703    4.439957e+05    1.001072    5.900406e+01
0:   704    4.501853e+05    1.013941    5.982662e+01
0:   705    4.544463e+05    1.009465    6.039288e+01
0:   706    4.583928e+05    1.008684    6.091734e+01
0:   707    4.615418e+05    1.006870    6.133583e+01
0:   708    4.669021e+05    1.011614    6.204817e+01
0:   709    4.637383e+05    0.993224    6.162772e+01
0:   710    4.530822e+05    0.977021    6.021160e+01
0:   711    4.543184e+05    1.002728    6.037588e+01
0:   712    4.578444e+05    1.007761    6.084446e+01
0:   713    4.541777e+05    0.991992    6.035719e+01
0:   714    4.615223e+05    1.016171    6.133323e+01
0:   715    4.752556e+05    1.029757    6.315830e+01
0:   716    4.778529e+05    1.005465    6.350345e+01
0:   717    4.803486e+05    1.005223    6.383512e+01
0:   718    4.804149e+05    1.000138    6.384393e+01
0:   719    4.912465e+05    1.022546    6.528338e+01
0:   720    5.000887e+05    1.018000    6.645845e+01
0:   721    5.041638e+05    1.008149    6.700000e+01
0:   722    5.287358e+05    1.048738    7.026546e+01
0:   723    5.427116e+05    1.026432    7.212275e+01
0:   724    5.551646e+05    1.022946    7.377766e+01
0:   725    5.539589e+05    0.997828    7.361744e+01
0:   726    5.609409e+05    1.012604    7.454530e+01
0:   727    5.676615e+05    1.011981    7.543843e+01
0:   728    5.620907e+05    0.990186    7.469810e+01
0:   729    5.659928e+05    1.006942    7.521666e+01
0:   730    5.727929e+05    1.012015    7.612036e+01
0:   731    5.868056e+05    1.024464    7.798254e+01
0:   732    5.816290e+05    0.991178    7.729461e+01
0:   733    5.789797e+05    0.995445    7.694254e+01
0:   734    5.755554e+05    0.994086    7.648747e+01
0:   735    5.770741e+05    1.002639    7.668929e+01
0:   736    5.687284e+05    0.985538    7.558020e+01
0:   737    5.709552e+05    1.003915    7.587613e+01
0:   738    5.820820e+05    1.019488    7.735482e+01
0:   739    6.013986e+05    1.033185    7.992185e+01
0:   740    6.055206e+05    1.006854    8.046964e+01
0:   741    6.098931e+05    1.007221    8.105072e+01
0:   742    6.142066e+05    1.007073    8.162395e+01
0:   743    6.235086e+05    1.015145    8.286012e+01
0:   744    6.197722e+05    0.994008    8.236359e+01
0:   745    6.188876e+05    0.998573    8.224603e+01
0:   746    6.220260e+05    1.005071    8.266310e+01
0:   747    6.357050e+05    1.021991    8.448094e+01
0:   748    6.355752e+05    0.999796    8.446369e+01
0:   749    6.320933e+05    0.994522    8.400098e+01
0:   750    6.221330e+05    0.984242    8.267733e+01
0:   751    6.231548e+05    1.001642    8.281311e+01
0:   752    6.076037e+05    0.975045    8.074648e+01
0:   753    5.944241e+05    0.978309    7.899500e+01
0:   754    5.752519e+05    0.967747    7.644714e+01
0:   755    5.777994e+05    1.004429    7.678568e+01
0:   756    5.713267e+05    0.988798    7.592550e+01
0:   757    5.722075e+05    1.001542    7.604255e+01
0:   758    5.595338e+05    0.977851    7.435831e+01
0:   759    5.626293e+05    1.005532    7.476968e+01
0:   760    5.602868e+05    0.995837    7.445838e+01
0:   761    5.583819e+05    0.996600    7.420523e+01
0:   762    5.417713e+05    0.970252    7.199779e+01
0:   763    5.377529e+05    0.992583    7.146377e+01
0:   764    5.423359e+05    1.008522    7.207281e+01
0:   765    5.456938e+05    1.006192    7.251906e+01
0:   766    5.501244e+05    1.008119    7.310786e+01
0:   767    5.472944e+05    0.994856    7.273178e+01
0:   768    5.517286e+05    1.008102    7.332104e+01
0:   769    5.471801e+05    0.991756    7.271658e+01
0:   770    5.424707e+05    0.991393    7.209074e+01
0:   771    5.206606e+05    0.959795    6.919232e+01
0:   772    5.099961e+05    0.979517    6.777508e+01
0:   773    5.040499e+05    0.988341    6.698487e+01
0:   774    5.013902e+05    0.994723    6.663141e+01
0:   775    4.985902e+05    0.994416    6.625931e+01
0:   776    4.847652e+05    0.972272    6.442206e+01
0:   777    4.852723e+05    1.001046    6.448945e+01
0:   778    4.763711e+05    0.981657    6.330653e+01
0:   779    4.718326e+05    0.990473    6.270340e+01
0:   780    4.583319e+05    0.971387    6.090924e+01
0:   781    4.476897e+05    0.976781    5.949497e+01
0:   782    4.441668e+05    0.992131    5.902680e+01
0:   783    4.413635e+05    0.993689    5.865427e+01
0:   784    4.502713e+05    1.020182    5.983805e+01
0:   785    4.452546e+05    0.988859    5.917137e+01
0:   786    4.472081e+05    1.004387    5.943097e+01
0:   787    4.507070e+05    1.007824    5.989595e+01
0:   788    4.551720e+05    1.009907    6.048932e+01
0:   789    4.596053e+05    1.009740    6.107847e+01
0:   790    4.497429e+05    0.978542    5.976783e+01
0:   791    4.481134e+05    0.996377    5.955127e+01
0:   792    4.492051e+05    1.002436    5.969636e+01
0:   793    4.511070e+05    1.004234    5.994911e+01
0:   794    4.572031e+05    1.013514    6.075924e+01
0:   795    4.536670e+05    0.992266    6.028932e+01
0:   796    4.550127e+05    1.002966    6.046815e+01
0:   797    4.602383e+05    1.011485    6.116260e+01
0:   798    4.611482e+05    1.001977    6.128352e+01
0:   799    4.640480e+05    1.006288    6.166889e+01
0:   800    4.533673e+05    0.976984    6.024949e+01
0:   801    4.457721e+05    0.983247    5.924013e+01
0:   802    4.445033e+05    0.997154    5.907151e+01
0:   803    4.400783e+05    0.990045    5.848346e+01
0:   804    4.456225e+05    1.012598    5.922025e+01
0:   805    4.448049e+05    0.998165    5.911160e+01
0:   806    4.439134e+05    0.997996    5.899313e+01
0:   807    4.534331e+05    1.021445    6.025823e+01
0:   808    4.583875e+05    1.010927    6.091664e+01
0:   809    4.672545e+05    1.019344    6.209500e+01
0:   810    4.713415e+05    1.008747    6.263814e+01
0:   811    4.649321e+05    0.986402    6.178637e+01
0:   812    4.686615e+05    1.008021    6.228199e+01
0:   813    4.767673e+05    1.017296    6.335919e+01
0:   814    4.853365e+05    1.017973    6.449798e+01
0:   815    4.989826e+05    1.028117    6.631145e+01
0:   816    5.044438e+05    1.010945    6.703721e+01
0:   817    5.116498e+05    1.014285    6.799484e+01
0:   818    5.314604e+05    1.038719    7.062754e+01
0:   819    5.431661e+05    1.022026    7.218315e+01
0:   820    5.493678e+05    1.011418    7.300732e+01
0:   821    5.517576e+05    1.004350    7.332491e+01
0:   822    5.425729e+05    0.983354    7.210432e+01
0:   823    5.430628e+05    1.000903    7.216942e+01
0:   824    5.487213e+05    1.010420    7.292139e+01
0:   825    5.483861e+05    0.999389    7.287685e+01
0:   826    5.529166e+05    1.008262    7.347893e+01
0:   827    5.549643e+05    1.003703    7.375105e+01
0:   828    5.497238e+05    0.990557    7.305463e+01
0:   829    5.595328e+05    1.017844    7.435818e+01
0:   830    5.699361e+05    1.018593    7.574070e+01
0:   831    5.703214e+05    1.000676    7.579191e+01
0:   832    5.706317e+05    1.000544    7.583314e+01
0:   833    5.666854e+05    0.993084    7.530870e+01
0:   834    5.579482e+05    0.984582    7.414760e+01
0:   835    5.619571e+05    1.007185    7.468034e+01
0:   836    5.739649e+05    1.021368    7.627610e+01
0:   837    5.781565e+05    1.007303    7.683314e+01
0:   838    5.878952e+05    1.016844    7.812735e+01
0:   839    5.916004e+05    1.006302    7.861974e+01
0:   840    6.017059e+05    1.017082    7.996270e+01
0:   841    6.211500e+05    1.032315    8.254669e+01
0:   842    6.369495e+05    1.025436    8.464634e+01
0:   843    6.363194e+05    0.999011    8.456260e+01
0:   844    6.384429e+05    1.003337    8.484480e+01
0:   845    6.363189e+05    0.996673    8.456253e+01
0:   846    6.289359e+05    0.988397    8.358138e+01
0:   847    6.372387e+05    1.013201    8.468477e+01
0:   848    6.431458e+05    1.009270    8.546979e+01
0:   849    6.414383e+05    0.997345    8.524287e+01
0:   850    6.412684e+05    0.999735    8.522028e+01
0:   851    6.443122e+05    1.004747    8.562479e+01
0:   852    6.414313e+05    0.995529    8.524194e+01
0:   853    6.438301e+05    1.003740    8.556073e+01
0:   854    6.459026e+05    1.003219    8.583614e+01
0:   855    6.433605e+05    0.996064    8.549831e+01
0:   856    6.294999e+05    0.978456    8.365633e+01
0:   857    6.150769e+05    0.977088    8.173961e+01
0:   858    6.084616e+05    0.989245    8.086048e+01
0:   859    5.954209e+05    0.978568    7.912747e+01
0:   860    5.938776e+05    0.997408    7.892237e+01
0:   861    6.012884e+05    1.012479    7.990722e+01
0:   862    5.914980e+05    0.983718    7.860613e+01
0:   863    5.872579e+05    0.992832    7.804266e+01
0:   864    5.896460e+05    1.004067    7.836002e+01
0:   865    5.906868e+05    1.001765    7.849834e+01
0:   866    5.959148e+05    1.008851    7.919310e+01
0:   867    5.970414e+05    1.001890    7.934282e+01
0:   868    6.016689e+05    1.007751    7.995778e+01
0:   869    5.862941e+05    0.974446    7.791457e+01
0:   870    5.801137e+05    0.989459    7.709324e+01
0:   871    5.833513e+05    1.005581    7.752350e+01
0:   872    5.811906e+05    0.996296    7.723636e+01
0:   873    5.819571e+05    1.001319    7.733821e+01
0:   874    5.811124e+05    0.998549    7.722595e+01
0:   875    5.835884e+05    1.004261    7.755501e+01
0:   876    5.728450e+05    0.981591    7.612728e+01
0:   877    5.750905e+05    1.003920    7.642569e+01
0:   878    5.800728e+05    1.008663    7.708780e+01
0:   879    5.812441e+05    1.002019    7.724346e+01
0:   880    5.734574e+05    0.986603    7.620867e+01
0:   881    5.683923e+05    0.991167    7.553554e+01
0:   882    5.570988e+05    0.980131    7.403471e+01
0:   883    5.398656e+05    0.969066    7.174453e+01
0:   884    5.271134e+05    0.976379    7.004986e+01
0:   885    5.249318e+05    0.995861    6.975993e+01
0:   886    5.181539e+05    0.987088    6.885919e+01
0:   887    5.094710e+05    0.983243    6.770529e+01
0:   888    5.026118e+05    0.986537    6.679375e+01
0:   889    5.010403e+05    0.996873    6.658492e+01
0:   890    4.935161e+05    0.984983    6.558499e+01
0:   891    4.915206e+05    0.995957    6.531980e+01
0:   892    4.943465e+05    1.005749    6.569535e+01
0:   893    4.968871e+05    1.005139    6.603298e+01
0:   894    4.851227e+05    0.976324    6.446957e+01
0:   895    4.746487e+05    0.978410    6.307765e+01
0:   896    4.663842e+05    0.982588    6.197935e+01
0:   897    4.614822e+05    0.989489    6.132790e+01
0:   898    4.542286e+05    0.984282    6.036395e+01
0:   899    4.561280e+05    1.004182    6.061637e+01
0:   900    4.606518e+05    1.009918    6.121755e+01
0:   901    4.628522e+05    1.004777    6.150997e+01
0:   902    4.600149e+05    0.993870    6.113291e+01
0:   903    4.631540e+05    1.006824    6.155008e+01
0:   904    4.681490e+05    1.010785    6.221387e+01
0:   905    4.714504e+05    1.007052    6.265260e+01
0:   906    4.720018e+05    1.001170    6.272589e+01
0:   907    4.760804e+05    1.008641    6.326791e+01
0:   908    4.766180e+05    1.001129    6.333935e+01
0:   909    4.708447e+05    0.987887    6.257212e+01
0:   910    4.581872e+05    0.973117    6.089002e+01
0:   911    4.585445e+05    1.000780    6.093751e+01
0:   912    4.568425e+05    0.996288    6.071132e+01
0:   913    4.594316e+05    1.005667    6.105539e+01
0:   914    4.571149e+05    0.994957    6.074752e+01
0:   915    4.642108e+05    1.015523    6.169051e+01
0:   916    4.622149e+05    0.995701    6.142528e+01
0:   917    4.590342e+05    0.993119    6.100258e+01
0:   918    4.500182e+05    0.980359    5.980442e+01
0:   919    4.512121e+05    1.002653    5.996308e+01
0:   920    4.573963e+05    1.013706    6.078491e+01
0:   921    4.522451e+05    0.988738    6.010035e+01
0:   922    4.498040e+05    0.994602    5.977595e+01
0:   923    4.437908e+05    0.986632    5.897684e+01
0:   924    4.418656e+05    0.995662    5.872099e+01
0:   925    4.308466e+05    0.975062    5.725664e+01
0:   926    4.289771e+05    0.995661    5.700820e+01
0:   927    4.302705e+05    1.003015    5.718007e+01
0:   928    4.384979e+05    1.019122    5.827344e+01
0:   929    4.451958e+05    1.015275    5.916355e+01
0:   930    4.423135e+05    0.993526    5.878051e+01
0:   931    4.469297e+05    1.010437    5.939398e+01
0:   932    4.518933e+05    1.011106    6.005360e+01
0:   933    4.582557e+05    1.014080    6.089913e+01
0:   934    4.614182e+05    1.006901    6.131940e+01
0:   935    4.710373e+05    1.020847    6.259771e+01
0:   936    4.835714e+05    1.026610    6.426341e+01
0:   937    4.888484e+05    1.010913    6.496469e+01
0:   938    4.903711e+05    1.003115    6.516705e+01
0:   939    4.864958e+05    0.992097    6.465204e+01
0:   940    4.905818e+05    1.008399    6.519504e+01
0:   941    4.980992e+05    1.015323    6.619405e+01
0:   942    5.024167e+05    1.008668    6.676783e+01
0:   943    5.089682e+05    1.013040    6.763848e+01
0:   944    5.126434e+05    1.007221    6.812689e+01
0:   945    5.246977e+05    1.023514    6.972882e+01
0:   946    5.279170e+05    1.006136    7.015665e+01
0:   947    5.248089e+05    0.994112    6.974360e+01
0:   948    5.331569e+05    1.015907    7.085299e+01
0:   949    5.357867e+05    1.004933    7.120247e+01
0:   950    5.462836e+05    1.019592    7.259744e+01
0:   951    5.467436e+05    1.000842    7.265858e+01
0:   952    5.431911e+05    0.993502    7.218647e+01
0:   953    5.452607e+05    1.003810    7.246151e+01
0:   954    5.403343e+05    0.990965    7.180682e+01
0:   955    5.404953e+05    1.000298    7.182822e+01
0:   956    5.317534e+05    0.983826    7.066648e+01
0:   957    5.248595e+05    0.987035    6.975032e+01
0:   958    5.312843e+05    1.012241    7.060413e+01
0:   959    5.385295e+05    1.013637    7.156698e+01
0:   960    5.418488e+05    1.006164    7.200808e+01
0:   961    5.457808e+05    1.007257    7.253062e+01
0:   962    5.518186e+05    1.011063    7.333300e+01
0:   963    5.633456e+05    1.020889    7.486487e+01
0:   964    5.648409e+05    1.002654    7.506359e+01
0:   965    5.598057e+05    0.991086    7.439444e+01
0:   966    5.699002e+05    1.018032    7.573593e+01
0:   967    5.771160e+05    1.012662    7.669486e+01
0:   968    5.888717e+05    1.020370    7.825712e+01
0:   969    5.922872e+05    1.005800    7.871101e+01
0:   970    5.864335e+05    0.990117    7.793309e+01
0:   971    5.913917e+05    1.008455    7.859200e+01
0:   972    5.896574e+05    0.997067    7.836153e+01
0:   973    5.877111e+05    0.996699    7.810288e+01
0:   974    5.957425e+05    1.013666    7.917020e+01
0:   975    6.053875e+05    1.016190    8.045196e+01
0:   976    6.176401e+05    1.020239    8.208024e+01
0:   977    6.374103e+05    1.032009    8.470758e+01
0:   978    6.465765e+05    1.014380    8.592570e+01
0:   979    6.514344e+05    1.007513    8.657128e+01
0:   980    6.471663e+05    0.993448    8.600409e+01
0:   981    6.440513e+05    0.995187    8.559011e+01
0:   982    6.579883e+05    1.021640    8.744225e+01
0:   983    6.629431e+05    1.007530    8.810071e+01
0:   984    6.605779e+05    0.996432    8.778639e+01
0:   985    6.641477e+05    1.005404    8.826079e+01
0:   986    6.622836e+05    0.997193    8.801306e+01
0:   987    6.579660e+05    0.993481    8.743929e+01
0:   988    6.587736e+05    1.001227    8.754661e+01
0:   989    6.376233e+05    0.967895    8.473588e+01
0:   990    6.275329e+05    0.984175    8.339493e+01
0:   991    6.379759e+05    1.016641    8.478274e+01
0:   992    6.435356e+05    1.008715    8.552158e+01
0:   993    6.466354e+05    1.004817    8.593353e+01
0:   994    6.491858e+05    1.003944    8.627246e+01
0:   995    6.420613e+05    0.989026    8.532566e+01
0:   996    6.418824e+05    0.999721    8.530188e+01
0:   997    6.484536e+05    1.010237    8.617516e+01
0:   998    6.337028e+05    0.977252    8.421487e+01
0:   999    6.302938e+05    0.994621    8.376183e+01
0:  1000    6.301739e+05    0.999810    8.374591e+01
0: 
0: 
0: =============================================
0: Solve phase times:
0: =============================================
0: PCG Solve:
0:   wall clock time = 2.531303 seconds
0:   wall MFLOPS     = 0.000000
0:   cpu clock time  = 2.531256 seconds
0:   cpu MFLOPS      = 0.000000
0: 
0: 
0: Iterations = 1000
0: Final Relative Residual Norm = 8.374591e+01
0: 
