0: Running baseline test
0: 16 Processes Per GPU, 4 GPUs Per Node
0: Global matrix size: 96 x 96 x 96
0: 5pt 2D Laplacian
0: =============================================
0: Hypre init times:
0: =============================================
0: Hypre init:
0:   wall clock time = 0.000002 seconds
0:   wall MFLOPS     = 0.000000
0:   cpu clock time  = 0.000002 seconds
0:   cpu MFLOPS      = 0.000000
0: 
0: 
0: Using HYPRE_DEVELOP_STRING: v3.1.0-1-g5f6c9306d (branch v3.1.0_thrusthipbugfix; not the develop branch)
0: 
0: Running with these driver parameters:
0:   solver ID    = 2
0: 
0:   Laplacian:   num_fun = 1
0:     (nx, ny, nz) = (96, 96, 96)
0:     (Px, Py, Pz) = (4, 4, 4)
0:     (cx, cy, cz) = (1.000000, 1.000000, 1.000000)
0: 
0: =============================================
0: Generate Matrix:
0: =============================================
0: Spatial Operator:
0:   wall clock time = 0.006732 seconds
0:   wall MFLOPS     = 0.000000
0:   cpu clock time  = 0.005151 seconds
0:   cpu MFLOPS      = 0.000000
0: 
0:   Number of vector components: 1
0:   RHS vector has unit coefficients
0:   Initial guess is 0
0: =============================================
0: IJ Vector Setup:
0: =============================================
0: RHS and Initial Guess:
0:   wall clock time = 0.001928 seconds
0:   wall MFLOPS     = 0.000000
0:   cpu clock time  = 0.001928 seconds
0:   cpu MFLOPS      = 0.000000
0: 
0: Solver: DS-PCG
0: HYPRE_ParCSRPCGGetPrecond got good precond
0: =============================================
0: Setup phase times:
0: =============================================
0: PCG Setup:
0:   wall clock time = 0.003786 seconds
0:   wall MFLOPS     = 0.000000
0:   cpu clock time  = 0.002792 seconds
0:   cpu MFLOPS      = 0.000000
0: 
0: <b,b>: 8.847360e+05
0: 
0: 
0: Iters       ||r||_2     conv.rate  ||r||_2/||b||_2
0: -----    ------------   ---------  ------------ 
0:     1    3.723018e+03    3.958114    3.958114e+00
0:     2    3.641891e+03    0.978209    3.871864e+00
0:     3    3.850311e+03    1.057229    4.093446e+00
0:     4    4.117955e+03    1.069512    4.377990e+00
0:     5    3.840020e+03    0.932507    4.082505e+00
0:     6    4.202759e+03    1.094463    4.468149e+00
0:     7    4.062311e+03    0.966582    4.318832e+00
0:     8    3.900032e+03    0.960052    4.146305e+00
0:     9    3.956381e+03    1.014449    4.206213e+00
0:    10    3.760834e+03    0.950574    3.998317e+00
0:    11    3.759891e+03    0.999749    3.997315e+00
0:    12    3.638539e+03    0.967725    3.868301e+00
0:    13    3.562712e+03    0.979160    3.787685e+00
0:    14    3.501465e+03    0.982809    3.722571e+00
0:    15    3.386752e+03    0.967238    3.600614e+00
0:    16    3.348733e+03    0.988774    3.560194e+00
0:    17    3.236154e+03    0.966382    3.440506e+00
0:    18    3.176363e+03    0.981524    3.376939e+00
0:    19    3.102997e+03    0.976903    3.298941e+00
0:    20    3.007710e+03    0.969292    3.197636e+00
0:    21    2.962668e+03    0.985025    3.149751e+00
0:    22    2.862976e+03    0.966350    3.043763e+00
0:    23    2.804851e+03    0.979698    2.981968e+00
0:    24    2.736113e+03    0.975493    2.908890e+00
0:    25    2.650082e+03    0.968557    2.817425e+00
0:    26    2.603367e+03    0.982372    2.767761e+00
0:    27    2.516159e+03    0.966502    2.675046e+00
0:    28    2.457878e+03    0.976837    2.613085e+00
0:    29    2.395995e+03    0.974823    2.547294e+00
0:    30    2.317234e+03    0.967128    2.463559e+00
0:    31    2.270327e+03    0.979757    2.413690e+00
0:    32    2.194172e+03    0.966456    2.332726e+00
0:    33    2.136390e+03    0.973666    2.271295e+00
0:    34    2.080745e+03    0.973954    2.212137e+00
0:    35    2.008841e+03    0.965443    2.135692e+00
0:    36    1.962398e+03    0.976881    2.086316e+00
0:    37    1.895738e+03    0.966032    2.015448e+00
0:    38    1.839469e+03    0.970318    1.955626e+00
0:    39    1.788997e+03    0.972561    1.901966e+00
0:    40    1.723750e+03    0.963529    1.832599e+00
0:    41    1.678226e+03    0.973590    1.784200e+00
0:    42    1.619604e+03    0.965069    1.721877e+00
0:    43    1.565728e+03    0.966735    1.664598e+00
0:    44    1.519459e+03    0.970449    1.615407e+00
0:    45    1.460584e+03    0.961253    1.552815e+00
0:    46    1.416369e+03    0.969728    1.505808e+00
0:    47    1.364481e+03    0.963365    1.450643e+00
0:    48    1.313633e+03    0.962735    1.396585e+00
0:    49    1.270804e+03    0.967396    1.351051e+00
0:    50    1.217883e+03    0.958356    1.294788e+00
0:    51    1.175321e+03    0.965052    1.249538e+00
0:    52    1.129019e+03    0.960605    1.200313e+00
0:    53    1.081589e+03    0.957990    1.149887e+00
0:    54    1.041630e+03    0.963055    1.107405e+00
0:    55    9.941272e+02    0.954396    1.056903e+00
0:    56    9.534946e+02    0.959127    1.013704e+00
0:    57    9.117820e+02    0.956253    9.693580e-01
0:    58    8.679254e+02    0.951900    9.227319e-01
0:    59    8.304142e+02    0.956781    8.828520e-01
0:    60    7.877059e+02    0.948570    8.374469e-01
0:    61    7.491893e+02    0.951103    7.964981e-01
0:    62    7.111947e+02    0.949286    7.561043e-01
0:    63    6.708568e+02    0.943281    7.132191e-01
0:    64    6.354607e+02    0.947238    6.755879e-01
0:    65    5.968542e+02    0.939246    6.345435e-01
0:    66    5.605192e+02    0.939123    5.959141e-01
0:    67    5.254647e+02    0.937461    5.586460e-01
0:    68    4.883924e+02    0.929449    5.192327e-01
0:    69    4.548054e+02    0.931229    4.835248e-01
0:    70    4.195419e+02    0.922465    4.460345e-01
0:    71    3.852971e+02    0.918376    4.096273e-01
0:    72    3.524487e+02    0.914745    3.747047e-01
0:    73    3.181953e+02    0.902813    3.382882e-01
0:    74    2.861010e+02    0.899137    3.041673e-01
0:    75    2.534734e+02    0.885958    2.694794e-01
0:    76    2.214581e+02    0.873694    2.354424e-01
0:    77    1.912494e+02    0.863592    2.033261e-01
0:    78    1.619715e+02    0.846913    1.721995e-01
0:    79    1.368364e+02    0.844818    1.454772e-01
0:    80    1.168025e+02    0.853592    1.241782e-01
0:    81    1.041557e+02    0.891724    1.107328e-01
0:    82    1.015523e+02    0.975005    1.079650e-01
0:    83    1.092698e+02    1.075995    1.161698e-01
0:    84    1.262941e+02    1.155801    1.342691e-01
0:    85    1.421451e+02    1.125509    1.511211e-01
0:    86    1.383626e+02    0.973390    1.470997e-01
0:    87    1.136785e+02    0.821599    1.208570e-01
0:    88    8.699725e+01    0.765292    9.249083e-02
0:    89    7.384927e+01    0.848869    7.851260e-02
0:    90    7.537364e+01    1.020642    8.013323e-02
0:    91    8.200584e+01    1.087991    8.718423e-02
0:    92    7.784905e+01    0.949311    8.276496e-02
0:    93    6.277667e+01    0.806390    6.674080e-02
0:    94    5.300370e+01    0.844322    5.635071e-02
0:    95    5.342317e+01    1.007914    5.679666e-02
0:    96    5.543379e+01    1.037636    5.893425e-02
0:    97    4.887694e+01    0.881717    5.196335e-02
0:    98    4.008458e+01    0.820112    4.261579e-02
0:    99    3.784648e+01    0.944166    4.023636e-02
0:   100    3.922555e+01    1.036438    4.170251e-02
0:   101    3.543754e+01    0.903430    3.767530e-02
0:   102    2.946910e+01    0.831579    3.132997e-02
0:   103    2.791008e+01    0.947097    2.967251e-02
0:   104    2.839310e+01    1.017306    3.018603e-02
0:   105    2.531330e+01    0.891530    2.691175e-02
0:   106    2.159785e+01    0.853221    2.296168e-02
0:   107    2.123016e+01    0.982976    2.257077e-02
0:   108    2.104353e+01    0.991209    2.237236e-02
0:   109    1.817917e+01    0.863884    1.932712e-02
0:   110    1.649739e+01    0.907489    1.753914e-02
0:   111    1.672800e+01    1.013979    1.778432e-02
0:   112    1.553065e+01    0.928422    1.651136e-02
0:   113    1.346790e+01    0.867182    1.431835e-02
0:   114    1.303186e+01    0.967624    1.385477e-02
0:   115    1.263797e+01    0.969775    1.343601e-02
0:   116    1.078572e+01    0.853438    1.146680e-02
0:   117    9.706716e+00    0.899960    1.031966e-02
0:   118    9.438121e+00    0.972329    1.003411e-02
0:   119    8.296925e+00    0.879087    8.820847e-03
0:   120    7.318309e+00    0.882051    7.780435e-03
0:   121    7.130021e+00    0.974272    7.580257e-03
0:   122    6.451818e+00    0.904881    6.859228e-03
0:   123    5.545496e+00    0.859525    5.895675e-03
0:   124    5.274430e+00    0.951120    5.607493e-03
0:   125    4.892329e+00    0.927556    5.201263e-03
0:   126    4.172311e+00    0.852827    4.435778e-03
0:   127    3.871299e+00    0.927855    4.115759e-03
0:   128    3.627201e+00    0.936947    3.856246e-03
0:   129    3.091729e+00    0.852373    3.286961e-03
0:   130    2.811418e+00    0.909335    2.988950e-03
0:   131    2.631175e+00    0.935889    2.797324e-03
0:   132    2.250309e+00    0.855249    2.392409e-03
0:   133    2.008369e+00    0.892486    2.135191e-03
0:   134    1.869640e+00    0.930924    1.987701e-03
0:   135    1.602831e+00    0.857294    1.704044e-03
0:   136    1.403128e+00    0.875406    1.491730e-03
0:   137    1.304537e+00    0.929735    1.386914e-03
0:   138    1.107799e+00    0.849189    1.177752e-03
0:   139    9.614465e-01    0.867889    1.022159e-03
0:   140    8.892647e-01    0.924924    9.454188e-04
0:   141    7.423403e-01    0.834780    7.892165e-04
0:   142    6.509970e-01    0.876952    6.921052e-04
0:   143    5.848435e-01    0.898381    6.217744e-04
0:   144    4.942046e-01    0.845020    5.254119e-04
0:   145    4.282612e-01    0.866567    4.553044e-04
0:   146    3.765543e-01    0.879263    4.003324e-04
0:   147    3.220319e-01    0.855207    3.423671e-04
0:   148    2.716921e-01    0.843681    2.888485e-04
0:   149    2.480602e-01    0.913020    2.637244e-04
0:   150    2.054361e-01    0.828170    2.184087e-04
0:   151    1.800065e-01    0.876216    1.913733e-04
0:   152    1.634801e-01    0.908190    1.738033e-04
0:   153    1.381270e-01    0.844916    1.468492e-04
0:   154    1.255065e-01    0.908631    1.334318e-04
0:   155    1.143597e-01    0.911186    1.215811e-04
0:   156    1.007549e-01    0.881035    1.071172e-04
0:   157    9.256873e-02    0.918752    9.841413e-05
0:   158    8.584936e-02    0.927412    9.127045e-05
0:   159    7.480893e-02    0.871398    7.953286e-05
0:   160    6.890598e-02    0.921093    7.325716e-05
0:   161    6.054383e-02    0.878644    6.436697e-05
0:   162    5.189863e-02    0.857208    5.517585e-05
0:   163    4.531257e-02    0.873098    4.817391e-05
0:   164    3.964877e-02    0.875006    4.215246e-05
0:   165    3.374020e-02    0.850977    3.587078e-05
0:   166    3.172173e-02    0.940176    3.372485e-05
0:   167    2.932665e-02    0.924497    3.117853e-05
0:   168    2.791712e-02    0.951937    2.967999e-05
0:   169    2.743557e-02    0.982751    2.916803e-05
0:   170    2.520424e-02    0.918670    2.679580e-05
0:   171    2.206489e-02    0.875443    2.345821e-05
0:   172    1.956405e-02    0.886660    2.079945e-05
0:   173    1.604216e-02    0.819982    1.705517e-05
0:   174    1.429091e-02    0.890834    1.519333e-05
0:   175    1.314863e-02    0.920070    1.397892e-05
0:   176    1.178478e-02    0.896275    1.252895e-05
0:   177    1.074748e-02    0.911980    1.142615e-05
0:   178    9.211241e-03    0.857060    9.792899e-06
0:   179    7.596846e-03    0.824736    8.076560e-06
0:   180    6.804212e-03    0.895663    7.233875e-06
0:   181    6.164117e-03    0.905927    6.553360e-06
0:   182    5.639285e-03    0.914857    5.995387e-06
0:   183    5.114460e-03    0.906934    5.437421e-06
0:   184    4.186313e-03    0.818525    4.450665e-06
0:   185    3.503492e-03    0.836892    3.724725e-06
0:   186    3.054174e-03    0.871752    3.247035e-06
0:   187    2.661778e-03    0.871521    2.829860e-06
0:   188    2.311129e-03    0.868265    2.457069e-06
0:   189    1.982597e-03    0.857848    2.107792e-06
0:   190    1.663301e-03    0.838951    1.768333e-06
0:   191    1.521984e-03    0.915038    1.618092e-06
0:   192    1.353868e-03    0.889542    1.439360e-06
0:   193    1.135713e-03    0.838866    1.207430e-06
0:   194    9.593705e-04    0.844729    1.019951e-06
0:   195    8.212222e-04    0.856001    8.730796e-07
0:   196    7.264694e-04    0.884620    7.723435e-07
0:   197    6.368678e-04    0.876662    6.770838e-07
0:   198    5.144554e-04    0.807790    5.469415e-07
0:   199    4.297288e-04    0.835308    4.568647e-07
0:   200    3.882987e-04    0.903590    4.128184e-07
0:   201    3.343595e-04    0.861088    3.554732e-07
0:   202    2.888591e-04    0.863918    3.070995e-07
0:   203    2.429347e-04    0.841015    2.582752e-07
0:   204    2.111054e-04    0.868980    2.244359e-07
0:   205    1.901994e-04    0.900969    2.022098e-07
0:   206    1.589140e-04    0.835513    1.689489e-07
0:   207    1.352660e-04    0.851190    1.438076e-07
0:   208    1.240352e-04    0.916972    1.318676e-07
0:   209    1.105310e-04    0.891126    1.175107e-07
0:   210    9.713351e-05    0.878790    1.032672e-07
0:   211    8.715176e-05    0.897237    9.265509e-08
0:   212    7.993466e-05    0.917189    8.498226e-08
0:   213    7.717406e-05    0.965464    8.204734e-08
0:   214    7.033081e-05    0.911327    7.477196e-08
0:   215    6.604777e-05    0.939102    7.021846e-08
0:   216    6.551493e-05    0.991932    6.965197e-08
0:   217    6.124072e-05    0.934760    6.510786e-08
0:   218    5.782964e-05    0.944301    6.148139e-08
0:   219    5.571427e-05    0.963421    5.923244e-08
0:   220    5.259530e-05    0.944018    5.591651e-08
0:   221    4.861783e-05    0.924376    5.168788e-08
0:   222    4.461840e-05    0.917737    4.743590e-08
0:   223    4.142215e-05    0.928365    4.403782e-08
0:   224    3.821546e-05    0.922585    4.062863e-08
0:   225    3.370880e-05    0.882072    3.583739e-08
0:   226    3.115843e-05    0.924341    3.312597e-08
0:   227    2.952636e-05    0.947620    3.139085e-08
0:   228    2.640798e-05    0.894387    2.807556e-08
0:   229    2.489593e-05    0.942743    2.646802e-08
0:   230    2.393949e-05    0.961583    2.545119e-08
0:   231    2.226583e-05    0.930088    2.367184e-08
0:   232    2.062146e-05    0.926148    2.192363e-08
0:   233    1.910434e-05    0.926430    2.031071e-08
0:   234    1.757017e-05    0.919695    1.867967e-08
0:   235    1.544162e-05    0.878854    1.641670e-08
0:   236    1.347399e-05    0.872577    1.432483e-08
0:   237    1.190909e-05    0.883858    1.266111e-08
0:   238    9.954483e-06    0.835872    1.058307e-08
0:   239    8.080462e-06    0.811741    8.590716e-09
0: 
0: 
0: =============================================
0: Solve phase times:
0: =============================================
0: PCG Solve:
0:   wall clock time = 0.049953 seconds
0:   wall MFLOPS     = 0.000000
0:   cpu clock time  = 0.049953 seconds
0:   cpu MFLOPS      = 0.000000
0: 
0: 
0: Iterations = 239
0: Final Relative Residual Norm = 8.590716e-09
0: 
0: 27pt 3D Laplacian
0: =============================================
0: Hypre init times:
0: =============================================
0: Hypre init:
0:   wall clock time = 0.000002 seconds
0:   wall MFLOPS     = 0.000000
0:   cpu clock time  = 0.000002 seconds
0:   cpu MFLOPS      = 0.000000
0: 
0: 
0: Using HYPRE_DEVELOP_STRING: v3.1.0-1-g5f6c9306d (branch v3.1.0_thrusthipbugfix; not the develop branch)
0: 
0: Running with these driver parameters:
0:   solver ID    = 2
0: 
0:   Laplacian_27pt:
0:     (nx, ny, nz) = (96, 96, 96)
0:     (Px, Py, Pz) = (4, 4, 4)
0: 
0: =============================================
0: Generate Matrix:
0: =============================================
0: Spatial Operator:
0:   wall clock time = 0.004678 seconds
0:   wall MFLOPS     = 0.000000
0:   cpu clock time  = 0.004678 seconds
0:   cpu MFLOPS      = 0.000000
0: 
0:   Number of vector components: 1
0:   RHS vector has unit coefficients
0:   Initial guess is 0
0: =============================================
0: IJ Vector Setup:
0: =============================================
0: RHS and Initial Guess:
0:   wall clock time = 0.000574 seconds
0:   wall MFLOPS     = 0.000000
0:   cpu clock time  = 0.000574 seconds
0:   cpu MFLOPS      = 0.000000
0: 
0: Solver: DS-PCG
0: HYPRE_ParCSRPCGGetPrecond got good precond
0: =============================================
0: Setup phase times:
0: =============================================
0: PCG Setup:
0:   wall clock time = 0.000291 seconds
0:   wall MFLOPS     = 0.000000
0:   cpu clock time  = 0.000288 seconds
0:   cpu MFLOPS      = 0.000000
0: 
0: <b,b>: 8.847360e+05
0: 
0: 
0: Iters       ||r||_2     conv.rate  ||r||_2/||b||_2
0: -----    ------------   ---------  ------------ 
0:     1    3.701354e+03    3.935081    3.935081e+00
0:     2    3.570001e+03    0.964512    3.795434e+00
0:     3    3.443303e+03    0.964510    3.660736e+00
0:     4    3.317570e+03    0.963485    3.527064e+00
0:     5    3.194249e+03    0.962828    3.395955e+00
0:     6    3.074922e+03    0.962643    3.269093e+00
0:     7    2.958088e+03    0.962004    3.144881e+00
0:     8    2.843652e+03    0.961314    3.023219e+00
0:     9    2.732583e+03    0.960941    2.905137e+00
0:    10    2.624119e+03    0.960307    2.789823e+00
0:    11    2.518041e+03    0.959576    2.677046e+00
0:    12    2.414973e+03    0.959068    2.567470e+00
0:    13    2.314443e+03    0.958372    2.460592e+00
0:    14    2.216246e+03    0.957572    2.356195e+00
0:    15    2.120803e+03    0.956935    2.254725e+00
0:    16    2.027790e+03    0.956142    2.155838e+00
0:    17    1.937030e+03    0.955242    2.059347e+00
0:    18    1.848814e+03    0.954458    1.965560e+00
0:    19    1.762905e+03    0.953533    1.874226e+00
0:    20    1.679154e+03    0.952493    1.785187e+00
0:    21    1.597764e+03    0.951529    1.698657e+00
0:    22    1.518553e+03    0.950424    1.614444e+00
0:    23    1.441393e+03    0.949189    1.532412e+00
0:    24    1.366426e+03    0.947990    1.452711e+00
0:    25    1.293506e+03    0.946635    1.375187e+00
0:    26    1.222524e+03    0.945124    1.299723e+00
0:    27    1.153574e+03    0.943600    1.226418e+00
0:    28    1.086535e+03    0.941886    1.155146e+00
0:    29    1.021312e+03    0.939972    1.085805e+00
0:    30    9.579621e+02    0.937972    1.018454e+00
0:    31    8.963828e+02    0.935718    9.529863e-01
0:    32    8.364874e+02    0.933181    8.893087e-01
0:    33    7.783034e+02    0.930442    8.274506e-01
0:    34    7.217395e+02    0.927324    7.673149e-01
0:    35    6.667142e+02    0.923760    7.088149e-01
0:    36    6.132289e+02    0.919778    6.519522e-01
0:    37    5.611973e+02    0.915151    5.966350e-01
0:    38    5.105381e+02    0.909730    5.427769e-01
0:    39    4.612276e+02    0.903415    4.903526e-01
0:    40    4.131773e+02    0.895821    4.392680e-01
0:    41    3.662989e+02    0.886542    3.894294e-01
0:    42    3.205389e+02    0.875075    3.407798e-01
0:    43    2.757942e+02    0.860408    2.932097e-01
0:    44    2.319532e+02    0.841037    2.466002e-01
0:    45    1.889093e+02    0.814429    2.008383e-01
0:    46    1.464937e+02    0.775471    1.557443e-01
0:    47    1.044472e+02    0.712981    1.110427e-01
0:    48    6.215837e+01    0.595118    6.608346e-02
0:    49    1.233009e+02    1.983657    1.310869e-01
0:    50    9.213651e+01    0.747249    9.795462e-02
0:    51    7.842666e+01    0.851201    8.337904e-02
0:    52    7.144074e+01    0.910924    7.595198e-02
0:    53    6.235456e+01    0.872815    6.629203e-02
0:    54    5.388969e+01    0.864246    5.729264e-02
0:    55    4.807195e+01    0.892044    5.110753e-02
0:    56    4.194275e+01    0.872499    4.459129e-02
0:    57    3.622362e+01    0.863644    3.851102e-02
0:    58    3.193010e+01    0.881472    3.394637e-02
0:    59    2.777694e+01    0.869930    2.953096e-02
0:    60    2.401155e+01    0.864442    2.552780e-02
0:    61    2.112468e+01    0.879771    2.245863e-02
0:    62    1.847707e+01    0.874668    1.964384e-02
0:    63    1.614702e+01    0.873895    1.716665e-02
0:    64    1.436208e+01    0.889457    1.526900e-02
0:    65    1.274420e+01    0.887350    1.354895e-02
0:    66    1.126961e+01    0.884293    1.198125e-02
0:    67    1.000309e+01    0.887616    1.063475e-02
0:    68    8.694590e+00    0.869191    9.243623e-03
0:    69    7.379437e+00    0.848739    7.845423e-03
0:    70    6.259166e+00    0.848190    6.654411e-03
0:    71    5.333827e+00    0.852162    5.670639e-03
0:    72    4.563111e+00    0.855504    4.851256e-03
0:    73    3.881491e+00    0.850624    4.126594e-03
0:    74    3.254565e+00    0.838483    3.460080e-03
0:    75    2.731102e+00    0.839160    2.903562e-03
0:    76    2.286322e+00    0.837143    2.430696e-03
0:    77    1.889509e+00    0.826440    2.008825e-03
0:    78    1.556061e+00    0.823526    1.654321e-03
0:    79    1.272499e+00    0.817770    1.352853e-03
0:    80    1.032936e+00    0.811738    1.098163e-03
0:    81    8.289271e-01    0.802496    8.812710e-04
0:    82    6.616390e-01    0.798187    7.034192e-04
0:    83    5.246032e-01    0.792884    5.577301e-04
0:    84    4.097065e-01    0.780984    4.355781e-04
0:    85    3.207070e-01    0.782773    3.409586e-04
0:    86    2.489495e-01    0.776252    2.646698e-04
0:    87    1.932783e-01    0.776376    2.054832e-04
0:    88    1.516793e-01    0.784772    1.612574e-04
0:    89    1.214793e-01    0.800896    1.291503e-04
0:    90    9.943244e-02    0.818513    1.057113e-04
0:    91    8.431442e-02    0.847957    8.963858e-05
0:    92    7.236640e-02    0.858292    7.693609e-05
0:    93    6.053598e-02    0.836521    6.435862e-05
0:    94    4.740155e-02    0.783031    5.039480e-05
0:    95    3.459654e-02    0.729861    3.678119e-05
0:    96    2.740358e-02    0.792090    2.913403e-05
0:    97    2.726516e-02    0.994949    2.898686e-05
0:    98    2.235082e-02    0.819757    2.376219e-05
0:    99    1.913161e-02    0.855969    2.033971e-05
0:   100    1.609337e-02    0.841193    1.710962e-05
0:   101    1.324929e-02    0.823276    1.408593e-05
0:   102    1.069027e-02    0.806856    1.136533e-05
0:   103    8.523039e-03    0.797270    9.061240e-06
0:   104    6.804015e-03    0.798309    7.233666e-06
0:   105    5.502513e-03    0.808716    5.849978e-06
0:   106    4.492492e-03    0.816444    4.776178e-06
0:   107    3.594318e-03    0.800072    3.821287e-06
0:   108    2.774635e-03    0.771950    2.949844e-06
0:   109    2.093708e-03    0.754588    2.225918e-06
0:   110    1.619495e-03    0.773506    1.721760e-06
0:   111    1.291538e-03    0.797495    1.373095e-06
0:   112    1.013242e-03    0.784523    1.077225e-06
0:   113    7.756115e-04    0.765475    8.245887e-07
0:   114    5.972866e-04    0.770085    6.350032e-07
0:   115    4.543109e-04    0.760625    4.829991e-07
0:   116    3.407619e-04    0.750063    3.622798e-07
0:   117    2.650565e-04    0.777835    2.817939e-07
0:   118    2.064989e-04    0.779075    2.195387e-07
0:   119    1.584029e-04    0.767088    1.684055e-07
0:   120    1.234064e-04    0.779067    1.311991e-07
0:   121    9.832153e-05    0.796730    1.045302e-07
0:   122    8.105393e-05    0.824376    8.617220e-08
0:   123    6.772849e-05    0.835598    7.200532e-08
0:   124    5.956469e-05    0.879463    6.332600e-08
0:   125    5.395381e-05    0.905802    5.736081e-08
0:   126    4.932500e-05    0.914208    5.243971e-08
0:   127    4.554571e-05    0.923380    4.842177e-08
0:   128    4.072867e-05    0.894237    4.330054e-08
0:   129    3.595959e-05    0.882906    3.823032e-08
0:   130    3.081111e-05    0.856826    3.275673e-08
0:   131    2.649380e-05    0.859878    2.816679e-08
0:   132    2.291568e-05    0.864945    2.436273e-08
0:   133    2.037849e-05    0.889282    2.166533e-08
0:   134    1.855580e-05    0.910558    1.972754e-08
0:   135    1.679916e-05    0.905332    1.785997e-08
0:   136    1.443429e-05    0.859227    1.534577e-08
0:   137    1.157713e-05    0.802057    1.230818e-08
0:   138    8.686694e-06    0.750332    9.235229e-09
0: 
0: 
0: =============================================
0: Solve phase times:
0: =============================================
0: PCG Solve:
0:   wall clock time = 0.065573 seconds
0:   wall MFLOPS     = 0.000000
0:   cpu clock time  = 0.065575 seconds
0:   cpu MFLOPS      = 0.000000
0: 
0: 
0: Iterations = 138
0: Final Relative Residual Norm = 9.235229e-09
0: 
0: 125pt 3D Laplacian
0: =============================================
0: Hypre init times:
0: =============================================
0: Hypre init:
0:   wall clock time = 0.000002 seconds
0:   wall MFLOPS     = 0.000000
0:   cpu clock time  = 0.000002 seconds
0:   cpu MFLOPS      = 0.000000
0: 
0: 
0: Using HYPRE_DEVELOP_STRING: v3.1.0-1-g5f6c9306d (branch v3.1.0_thrusthipbugfix; not the develop branch)
0: 
0: Running with these driver parameters:
0:   solver ID    = 2
0: 
0:   Laplacian_125pt:
0:     (nx, ny, nz) = (96, 96, 96)
0:     (Px, Py, Pz) = (4, 4, 4)
0: 
0: =============================================
0: Generate Matrix:
0: =============================================
0: Spatial Operator:
0:   wall clock time = 0.051999 seconds
0:   wall MFLOPS     = 0.000000
0:   cpu clock time  = 0.051269 seconds
0:   cpu MFLOPS      = 0.000000
0: 
0:   Number of vector components: 1
0:   RHS vector has unit coefficients
0:   Initial guess is 0
0: =============================================
0: IJ Vector Setup:
0: =============================================
0: RHS and Initial Guess:
0:   wall clock time = 0.000472 seconds
0:   wall MFLOPS     = 0.000000
0:   cpu clock time  = 0.000472 seconds
0:   cpu MFLOPS      = 0.000000
0: 
0: Solver: DS-PCG
0: HYPRE_ParCSRPCGGetPrecond got good precond
0: =============================================
0: Setup phase times:
0: =============================================
0: PCG Setup:
0:   wall clock time = 0.000247 seconds
0:   wall MFLOPS     = 0.000000
0:   cpu clock time  = 0.000241 seconds
0:   cpu MFLOPS      = 0.000000
0: 
0: <b,b>: 8.847360e+05
0: 
0: 
0: Iters       ||r||_2     conv.rate  ||r||_2/||b||_2
0: -----    ------------   ---------  ------------ 
0:     1    8.140741e+03    8.654801    8.654801e+00
0:     2    9.342916e+03    1.147674    9.932889e+00
0:     3    1.012089e+04    1.083269    1.075999e+01
0:     4    1.071424e+04    1.058626    1.139080e+01
0:     5    1.120248e+04    1.045570    1.190988e+01
0:     6    1.160969e+04    1.036350    1.234281e+01
0:     7    1.196928e+04    1.030973    1.272510e+01
0:     8    1.228185e+04    1.026114    1.305740e+01
0:     9    1.256588e+04    1.023126    1.335937e+01
0:    10    1.282066e+04    1.020276    1.363024e+01
0:    11    1.305418e+04    1.018214    1.387851e+01
0:    12    1.326972e+04    1.016511    1.410765e+01
0:    13    1.346709e+04    1.014874    1.431749e+01
0:    14    1.365366e+04    1.013854    1.451584e+01
0:    15    1.382427e+04    1.012496    1.469722e+01
0:    16    1.398802e+04    1.011846    1.487132e+01
0:    17    1.413841e+04    1.010751    1.503120e+01
0:    18    1.428334e+04    1.010251    1.518528e+01
0:    19    1.441815e+04    1.009438    1.532860e+01
0:    20    1.454715e+04    1.008947    1.546575e+01
0:    21    1.466957e+04    1.008416    1.559591e+01
0:    22    1.478510e+04    1.007875    1.571872e+01
0:    23    1.489719e+04    1.007582    1.583790e+01
0:    24    1.500146e+04    1.006999    1.594875e+01
0:    25    1.510445e+04    1.006865    1.605824e+01
0:    26    1.519953e+04    1.006295    1.615933e+01
0:    27    1.529412e+04    1.006223    1.625989e+01
0:    28    1.538183e+04    1.005735    1.635314e+01
0:    29    1.546851e+04    1.005635    1.644529e+01
0:    30    1.555031e+04    1.005288    1.653225e+01
0:    31    1.562931e+04    1.005080    1.661625e+01
0:    32    1.569690e+04    1.004325    1.668811e+01
0:    33    1.565074e+04    0.997059    1.663903e+01
0:    34    1.518249e+04    0.970082    1.614121e+01
0:    35    1.475891e+04    0.972100    1.569088e+01
0:    36    1.815217e+04    1.229913    1.929842e+01
0:    37    1.422156e+04    0.783463    1.511960e+01
0:    38    1.684492e+04    1.184464    1.790862e+01
0:    39    1.439336e+04    0.854463    1.530225e+01
0:    40    1.869634e+04    1.298956    1.987695e+01
0:    41    1.363403e+04    0.729235    1.449498e+01
0:    42    1.762362e+04    1.292620    1.873649e+01
0:    43    1.835993e+04    1.041780    1.951929e+01
0:    44    1.397377e+04    0.761101    1.485616e+01
0:    45    1.572275e+04    1.125162    1.671558e+01
0:    46    1.938434e+04    1.232885    2.060839e+01
0:    47    1.769381e+04    0.912789    1.881111e+01
0:    48    1.420519e+04    0.802834    1.510220e+01
0:    49    1.483790e+04    1.044541    1.577486e+01
0:    50    1.817742e+04    1.225067    1.932526e+01
0:    51    1.996198e+04    1.098175    2.122251e+01
0:    52    1.778565e+04    0.890976    1.890875e+01
0:    53    1.478503e+04    0.831290    1.571865e+01
0:    54    1.425679e+04    0.964272    1.515706e+01
0:    55    1.575891e+04    1.105362    1.675403e+01
0:    56    1.875987e+04    1.190429    1.994449e+01
0:    57    2.031197e+04    1.082735    2.159460e+01
0:    58    1.946203e+04    0.958156    2.069099e+01
0:    59    1.706283e+04    0.876724    1.814029e+01
0:    60    1.494442e+04    0.875847    1.588811e+01
0:    61    1.428132e+04    0.955629    1.518314e+01
0:    62    1.480429e+04    1.036620    1.573914e+01
0:    63    1.671237e+04    1.128887    1.776770e+01
0:    64    1.875099e+04    1.121983    1.993505e+01
0:    65    2.058345e+04    1.097726    2.188322e+01
0:    66    2.084273e+04    1.012596    2.215887e+01
0:    67    1.990394e+04    0.954958    2.116080e+01
0:    68    1.795804e+04    0.902236    1.909203e+01
0:    69    1.585367e+04    0.882817    1.685477e+01
0:    70    1.477136e+04    0.931731    1.570412e+01
0:    71    1.475411e+04    0.998832    1.568579e+01
0:    72    1.430696e+04    0.969693    1.521040e+01
0:    73    1.555113e+04    1.086963    1.653313e+01
0:    74    1.687951e+04    1.085420    1.794539e+01
0:    75    1.834948e+04    1.087086    1.950819e+01
0:    76    2.001143e+04    1.090572    2.127508e+01
0:    77    2.124980e+04    1.061883    2.259165e+01
0:    78    2.069877e+04    0.974069    2.200582e+01
0:    79    2.187999e+04    1.057067    2.326164e+01
0:    80    1.924577e+04    0.879606    2.046108e+01
0:    81    1.938893e+04    1.007438    2.061327e+01
0:    82    1.743267e+04    0.899104    1.853348e+01
0:    83    1.570969e+04    0.901164    1.670170e+01
0:    84    1.570678e+04    0.999815    1.669860e+01
0:    85    1.484519e+04    0.945146    1.578261e+01
0:    86    1.396830e+04    0.940931    1.485035e+01
0:    87    1.492293e+04    1.068343    1.586526e+01
0:    88    1.548119e+04    1.037410    1.645878e+01
0:    89    1.499780e+04    0.968775    1.594486e+01
0:    90    1.631050e+04    1.087526    1.734045e+01
0:    91    1.812068e+04    1.110982    1.926493e+01
0:    92    1.907819e+04    1.052841    2.028292e+01
0:    93    1.902098e+04    0.997001    2.022209e+01
0:    94    2.053598e+04    1.079649    2.183276e+01
0:    95    2.235752e+04    1.088700    2.376933e+01
0:    96    2.260788e+04    1.011198    2.403549e+01
0:    97    2.153296e+04    0.952454    2.289269e+01
0:    98    2.079504e+04    0.965731    2.210817e+01
0:    99    2.138935e+04    1.028580    2.274002e+01
0:   100    2.124528e+04    0.993264    2.258685e+01
0:   101    2.019365e+04    0.950500    2.146881e+01
0:   102    1.843039e+04    0.912682    1.959421e+01
0:   103    1.746035e+04    0.947367    1.856291e+01
0:   104    1.700248e+04    0.973777    1.807613e+01
0:   105    1.690925e+04    0.994517    1.797701e+01
0:   106    1.680572e+04    0.993877    1.786694e+01
0:   107    1.530725e+04    0.910836    1.627386e+01
0:   108    1.427376e+04    0.932483    1.517510e+01
0:   109    1.410762e+04    0.988361    1.499847e+01
0:   110    1.419370e+04    1.006101    1.508999e+01
0:   111    1.502173e+04    1.058337    1.597030e+01
0:   112    1.512612e+04    1.006950    1.608129e+01
0:   113    1.517645e+04    1.003327    1.613479e+01
0:   114    1.494129e+04    0.984505    1.588479e+01
0:   115    1.508593e+04    1.009680    1.603856e+01
0:   116    1.545390e+04    1.024392    1.642976e+01
0:   117    1.667887e+04    1.079266    1.773208e+01
0:   118    1.841585e+04    1.104143    1.957875e+01
0:   119    1.886331e+04    1.024297    2.005446e+01
0:   120    1.976334e+04    1.047714    2.101133e+01
0:   121    1.960041e+04    0.991756    2.083811e+01
0:   122    1.971636e+04    1.005916    2.096138e+01
0:   123    2.047141e+04    1.038296    2.176411e+01
0:   124    2.002028e+04    0.977963    2.128449e+01
0:   125    2.149313e+04    1.073568    2.285035e+01
0:   126    2.277632e+04    1.059702    2.421457e+01
0:   127    2.277074e+04    0.999755    2.420863e+01
0:   128    2.366611e+04    1.039321    2.516054e+01
0:   129    2.357066e+04    0.995967    2.505907e+01
0:   130    2.229703e+04    0.945965    2.370501e+01
0:   131    2.133973e+04    0.957066    2.268726e+01
0:   132    2.146024e+04    1.005648    2.281539e+01
0:   133    2.063967e+04    0.961763    2.194300e+01
0:   134    2.038942e+04    0.987875    2.167694e+01
0:   135    2.131512e+04    1.045401    2.266109e+01
0:   136    2.177261e+04    1.021463    2.314748e+01
0:   137    2.113456e+04    0.970695    2.246914e+01
0:   138    2.024753e+04    0.958029    2.152609e+01
0:   139    2.011768e+04    0.993587    2.138804e+01
0:   140    1.902549e+04    0.945710    2.022689e+01
0:   141    1.793227e+04    0.942539    1.906464e+01
0:   142    1.690522e+04    0.942726    1.797273e+01
0:   143    1.638077e+04    0.968977    1.741516e+01
0:   144    1.654528e+04    1.010043    1.759006e+01
0:   145    1.560799e+04    0.943350    1.659358e+01
0:   146    1.509808e+04    0.967330    1.605147e+01
0:   147    1.505636e+04    0.997237    1.600712e+01
0:   148    1.566538e+04    1.040449    1.665459e+01
0:   149    1.574467e+04    1.005061    1.673889e+01
0:   150    1.567438e+04    0.995536    1.666416e+01
0:   151    1.480239e+04    0.944369    1.573711e+01
0:   152    1.498424e+04    1.012285    1.593045e+01
0:   153    1.442544e+04    0.962707    1.533636e+01
0:   154    1.468941e+04    1.018299    1.561700e+01
0:   155    1.377193e+04    0.937541    1.464158e+01
0:   156    1.334329e+04    0.968876    1.418588e+01
0:   157    1.294690e+04    0.970293    1.376445e+01
0:   158    1.330198e+04    1.027426    1.414195e+01
0:   159    1.442960e+04    1.084771    1.534078e+01
0:   160    1.457963e+04    1.010398    1.550029e+01
0:   161    1.487589e+04    1.020320    1.581525e+01
0:   162    1.492586e+04    1.003359    1.586838e+01
0:   163    1.588956e+04    1.064566    1.689293e+01
0:   164    1.687078e+04    1.061752    1.793611e+01
0:   165    1.698149e+04    1.006562    1.805381e+01
0:   166    1.728312e+04    1.017762    1.837449e+01
0:   167    1.759574e+04    1.018088    1.870685e+01
0:   168    1.725716e+04    0.980758    1.834689e+01
0:   169    1.682814e+04    0.975140    1.789078e+01
0:   170    1.718380e+04    1.021135    1.826890e+01
0:   171    1.669809e+04    0.971735    1.775252e+01
0:   172    1.731198e+04    1.036764    1.840517e+01
0:   173    1.821398e+04    1.052103    1.936413e+01
0:   174    1.831265e+04    1.005417    1.946903e+01
0:   175    1.790695e+04    0.977846    1.903771e+01
0:   176    1.811384e+04    1.011554    1.925767e+01
0:   177    1.914400e+04    1.056871    2.035288e+01
0:   178    1.936628e+04    1.011611    2.058919e+01
0:   179    2.093683e+04    1.081097    2.225891e+01
0:   180    2.227424e+04    1.063878    2.368078e+01
0:   181    2.237677e+04    1.004603    2.378979e+01
0:   182    2.193581e+04    0.980294    2.332098e+01
0:   183    2.193961e+04    1.000174    2.332502e+01
0:   184    2.225831e+04    1.014526    2.366385e+01
0:   185    2.205272e+04    0.990764    2.344528e+01
0:   186    2.217769e+04    1.005667    2.357814e+01
0:   187    2.250671e+04    1.014836    2.392794e+01
0:   188    2.341054e+04    1.040158    2.488884e+01
0:   189    2.294009e+04    0.979904    2.438867e+01
0:   190    2.231696e+04    0.972837    2.372620e+01
0:   191    2.178300e+04    0.976074    2.315852e+01
0:   192    2.253840e+04    1.034678    2.396162e+01
0:   193    2.201939e+04    0.976972    2.340984e+01
0:   194    2.132215e+04    0.968335    2.266857e+01
0:   195    2.160016e+04    1.013038    2.296413e+01
0:   196    2.182017e+04    1.010186    2.319804e+01
0:   197    2.310828e+04    1.059033    2.456749e+01
0:   198    2.262527e+04    0.979098    2.405398e+01
0:   199    2.221806e+04    0.982002    2.362106e+01
0:   200    2.203006e+04    0.991539    2.342119e+01
0:   201    2.182422e+04    0.990656    2.320234e+01
0:   202    2.248017e+04    1.030056    2.389972e+01
0:   203    2.243060e+04    0.997795    2.384702e+01
0:   204    2.239108e+04    0.998238    2.380500e+01
0:   205    2.260636e+04    1.009615    2.403388e+01
0:   206    2.263513e+04    1.001272    2.406446e+01
0:   207    2.382991e+04    1.052785    2.533469e+01
0:   208    2.469261e+04    1.036202    2.625187e+01
0:   209    2.380871e+04    0.964204    2.531215e+01
0:   210    2.291009e+04    0.962257    2.435678e+01
0:   211    2.249573e+04    0.981914    2.391626e+01
0:   212    2.249430e+04    0.999936    2.391474e+01
0:   213    2.242449e+04    0.996897    2.384052e+01
0:   214    2.159437e+04    0.962981    2.295798e+01
0:   215    2.013066e+04    0.932218    2.140184e+01
0:   216    1.898750e+04    0.943213    2.018650e+01
0:   217    1.904000e+04    1.002765    2.024231e+01
0:   218    1.889440e+04    0.992353    2.008752e+01
0:   219    1.842944e+04    0.975392    1.959320e+01
0:   220    1.801968e+04    0.977766    1.915756e+01
0:   221    1.790033e+04    0.993377    1.903067e+01
0:   222    1.711843e+04    0.956319    1.819940e+01
0:   223    1.696182e+04    0.990851    1.803290e+01
0:   224    1.670469e+04    0.984841    1.775953e+01
0:   225    1.670285e+04    0.999890    1.775757e+01
0:   226    1.578600e+04    0.945108    1.678283e+01
0:   227    1.583304e+04    1.002980    1.683284e+01
0:   228    1.583918e+04    1.000388    1.683937e+01
0:   229    1.604018e+04    1.012690    1.705307e+01
0:   230    1.571122e+04    0.979491    1.670333e+01
0:   231    1.581165e+04    1.006392    1.681010e+01
0:   232    1.603398e+04    1.014061    1.704647e+01
0:   233    1.694652e+04    1.056913    1.801664e+01
0:   234    1.723718e+04    1.017152    1.832565e+01
0:   235    1.691535e+04    0.981329    1.798350e+01
0:   236    1.753952e+04    1.036899    1.864708e+01
0:   237    1.743213e+04    0.993878    1.853291e+01
0:   238    1.662705e+04    0.953816    1.767699e+01
0:   239    1.560342e+04    0.938436    1.658872e+01
0:   240    1.544028e+04    0.989545    1.641528e+01
0:   241    1.562990e+04    1.012281    1.661688e+01
0:   242    1.476601e+04    0.944728    1.569843e+01
0:   243    1.420152e+04    0.961771    1.509830e+01
0:   244    1.389478e+04    0.978401    1.477219e+01
0:   245    1.339430e+04    0.963981    1.424010e+01
0:   246    1.321546e+04    0.986648    1.404997e+01
0:   247    1.287471e+04    0.974216    1.368770e+01
0:   248    1.346355e+04    1.045736    1.431372e+01
0:   249    1.415464e+04    1.051330    1.504845e+01
0:   250    1.406720e+04    0.993823    1.495549e+01
0:   251    1.375059e+04    0.977493    1.461889e+01
0:   252    1.376504e+04    1.001051    1.463426e+01
0:   253    1.325789e+04    0.963156    1.409508e+01
0:   254    1.221757e+04    0.921532    1.298907e+01
0:   255    1.164992e+04    0.953538    1.238557e+01
0:   256    1.152653e+04    0.989408    1.225439e+01
0:   257    1.176149e+04    1.020384    1.250418e+01
0:   258    1.229036e+04    1.044967    1.306646e+01
0:   259    1.205663e+04    0.980982    1.281796e+01
0:   260    1.150790e+04    0.954487    1.223458e+01
0:   261    1.171854e+04    1.018304    1.245853e+01
0:   262    1.203157e+04    1.026712    1.279132e+01
0:   263    1.203203e+04    1.000039    1.279182e+01
0:   264    1.185093e+04    0.984948    1.259928e+01
0:   265    1.224704e+04    1.033424    1.302040e+01
0:   266    1.353646e+04    1.105284    1.439124e+01
0:   267    1.472161e+04    1.087553    1.565123e+01
0:   268    1.541104e+04    1.046831    1.638419e+01
0:   269    1.582702e+04    1.026993    1.682644e+01
0:   270    1.467541e+04    0.927238    1.560212e+01
0:   271    1.283279e+04    0.874441    1.364313e+01
0:   272    1.379509e+04    1.074988    1.466620e+01
0:   273    1.399785e+04    1.014698    1.488177e+01
0:   274    1.311162e+04    0.936688    1.393958e+01
0:   275    1.335659e+04    1.018683    1.420002e+01
0:   276    1.333251e+04    0.998197    1.417441e+01
0:   277    1.357740e+04    1.018368    1.443477e+01
0:   278    1.422206e+04    1.047481    1.512014e+01
0:   279    1.567839e+04    1.102399    1.666843e+01
0:   280    1.558418e+04    0.993991    1.656827e+01
0:   281    1.485199e+04    0.953017    1.578985e+01
0:   282    1.506696e+04    1.014474    1.601839e+01
0:   283    1.522924e+04    1.010770    1.619091e+01
0:   284    1.489004e+04    0.977727    1.583029e+01
0:   285    1.552176e+04    1.042425    1.650190e+01
0:   286    1.638737e+04    1.055768    1.742217e+01
0:   287    1.626699e+04    0.992654    1.729419e+01
0:   288    1.589026e+04    0.976841    1.689368e+01
0:   289    1.525382e+04    0.959948    1.621705e+01
0:   290    1.565350e+04    1.026202    1.664197e+01
0:   291    1.573058e+04    1.004924    1.672391e+01
0:   292    1.526111e+04    0.970155    1.622480e+01
0:   293    1.562510e+04    1.023851    1.661178e+01
0:   294    1.567099e+04    1.002936    1.666056e+01
0:   295    1.480202e+04    0.944549    1.573671e+01
0:   296    1.426750e+04    0.963889    1.516845e+01
0:   297    1.442020e+04    1.010703    1.533079e+01
0:   298    1.532675e+04    1.062866    1.629458e+01
0:   299    1.606285e+04    1.048027    1.707716e+01
0:   300    1.617465e+04    1.006960    1.719602e+01
0:   301    1.539039e+04    0.951513    1.636224e+01
0:   302    1.543572e+04    1.002945    1.641043e+01
0:   303    1.599976e+04    1.036542    1.701009e+01
0:   304    1.564372e+04    0.977747    1.663157e+01
0:   305    1.508375e+04    0.964205    1.603623e+01
0:   306    1.531537e+04    1.015356    1.628248e+01
0:   307    1.496624e+04    0.977204    1.591130e+01
0:   308    1.622388e+04    1.084032    1.724836e+01
0:   309    1.748483e+04    1.077722    1.858893e+01
0:   310    1.620667e+04    0.926899    1.723007e+01
0:   311    1.679329e+04    1.036196    1.785373e+01
0:   312    1.704502e+04    1.014990    1.812136e+01
0:   313    1.636545e+04    0.960131    1.739887e+01
0:   314    1.708482e+04    1.043957    1.816367e+01
0:   315    1.684801e+04    0.986139    1.791191e+01
0:   316    1.629675e+04    0.967280    1.732584e+01
0:   317    1.577784e+04    0.968159    1.677416e+01
0:   318    1.624087e+04    1.029346    1.726642e+01
0:   319    1.612546e+04    0.992894    1.714373e+01
0:   320    1.637471e+04    1.015457    1.740871e+01
0:   321    1.788035e+04    1.091950    1.900944e+01
0:   322    1.792609e+04    1.002558    1.905807e+01
0:   323    1.872014e+04    1.044296    1.990225e+01
0:   324    1.969457e+04    1.052052    2.093821e+01
0:   325    2.020301e+04    1.025816    2.147876e+01
0:   326    1.929695e+04    0.955152    2.051549e+01
0:   327    1.874252e+04    0.971268    1.992604e+01
0:   328    1.873546e+04    0.999623    1.991854e+01
0:   329    1.927967e+04    1.029047    2.049712e+01
0:   330    1.914067e+04    0.992790    2.034934e+01
0:   331    1.859609e+04    0.971548    1.977037e+01
0:   332    1.877670e+04    1.009713    1.996239e+01
0:   333    1.885922e+04    1.004395    2.005011e+01
0:   334    1.862027e+04    0.987330    1.979608e+01
0:   335    1.797959e+04    0.965592    1.911494e+01
0:   336    1.772549e+04    0.985868    1.884480e+01
0:   337    1.841907e+04    1.039128    1.958217e+01
0:   338    1.940160e+04    1.053343    2.062674e+01
0:   339    1.961764e+04    1.011135    2.085643e+01
0:   340    1.978071e+04    1.008312    2.102979e+01
0:   341    2.074254e+04    1.048625    2.205236e+01
0:   342    2.072333e+04    0.999074    2.203194e+01
0:   343    2.109996e+04    1.018174    2.243235e+01
0:   344    1.998656e+04    0.947232    2.124864e+01
0:   345    1.964601e+04    0.982961    2.088659e+01
0:   346    1.943907e+04    0.989466    2.066658e+01
0:   347    1.911615e+04    0.983388    2.032327e+01
0:   348    1.881961e+04    0.984488    2.000800e+01
0:   349    1.821175e+04    0.967701    1.936176e+01
0:   350    1.936213e+04    1.063167    2.058478e+01
0:   351    2.127414e+04    1.098750    2.261753e+01
0:   352    2.148680e+04    1.009996    2.284362e+01
0:   353    2.261471e+04    1.052493    2.404275e+01
0:   354    2.415470e+04    1.068097    2.567999e+01
0:   355    2.434607e+04    1.007923    2.588344e+01
0:   356    2.416609e+04    0.992607    2.569209e+01
0:   357    2.448888e+04    1.013357    2.603527e+01
0:   358    2.518409e+04    1.028389    2.677438e+01
0:   359    2.322975e+04    0.922398    2.469663e+01
0:   360    2.181192e+04    0.938965    2.318927e+01
0:   361    2.172050e+04    0.995809    2.309207e+01
0:   362    2.116323e+04    0.974344    2.249962e+01
0:   363    1.993763e+04    0.942088    2.119662e+01
0:   364    2.063499e+04    1.034977    2.193802e+01
0:   365    2.140943e+04    1.037531    2.276136e+01
0:   366    2.036090e+04    0.951025    2.164662e+01
0:   367    1.895206e+04    0.930807    2.014882e+01
0:   368    1.796072e+04    0.947692    1.909487e+01
0:   369    1.779481e+04    0.990763    1.891850e+01
0:   370    1.783367e+04    1.002183    1.895980e+01
0:   371    1.858701e+04    1.042243    1.976072e+01
0:   372    1.936906e+04    1.042075    2.059215e+01
0:   373    2.011060e+04    1.038285    2.138052e+01
0:   374    2.038118e+04    1.013455    2.166818e+01
0:   375    2.152863e+04    1.056299    2.288809e+01
0:   376    2.198866e+04    1.021368    2.337717e+01
0:   377    2.133057e+04    0.970071    2.267753e+01
0:   378    2.111097e+04    0.989705    2.244406e+01
0:   379    2.108693e+04    0.998861    2.241850e+01
0:   380    2.177212e+04    1.032493    2.314695e+01
0:   381    2.173032e+04    0.998080    2.310251e+01
0:   382    2.146562e+04    0.987819    2.282110e+01
0:   383    2.218786e+04    1.033646    2.358894e+01
0:   384    2.132541e+04    0.961130    2.267204e+01
0:   385    2.085063e+04    0.977737    2.216728e+01
0:   386    2.051869e+04    0.984080    2.181438e+01
0:   387    1.975937e+04    0.962994    2.100711e+01
0:   388    2.112632e+04    1.069179    2.246037e+01
0:   389    2.130528e+04    1.008471    2.265064e+01
0:   390    2.065390e+04    0.969427    2.195813e+01
0:   391    2.138318e+04    1.035309    2.273345e+01
0:   392    2.264057e+04    1.058803    2.407024e+01
0:   393    2.220844e+04    0.980914    2.361083e+01
0:   394    2.239061e+04    1.008203    2.380450e+01
0:   395    2.346461e+04    1.047967    2.494632e+01
0:   396    2.261982e+04    0.963997    2.404818e+01
0:   397    2.129070e+04    0.941241    2.263513e+01
0:   398    2.105902e+04    0.989118    2.238883e+01
0:   399    2.066707e+04    0.981388    2.197212e+01
0:   400    2.157601e+04    1.043980    2.293846e+01
0:   401    2.277493e+04    1.055567    2.421309e+01
0:   402    2.213792e+04    0.972030    2.353585e+01
0:   403    2.118986e+04    0.957175    2.252793e+01
0:   404    1.934840e+04    0.913097    2.057018e+01
0:   405    1.795297e+04    0.927879    1.908664e+01
0:   406    1.834706e+04    1.021951    1.950561e+01
0:   407    1.827015e+04    0.995808    1.942385e+01
0:   408    1.900028e+04    1.039963    2.020008e+01
0:   409    1.842255e+04    0.969594    1.958588e+01
0:   410    1.757058e+04    0.953754    1.868010e+01
0:   411    1.699335e+04    0.967148    1.806642e+01
0:   412    1.677464e+04    0.987130    1.783390e+01
0:   413    1.652233e+04    0.984959    1.756565e+01
0:   414    1.675944e+04    1.014351    1.781774e+01
0:   415    1.625453e+04    0.969873    1.728095e+01
0:   416    1.685152e+04    1.036728    1.791564e+01
0:   417    1.739831e+04    1.032448    1.849696e+01
0:   418    1.845173e+04    1.060547    1.961690e+01
0:   419    1.936218e+04    1.049342    2.058483e+01
0:   420    2.046363e+04    1.056887    2.175584e+01
0:   421    2.161759e+04    1.056391    2.298267e+01
0:   422    2.218154e+04    1.026088    2.358223e+01
0:   423    2.462312e+04    1.110072    2.617798e+01
0:   424    2.506861e+04    1.018092    2.665161e+01
0:   425    2.437474e+04    0.972321    2.591392e+01
0:   426    2.448819e+04    1.004655    2.603454e+01
0:   427    2.344013e+04    0.957201    2.492030e+01
0:   428    2.230898e+04    0.951743    2.371771e+01
0:   429    2.310015e+04    1.035464    2.455884e+01
0:   430    2.273017e+04    0.983984    2.416550e+01
0:   431    2.327981e+04    1.024181    2.474985e+01
0:   432    2.383039e+04    1.023651    2.533520e+01
0:   433    2.379807e+04    0.998644    2.530084e+01
0:   434    2.418567e+04    1.016287    2.571291e+01
0:   435    2.461672e+04    1.017823    2.617119e+01
0:   436    2.472080e+04    1.004228    2.628183e+01
0:   437    2.475707e+04    1.001467    2.632039e+01
0:   438    2.348399e+04    0.948577    2.496692e+01
0:   439    2.377364e+04    1.012334    2.527487e+01
0:   440    2.542651e+04    1.069525    2.703210e+01
0:   441    2.809863e+04    1.105092    2.987297e+01
0:   442    2.927377e+04    1.041822    3.112231e+01
0:   443    2.834349e+04    0.968221    3.013328e+01
0:   444    2.736669e+04    0.965537    2.909481e+01
0:   445    2.619619e+04    0.957229    2.785039e+01
0:   446    2.413454e+04    0.921300    2.565856e+01
0:   447    2.330621e+04    0.965679    2.477792e+01
0:   448    2.364365e+04    1.014478    2.513666e+01
0:   449    2.490672e+04    1.053421    2.647949e+01
0:   450    2.494722e+04    1.001626    2.652255e+01
0:   451    2.407523e+04    0.965046    2.559549e+01
0:   452    2.252689e+04    0.935688    2.394939e+01
0:   453    2.185866e+04    0.970336    2.323896e+01
0:   454    2.257859e+04    1.032936    2.400435e+01
0:   455    2.350562e+04    1.041058    2.498992e+01
0:   456    2.375044e+04    1.010415    2.525020e+01
0:   457    2.229374e+04    0.938666    2.370151e+01
0:   458    2.311938e+04    1.037035    2.457929e+01
0:   459    2.310255e+04    0.999272    2.456139e+01
0:   460    2.292017e+04    0.992106    2.436750e+01
0:   461    2.370075e+04    1.034056    2.519737e+01
0:   462    2.281711e+04    0.962717    2.425793e+01
0:   463    2.206779e+04    0.967160    2.346129e+01
0:   464    2.121407e+04    0.961314    2.255367e+01
0:   465    2.038286e+04    0.960818    2.166997e+01
0:   466    2.016871e+04    0.989493    2.144229e+01
0:   467    1.988045e+04    0.985708    2.113583e+01
0:   468    2.090323e+04    1.051446    2.222319e+01
0:   469    2.154532e+04    1.030718    2.290584e+01
0:   470    2.196661e+04    1.019553    2.335373e+01
0:   471    2.139009e+04    0.973755    2.274080e+01
0:   472    2.112900e+04    0.987794    2.246322e+01
0:   473    2.033676e+04    0.962505    2.162096e+01
0:   474    2.048561e+04    1.007319    2.177920e+01
0:   475    2.128530e+04    1.039037    2.262939e+01
0:   476    2.216966e+04    1.041548    2.356960e+01
0:   477    2.227720e+04    1.004850    2.368393e+01
0:   478    2.326993e+04    1.044563    2.473935e+01
0:   479    2.354854e+04    1.011973    2.503555e+01
0:   480    2.307994e+04    0.980100    2.453736e+01
0:   481    2.245239e+04    0.972810    2.387019e+01
0:   482    2.261425e+04    1.007209    2.404226e+01
0:   483    2.334782e+04    1.032438    2.482215e+01
0:   484    2.232765e+04    0.956305    2.373756e+01
0:   485    2.182183e+04    0.977346    2.319980e+01
0:   486    2.060849e+04    0.944398    2.190984e+01
0:   487    2.126166e+04    1.031694    2.260426e+01
0:   488    2.218725e+04    1.043534    2.358830e+01
0:   489    2.211778e+04    0.996869    2.351445e+01
0:   490    2.116790e+04    0.957054    2.250458e+01
0:   491    2.148437e+04    1.014950    2.284103e+01
0:   492    2.179088e+04    1.014267    2.316690e+01
0:   493    2.123867e+04    0.974659    2.257982e+01
0:   494    2.141273e+04    1.008195    2.276487e+01
0:   495    2.095501e+04    0.978624    2.227825e+01
0:   496    1.918703e+04    0.915630    2.039863e+01
0:   497    1.742872e+04    0.908360    1.852929e+01
0:   498    1.620818e+04    0.929969    1.723167e+01
0:   499    1.585491e+04    0.978205    1.685610e+01
0:   500    1.510902e+04    0.952955    1.606311e+01
0:   501    1.531961e+04    1.013938    1.628699e+01
0:   502    1.544175e+04    1.007972    1.641684e+01
0:   503    1.567077e+04    1.014831    1.666033e+01
0:   504    1.581978e+04    1.009509    1.681875e+01
0:   505    1.501721e+04    0.949268    1.596550e+01
0:   506    1.472196e+04    0.980339    1.565160e+01
0:   507    1.377701e+04    0.935813    1.464698e+01
0:   508    1.282511e+04    0.930907    1.363497e+01
0:   509    1.182283e+04    0.921850    1.256940e+01
0:   510    1.145838e+04    0.969174    1.218193e+01
0:   511    1.072995e+04    0.936428    1.140751e+01
0:   512    1.034157e+04    0.963805    1.099461e+01
0:   513    1.048856e+04    1.014213    1.115088e+01
0:   514    1.060954e+04    1.011534    1.127949e+01
0:   515    1.043099e+04    0.983171    1.108967e+01
0:   516    9.863295e+03    0.945576    1.048613e+01
0:   517    9.257849e+03    0.938616    9.842450e+00
0:   518    9.591493e+03    1.036039    1.019716e+01
0:   519    9.338943e+03    0.973669    9.928666e+00
0:   520    9.032075e+03    0.967141    9.602420e+00
0:   521    8.807688e+03    0.975157    9.363863e+00
0:   522    9.072080e+03    1.030018    9.644950e+00
0:   523    9.783628e+03    1.078433    1.040143e+01
0:   524    1.009931e+04    1.032266    1.073705e+01
0:   525    1.030382e+04    1.020250    1.095447e+01
0:   526    1.037253e+04    1.006668    1.102752e+01
0:   527    1.079941e+04    1.041155    1.148136e+01
0:   528    1.138116e+04    1.053869    1.209985e+01
0:   529    1.246821e+04    1.095512    1.325553e+01
0:   530    1.273331e+04    1.021263    1.353738e+01
0:   531    1.256401e+04    0.986704    1.335739e+01
0:   532    1.307322e+04    1.040529    1.389874e+01
0:   533    1.230493e+04    0.941232    1.308194e+01
0:   534    1.161828e+04    0.944198    1.235194e+01
0:   535    1.143682e+04    0.984381    1.215901e+01
0:   536    1.073771e+04    0.938872    1.141576e+01
0:   537    1.090114e+04    1.015221    1.158951e+01
0:   538    1.039843e+04    0.953884    1.105505e+01
0:   539    1.018771e+04    0.979735    1.083102e+01
0:   540    1.085563e+04    1.065562    1.154113e+01
0:   541    1.089189e+04    1.003340    1.157967e+01
0:   542    1.060549e+04    0.973705    1.127519e+01
0:   543    1.125486e+04    1.061230    1.196556e+01
0:   544    1.101661e+04    0.978832    1.171227e+01
0:   545    1.093200e+04    0.992320    1.162232e+01
0:   546    1.088336e+04    0.995550    1.157061e+01
0:   547    1.077965e+04    0.990470    1.146034e+01
0:   548    1.028719e+04    0.954316    1.093680e+01
0:   549    1.022890e+04    0.994334    1.087483e+01
0:   550    1.086866e+04    1.062544    1.155498e+01
0:   551    1.149597e+04    1.057717    1.222190e+01
0:   552    1.171674e+04    1.019204    1.245661e+01
0:   553    1.177188e+04    1.004706    1.251523e+01
0:   554    1.229003e+04    1.044016    1.306611e+01
0:   555    1.305907e+04    1.062574    1.388370e+01
0:   556    1.356084e+04    1.038423    1.441716e+01
0:   557    1.406047e+04    1.036844    1.494834e+01
0:   558    1.436224e+04    1.021462    1.526917e+01
0:   559    1.457809e+04    1.015029    1.549865e+01
0:   560    1.550368e+04    1.063492    1.648269e+01
0:   561    1.546209e+04    0.997317    1.643846e+01
0:   562    1.672787e+04    1.081863    1.778417e+01
0:   563    1.689862e+04    1.010208    1.796571e+01
0:   564    1.618796e+04    0.957946    1.721018e+01
0:   565    1.521597e+04    0.939956    1.617681e+01
0:   566    1.507372e+04    0.990651    1.602557e+01
0:   567    1.537292e+04    1.019850    1.634367e+01
0:   568    1.486543e+04    0.966988    1.580413e+01
0:   569    1.415005e+04    0.951876    1.504357e+01
0:   570    1.422160e+04    1.005057    1.511965e+01
0:   571    1.462274e+04    1.028206    1.554611e+01
0:   572    1.531704e+04    1.047481    1.628426e+01
0:   573    1.493552e+04    0.975092    1.587865e+01
0:   574    1.489495e+04    0.997283    1.583551e+01
0:   575    1.520830e+04    1.021037    1.616865e+01
0:   576    1.535813e+04    1.009852    1.632794e+01
0:   577    1.617818e+04    1.053396    1.719978e+01
0:   578    1.534806e+04    0.948689    1.631724e+01
0:   579    1.464874e+04    0.954436    1.557376e+01
0:   580    1.569236e+04    1.071243    1.668328e+01
0:   581    1.553531e+04    0.989992    1.651631e+01
0:   582    1.576430e+04    1.014740    1.675976e+01
0:   583    1.618894e+04    1.026937    1.721121e+01
0:   584    1.712372e+04    1.057742    1.820502e+01
0:   585    1.621235e+04    0.946778    1.723611e+01
0:   586    1.663040e+04    1.025786    1.768056e+01
0:   587    1.631556e+04    0.981068    1.734583e+01
0:   588    1.589928e+04    0.974486    1.690327e+01
0:   589    1.596011e+04    1.003826    1.696793e+01
0:   590    1.619258e+04    1.014566    1.721509e+01
0:   591    1.585767e+04    0.979317    1.685903e+01
0:   592    1.490725e+04    0.940065    1.584859e+01
0:   593    1.399127e+04    0.938555    1.487477e+01
0:   594    1.369967e+04    0.979159    1.456476e+01
0:   595    1.392147e+04    1.016190    1.480056e+01
0:   596    1.388002e+04    0.997023    1.475649e+01
0:   597    1.384325e+04    0.997351    1.471741e+01
0:   598    1.373950e+04    0.992505    1.460710e+01
0:   599    1.364512e+04    0.993131    1.450676e+01
0:   600    1.300440e+04    0.953044    1.382558e+01
0:   601    1.229219e+04    0.945234    1.306840e+01
0:   602    1.139749e+04    0.927214    1.211720e+01
0:   603    1.138244e+04    0.998680    1.210120e+01
0:   604    1.129624e+04    0.992426    1.200955e+01
0:   605    1.050205e+04    0.929694    1.116521e+01
0:   606    1.055913e+04    1.005436    1.122591e+01
0:   607    1.027112e+04    0.972723    1.091970e+01
0:   608    9.850887e+03    0.959086    1.047294e+01
0:   609    9.884172e+03    1.003379    1.050832e+01
0:   610    9.779562e+03    0.989416    1.039711e+01
0:   611    9.984584e+03    1.020964    1.061508e+01
0:   612    9.043161e+03    0.905712    9.614206e+00
0:   613    8.861953e+03    0.979962    9.421556e+00
0:   614    8.592479e+03    0.969592    9.135065e+00
0:   615    8.815163e+03    1.025916    9.371810e+00
0:   616    8.995104e+03    1.020413    9.563114e+00
0:   617    8.723718e+03    0.969830    9.274591e+00
0:   618    8.551408e+03    0.980248    9.091400e+00
0:   619    8.657406e+03    1.012395    9.204092e+00
0:   620    8.930010e+03    1.031488    9.493909e+00
0:   621    8.908428e+03    0.997583    9.470965e+00
0:   622    8.554388e+03    0.960258    9.094568e+00
0:   623    8.596929e+03    1.004973    9.139795e+00
0:   624    8.608647e+03    1.001363    9.152253e+00
0:   625    8.481137e+03    0.985188    9.016692e+00
0:   626    8.404744e+03    0.990993    8.935475e+00
0:   627    8.213084e+03    0.977196    8.731713e+00
0:   628    8.375234e+03    1.019743    8.904102e+00
0:   629    8.231686e+03    0.982860    8.751489e+00
0:   630    8.202490e+03    0.996453    8.720449e+00
0:   631    8.446501e+03    1.029748    8.979869e+00
0:   632    8.635242e+03    1.022345    9.180528e+00
0:   633    8.417424e+03    0.974776    8.948956e+00
0:   634    8.341251e+03    0.990951    8.867973e+00
0:   635    8.618582e+03    1.033248    9.162816e+00
0:   636    8.477729e+03    0.983657    9.013069e+00
0:   637    8.246917e+03    0.972774    8.767682e+00
0:   638    8.255690e+03    1.001064    8.777009e+00
0:   639    8.206422e+03    0.994032    8.724630e+00
0:   640    8.307697e+03    1.012341    8.832299e+00
0:   641    8.475173e+03    1.020159    9.010351e+00
0:   642    8.732759e+03    1.030393    9.284203e+00
0:   643    8.692356e+03    0.995373    9.241248e+00
0:   644    8.406979e+03    0.967169    8.937851e+00
0:   645    8.105734e+03    0.964167    8.617584e+00
0:   646    7.769868e+03    0.958564    8.260508e+00
0:   647    7.761358e+03    0.998905    8.251461e+00
0:   648    8.049755e+03    1.037158    8.558069e+00
0:   649    8.002798e+03    0.994167    8.508147e+00
0:   650    7.989520e+03    0.998341    8.494031e+00
0:   651    7.824911e+03    0.979397    8.319028e+00
0:   652    7.202756e+03    0.920490    7.657586e+00
0:   653    7.026345e+03    0.975508    7.470034e+00
0:   654    6.873195e+03    0.978204    7.307214e+00
0:   655    6.486741e+03    0.943774    6.896357e+00
0:   656    6.352447e+03    0.979297    6.753583e+00
0:   657    6.147559e+03    0.967747    6.535757e+00
0:   658    5.968606e+03    0.970890    6.345503e+00
0:   659    6.118872e+03    1.025176    6.505258e+00
0:   660    5.844618e+03    0.955179    6.213686e+00
0:   661    5.582580e+03    0.955166    5.935101e+00
0:   662    5.476509e+03    0.981000    5.822332e+00
0:   663    5.404534e+03    0.986857    5.745812e+00
0:   664    5.532002e+03    1.023586    5.881330e+00
0:   665    5.719464e+03    1.033887    6.080629e+00
0:   666    5.410165e+03    0.945922    5.751798e+00
0:   667    5.421289e+03    1.002056    5.763625e+00
0:   668    5.377246e+03    0.991876    5.716801e+00
0:   669    5.370226e+03    0.998695    5.709338e+00
0:   670    5.343956e+03    0.995108    5.681409e+00
0:   671    5.105481e+03    0.955375    5.427875e+00
0:   672    5.284034e+03    1.034973    5.617702e+00
0:   673    5.569750e+03    1.054072    5.921460e+00
0:   674    5.433958e+03    0.975620    5.777094e+00
0:   675    5.470886e+03    1.006796    5.816354e+00
0:   676    5.303135e+03    0.969337    5.638010e+00
0:   677    4.955996e+03    0.934541    5.268951e+00
0:   678    4.520908e+03    0.912210    4.806388e+00
0:   679    4.438828e+03    0.981844    4.719124e+00
0:   680    4.304957e+03    0.969841    4.576800e+00
0:   681    4.116602e+03    0.956247    4.376552e+00
0:   682    4.054060e+03    0.984807    4.310060e+00
0:   683    4.066175e+03    1.002988    4.322940e+00
0:   684    3.793924e+03    0.933045    4.033497e+00
0:   685    3.749879e+03    0.988391    3.986671e+00
0:   686    3.576286e+03    0.953707    3.802116e+00
0:   687    3.430590e+03    0.959260    3.647220e+00
0:   688    3.373487e+03    0.983355    3.586512e+00
0:   689    3.443901e+03    1.020873    3.661372e+00
0:   690    3.376012e+03    0.980287    3.589196e+00
0:   691    3.506376e+03    1.038615    3.727792e+00
0:   692    3.507353e+03    1.000279    3.728830e+00
0:   693    3.576882e+03    1.019824    3.802750e+00
0:   694    3.708617e+03    1.036830    3.942804e+00
0:   695    3.857381e+03    1.040113    4.100961e+00
0:   696    4.060915e+03    1.052765    4.317348e+00
0:   697    3.949224e+03    0.972496    4.198604e+00
0:   698    3.797483e+03    0.961577    4.037281e+00
0:   699    3.580962e+03    0.942983    3.807088e+00
0:   700    3.442714e+03    0.961394    3.660110e+00
0:   701    3.366113e+03    0.977750    3.578672e+00
0:   702    3.363632e+03    0.999263    3.576033e+00
0:   703    3.299855e+03    0.981039    3.508230e+00
0:   704    3.178817e+03    0.963320    3.379548e+00
0:   705    3.159355e+03    0.993878    3.358857e+00
0:   706    3.007056e+03    0.951794    3.196941e+00
0:   707    2.845466e+03    0.946263    3.025147e+00
0:   708    2.704193e+03    0.950351    2.874953e+00
0:   709    2.655807e+03    0.982107    2.823512e+00
0:   710    2.664744e+03    1.003365    2.833014e+00
0:   711    2.671427e+03    1.002508    2.840118e+00
0:   712    2.725160e+03    1.020114    2.897244e+00
0:   713    2.871863e+03    1.053833    3.053211e+00
0:   714    3.072537e+03    1.069876    3.266557e+00
0:   715    3.101376e+03    1.009386    3.297217e+00
0:   716    3.113492e+03    1.003907    3.310098e+00
0:   717    2.927311e+03    0.940202    3.112161e+00
0:   718    2.619369e+03    0.894804    2.784773e+00
0:   719    2.475828e+03    0.945200    2.632168e+00
0:   720    2.465943e+03    0.996007    2.621659e+00
0:   721    2.568956e+03    1.041774    2.731177e+00
0:   722    2.435794e+03    0.948165    2.589606e+00
0:   723    2.418262e+03    0.992802    2.570967e+00
0:   724    2.309405e+03    0.954986    2.455236e+00
0:   725    2.302106e+03    0.996839    2.447476e+00
0:   726    2.267846e+03    0.985118    2.411053e+00
0:   727    2.176851e+03    0.959876    2.314312e+00
0:   728    2.143955e+03    0.984888    2.279338e+00
0:   729    2.034055e+03    0.948740    2.162498e+00
0:   730    1.985232e+03    0.975997    2.110593e+00
0:   731    1.919757e+03    0.967019    2.040983e+00
0:   732    1.809940e+03    0.942796    1.924231e+00
0:   733    1.772941e+03    0.979558    1.884897e+00
0:   734    1.761585e+03    0.993594    1.872823e+00
0:   735    1.657299e+03    0.940800    1.761951e+00
0:   736    1.648043e+03    0.994415    1.752111e+00
0:   737    1.612007e+03    0.978134    1.713800e+00
0:   738    1.548139e+03    0.960380    1.645899e+00
0:   739    1.525941e+03    0.985661    1.622299e+00
0:   740    1.454027e+03    0.952873    1.545844e+00
0:   741    1.328807e+03    0.913880    1.412716e+00
0:   742    1.210553e+03    0.911007    1.286995e+00
0:   743    1.187112e+03    0.980636    1.262074e+00
0:   744    1.148281e+03    0.967290    1.220791e+00
0:   745    1.079073e+03    0.939729    1.147213e+00
0:   746    9.703064e+02    0.899204    1.031578e+00
0:   747    9.039288e+02    0.931591    9.610088e-01
0:   748    8.558349e+02    0.946795    9.098780e-01
0:   749    8.652385e+02    1.010988    9.198753e-01
0:   750    8.019007e+02    0.926797    8.525380e-01
0:   751    7.678220e+02    0.957503    8.163074e-01
0:   752    7.190378e+02    0.936464    7.644426e-01
0:   753    6.527498e+02    0.907810    6.939688e-01
0:   754    5.980024e+02    0.916128    6.357642e-01
0:   755    5.635577e+02    0.942400    5.991444e-01
0:   756    5.066603e+02    0.899039    5.386542e-01
0:   757    4.596148e+02    0.907146    4.886379e-01
0:   758    3.990823e+02    0.868297    4.242829e-01
0:   759    3.357923e+02    0.841411    3.569964e-01
0:   760    2.980931e+02    0.887731    3.169166e-01
0:   761    2.835353e+02    0.951164    3.014396e-01
0:   762    2.482987e+02    0.875724    2.639779e-01
0:   763    2.209971e+02    0.890045    2.349523e-01
0:   764    2.091604e+02    0.946439    2.223681e-01
0:   765    2.056101e+02    0.983026    2.185937e-01
0:   766    1.855453e+02    0.902413    1.972618e-01
0:   767    1.579168e+02    0.851096    1.678887e-01
0:   768    1.398923e+02    0.885861    1.487261e-01
0:   769    1.260741e+02    0.901222    1.340352e-01
0:   770    1.075567e+02    0.853123    1.143486e-01
0:   771    9.748048e+01    0.906317    1.036360e-01
0:   772    8.998034e+01    0.923060    9.566229e-02
0:   773    8.510791e+01    0.945850    9.048218e-02
0:   774    8.038557e+01    0.944514    8.546165e-02
0:   775    7.194127e+01    0.894953    7.648412e-02
0:   776    6.779479e+01    0.942363    7.207580e-02
0:   777    6.224471e+01    0.918134    6.617525e-02
0:   778    5.708717e+01    0.917141    6.069203e-02
0:   779    5.375397e+01    0.941612    5.714835e-02
0:   780    5.164337e+01    0.960736    5.490447e-02
0:   781    5.169184e+01    1.000939    5.495600e-02
0:   782    5.122386e+01    0.990947    5.445848e-02
0:   783    5.154173e+01    1.006205    5.479641e-02
0:   784    5.102751e+01    0.990023    5.424972e-02
0:   785    4.744824e+01    0.929856    5.044444e-02
0:   786    4.606374e+01    0.970821    4.897251e-02
0:   787    4.466557e+01    0.969647    4.748605e-02
0:   788    4.233412e+01    0.947802    4.500738e-02
0:   789    4.009104e+01    0.947015    4.262265e-02
0:   790    3.787535e+01    0.944734    4.026705e-02
0:   791    3.755919e+01    0.991653    3.993092e-02
0:   792    3.509065e+01    0.934276    3.730651e-02
0:   793    3.374072e+01    0.961530    3.587133e-02
0:   794    3.189975e+01    0.945438    3.391411e-02
0:   795    3.173431e+01    0.994814    3.373823e-02
0:   796    3.278239e+01    1.033027    3.485249e-02
0:   797    3.069992e+01    0.936476    3.263851e-02
0:   798    2.990444e+01    0.974089    3.179280e-02
0:   799    2.986996e+01    0.998847    3.175614e-02
0:   800    2.955102e+01    0.989322    3.141706e-02
0:   801    2.872959e+01    0.972203    3.054377e-02
0:   802    2.733346e+01    0.951404    2.905948e-02
0:   803    2.586779e+01    0.946378    2.750125e-02
0:   804    2.527644e+01    0.977140    2.687256e-02
0:   805    2.482920e+01    0.982306    2.639708e-02
0:   806    2.373895e+01    0.956090    2.523798e-02
0:   807    2.317930e+01    0.976425    2.464300e-02
0:   808    2.190078e+01    0.944842    2.328374e-02
0:   809    2.237044e+01    1.021445    2.378306e-02
0:   810    2.303721e+01    1.029806    2.449193e-02
0:   811    2.484552e+01    1.078496    2.641443e-02
0:   812    2.715864e+01    1.093100    2.887362e-02
0:   813    2.779136e+01    1.023297    2.954629e-02
0:   814    2.674229e+01    0.962252    2.843098e-02
0:   815    2.558421e+01    0.956695    2.719977e-02
0:   816    2.449093e+01    0.957267    2.603745e-02
0:   817    2.522211e+01    1.029855    2.681480e-02
0:   818    2.575796e+01    1.021246    2.738449e-02
0:   819    2.545366e+01    0.988186    2.706097e-02
0:   820    2.478405e+01    0.973693    2.634908e-02
0:   821    2.389555e+01    0.964150    2.540447e-02
0:   822    2.366982e+01    0.990554    2.516449e-02
0:   823    2.406818e+01    1.016830    2.558801e-02
0:   824    2.442307e+01    1.014745    2.596531e-02
0:   825    2.477877e+01    1.014564    2.634346e-02
0:   826    2.427762e+01    0.979775    2.581067e-02
0:   827    2.241490e+01    0.923274    2.383033e-02
0:   828    2.072800e+01    0.924742    2.203691e-02
0:   829    1.941342e+01    0.936579    2.063931e-02
0:   830    1.883662e+01    0.970289    2.002609e-02
0:   831    1.930518e+01    1.024875    2.052424e-02
0:   832    1.885586e+01    0.976725    2.004654e-02
0:   833    1.712081e+01    0.907984    1.820193e-02
0:   834    1.609502e+01    0.940085    1.711136e-02
0:   835    1.562462e+01    0.970774    1.661126e-02
0:   836    1.610748e+01    1.030904    1.712461e-02
0:   837    1.648034e+01    1.023148    1.752102e-02
0:   838    1.592442e+01    0.966267    1.692999e-02
0:   839    1.556127e+01    0.977196    1.654391e-02
0:   840    1.609038e+01    1.034002    1.710643e-02
0:   841    1.666325e+01    1.035603    1.771547e-02
0:   842    1.717155e+01    1.030504    1.825587e-02
0:   843    1.794469e+01    1.045024    1.907783e-02
0:   844    1.737919e+01    0.968487    1.847663e-02
0:   845    1.629126e+01    0.937400    1.732000e-02
0:   846    1.540150e+01    0.945384    1.637405e-02
0:   847    1.415756e+01    0.919232    1.505156e-02
0:   848    1.369451e+01    0.967294    1.455928e-02
0:   849    1.348522e+01    0.984717    1.433677e-02
0:   850    1.340899e+01    0.994347    1.425572e-02
0:   851    1.308669e+01    0.975964    1.391307e-02
0:   852    1.288746e+01    0.984776    1.370126e-02
0:   853    1.315356e+01    1.020648    1.398417e-02
0:   854    1.200953e+01    0.913025    1.276790e-02
0:   855    1.151452e+01    0.958781    1.224162e-02
0:   856    1.152700e+01    1.001084    1.225489e-02
0:   857    1.144704e+01    0.993064    1.216988e-02
0:   858    1.169935e+01    1.022041    1.243812e-02
0:   859    1.157531e+01    0.989398    1.230625e-02
0:   860    1.049548e+01    0.906713    1.115823e-02
0:   861    9.793382e+00    0.933105    1.041180e-02
0:   862    8.766383e+00    0.895133    9.319950e-03
0:   863    8.346700e+00    0.952126    8.873766e-03
0:   864    8.168577e+00    0.978659    8.684394e-03
0:   865    8.256325e+00    1.010742    8.777684e-03
0:   866    8.069724e+00    0.977399    8.579300e-03
0:   867    8.237589e+00    1.020802    8.757764e-03
0:   868    7.694678e+00    0.934093    8.180571e-03
0:   869    7.270267e+00    0.944844    7.729360e-03
0:   870    6.879220e+00    0.946213    7.313619e-03
0:   871    6.928080e+00    1.007103    7.365564e-03
0:   872    6.890852e+00    0.994627    7.325985e-03
0:   873    6.802976e+00    0.987248    7.232561e-03
0:   874    6.648387e+00    0.977276    7.068210e-03
0:   875    6.427611e+00    0.966792    6.833493e-03
0:   876    6.605002e+00    1.027598    7.022086e-03
0:   877    6.789220e+00    1.027891    7.217936e-03
0:   878    7.066690e+00    1.040869    7.512927e-03
0:   879    7.312972e+00    1.034851    7.774761e-03
0:   880    7.299464e+00    0.998153    7.760401e-03
0:   881    7.891852e+00    1.081155    8.390195e-03
0:   882    8.368616e+00    1.060412    8.897065e-03
0:   883    8.432159e+00    1.007593    8.964622e-03
0:   884    8.028675e+00    0.952149    8.535658e-03
0:   885    7.663592e+00    0.954528    8.147522e-03
0:   886    7.061797e+00    0.921473    7.507725e-03
0:   887    6.952724e+00    0.984555    7.391765e-03
0:   888    6.476084e+00    0.931445    6.885026e-03
0:   889    6.244810e+00    0.964288    6.639149e-03
0:   890    5.978437e+00    0.957345    6.355955e-03
0:   891    5.839423e+00    0.976747    6.208162e-03
0:   892    5.746335e+00    0.984059    6.109196e-03
0:   893    5.395178e+00    0.938890    5.735865e-03
0:   894    5.281893e+00    0.979003    5.615427e-03
0:   895    5.132633e+00    0.971741    5.456741e-03
0:   896    4.516742e+00    0.880005    4.801959e-03
0:   897    4.336472e+00    0.960088    4.610306e-03
0:   898    3.991336e+00    0.920411    4.243375e-03
0:   899    3.658077e+00    0.916504    3.889072e-03
0:   900    3.459371e+00    0.945680    3.677819e-03
0:   901    3.249253e+00    0.939261    3.454432e-03
0:   902    3.102258e+00    0.954760    3.298155e-03
0:   903    3.051376e+00    0.983599    3.244060e-03
0:   904    3.064573e+00    1.004325    3.258090e-03
0:   905    3.066645e+00    1.000676    3.260293e-03
0:   906    2.961653e+00    0.965763    3.148671e-03
0:   907    2.772220e+00    0.936038    2.947277e-03
0:   908    2.663249e+00    0.960692    2.831424e-03
0:   909    2.532919e+00    0.951063    2.692864e-03
0:   910    2.491038e+00    0.983465    2.648338e-03
0:   911    2.579648e+00    1.035572    2.742544e-03
0:   912    2.576486e+00    0.998774    2.739182e-03
0:   913    2.535670e+00    0.984158    2.695789e-03
0:   914    2.493084e+00    0.983205    2.650513e-03
0:   915    2.606953e+00    1.045674    2.771574e-03
0:   916    2.734812e+00    1.049045    2.907506e-03
0:   917    2.926202e+00    1.069983    3.110981e-03
0:   918    2.928092e+00    1.000646    3.112992e-03
0:   919    2.897837e+00    0.989667    3.080825e-03
0:   920    2.899783e+00    1.000672    3.082895e-03
0:   921    2.882961e+00    0.994199    3.065010e-03
0:   922    2.923591e+00    1.014093    3.108206e-03
0:   923    3.077966e+00    1.052803    3.272329e-03
0:   924    3.395233e+00    1.103077    3.609630e-03
0:   925    3.627324e+00    1.068358    3.856377e-03
0:   926    3.612758e+00    0.995984    3.840892e-03
0:   927    3.526544e+00    0.976136    3.749234e-03
0:   928    3.625476e+00    1.028054    3.854413e-03
0:   929    3.698080e+00    1.020026    3.931601e-03
0:   930    3.711179e+00    1.003542    3.945527e-03
0:   931    3.709915e+00    0.999659    3.944184e-03
0:   932    3.894056e+00    1.049635    4.139952e-03
0:   933    4.034067e+00    1.035955    4.288804e-03
0:   934    4.104330e+00    1.017417    4.363504e-03
0:   935    3.992649e+00    0.972789    4.244771e-03
0:   936    3.751335e+00    0.939560    3.988219e-03
0:   937    3.528707e+00    0.940654    3.751533e-03
0:   938    3.484164e+00    0.987377    3.704178e-03
0:   939    3.461289e+00    0.993435    3.679858e-03
0:   940    3.499245e+00    1.010966    3.720211e-03
0:   941    3.500089e+00    1.000241    3.721108e-03
0:   942    3.630143e+00    1.037157    3.859374e-03
0:   943    3.670135e+00    1.011017    3.901892e-03
0:   944    3.570381e+00    0.972820    3.795838e-03
0:   945    3.431432e+00    0.961083    3.648115e-03
0:   946    3.390068e+00    0.987946    3.604139e-03
0:   947    3.565534e+00    1.051759    3.790686e-03
0:   948    3.720377e+00    1.043428    3.955306e-03
0:   949    3.813612e+00    1.025061    4.054429e-03
0:   950    3.911973e+00    1.025792    4.159000e-03
0:   951    3.980479e+00    1.017512    4.231833e-03
0:   952    4.087109e+00    1.026788    4.345196e-03
0:   953    3.904517e+00    0.955325    4.151074e-03
0:   954    3.778522e+00    0.967731    4.017122e-03
0:   955    3.579693e+00    0.947379    3.805738e-03
0:   956    3.446228e+00    0.962716    3.663845e-03
0:   957    3.308250e+00    0.959963    3.517155e-03
0:   958    3.243173e+00    0.980329    3.447968e-03
0:   959    3.178865e+00    0.980171    3.379599e-03
0:   960    3.271715e+00    1.029209    3.478313e-03
0:   961    3.262492e+00    0.997181    3.468507e-03
0:   962    3.204370e+00    0.982185    3.406715e-03
0:   963    3.260444e+00    1.017499    3.466330e-03
0:   964    3.287630e+00    1.008338    3.495233e-03
0:   965    3.222875e+00    0.980303    3.426389e-03
0:   966    3.332366e+00    1.033973    3.542793e-03
0:   967    3.340560e+00    1.002459    3.551505e-03
0:   968    3.401638e+00    1.018284    3.616440e-03
0:   969    3.253291e+00    0.956390    3.458726e-03
0:   970    3.157372e+00    0.970516    3.356750e-03
0:   971    3.184121e+00    1.008472    3.385188e-03
0:   972    3.200976e+00    1.005293    3.403106e-03
0:   973    3.150440e+00    0.984212    3.349380e-03
0:   974    3.010147e+00    0.955469    3.200227e-03
0:   975    2.860543e+00    0.950300    3.041177e-03
0:   976    2.834805e+00    0.991002    3.013813e-03
0:   977    2.839606e+00    1.001694    3.018917e-03
0:   978    2.850652e+00    1.003890    3.030660e-03
0:   979    2.680224e+00    0.940215    2.849471e-03
0:   980    2.494867e+00    0.930842    2.652409e-03
0:   981    2.245459e+00    0.900032    2.387252e-03
0:   982    2.071591e+00    0.922569    2.202405e-03
0:   983    1.949498e+00    0.941063    2.072602e-03
0:   984    1.792457e+00    0.919445    1.905644e-03
0:   985    1.744354e+00    0.973164    1.854504e-03
0:   986    1.705968e+00    0.977994    1.813694e-03
0:   987    1.652490e+00    0.968653    1.756839e-03
0:   988    1.530771e+00    0.926342    1.627434e-03
0:   989    1.458977e+00    0.953100    1.551106e-03
0:   990    1.433255e+00    0.982370    1.523760e-03
0:   991    1.407465e+00    0.982006    1.496342e-03
0:   992    1.435989e+00    1.020266    1.526667e-03
0:   993    1.461049e+00    1.017451    1.553309e-03
0:   994    1.497627e+00    1.025036    1.592197e-03
0:   995    1.496605e+00    0.999317    1.591110e-03
0:   996    1.448987e+00    0.968183    1.540486e-03
0:   997    1.382830e+00    0.954343    1.470151e-03
0:   998    1.373125e+00    0.992982    1.459834e-03
0:   999    1.418098e+00    1.032752    1.507646e-03
0:  1000    1.348064e+00    0.950614    1.433189e-03
0: 
0: 
0: =============================================
0: Solve phase times:
0: =============================================
0: PCG Solve:
0:   wall clock time = 2.062243 seconds
0:   wall MFLOPS     = 0.000000
0:   cpu clock time  = 2.062198 seconds
0:   cpu MFLOPS      = 0.000000
0: 
0: 
0: Iterations = 1000
0: Final Relative Residual Norm = 1.433189e-03
0: 
0: Global matrix size: 192 x 192 x 192
0: 5pt 2D Laplacian
0: =============================================
0: Hypre init times:
0: =============================================
0: Hypre init:
0:   wall clock time = 0.000002 seconds
0:   wall MFLOPS     = 0.000000
0:   cpu clock time  = 0.000002 seconds
0:   cpu MFLOPS      = 0.000000
0: 
0: 
0: Using HYPRE_DEVELOP_STRING: v3.1.0-1-g5f6c9306d (branch v3.1.0_thrusthipbugfix; not the develop branch)
0: 
0: Running with these driver parameters:
0:   solver ID    = 2
0: 
0:   Laplacian:   num_fun = 1
0:     (nx, ny, nz) = (192, 192, 192)
0:     (Px, Py, Pz) = (4, 4, 4)
0:     (cx, cy, cz) = (1.000000, 1.000000, 1.000000)
0: 
0: =============================================
0: Generate Matrix:
0: =============================================
0: Spatial Operator:
0:   wall clock time = 0.030798 seconds
0:   wall MFLOPS     = 0.000000
0:   cpu clock time  = 0.030793 seconds
0:   cpu MFLOPS      = 0.000000
0: 
0:   Number of vector components: 1
0:   RHS vector has unit coefficients
0:   Initial guess is 0
0: =============================================
0: IJ Vector Setup:
0: =============================================
0: RHS and Initial Guess:
0:   wall clock time = 0.003482 seconds
0:   wall MFLOPS     = 0.000000
0:   cpu clock time  = 0.003482 seconds
0:   cpu MFLOPS      = 0.000000
0: 
0: Solver: DS-PCG
0: HYPRE_ParCSRPCGGetPrecond got good precond
0: =============================================
0: Setup phase times:
0: =============================================
0: PCG Setup:
0:   wall clock time = 0.000504 seconds
0:   wall MFLOPS     = 0.000000
0:   cpu clock time  = 0.000504 seconds
0:   cpu MFLOPS      = 0.000000
0: 
0: <b,b>: 7.077888e+06
0: 
0: 
0: Iters       ||r||_2     conv.rate  ||r||_2/||b||_2
0: -----    ------------   ---------  ------------ 
0:     1    1.497108e+04    5.627314    5.627314e+00
0:     2    1.481132e+04    0.989329    5.567264e+00
0:     3    1.543118e+04    1.041851    5.800257e+00
0:     4    1.760209e+04    1.140684    6.616258e+00
0:     5    1.607022e+04    0.912972    6.040458e+00
0:     6    1.781682e+04    1.108686    6.696972e+00
0:     7    1.756551e+04    0.985895    6.602508e+00
0:     8    1.786888e+04    1.017271    6.716538e+00
0:     9    1.702315e+04    0.952670    6.398646e+00
0:    10    1.756111e+04    1.031602    6.600855e+00
0:    11    1.714872e+04    0.976517    6.445845e+00
0:    12    1.670190e+04    0.973944    6.277893e+00
0:    13    1.720001e+04    1.029824    6.465123e+00
0:    14    1.627924e+04    0.946467    6.119026e+00
0:    15    1.662640e+04    1.021325    6.249515e+00
0:    16    1.633175e+04    0.982278    6.138762e+00
0:    17    1.587902e+04    0.972279    5.968591e+00
0:    18    1.622322e+04    1.021676    6.097968e+00
0:    19    1.552388e+04    0.956893    5.835102e+00
0:    20    1.567492e+04    1.009729    5.891874e+00
0:    21    1.547656e+04    0.987346    5.817316e+00
0:    22    1.505825e+04    0.972971    5.660082e+00
0:    23    1.527760e+04    1.014566    5.742529e+00
0:    24    1.474396e+04    0.965070    5.541945e+00
0:    25    1.477064e+04    1.001809    5.551973e+00
0:    26    1.463086e+04    0.990537    5.499433e+00
0:    27    1.424839e+04    0.973859    5.355673e+00
0:    28    1.438036e+04    1.009262    5.405276e+00
0:    29    1.396251e+04    0.970943    5.248215e+00
0:    30    1.391031e+04    0.996261    5.228594e+00
0:    31    1.380668e+04    0.992550    5.189643e+00
0:    32    1.345727e+04    0.974692    5.058305e+00
0:    33    1.352640e+04    1.005137    5.084290e+00
0:    34    1.319222e+04    0.975295    4.958680e+00
0:    35    1.308890e+04    0.992168    4.919845e+00
0:    36    1.300761e+04    0.993789    4.889289e+00
0:    37    1.268886e+04    0.975495    4.769475e+00
0:    38    1.271078e+04    1.001728    4.777715e+00
0:    39    1.243938e+04    0.978648    4.675702e+00
0:    40    1.230287e+04    0.989026    4.624390e+00
0:    41    1.223475e+04    0.994463    4.598786e+00
0:    42    1.194488e+04    0.976308    4.489832e+00
0:    43    1.193010e+04    0.998763    4.484277e+00
0:    44    1.170707e+04    0.981305    4.400445e+00
0:    45    1.154968e+04    0.986556    4.341283e+00
0:    46    1.148835e+04    0.994690    4.318229e+00
0:    47    1.122591e+04    0.977156    4.219583e+00
0:    48    1.118203e+04    0.996092    4.203092e+00
0:    49    1.099680e+04    0.983435    4.133468e+00
0:    50    1.082742e+04    0.984597    4.069802e+00
0:    51    1.076831e+04    0.994540    4.047582e+00
0:    52    1.053186e+04    0.978042    3.958707e+00
0:    53    1.046482e+04    0.993635    3.933509e+00
0:    54    1.030923e+04    0.985132    3.875024e+00
0:    55    1.013451e+04    0.983052    3.809351e+00
0:    56    1.007439e+04    0.994067    3.786751e+00
0:    57    9.862383e+03    0.978956    3.707063e+00
0:    58    9.777099e+03    0.991353    3.675007e+00
0:    59    9.644572e+03    0.986445    3.625193e+00
0:    60    9.469563e+03    0.981854    3.559411e+00
0:    61    9.406235e+03    0.993312    3.535607e+00
0:    62    9.216928e+03    0.979874    3.464450e+00
0:    63    9.117659e+03    0.989230    3.427137e+00
0:    64    9.002809e+03    0.987404    3.383968e+00
0:    65    8.831323e+03    0.980952    3.319510e+00
0:    66    8.763447e+03    0.992314    3.293996e+00
0:    67    8.594890e+03    0.980766    3.230639e+00
0:    68    8.485409e+03    0.987262    3.189488e+00
0:    69    8.383773e+03    0.988022    3.151285e+00
0:    70    8.218627e+03    0.980302    3.089210e+00
0:    71    8.145559e+03    0.991109    3.061745e+00
0:    72    7.995638e+03    0.981595    3.005393e+00
0:    73    7.879310e+03    0.985451    2.961668e+00
0:    74    7.787210e+03    0.988311    2.927049e+00
0:    75    7.630379e+03    0.979861    2.868100e+00
0:    76    7.552049e+03    0.989734    2.838657e+00
0:    77    7.418544e+03    0.982322    2.788476e+00
0:    78    7.298345e+03    0.983797    2.743295e+00
0:    79    7.212802e+03    0.988279    2.711142e+00
0:    80    7.065545e+03    0.979584    2.655791e+00
0:    81    6.982339e+03    0.988224    2.624515e+00
0:    82    6.862993e+03    0.982908    2.579656e+00
0:    83    6.741514e+03    0.982299    2.533994e+00
0:    84    6.660182e+03    0.987936    2.503423e+00
0:    85    6.523144e+03    0.979424    2.451913e+00
0:    86    6.435793e+03    0.986609    2.419080e+00
0:    87    6.328388e+03    0.983311    2.378709e+00
0:    88    6.207822e+03    0.980948    2.333391e+00
0:    89    6.128931e+03    0.987292    2.303737e+00
0:    90    6.002243e+03    0.979330    2.256118e+00
0:    91    5.911720e+03    0.984918    2.222092e+00
0:    92    5.814146e+03    0.983495    2.185416e+00
0:    93    5.696284e+03    0.979728    2.141114e+00
0:    94    5.618578e+03    0.986359    2.111906e+00
0:    95    5.501958e+03    0.979244    2.068071e+00
0:    96    5.409374e+03    0.983173    2.033270e+00
0:    97    5.319691e+03    0.983421    1.999561e+00
0:    98    5.205917e+03    0.978613    1.956795e+00
0:    99    5.128599e+03    0.985148    1.927733e+00
0:   100    5.021440e+03    0.979106    1.887454e+00
0:   101    4.927956e+03    0.981383    1.852316e+00
0:   102    4.844443e+03    0.983053    1.820925e+00
0:   103    4.735752e+03    0.977564    1.780070e+00
0:   104    4.658406e+03    0.983668    1.750997e+00
0:   105    4.559874e+03    0.978848    1.713961e+00
0:   106    4.466622e+03    0.979550    1.678910e+00
0:   107    4.387807e+03    0.982355    1.649285e+00
0:   108    4.284823e+03    0.976529    1.610575e+00
0:   109    4.207350e+03    0.981919    1.581455e+00
0:   110    4.116462e+03    0.978398    1.547292e+00
0:   111    4.024480e+03    0.977655    1.512718e+00
0:   112    3.949158e+03    0.981284    1.484406e+00
0:   113    3.852172e+03    0.975441    1.447951e+00
0:   114    3.774711e+03    0.979892    1.418835e+00
0:   115    3.690418e+03    0.977669    1.387151e+00
0:   116    3.600594e+03    0.975660    1.353388e+00
0:   117    3.527830e+03    0.979791    1.326038e+00
0:   118    3.436839e+03    0.974208    1.291836e+00
0:   119    3.359696e+03    0.977554    1.262840e+00
0:   120    3.280946e+03    0.976560    1.233239e+00
0:   121    3.193988e+03    0.973496    1.200553e+00
0:   122    3.123098e+03    0.977805    1.173907e+00
0:   123    3.037859e+03    0.972707    1.141868e+00
0:   124    2.961434e+03    0.974842    1.113141e+00
0:   125    2.887225e+03    0.974942    1.085247e+00
0:   126    2.803636e+03    0.971049    1.053828e+00
0:   127    2.734163e+03    0.975220    1.027715e+00
0:   128    2.654243e+03    0.970770    9.976743e-01
0:   129    2.578967e+03    0.971639    9.693796e-01
0:   130    2.508388e+03    0.972633    9.428505e-01
0:   131    2.428460e+03    0.968136    9.128073e-01
0:   132    2.360139e+03    0.971866    8.871268e-01
0:   133    2.284965e+03    0.968149    8.588707e-01
0:   134    2.211244e+03    0.967736    8.311603e-01
0:   135    2.143499e+03    0.969364    8.056965e-01
0:   136    2.067315e+03    0.964458    7.770605e-01
0:   137    2.000027e+03    0.967451    7.517682e-01
0:   138    1.928940e+03    0.964457    7.250481e-01
0:   139    1.857106e+03    0.962760    6.980473e-01
0:   140    1.791525e+03    0.964686    6.733966e-01
0:   141    1.718971e+03    0.959502    6.461253e-01
0:   142    1.652696e+03    0.961445    6.212137e-01
0:   143    1.584988e+03    0.959032    5.957637e-01
0:   144    1.515263e+03    0.956009    5.695555e-01
0:   145    1.451296e+03    0.957785    5.455117e-01
0:   146    1.382084e+03    0.952310    5.194963e-01
0:   147    1.316848e+03    0.952799    4.949758e-01
0:   148    1.251798e+03    0.950601    4.705246e-01
0:   149    1.184261e+03    0.946048    4.451390e-01
0:   150    1.121465e+03    0.946974    4.215353e-01
0:   151    1.055151e+03    0.940868    3.966091e-01
0:   152    9.909835e+02    0.939187    3.724900e-01
0:   153    9.278887e+02    0.936331    3.487739e-01
0:   154    8.625002e+02    0.929530    3.241958e-01
0:   155    8.006263e+02    0.928262    3.009387e-01
0:   156    7.369401e+02    0.920455    2.770004e-01
0:   157    6.745600e+02    0.915353    2.535530e-01
0:   158    6.144155e+02    0.910839    2.309459e-01
0:   159    5.544406e+02    0.902387    2.084026e-01
0:   160    5.000330e+02    0.901869    1.879520e-01
0:   161    4.506228e+02    0.901186    1.693797e-01
0:   162    4.104413e+02    0.910831    1.542763e-01
0:   163    3.845053e+02    0.936809    1.445275e-01
0:   164    3.752459e+02    0.975919    1.410471e-01
0:   165    3.900070e+02    1.039337    1.465955e-01
0:   166    4.319506e+02    1.107546    1.623612e-01
0:   167    5.016417e+02    1.161340    1.885566e-01
0:   168    5.895317e+02    1.175205    2.215926e-01
0:   169    6.561946e+02    1.113078    2.466498e-01
0:   170    6.549150e+02    0.998050    2.461688e-01
0:   171    5.738652e+02    0.876244    2.157039e-01
0:   172    4.623690e+02    0.805710    1.737948e-01
0:   173    3.789007e+02    0.819477    1.424208e-01
0:   174    3.458297e+02    0.912719    1.299901e-01
0:   175    3.646113e+02    1.054309    1.370498e-01
0:   176    4.126449e+02    1.131739    1.551046e-01
0:   177    4.348528e+02    1.053818    1.634521e-01
0:   178    3.948599e+02    0.908031    1.484196e-01
0:   179    3.282942e+02    0.831419    1.233989e-01
0:   180    2.913470e+02    0.887457    1.095112e-01
0:   181    3.001264e+02    1.030134    1.128112e-01
0:   182    3.305718e+02    1.101442    1.242550e-01
0:   183    3.320165e+02    1.004370    1.247980e-01
0:   184    2.885520e+02    0.869089    1.084606e-01
0:   185    2.492890e+02    0.863931    9.370253e-02
0:   186    2.468489e+02    0.990212    9.278533e-02
0:   187    2.676293e+02    1.084183    1.005963e-01
0:   188    2.680028e+02    1.001396    1.007366e-01
0:   189    2.338149e+02    0.872435    8.788614e-02
0:   190    2.070117e+02    0.885366    7.781137e-02
0:   191    2.110747e+02    1.019627    7.933855e-02
0:   192    2.245988e+02    1.064073    8.442200e-02
0:   193    2.113706e+02    0.941103    7.944979e-02
0:   194    1.830404e+02    0.865969    6.880106e-02
0:   195    1.741234e+02    0.951284    6.544933e-02
0:   196    1.849190e+02    1.062000    6.950718e-02
0:   197    1.828288e+02    0.988697    6.872153e-02
0:   198    1.603201e+02    0.876886    6.026096e-02
0:   199    1.479746e+02    0.922995    5.562055e-02
0:   200    1.541189e+02    1.041523    5.793006e-02
0:   201    1.554271e+02    1.008489    5.842181e-02
0:   202    1.380170e+02    0.887985    5.187772e-02
0:   203    1.264245e+02    0.916006    4.752031e-02
0:   204    1.309737e+02    1.035984    4.923028e-02
0:   205    1.314420e+02    1.003576    4.940631e-02
0:   206    1.172477e+02    0.892011    4.407096e-02
0:   207    1.086191e+02    0.926407    4.082765e-02
0:   208    1.125576e+02    1.036260    4.230804e-02
0:   209    1.113280e+02    0.989076    4.184588e-02
0:   210    9.893904e+01    0.888716    3.718912e-02
0:   211    9.407843e+01    0.950873    3.536211e-02
0:   212    9.792291e+01    1.040865    3.680717e-02
0:   213    9.378670e+01    0.957761    3.525246e-02
0:   214    8.399081e+01    0.895551    3.157039e-02
0:   215    8.276879e+01    0.985451    3.111106e-02
0:   216    8.531193e+01    1.030726    3.206697e-02
0:   217    7.893766e+01    0.925283    2.967102e-02
0:   218    7.237722e+01    0.916891    2.720508e-02
0:   219    7.410417e+01    1.023860    2.785421e-02
0:   220    7.370325e+01    0.994590    2.770351e-02
0:   221    6.661046e+01    0.903766    2.503748e-02
0:   222    6.428310e+01    0.965060    2.416267e-02
0:   223    6.634385e+01    1.032057    2.493726e-02
0:   224    6.260319e+01    0.943617    2.353123e-02
0:   225    5.737757e+01    0.916528    2.156703e-02
0:   226    5.815300e+01    1.013515    2.185850e-02
0:   227    5.789955e+01    0.995642    2.176323e-02
0:   228    5.245328e+01    0.905936    1.971609e-02
0:   229    5.063688e+01    0.965371    1.903334e-02
0:   230    5.161867e+01    1.019389    1.940238e-02
0:   231    4.783392e+01    0.926679    1.797977e-02
0:   232    4.398817e+01    0.919602    1.653423e-02
0:   233    4.417588e+01    1.004267    1.660479e-02
0:   234    4.237561e+01    0.959248    1.592811e-02
0:   235    3.804929e+01    0.897905    1.430193e-02
0:   236    3.714418e+01    0.976212    1.396172e-02
0:   237    3.704313e+01    0.997279    1.392374e-02
0:   238    3.377361e+01    0.911738    1.269479e-02
0:   239    3.211738e+01    0.950961    1.207225e-02
0:   240    3.241267e+01    1.009194    1.218324e-02
0:   241    3.004665e+01    0.927003    1.129391e-02
0:   242    2.772982e+01    0.922892    1.042306e-02
0:   243    2.785495e+01    1.004512    1.047009e-02
0:   244    2.661828e+01    0.955603    1.000525e-02
0:   245    2.418076e+01    0.908427    9.089043e-03
0:   246    2.381958e+01    0.985063    8.953283e-03
0:   247    2.330668e+01    0.978467    8.760494e-03
0:   248    2.112551e+01    0.906414    7.940636e-03
0:   249    2.037487e+01    0.964467    7.658486e-03
0:   250    2.020452e+01    0.991639    7.594456e-03
0:   251    1.842613e+01    0.911980    6.925995e-03
0:   252    1.743675e+01    0.946306    6.554111e-03
0:   253    1.736806e+01    0.996060    6.528290e-03
0:   254    1.601798e+01    0.922267    6.020824e-03
0:   255    1.491651e+01    0.931235    5.606804e-03
0:   256    1.483137e+01    0.994292    5.574801e-03
0:   257    1.385561e+01    0.934209    5.208032e-03
0:   258    1.274067e+01    0.919532    4.788953e-03
0:   259    1.260372e+01    0.989251    4.737476e-03
0:   260    1.190794e+01    0.944796    4.475947e-03
0:   261    1.085623e+01    0.911680    4.080631e-03
0:   262    1.066759e+01    0.982624    4.009725e-03
0:   263    1.015957e+01    0.952377    3.818771e-03
0:   264    9.223986e+00    0.907911    3.467104e-03
0:   265    8.989121e+00    0.974538    3.378823e-03
0:   266    8.607243e+00    0.957518    3.235282e-03
0:   267    7.808202e+00    0.907166    2.934940e-03
0:   268    7.534469e+00    0.964943    2.832049e-03
0:   269    7.249807e+00    0.962219    2.725051e-03
0:   270    6.572443e+00    0.906568    2.470444e-03
0:   271    6.282233e+00    0.955844    2.361360e-03
0:   272    6.074755e+00    0.966974    2.283373e-03
0:   273    5.487956e+00    0.903404    2.062808e-03
0:   274    5.220985e+00    0.951353    1.962459e-03
0:   275    5.052590e+00    0.967746    1.899163e-03
0:   276    4.548759e+00    0.900283    1.709783e-03
0:   277    4.327353e+00    0.951326    1.626561e-03
0:   278    4.158886e+00    0.961069    1.563238e-03
0:   279    3.760212e+00    0.904139    1.413385e-03
0:   280    3.557807e+00    0.946172    1.337305e-03
0:   281    3.401472e+00    0.956059    1.278542e-03
0:   282    3.098616e+00    0.910964    1.164705e-03
0:   283    2.889792e+00    0.932607    1.086212e-03
0:   284    2.788394e+00    0.964912    1.048099e-03
0:   285    2.517142e+00    0.902721    9.461408e-04
0:   286    2.346199e+00    0.932089    8.818873e-04
0:   287    2.273028e+00    0.968813    8.543839e-04
0:   288    2.021383e+00    0.889290    7.597954e-04
0:   289    1.916420e+00    0.948074    7.203423e-04
0:   290    1.813456e+00    0.946273    6.816402e-04
0:   291    1.630188e+00    0.898940    6.127535e-04
0:   292    1.542394e+00    0.946145    5.797535e-04
0:   293    1.450538e+00    0.940446    5.452268e-04
0:   294    1.320500e+00    0.910352    4.963482e-04
0:   295    1.226005e+00    0.928440    4.608296e-04
0:   296    1.173806e+00    0.957424    4.412092e-04
0:   297    1.050202e+00    0.894698    3.947490e-04
0:   298    9.916047e-01    0.944204    3.727234e-04
0:   299    9.401723e-01    0.948132    3.533911e-04
0:   300    8.463183e-01    0.900174    3.181134e-04
0:   301    8.043309e-01    0.950388    3.023312e-04
0:   302    7.602627e-01    0.945211    2.857669e-04
0:   303    6.903026e-01    0.907979    2.594703e-04
0:   304    6.584819e-01    0.953903    2.475096e-04
0:   305    6.264545e-01    0.951362    2.354711e-04
0:   306    5.686522e-01    0.907731    2.137445e-04
0:   307    5.541200e-01    0.974444    2.082821e-04
0:   308    5.204629e-01    0.939260    1.956311e-04
0:   309    4.850936e-01    0.932043    1.823365e-04
0:   310    4.696808e-01    0.968227    1.765432e-04
0:   311    4.481993e-01    0.954264    1.684687e-04
0:   312    4.170651e-01    0.930535    1.567660e-04
0:   313    4.099820e-01    0.983017    1.541037e-04
0:   314    3.880913e-01    0.946606    1.458754e-04
0:   315    3.649429e-01    0.940353    1.371744e-04
0:   316    3.574575e-01    0.979489    1.343608e-04
0:   317    3.363963e-01    0.941080    1.264443e-04
0:   318    3.148180e-01    0.935854    1.183335e-04
0:   319    3.063157e-01    0.972993    1.151376e-04
0:   320    2.822220e-01    0.921344    1.060813e-04
0:   321    2.622379e-01    0.929190    9.856975e-05
0:   322    2.507035e-01    0.956016    9.423421e-05
0:   323    2.251000e-01    0.897873    8.461039e-05
0:   324    2.086902e-01    0.927100    7.844229e-05
0:   325    1.948482e-01    0.933672    7.323936e-05
0:   326    1.743094e-01    0.894591    6.551925e-05
0:   327    1.626236e-01    0.932960    6.112682e-05
0:   328    1.532536e-01    0.942382    5.760481e-05
0:   329    1.406424e-01    0.917711    5.286454e-05
0:   330    1.378337e-01    0.980029    5.180881e-05
0:   331    1.346994e-01    0.977261    5.063070e-05
0:   332    1.313640e-01    0.975238    4.937698e-05
0:   333    1.339040e-01    1.019335    5.033170e-05
0:   334    1.336496e-01    0.998101    5.023609e-05
0:   335    1.292186e-01    0.966846    4.857056e-05
0:   336    1.273868e-01    0.985824    4.788205e-05
0:   337    1.177575e-01    0.924408    4.426257e-05
0:   338    1.070084e-01    0.908718    4.022220e-05
0:   339    9.954266e-02    0.930233    3.741600e-05
0:   340    9.020932e-02    0.906238    3.390780e-05
0:   341    8.486929e-02    0.940804    3.190059e-05
0:   342    8.449146e-02    0.995548    3.175857e-05
0:   343    8.169691e-02    0.966925    3.070816e-05
0:   344    8.112609e-02    0.993013    3.049360e-05
0:   345    7.882629e-02    0.971652    2.962915e-05
0:   346    7.096062e-02    0.900215    2.667261e-05
0:   347    6.528365e-02    0.919998    2.453876e-05
0:   348    5.928817e-02    0.908163    2.228518e-05
0:   349    5.421693e-02    0.914465    2.037901e-05
0:   350    5.334437e-02    0.983906    2.005103e-05
0:   351    5.166198e-02    0.968462    1.941866e-05
0:   352    4.863579e-02    0.941423    1.828117e-05
0:   353    4.598451e-02    0.945487    1.728462e-05
0:   354    4.067411e-02    0.884518    1.528855e-05
0:   355    3.714413e-02    0.913213    1.396170e-05
0:   356    3.562734e-02    0.959165    1.339157e-05
0:   357    3.412871e-02    0.957936    1.282827e-05
0:   358    3.311770e-02    0.970376    1.244825e-05
0:   359    3.153082e-02    0.952084    1.185178e-05
0:   360    2.813242e-02    0.892220    1.057439e-05
0:   361    2.635817e-02    0.936932    9.907486e-06
0:   362    2.516230e-02    0.954630    9.457982e-06
0:   363    2.421165e-02    0.962219    9.100652e-06
0:   364    2.357570e-02    0.973734    8.861611e-06
0:   365    2.170979e-02    0.920855    8.160256e-06
0:   366    1.932777e-02    0.890279    7.264904e-06
0:   367    1.816955e-02    0.940075    6.829554e-06
0:   368    1.696773e-02    0.933855    6.377814e-06
0:   369    1.596921e-02    0.941152    6.002493e-06
0:   370    1.488049e-02    0.931823    5.593263e-06
0:   371    1.299517e-02    0.873303    4.884613e-06
0:   372    1.190461e-02    0.916080    4.474694e-06
0:   373    1.138061e-02    0.955984    4.277734e-06
0:   374    1.072636e-02    0.942512    4.031815e-06
0:   375    1.017533e-02    0.948628    3.824695e-06
0:   376    9.311867e-03    0.915141    3.500136e-06
0:   377    8.419374e-03    0.904155    3.164667e-06
0:   378    8.186593e-03    0.972352    3.077169e-06
0:   379    7.649837e-03    0.934435    2.875414e-06
0:   380    7.001144e-03    0.915202    2.631584e-06
0:   381    6.439542e-03    0.919784    2.420489e-06
0:   382    5.902630e-03    0.916623    2.218675e-06
0:   383    5.695324e-03    0.964879    2.140753e-06
0:   384    5.465501e-03    0.959647    2.054367e-06
0:   385    4.891494e-03    0.894976    1.838610e-06
0:   386    4.483816e-03    0.916656    1.685373e-06
0:   387    4.205455e-03    0.937919    1.580743e-06
0:   388    3.936039e-03    0.935936    1.479475e-06
0:   389    3.720684e-03    0.945287    1.398527e-06
0:   390    3.321726e-03    0.892773    1.248568e-06
0:   391    3.030455e-03    0.912313    1.139085e-06
0:   392    2.881207e-03    0.950751    1.082986e-06
0:   393    2.649416e-03    0.919551    9.958602e-07
0:   394    2.395066e-03    0.903998    9.002553e-07
0:   395    2.207676e-03    0.921760    8.298194e-07
0:   396    2.033335e-03    0.921030    7.642882e-07
0:   397    1.926432e-03    0.947424    7.241053e-07
0:   398    1.768550e-03    0.918044    6.647608e-07
0:   399    1.587343e-03    0.897539    5.966491e-07
0:   400    1.518939e-03    0.956907    5.709374e-07
0:   401    1.427214e-03    0.939612    5.364598e-07
0:   402    1.301586e-03    0.911977    4.892388e-07
0:   403    1.194446e-03    0.917686    4.489674e-07
0:   404    1.097254e-03    0.918630    4.124348e-07
0:   405    1.031210e-03    0.939810    3.876102e-07
0:   406    9.560999e-04    0.927163    3.593779e-07
0:   407    8.456943e-04    0.884525    3.178788e-07
0:   408    7.962868e-04    0.941578    2.993075e-07
0:   409    7.572376e-04    0.950961    2.846298e-07
0:   410    6.880040e-04    0.908571    2.586063e-07
0:   411    6.343163e-04    0.921966    2.384262e-07
0:   412    5.804199e-04    0.915032    2.181677e-07
0:   413    5.452687e-04    0.939438    2.049551e-07
0:   414    5.064318e-04    0.928775    1.903571e-07
0:   415    4.518203e-04    0.892164    1.698298e-07
0:   416    4.235668e-04    0.937467    1.592099e-07
0:   417    4.049417e-04    0.956028    1.522091e-07
0:   418    3.661902e-04    0.904304    1.376432e-07
0:   419    3.368058e-04    0.919757    1.265983e-07
0:   420    3.143638e-04    0.933368    1.181628e-07
0:   421    2.947838e-04    0.937715    1.108030e-07
0:   422    2.770815e-04    0.939948    1.041492e-07
0:   423    2.512769e-04    0.906870    9.444972e-08
0:   424    2.390585e-04    0.951375    8.985710e-08
0:   425    2.284913e-04    0.955797    8.588511e-08
0:   426    2.082760e-04    0.911527    7.828659e-08
0:   427    1.960532e-04    0.941314    7.369230e-08
0:   428    1.889545e-04    0.963792    7.102405e-08
0:   429    1.773557e-04    0.938616    6.666428e-08
0:   430    1.660450e-04    0.936226    6.241284e-08
0:   431    1.562973e-04    0.941295    5.874888e-08
0:   432    1.501534e-04    0.960691    5.643951e-08
0:   433    1.440665e-04    0.959462    5.415157e-08
0:   434    1.321528e-04    0.917304    4.967347e-08
0:   435    1.270737e-04    0.961567    4.776436e-08
0:   436    1.233856e-04    0.970976    4.637806e-08
0:   437    1.142799e-04    0.926201    4.295541e-08
0:   438    1.085763e-04    0.950091    4.081156e-08
0:   439    1.043001e-04    0.960616    3.920422e-08
0:   440    9.863149e-05    0.945651    3.707351e-08
0:   441    9.283979e-05    0.941279    3.489654e-08
0:   442    8.709848e-05    0.938159    3.273850e-08
0:   443    8.311055e-05    0.954214    3.123952e-08
0:   444    7.842905e-05    0.943671    2.947984e-08
0:   445    7.151281e-05    0.911815    2.688017e-08
0:   446    6.846392e-05    0.957366    2.573416e-08
0:   447    6.474424e-05    0.945669    2.433600e-08
0:   448    5.864694e-05    0.905825    2.204416e-08
0:   449    5.557762e-05    0.947664    2.089046e-08
0:   450    5.220563e-05    0.939328    1.962301e-08
0:   451    4.838871e-05    0.926887    1.818831e-08
0:   452    4.504974e-05    0.930997    1.693325e-08
0:   453    4.215344e-05    0.935709    1.584460e-08
0:   454    4.031779e-05    0.956453    1.515461e-08
0:   455    3.759593e-05    0.932490    1.413152e-08
0:   456    3.522512e-05    0.936940    1.324039e-08
0:   457    3.464138e-05    0.983428    1.302097e-08
0:   458    3.298403e-05    0.952157    1.239801e-08
0:   459    3.126919e-05    0.948010    1.175344e-08
0:   460    3.128454e-05    1.000491    1.175921e-08
0:   461    3.046268e-05    0.973729    1.145028e-08
0:   462    2.973578e-05    0.976138    1.117706e-08
0:   463    2.964189e-05    0.996843    1.114177e-08
0:   464    2.949453e-05    0.995028    1.108638e-08
0:   465    2.958203e-05    1.002967    1.111926e-08
0:   466    2.905707e-05    0.982254    1.092195e-08
0:   467    2.939742e-05    1.011713    1.104988e-08
0:   468    2.981398e-05    1.014170    1.120645e-08
0:   469    2.910893e-05    0.976352    1.094144e-08
0:   470    2.941051e-05    1.010360    1.105480e-08
0:   471    2.965501e-05    1.008313    1.114670e-08
0:   472    2.860015e-05    0.964429    1.075020e-08
0:   473    2.811492e-05    0.983034    1.056781e-08
0:   474    2.755914e-05    0.980232    1.035890e-08
0:   475    2.614266e-05    0.948602    9.826480e-09
0: 
0: 
0: =============================================
0: Solve phase times:
0: =============================================
0: PCG Solve:
0:   wall clock time = 1.014673 seconds
0:   wall MFLOPS     = 0.000000
0:   cpu clock time  = 1.014646 seconds
0:   cpu MFLOPS      = 0.000000
0: 
0: 
0: Iterations = 475
0: Final Relative Residual Norm = 9.826480e-09
0: 
0: 27pt 3D Laplacian
0: =============================================
0: Hypre init times:
0: =============================================
0: Hypre init:
0:   wall clock time = 0.000002 seconds
0:   wall MFLOPS     = 0.000000
0:   cpu clock time  = 0.000003 seconds
0:   cpu MFLOPS      = 0.000000
0: 
0: 
0: Using HYPRE_DEVELOP_STRING: v3.1.0-1-g5f6c9306d (branch v3.1.0_thrusthipbugfix; not the develop branch)
0: 
0: Running with these driver parameters:
0:   solver ID    = 2
0: 
0:   Laplacian_27pt:
0:     (nx, ny, nz) = (192, 192, 192)
0:     (Px, Py, Pz) = (4, 4, 4)
0: 
0: =============================================
0: Generate Matrix:
0: =============================================
0: Spatial Operator:
0:   wall clock time = 0.020023 seconds
0:   wall MFLOPS     = 0.000000
0:   cpu clock time  = 0.020024 seconds
0:   cpu MFLOPS      = 0.000000
0: 
0:   Number of vector components: 1
0:   RHS vector has unit coefficients
0:   Initial guess is 0
0: =============================================
0: IJ Vector Setup:
0: =============================================
0: RHS and Initial Guess:
0:   wall clock time = 0.003338 seconds
0:   wall MFLOPS     = 0.000000
0:   cpu clock time  = 0.003338 seconds
0:   cpu MFLOPS      = 0.000000
0: 
0: Solver: DS-PCG
0: HYPRE_ParCSRPCGGetPrecond got good precond
0: =============================================
0: Setup phase times:
0: =============================================
0: PCG Setup:
0:   wall clock time = 0.000459 seconds
0:   wall MFLOPS     = 0.000000
0:   cpu clock time  = 0.000460 seconds
0:   cpu MFLOPS      = 0.000000
0: 
0: <b,b>: 7.077888e+06
0: 
0: 
0: Iters       ||r||_2     conv.rate  ||r||_2/||b||_2
0: -----    ------------   ---------  ------------ 
0:     1    1.492764e+04    5.610987    5.610987e+00
0:     2    1.466179e+04    0.982191    5.511062e+00
0:     3    1.440227e+04    0.982299    5.413512e+00
0:     4    1.414143e+04    0.981889    5.315467e+00
0:     5    1.388247e+04    0.981688    5.218129e+00
0:     6    1.362887e+04    0.981732    5.122807e+00
0:     7    1.337738e+04    0.981548    5.028279e+00
0:     8    1.312792e+04    0.981352    4.934512e+00
0:     9    1.288278e+04    0.981327    4.842369e+00
0:    10    1.264025e+04    0.981174    4.751206e+00
0:    11    1.239992e+04    0.980987    4.660869e+00
0:    12    1.216339e+04    0.980926    4.571965e+00
0:    13    1.192958e+04    0.980777    4.484080e+00
0:    14    1.169807e+04    0.980593    4.397059e+00
0:    15    1.147005e+04    0.980508    4.311351e+00
0:    16    1.124474e+04    0.980357    4.226664e+00
0:    17    1.102178e+04    0.980172    4.142857e+00
0:    18    1.080209e+04    0.980067    4.060278e+00
0:    19    1.058507e+04    0.979910    3.978707e+00
0:    20    1.037041e+04    0.979721    3.898021e+00
0:    21    1.015885e+04    0.979599    3.818498e+00
0:    22    9.949908e+03    0.979433    3.739962e+00
0:    23    9.743319e+03    0.979237    3.662310e+00
0:    24    9.539674e+03    0.979099    3.585764e+00
0:    25    9.338600e+03    0.978922    3.510184e+00
0:    26    9.139853e+03    0.978718    3.435480e+00
0:    27    8.943923e+03    0.978563    3.361833e+00
0:    28    8.750502e+03    0.978374    3.289131e+00
0:    29    8.559377e+03    0.978158    3.217291e+00
0:    30    8.370955e+03    0.977986    3.146467e+00
0:    31    8.184978e+03    0.977783    3.076562e+00
0:    32    8.001258e+03    0.977554    3.007506e+00
0:    33    7.820138e+03    0.977363    2.939426e+00
0:    34    7.641397e+03    0.977144    2.872241e+00
0:    35    7.464870e+03    0.976899    2.805889e+00
0:    36    7.290846e+03    0.976688    2.740476e+00
0:    37    7.119135e+03    0.976448    2.675934e+00
0:    38    6.949591e+03    0.976185    2.612206e+00
0:    39    6.782458e+03    0.975951    2.549384e+00
0:    40    6.617572e+03    0.975689    2.487407e+00
0:    41    6.454803e+03    0.975404    2.426226e+00
0:    42    6.294357e+03    0.975143    2.365917e+00
0:    43    6.136092e+03    0.974856    2.306429e+00
0:    44    5.979891e+03    0.974544    2.247716e+00
0:    45    5.825929e+03    0.974253    2.189845e+00
0:    46    5.674080e+03    0.973936    2.132768e+00
0:    47    5.524240e+03    0.973592    2.076446e+00
0:    48    5.376557e+03    0.973266    2.020935e+00
0:    49    5.230920e+03    0.972913    1.966193e+00
0:    50    5.087234e+03    0.972531    1.912185e+00
0:    51    4.945625e+03    0.972164    1.858957e+00
0:    52    4.805993e+03    0.971767    1.806472e+00
0:    53    4.668254e+03    0.971340    1.754699e+00
0:    54    4.532512e+03    0.970922    1.703676e+00
0:    55    4.398678e+03    0.970473    1.653371e+00
0:    56    4.266675e+03    0.969990    1.603754e+00
0:    57    4.136590e+03    0.969511    1.554858e+00
0:    58    4.008343e+03    0.968997    1.506652e+00
0:    59    3.881863e+03    0.968446    1.459111e+00
0:    60    3.757221e+03    0.967891    1.412261e+00
0:    61    3.634345e+03    0.967296    1.366074e+00
0:    62    3.513169e+03    0.966658    1.320527e+00
0:    63    3.393751e+03    0.966008    1.275640e+00
0:    64    3.276024e+03    0.965311    1.231389e+00
0:    65    3.159928e+03    0.964562    1.187751e+00
0:    66    3.045507e+03    0.963790    1.144742e+00
0:    67    2.932700e+03    0.962960    1.102341e+00
0:    68    2.821451e+03    0.962066    1.060524e+00
0:    69    2.711791e+03    0.961134    1.019306e+00
0:    70    2.603664e+03    0.960127    9.786629e-01
0:    71    2.497016e+03    0.959039    9.385761e-01
0:    72    2.391869e+03    0.957891    8.990536e-01
0:    73    2.288169e+03    0.956645    8.600749e-01
0:    74    2.185863e+03    0.955289    8.216203e-01
0:    75    2.084965e+03    0.953840    7.836946e-01
0:    76    1.985420e+03    0.952256    7.462779e-01
0:    77    1.887178e+03    0.950518    7.093509e-01
0:    78    1.790242e+03    0.948634    6.729147e-01
0:    79    1.694559e+03    0.946553    6.369494e-01
0:    80    1.600079e+03    0.944245    6.014361e-01
0:    81    1.506792e+03    0.941699    5.663716e-01
0:    82    1.414647e+03    0.938847    5.317362e-01
0:    83    1.323590e+03    0.935633    4.975099e-01
0:    84    1.233604e+03    0.932013    4.636859e-01
0:    85    1.144632e+03    0.927876    4.302432e-01
0:    86    1.056618e+03    0.923107    3.971606e-01
0:    87    9.695316e+02    0.917580    3.644266e-01
0:    88    8.833111e+02    0.911070    3.320182e-01
0:    89    7.978933e+02    0.903298    2.999114e-01
0:    90    7.132308e+02    0.893892    2.680885e-01
0:    91    6.292500e+02    0.882253    2.365219e-01
0:    92    5.458700e+02    0.867493    2.051811e-01
0:    93    4.630105e+02    0.848207    1.740360e-01
0:    94    3.805528e+02    0.821910    1.430418e-01
0:    95    2.983264e+02    0.783929    1.121346e-01
0:    96    2.160241e+02    0.724120    8.119894e-02
0:    97    5.636319e+02    2.609116    2.118574e-01
0:    98    4.172039e+02    0.740206    1.568182e-01
0:    99    3.734556e+02    0.895139    1.403742e-01
0:   100    3.594276e+02    0.962437    1.351013e-01
0:   101    3.310655e+02    0.921091    1.244406e-01
0:   102    3.054874e+02    0.922740    1.148263e-01
0:   103    2.916641e+02    0.954750    1.096304e-01
0:   104    2.719646e+02    0.932458    1.022258e-01
0:   105    2.525697e+02    0.928686    9.493565e-02
0:   106    2.396285e+02    0.948762    9.007135e-02
0:   107    2.238071e+02    0.933975    8.412440e-02
0:   108    2.081284e+02    0.929945    7.823110e-02
0:   109    1.965386e+02    0.944314    7.387473e-02
0:   110    1.834575e+02    0.933443    6.895784e-02
0:   111    1.705821e+02    0.929818    6.411825e-02
0:   112    1.605068e+02    0.940936    6.033114e-02
0:   113    1.496738e+02    0.932508    5.625926e-02
0:   114    1.391098e+02    0.929420    5.228846e-02
0:   115    1.305619e+02    0.938553    4.907549e-02
0:   116    1.216688e+02    0.931886    4.573275e-02
0:   117    1.130802e+02    0.929410    4.250447e-02
0:   118    1.059956e+02    0.937349    3.984152e-02
0:   119    9.880116e+01    0.932125    3.713729e-02
0:   120    9.192009e+01    0.930354    3.455084e-02
0:   121    8.618900e+01    0.937651    3.239664e-02
0:   122    8.047649e+01    0.933721    3.024943e-02
0:   123    7.506204e+01    0.932720    2.821425e-02
0:   124    7.053719e+01    0.939719    2.651346e-02
0:   125    6.608625e+01    0.936899    2.484044e-02
0:   126    6.189234e+01    0.936539    2.326404e-02
0:   127    5.837665e+01    0.943197    2.194256e-02
0:   128    5.492905e+01    0.940942    2.064668e-02
0:   129    5.166149e+01    0.940513    1.941848e-02
0:   130    4.886933e+01    0.945953    1.836896e-02
0:   131    4.607244e+01    0.942768    1.731767e-02
0:   132    4.332243e+01    0.940311    1.628399e-02
0:   133    4.081517e+01    0.942126    1.534157e-02
0:   134    3.816505e+01    0.935070    1.434544e-02
0:   135    3.540899e+01    0.927786    1.330950e-02
0:   136    3.275481e+01    0.925042    1.231185e-02
0:   137    3.006159e+01    0.917776    1.129952e-02
0:   138    2.755061e+01    0.916472    1.035570e-02
0:   139    2.549263e+01    0.925302    9.582146e-03
0:   140    2.367206e+01    0.928584    8.897831e-03
0:   141    2.192806e+01    0.926327    8.242301e-03
0:   142    2.024500e+01    0.923246    7.609672e-03
0:   143    1.860496e+01    0.918990    6.993215e-03
0:   144    1.714033e+01    0.921277    6.442690e-03
0:   145    1.583167e+01    0.923650    5.950793e-03
0:   146    1.451530e+01    0.916852    5.455997e-03
0:   147    1.329846e+01    0.916169    4.998614e-03
0:   148    1.223526e+01    0.920051    4.598980e-03
0:   149    1.118427e+01    0.914101    4.203934e-03
0:   150    1.020578e+01    0.912512    3.836139e-03
0:   151    9.344455e+00    0.915604    3.512385e-03
0:   152    8.504355e+00    0.910096    3.196609e-03
0:   153    7.730939e+00    0.909056    2.905898e-03
0:   154    7.038015e+00    0.910370    2.645443e-03
0:   155    6.374467e+00    0.905719    2.396029e-03
0:   156    5.769056e+00    0.905026    2.168468e-03
0:   157    5.216620e+00    0.904241    1.960818e-03
0:   158    4.703735e+00    0.901683    1.768036e-03
0:   159    4.230170e+00    0.899322    1.590033e-03
0:   160    3.800927e+00    0.898528    1.428689e-03
0:   161    3.409481e+00    0.897013    1.281553e-03
0:   162    3.043179e+00    0.892564    1.143867e-03
0:   163    2.720553e+00    0.893984    1.022599e-03
0:   164    2.422385e+00    0.890402    9.105237e-04
0:   165    2.150119e+00    0.887604    8.081846e-04
0:   166    1.909813e+00    0.888236    7.178587e-04
0:   167    1.690148e+00    0.884981    6.352912e-04
0:   168    1.492619e+00    0.883130    5.610444e-04
0:   169    1.317707e+00    0.882815    4.952985e-04
0:   170    1.162099e+00    0.881910    4.368089e-04
0:   171    1.021465e+00    0.878983    3.839475e-04
0:   172    9.008152e-01    0.881885    3.385976e-04
0:   173    7.934882e-01    0.880856    2.982556e-04
0:   174    6.998610e-01    0.882006    2.630631e-04
0:   175    6.199650e-01    0.885840    2.330319e-04
0:   176    5.515834e-01    0.889701    2.073287e-04
0:   177    4.923919e-01    0.892688    1.850798e-04
0:   178    4.438278e-01    0.901371    1.668256e-04
0:   179    4.025614e-01    0.907022    1.513144e-04
0:   180    3.675217e-01    0.912958    1.381437e-04
0:   181    3.384157e-01    0.920805    1.272034e-04
0:   182    3.131846e-01    0.925443    1.177195e-04
0:   183    2.895468e-01    0.924525    1.088346e-04
0:   184    2.675306e-01    0.923963    1.005592e-04
0:   185    2.446204e-01    0.914364    9.194769e-05
0:   186    2.197509e-01    0.898334    8.259977e-05
0:   187    1.936103e-01    0.881044    7.277406e-05
0:   188    1.669055e-01    0.862069    6.273627e-05
0:   189    1.408793e-01    0.844066    5.295357e-05
0:   190    1.197023e-01    0.849680    4.499360e-05
0:   191    1.075467e-01    0.898451    4.042455e-05
0:   192    1.120970e-01    1.042310    4.213491e-05
0:   193    1.133462e-01    1.011144    4.260448e-05
0:   194    9.680126e-02    0.854032    3.638557e-05
0:   195    8.986013e-02    0.928295    3.377654e-05
0:   196    8.320822e-02    0.925975    3.127623e-05
0:   197    7.682461e-02    0.923281    2.887676e-05
0:   198    7.071366e-02    0.920456    2.657979e-05
0:   199    6.472355e-02    0.915291    2.432823e-05
0:   200    5.883164e-02    0.908968    2.211358e-05
0:   201    5.324499e-02    0.905040    2.001368e-05
0:   202    4.787029e-02    0.899057    1.799344e-05
0:   203    4.283143e-02    0.894739    1.609944e-05
0:   204    3.821712e-02    0.892268    1.436502e-05
0:   205    3.408731e-02    0.891938    1.281271e-05
0:   206    3.040046e-02    0.891841    1.142690e-05
0:   207    2.724323e-02    0.896145    1.024016e-05
0:   208    2.452902e-02    0.900371    9.219944e-06
0:   209    2.217728e-02    0.904124    8.335974e-06
0:   210    2.011794e-02    0.907142    7.561913e-06
0:   211    1.820838e-02    0.905081    6.844148e-06
0:   212    1.633241e-02    0.896972    6.139011e-06
0:   213    1.444562e-02    0.884476    5.429806e-06
0:   214    1.258772e-02    0.871387    4.731462e-06
0:   215    1.086666e-02    0.863275    4.084551e-06
0:   216    9.432545e-03    0.868026    3.545496e-06
0:   217    8.327173e-03    0.882813    3.130010e-06
0:   218    7.442095e-03    0.893712    2.797328e-06
0:   219    6.628808e-03    0.890718    2.491630e-06
0:   220    5.820933e-03    0.878127    2.187967e-06
0:   221    5.108258e-03    0.877567    1.920087e-06
0:   222    4.543260e-03    0.889395    1.707717e-06
0:   223    4.045994e-03    0.890549    1.520805e-06
0:   224    3.551030e-03    0.877666    1.334758e-06
0:   225    3.107547e-03    0.875112    1.168062e-06
0:   226    2.732133e-03    0.879193    1.026952e-06
0:   227    2.371510e-03    0.868007    8.914011e-07
0:   228    2.045619e-03    0.862581    7.689056e-07
0:   229    1.778746e-03    0.869539    6.685933e-07
0:   230    1.545192e-03    0.868698    5.808054e-07
0:   231    1.348766e-03    0.872879    5.069728e-07
0:   232    1.191208e-03    0.883184    4.477503e-07
0:   233    1.045342e-03    0.877548    3.929223e-07
0:   234    9.106171e-04    0.871119    3.422819e-07
0:   235    7.901496e-04    0.867708    2.970007e-07
0:   236    6.833981e-04    0.864897    2.568751e-07
0:   237    5.990859e-04    0.876628    2.251838e-07
0:   238    5.248469e-04    0.876080    1.972790e-07
0:   239    4.555676e-04    0.868001    1.712383e-07
0:   240    3.965753e-04    0.870508    1.490644e-07
0:   241    3.461680e-04    0.872894    1.301173e-07
0:   242    3.036750e-04    0.877247    1.141451e-07
0:   243    2.655125e-04    0.874331    9.980059e-08
0:   244    2.344650e-04    0.883066    8.813049e-08
0:   245    2.083946e-04    0.888809    7.833117e-08
0:   246    1.846106e-04    0.885870    6.939127e-08
0:   247    1.656120e-04    0.897088    6.225009e-08
0:   248    1.489799e-04    0.899572    5.599842e-08
0:   249    1.346998e-04    0.904148    5.063085e-08
0:   250    1.225442e-04    0.909758    4.606180e-08
0:   251    1.117910e-04    0.912250    4.201989e-08
0:   252    1.020254e-04    0.912644    3.834922e-08
0:   253    9.338940e-05    0.915354    3.510312e-08
0:   254    8.514315e-05    0.911700    3.200353e-08
0:   255    7.761059e-05    0.911531    2.917220e-08
0:   256    7.038337e-05    0.906878    2.645564e-08
0:   257    6.351298e-05    0.902386    2.387320e-08
0:   258    5.703059e-05    0.897936    2.143661e-08
0:   259    5.071812e-05    0.889314    1.906388e-08
0:   260    4.513353e-05    0.889890    1.696475e-08
0:   261    3.987224e-05    0.883428    1.498714e-08
0:   262    3.545825e-05    0.889297    1.332802e-08
0:   263    3.164136e-05    0.892355    1.189332e-08
0:   264    2.861647e-05    0.904401    1.075633e-08
0:   265    2.621919e-05    0.916228    9.855247e-09
0: 
0: 
0: =============================================
0: Solve phase times:
0: =============================================
0: PCG Solve:
0:   wall clock time = 1.475311 seconds
0:   wall MFLOPS     = 0.000000
0:   cpu clock time  = 1.475196 seconds
0:   cpu MFLOPS      = 0.000000
0: 
0: 
0: Iterations = 265
0: Final Relative Residual Norm = 9.855247e-09
0: 
0: 125pt 3D Laplacian
0: =============================================
0: Hypre init times:
0: =============================================
0: Hypre init:
0:   wall clock time = 0.000002 seconds
0:   wall MFLOPS     = 0.000000
0:   cpu clock time  = 0.000002 seconds
0:   cpu MFLOPS      = 0.000000
0: 
0: 
0: Using HYPRE_DEVELOP_STRING: v3.1.0-1-g5f6c9306d (branch v3.1.0_thrusthipbugfix; not the develop branch)
0: 
0: Running with these driver parameters:
0:   solver ID    = 2
0: 
0:   Laplacian_125pt:
0:     (nx, ny, nz) = (192, 192, 192)
0:     (Px, Py, Pz) = (4, 4, 4)
0: 
0: =============================================
0: Generate Matrix:
0: =============================================
0: Spatial Operator:
0:   wall clock time = 0.283865 seconds
0:   wall MFLOPS     = 0.000000
0:   cpu clock time  = 0.283166 seconds
0:   cpu MFLOPS      = 0.000000
0: 
0:   Number of vector components: 1
0:   RHS vector has unit coefficients
0:   Initial guess is 0
0: =============================================
0: IJ Vector Setup:
0: =============================================
0: RHS and Initial Guess:
0:   wall clock time = 0.001730 seconds
0:   wall MFLOPS     = 0.000000
0:   cpu clock time  = 0.001731 seconds
0:   cpu MFLOPS      = 0.000000
0: 
0: Solver: DS-PCG
0: HYPRE_ParCSRPCGGetPrecond got good precond
0: =============================================
0: Setup phase times:
0: =============================================
0: PCG Setup:
0:   wall clock time = 0.000423 seconds
0:   wall MFLOPS     = 0.000000
0:   cpu clock time  = 0.000423 seconds
0:   cpu MFLOPS      = 0.000000
0: 
0: <b,b>: 7.077888e+06
0: 
0: 
0: Iters       ||r||_2     conv.rate  ||r||_2/||b||_2
0: -----    ------------   ---------  ------------ 
0:     1    3.284406e+04    12.345395    1.234540e+01
0:     2    3.788482e+04    1.153475    1.424011e+01
0:     3    4.122741e+04    1.088230    1.549652e+01
0:     4    4.381945e+04    1.062872    1.647081e+01
0:     5    4.597081e+04    1.049096    1.727946e+01
0:     6    4.780274e+04    1.039850    1.796805e+01
0:     7    4.942476e+04    1.033932    1.857773e+01
0:     8    5.086369e+04    1.029113    1.911860e+01
0:     9    5.217556e+04    1.025792    1.961170e+01
0:    10    5.337073e+04    1.022907    2.006094e+01
0:    11    5.447552e+04    1.020700    2.047621e+01
0:    12    5.550314e+04    1.018864    2.086247e+01
0:    13    5.645913e+04    1.017224    2.122181e+01
0:    14    5.736287e+04    1.016007    2.156150e+01
0:    15    5.820721e+04    1.014719    2.187887e+01
0:    16    5.901420e+04    1.013864    2.218220e+01
0:    17    5.977229e+04    1.012846    2.246715e+01
0:    18    6.050059e+04    1.012185    2.274091e+01
0:    19    6.119046e+04    1.011403    2.300021e+01
0:    20    6.185309e+04    1.010829    2.324928e+01
0:    21    6.248752e+04    1.010257    2.348775e+01
0:    22    6.309475e+04    1.009718    2.371600e+01
0:    23    6.368269e+04    1.009318    2.393699e+01
0:    24    6.424312e+04    1.008800    2.414764e+01
0:    25    6.479068e+04    1.008523    2.435346e+01
0:    26    6.531180e+04    1.008043    2.454934e+01
0:    27    6.582324e+04    1.007831    2.474158e+01
0:    28    6.631144e+04    1.007417    2.492508e+01
0:    29    6.678999e+04    1.007217    2.510496e+01
0:    30    6.725043e+04    1.006894    2.527803e+01
0:    31    6.769896e+04    1.006670    2.544662e+01
0:    32    6.813545e+04    1.006448    2.561069e+01
0:    33    6.855695e+04    1.006186    2.576912e+01
0:    34    6.897200e+04    1.006054    2.592513e+01
0:    35    6.936969e+04    1.005766    2.607462e+01
0:    36    6.976471e+04    1.005694    2.622309e+01
0:    37    7.014194e+04    1.005407    2.636489e+01
0:    38    7.051765e+04    1.005356    2.650611e+01
0:    39    7.087760e+04    1.005104    2.664141e+01
0:    40    7.123451e+04    1.005036    2.677556e+01
0:    41    7.157981e+04    1.004847    2.690535e+01
0:    42    7.191868e+04    1.004734    2.703273e+01
0:    43    7.225113e+04    1.004623    2.715769e+01
0:    44    7.257322e+04    1.004458    2.727875e+01
0:    45    7.289375e+04    1.004417    2.739924e+01
0:    46    7.320085e+04    1.004213    2.751467e+01
0:    47    7.350959e+04    1.004218    2.763072e+01
0:    48    7.380388e+04    1.004004    2.774134e+01
0:    49    7.410049e+04    1.004019    2.785282e+01
0:    50    7.438420e+04    1.003829    2.795946e+01
0:    51    7.466828e+04    1.003819    2.806625e+01
0:    52    7.494327e+04    1.003683    2.816961e+01
0:    53    7.521480e+04    1.003623    2.827167e+01
0:    54    7.548224e+04    1.003556    2.837220e+01
0:    55    7.574180e+04    1.003439    2.846976e+01
0:    56    7.600208e+04    1.003436    2.856759e+01
0:    57    7.625090e+04    1.003274    2.866112e+01
0:    58    7.650368e+04    1.003315    2.875613e+01
0:    59    7.674349e+04    1.003135    2.884627e+01
0:    60    7.698797e+04    1.003186    2.893817e+01
0:    61    7.722063e+04    1.003022    2.902562e+01
0:    62    7.745600e+04    1.003048    2.911409e+01
0:    63    7.768308e+04    1.002932    2.919945e+01
0:    64    7.790806e+04    1.002896    2.928401e+01
0:    65    7.811778e+04    1.002692    2.936284e+01
0:    66    7.821515e+04    1.001247    2.939944e+01
0:    67    7.781756e+04    0.994917    2.924999e+01
0:    68    7.639274e+04    0.981690    2.871443e+01
0:    69    7.512373e+04    0.983388    2.823744e+01
0:    70    8.185017e+04    1.089538    3.076577e+01
0:    71    8.198485e+04    1.001645    3.081639e+01
0:    72    7.139386e+04    0.870818    2.683546e+01
0:    73    8.653447e+04    1.212072    3.252650e+01
0:    74    7.432592e+04    0.858917    2.793756e+01
0:    75    8.115532e+04    1.091885    3.050459e+01
0:    76    7.666420e+04    0.944660    2.881647e+01
0:    77    8.304671e+04    1.083253    3.121552e+01
0:    78    7.349784e+04    0.885018    2.762630e+01
0:    79    9.111763e+04    1.239732    3.424921e+01
0:    80    7.151629e+04    0.784879    2.688148e+01
0:    81    8.646409e+04    1.209013    3.250004e+01
0:    82    8.523493e+04    0.985784    3.203803e+01
0:    83    7.141097e+04    0.837813    2.684189e+01
0:    84    9.004318e+04    1.260915    3.384535e+01
0:    85    8.545956e+04    0.949095    3.212246e+01
0:    86    7.210978e+04    0.843788    2.710456e+01
0:    87    8.477370e+04    1.175620    3.186466e+01
0:    88    9.275567e+04    1.094156    3.486492e+01
0:    89    7.649900e+04    0.824737    2.875437e+01
0:    90    7.445747e+04    0.973313    2.798700e+01
0:    91    9.152690e+04    1.229251    3.440305e+01
0:    92    9.125767e+04    0.997058    3.430185e+01
0:    93    7.637473e+04    0.836913    2.870766e+01
0:    94    7.435094e+04    0.973502    2.794696e+01
0:    95    8.874268e+04    1.193565    3.335652e+01
0:    96    9.583426e+04    1.079912    3.602209e+01
0:    97    8.291999e+04    0.865244    3.116789e+01
0:    98    7.379074e+04    0.889903    2.773640e+01
0:    99    7.801706e+04    1.057274    2.932498e+01
0:   100    9.283657e+04    1.189952    3.489532e+01
0:   101    9.584311e+04    1.032385    3.602542e+01
0:   102    8.549623e+04    0.892044    3.213624e+01
0:   103    7.463867e+04    0.873005    2.805511e+01
0:   104    7.582206e+04    1.015855    2.849993e+01
0:   105    8.664131e+04    1.142693    3.256666e+01
0:   106    9.691410e+04    1.118567    3.642798e+01
0:   107    9.580640e+04    0.988570    3.601162e+01
0:   108    8.364979e+04    0.873113    3.144221e+01
0:   109    7.588082e+04    0.907125    2.852201e+01
0:   110    7.497227e+04    0.988027    2.818051e+01
0:   111    8.432744e+04    1.124782    3.169692e+01
0:   112    9.441183e+04    1.119586    3.548743e+01
0:   113    9.961143e+04    1.055074    3.744185e+01
0:   114    9.337230e+04    0.937365    3.509669e+01
0:   115    8.294374e+04    0.888312    3.117682e+01
0:   116    7.612769e+04    0.917823    2.861480e+01
0:   117    7.518562e+04    0.987625    2.826070e+01
0:   118    8.218499e+04    1.093094    3.089162e+01
0:   119    9.105560e+04    1.107935    3.422589e+01
0:   120    9.994858e+04    1.097665    3.756858e+01
0:   121    9.932487e+04    0.993760    3.733414e+01
0:   122    9.347966e+04    0.941151    3.513705e+01
0:   123    8.377859e+04    0.896223    3.149062e+01
0:   124    7.733052e+04    0.923034    2.906692e+01
0:   125    7.551630e+04    0.976539    2.838500e+01
0:   126    7.867518e+04    1.041830    2.957235e+01
0:   127    8.661954e+04    1.100977    3.255847e+01
0:   128    9.454315e+04    1.091476    3.553679e+01
0:   129    1.016600e+05    1.075277    3.821188e+01
0:   130    1.011312e+05    0.994798    3.801310e+01
0:   131    9.713040e+04    0.960439    3.650928e+01
0:   132    8.859970e+04    0.912173    3.330277e+01
0:   133    8.190876e+04    0.924481    3.078779e+01
0:   134    7.712873e+04    0.941642    2.899108e+01
0:   135    7.625651e+04    0.988691    2.866323e+01
0:   136    7.896572e+04    1.035528    2.968156e+01
0:   137    8.411929e+04    1.065263    3.161868e+01
0:   138    9.291534e+04    1.104566    3.492493e+01
0:   139    1.007971e+05    1.084828    3.788753e+01
0:   140    1.043545e+05    1.035293    3.922469e+01
0:   141    1.003781e+05    0.961895    3.773002e+01
0:   142    9.949080e+04    0.991161    3.739651e+01
0:   143    9.225785e+04    0.927300    3.467779e+01
0:   144    8.325899e+04    0.902460    3.129531e+01
0:   145    8.189768e+04    0.983650    3.078363e+01
0:   146    7.528243e+04    0.919225    2.829709e+01
0:   147    7.858501e+04    1.043869    2.953846e+01
0:   148    7.828637e+04    0.996200    2.942621e+01
0:   149    8.578938e+04    1.095841    3.224643e+01
0:   150    8.932604e+04    1.041225    3.357579e+01
0:   151    9.859401e+04    1.103755    3.705943e+01
0:   152    1.003982e+05    1.018299    3.773759e+01
0:   153    1.078029e+05    1.073753    4.052084e+01
0:   154    1.023252e+05    0.949189    3.846192e+01
0:   155    1.045061e+05    1.021313    3.928167e+01
0:   156    9.470592e+04    0.906224    3.559797e+01
0:   157    9.239632e+04    0.975613    3.472985e+01
0:   158    8.569790e+04    0.927503    3.221205e+01
0:   159    7.958299e+04    0.928646    2.991358e+01
0:   160    8.066129e+04    1.013549    3.031889e+01
0:   161    7.531607e+04    0.933733    2.830974e+01
0:   162    7.937818e+04    1.053934    2.983660e+01
0:   163    8.226033e+04    1.036309    3.091994e+01
0:   164    8.304537e+04    1.009543    3.121502e+01
0:   165    9.192539e+04    1.106930    3.455283e+01
0:   166    9.636621e+04    1.048309    3.622204e+01
0:   167    9.839464e+04    1.021049    3.698449e+01
0:   168    1.069678e+05    1.087131    4.020698e+01
0:   169    1.085922e+05    1.015186    4.081754e+01
0:   170    1.040957e+05    0.958593    3.912740e+01
0:   171    1.071042e+05    1.028901    4.025822e+01
0:   172    1.035456e+05    0.966774    3.892061e+01
0:   173    9.487581e+04    0.916271    3.566183e+01
0:   174    9.205437e+04    0.970262    3.460131e+01
0:   175    9.061042e+04    0.984314    3.405856e+01
0:   176    8.312601e+04    0.917400    3.124533e+01
0:   177    7.872785e+04    0.947090    2.959215e+01
0:   178    8.046528e+04    1.022069    3.024522e+01
0:   179    7.963832e+04    0.989723    2.993438e+01
0:   180    7.704955e+04    0.967493    2.896131e+01
0:   181    7.895291e+04    1.024703    2.967675e+01
0:   182    8.573090e+04    1.085848    3.222445e+01
0:   183    8.837917e+04    1.030891    3.321988e+01
0:   184    8.917661e+04    1.009023    3.351962e+01
0:   185    9.415801e+04    1.055860    3.539203e+01
0:   186    1.027015e+05    1.090736    3.860335e+01
0:   187    1.063072e+05    1.035109    3.995866e+01
0:   188    1.048280e+05    0.986085    3.940264e+01
0:   189    1.065069e+05    1.016017    4.003373e+01
0:   190    1.112061e+05    1.044121    4.180006e+01
0:   191    1.126243e+05    1.012752    4.233311e+01
0:   192    1.066992e+05    0.947391    4.010600e+01
0:   193    1.012821e+05    0.949230    3.806982e+01
0:   194    9.965029e+04    0.983888    3.745646e+01
0:   195    9.936624e+04    0.997150    3.734969e+01
0:   196    9.460877e+04    0.952122    3.556146e+01
0:   197    8.737050e+04    0.923493    3.284074e+01
0:   198    8.263365e+04    0.945784    3.106026e+01
0:   199    8.219016e+04    0.994633    3.089356e+01
0:   200    8.302245e+04    1.010126    3.120640e+01
0:   201    8.137540e+04    0.980161    3.058731e+01
0:   202    7.837380e+04    0.963114    2.945907e+01
0:   203    7.711177e+04    0.983897    2.898470e+01
0:   204    7.986147e+04    1.035659    3.001825e+01
0:   205    8.380649e+04    1.049398    3.150111e+01
0:   206    8.668264e+04    1.034319    3.258219e+01
0:   207    8.689339e+04    1.002431    3.266141e+01
0:   208    8.865145e+04    1.020232    3.332223e+01
0:   209    9.179619e+04    1.035473    3.450427e+01
0:   210    9.704997e+04    1.057233    3.647905e+01
0:   211    1.038398e+05    1.069962    3.903121e+01
0:   212    1.086540e+05    1.046362    4.084078e+01
0:   213    1.067634e+05    0.982599    4.013013e+01
0:   214    1.061675e+05    0.994419    3.990616e+01
0:   215    1.102042e+05    1.038021    4.142345e+01
0:   216    1.107911e+05    1.005325    4.164404e+01
0:   217    1.173195e+05    1.058926    4.409794e+01
0:   218    1.136305e+05    0.968556    4.271133e+01
0:   219    1.105283e+05    0.972699    4.154527e+01
0:   220    1.045970e+05    0.946337    3.931583e+01
0:   221    1.009211e+05    0.964857    3.793414e+01
0:   222    1.002874e+05    0.993721    3.769594e+01
0:   223    9.959629e+04    0.993109    3.743616e+01
0:   224    9.874668e+04    0.991469    3.711681e+01
0:   225    9.401026e+04    0.952035    3.533649e+01
0:   226    8.911759e+04    0.947956    3.349744e+01
0:   227    8.460038e+04    0.949312    3.179951e+01
0:   228    8.168998e+04    0.965598    3.070556e+01
0:   229    8.221460e+04    1.006422    3.090275e+01
0:   230    8.232333e+04    1.001323    3.094362e+01
0:   231    8.451575e+04    1.026632    3.176770e+01
0:   232    8.086055e+04    0.956751    3.039379e+01
0:   233    8.129745e+04    1.005403    3.055801e+01
0:   234    7.780732e+04    0.957070    2.924614e+01
0:   235    7.872015e+04    1.011732    2.958926e+01
0:   236    8.008245e+04    1.017306    3.010132e+01
0:   237    8.298149e+04    1.036201    3.119101e+01
0:   238    8.887455e+04    1.071017    3.340608e+01
0:   239    9.035801e+04    1.016692    3.396369e+01
0:   240    9.315367e+04    1.030940    3.501451e+01
0:   241    9.385476e+04    1.007526    3.527804e+01
0:   242    9.218479e+04    0.982207    3.465033e+01
0:   243    9.691345e+04    1.051295    3.642774e+01
0:   244    9.955453e+04    1.027252    3.742046e+01
0:   245    1.035486e+05    1.040120    3.892177e+01
0:   246    1.113839e+05    1.075667    4.186688e+01
0:   247    1.119884e+05    1.005427    4.209408e+01
0:   248    1.154621e+05    1.031019    4.339979e+01
0:   249    1.166524e+05    1.010309    4.384720e+01
0:   250    1.123687e+05    0.963278    4.223705e+01
0:   251    1.111760e+05    0.989385    4.178872e+01
0:   252    1.126695e+05    1.013434    4.235011e+01
0:   253    1.106685e+05    0.982240    4.159796e+01
0:   254    1.131137e+05    1.022095    4.251706e+01
0:   255    1.172342e+05    1.036428    4.406589e+01
0:   256    1.143146e+05    0.975096    4.296846e+01
0:   257    1.127235e+05    0.986082    4.237042e+01
0:   258    1.106326e+05    0.981451    4.158448e+01
0:   259    1.050597e+05    0.949627    3.948975e+01
0:   260    9.854843e+04    0.938023    3.704229e+01
0:   261    9.832005e+04    0.997683    3.695645e+01
0:   262    9.639585e+04    0.980429    3.623318e+01
0:   263    9.343247e+04    0.969258    3.511931e+01
0:   264    9.380041e+04    1.003938    3.525761e+01
0:   265    9.500726e+04    1.012866    3.571124e+01
0:   266    9.271737e+04    0.975898    3.485052e+01
0:   267    8.910528e+04    0.961042    3.349281e+01
0:   268    8.879795e+04    0.996551    3.337729e+01
0:   269    8.586974e+04    0.967024    3.227664e+01
0:   270    8.122012e+04    0.945853    3.052894e+01
0:   271    7.806477e+04    0.961151    2.934291e+01
0:   272    7.909963e+04    1.013256    2.973190e+01
0:   273    7.952045e+04    1.005320    2.989007e+01
0:   274    7.911824e+04    0.994942    2.973889e+01
0:   275    8.030987e+04    1.015061    3.018680e+01
0:   276    8.362708e+04    1.041305    3.143367e+01
0:   277    8.541504e+04    1.021380    3.210573e+01
0:   278    8.414668e+04    0.985151    3.162898e+01
0:   279    8.310981e+04    0.987678    3.123924e+01
0:   280    8.385039e+04    1.008911    3.151761e+01
0:   281    8.520877e+04    1.016200    3.202819e+01
0:   282    8.339636e+04    0.978730    3.134695e+01
0:   283    8.320864e+04    0.997749    3.127639e+01
0:   284    8.745414e+04    1.051022    3.287218e+01
0:   285    9.210853e+04    1.053221    3.462167e+01
0:   286    9.341410e+04    1.014174    3.511241e+01
0:   287    9.752302e+04    1.043986    3.665686e+01
0:   288    9.981229e+04    1.023474    3.751735e+01
0:   289    1.057762e+05    1.059751    3.975906e+01
0:   290    1.079851e+05    1.020883    4.058934e+01
0:   291    1.062749e+05    0.984163    3.994652e+01
0:   292    1.067457e+05    1.004430    4.012349e+01
0:   293    1.070525e+05    1.002873    4.023878e+01
0:   294    1.107228e+05    1.034285    4.161838e+01
0:   295    1.093956e+05    0.988013    4.111951e+01
0:   296    1.092546e+05    0.998711    4.106651e+01
0:   297    1.091478e+05    0.999022    4.102636e+01
0:   298    1.138845e+05    1.043397    4.280679e+01
0:   299    1.176198e+05    1.032799    4.421082e+01
0:   300    1.208814e+05    1.027730    4.543681e+01
0:   301    1.201654e+05    0.994077    4.516768e+01
0:   302    1.210922e+05    1.007712    4.551602e+01
0:   303    1.228484e+05    1.014503    4.617613e+01
0:   304    1.240238e+05    1.009568    4.661795e+01
0:   305    1.209487e+05    0.975206    4.546209e+01
0:   306    1.156447e+05    0.956147    4.346842e+01
0:   307    1.124040e+05    0.971977    4.225030e+01
0:   308    1.084568e+05    0.964884    4.076663e+01
0:   309    1.103089e+05    1.017077    4.146279e+01
0:   310    1.086802e+05    0.985236    4.085061e+01
0:   311    1.089227e+05    1.002232    4.094177e+01
0:   312    1.057301e+05    0.970689    3.974172e+01
0:   313    1.059998e+05    1.002551    3.984311e+01
0:   314    1.083870e+05    1.022521    4.074041e+01
0:   315    1.080925e+05    0.997283    4.062970e+01
0:   316    1.084426e+05    1.003239    4.076131e+01
0:   317    1.036121e+05    0.955455    3.894560e+01
0:   318    1.021158e+05    0.985559    3.838319e+01
0:   319    9.771539e+04    0.956908    3.672917e+01
0:   320    9.510408e+04    0.973276    3.574763e+01
0:   321    9.570635e+04    1.006333    3.597401e+01
0:   322    9.180063e+04    0.959191    3.450594e+01
0:   323    8.901012e+04    0.969603    3.345704e+01
0:   324    8.528714e+04    0.958173    3.205765e+01
0:   325    8.274016e+04    0.970136    3.110030e+01
0:   326    8.374702e+04    1.012169    3.147875e+01
0:   327    8.512165e+04    1.016414    3.199545e+01
0:   328    8.402113e+04    0.987071    3.158178e+01
0:   329    8.495669e+04    1.011135    3.193344e+01
0:   330    8.315460e+04    0.978788    3.125608e+01
0:   331    8.221348e+04    0.988682    3.090233e+01
0:   332    8.417910e+04    1.023909    3.164116e+01
0:   333    8.448590e+04    1.003645    3.175648e+01
0:   334    8.504942e+04    1.006670    3.196830e+01
0:   335    8.542759e+04    1.004446    3.211044e+01
0:   336    8.283233e+04    0.969620    3.113494e+01
0:   337    7.972026e+04    0.962429    2.996518e+01
0:   338    8.053535e+04    1.010224    3.027155e+01
0:   339    7.924040e+04    0.983921    2.978481e+01
0:   340    7.933850e+04    1.001238    2.982168e+01
0:   341    8.083185e+04    1.018822    3.038300e+01
0:   342    8.123468e+04    1.004984    3.053442e+01
0:   343    8.042187e+04    0.989994    3.022890e+01
0:   344    8.144973e+04    1.012781    3.061525e+01
0:   345    8.263513e+04    1.014554    3.106082e+01
0:   346    8.302457e+04    1.004713    3.120720e+01
0:   347    8.779407e+04    1.057447    3.299995e+01
0:   348    9.260375e+04    1.054784    3.480781e+01
0:   349    9.437688e+04    1.019147    3.547430e+01
0:   350    9.519023e+04    1.008618    3.578002e+01
0:   351    9.754786e+04    1.024768    3.666620e+01
0:   352    9.667800e+04    0.991083    3.633924e+01
0:   353    9.616174e+04    0.994660    3.614519e+01
0:   354    9.964006e+04    1.036172    3.745262e+01
0:   355    1.026626e+05    1.030335    3.858873e+01
0:   356    1.027560e+05    1.000910    3.862383e+01
0:   357    1.018695e+05    0.991372    3.829060e+01
0:   358    1.004145e+05    0.985717    3.774371e+01
0:   359    1.004564e+05    1.000418    3.775947e+01
0:   360    9.883691e+04    0.983878    3.715073e+01
0:   361    9.960315e+04    1.007753    3.743874e+01
0:   362    1.046711e+05    1.050881    3.934366e+01
0:   363    1.069201e+05    1.021487    4.018904e+01
0:   364    1.093862e+05    1.023065    4.111600e+01
0:   365    1.108444e+05    1.013330    4.166409e+01
0:   366    1.152520e+05    1.039764    4.332081e+01
0:   367    1.171443e+05    1.016419    4.403211e+01
0:   368    1.171633e+05    1.000162    4.403923e+01
0:   369    1.182449e+05    1.009232    4.444579e+01
0:   370    1.218909e+05    1.030834    4.581624e+01
0:   371    1.239000e+05    1.016483    4.657142e+01
0:   372    1.248842e+05    1.007944    4.694136e+01
0:   373    1.247054e+05    0.998569    4.687417e+01
0:   374    1.272935e+05    1.020754    4.784698e+01
0:   375    1.248325e+05    0.980666    4.692193e+01
0:   376    1.224184e+05    0.980661    4.601450e+01
0:   377    1.168527e+05    0.954536    4.392248e+01
0:   378    1.182780e+05    1.012198    4.445823e+01
0:   379    1.178072e+05    0.996019    4.428125e+01
0:   380    1.196412e+05    1.015568    4.497061e+01
0:   381    1.174295e+05    0.981514    4.413928e+01
0:   382    1.199961e+05    1.021857    4.510403e+01
0:   383    1.194701e+05    0.995617    4.490632e+01
0:   384    1.190075e+05    0.996128    4.473244e+01
0:   385    1.155921e+05    0.971301    4.344866e+01
0:   386    1.118459e+05    0.967591    4.204054e+01
0:   387    1.144445e+05    1.023234    4.301731e+01
0:   388    1.159680e+05    1.013312    4.358995e+01
0:   389    1.179966e+05    1.017493    4.435246e+01
0:   390    1.165921e+05    0.988097    4.382453e+01
0:   391    1.196579e+05    1.026295    4.497691e+01
0:   392    1.204371e+05    1.006512    4.526979e+01
0:   393    1.198340e+05    0.994992    4.504308e+01
0:   394    1.179207e+05    0.984034    4.432392e+01
0:   395    1.132942e+05    0.960766    4.258492e+01
0:   396    1.120527e+05    0.989042    4.211827e+01
0:   397    1.118871e+05    0.998522    4.205600e+01
0:   398    1.115859e+05    0.997308    4.194280e+01
0:   399    1.105978e+05    0.991145    4.157139e+01
0:   400    1.071476e+05    0.968805    4.027455e+01
0:   401    1.071688e+05    1.000198    4.028251e+01
0:   402    1.060794e+05    0.989835    3.987302e+01
0:   403    1.026550e+05    0.967719    3.858587e+01
0:   404    1.009403e+05    0.983296    3.794134e+01
0:   405    9.508124e+04    0.941955    3.573905e+01
0:   406    9.196714e+04    0.967248    3.456853e+01
0:   407    9.157994e+04    0.995790    3.442299e+01
0:   408    9.089701e+04    0.992543    3.416628e+01
0:   409    9.090240e+04    1.000059    3.416831e+01
0:   410    8.919986e+04    0.981271    3.352836e+01
0:   411    8.803774e+04    0.986972    3.309154e+01
0:   412    9.049331e+04    1.027892    3.401454e+01
0:   413    9.240746e+04    1.021152    3.473403e+01
0:   414    9.122511e+04    0.987205    3.428961e+01
0:   415    8.980043e+04    0.984383    3.375410e+01
0:   416    8.803472e+04    0.980337    3.309041e+01
0:   417    8.679050e+04    0.985867    3.262273e+01
0:   418    8.799445e+04    1.013872    3.307527e+01
0:   419    8.838820e+04    1.004475    3.322328e+01
0:   420    8.778232e+04    0.993145    3.299554e+01
0:   421    8.868754e+04    1.010312    3.333579e+01
0:   422    8.798207e+04    0.992045    3.307062e+01
0:   423    8.763291e+04    0.996031    3.293938e+01
0:   424    8.845882e+04    1.009425    3.324982e+01
0:   425    8.770253e+04    0.991450    3.296554e+01
0:   426    8.571602e+04    0.977349    3.221886e+01
0:   427    8.402930e+04    0.980322    3.158486e+01
0:   428    8.176224e+04    0.973021    3.073272e+01
0:   429    7.958118e+04    0.973324    2.991290e+01
0:   430    7.780105e+04    0.977631    2.924379e+01
0:   431    7.922390e+04    1.018288    2.977861e+01
0:   432    7.890057e+04    0.995919    2.965707e+01
0:   433    7.743283e+04    0.981398    2.910538e+01
0:   434    7.759754e+04    1.002127    2.916729e+01
0:   435    7.618050e+04    0.981739    2.863465e+01
0:   436    7.644242e+04    1.003438    2.873311e+01
0:   437    7.895091e+04    1.032815    2.967599e+01
0:   438    8.128840e+04    1.029607    3.055461e+01
0:   439    8.035849e+04    0.988560    3.020508e+01
0:   440    7.848774e+04    0.976720    2.950190e+01
0:   441    7.859384e+04    1.001352    2.954178e+01
0:   442    7.953716e+04    1.012002    2.989636e+01
0:   443    8.047810e+04    1.011830    3.025003e+01
0:   444    8.320518e+04    1.033886    3.127509e+01
0:   445    8.447214e+04    1.015227    3.175131e+01
0:   446    8.544032e+04    1.011461    3.211523e+01
0:   447    8.534543e+04    0.998889    3.207956e+01
0:   448    8.939815e+04    1.047486    3.360289e+01
0:   449    9.217406e+04    1.031051    3.464630e+01
0:   450    9.472367e+04    1.027661    3.560464e+01
0:   451    9.495726e+04    1.002466    3.569245e+01
0:   452    9.617049e+04    1.012777    3.614848e+01
0:   453    9.475896e+04    0.985323    3.561791e+01
0:   454    9.337475e+04    0.985392    3.509761e+01
0:   455    9.199070e+04    0.985178    3.457738e+01
0:   456    9.354799e+04    1.016929    3.516273e+01
0:   457    9.242079e+04    0.987951    3.473904e+01
0:   458    9.217665e+04    0.997358    3.464728e+01
0:   459    9.252602e+04    1.003790    3.477860e+01
0:   460    9.490949e+04    1.025760    3.567449e+01
0:   461    9.474095e+04    0.998224    3.561114e+01
0:   462    9.614055e+04    1.014773    3.613722e+01
0:   463    9.671329e+04    1.005957    3.635250e+01
0:   464    9.688196e+04    1.001744    3.641590e+01
0:   465    9.910061e+04    1.022901    3.724985e+01
0:   466    9.818028e+04    0.990713    3.690391e+01
0:   467    9.780461e+04    0.996174    3.676271e+01
0:   468    9.674825e+04    0.989199    3.636564e+01
0:   469    9.720093e+04    1.004679    3.653580e+01
0:   470    9.526611e+04    0.980095    3.580854e+01
0:   471    9.575681e+04    1.005151    3.599298e+01
0:   472    1.002287e+05    1.046700    3.767386e+01
0:   473    1.028300e+05    1.025954    3.865165e+01
0:   474    1.063844e+05    1.034565    3.998766e+01
0:   475    1.073015e+05    1.008621    4.033239e+01
0:   476    1.097588e+05    1.022901    4.125605e+01
0:   477    1.123042e+05    1.023190    4.221279e+01
0:   478    1.121912e+05    0.998994    4.217033e+01
0:   479    1.148639e+05    1.023823    4.317495e+01
0:   480    1.159725e+05    1.009651    4.359163e+01
0:   481    1.174258e+05    1.012531    4.413790e+01
0:   482    1.207310e+05    1.028147    4.538024e+01
0:   483    1.180733e+05    0.977987    4.438129e+01
0:   484    1.168937e+05    0.990009    4.393789e+01
0:   485    1.153751e+05    0.987009    4.336709e+01
0:   486    1.154773e+05    1.000885    4.340548e+01
0:   487    1.191740e+05    1.032012    4.479500e+01
0:   488    1.211837e+05    1.016864    4.555043e+01
0:   489    1.218541e+05    1.005532    4.580241e+01
0:   490    1.254646e+05    1.029630    4.715953e+01
0:   491    1.269276e+05    1.011661    4.770945e+01
0:   492    1.277911e+05    1.006803    4.803399e+01
0:   493    1.263322e+05    0.988584    4.748565e+01
0:   494    1.214214e+05    0.961127    4.563975e+01
0:   495    1.229647e+05    1.012711    4.621987e+01
0:   496    1.259159e+05    1.024000    4.732917e+01
0:   497    1.256190e+05    0.997642    4.721756e+01
0:   498    1.252891e+05    0.997373    4.709353e+01
0:   499    1.250692e+05    0.998245    4.701089e+01
0:   500    1.218977e+05    0.974642    4.581878e+01
0:   501    1.230166e+05    1.009180    4.623938e+01
0:   502    1.226254e+05    0.996819    4.609230e+01
0:   503    1.195997e+05    0.975326    4.495502e+01
0:   504    1.205457e+05    1.007910    4.531063e+01
0:   505    1.195891e+05    0.992064    4.495105e+01
0:   506    1.205845e+05    1.008323    4.532520e+01
0:   507    1.218626e+05    1.010599    4.580559e+01
0:   508    1.231493e+05    1.010559    4.628924e+01
0:   509    1.202743e+05    0.976654    4.520858e+01
0:   510    1.185078e+05    0.985313    4.454459e+01
0:   511    1.193451e+05    1.007065    4.485932e+01
0:   512    1.195779e+05    1.001951    4.494682e+01
0:   513    1.210887e+05    1.012635    4.551471e+01
0:   514    1.225945e+05    1.012436    4.608071e+01
0:   515    1.217398e+05    0.993028    4.575943e+01
0:   516    1.221395e+05    1.003283    4.590968e+01
0:   517    1.249073e+05    1.022661    4.695005e+01
0:   518    1.255947e+05    1.005503    4.720842e+01
0:   519    1.227890e+05    0.977661    4.615383e+01
0:   520    1.216195e+05    0.990475    4.571421e+01
0:   521    1.218124e+05    1.001587    4.578675e+01
0:   522    1.221732e+05    1.002962    4.592236e+01
0:   523    1.225423e+05    1.003021    4.606109e+01
0:   524    1.244094e+05    1.015237    4.676290e+01
0:   525    1.248621e+05    1.003639    4.693306e+01
0:   526    1.246124e+05    0.998000    4.683919e+01
0:   527    1.266602e+05    1.016434    4.760892e+01
0:   528    1.290045e+05    1.018509    4.849010e+01
0:   529    1.284935e+05    0.996039    4.829803e+01
0:   530    1.283700e+05    0.999039    4.825161e+01
0:   531    1.278214e+05    0.995726    4.804540e+01
0:   532    1.276717e+05    0.998828    4.798911e+01
0:   533    1.264301e+05    0.990276    4.752244e+01
0:   534    1.254297e+05    0.992087    4.714641e+01
0:   535    1.259900e+05    1.004467    4.735699e+01
0:   536    1.265572e+05    1.004502    4.757021e+01
0:   537    1.215753e+05    0.960635    4.569760e+01
0:   538    1.202649e+05    0.989222    4.520508e+01
0:   539    1.168211e+05    0.971365    4.391061e+01
0:   540    1.128401e+05    0.965922    4.241422e+01
0:   541    1.106647e+05    0.980722    4.159654e+01
0:   542    1.085875e+05    0.981230    4.081576e+01
0:   543    1.074610e+05    0.989626    4.039235e+01
0:   544    1.041768e+05    0.969438    3.915788e+01
0:   545    1.028935e+05    0.987682    3.867552e+01
0:   546    1.041765e+05    1.012469    3.915777e+01
0:   547    1.052563e+05    1.010365    3.956363e+01
0:   548    1.054983e+05    1.002300    3.965461e+01
0:   549    1.050665e+05    0.995907    3.949230e+01
0:   550    1.049147e+05    0.998555    3.943523e+01
0:   551    1.013661e+05    0.966177    3.810141e+01
0:   552    1.002792e+05    0.989277    3.769287e+01
0:   553    9.925257e+04    0.989762    3.730697e+01
0:   554    9.939050e+04    1.001390    3.735881e+01
0:   555    9.904452e+04    0.996519    3.722876e+01
0:   556    9.543165e+04    0.963523    3.587076e+01
0:   557    9.380918e+04    0.982999    3.526091e+01
0:   558    9.398699e+04    1.001895    3.532774e+01
0:   559    9.441410e+04    1.004544    3.548828e+01
0:   560    9.407002e+04    0.996356    3.535895e+01
0:   561    9.229638e+04    0.981146    3.469228e+01
0:   562    9.229723e+04    1.000009    3.469260e+01
0:   563    9.143320e+04    0.990639    3.436783e+01
0:   564    8.859861e+04    0.968998    3.330236e+01
0:   565    9.020442e+04    1.018125    3.390595e+01
0:   566    9.145670e+04    1.013883    3.437666e+01
0:   567    9.405526e+04    1.028413    3.535340e+01
0:   568    9.504101e+04    1.010481    3.572393e+01
0:   569    9.343065e+04    0.983056    3.511863e+01
0:   570    9.489700e+04    1.015694    3.566980e+01
0:   571    9.752222e+04    1.027664    3.665656e+01
0:   572    9.643304e+04    0.988831    3.624716e+01
0:   573    9.680864e+04    1.003895    3.638834e+01
0:   574    9.782185e+04    1.010466    3.676919e+01
0:   575    9.730946e+04    0.994762    3.657659e+01
0:   576    9.788920e+04    1.005958    3.679450e+01
0:   577    9.394946e+04    0.959753    3.531364e+01
0:   578    9.174661e+04    0.976553    3.448563e+01
0:   579    9.123408e+04    0.994414    3.429298e+01
0:   580    8.988194e+04    0.985179    3.378474e+01
0:   581    8.987150e+04    0.999884    3.378082e+01
0:   582    8.923822e+04    0.992953    3.354278e+01
0:   583    8.831064e+04    0.989606    3.319412e+01
0:   584    8.664932e+04    0.981188    3.256967e+01
0:   585    8.582118e+04    0.990443    3.225839e+01
0:   586    8.461214e+04    0.985912    3.180393e+01
0:   587    8.451564e+04    0.998859    3.176766e+01
0:   588    8.477728e+04    1.003096    3.186600e+01
0:   589    8.299052e+04    0.978924    3.119440e+01
0:   590    8.289034e+04    0.998793    3.115674e+01
0:   591    8.392865e+04    1.012526    3.154702e+01
0:   592    8.338919e+04    0.993572    3.134425e+01
0:   593    8.224349e+04    0.986261    3.091361e+01
0:   594    8.240153e+04    1.001922    3.097301e+01
0:   595    8.331604e+04    1.011098    3.131676e+01
0:   596    8.281842e+04    0.994027    3.112971e+01
0:   597    8.200841e+04    0.990219    3.082525e+01
0:   598    8.071476e+04    0.984225    3.033899e+01
0:   599    8.026279e+04    0.994400    3.016910e+01
0:   600    8.062521e+04    1.004515    3.030533e+01
0:   601    8.049937e+04    0.998439    3.025803e+01
0:   602    7.706524e+04    0.957340    2.896721e+01
0:   603    7.493107e+04    0.972307    2.816502e+01
0:   604    7.303784e+04    0.974734    2.745339e+01
0:   605    7.349268e+04    1.006228    2.762436e+01
0:   606    7.282660e+04    0.990937    2.737400e+01
0:   607    7.346466e+04    1.008761    2.761383e+01
0:   608    7.274467e+04    0.990200    2.734320e+01
0:   609    7.353812e+04    1.010907    2.764144e+01
0:   610    7.583800e+04    1.031275    2.850592e+01
0:   611    7.646772e+04    1.008303    2.874262e+01
0:   612    7.541115e+04    0.986183    2.834548e+01
0:   613    7.408438e+04    0.982406    2.784677e+01
0:   614    7.549089e+04    1.018985    2.837545e+01
0:   615    7.612621e+04    1.008416    2.861425e+01
0:   616    7.739883e+04    1.016717    2.909260e+01
0:   617    7.672445e+04    0.991287    2.883911e+01
0:   618    7.644059e+04    0.996300    2.873242e+01
0:   619    7.565421e+04    0.989713    2.843684e+01
0:   620    7.751966e+04    1.024658    2.913802e+01
0:   621    7.983115e+04    1.029818    3.000686e+01
0:   622    8.148201e+04    1.020679    3.062738e+01
0:   623    8.298914e+04    1.018497    3.119388e+01
0:   624    8.394903e+04    1.011566    3.155468e+01
0:   625    8.817932e+04    1.050391    3.314476e+01
0:   626    8.838525e+04    1.002335    3.322217e+01
0:   627    8.695983e+04    0.983873    3.268638e+01
0:   628    8.505909e+04    0.978142    3.197193e+01
0:   629    8.314236e+04    0.977466    3.125147e+01
0:   630    8.233883e+04    0.990335    3.094944e+01
0:   631    8.361326e+04    1.015478    3.142848e+01
0:   632    8.620557e+04    1.031004    3.240287e+01
0:   633    8.557152e+04    0.992645    3.216455e+01
0:   634    8.413979e+04    0.983269    3.162639e+01
0:   635    8.603341e+04    1.022506    3.233816e+01
0:   636    8.700751e+04    1.011322    3.270430e+01
0:   637    8.684405e+04    0.998121    3.264286e+01
0:   638    8.705250e+04    1.002400    3.272121e+01
0:   639    8.787909e+04    1.009495    3.303191e+01
0:   640    9.025628e+04    1.027051    3.392545e+01
0:   641    9.121784e+04    1.010654    3.428688e+01
0:   642    9.167536e+04    1.005016    3.445885e+01
0:   643    9.269800e+04    1.011155    3.484324e+01
0:   644    8.997856e+04    0.970664    3.382106e+01
0:   645    8.810978e+04    0.979231    3.311862e+01
0:   646    8.854485e+04    1.004938    3.328216e+01
0:   647    8.747619e+04    0.987931    3.288047e+01
0:   648    8.916724e+04    1.019332    3.351610e+01
0:   649    8.956784e+04    1.004493    3.366668e+01
0:   650    9.068055e+04    1.012423    3.408492e+01
0:   651    9.264234e+04    1.021634    3.482232e+01
0:   652    9.407420e+04    1.015456    3.536053e+01
0:   653    9.816165e+04    1.043449    3.689691e+01
0:   654    9.780662e+04    0.996383    3.676346e+01
0:   655    9.365771e+04    0.957580    3.520397e+01
0:   656    9.113823e+04    0.973099    3.425695e+01
0:   657    9.233800e+04    1.013164    3.470792e+01
0:   658    9.262462e+04    1.003104    3.481566e+01
0:   659    9.167792e+04    0.989779    3.445981e+01
0:   660    9.159094e+04    0.999051    3.442712e+01
0:   661    9.210650e+04    1.005629    3.462091e+01
0:   662    9.200015e+04    0.998845    3.458093e+01
0:   663    8.874785e+04    0.964649    3.335846e+01
0:   664    8.767510e+04    0.987912    3.295524e+01
0:   665    9.070500e+04    1.034558    3.409411e+01
0:   666    9.032610e+04    0.995823    3.395169e+01
0:   667    8.743265e+04    0.967967    3.286410e+01
0:   668    8.661463e+04    0.990644    3.255663e+01
0:   669    8.988837e+04    1.037797    3.378716e+01
0:   670    9.273050e+04    1.031618    3.485545e+01
0:   671    9.568224e+04    1.031831    3.596495e+01
0:   672    9.490310e+04    0.991857    3.567209e+01
0:   673    9.549174e+04    1.006203    3.589335e+01
0:   674    9.329738e+04    0.977020    3.506853e+01
0:   675    9.207138e+04    0.986859    3.460770e+01
0:   676    9.003521e+04    0.977885    3.384235e+01
0:   677    9.286103e+04    1.031386    3.490452e+01
0:   678    9.583918e+04    1.032071    3.602394e+01
0:   679    9.805829e+04    1.023154    3.685806e+01
0:   680    9.735467e+04    0.992824    3.659358e+01
0:   681    9.735480e+04    1.000001    3.659363e+01
0:   682    9.881251e+04    1.014973    3.714156e+01
0:   683    1.027310e+05    1.039656    3.861445e+01
0:   684    1.040863e+05    1.013192    3.912385e+01
0:   685    1.052452e+05    1.011135    3.955949e+01
0:   686    1.065221e+05    1.012133    4.003945e+01
0:   687    1.056452e+05    0.991767    3.970981e+01
0:   688    1.043880e+05    0.988100    3.923725e+01
0:   689    1.033326e+05    0.989890    3.884056e+01
0:   690    1.040845e+05    1.007277    3.912319e+01
0:   691    1.084619e+05    1.042056    4.076857e+01
0:   692    1.100282e+05    1.014441    4.135731e+01
0:   693    1.089963e+05    0.990622    4.096945e+01
0:   694    1.087797e+05    0.998013    4.088802e+01
0:   695    1.059199e+05    0.973710    3.981309e+01
0:   696    1.038052e+05    0.980035    3.901821e+01
0:   697    1.043378e+05    1.005131    3.921840e+01
0:   698    1.043354e+05    0.999977    3.921750e+01
0:   699    1.065349e+05    1.021081    4.004425e+01
0:   700    1.107652e+05    1.039708    4.163434e+01
0:   701    1.118611e+05    1.009894    4.204625e+01
0:   702    1.084730e+05    0.969711    4.077271e+01
0:   703    1.090541e+05    1.005358    4.099116e+01
0:   704    1.113975e+05    1.021488    4.187198e+01
0:   705    1.143887e+05    1.026852    4.299632e+01
0:   706    1.173958e+05    1.026288    4.412662e+01
0:   707    1.153310e+05    0.982412    4.335052e+01
0:   708    1.122015e+05    0.972865    4.217419e+01
0:   709    1.127154e+05    1.004580    4.236735e+01
0:   710    1.169044e+05    1.037165    4.394193e+01
0:   711    1.164560e+05    0.996164    4.377336e+01
0:   712    1.174749e+05    1.008749    4.415636e+01
0:   713    1.213411e+05    1.032911    4.560957e+01
0:   714    1.217454e+05    1.003332    4.576156e+01
0:   715    1.259200e+05    1.034289    4.733068e+01
0:   716    1.258878e+05    0.999744    4.731858e+01
0:   717    1.187606e+05    0.943385    4.463964e+01
0:   718    1.184650e+05    0.997510    4.452850e+01
0:   719    1.207327e+05    1.019142    4.538088e+01
0:   720    1.231274e+05    1.019835    4.628100e+01
0:   721    1.243295e+05    1.009764    4.673287e+01
0:   722    1.252533e+05    1.007430    4.708008e+01
0:   723    1.264294e+05    1.009390    4.752218e+01
0:   724    1.221683e+05    0.966296    4.592051e+01
0:   725    1.237010e+05    1.012546    4.649661e+01
0:   726    1.293857e+05    1.045956    4.863339e+01
0:   727    1.272222e+05    0.983278    4.782016e+01
0:   728    1.223530e+05    0.961727    4.598994e+01
0:   729    1.240188e+05    1.013615    4.661608e+01
0:   730    1.289963e+05    1.040135    4.848701e+01
0:   731    1.286669e+05    0.997447    4.836320e+01
0:   732    1.247992e+05    0.969940    4.690941e+01
0:   733    1.225557e+05    0.982023    4.606611e+01
0:   734    1.234972e+05    1.007683    4.642001e+01
0:   735    1.239602e+05    1.003749    4.659404e+01
0:   736    1.261188e+05    1.017414    4.740543e+01
0:   737    1.314927e+05    1.042610    4.942536e+01
0:   738    1.275321e+05    0.969880    4.793664e+01
0:   739    1.227656e+05    0.962625    4.614503e+01
0:   740    1.210838e+05    0.986301    4.551288e+01
0:   741    1.222946e+05    1.010000    4.596800e+01
0:   742    1.230038e+05    1.005799    4.623456e+01
0:   743    1.230634e+05    1.000485    4.625697e+01
0:   744    1.204822e+05    0.979025    4.528674e+01
0:   745    1.196237e+05    0.992874    4.496403e+01
0:   746    1.195980e+05    0.999785    4.495438e+01
0:   747    1.203823e+05    1.006558    4.524918e+01
0:   748    1.232732e+05    1.024014    4.633581e+01
0:   749    1.236894e+05    1.003376    4.649225e+01
0:   750    1.209050e+05    0.977489    4.544565e+01
0:   751    1.195477e+05    0.988774    4.493548e+01
0:   752    1.229694e+05    1.028622    4.622163e+01
0:   753    1.247613e+05    1.014572    4.689516e+01
0:   754    1.245574e+05    0.998365    4.681850e+01
0:   755    1.230608e+05    0.987985    4.625598e+01
0:   756    1.235006e+05    1.003574    4.642130e+01
0:   757    1.240779e+05    1.004674    4.663827e+01
0:   758    1.243616e+05    1.002286    4.674491e+01
0:   759    1.277176e+05    1.026986    4.800639e+01
0:   760    1.293625e+05    1.012879    4.862465e+01
0:   761    1.323476e+05    1.023075    4.974668e+01
0:   762    1.276850e+05    0.964770    4.799411e+01
0:   763    1.236563e+05    0.968448    4.647981e+01
0:   764    1.247956e+05    1.009213    4.690804e+01
0:   765    1.240550e+05    0.994066    4.662967e+01
0:   766    1.188919e+05    0.958381    4.468897e+01
0:   767    1.172821e+05    0.986461    4.408391e+01
0:   768    1.144321e+05    0.975699    4.301263e+01
0:   769    1.154431e+05    1.008835    4.339263e+01
0:   770    1.183695e+05    1.025350    4.449262e+01
0:   771    1.170724e+05    0.989042    4.400507e+01
0:   772    1.216929e+05    1.039467    4.574183e+01
0:   773    1.238384e+05    1.017630    4.654825e+01
0:   774    1.255170e+05    1.013555    4.717920e+01
0:   775    1.224063e+05    0.975217    4.600998e+01
0:   776    1.218689e+05    0.995610    4.580797e+01
0:   777    1.248108e+05    1.024140    4.691376e+01
0:   778    1.289235e+05    1.032952    4.845964e+01
0:   779    1.271514e+05    0.986255    4.779357e+01
0:   780    1.218879e+05    0.958604    4.581511e+01
0:   781    1.210871e+05    0.993431    4.551413e+01
0:   782    1.198022e+05    0.989388    4.503115e+01
0:   783    1.197306e+05    0.999402    4.500422e+01
0:   784    1.184190e+05    0.989045    4.451122e+01
0:   785    1.162700e+05    0.981853    4.370348e+01
0:   786    1.194287e+05    1.027166    4.489073e+01
0:   787    1.249160e+05    1.045946    4.695330e+01
0:   788    1.261827e+05    1.010140    4.742943e+01
0:   789    1.245270e+05    0.986878    4.680708e+01
0:   790    1.265358e+05    1.016132    4.756217e+01
0:   791    1.270059e+05    1.003715    4.773888e+01
0:   792    1.210217e+05    0.952882    4.548952e+01
0:   793    1.211099e+05    1.000729    4.552267e+01
0:   794    1.199585e+05    0.990494    4.508991e+01
0:   795    1.172326e+05    0.977276    4.406527e+01
0:   796    1.228704e+05    1.048091    4.618440e+01
0:   797    1.308802e+05    1.065189    4.919513e+01
0:   798    1.319426e+05    1.008118    4.959447e+01
0:   799    1.326811e+05    1.005597    4.987206e+01
0:   800    1.364941e+05    1.028738    5.130528e+01
0:   801    1.395737e+05    1.022562    5.246283e+01
0:   802    1.395598e+05    0.999900    5.245761e+01
0:   803    1.411287e+05    1.011242    5.304732e+01
0:   804    1.422649e+05    1.008051    5.347439e+01
0:   805    1.407247e+05    0.989174    5.289546e+01
0:   806    1.405600e+05    0.998830    5.283357e+01
0:   807    1.427419e+05    1.015523    5.365369e+01
0:   808    1.398192e+05    0.979525    5.255511e+01
0:   809    1.389189e+05    0.993561    5.221670e+01
0:   810    1.381735e+05    0.994635    5.193654e+01
0:   811    1.368061e+05    0.990103    5.142255e+01
0:   812    1.336377e+05    0.976841    5.023163e+01
0:   813    1.329862e+05    0.995125    4.998673e+01
0:   814    1.320779e+05    0.993170    4.964532e+01
0:   815    1.301940e+05    0.985737    4.893721e+01
0:   816    1.323762e+05    1.016761    4.975746e+01
0:   817    1.371165e+05    1.035809    5.153923e+01
0:   818    1.422315e+05    1.037304    5.346186e+01
0:   819    1.404168e+05    0.987241    5.277974e+01
0:   820    1.414688e+05    1.007492    5.317514e+01
0:   821    1.385341e+05    0.979256    5.207209e+01
0:   822    1.340260e+05    0.967458    5.037756e+01
0:   823    1.312858e+05    0.979555    4.934760e+01
0:   824    1.298533e+05    0.989089    4.880915e+01
0:   825    1.282071e+05    0.987322    4.819036e+01
0:   826    1.280467e+05    0.998749    4.813007e+01
0:   827    1.261261e+05    0.985001    4.740815e+01
0:   828    1.292558e+05    1.024814    4.858454e+01
0:   829    1.296850e+05    1.003320    4.874586e+01
0:   830    1.277933e+05    0.985413    4.803481e+01
0:   831    1.273801e+05    0.996767    4.787951e+01
0:   832    1.323284e+05    1.038847    4.973947e+01
0:   833    1.324893e+05    1.001216    4.979997e+01
0:   834    1.277145e+05    0.963961    4.800520e+01
0:   835    1.243427e+05    0.973599    4.673782e+01
0:   836    1.196062e+05    0.961908    4.495748e+01
0:   837    1.178806e+05    0.985572    4.430885e+01
0:   838    1.161786e+05    0.985562    4.366911e+01
0:   839    1.130862e+05    0.973383    4.250676e+01
0:   840    1.153643e+05    1.020145    4.336304e+01
0:   841    1.154919e+05    1.001106    4.341099e+01
0:   842    1.126442e+05    0.975343    4.234060e+01
0:   843    1.098272e+05    0.974992    4.128175e+01
0:   844    1.057367e+05    0.962755    3.974420e+01
0:   845    1.072761e+05    1.014559    4.032286e+01
0:   846    1.048346e+05    0.977240    3.940512e+01
0:   847    1.054805e+05    1.006162    3.964792e+01
0:   848    1.127719e+05    1.069126    4.238862e+01
0:   849    1.148951e+05    1.018827    4.318668e+01
0:   850    1.185675e+05    1.031963    4.456706e+01
0:   851    1.191501e+05    1.004913    4.478602e+01
0:   852    1.219183e+05    1.023233    4.582653e+01
0:   853    1.243132e+05    1.019644    4.672674e+01
0:   854    1.230432e+05    0.989784    4.624937e+01
0:   855    1.192207e+05    0.968933    4.481256e+01
0:   856    1.162640e+05    0.975200    4.370122e+01
0:   857    1.133776e+05    0.975174    4.261628e+01
0:   858    1.087753e+05    0.959407    4.088637e+01
0:   859    1.068953e+05    0.982717    4.017971e+01
0:   860    1.034603e+05    0.967866    3.888856e+01
0:   861    1.021094e+05    0.986942    3.838077e+01
0:   862    1.048486e+05    1.026826    3.941038e+01
0:   863    1.037773e+05    0.989782    3.900770e+01
0:   864    1.014157e+05    0.977244    3.812003e+01
0:   865    1.017144e+05    1.002945    3.823231e+01
0:   866    1.024707e+05    1.007435    3.851659e+01
0:   867    1.001390e+05    0.977246    3.764017e+01
0:   868    9.625109e+04    0.961175    3.617877e+01
0:   869    9.492590e+04    0.986232    3.568066e+01
0:   870    9.184221e+04    0.967515    3.452157e+01
0:   871    9.080890e+04    0.988749    3.413317e+01
0:   872    9.171273e+04    1.009953    3.447290e+01
0:   873    9.196198e+04    1.002718    3.456659e+01
0:   874    9.356764e+04    1.017460    3.517012e+01
0:   875    9.371402e+04    1.001564    3.522514e+01
0:   876    9.255066e+04    0.987586    3.478786e+01
0:   877    9.207949e+04    0.994909    3.461076e+01
0:   878    9.072444e+04    0.985284    3.410142e+01
0:   879    9.012338e+04    0.993375    3.387549e+01
0:   880    8.919825e+04    0.989735    3.352776e+01
0:   881    8.846958e+04    0.991831    3.325386e+01
0:   882    8.866783e+04    1.002241    3.332838e+01
0:   883    8.967075e+04    1.011311    3.370536e+01
0:   884    9.389341e+04    1.047091    3.529257e+01
0:   885    9.660314e+04    1.028860    3.631110e+01
0:   886    9.601272e+04    0.993888    3.608917e+01
0:   887    9.425569e+04    0.981700    3.542874e+01
0:   888    9.519459e+04    1.009961    3.578166e+01
0:   889    9.558333e+04    1.004084    3.592777e+01
0:   890    9.588479e+04    1.003154    3.604109e+01
0:   891    9.661408e+04    1.007606    3.631521e+01
0:   892    9.826672e+04    1.017106    3.693640e+01
0:   893    9.551810e+04    0.972029    3.590325e+01
0:   894    9.194836e+04    0.962628    3.456147e+01
0:   895    8.782700e+04    0.955177    3.301233e+01
0:   896    8.558738e+04    0.974500    3.217051e+01
0:   897    8.565505e+04    1.000791    3.219594e+01
0:   898    8.824267e+04    1.030210    3.316857e+01
0:   899    8.991379e+04    1.018938    3.379671e+01
0:   900    9.038327e+04    1.005221    3.397318e+01
0:   901    9.057056e+04    1.002072    3.404358e+01
0:   902    9.421415e+04    1.040229    3.541313e+01
0:   903    9.781861e+04    1.038258    3.676797e+01
0:   904    9.934562e+04    1.015611    3.734194e+01
0:   905    9.875263e+04    0.994031    3.711905e+01
0:   906    1.021506e+05    1.034408    3.839626e+01
0:   907    1.031917e+05    1.010192    3.878759e+01
0:   908    1.024451e+05    0.992766    3.850698e+01
0:   909    1.045093e+05    1.020149    3.928286e+01
0:   910    1.048813e+05    1.003559    3.942268e+01
0:   911    1.050939e+05    1.002028    3.950261e+01
0:   912    1.067803e+05    1.016047    4.013650e+01
0:   913    1.080418e+05    1.011813    4.061063e+01
0:   914    1.091005e+05    1.009799    4.100858e+01
0:   915    1.027561e+05    0.941848    3.862386e+01
0:   916    9.831336e+04    0.956764    3.695393e+01
0:   917    9.961699e+04    1.013260    3.744394e+01
0:   918    1.005456e+05    1.009322    3.779300e+01
0:   919    1.011108e+05    1.005621    3.800544e+01
0:   920    9.663319e+04    0.955716    3.632240e+01
0:   921    9.724416e+04    1.006323    3.655205e+01
0:   922    9.530807e+04    0.980090    3.582431e+01
0:   923    9.471026e+04    0.993728    3.559961e+01
0:   924    9.491903e+04    1.002204    3.567808e+01
0:   925    9.268346e+04    0.976448    3.483777e+01
0:   926    9.524229e+04    1.027608    3.579958e+01
0:   927    9.410898e+04    0.988101    3.537360e+01
0:   928    9.400072e+04    0.998850    3.533290e+01
0:   929    9.332201e+04    0.992780    3.507779e+01
0:   930    9.131802e+04    0.978526    3.432454e+01
0:   931    8.681216e+04    0.950657    3.263088e+01
0:   932    8.702342e+04    1.002433    3.271028e+01
0:   933    9.028135e+04    1.037437    3.393487e+01
0:   934    8.859682e+04    0.981341    3.330169e+01
0:   935    8.584547e+04    0.968945    3.226752e+01
0:   936    8.166320e+04    0.951281    3.069549e+01
0:   937    7.874916e+04    0.964316    2.960016e+01
0:   938    7.783534e+04    0.988396    2.925668e+01
0:   939    8.171735e+04    1.049875    3.071584e+01
0:   940    8.380411e+04    1.025536    3.150021e+01
0:   941    8.465076e+04    1.010103    3.181845e+01
0:   942    8.713806e+04    1.029383    3.275337e+01
0:   943    8.739793e+04    1.002982    3.285105e+01
0:   944    8.807136e+04    1.007705    3.310418e+01
0:   945    8.874380e+04    1.007635    3.335694e+01
0:   946    8.823715e+04    0.994291    3.316650e+01
0:   947    8.731208e+04    0.989516    3.281879e+01
0:   948    8.635075e+04    0.988990    3.245744e+01
0:   949    8.713155e+04    1.009042    3.275093e+01
0:   950    8.901695e+04    1.021639    3.345961e+01
0:   951    8.698322e+04    0.977153    3.269517e+01
0:   952    8.442840e+04    0.970629    3.173487e+01
0:   953    8.357881e+04    0.989937    3.141553e+01
0:   954    8.254711e+04    0.987656    3.102773e+01
0:   955    8.164724e+04    0.989099    3.068949e+01
0:   956    8.285755e+04    1.014824    3.114442e+01
0:   957    8.466863e+04    1.021858    3.182517e+01
0:   958    8.248186e+04    0.974173    3.100321e+01
0:   959    8.032964e+04    0.973907    3.019423e+01
0:   960    8.000999e+04    0.996021    3.007408e+01
0:   961    8.026193e+04    1.003149    3.016878e+01
0:   962    8.254576e+04    1.028455    3.102723e+01
0:   963    8.595061e+04    1.041248    3.230704e+01
0:   964    8.561509e+04    0.996096    3.218092e+01
0:   965    8.118411e+04    0.948245    3.051541e+01
0:   966    7.927184e+04    0.976445    2.979663e+01
0:   967    7.988586e+04    1.007746    3.002742e+01
0:   968    7.943368e+04    0.994340    2.985746e+01
0:   969    7.835271e+04    0.986392    2.945115e+01
0:   970    8.095737e+04    1.033243    3.043018e+01
0:   971    8.141500e+04    1.005653    3.060219e+01
0:   972    8.110117e+04    0.996145    3.048423e+01
0:   973    8.342980e+04    1.028713    3.135952e+01
0:   974    8.625452e+04    1.033857    3.242127e+01
0:   975    8.449199e+04    0.979566    3.175877e+01
0:   976    8.195914e+04    0.970023    3.080673e+01
0:   977    7.952001e+04    0.970240    2.988991e+01
0:   978    7.766494e+04    0.976672    2.919263e+01
0:   979    7.668952e+04    0.987441    2.882599e+01
0:   980    7.924368e+04    1.033305    2.978604e+01
0:   981    7.965282e+04    1.005163    2.993983e+01
0:   982    7.758033e+04    0.973981    2.916082e+01
0:   983    7.535546e+04    0.971322    2.832454e+01
0:   984    7.470278e+04    0.991339    2.807921e+01
0:   985    7.418190e+04    0.993027    2.788343e+01
0:   986    7.399843e+04    0.997527    2.781446e+01
0:   987    7.454215e+04    1.007348    2.801884e+01
0:   988    7.483202e+04    1.003889    2.812779e+01
0:   989    7.169078e+04    0.958023    2.694706e+01
0:   990    7.189413e+04    1.002837    2.702350e+01
0:   991    7.102345e+04    0.987889    2.669623e+01
0:   992    6.838691e+04    0.962878    2.570521e+01
0:   993    6.799919e+04    0.994330    2.555947e+01
0:   994    6.579555e+04    0.967593    2.473117e+01
0:   995    6.685412e+04    1.016089    2.512906e+01
0:   996    6.621777e+04    0.990482    2.488987e+01
0:   997    6.537498e+04    0.987273    2.457309e+01
0:   998    6.527898e+04    0.998531    2.453700e+01
0:   999    6.457982e+04    0.989290    2.427420e+01
0:  1000    6.464199e+04    1.000963    2.429757e+01
0: 
0: 
0: =============================================
0: Solve phase times:
0: =============================================
0: PCG Solve:
0:   wall clock time = 17.325410 seconds
0:   wall MFLOPS     = 0.000000
0:   cpu clock time  = 17.324932 seconds
0:   cpu MFLOPS      = 0.000000
0: 
0: 
0: Iterations = 1000
0: Final Relative Residual Norm = 2.429757e+01
0: 
0: Global matrix size: 384 x 384 x 384
0: 5pt 2D Laplacian
0: =============================================
0: Hypre init times:
0: =============================================
0: Hypre init:
0:   wall clock time = 0.000003 seconds
0:   wall MFLOPS     = 0.000000
0:   cpu clock time  = 0.000003 seconds
0:   cpu MFLOPS      = 0.000000
0: 
0: 
0: Using HYPRE_DEVELOP_STRING: v3.1.0-1-g5f6c9306d (branch v3.1.0_thrusthipbugfix; not the develop branch)
0: 
0: Running with these driver parameters:
0:   solver ID    = 2
0: 
0:   Laplacian:   num_fun = 1
0:     (nx, ny, nz) = (384, 384, 384)
0:     (Px, Py, Pz) = (4, 4, 4)
0:     (cx, cy, cz) = (1.000000, 1.000000, 1.000000)
0: 
0: =============================================
0: Generate Matrix:
0: =============================================
0: Spatial Operator:
0:   wall clock time = 0.439753 seconds
0:   wall MFLOPS     = 0.000000
0:   cpu clock time  = 0.439643 seconds
0:   cpu MFLOPS      = 0.000000
0: 
0:   Number of vector components: 1
0:   RHS vector has unit coefficients
0:   Initial guess is 0
0: =============================================
0: IJ Vector Setup:
0: =============================================
0: RHS and Initial Guess:
0:   wall clock time = 0.012962 seconds
0:   wall MFLOPS     = 0.000000
0:   cpu clock time  = 0.012962 seconds
0:   cpu MFLOPS      = 0.000000
0: 
0: Solver: DS-PCG
0: HYPRE_ParCSRPCGGetPrecond got good precond
0: =============================================
0: Setup phase times:
0: =============================================
0: PCG Setup:
0:   wall clock time = 0.000620 seconds
0:   wall MFLOPS     = 0.000000
0:   cpu clock time  = 0.000620 seconds
0:   cpu MFLOPS      = 0.000000
0: 
0: <b,b>: 5.662310e+07
0: 
0: 
0: Iters       ||r||_2     conv.rate  ||r||_2/||b||_2
0: -----    ------------   ---------  ------------ 
0:     1    6.004169e+04    7.979139    7.979139e+00
0:     2    5.972503e+04    0.994726    7.937057e+00
0:     3    6.124600e+04    1.025466    8.139185e+00
0:     4    7.125155e+04    1.163367    9.468855e+00
0:     5    6.713562e+04    0.942234    8.921876e+00
0:     6    7.054898e+04    1.050843    9.375489e+00
0:     7    7.328942e+04    1.038844    9.739674e+00
0:     8    7.734586e+04    1.055348    1.027875e+01
0:     9    6.996231e+04    0.904539    9.297525e+00
0:    10    7.646592e+04    1.092959    1.016181e+01
0:    11    7.245562e+04    0.947554    9.628869e+00
0:    12    7.228803e+04    0.997687    9.606596e+00
0:    13    7.449329e+04    1.030507    9.899661e+00
0:    14    7.055538e+04    0.947137    9.376339e+00
0:    15    7.339394e+04    1.040232    9.753564e+00
0:    16    7.125061e+04    0.970797    9.468730e+00
0:    17    7.102294e+04    0.996805    9.438475e+00
0:    18    7.184214e+04    1.011534    9.547341e+00
0:    19    6.963273e+04    0.969246    9.253725e+00
0:    20    7.106220e+04    1.020529    9.443692e+00
0:    21    6.955819e+04    0.978835    9.243820e+00
0:    22    6.940552e+04    0.997805    9.223530e+00
0:    23    6.965115e+04    1.003539    9.256172e+00
0:    24    6.816227e+04    0.978624    9.058310e+00
0:    25    6.899526e+04    1.012221    9.169009e+00
0:    26    6.778764e+04    0.982497    9.008524e+00
0:    27    6.764743e+04    0.997932    8.989892e+00
0:    28    6.766896e+04    1.000318    8.992752e+00
0:    29    6.650117e+04    0.982743    8.837561e+00
0:    30    6.704351e+04    1.008155    8.909634e+00
0:    31    6.601755e+04    0.984697    8.773291e+00
0:    32    6.584434e+04    0.997376    8.750273e+00
0:    33    6.579184e+04    0.999203    8.743296e+00
0:    34    6.477930e+04    0.984610    8.608736e+00
0:    35    6.515593e+04    1.005814    8.658789e+00
0:    36    6.426779e+04    0.986369    8.540761e+00
0:    37    6.403818e+04    0.996427    8.510246e+00
0:    38    6.397649e+04    0.999037    8.502049e+00
0:    39    6.304889e+04    0.985501    8.378777e+00
0:    40    6.331304e+04    1.004190    8.413880e+00
0:    41    6.254378e+04    0.987850    8.311651e+00
0:    42    6.224866e+04    0.995281    8.272431e+00
0:    43    6.220335e+04    0.999272    8.266410e+00
0:    44    6.133263e+04    0.986002    8.150697e+00
0:    45    6.150696e+04    1.002842    8.173865e+00
0:    46    6.084649e+04    0.989262    8.086092e+00
0:    47    6.048568e+04    0.994070    8.038143e+00
0:    48    6.046302e+04    0.999625    8.035131e+00
0:    49    5.964065e+04    0.986399    7.925844e+00
0:    50    5.973466e+04    1.001576    7.938338e+00
0:    51    5.917539e+04    0.990637    7.864014e+00
0:    52    5.875439e+04    0.992886    7.808067e+00
0:    53    5.875090e+04    0.999941    7.807603e+00
0:    54    5.797728e+04    0.986832    7.704793e+00
0:    55    5.799521e+04    1.000309    7.707176e+00
0:    56    5.752947e+04    0.991969    7.645283e+00
0:    57    5.705745e+04    0.991795    7.582554e+00
0:    58    5.706487e+04    1.000130    7.583540e+00
0:    59    5.634400e+04    0.987367    7.487741e+00
0:    60    5.628860e+04    0.999017    7.480379e+00
0:    61    5.590770e+04    0.993233    7.429759e+00
0:    62    5.539602e+04    0.990848    7.361762e+00
0:    63    5.540413e+04    1.000146    7.362839e+00
0:    64    5.474077e+04    0.988027    7.274683e+00
0:    65    5.461522e+04    0.997706    7.257998e+00
0:    66    5.430914e+04    0.994396    7.217322e+00
0:    67    5.377037e+04    0.990080    7.145723e+00
0:    68    5.376870e+04    0.999969    7.145502e+00
0:    69    5.316682e+04    0.988806    7.065516e+00
0:    70    5.297552e+04    0.996402    7.040093e+00
0:    71    5.273312e+04    0.995424    7.007880e+00
0:    72    5.218012e+04    0.989513    6.934389e+00
0:    73    5.215904e+04    0.999596    6.931588e+00
0:    74    5.162099e+04    0.989684    6.860084e+00
0:    75    5.136986e+04    0.995135    6.826711e+00
0:    76    5.117922e+04    0.996289    6.801377e+00
0:    77    5.062445e+04    0.989160    6.727651e+00
0:    78    5.057586e+04    0.999040    6.721194e+00
0:    79    5.010198e+04    0.990630    6.658219e+00
0:    80    4.979843e+04    0.993941    6.617878e+00
0:    81    4.964729e+04    0.996965    6.597794e+00
0:    82    4.910224e+04    0.989022    6.525360e+00
0:    83    4.901998e+04    0.998325    6.514428e+00
0:    84    4.860854e+04    0.991607    6.459751e+00
0:    85    4.826118e+04    0.992854    6.413589e+00
0:    86    4.813744e+04    0.997436    6.397144e+00
0:    87    4.761219e+04    0.989088    6.327342e+00
0:    88    4.749224e+04    0.997481    6.311402e+00
0:    89    4.713952e+04    0.992573    6.264528e+00
0:    90    4.675785e+04    0.991903    6.213807e+00
0:    91    4.664999e+04    0.997693    6.199472e+00
0:    92    4.615283e+04    0.989343    6.133403e+00
0:    93    4.599338e+04    0.996545    6.112213e+00
0:    94    4.569396e+04    0.993490    6.072422e+00
0:    95    4.528792e+04    0.991114    6.018462e+00
0:    96    4.518543e+04    0.997737    6.004841e+00
0:    97    4.472268e+04    0.989759    5.943346e+00
0:    98    4.452403e+04    0.995558    5.916946e+00
0:    99    4.427109e+04    0.994319    5.883332e+00
0:   100    4.385065e+04    0.990503    5.827459e+00
0:   101    4.374437e+04    0.997576    5.813335e+00
0:   102    4.332029e+04    0.990305    5.756977e+00
0:   103    4.308462e+04    0.994560    5.725659e+00
0:   104    4.287040e+04    0.995028    5.697190e+00
0:   105    4.244513e+04    0.990080    5.640675e+00
0:   106    4.232751e+04    0.997229    5.625044e+00
0:   107    4.194425e+04    0.990945    5.574111e+00
0:   108    4.167540e+04    0.993590    5.538382e+00
0:   109    4.149160e+04    0.995590    5.513957e+00
0:   110    4.107029e+04    0.989846    5.457967e+00
0:   111    4.093553e+04    0.996719    5.440058e+00
0:   112    4.059330e+04    0.991640    5.394579e+00
0:   113    4.029639e+04    0.992686    5.355121e+00
0:   114    4.013460e+04    0.995985    5.333621e+00
0:   115    3.972495e+04    0.989793    5.279180e+00
0:   116    3.956908e+04    0.996076    5.258467e+00
0:   117    3.926633e+04    0.992349    5.218233e+00
0:   118    3.894740e+04    0.991878    5.175850e+00
0:   119    3.879949e+04    0.996202    5.156194e+00
0:   120    3.840788e+04    0.989907    5.104151e+00
0:   121    3.822874e+04    0.995336    5.080344e+00
0:   122    3.796239e+04    0.993033    5.044948e+00
0:   123    3.762804e+04    0.991193    5.000515e+00
0:   124    3.748652e+04    0.996239    4.981708e+00
0:   125    3.711783e+04    0.990165    4.932712e+00
0:   126    3.691494e+04    0.994534    4.905749e+00
0:   127    3.668075e+04    0.993656    4.874627e+00
0:   128    3.633773e+04    0.990648    4.829041e+00
0:   129    3.619602e+04    0.996100    4.810209e+00
0:   130    3.585359e+04    0.990540    4.764703e+00
0:   131    3.562799e+04    0.993708    4.734722e+00
0:   132    3.542087e+04    0.994187    4.707197e+00
0:   133    3.507573e+04    0.990256    4.661330e+00
0:   134    3.492838e+04    0.995799    4.641749e+00
0:   135    3.461400e+04    0.990999    4.599969e+00
0:   136    3.436803e+04    0.992894    4.567282e+00
0:   137    3.418239e+04    0.994598    4.542611e+00
0:   138    3.384120e+04    0.990018    4.497269e+00
0:   139    3.368403e+04    0.995356    4.476382e+00
0:   140    3.339801e+04    0.991509    4.438372e+00
0:   141    3.313501e+04    0.992125    4.403422e+00
0:   142    3.296511e+04    0.994872    4.380843e+00
0:   143    3.263318e+04    0.989931    4.336732e+00
0:   144    3.246333e+04    0.994795    4.314160e+00
0:   145    3.220469e+04    0.992033    4.279788e+00
0:   146    3.192873e+04    0.991431    4.243115e+00
0:   147    3.176899e+04    0.994997    4.221886e+00
0:   148    3.145070e+04    0.989981    4.179588e+00
0:   149    3.126661e+04    0.994147    4.155123e+00
0:   150    3.103326e+04    0.992537    4.124113e+00
0:   151    3.074882e+04    0.990834    4.086313e+00
0:   152    3.059408e+04    0.994968    4.065749e+00
0:   153    3.029274e+04    0.990150    4.025703e+00
0:   154    3.009409e+04    0.993442    3.999303e+00
0:   155    2.988307e+04    0.992988    3.971261e+00
0:   156    2.959476e+04    0.990352    3.932946e+00
0:   157    2.944054e+04    0.994789    3.912451e+00
0:   158    2.915834e+04    0.990415    3.874949e+00
0:   159    2.894588e+04    0.992714    3.846714e+00
0:   160    2.875365e+04    0.993359    3.821168e+00
0:   161    2.846593e+04    0.989994    3.782932e+00
0:   162    2.830853e+04    0.994471    3.762014e+00
0:   163    2.804656e+04    0.990746    3.727201e+00
0:   164    2.782198e+04    0.991993    3.697355e+00
0:   165    2.764462e+04    0.993625    3.673786e+00
0:   166    2.736160e+04    0.989762    3.636174e+00
0:   167    2.719824e+04    0.994030    3.614465e+00
0:   168    2.695656e+04    0.991114    3.582346e+00
0:   169    2.672224e+04    0.991308    3.551207e+00
0:   170    2.655578e+04    0.993771    3.529085e+00
0:   171    2.628099e+04    0.989653    3.492568e+00
0:   172    2.610984e+04    0.993488    3.469824e+00
0:   173    2.588757e+04    0.991487    3.440285e+00
0:   174    2.564638e+04    0.990683    3.408232e+00
0:   175    2.548698e+04    0.993785    3.387049e+00
0:   176    2.522328e+04    0.989654    3.352005e+00
0:   177    2.504344e+04    0.992870    3.328106e+00
0:   178    2.483895e+04    0.991835    3.300931e+00
0:   179    2.459401e+04    0.990139    3.268380e+00
0:   180    2.443817e+04    0.993664    3.247670e+00
0:   181    2.418764e+04    0.989748    3.214376e+00
0:   182    2.399906e+04    0.992203    3.189315e+00
0:   183    2.381016e+04    0.992129    3.164211e+00
0:   184    2.356465e+04    0.989689    3.131584e+00
0:   185    2.340937e+04    0.993411    3.110949e+00
0:   186    2.317328e+04    0.989915    3.079574e+00
0:   187    2.297667e+04    0.991516    3.053446e+00
0:   188    2.280076e+04    0.992344    3.030069e+00
0:   189    2.255769e+04    0.989339    2.997767e+00
0:   190    2.240058e+04    0.993035    2.976887e+00
0:   191    2.217942e+04    0.990127    2.947497e+00
0:   192    2.197610e+04    0.990833    2.920478e+00
0:   193    2.181041e+04    0.992460    2.898458e+00
0:   194    2.157250e+04    0.989092    2.866842e+00
0:   195    2.141181e+04    0.992551    2.845487e+00
0:   196    2.120537e+04    0.990359    2.818053e+00
0:   197    2.099712e+04    0.990179    2.790377e+00
0:   198    2.083887e+04    0.992463    2.769346e+00
0:   199    2.060839e+04    0.988940    2.738718e+00
0:   200    2.044307e+04    0.991978    2.716747e+00
0:   201    2.025050e+04    0.990580    2.691156e+00
0:   202    2.003937e+04    0.989574    2.663098e+00
0:   203    1.988593e+04    0.992343    2.642708e+00
0:   204    1.966464e+04    0.988872    2.613300e+00
0:   205    1.949428e+04    0.991337    2.590660e+00
0:   206    1.931424e+04    0.990764    2.566734e+00
0:   207    1.910242e+04    0.989033    2.538584e+00
0:   208    1.895147e+04    0.992098    2.518524e+00
0:   209    1.874056e+04    0.988871    2.490495e+00
0:   210    1.856533e+04    0.990650    2.467208e+00
0:   211    1.839612e+04    0.990886    2.444722e+00
0:   212    1.818576e+04    0.988565    2.416766e+00
0:   213    1.803536e+04    0.991730    2.396779e+00
0:   214    1.783543e+04    0.988914    2.370210e+00
0:   215    1.765601e+04    0.989940    2.346366e+00
0:   216    1.749573e+04    0.990922    2.325066e+00
0:   217    1.728883e+04    0.988174    2.297570e+00
0:   218    1.713749e+04    0.991247    2.277458e+00
0:   219    1.694861e+04    0.988979    2.252358e+00
0:   220    1.676606e+04    0.989229    2.228098e+00
0:   221    1.661273e+04    0.990855    2.207722e+00
0:   222    1.641100e+04    0.987857    2.180912e+00
0:   223    1.625772e+04    0.990660    2.160543e+00
0:   224    1.607949e+04    0.989037    2.136857e+00
0:   225    1.589513e+04    0.988534    2.112356e+00
0:   226    1.574683e+04    0.990670    2.092649e+00
0:   227    1.555164e+04    0.987604    2.066709e+00
0:   228    1.539589e+04    0.989985    2.046011e+00
0:   229    1.522750e+04    0.989062    2.023633e+00
0:   230    1.504278e+04    0.987870    1.999086e+00
0:   231    1.489777e+04    0.990360    1.979814e+00
0:   232    1.471009e+04    0.987403    1.954873e+00
0:   233    1.455179e+04    0.989239    1.933836e+00
0:   234    1.439212e+04    0.989027    1.912617e+00
0:   235    1.420854e+04    0.987245    1.888221e+00
0:   236    1.406530e+04    0.989919    1.869185e+00
0:   237    1.388571e+04    0.987231    1.845318e+00
0:   238    1.372515e+04    0.988437    1.823981e+00
0:   239    1.357290e+04    0.988907    1.803748e+00
0:   240    1.339186e+04    0.986662    1.779689e+00
0:   241    1.324920e+04    0.989347    1.760730e+00
0:   242    1.307784e+04    0.987067    1.737958e+00
0:   243    1.291564e+04    0.987597    1.716402e+00
0:   244    1.276941e+04    0.988678    1.696969e+00
0:   245    1.259214e+04    0.986118    1.673412e+00
0:   246    1.244920e+04    0.988649    1.654416e+00
0:   247    1.228588e+04    0.986881    1.632712e+00
0:   248    1.212285e+04    0.986730    1.611046e+00
0:   249    1.198126e+04    0.988320    1.592229e+00
0:   250    1.180877e+04    0.985603    1.569306e+00
0:   251    1.166504e+04    0.987829    1.550206e+00
0:   252    1.150924e+04    0.986644    1.529502e+00
0:   253    1.134634e+04    0.985845    1.507852e+00
0:   254    1.120808e+04    0.987815    1.489479e+00
0:   255    1.104108e+04    0.985100    1.467286e+00
0:   256    1.089639e+04    0.986895    1.448057e+00
0:   257    1.074736e+04    0.986324    1.428253e+00
0:   258    1.058556e+04    0.984945    1.406750e+00
0:   259    1.044952e+04    0.987149    1.388672e+00
0:   260    1.028844e+04    0.984585    1.367265e+00
0:   261    1.014286e+04    0.985851    1.347919e+00
0:   262    9.999703e+03    0.985886    1.328894e+00
0:   263    9.839949e+03    0.984024    1.307663e+00
0:   264    9.705206e+03    0.986307    1.289757e+00
0:   265    9.550171e+03    0.984026    1.269154e+00
0:   266    9.404044e+03    0.984699    1.249735e+00
0:   267    9.265752e+03    0.985294    1.231357e+00
0:   268    9.108874e+03    0.983069    1.210509e+00
0:   269    8.974747e+03    0.985275    1.192684e+00
0:   270    8.825620e+03    0.983384    1.172866e+00
0:   271    8.679431e+03    0.983436    1.153438e+00
0:   272    8.545008e+03    0.984512    1.135575e+00
0:   273    8.391669e+03    0.982055    1.115197e+00
0:   274    8.257721e+03    0.984038    1.097396e+00
0:   275    8.114131e+03    0.982611    1.078314e+00
0:   276    7.968468e+03    0.982048    1.058956e+00
0:   277    7.836970e+03    0.983498    1.041481e+00
0:   278    7.687632e+03    0.980944    1.021635e+00
0:   279    7.553657e+03    0.982573    1.003831e+00
0:   280    7.415055e+03    0.981651    9.854113e-01
0:   281    7.270531e+03    0.980509    9.662051e-01
0:   282    7.141124e+03    0.982201    9.490077e-01
0:   283    6.996033e+03    0.979682    9.297261e-01
0:   284    6.862027e+03    0.980845    9.119175e-01
0:   285    6.727740e+03    0.980431    8.940718e-01
0:   286    6.584938e+03    0.978774    8.750943e-01
0:   287    6.456933e+03    0.980561    8.580833e-01
0:   288    6.316118e+03    0.978192    8.393699e-01
0:   289    6.182238e+03    0.978803    8.215782e-01
0:   290    6.051531e+03    0.978858    8.042080e-01
0:   291    5.910943e+03    0.976768    7.855248e-01
0:   292    5.783819e+03    0.978494    7.686310e-01
0:   293    5.647111e+03    0.976364    7.504633e-01
0:   294    5.513627e+03    0.976362    7.327242e-01
0:   295    5.385752e+03    0.976808    7.157305e-01
0:   296    5.247745e+03    0.974376    6.973903e-01
0:   297    5.121152e+03    0.975877    6.805669e-01
0:   298    4.988209e+03    0.974040    6.628996e-01
0:   299    4.855449e+03    0.973385    6.452567e-01
0:   300    4.729701e+03    0.974102    6.285457e-01
0:   301    4.594486e+03    0.971412    6.105766e-01
0:   302    4.468233e+03    0.972521    5.937983e-01
0:   303    4.338582e+03    0.970984    5.765685e-01
0:   304    4.206880e+03    0.969644    5.590663e-01
0:   305    4.082630e+03    0.970465    5.425543e-01
0:   306    3.950252e+03    0.967575    5.249621e-01
0:   307    3.824283e+03    0.968111    5.082216e-01
0:   308    3.697360e+03    0.966811    4.913544e-01
0:   309    3.567008e+03    0.964745    4.740316e-01
0:   310    3.443732e+03    0.965440    4.576490e-01
0:   311    3.314065e+03    0.962347    4.404172e-01
0:   312    3.188427e+03    0.962089    4.237207e-01
0:   313    3.063625e+03    0.960858    4.071353e-01
0:   314    2.934836e+03    0.957962    3.900201e-01
0:   315    2.812141e+03    0.958194    3.737147e-01
0:   316    2.684946e+03    0.954769    3.568114e-01
0:   317    2.559834e+03    0.953402    3.401848e-01
0:   318    2.436734e+03    0.951911    3.238256e-01
0:   319    2.310021e+03    0.947999    3.069864e-01
0:   320    2.188490e+03    0.947389    2.908356e-01
0:   321    2.065088e+03    0.943614    2.744364e-01
0:   322    1.943916e+03    0.941323    2.583334e-01
0:   323    1.827942e+03    0.940340    2.429213e-01
0:   324    1.713703e+03    0.937504    2.277397e-01
0:   325    1.610598e+03    0.939835    2.140378e-01
0:   326    1.518243e+03    0.942658    2.017644e-01
0:   327    1.443257e+03    0.950610    1.917992e-01
0:   328    1.395369e+03    0.966820    1.854352e-01
0:   329    1.378629e+03    0.988004    1.832106e-01
0:   330    1.408159e+03    1.021419    1.871349e-01
0:   331    1.493536e+03    1.060630    1.984810e-01
0:   332    1.646708e+03    1.102557    2.188365e-01
0:   333    1.882401e+03    1.143130    2.501585e-01
0:   334    2.193080e+03    1.165044    2.914457e-01
0:   335    2.552042e+03    1.163680    3.391494e-01
0:   336    2.872572e+03    1.125597    3.817457e-01
0:   337    3.017729e+03    1.050532    4.010361e-01
0:   338    2.900550e+03    0.961170    3.854637e-01
0:   339    2.550922e+03    0.879462    3.390005e-01
0:   340    2.127569e+03    0.834039    2.827397e-01
0:   341    1.776426e+03    0.834956    2.360751e-01
0:   342    1.572574e+03    0.885246    2.089846e-01
0:   343    1.544364e+03    0.982061    2.052356e-01
0:   344    1.674180e+03    1.084058    2.224874e-01
0:   345    1.899470e+03    1.134567    2.524269e-01
0:   346    2.077278e+03    1.093609    2.760564e-01
0:   347    2.042632e+03    0.983321    2.714521e-01
0:   348    1.811096e+03    0.886648    2.406826e-01
0:   349    1.550855e+03    0.856307    2.060983e-01
0:   350    1.409911e+03    0.909119    1.873678e-01
0:   351    1.438161e+03    1.020036    1.911220e-01
0:   352    1.591548e+03    1.106655    2.115061e-01
0:   353    1.736618e+03    1.091150    2.307849e-01
0:   354    1.704852e+03    0.981708    2.265634e-01
0:   355    1.507688e+03    0.884352    2.003617e-01
0:   356    1.325715e+03    0.879303    1.761787e-01
0:   357    1.278600e+03    0.964460    1.699174e-01
0:   358    1.374998e+03    1.075394    1.827281e-01
0:   359    1.504598e+03    1.094255    1.999511e-01
0:   360    1.494801e+03    0.993488    1.986490e-01
0:   361    1.336113e+03    0.893840    1.775604e-01
0:   362    1.189500e+03    0.890269    1.580766e-01
0:   363    1.173683e+03    0.986703    1.559747e-01
0:   364    1.273962e+03    1.085439    1.693011e-01
0:   365    1.350435e+03    1.060028    1.794638e-01
0:   366    1.277004e+03    0.945624    1.697052e-01
0:   367    1.128340e+03    0.883584    1.499488e-01
0:   368    1.061658e+03    0.940903    1.410873e-01
0:   369    1.119562e+03    1.054541    1.487823e-01
0:   370    1.203499e+03    1.074973    1.599369e-01
0:   371    1.170612e+03    0.972674    1.555665e-01
0:   372    1.043218e+03    0.891174    1.386368e-01
0:   373    9.718818e+02    0.931619    1.291566e-01
0:   374    1.015057e+03    1.044425    1.348943e-01
0:   375    1.086163e+03    1.070051    1.443438e-01
0:   376    1.052290e+03    0.968814    1.398423e-01
0:   377    9.411065e+02    0.894342    1.250668e-01
0:   378    8.901758e+02    0.945882    1.182984e-01
0:   379    9.390442e+02    1.054898    1.247927e-01
0:   380    9.876906e+02    1.051804    1.312575e-01
0:   381    9.307693e+02    0.942369    1.236930e-01
0:   382    8.380760e+02    0.900412    1.113747e-01
0:   383    8.231487e+02    0.982189    1.093910e-01
0:   384    8.796242e+02    1.068609    1.168962e-01
0:   385    8.886208e+02    1.010228    1.180918e-01
0:   386    8.092755e+02    0.910710    1.075473e-01
0:   387    7.520892e+02    0.929336    9.994763e-02
0:   388    7.771872e+02    1.033371    1.032830e-01
0:   389    8.182380e+02    1.052820    1.087384e-01
0:   390    7.757476e+02    0.948071    1.030917e-01
0:   391    7.033654e+02    0.906694    9.347257e-02
0:   392    6.983129e+02    0.992817    9.280112e-02
0:   393    7.406073e+02    1.060567    9.842176e-02
0:   394    7.303615e+02    0.986166    9.706016e-02
0:   395    6.626940e+02    0.907351    8.806761e-02
0:   396    6.363825e+02    0.960296    8.457099e-02
0:   397    6.707398e+02    1.053988    8.913684e-02
0:   398    6.779791e+02    1.010793    9.009890e-02
0:   399    6.216273e+02    0.916883    8.261012e-02
0:   400    5.861981e+02    0.943006    7.790181e-02
0:   401    6.099965e+02    1.040598    8.106446e-02
0:   402    6.257737e+02    1.025864    8.316114e-02
0:   403    5.791285e+02    0.925460    7.696231e-02
0:   404    5.414534e+02    0.934945    7.195554e-02
0:   405    5.594252e+02    1.033192    7.434387e-02
0:   406    5.756423e+02    1.028989    7.649902e-02
0:   407    5.364865e+02    0.931979    7.129547e-02
0:   408    5.007486e+02    0.933385    6.654614e-02
0:   409    5.155770e+02    1.029613    6.851674e-02
0:   410    5.304282e+02    1.028805    7.049037e-02
0:   411    4.938638e+02    0.931066    6.563120e-02
0:   412    4.633856e+02    0.938286    6.158085e-02
0:   413    4.781369e+02    1.031834    6.354120e-02
0:   414    4.882072e+02    1.021061    6.487947e-02
0:   415    4.535540e+02    0.929019    6.027429e-02
0:   416    4.291259e+02    0.946141    5.702797e-02
0:   417    4.454134e+02    1.037955    5.919247e-02
0:   418    4.494107e+02    1.008974    5.972368e-02
0:   419    4.149501e+02    0.923321    5.514409e-02
0:   420    3.993683e+02    0.962449    5.307338e-02
0:   421    4.162187e+02    1.042193    5.531268e-02
0:   422    4.123466e+02    0.990697    5.479812e-02
0:   423    3.801638e+02    0.921952    5.052123e-02
0:   424    3.734020e+02    0.982214    4.962263e-02
0:   425    3.896951e+02    1.043634    5.178788e-02
0:   426    3.767623e+02    0.966813    5.006920e-02
0:   427    3.493550e+02    0.927256    4.642695e-02
0:   428    3.522156e+02    1.008188    4.680710e-02
0:   429    3.632805e+02    1.031415    4.827756e-02
0:   430    3.432658e+02    0.944905    4.561773e-02
0:   431    3.240073e+02    0.943896    4.305840e-02
0:   432    3.337972e+02    1.030215    4.435941e-02
0:   433    3.365301e+02    1.008188    4.472261e-02
0:   434    3.125871e+02    0.928853    4.154074e-02
0:   435    3.045112e+02    0.974164    4.046751e-02
0:   436    3.166296e+02    1.039796    4.207795e-02
0:   437    3.082012e+02    0.973381    4.095788e-02
0:   438    2.873941e+02    0.932489    3.819275e-02
0:   439    2.897636e+02    1.008245    3.850765e-02
0:   440    2.976509e+02    1.027220    3.955581e-02
0:   441    2.806754e+02    0.942969    3.729989e-02
0:   442    2.682440e+02    0.955709    3.564783e-02
0:   443    2.776684e+02    1.035134    3.690028e-02
0:   444    2.751917e+02    0.991080    3.657114e-02
0:   445    2.565485e+02    0.932254    3.409358e-02
0:   446    2.555133e+02    0.995965    3.395601e-02
0:   447    2.634550e+02    1.031081    3.501141e-02
0:   448    2.509955e+02    0.952707    3.335563e-02
0:   449    2.385750e+02    0.950515    3.170503e-02
0:   450    2.455975e+02    1.029435    3.263827e-02
0:   451    2.448257e+02    0.996857    3.253570e-02
0:   452    2.285146e+02    0.933377    3.036806e-02
0:   453    2.269766e+02    0.993270    3.016368e-02
0:   454    2.335485e+02    1.028954    3.103703e-02
0:   455    2.223501e+02    0.952051    2.954885e-02
0:   456    2.119521e+02    0.953236    2.816702e-02
0:   457    2.176453e+02    1.026861    2.892360e-02
0:   458    2.155013e+02    0.990149    2.863869e-02
0:   459    2.013011e+02    0.934106    2.675158e-02
0:   460    2.006098e+02    0.996566    2.665971e-02
0:   461    2.047615e+02    1.020695    2.721144e-02
0:   462    1.930903e+02    0.943001    2.566041e-02
0:   463    1.853041e+02    0.959676    2.462568e-02
0:   464    1.899111e+02    1.024862    2.523792e-02
0:   465    1.844096e+02    0.971031    2.450681e-02
0:   466    1.724307e+02    0.935042    2.291489e-02
0:   467    1.730125e+02    1.003374    2.299220e-02
0:   468    1.732062e+02    1.001120    2.301795e-02
0:   469    1.614647e+02    0.932211    2.145758e-02
0:   470    1.570714e+02    0.972791    2.087374e-02
0:   471    1.602649e+02    1.020332    2.129814e-02
0:   472    1.527096e+02    0.952857    2.029408e-02
0:   473    1.451990e+02    0.950818    1.929598e-02
0:   474    1.483221e+02    1.021509    1.971102e-02
0:   475    1.457656e+02    0.982763    1.937127e-02
0:   476    1.366281e+02    0.937314    1.815696e-02
0:   477    1.365012e+02    0.999071    1.814010e-02
0:   478    1.372201e+02    1.005267    1.823564e-02
0:   479    1.288444e+02    0.938962    1.712257e-02
0:   480    1.256401e+02    0.975130    1.669673e-02
0:   481    1.282568e+02    1.020827    1.704447e-02
0:   482    1.223189e+02    0.953703    1.625536e-02
0:   483    1.164178e+02    0.951756    1.547115e-02
0:   484    1.185320e+02    1.018161    1.575211e-02
0:   485    1.156873e+02    0.976001    1.537407e-02
0:   486    1.087950e+02    0.940423    1.445813e-02
0:   487    1.092213e+02    1.003918    1.451478e-02
0:   488    1.088014e+02    0.996155    1.445898e-02
0:   489    1.021096e+02    0.938495    1.356968e-02
0:   490    1.005714e+02    0.984936    1.336526e-02
0:   491    1.017209e+02    1.011430    1.351802e-02
0:   492    9.612765e+01    0.945014    1.277472e-02
0:   493    9.279760e+01    0.965358    1.233218e-02
0:   494    9.443758e+01    1.017673    1.255012e-02
0:   495    9.053794e+01    0.958707    1.203189e-02
0:   496    8.600496e+01    0.949933    1.142948e-02
0:   497    8.717822e+01    1.013642    1.158540e-02
0:   498    8.507503e+01    0.975875    1.130590e-02
0:   499    8.005855e+01    0.941035    1.063925e-02
0:   500    8.023489e+01    1.002203    1.066268e-02
0:   501    7.962182e+01    0.992359    1.058121e-02
0:   502    7.473769e+01    0.938658    9.932140e-03
0:   503    7.380965e+01    0.987583    9.808810e-03
0:   504    7.416589e+01    1.004826    9.856152e-03
0:   505    6.985777e+01    0.941912    9.283631e-03
0:   506    6.797975e+01    0.973117    9.034055e-03
0:   507    6.875679e+01    1.011430    9.137318e-03
0:   508    6.529706e+01    0.949682    8.677543e-03
0:   509    6.272139e+01    0.960555    8.335255e-03
0:   510    6.348333e+01    1.012148    8.436510e-03
0:   511    6.097486e+01    0.960486    8.103152e-03
0:   512    5.796000e+01    0.950556    7.702497e-03
0:   513    5.844537e+01    1.008374    7.766999e-03
0:   514    5.682971e+01    0.972356    7.552290e-03
0:   515    5.361815e+01    0.943488    7.125495e-03
0:   516    5.371875e+01    1.001876    7.138863e-03
0:   517    5.281991e+01    0.983268    7.019414e-03
0:   518    4.963739e+01    0.939748    6.596477e-03
0:   519    4.933365e+01    0.993881    6.556113e-03
0:   520    4.893531e+01    0.991926    6.503177e-03
0:   521    4.597225e+01    0.939449    6.109405e-03
0:   522    4.528102e+01    0.984964    6.017545e-03
0:   523    4.519708e+01    0.998146    6.006390e-03
0:   524    4.257614e+01    0.942011    5.658085e-03
0:   525    4.153764e+01    0.975608    5.520074e-03
0:   526    4.163865e+01    1.002432    5.533498e-03
0:   527    3.939916e+01    0.946216    5.235885e-03
0:   528    3.808626e+01    0.966677    5.061409e-03
0:   529    3.828226e+01    1.005146    5.087457e-03
0:   530    3.640070e+01    0.950850    4.837410e-03
0:   531    3.491645e+01    0.959224    4.640162e-03
0:   532    3.512915e+01    1.006092    4.668429e-03
0:   533    3.356277e+01    0.955411    4.460268e-03
0:   534    3.201233e+01    0.953805    4.254226e-03
0:   535    3.216825e+01    1.004871    4.274946e-03
0:   536    3.088880e+01    0.960226    4.104916e-03
0:   537    2.934345e+01    0.949970    3.899549e-03
0:   538    2.939367e+01    1.001711    3.906222e-03
0:   539    2.838699e+01    0.965752    3.772441e-03
0:   540    2.686982e+01    0.946554    3.570820e-03
0:   541    2.681444e+01    0.997939    3.563460e-03
0:   542    2.605022e+01    0.971500    3.461900e-03
0:   543    2.456118e+01    0.942840    3.264017e-03
0:   544    2.444463e+01    0.995255    3.248529e-03
0:   545    2.385158e+01    0.975739    3.169716e-03
0:   546    2.241549e+01    0.939790    2.978869e-03
0:   547    2.227710e+01    0.993826    2.960478e-03
0:   548    2.176824e+01    0.977158    2.892854e-03
0:   549    2.044995e+01    0.939440    2.717662e-03
0:   550    2.027059e+01    0.991229    2.693826e-03
0:   551    1.981518e+01    0.977534    2.633306e-03
0:   552    1.865808e+01    0.941605    2.479535e-03
0:   553    1.838543e+01    0.985387    2.443301e-03
0:   554    1.803330e+01    0.980847    2.396505e-03
0:   555    1.698522e+01    0.941881    2.257222e-03
0:   556    1.664029e+01    0.979692    2.211383e-03
0:   557    1.641769e+01    0.986623    2.181801e-03
0:   558    1.538884e+01    0.937333    2.045073e-03
0:   559    1.508570e+01    0.980301    2.004788e-03
0:   560    1.489379e+01    0.987279    1.979286e-03
0:   561    1.391439e+01    0.934241    1.849129e-03
0:   562    1.369574e+01    0.984286    1.820072e-03
0:   563    1.342876e+01    0.980507    1.784593e-03
0:   564    1.262282e+01    0.939984    1.677488e-03
0:   565    1.236932e+01    0.979917    1.643799e-03
0:   566    1.210728e+01    0.978815    1.608976e-03
0:   567    1.145126e+01    0.945817    1.521797e-03
0:   568    1.110344e+01    0.969626    1.475573e-03
0:   569    1.097206e+01    0.988168    1.458113e-03
0:   570    1.029952e+01    0.938704    1.368738e-03
0:   571    1.000497e+01    0.971401    1.329593e-03
0:   572    9.910694e+00    0.990578    1.317065e-03
0:   573    9.227505e+00    0.931065    1.226274e-03
0:   574    9.059686e+00    0.981813    1.203972e-03
0:   575    8.865127e+00    0.978525    1.178116e-03
0:   576    8.324810e+00    0.939051    1.106312e-03
0:   577    8.140493e+00    0.977859    1.081817e-03
0:   578    7.938847e+00    0.975229    1.055020e-03
0:   579    7.491967e+00    0.943710    9.956324e-04
0:   580    7.272021e+00    0.970642    9.664031e-04
0:   581    7.158777e+00    0.984427    9.513537e-04
0:   582    6.698255e+00    0.935670    8.901533e-04
0:   583    6.537939e+00    0.976066    8.688484e-04
0:   584    6.405953e+00    0.979812    8.513083e-04
0:   585    5.997825e+00    0.936289    7.970709e-04
0:   586    5.869826e+00    0.978659    7.800607e-04
0:   587    5.722728e+00    0.974940    7.605124e-04
0:   588    5.380560e+00    0.940209    7.150404e-04
0:   589    5.248038e+00    0.975370    6.974293e-04
0:   590    5.134228e+00    0.978314    6.823046e-04
0:   591    4.799248e+00    0.934755    6.377880e-04
0:   592    4.721342e+00    0.983767    6.274349e-04
0:   593    4.577344e+00    0.969500    6.082984e-04
0:   594    4.307050e+00    0.940950    5.723782e-04
0:   595    4.231724e+00    0.982511    5.623678e-04
0:   596    4.093345e+00    0.967300    5.439782e-04
0:   597    3.870498e+00    0.945559    5.143634e-04
0:   598    3.786232e+00    0.978228    5.031649e-04
0:   599    3.684420e+00    0.973110    4.896348e-04
0:   600    3.460950e+00    0.939347    4.599371e-04
0:   601    3.419830e+00    0.988119    4.544726e-04
0:   602    3.299931e+00    0.964940    4.385388e-04
0:   603    3.122638e+00    0.946274    4.149778e-04
0:   604    3.082630e+00    0.987188    4.096610e-04
0:   605    2.976296e+00    0.965505    3.955299e-04
0:   606    2.818871e+00    0.947107    3.746092e-04
0:   607    2.794934e+00    0.991508    3.714281e-04
0:   608    2.689754e+00    0.962368    3.574503e-04
0:   609    2.556612e+00    0.950500    3.397567e-04
0:   610    2.547936e+00    0.996606    3.386037e-04
0:   611    2.434472e+00    0.955468    3.235251e-04
0:   612    2.342112e+00    0.962062    3.112511e-04
0:   613    2.319453e+00    0.990325    3.082398e-04
0:   614    2.230645e+00    0.961712    2.964379e-04
0:   615    2.142628e+00    0.960542    2.847410e-04
0:   616    2.137175e+00    0.997455    2.840163e-04
0:   617    2.043210e+00    0.956033    2.715290e-04
0:   618    1.982330e+00    0.970204    2.634385e-04
0:   619    1.971121e+00    0.994345    2.619488e-04
0:   620    1.890083e+00    0.958887    2.511794e-04
0:   621    1.838170e+00    0.972534    2.442806e-04
0:   622    1.833254e+00    0.997326    2.436273e-04
0:   623    1.752638e+00    0.956025    2.329138e-04
0:   624    1.716134e+00    0.979172    2.280627e-04
0:   625    1.710881e+00    0.996939    2.273646e-04
0:   626    1.630034e+00    0.952745    2.166206e-04
0:   627    1.612067e+00    0.988978    2.142330e-04
0:   628    1.593890e+00    0.988724    2.118173e-04
0:   629    1.525492e+00    0.957087    2.027277e-04
0:   630    1.508975e+00    0.989173    2.005327e-04
0:   631    1.490019e+00    0.987438    1.980136e-04
0:   632    1.420406e+00    0.953280    1.887624e-04
0:   633    1.415470e+00    0.996525    1.881065e-04
0:   634    1.379957e+00    0.974911    1.833871e-04
0:   635    1.324472e+00    0.959792    1.760135e-04
0:   636    1.310693e+00    0.989596    1.741823e-04
0:   637    1.276265e+00    0.973733    1.696071e-04
0:   638    1.216712e+00    0.953338    1.616929e-04
0:   639    1.208169e+00    0.992979    1.605576e-04
0:   640    1.159872e+00    0.960025    1.541393e-04
0:   641    1.109703e+00    0.956746    1.474721e-04
0:   642    1.092785e+00    0.984755    1.452239e-04
0:   643    1.043004e+00    0.954445    1.386082e-04
0:   644    9.926833e-01    0.951754    1.319210e-04
0:   645    9.766214e-01    0.983820    1.297865e-04
0:   646    9.182592e-01    0.940241    1.220305e-04
0:   647    8.786459e-01    0.956861    1.167662e-04
0:   648    8.551465e-01    0.973255    1.136433e-04
0:   649    8.003419e-01    0.935912    1.063601e-04
0:   650    7.667636e-01    0.958045    1.018978e-04
0:   651    7.428591e-01    0.968824    9.872102e-05
0:   652    6.928626e-01    0.932697    9.207681e-05
0:   653    6.703326e-01    0.967483    8.908273e-05
0:   654    6.469120e-01    0.965061    8.597028e-05
0:   655    6.098397e-01    0.942694    8.104363e-05
0:   656    5.976414e-01    0.979997    7.942255e-05
0:   657    5.824011e-01    0.974499    7.739722e-05
0:   658    5.597142e-01    0.961046    7.438227e-05
0:   659    5.620254e-01    1.004129    7.468943e-05
0:   660    5.572793e-01    0.991555    7.405869e-05
0:   661    5.508239e-01    0.988416    7.320082e-05
0:   662    5.666258e-01    1.028688    7.530078e-05
0:   663    5.699620e-01    1.005888    7.574415e-05
0:   664    5.721951e-01    1.003918    7.604091e-05
0:   665    5.908746e-01    1.032645    7.852329e-05
0:   666    5.845771e-01    0.989342    7.768640e-05
0:   667    5.774832e-01    0.987865    7.674366e-05
0:   668    5.746121e-01    0.995028    7.636211e-05
0:   669    5.420574e-01    0.943345    7.203581e-05
0:   670    5.155013e-01    0.951009    6.850669e-05
0:   671    4.913894e-01    0.953226    6.530237e-05
0:   672    4.508848e-01    0.917571    5.991959e-05
0:   673    4.310206e-01    0.955944    5.727976e-05
0:   674    4.162489e-01    0.965729    5.531670e-05
0:   675    3.998837e-01    0.960684    5.314188e-05
0:   676    4.057706e-01    1.014721    5.392420e-05
0:   677    4.115263e-01    1.014185    5.468910e-05
0:   678    4.114329e-01    0.999773    5.467669e-05
0:   679    4.221652e-01    1.026085    5.610294e-05
0:   680    4.129375e-01    0.978142    5.487664e-05
0:   681    3.940482e-01    0.954256    5.236638e-05
0:   682    3.787340e-01    0.961136    5.033122e-05
0:   683    3.521409e-01    0.929784    4.679718e-05
0:   684    3.321949e-01    0.943358    4.414649e-05
0:   685    3.280307e-01    0.987465    4.359310e-05
0:   686    3.200121e-01    0.975555    4.252748e-05
0:   687    3.233032e-01    1.010284    4.296483e-05
0:   688    3.285869e-01    1.016343    4.366700e-05
0:   689    3.184247e-01    0.969073    4.231652e-05
0:   690    3.076733e-01    0.966235    4.088772e-05
0:   691    2.927461e-01    0.951484    3.890400e-05
0:   692    2.695786e-01    0.920861    3.582519e-05
0:   693    2.623009e-01    0.973003    3.485803e-05
0:   694    2.569657e-01    0.979660    3.414902e-05
0:   695    2.532187e-01    0.985418    3.365107e-05
0:   696    2.568871e-01    1.014487    3.413858e-05
0:   697    2.497275e-01    0.972129    3.318712e-05
0:   698    2.350515e-01    0.941232    3.123677e-05
0:   699    2.253225e-01    0.958609    2.994385e-05
0:   700    2.095457e-01    0.929981    2.784723e-05
0:   701    2.031564e-01    0.969509    2.699813e-05
0:   702    2.041273e-01    1.004779    2.712715e-05
0:   703    2.000670e-01    0.980109    2.658757e-05
0:   704    1.966545e-01    0.982943    2.613407e-05
0:   705    1.892877e-01    0.962539    2.515507e-05
0:   706    1.745270e-01    0.922020    2.319347e-05
0:   707    1.678422e-01    0.961698    2.230511e-05
0:   708    1.637813e-01    0.975805    2.176545e-05
0:   709    1.604969e-01    0.979946    2.132896e-05
0:   710    1.614921e-01    1.006201    2.146122e-05
0:   711    1.556549e-01    0.963855    2.068550e-05
0:   712    1.457874e-01    0.936606    1.937417e-05
0:   713    1.401258e-01    0.961166    1.862179e-05
0:   714    1.341641e-01    0.957454    1.782951e-05
0:   715    1.322787e-01    0.985948    1.757896e-05
0:   716    1.339780e-01    1.012846    1.780478e-05
0:   717    1.285219e-01    0.959276    1.707970e-05
0:   718    1.229296e-01    0.956488    1.633653e-05
0:   719    1.177257e-01    0.957667    1.564496e-05
0:   720    1.121958e-01    0.953028    1.491008e-05
0:   721    1.123804e-01    1.001645    1.493461e-05
0:   722    1.126484e-01    1.002384    1.497021e-05
0:   723    1.077108e-01    0.956168    1.431404e-05
0:   724    1.043867e-01    0.969138    1.387229e-05
0:   725    9.868363e-02    0.945366    1.311440e-05
0:   726    9.528023e-02    0.965512    1.266211e-05
0:   727    9.626088e-02    1.010292    1.279243e-05
0:   728    9.403752e-02    0.976903    1.249696e-05
0:   729    9.005259e-02    0.957624    1.196739e-05
0:   730    8.638027e-02    0.959220    1.147936e-05
0:   731    8.106072e-02    0.938417    1.077243e-05
0:   732    7.977801e-02    0.984176    1.060197e-05
0:   733    7.932905e-02    0.994372    1.054230e-05
0:   734    7.533764e-02    0.949685    1.001187e-05
0:   735    7.178536e-02    0.952849    9.539795e-06
0:   736    6.748319e-02    0.940069    8.968065e-06
0:   737    6.414708e-02    0.950564    8.524718e-06
0:   738    6.366842e-02    0.992538    8.461109e-06
0:   739    6.142894e-02    0.964826    8.163496e-06
0:   740    5.747025e-02    0.935557    7.637412e-06
0:   741    5.487714e-02    0.954879    7.292805e-06
0:   742    5.198051e-02    0.947216    6.907862e-06
0:   743    5.117682e-02    0.984539    6.801058e-06
0:   744    5.077350e-02    0.992119    6.747459e-06
0:   745    4.798774e-02    0.945134    6.377250e-06
0:   746    4.574644e-02    0.953294    6.079397e-06
0:   747    4.457216e-02    0.974331    5.923342e-06
0:   748    4.328290e-02    0.971075    5.752008e-06
0:   749    4.305029e-02    0.994626    5.721096e-06
0:   750    4.103891e-02    0.953278    5.453797e-06
0:   751    3.815623e-02    0.929757    5.070708e-06
0:   752    3.719153e-02    0.974717    4.942507e-06
0:   753    3.609065e-02    0.970400    4.796207e-06
0:   754    3.510436e-02    0.972672    4.665135e-06
0:   755    3.396036e-02    0.967411    4.513105e-06
0:   756    3.179287e-02    0.936176    4.225061e-06
0:   757    3.090853e-02    0.972184    4.107537e-06
0:   758    3.085500e-02    0.998268    4.100424e-06
0:   759    2.950833e-02    0.956355    3.921460e-06
0:   760    2.835621e-02    0.960956    3.768351e-06
0:   761    2.684297e-02    0.946635    3.567252e-06
0:   762    2.578739e-02    0.960675    3.426971e-06
0:   763    2.578349e-02    0.999849    3.426454e-06
0:   764    2.482054e-02    0.962652    3.298483e-06
0:   765    2.342348e-02    0.943714    3.112824e-06
0:   766    2.271996e-02    0.969965    3.019331e-06
0:   767    2.196101e-02    0.966595    2.918471e-06
0:   768    2.150272e-02    0.979132    2.857568e-06
0:   769    2.078510e-02    0.966627    2.762201e-06
0:   770    1.938123e-02    0.932458    2.575636e-06
0:   771    1.893259e-02    0.976852    2.516015e-06
0:   772    1.865367e-02    0.985267    2.478948e-06
0:   773    1.787319e-02    0.958159    2.375227e-06
0:   774    1.709410e-02    0.956411    2.271692e-06
0:   775    1.619624e-02    0.947475    2.152372e-06
0:   776    1.564272e-02    0.965824    2.078813e-06
0:   777    1.554790e-02    0.993938    2.066212e-06
0:   778    1.469299e-02    0.945015    1.952601e-06
0:   779    1.383958e-02    0.941917    1.839188e-06
0:   780    1.344984e-02    0.971839    1.787394e-06
0:   781    1.293898e-02    0.962018    1.719504e-06
0:   782    1.258374e-02    0.972545    1.672295e-06
0:   783    1.192838e-02    0.947920    1.585202e-06
0:   784    1.119933e-02    0.938881    1.488316e-06
0:   785    1.101179e-02    0.983255    1.463394e-06
0:   786    1.065810e-02    0.967881    1.416390e-06
0:   787    1.000372e-02    0.938603    1.329427e-06
0:   788    9.623778e-03    0.962020    1.278936e-06
0:   789    9.199384e-03    0.955901    1.222537e-06
0:   790    8.972519e-03    0.975339    1.192388e-06
0:   791    8.673473e-03    0.966671    1.152647e-06
0:   792    8.071394e-03    0.930584    1.072634e-06
0:   793    7.847889e-03    0.972309    1.042932e-06
0:   794    7.718136e-03    0.983466    1.025689e-06
0:   795    7.360563e-03    0.953671    9.781696e-07
0:   796    7.054372e-03    0.958401    9.374790e-07
0:   797    6.749497e-03    0.956782    8.969631e-07
0:   798    6.561506e-03    0.972147    8.719803e-07
0:   799    6.477418e-03    0.987185    8.608056e-07
0:   800    6.072409e-03    0.937474    8.069826e-07
0:   801    5.792263e-03    0.953866    7.697531e-07
0:   802    5.699062e-03    0.983909    7.573673e-07
0:   803    5.466172e-03    0.959135    7.264177e-07
0:   804    5.223254e-03    0.955560    6.941356e-07
0:   805    4.951523e-03    0.947977    6.580243e-07
0:   806    4.740581e-03    0.957399    6.299915e-07
0:   807    4.657828e-03    0.982544    6.189942e-07
0:   808    4.420828e-03    0.949118    5.874985e-07
0:   809    4.153039e-03    0.939426    5.519112e-07
0:   810    4.082943e-03    0.983122    5.425959e-07
0:   811    3.944721e-03    0.966146    5.242271e-07
0:   812    3.781254e-03    0.958560    5.025034e-07
0:   813    3.621990e-03    0.957881    4.813383e-07
0:   814    3.456331e-03    0.954263    4.593233e-07
0:   815    3.393600e-03    0.981850    4.509868e-07
0:   816    3.245899e-03    0.956477    4.313583e-07
0:   817    3.037205e-03    0.935705    4.036242e-07
0:   818    2.964181e-03    0.975957    3.939199e-07
0:   819    2.877543e-03    0.970772    3.824062e-07
0:   820    2.732494e-03    0.949593    3.631302e-07
0:   821    2.631342e-03    0.962982    3.496878e-07
0:   822    2.510173e-03    0.953952    3.335852e-07
0:   823    2.450583e-03    0.976261    3.256661e-07
0:   824    2.356417e-03    0.961574    3.131520e-07
0:   825    2.200858e-03    0.933985    2.924794e-07
0:   826    2.150742e-03    0.977229    2.858193e-07
0:   827    2.092617e-03    0.972974    2.780948e-07
0:   828    1.980218e-03    0.946288    2.631577e-07
0:   829    1.903851e-03    0.961435    2.530091e-07
0:   830    1.830925e-03    0.961695    2.433177e-07
0:   831    1.771409e-03    0.967494    2.354085e-07
0:   832    1.707788e-03    0.964084    2.269536e-07
0:   833    1.602300e-03    0.938231    2.129349e-07
0:   834    1.567077e-03    0.978017    2.082541e-07
0:   835    1.530840e-03    0.976876    2.034384e-07
0:   836    1.438251e-03    0.939517    1.911339e-07
0:   837    1.387677e-03    0.964837    1.844130e-07
0:   838    1.344899e-03    0.969173    1.787281e-07
0:   839    1.297554e-03    0.964797    1.724362e-07
0:   840    1.248365e-03    0.962091    1.658994e-07
0:   841    1.186897e-03    0.950761    1.577307e-07
0:   842    1.158708e-03    0.976250    1.539846e-07
0:   843    1.131783e-03    0.976763    1.504064e-07
0:   844    1.062942e-03    0.939175    1.412579e-07
0:   845    1.031643e-03    0.970554    1.370985e-07
0:   846    1.013887e-03    0.982788    1.347388e-07
0:   847    9.684472e-04    0.955183    1.287002e-07
0:   848    9.341112e-04    0.964545    1.241371e-07
0:   849    8.993656e-04    0.962804    1.195197e-07
0:   850    8.786022e-04    0.976913    1.167604e-07
0:   851    8.545992e-04    0.972680    1.135705e-07
0:   852    8.094330e-04    0.947149    1.075682e-07
0:   853    7.912587e-04    0.977547    1.051530e-07
0:   854    7.799212e-04    0.985672    1.036463e-07
0:   855    7.390276e-04    0.947567    9.821184e-08
0:   856    7.163953e-04    0.969376    9.520415e-08
0:   857    7.034058e-04    0.981868    9.347794e-08
0:   858    6.794037e-04    0.965877    9.028821e-08
0:   859    6.591619e-04    0.970207    8.759821e-08
0:   860    6.311626e-04    0.957523    8.387729e-08
0:   861    6.210608e-04    0.983995    8.253483e-08
0:   862    6.090101e-04    0.980597    8.093338e-08
0:   863    5.761075e-04    0.945974    7.656084e-08
0:   864    5.650761e-04    0.980852    7.509484e-08
0:   865    5.572934e-04    0.986227    7.406057e-08
0:   866    5.326939e-04    0.955859    7.079146e-08
0:   867    5.179449e-04    0.972312    6.883142e-08
0:   868    5.057986e-04    0.976549    6.721725e-08
0:   869    4.922533e-04    0.973220    6.541718e-08
0:   870    4.788997e-04    0.972873    6.364258e-08
0:   871    4.578001e-04    0.955941    6.083857e-08
0:   872    4.523976e-04    0.988199    6.012062e-08
0:   873    4.420552e-04    0.977139    5.874619e-08
0:   874    4.182825e-04    0.946222    5.558695e-08
0:   875    4.122665e-04    0.985617    5.478746e-08
0:   876    4.037098e-04    0.979245    5.365033e-08
0:   877    3.866213e-04    0.957671    5.137938e-08
0:   878    3.752169e-04    0.970503    4.986382e-08
0:   879    3.647685e-04    0.972154    4.847530e-08
0:   880    3.559916e-04    0.975939    4.730891e-08
0:   881    3.433656e-04    0.964533    4.563100e-08
0:   882    3.278359e-04    0.954772    4.356720e-08
0:   883    3.234539e-04    0.986633    4.298486e-08
0:   884    3.126483e-04    0.966593    4.154888e-08
0:   885    2.953905e-04    0.944801    3.925543e-08
0:   886    2.902840e-04    0.982713    3.857681e-08
0:   887    2.806089e-04    0.966670    3.729105e-08
0:   888    2.673872e-04    0.952882    3.553398e-08
0:   889    2.583403e-04    0.966165    3.433170e-08
0:   890    2.490063e-04    0.963869    3.309127e-08
0:   891    2.408387e-04    0.967200    3.200586e-08
0:   892    2.293492e-04    0.952294    3.047898e-08
0:   893    2.189897e-04    0.954831    2.910227e-08
0:   894    2.140986e-04    0.977665    2.845227e-08
0:   895    2.031660e-04    0.948937    2.699941e-08
0:   896    1.917613e-04    0.943865    2.548380e-08
0:   897    1.876854e-04    0.978745    2.494214e-08
0:   898    1.783915e-04    0.950481    2.370704e-08
0:   899    1.685976e-04    0.945098    2.240549e-08
0:   900    1.625598e-04    0.964189    2.160312e-08
0:   901    1.551441e-04    0.954382    2.061762e-08
0:   902    1.484724e-04    0.956997    1.973100e-08
0:   903    1.400961e-04    0.943583    1.861784e-08
0:   904    1.339941e-04    0.956444    1.780692e-08
0:   905    1.296557e-04    0.967623    1.723038e-08
0:   906    1.211570e-04    0.934452    1.610096e-08
0:   907    1.154250e-04    0.952689    1.533921e-08
0:   908    1.121901e-04    0.971975    1.490932e-08
0:   909    1.051642e-04    0.937375    1.397562e-08
0:   910    9.993996e-05    0.950323    1.328135e-08
0:   911    9.643974e-05    0.964977    1.281620e-08
0:   912    9.135886e-05    0.947315    1.214098e-08
0:   913    8.720431e-05    0.954525    1.158887e-08
0:   914    8.271901e-05    0.948566    1.099280e-08
0:   915    7.962024e-05    0.962539    1.058100e-08
0:   916    7.635869e-05    0.959036    1.014756e-08
0:   917    7.159350e-05    0.937595    9.514298e-09
0: 
0: 
0: =============================================
0: Solve phase times:
0: =============================================
0: PCG Solve:
0:   wall clock time = 22.980834 seconds
0:   wall MFLOPS     = 0.000000
0:   cpu clock time  = 22.980238 seconds
0:   cpu MFLOPS      = 0.000000
0: 
0: 
0: Iterations = 917
0: Final Relative Residual Norm = 9.514298e-09
0: 
0: 27pt 3D Laplacian
0: =============================================
0: Hypre init times:
0: =============================================
0: Hypre init:
0:   wall clock time = 0.000002 seconds
0:   wall MFLOPS     = 0.000000
0:   cpu clock time  = 0.000002 seconds
0:   cpu MFLOPS      = 0.000000
0: 
0: 
0: Using HYPRE_DEVELOP_STRING: v3.1.0-1-g5f6c9306d (branch v3.1.0_thrusthipbugfix; not the develop branch)
0: 
0: Running with these driver parameters:
0:   solver ID    = 2
0: 
0:   Laplacian_27pt:
0:     (nx, ny, nz) = (384, 384, 384)
0:     (Px, Py, Pz) = (4, 4, 4)
0: 
0: =============================================
0: Generate Matrix:
0: =============================================
0: Spatial Operator:
0:   wall clock time = 0.119555 seconds
0:   wall MFLOPS     = 0.000000
0:   cpu clock time  = 0.119554 seconds
0:   cpu MFLOPS      = 0.000000
0: 
0:   Number of vector components: 1
0:   RHS vector has unit coefficients
0:   Initial guess is 0
0: =============================================
0: IJ Vector Setup:
0: =============================================
0: RHS and Initial Guess:
0:   wall clock time = 0.013221 seconds
0:   wall MFLOPS     = 0.000000
0:   cpu clock time  = 0.013221 seconds
0:   cpu MFLOPS      = 0.000000
0: 
0: Solver: DS-PCG
0: HYPRE_ParCSRPCGGetPrecond got good precond
0: =============================================
0: Setup phase times:
0: =============================================
0: PCG Setup:
0:   wall clock time = 0.000530 seconds
0:   wall MFLOPS     = 0.000000
0:   cpu clock time  = 0.000509 seconds
0:   cpu MFLOPS      = 0.000000
0: 
0: <b,b>: 5.662310e+07
0: 
0: 
0: Iters       ||r||_2     conv.rate  ||r||_2/||b||_2
0: -----    ------------   ---------  ------------ 
0:     1    5.995470e+04    7.967580    7.967580e+00
0:     2    5.941985e+04    0.991079    7.896501e+00
0:     3    5.889456e+04    0.991160    7.826694e+00
0:     4    5.836328e+04    0.990979    7.756090e+00
0:     5    5.783265e+04    0.990908    7.685574e+00
0:     6    5.730994e+04    0.990962    7.616109e+00
0:     7    5.678836e+04    0.990899    7.546793e+00
0:     8    5.626777e+04    0.990833    7.477611e+00
0:     9    5.575314e+04    0.990854    7.409220e+00
0:    10    5.524077e+04    0.990810    7.341130e+00
0:    11    5.472986e+04    0.990751    7.273233e+00
0:    12    5.422398e+04    0.990757    7.206005e+00
0:    13    5.372072e+04    0.990719    7.139125e+00
0:    14    5.321921e+04    0.990664    7.072478e+00
0:    15    5.272221e+04    0.990661    7.006430e+00
0:    16    5.222796e+04    0.990625    6.940747e+00
0:    17    5.173566e+04    0.990574    6.875324e+00
0:    18    5.124752e+04    0.990565    6.810453e+00
0:    19    5.076217e+04    0.990529    6.745954e+00
0:    20    5.027891e+04    0.990480    6.681732e+00
0:    21    4.979956e+04    0.990466    6.618030e+00
0:    22    4.932302e+04    0.990431    6.554701e+00
0:    23    4.884866e+04    0.990383    6.491661e+00
0:    24    4.837801e+04    0.990365    6.429115e+00
0:    25    4.791017e+04    0.990329    6.366942e+00
0:    26    4.744457e+04    0.990282    6.305066e+00
0:    27    4.698252e+04    0.990261    6.243664e+00
0:    28    4.652327e+04    0.990225    6.182632e+00
0:    29    4.606630e+04    0.990178    6.121904e+00
0:    30    4.561276e+04    0.990155    6.061631e+00
0:    31    4.516199e+04    0.990117    6.001727e+00
0:    32    4.471353e+04    0.990070    5.942129e+00
0:    33    4.426838e+04    0.990045    5.882973e+00
0:    34    4.382598e+04    0.990006    5.824181e+00
0:    35    4.338591e+04    0.989959    5.765698e+00
0:    36    4.294906e+04    0.989931    5.707643e+00
0:    37    4.251492e+04    0.989892    5.649949e+00
0:    38    4.208312e+04    0.989844    5.592566e+00
0:    39    4.165446e+04    0.989814    5.535599e+00
0:    40    4.122847e+04    0.989773    5.478989e+00
0:    41    4.080483e+04    0.989725    5.422689e+00
0:    42    4.038424e+04    0.989693    5.366796e+00
0:    43    3.996630e+04    0.989651    5.311255e+00
0:    44    3.955070e+04    0.989601    5.256024e+00
0:    45    3.913808e+04    0.989567    5.201190e+00
0:    46    3.872808e+04    0.989524    5.146704e+00
0:    47    3.832042e+04    0.989474    5.092527e+00
0:    48    3.791566e+04    0.989438    5.038738e+00
0:    49    3.751349e+04    0.989393    4.985293e+00
0:    50    3.711365e+04    0.989341    4.932156e+00
0:    51    3.671665e+04    0.989303    4.879398e+00
0:    52    3.632221e+04    0.989257    4.826979e+00
0:    53    3.593007e+04    0.989204    4.774867e+00
0:    54    3.554073e+04    0.989164    4.723126e+00
0:    55    3.515390e+04    0.989116    4.671719e+00
0:    56    3.476937e+04    0.989062    4.620618e+00
0:    57    3.438758e+04    0.989019    4.569879e+00
0:    58    3.400827e+04    0.988970    4.519472e+00
0:    59    3.363123e+04    0.988913    4.469366e+00
0:    60    3.325688e+04    0.988869    4.419617e+00
0:    61    3.288497e+04    0.988817    4.370194e+00
0:    62    3.251533e+04    0.988759    4.321070e+00
0:    63    3.214831e+04    0.988712    4.272296e+00
0:    64    3.178372e+04    0.988659    4.223844e+00
0:    65    3.142135e+04    0.988599    4.175688e+00
0:    66    3.106157e+04    0.988550    4.127875e+00
0:    67    3.070417e+04    0.988494    4.080380e+00
0:    68    3.034899e+04    0.988432    4.033178e+00
0:    69    2.999634e+04    0.988380    3.986313e+00
0:    70    2.964603e+04    0.988322    3.939760e+00
0:    71    2.929793e+04    0.988258    3.893499e+00
0:    72    2.895230e+04    0.988203    3.847567e+00
0:    73    2.860899e+04    0.988142    3.801944e+00
0:    74    2.826785e+04    0.988076    3.756609e+00
0:    75    2.792915e+04    0.988018    3.711597e+00
0:    76    2.759273e+04    0.987955    3.666889e+00
0:    77    2.725846e+04    0.987885    3.622467e+00
0:    78    2.692657e+04    0.987825    3.578362e+00
0:    79    2.659694e+04    0.987758    3.534556e+00
0:    80    2.626943e+04    0.987686    3.491032e+00
0:    81    2.594427e+04    0.987622    3.447820e+00
0:    82    2.562132e+04    0.987552    3.404902e+00
0:    83    2.530047e+04    0.987477    3.362263e+00
0:    84    2.498192e+04    0.987409    3.319930e+00
0:    85    2.466555e+04    0.987336    3.277887e+00
0:    86    2.435125e+04    0.987258    3.236119e+00
0:    87    2.403922e+04    0.987186    3.194652e+00
0:    88    2.372933e+04    0.987109    3.153470e+00
0:    89    2.342149e+04    0.987027    3.112559e+00
0:    90    2.311586e+04    0.986951    3.071944e+00
0:    91    2.281235e+04    0.986870    3.031609e+00
0:    92    2.251086e+04    0.986784    2.991543e+00
0:    93    2.221154e+04    0.986704    2.951766e+00
0:    94    2.191431e+04    0.986618    2.912265e+00
0:    95    2.161906e+04    0.986527    2.873028e+00
0:    96    2.132595e+04    0.986442    2.834076e+00
0:    97    2.103488e+04    0.986352    2.795395e+00
0:    98    2.074577e+04    0.986256    2.756975e+00
0:    99    2.045877e+04    0.986165    2.718833e+00
0:   100    2.017377e+04    0.986070    2.680959e+00
0:   101    1.989070e+04    0.985968    2.643341e+00
0:   102    1.960969e+04    0.985872    2.605997e+00
0:   103    1.933066e+04    0.985771    2.568915e+00
0:   104    1.905352e+04    0.985663    2.532086e+00
0:   105    1.877841e+04    0.985561    2.495525e+00
0:   106    1.850524e+04    0.985453    2.459222e+00
0:   107    1.823393e+04    0.985339    2.423168e+00
0:   108    1.796461e+04    0.985230    2.387376e+00
0:   109    1.769719e+04    0.985114    2.351838e+00
0:   110    1.743161e+04    0.984993    2.316545e+00
0:   111    1.716797e+04    0.984876    2.281509e+00
0:   112    1.690620e+04    0.984753    2.246721e+00
0:   113    1.664624e+04    0.984623    2.212174e+00
0:   114    1.638818e+04    0.984497    2.177879e+00
0:   115    1.613195e+04    0.984365    2.143829e+00
0:   116    1.587750e+04    0.984227    2.110014e+00
0:   117    1.562491e+04    0.984091    2.076446e+00
0:   118    1.537412e+04    0.983949    2.043118e+00
0:   119    1.512507e+04    0.983801    2.010021e+00
0:   120    1.487784e+04    0.983654    1.977166e+00
0:   121    1.463237e+04    0.983501    1.944545e+00
0:   122    1.438862e+04    0.983341    1.912151e+00
0:   123    1.414664e+04    0.983183    1.879994e+00
0:   124    1.390639e+04    0.983017    1.848066e+00
0:   125    1.366781e+04    0.982844    1.816361e+00
0:   126    1.343097e+04    0.982672    1.784886e+00
0:   127    1.319582e+04    0.982492    1.753637e+00
0:   128    1.296231e+04    0.982304    1.722604e+00
0:   129    1.273050e+04    0.982116    1.691798e+00
0:   130    1.250033e+04    0.981920    1.661211e+00
0:   131    1.227177e+04    0.981716    1.630837e+00
0:   132    1.204487e+04    0.981510    1.600683e+00
0:   133    1.181958e+04    0.981296    1.570743e+00
0:   134    1.159585e+04    0.981071    1.541011e+00
0:   135    1.137374e+04    0.980845    1.511494e+00
0:   136    1.115320e+04    0.980609    1.482185e+00
0:   137    1.093418e+04    0.980363    1.453080e+00
0:   138    1.071674e+04    0.980113    1.424183e+00
0:   139    1.050082e+04    0.979852    1.395489e+00
0:   140    1.028639e+04    0.979580    1.366993e+00
0:   141    1.007349e+04    0.979303    1.338700e+00
0:   142    9.862075e+03    0.979013    1.310604e+00
0:   143    9.652106e+03    0.978710    1.282700e+00
0:   144    9.443619e+03    0.978400    1.254994e+00
0:   145    9.236574e+03    0.978076    1.227479e+00
0:   146    9.030933e+03    0.977736    1.200151e+00
0:   147    8.826726e+03    0.977388    1.173013e+00
0:   148    8.623916e+03    0.977023    1.146061e+00
0:   149    8.422465e+03    0.976641    1.119289e+00
0:   150    8.222401e+03    0.976246    1.092702e+00
0:   151    8.023685e+03    0.975832    1.066294e+00
0:   152    7.826283e+03    0.975398    1.040061e+00
0:   153    7.630217e+03    0.974948    1.014005e+00
0:   154    7.435449e+03    0.974474    9.881216e-01
0:   155    7.241948e+03    0.973976    9.624065e-01
0:   156    7.049729e+03    0.973458    9.368619e-01
0:   157    6.858757e+03    0.972911    9.114830e-01
0:   158    6.669000e+03    0.972334    8.862656e-01
0:   159    6.480470e+03    0.971730    8.612113e-01
0:   160    6.293134e+03    0.971092    8.363155e-01
0:   161    6.106958e+03    0.970416    8.115740e-01
0:   162    5.921952e+03    0.969706    7.869878e-01
0:   163    5.738081e+03    0.968951    7.625526e-01
0:   164    5.555313e+03    0.968148    7.382641e-01
0:   165    5.373654e+03    0.967300    7.141227e-01
0:   166    5.193069e+03    0.966394    6.901242e-01
0:   167    5.013527e+03    0.965427    6.662642e-01
0:   168    4.835027e+03    0.964396    6.425428e-01
0:   169    4.657537e+03    0.963291    6.189556e-01
0:   170    4.481024e+03    0.962102    5.954982e-01
0:   171    4.305484e+03    0.960826    5.721701e-01
0:   172    4.130884e+03    0.959447    5.489669e-01
0:   173    3.957190e+03    0.957952    5.258841e-01
0:   174    3.784394e+03    0.956334    5.029207e-01
0:   175    3.612462e+03    0.954568    4.800721e-01
0:   176    3.441361e+03    0.952636    4.573339e-01
0:   177    3.271076e+03    0.950518    4.347042e-01
0:   178    3.101573e+03    0.948181    4.121783e-01
0:   179    2.932816e+03    0.945590    3.897516e-01
0:   180    2.764786e+03    0.942707    3.674217e-01
0:   181    2.597448e+03    0.939475    3.451835e-01
0:   182    2.430762e+03    0.935827    3.230320e-01
0:   183    2.264705e+03    0.931685    3.009641e-01
0:   184    2.099235e+03    0.926936    2.789743e-01
0:   185    1.934312e+03    0.921436    2.570571e-01
0:   186    1.769901e+03    0.915003    2.352081e-01
0:   187    1.605957e+03    0.907371    2.134210e-01
0:   188    1.442428e+03    0.898173    1.916891e-01
0:   189    1.279265e+03    0.886883    1.700058e-01
0:   190    1.116399e+03    0.872688    1.483620e-01
0:   191    9.537454e+02    0.854305    1.267464e-01
0:   192    7.911874e+02    0.829558    1.051435e-01
0:   193    2.591496e+03    3.275451    3.443925e-01
0:   194    1.866559e+03    0.720263    2.480532e-01
0:   195    1.696377e+03    0.908826    2.254372e-01
0:   196    1.662741e+03    0.980172    2.209672e-01
0:   197    1.559791e+03    0.938084    2.072858e-01
0:   198    1.477338e+03    0.947138    1.963283e-01
0:   199    1.449461e+03    0.981131    1.926237e-01
0:   200    1.387631e+03    0.957343    1.844070e-01
0:   201    1.328629e+03    0.957480    1.765659e-01
0:   202    1.300688e+03    0.978970    1.728528e-01
0:   203    1.252402e+03    0.962876    1.664358e-01
0:   204    1.204133e+03    0.961459    1.600213e-01
0:   205    1.176412e+03    0.976978    1.563373e-01
0:   206    1.135216e+03    0.964981    1.508626e-01
0:   207    1.093509e+03    0.963261    1.453201e-01
0:   208    1.066504e+03    0.975304    1.417312e-01
0:   209    1.030051e+03    0.965820    1.368869e-01
0:   210    9.930811e+02    0.964109    1.319739e-01
0:   211    9.671463e+02    0.973884    1.285273e-01
0:   212    9.343506e+02    0.966090    1.241690e-01
0:   213    9.011570e+02    0.964474    1.197577e-01
0:   214    8.765201e+02    0.972661    1.164837e-01
0:   215    8.467852e+02    0.966076    1.125321e-01
0:   216    8.167903e+02    0.964578    1.085460e-01
0:   217    7.935880e+02    0.971593    1.054625e-01
0:   218    7.665406e+02    0.965918    1.018681e-01
0:   219    7.393580e+02    0.964539    9.825574e-02
0:   220    7.176651e+02    0.970660    9.537290e-02
0:   221    6.930449e+02    0.965694    9.210104e-02
0:   222    6.683930e+02    0.964430    8.882497e-02
0:   223    6.482420e+02    0.969852    8.614703e-02
0:   224    6.258508e+02    0.965459    8.317139e-02
0:   225    6.035102e+02    0.964304    8.020248e-02
0:   226    5.849038e+02    0.969170    7.772981e-02
0:   227    5.645797e+02    0.965252    7.502888e-02
0:   228    5.443701e+02    0.964204    7.234315e-02
0:   229    5.272898e+02    0.968624    7.007329e-02
0:   230    5.088935e+02    0.965112    6.762855e-02
0:   231    4.906597e+02    0.964170    6.520540e-02
0:   232    4.750713e+02    0.968230    6.313380e-02
0:   233    4.584781e+02    0.965072    6.092868e-02
0:   234    4.420819e+02    0.964238    5.874974e-02
0:   235    4.279392e+02    0.968009    5.687026e-02
0:   236    4.130335e+02    0.965169    5.488940e-02
0:   237    3.983481e+02    0.964445    5.293781e-02
0:   238    3.855951e+02    0.967985    5.124301e-02
0:   239    3.722669e+02    0.965435    4.947178e-02
0:   240    3.591723e+02    0.964825    4.773160e-02
0:   241    3.477441e+02    0.968182    4.621287e-02
0:   242    3.358854e+02    0.965898    4.463692e-02
0:   243    3.242648e+02    0.965403    4.309262e-02
0:   244    3.140876e+02    0.968614    4.174014e-02
0:   245    3.035893e+02    0.966575    4.034499e-02
0:   246    2.933254e+02    0.966191    3.898098e-02
0:   247    2.843147e+02    0.969281    3.778353e-02
0:   248    2.750631e+02    0.967460    3.655405e-02
0:   249    2.660334e+02    0.967172    3.535406e-02
0:   250    2.580915e+02    0.970147    3.429864e-02
0:   251    2.499628e+02    0.968505    3.321839e-02
0:   252    2.420343e+02    0.968281    3.216474e-02
0:   253    2.350451e+02    0.971123    3.123592e-02
0:   254    2.278996e+02    0.969600    3.028634e-02
0:   255    2.209213e+02    0.969380    2.935896e-02
0:   256    2.147435e+02    0.972036    2.853798e-02
0:   257    2.084168e+02    0.970538    2.769721e-02
0:   258    2.022107e+02    0.970222    2.687245e-02
0:   259    1.966687e+02    0.972593    2.613595e-02
0:   260    1.909612e+02    0.970980    2.537747e-02
0:   261    1.853110e+02    0.970411    2.462659e-02
0:   262    1.801836e+02    0.972331    2.394520e-02
0:   263    1.748494e+02    0.970396    2.323632e-02
0:   264    1.694894e+02    0.969345    2.252402e-02
0:   265    1.645005e+02    0.970565    2.186102e-02
0:   266    1.592393e+02    0.968017    2.116184e-02
0:   267    1.538514e+02    0.966165    2.044583e-02
0:   268    1.486772e+02    0.966369    1.975820e-02
0:   269    1.431666e+02    0.962936    1.902589e-02
0:   270    1.374690e+02    0.960203    1.826872e-02
0:   271    1.319438e+02    0.959808    1.753446e-02
0:   272    1.262476e+02    0.956829    1.677747e-02
0:   273    1.206833e+02    0.955925    1.603801e-02
0:   274    1.157330e+02    0.958981    1.538014e-02
0:   275    1.111684e+02    0.960560    1.477354e-02
0:   276    1.070631e+02    0.963071    1.422797e-02
0:   277    1.034037e+02    0.965820    1.374166e-02
0:   278    9.956857e+01    0.962911    1.323200e-02
0:   279    9.555750e+01    0.959715    1.269895e-02
0:   280    9.178053e+01    0.960474    1.219702e-02
0:   281    8.820084e+01    0.960997    1.172130e-02
0:   282    8.483444e+01    0.961833    1.127393e-02
0:   283    8.160674e+01    0.961953    1.084499e-02
0:   284    7.825749e+01    0.958959    1.039990e-02
0:   285    7.506044e+01    0.959147    9.975031e-03
0:   286    7.219905e+01    0.961879    9.594771e-03
0:   287    6.928354e+01    0.959618    9.207320e-03
0:   288    6.635605e+01    0.957746    8.818276e-03
0:   289    6.370870e+01    0.960104    8.466461e-03
0:   290    6.112395e+01    0.959429    8.122964e-03
0:   291    5.851672e+01    0.957345    7.776482e-03
0:   292    5.609583e+01    0.958629    7.454761e-03
0:   293    5.376788e+01    0.958500    7.145392e-03
0:   294    5.144608e+01    0.956818    6.836841e-03
0:   295    4.926177e+01    0.957542    6.546561e-03
0:   296    4.716466e+01    0.957429    6.267869e-03
0:   297    4.508788e+01    0.955967    5.991878e-03
0:   298    4.313036e+01    0.956584    5.731736e-03
0:   299    4.124869e+01    0.956373    5.481676e-03
0:   300    3.938706e+01    0.954868    5.234278e-03
0:   301    3.764098e+01    0.955669    5.002236e-03
0:   302    3.595717e+01    0.955266    4.778467e-03
0:   303    3.428936e+01    0.953617    4.556827e-03
0:   304    3.273938e+01    0.954797    4.350845e-03
0:   305    3.123254e+01    0.953975    4.150596e-03
0:   306    2.974480e+01    0.952366    3.952886e-03
0:   307    2.837344e+01    0.953896    3.770641e-03
0:   308    2.702357e+01    0.952425    3.591252e-03
0:   309    2.570766e+01    0.951305    3.416376e-03
0:   310    2.449212e+01    0.952717    3.254839e-03
0:   311    2.328723e+01    0.950805    3.094717e-03
0:   312    2.213249e+01    0.950413    2.941260e-03
0:   313    2.104920e+01    0.951054    2.797298e-03
0:   314    1.998658e+01    0.949517    2.656082e-03
0:   315    1.897195e+01    0.949235    2.521246e-03
0:   316    1.800894e+01    0.949240    2.393267e-03
0:   317    1.708226e+01    0.948544    2.270119e-03
0:   318    1.618437e+01    0.947437    2.150795e-03
0:   319    1.534161e+01    0.947928    2.038798e-03
0:   320    1.453062e+01    0.947138    1.931023e-03
0:   321    1.374135e+01    0.945682    1.826134e-03
0:   322    1.301054e+01    0.946817    1.729014e-03
0:   323    1.229750e+01    0.945195    1.634256e-03
0:   324    1.161589e+01    0.944573    1.543674e-03
0:   325    1.097726e+01    0.945021    1.458805e-03
0:   326    1.036046e+01    0.943811    1.376835e-03
0:   327    9.771476e+00    0.943151    1.298564e-03
0:   328    9.217491e+00    0.943306    1.224943e-03
0:   329    8.689334e+00    0.942701    1.154755e-03
0:   330    8.179336e+00    0.941308    1.086979e-03
0:   331    7.707396e+00    0.942301    1.024262e-03
0:   332    7.252139e+00    0.940932    9.637609e-04
0:   333    6.819012e+00    0.940276    9.062012e-04
0:   334    6.414852e+00    0.940730    8.524910e-04
0:   335    6.028619e+00    0.939791    8.011633e-04
0:   336    5.661008e+00    0.939022    7.523102e-04
0:   337    5.318429e+00    0.939484    7.067837e-04
0:   338    4.993535e+00    0.938912    6.636075e-04
0:   339    4.683202e+00    0.937853    6.223662e-04
0:   340    4.397539e+00    0.939003    5.844036e-04
0:   341    4.124933e+00    0.938009    5.481760e-04
0:   342    3.868496e+00    0.937832    5.140973e-04
0:   343    3.630541e+00    0.938489    4.824746e-04
0:   344    3.407295e+00    0.938509    4.528067e-04
0:   345    3.195742e+00    0.937912    4.246927e-04
0:   346    3.002702e+00    0.939595    3.990390e-04
0:   347    2.820714e+00    0.939392    3.748541e-04
0:   348    2.650827e+00    0.939771    3.522772e-04
0:   349    2.495420e+00    0.941374    3.316246e-04
0:   350    2.351003e+00    0.942127    3.124326e-04
0:   351    2.215914e+00    0.942540    2.944802e-04
0:   352    2.093987e+00    0.944976    2.782769e-04
0:   353    1.980641e+00    0.945871    2.632139e-04
0:   354    1.875517e+00    0.946924    2.492436e-04
0:   355    1.780801e+00    0.949499    2.366566e-04
0:   356    1.693431e+00    0.950938    2.250457e-04
0:   357    1.612226e+00    0.952047    2.142541e-04
0:   358    1.539687e+00    0.955007    2.046142e-04
0:   359    1.472602e+00    0.956429    1.956989e-04
0:   360    1.410110e+00    0.957564    1.873942e-04
0:   361    1.353862e+00    0.960111    1.799192e-04
0:   362    1.301221e+00    0.961118    1.729235e-04
0:   363    1.250738e+00    0.961204    1.662147e-04
0:   364    1.204247e+00    0.962829    1.600364e-04
0:   365    1.158920e+00    0.962361    1.540127e-04
0:   366    1.113681e+00    0.960964    1.480007e-04
0:   367    1.069731e+00    0.960537    1.421601e-04
0:   368    1.025053e+00    0.958234    1.362228e-04
0:   369    9.781416e-01    0.954235    1.299885e-04
0:   370    9.310404e-01    0.951846    1.237291e-04
0:   371    8.817732e-01    0.947084    1.171818e-04
0:   372    8.299883e-01    0.941272    1.102999e-04
0:   373    7.775775e-01    0.936854    1.033349e-04
0:   374    7.242781e-01    0.931455    9.625172e-05
0:   375    6.698164e-01    0.924806    8.901412e-05
0:   376    6.174305e-01    0.921791    8.205239e-05
0:   377    5.672190e-01    0.918677    7.537962e-05
0:   378    5.202605e-01    0.917213    6.913914e-05
0:   379    4.798716e-01    0.922368    6.377173e-05
0:   380    4.479487e-01    0.933476    5.952939e-05
0:   381    4.263595e-01    0.951804    5.666033e-05
0:   382    4.214493e-01    0.988483    5.600780e-05
0:   383    4.405257e-01    1.045264    5.854292e-05
0:   384    4.966851e-01    1.127483    6.600614e-05
0:   385    4.642360e-01    0.934669    6.169387e-05
0:   386    4.002994e-01    0.862276    5.319711e-05
0:   387    3.865989e-01    0.965774    5.137641e-05
0:   388    3.724201e-01    0.963324    4.949215e-05
0:   389    3.587263e-01    0.963230    4.767234e-05
0:   390    3.455768e-01    0.963344    4.592484e-05
0:   391    3.324720e-01    0.962079    4.418331e-05
0:   392    3.194937e-01    0.960964    4.245857e-05
0:   393    3.071403e-01    0.961335    4.081690e-05
0:   394    2.946799e-01    0.959431    3.916099e-05
0:   395    2.823638e-01    0.958205    3.752427e-05
0:   396    2.703812e-01    0.957563    3.593186e-05
0:   397    2.584733e-01    0.955959    3.434938e-05
0:   398    2.465774e-01    0.953976    3.276849e-05
0:   399    2.350680e-01    0.953324    3.123897e-05
0:   400    2.236749e-01    0.951533    2.972490e-05
0:   401    2.124097e-01    0.949636    2.822783e-05
0:   402    2.015748e-01    0.948991    2.678795e-05
0:   403    1.909721e-01    0.947401    2.537892e-05
0:   404    1.806667e-01    0.946037    2.400939e-05
0:   405    1.708159e-01    0.945475    2.270029e-05
0:   406    1.613864e-01    0.944798    2.144718e-05
0:   407    1.523096e-01    0.943758    2.024093e-05
0:   408    1.438009e-01    0.944135    1.911017e-05
0:   409    1.357605e-01    0.944087    1.804167e-05
0:   410    1.281698e-01    0.944087    1.703291e-05
0:   411    1.211536e-01    0.945258    1.610050e-05
0:   412    1.146182e-01    0.946057    1.523200e-05
0:   413    1.085454e-01    0.947017    1.442495e-05
0:   414    1.029557e-01    0.948504    1.368213e-05
0:   415    9.781426e-02    0.950061    1.299886e-05
0:   416    9.300307e-02    0.950813    1.235949e-05
0:   417    8.857444e-02    0.952382    1.177095e-05
0:   418    8.441108e-02    0.952996    1.121767e-05
0:   419    8.043070e-02    0.952845    1.068870e-05
0:   420    7.661148e-02    0.952515    1.018115e-05
0:   421    7.285392e-02    0.950953    9.681799e-06
0:   422    6.907975e-02    0.948195    9.180237e-06
0:   423    6.526630e-02    0.944796    8.673456e-06
0:   424    6.139317e-02    0.940656    8.158742e-06
0:   425    5.743576e-02    0.935540    7.632828e-06
0:   426    5.348975e-02    0.931297    7.108430e-06
0:   427    4.964178e-02    0.928062    6.597061e-06
0:   428    4.599688e-02    0.926576    6.112678e-06
0:   429    4.272875e-02    0.928949    5.678366e-06
0:   430    3.991270e-02    0.934095    5.304132e-06
0:   431    3.756046e-02    0.941065    4.991534e-06
0:   432    3.555305e-02    0.946555    4.724763e-06
0:   433    3.368264e-02    0.947391    4.476198e-06
0:   434    3.172620e-02    0.941915    4.216200e-06
0:   435    2.967651e-02    0.935395    3.943810e-06
0:   436    2.770440e-02    0.933547    3.681730e-06
0:   437    2.598750e-02    0.938028    3.453566e-06
0:   438    2.454164e-02    0.944363    3.261420e-06
0:   439    2.316935e-02    0.944083    3.079052e-06
0:   440    2.175360e-02    0.938896    2.890908e-06
0:   441    2.039176e-02    0.937397    2.709929e-06
0:   442    1.921330e-02    0.942209    2.553319e-06
0:   443    1.813874e-02    0.944072    2.410518e-06
0:   444    1.704702e-02    0.939813    2.265435e-06
0:   445    1.598520e-02    0.937712    2.124326e-06
0:   446    1.503560e-02    0.940595    1.998130e-06
0:   447    1.414357e-02    0.940672    1.879586e-06
0:   448    1.323407e-02    0.935695    1.758719e-06
0:   449    1.237589e-02    0.935154    1.644674e-06
0:   450    1.159504e-02    0.936905    1.540904e-06
0:   451    1.082062e-02    0.933211    1.437988e-06
0:   452    1.006730e-02    0.930381    1.337878e-06
0:   453    9.385073e-03    0.932233    1.247214e-06
0:   454    8.734730e-03    0.930705    1.160787e-06
0:   455    8.105596e-03    0.927973    1.077180e-06
0:   456    7.545923e-03    0.930952    1.002803e-06
0:   457    7.028491e-03    0.931429    9.340396e-07
0:   458    6.541680e-03    0.930737    8.693456e-07
0:   459    6.119216e-03    0.935420    8.132029e-07
0:   460    5.733113e-03    0.936903    7.618924e-07
0:   461    5.374468e-03    0.937443    7.142309e-07
0:   462    5.055082e-03    0.940573    6.717866e-07
0:   463    4.743979e-03    0.938457    6.304432e-07
0:   464    4.437478e-03    0.935392    5.897112e-07
0:   465    4.141269e-03    0.933248    5.503470e-07
0:   466    3.845264e-03    0.928523    5.110099e-07
0:   467    3.571285e-03    0.928749    4.746000e-07
0:   468    3.328992e-03    0.932155    4.424008e-07
0:   469    3.111716e-03    0.934732    4.135263e-07
0:   470    2.918252e-03    0.937827    3.878162e-07
0:   471    2.726769e-03    0.934384    3.623694e-07
0:   472    2.537916e-03    0.930741    3.372720e-07
0:   473    2.365410e-03    0.932029    3.143472e-07
0:   474    2.207493e-03    0.933239    2.933611e-07
0:   475    2.065348e-03    0.935608    2.744710e-07
0:   476    1.925247e-03    0.932166    2.558524e-07
0:   477    1.790615e-03    0.930070    2.379607e-07
0:   478    1.672748e-03    0.934175    2.222970e-07
0:   479    1.561744e-03    0.933640    2.075454e-07
0:   480    1.456316e-03    0.932493    1.935346e-07
0:   481    1.357702e-03    0.932286    1.804295e-07
0:   482    1.269578e-03    0.935093    1.687185e-07
0:   483    1.187153e-03    0.935076    1.577647e-07
0:   484    1.107500e-03    0.932905    1.471794e-07
0:   485    1.037965e-03    0.937215    1.379387e-07
0:   486    9.726663e-04    0.937089    1.292609e-07
0:   487    9.112136e-04    0.936820    1.210942e-07
0:   488    8.557029e-04    0.939080    1.137172e-07
0:   489    8.050475e-04    0.940803    1.069854e-07
0:   490    7.575785e-04    0.941036    1.006771e-07
0:   491    7.137100e-04    0.942094    9.484729e-08
0:   492    6.737326e-04    0.943987    8.953456e-08
0:   493    6.348831e-04    0.942337    8.437173e-08
0:   494    6.005351e-04    0.945899    7.980710e-08
0:   495    5.682021e-04    0.946160    7.551027e-08
0:   496    5.380181e-04    0.946878    7.149901e-08
0:   497    5.108483e-04    0.949500    6.788832e-08
0:   498    4.847729e-04    0.948957    6.442308e-08
0:   499    4.605731e-04    0.950080    6.120709e-08
0:   500    4.380146e-04    0.951021    5.820922e-08
0:   501    4.164238e-04    0.950708    5.533995e-08
0:   502    3.959982e-04    0.950950    5.262551e-08
0:   503    3.769867e-04    0.951991    5.009901e-08
0:   504    3.581718e-04    0.950091    4.759864e-08
0:   505    3.409180e-04    0.951828    4.530572e-08
0:   506    3.238258e-04    0.949864    4.303428e-08
0:   507    3.077168e-04    0.950254    4.089351e-08
0:   508    2.920304e-04    0.949023    3.880889e-08
0:   509    2.768061e-04    0.947867    3.678568e-08
0:   510    2.621520e-04    0.947060    3.483826e-08
0:   511    2.474921e-04    0.944079    3.289005e-08
0:   512    2.335550e-04    0.943687    3.103791e-08
0:   513    2.195611e-04    0.940083    2.917821e-08
0:   514    2.060695e-04    0.938552    2.738526e-08
0:   515    1.929505e-04    0.936337    2.564184e-08
0:   516    1.802103e-04    0.933971    2.394875e-08
0:   517    1.679312e-04    0.931862    2.231693e-08
0:   518    1.561771e-04    0.930007    2.075490e-08
0:   519    1.448482e-04    0.927461    1.924936e-08
0:   520    1.340607e-04    0.925526    1.781578e-08
0:   521    1.238519e-04    0.923849    1.645909e-08
0:   522    1.142449e-04    0.922432    1.518239e-08
0:   523    1.051654e-04    0.920526    1.397578e-08
0:   524    9.685156e-05    0.920945    1.287093e-08
0:   525    8.898636e-05    0.918791    1.182569e-08
0:   526    8.184472e-05    0.919745    1.087662e-08
0:   527    7.523121e-05    0.919194    9.997725e-09
0: 
0: 
0: =============================================
0: Solve phase times:
0: =============================================
0: PCG Solve:
0:   wall clock time = 25.400237 seconds
0:   wall MFLOPS     = 0.000000
0:   cpu clock time  = 25.399515 seconds
0:   cpu MFLOPS      = 0.000000
0: 
0: 
0: Iterations = 527
0: Final Relative Residual Norm = 9.997725e-09
0: 
0: 125pt 3D Laplacian
0: =============================================
0: Hypre init times:
0: =============================================
0: Hypre init:
0:   wall clock time = 0.000002 seconds
0:   wall MFLOPS     = 0.000000
0:   cpu clock time  = 0.000002 seconds
0:   cpu MFLOPS      = 0.000000
0: 
0: 
0: Using HYPRE_DEVELOP_STRING: v3.1.0-1-g5f6c9306d (branch v3.1.0_thrusthipbugfix; not the develop branch)
0: 
0: Running with these driver parameters:
0:   solver ID    = 2
0: 
0:   Laplacian_125pt:
0:     (nx, ny, nz) = (384, 384, 384)
0:     (Px, Py, Pz) = (4, 4, 4)
0: 
0: =============================================
0: Generate Matrix:
0: =============================================
0: Spatial Operator:
0:   wall clock time = 1.994016 seconds
0:   wall MFLOPS     = 0.000000
0:   cpu clock time  = 1.985961 seconds
0:   cpu MFLOPS      = 0.000000
0: 
0:   Number of vector components: 1
0:   RHS vector has unit coefficients
0:   Initial guess is 0
0: =============================================
0: IJ Vector Setup:
0: =============================================
0: RHS and Initial Guess:
0:   wall clock time = 0.011572 seconds
0:   wall MFLOPS     = 0.000000
0:   cpu clock time  = 0.011576 seconds
0:   cpu MFLOPS      = 0.000000
0: 
0: Solver: DS-PCG
0: HYPRE_ParCSRPCGGetPrecond got good precond
0: =============================================
0: Setup phase times:
0: =============================================
0: PCG Setup:
0:   wall clock time = 0.001769 seconds
0:   wall MFLOPS     = 0.000000
0:   cpu clock time  = 0.001770 seconds
0:   cpu MFLOPS      = 0.000000
0: 
0: <b,b>: 5.662310e+07
0: 
0: 
0: Iters       ||r||_2     conv.rate  ||r||_2/||b||_2
0: -----    ------------   ---------  ------------ 
0:     1    1.319433e+05    17.534383    1.753438e+01
0:     2    1.525709e+05    1.156337    2.027565e+01
0:     3    1.664070e+05    1.090686    2.211437e+01
0:     4    1.772159e+05    1.064955    2.355081e+01
0:     5    1.862221e+05    1.050820    2.474767e+01
0:     6    1.939612e+05    1.041559    2.577615e+01
0:     7    2.008209e+05    1.035366    2.668776e+01
0:     8    2.069600e+05    1.030570    2.750360e+01
0:     9    2.125637e+05    1.027076    2.824829e+01
0:    10    2.177028e+05    1.024177    2.893126e+01
0:    11    2.224690e+05    1.021893    2.956464e+01
0:    12    2.269168e+05    1.019993    3.015573e+01
0:    13    2.310802e+05    1.018348    3.070902e+01
0:    14    2.350163e+05    1.017033    3.123209e+01
0:    15    2.387248e+05    1.015780    3.172493e+01
0:    16    2.422627e+05    1.014820    3.219510e+01
0:    17    2.456161e+05    1.013842    3.264074e+01
0:    18    2.488327e+05    1.013096    3.306821e+01
0:    19    2.519015e+05    1.012333    3.347603e+01
0:    20    2.548521e+05    1.011713    3.386814e+01
0:    21    2.576871e+05    1.011124    3.424490e+01
0:    22    2.604139e+05    1.010582    3.460726e+01
0:    23    2.630522e+05    1.010131    3.495788e+01
0:    24    2.655890e+05    1.009644    3.529501e+01
0:    25    2.680576e+05    1.009295    3.562307e+01
0:    26    2.704327e+05    1.008860    3.593870e+01
0:    27    2.727517e+05    1.008575    3.624688e+01
0:    28    2.749885e+05    1.008201    3.654413e+01
0:    29    2.771737e+05    1.007947    3.683453e+01
0:    30    2.792911e+05    1.007639    3.711592e+01
0:    31    2.813559e+05    1.007393    3.739032e+01
0:    32    2.833687e+05    1.007154    3.765781e+01
0:    33    2.853255e+05    1.006905    3.791785e+01
0:    34    2.872448e+05    1.006727    3.817291e+01
0:    35    2.891053e+05    1.006477    3.842017e+01
0:    36    2.909388e+05    1.006342    3.866382e+01
0:    37    2.927146e+05    1.006104    3.889981e+01
0:    38    2.944678e+05    1.005990    3.913281e+01
0:    39    2.961693e+05    1.005778    3.935892e+01
0:    40    2.978469e+05    1.005664    3.958186e+01
0:    41    2.994828e+05    1.005492    3.979926e+01
0:    42    3.010893e+05    1.005364    4.001276e+01
0:    43    3.026664e+05    1.005238    4.022235e+01
0:    44    3.042071e+05    1.005090    4.042709e+01
0:    45    3.057299e+05    1.005006    4.062946e+01
0:    46    3.072107e+05    1.004844    4.082625e+01
0:    47    3.086817e+05    1.004788    4.102174e+01
0:    48    3.101094e+05    1.004625    4.121147e+01
0:    49    3.115298e+05    1.004580    4.140023e+01
0:    50    3.129108e+05    1.004433    4.158376e+01
0:    51    3.142815e+05    1.004381    4.176591e+01
0:    52    3.156215e+05    1.004264    4.194399e+01
0:    53    3.169439e+05    1.004190    4.211973e+01
0:    54    3.182469e+05    1.004111    4.229289e+01
0:    55    3.195235e+05    1.004012    4.246255e+01
0:    56    3.207917e+05    1.003969    4.263108e+01
0:    57    3.220264e+05    1.003849    4.279516e+01
0:    58    3.232604e+05    1.003832    4.295914e+01
0:    59    3.244579e+05    1.003704    4.311828e+01
0:    60    3.256569e+05    1.003696    4.327763e+01
0:    61    3.268222e+05    1.003578    4.343249e+01
0:    62    3.279856e+05    1.003560    4.358710e+01
0:    63    3.291232e+05    1.003468    4.373827e+01
0:    64    3.302508e+05    1.003426    4.388812e+01
0:    65    3.313635e+05    1.003370    4.403600e+01
0:    66    3.324565e+05    1.003298    4.418125e+01
0:    67    3.335459e+05    1.003277    4.432602e+01
0:    68    3.346068e+05    1.003181    4.446701e+01
0:    69    3.356724e+05    1.003185    4.460862e+01
0:    70    3.367052e+05    1.003077    4.474588e+01
0:    71    3.377455e+05    1.003090    4.488413e+01
0:    72    3.387545e+05    1.002987    4.501822e+01
0:    73    3.397679e+05    1.002991    4.515288e+01
0:    74    3.407570e+05    1.002911    4.528433e+01
0:    75    3.417422e+05    1.002891    4.541526e+01
0:    76    3.427142e+05    1.002844    4.554443e+01
0:    77    3.436716e+05    1.002793    4.567165e+01
0:    78    3.446275e+05    1.002781    4.579869e+01
0:    79    3.455588e+05    1.002702    4.592246e+01
0:    80    3.464979e+05    1.002718    4.604726e+01
0:    81    3.474066e+05    1.002622    4.616801e+01
0:    82    3.483270e+05    1.002649    4.629033e+01
0:    83    3.492169e+05    1.002555    4.640859e+01
0:    84    3.501162e+05    1.002575    4.652810e+01
0:    85    3.509912e+05    1.002499    4.664439e+01
0:    86    3.518676e+05    1.002497    4.676086e+01
0:    87    3.527305e+05    1.002452    4.687553e+01
0:    88    3.535835e+05    1.002418    4.698889e+01
0:    89    3.544354e+05    1.002409    4.710210e+01
0:    90    3.552662e+05    1.002344    4.721250e+01
0:    91    3.561063e+05    1.002365    4.732416e+01
0:    92    3.569177e+05    1.002278    4.743198e+01
0:    93    3.577440e+05    1.002315    4.754179e+01
0:    94    3.585398e+05    1.002224    4.764755e+01
0:    95    3.593494e+05    1.002258    4.775514e+01
0:    96    3.601335e+05    1.002182    4.785934e+01
0:    97    3.609241e+05    1.002195    4.796440e+01
0:    98    3.616994e+05    1.002148    4.806744e+01
0:    99    3.624697e+05    1.002130    4.816980e+01
0:   100    3.632377e+05    1.002119    4.827187e+01
0:   101    3.639883e+05    1.002066    4.837161e+01
0:   102    3.647484e+05    1.002088    4.847263e+01
0:   103    3.654816e+05    1.002010    4.857007e+01
0:   104    3.662318e+05    1.002052    4.866976e+01
0:   105    3.669512e+05    1.001964    4.876537e+01
0:   106    3.676883e+05    1.002009    4.886332e+01
0:   107    3.683980e+05    1.001930    4.895763e+01
0:   108    3.691190e+05    1.001957    4.905345e+01
0:   109    3.698222e+05    1.001905    4.914691e+01
0:   110    3.705254e+05    1.001901    4.924036e+01
0:   111    3.712240e+05    1.001885    4.933319e+01
0:   112    3.719092e+05    1.001846    4.942425e+01
0:   113    3.726029e+05    1.001865    4.951644e+01
0:   114    3.732720e+05    1.001796    4.960536e+01
0:   115    3.739589e+05    1.001840    4.969665e+01
0:   116    3.746152e+05    1.001755    4.978386e+01
0:   117    3.752922e+05    1.001807    4.987383e+01
0:   118    3.759398e+05    1.001726    4.995988e+01
0:   119    3.766034e+05    1.001765    5.004808e+01
0:   120    3.772459e+05    1.001706    5.013346e+01
0:   121    3.778937e+05    1.001717    5.021955e+01
0:   122    3.785334e+05    1.001693    5.030456e+01
0:   123    3.791646e+05    1.001667    5.038844e+01
0:   124    3.798019e+05    1.001681    5.047314e+01
0:   125    3.804177e+05    1.001621    5.055497e+01
0:   126    3.810509e+05    1.001665    5.063913e+01
0:   127    3.816543e+05    1.001583    5.071931e+01
0:   128    3.822804e+05    1.001640    5.080251e+01
0:   129    3.828753e+05    1.001556    5.088158e+01
0:   130    3.834902e+05    1.001606    5.096328e+01
0:   131    3.840762e+05    1.001528    5.104117e+01
0:   132    3.846415e+05    1.001472    5.111629e+01
0:   133    3.850173e+05    1.000977    5.116623e+01
0:   134    3.847071e+05    0.999194    5.112501e+01
0:   135    3.827472e+05    0.994905    5.086455e+01
0:   136    3.786578e+05    0.989316    5.032109e+01
0:   137    3.751636e+05    0.990772    4.985674e+01
0:   138    3.850868e+05    1.026450    5.117547e+01
0:   139    4.119019e+05    1.069634    5.473901e+01
0:   140    3.810267e+05    0.925042    5.063590e+01
0:   141    3.633551e+05    0.953621    4.828747e+01
0:   142    4.050521e+05    1.114755    5.382872e+01
0:   143    3.934849e+05    0.971443    5.229151e+01
0:   144    3.624824e+05    0.921210    4.817149e+01
0:   145    4.286332e+05    1.182494    5.696249e+01
0:   146    3.622607e+05    0.845153    4.814202e+01
0:   147    4.103119e+05    1.132643    5.452772e+01
0:   148    3.784640e+05    0.922381    5.029534e+01
0:   149    3.930492e+05    1.038538    5.223362e+01
0:   150    3.902752e+05    0.992942    5.186497e+01
0:   151    3.897703e+05    0.998706    5.179787e+01
0:   152    3.891217e+05    0.998336    5.171167e+01
0:   153    4.018198e+05    1.032633    5.339917e+01
0:   154    3.754630e+05    0.934406    4.989653e+01
0:   155    4.271509e+05    1.137664    5.676550e+01
0:   156    3.623725e+05    0.848348    4.815689e+01
0:   157    4.354182e+05    1.201576    5.786418e+01
0:   158    3.770534e+05    0.865957    5.010788e+01
0:   159    3.944400e+05    1.046112    5.241844e+01
0:   160    4.283193e+05    1.085892    5.692077e+01
0:   161    3.620418e+05    0.845262    4.811294e+01
0:   162    4.299281e+05    1.187510    5.713457e+01
0:   163    4.040504e+05    0.939809    5.369561e+01
0:   164    3.678857e+05    0.910495    4.888956e+01
0:   165    4.434219e+05    1.205325    5.892781e+01
0:   166    3.934949e+05    0.887405    5.229285e+01
0:   167    3.736281e+05    0.949512    4.965268e+01
0:   168    4.428901e+05    1.185377    5.885713e+01
0:   169    4.013576e+05    0.906224    5.333774e+01
0:   170    3.694476e+05    0.920495    4.909712e+01
0:   171    4.347764e+05    1.176828    5.777888e+01
0:   172    4.250430e+05    0.977613    5.648538e+01
0:   173    3.650849e+05    0.858936    4.851734e+01
0:   174    4.130019e+05    1.131249    5.488519e+01
0:   175    4.466539e+05    1.081481    5.935732e+01
0:   176    3.873987e+05    0.867335    5.148271e+01
0:   177    3.756296e+05    0.969620    4.991867e+01
0:   178    4.420730e+05    1.176885    5.874854e+01
0:   179    4.345400e+05    0.982960    5.774746e+01
0:   180    3.731977e+05    0.858834    4.959548e+01
0:   181    3.913245e+05    1.048572    5.200441e+01
0:   182    4.484777e+05    1.146051    5.959969e+01
0:   183    4.325138e+05    0.964404    5.747820e+01
0:   184    3.721915e+05    0.860531    4.946177e+01
0:   185    3.923609e+05    1.054191    5.214214e+01
0:   186    4.472564e+05    1.139911    5.943739e+01
0:   187    4.424956e+05    0.989355    5.880471e+01
0:   188    3.831504e+05    0.865885    5.091813e+01
0:   189    3.791034e+05    0.989438    5.038032e+01
0:   190    4.342746e+05    1.145531    5.771219e+01
0:   191    4.571775e+05    1.052738    6.075583e+01
0:   192    4.129504e+05    0.903261    5.487835e+01
0:   193    3.712066e+05    0.898913    4.933088e+01
0:   194    4.015945e+05    1.081863    5.336923e+01
0:   195    4.506017e+05    1.122031    5.988195e+01
0:   196    4.555025e+05    1.010876    6.053325e+01
0:   197    3.994704e+05    0.876988    5.308695e+01
0:   198    3.754358e+05    0.939834    4.989291e+01
0:   199    4.047423e+05    1.078060    5.378754e+01
0:   200    4.556881e+05    1.125872    6.055791e+01
0:   201    4.595791e+05    1.008539    6.107500e+01
0:   202    4.073458e+05    0.886345    5.413354e+01
0:   203    3.788695e+05    0.930093    5.034923e+01
0:   204    3.922436e+05    1.035300    5.212656e+01
0:   205    4.468899e+05    1.139317    5.938869e+01
0:   206    4.665350e+05    1.043959    6.199938e+01
0:   207    4.378087e+05    0.938426    5.818186e+01
0:   208    3.896971e+05    0.890108    5.178814e+01
0:   209    3.796863e+05    0.974311    5.045778e+01
0:   210    4.121589e+05    1.085525    5.477317e+01
0:   211    4.575776e+05    1.110197    6.080900e+01
0:   212    4.711022e+05    1.029557    6.260634e+01
0:   213    4.306343e+05    0.914099    5.722842e+01
0:   214    3.925188e+05    0.911490    5.216313e+01
0:   215    3.791507e+05    0.965943    5.038660e+01
0:   216    4.116789e+05    1.085792    5.470938e+01
0:   217    4.536083e+05    1.101850    6.028152e+01
0:   218    4.759142e+05    1.049174    6.324582e+01
0:   219    4.491984e+05    0.943864    5.969546e+01
0:   220    4.057561e+05    0.903289    5.392227e+01
0:   221    3.826101e+05    0.942956    5.084633e+01
0:   222    3.916775e+05    1.023699    5.205132e+01
0:   223    4.325567e+05    1.104370    5.748390e+01
0:   224    4.679918e+05    1.081920    6.219298e+01
0:   225    4.771844e+05    1.019643    6.341461e+01
0:   226    4.427654e+05    0.927871    5.884057e+01
0:   227    4.050034e+05    0.914713    5.382224e+01
0:   228    3.828931e+05    0.945407    5.088393e+01
0:   229    3.940556e+05    1.029153    5.236736e+01
0:   230    4.288768e+05    1.088366    5.699486e+01
0:   231    4.669120e+05    1.088686    6.204949e+01
0:   232    4.824549e+05    1.033289    6.411503e+01
0:   233    4.594185e+05    0.952252    6.105365e+01
0:   234    4.230986e+05    0.920944    5.622698e+01
0:   235    3.910094e+05    0.924157    5.196254e+01
0:   236    3.869595e+05    0.989643    5.142434e+01
0:   237    4.057752e+05    1.048624    5.392482e+01
0:   238    4.439445e+05    1.094065    5.899726e+01
0:   239    4.762493e+05    1.072768    6.329035e+01
0:   240    4.841443e+05    1.016577    6.433954e+01
0:   241    4.625793e+05    0.955458    6.147370e+01
0:   242    4.252554e+05    0.919313    5.651360e+01
0:   243    3.970563e+05    0.933689    5.276614e+01
0:   244    3.864640e+05    0.973323    5.135848e+01
0:   245    4.016385e+05    1.039265    5.337508e+01
0:   246    4.320319e+05    1.075674    5.741416e+01
0:   247    4.681838e+05    1.083679    6.221851e+01
0:   248    4.878878e+05    1.042086    6.483703e+01
0:   249    4.819092e+05    0.987746    6.404251e+01
0:   250    4.540265e+05    0.942141    6.033709e+01
0:   251    4.194569e+05    0.923860    5.574303e+01
0:   252    3.958241e+05    0.943658    5.260238e+01
0:   253    3.891382e+05    0.983109    5.171387e+01
0:   254    4.038682e+05    1.037853    5.367138e+01
0:   255    4.323741e+05    1.070582    5.745963e+01
0:   256    4.663868e+05    1.078665    6.197969e+01
0:   257    4.893144e+05    1.049160    6.502662e+01
0:   258    4.908872e+05    1.003214    6.523564e+01
0:   259    4.710588e+05    0.959607    6.260056e+01
0:   260    4.391283e+05    0.932216    5.835722e+01
0:   261    4.106587e+05    0.935168    5.457380e+01
0:   262    3.933042e+05    0.957740    5.226750e+01
0:   263    3.938695e+05    1.001437    5.234263e+01
0:   264    4.100849e+05    1.041169    5.449754e+01
0:   265    4.387300e+05    1.069852    5.830428e+01
0:   266    4.700169e+05    1.071313    6.246211e+01
0:   267    4.922715e+05    1.047349    6.541960e+01
0:   268    4.975091e+05    1.010640    6.611564e+01
0:   269    4.818256e+05    0.968476    6.403140e+01
0:   270    4.548107e+05    0.943932    6.044131e+01
0:   271    4.237542e+05    0.931716    5.631411e+01
0:   272    4.010144e+05    0.946337    5.329213e+01
0:   273    3.908276e+05    0.974598    5.193838e+01
0:   274    3.981869e+05    1.018830    5.291638e+01
0:   275    4.218281e+05    1.059372    5.605814e+01
0:   276    4.498023e+05    1.066317    5.977573e+01
0:   277    4.724441e+05    1.050337    6.278467e+01
0:   278    4.892558e+05    1.035585    6.501883e+01
0:   279    5.047721e+05    1.031714    6.708084e+01
0:   280    4.954340e+05    0.981500    6.583987e+01
0:   281    4.620417e+05    0.932600    6.140226e+01
0:   282    4.375661e+05    0.947027    5.814961e+01
0:   283    4.207257e+05    0.961513    5.591164e+01
0:   284    3.945776e+05    0.937850    5.243673e+01
0:   285    3.964197e+05    1.004668    5.268153e+01
0:   286    4.094797e+05    1.032945    5.441712e+01
0:   287    4.174297e+05    1.019415    5.547362e+01
0:   288    4.585922e+05    1.098609    6.094384e+01
0:   289    4.725464e+05    1.030428    6.279826e+01
0:   290    4.990610e+05    1.056110    6.632188e+01
0:   291    5.094724e+05    1.020862    6.770548e+01
0:   292    4.942239e+05    0.970070    6.567905e+01
0:   293    4.899475e+05    0.991347    6.511076e+01
0:   294    4.490025e+05    0.916430    5.966943e+01
0:   295    4.400921e+05    0.980155    5.848530e+01
0:   296    4.043010e+05    0.918674    5.372890e+01
0:   297    4.077880e+05    1.008625    5.419230e+01
0:   298    3.919451e+05    0.961149    5.208688e+01
0:   299    4.158652e+05    1.061029    5.526571e+01
0:   300    4.182587e+05    1.005755    5.558379e+01
0:   301    4.582720e+05    1.095666    6.090128e+01
0:   302    4.661830e+05    1.017263    6.195261e+01
0:   303    5.064005e+05    1.086270    6.729725e+01
0:   304    5.002886e+05    0.987931    6.648501e+01
0:   305    5.189285e+05    1.037258    6.896213e+01
0:   306    4.937204e+05    0.951423    6.561215e+01
0:   307    4.853053e+05    0.982956    6.449384e+01
0:   308    4.556985e+05    0.938993    6.055929e+01
0:   309    4.318955e+05    0.947766    5.739603e+01
0:   310    4.208501e+05    0.974426    5.592816e+01
0:   311    3.970085e+05    0.943349    5.275978e+01
0:   312    4.096042e+05    1.031727    5.443366e+01
0:   313    3.993167e+05    0.974884    5.306653e+01
0:   314    4.244779e+05    1.063011    5.641029e+01
0:   315    4.402799e+05    1.037227    5.851026e+01
0:   316    4.573587e+05    1.038791    6.077992e+01
0:   317    4.956497e+05    1.083722    6.586854e+01
0:   318    4.940698e+05    0.996812    6.565858e+01
0:   319    5.212624e+05    1.055038    6.927230e+01
0:   320    5.170624e+05    0.991943    6.871414e+01
0:   321    5.010073e+05    0.968949    6.658053e+01
0:   322    5.003258e+05    0.998640    6.648996e+01
0:   323    4.648799e+05    0.929154    6.177944e+01
0:   324    4.461618e+05    0.959735    5.929192e+01
0:   325    4.359269e+05    0.977060    5.793177e+01
0:   326    4.066253e+05    0.932783    5.403779e+01
0:   327    4.078089e+05    1.002911    5.419508e+01
0:   328    4.095852e+05    1.004356    5.443114e+01
0:   329    4.008158e+05    0.978590    5.326575e+01
0:   330    4.277760e+05    1.067263    5.684857e+01
0:   331    4.416865e+05    1.032518    5.869719e+01
0:   332    4.519320e+05    1.023196    6.005874e+01
0:   333    4.877685e+05    1.079296    6.482118e+01
0:   334    5.047509e+05    1.034816    6.707802e+01
0:   335    5.047553e+05    1.000009    6.707860e+01
0:   336    5.285663e+05    1.047173    7.024293e+01
0:   337    5.262777e+05    0.995670    6.993880e+01
0:   338    5.008627e+05    0.951708    6.656131e+01
0:   339    5.022048e+05    1.002679    6.673966e+01
0:   340    4.840222e+05    0.963795    6.432332e+01
0:   341    4.496237e+05    0.928932    5.975198e+01
0:   342    4.379375e+05    0.974009    5.819898e+01
0:   343    4.321238e+05    0.986725    5.742637e+01
0:   344    4.066640e+05    0.941082    5.404292e+01
0:   345    4.025282e+05    0.989830    5.349331e+01
0:   346    4.162008e+05    1.033967    5.531031e+01
0:   347    4.142034e+05    0.995201    5.504486e+01
0:   348    4.170291e+05    1.006822    5.542039e+01
0:   349    4.446923e+05    1.066334    5.909664e+01
0:   350    4.675966e+05    1.051506    6.214046e+01
0:   351    4.702476e+05    1.005670    6.249277e+01
0:   352    4.939747e+05    1.050457    6.564594e+01
0:   353    5.239192e+05    1.060619    6.962536e+01
0:   354    5.266425e+05    1.005198    6.998727e+01
0:   355    5.175739e+05    0.982780    6.878211e+01
0:   356    5.291402e+05    1.022347    7.031920e+01
0:   357    5.288109e+05    0.999378    7.027544e+01
0:   358    4.994303e+05    0.944440    6.637095e+01
0:   359    4.784914e+05    0.958074    6.358832e+01
0:   360    4.743831e+05    0.991414    6.304234e+01
0:   361    4.597490e+05    0.969151    6.109758e+01
0:   362    4.287716e+05    0.932621    5.698088e+01
0:   363    4.167531e+05    0.971970    5.538370e+01
0:   364    4.201712e+05    1.008202    5.583794e+01
0:   365    4.166580e+05    0.991639    5.537107e+01
0:   366    4.037188e+05    0.968945    5.365153e+01
0:   367    4.095448e+05    1.014431    5.442577e+01
0:   368    4.318421e+05    1.054444    5.738893e+01
0:   369    4.460412e+05    1.032880    5.927590e+01
0:   370    4.487423e+05    1.006056    5.963486e+01
0:   371    4.637484e+05    1.033440    6.162906e+01
0:   372    4.964205e+05    1.070452    6.597097e+01
0:   373    5.163623e+05    1.040171    6.862110e+01
0:   374    5.167359e+05    1.000723    6.867074e+01
0:   375    5.182292e+05    1.002890    6.886920e+01
0:   376    5.376780e+05    1.037529    7.145382e+01
0:   377    5.463053e+05    1.016046    7.260033e+01
0:   378    5.306406e+05    0.971326    7.051860e+01
0:   379    5.074103e+05    0.956222    6.743144e+01
0:   380    5.007014e+05    0.986778    6.653987e+01
0:   381    4.984902e+05    0.995584    6.624602e+01
0:   382    4.791254e+05    0.961153    6.367257e+01
0:   383    4.501383e+05    0.939500    5.982038e+01
0:   384    4.315983e+05    0.958813    5.735654e+01
0:   385    4.317147e+05    1.000270    5.737200e+01
0:   386    4.290949e+05    0.993932    5.702385e+01
0:   387    4.173590e+05    0.972650    5.546422e+01
0:   388    4.042376e+05    0.968561    5.372048e+01
0:   389    4.093659e+05    1.012686    5.440200e+01
0:   390    4.259640e+05    1.040546    5.660777e+01
0:   391    4.389349e+05    1.030451    5.833152e+01
0:   392    4.405790e+05    1.003746    5.855000e+01
0:   393    4.445233e+05    1.008953    5.907418e+01
0:   394    4.656096e+05    1.047436    6.187640e+01
0:   395    4.935917e+05    1.060098    6.559504e+01
0:   396    5.137976e+05    1.040936    6.828027e+01
0:   397    5.146655e+05    1.001689    6.839561e+01
0:   398    5.178547e+05    1.006197    6.881943e+01
0:   399    5.309325e+05    1.025254    7.055738e+01
0:   400    5.510029e+05    1.037802    7.322460e+01
0:   401    5.546551e+05    1.006628    7.370997e+01
0:   402    5.386120e+05    0.971076    7.157794e+01
0:   403    5.198458e+05    0.965158    6.908403e+01
0:   404    5.109958e+05    0.982976    6.790794e+01
0:   405    5.122344e+05    1.002424    6.807254e+01
0:   406    5.029158e+05    0.981808    6.683415e+01
0:   407    4.815686e+05    0.957553    6.399725e+01
0:   408    4.534951e+05    0.941704    6.026647e+01
0:   409    4.381479e+05    0.966158    5.822693e+01
0:   410    4.346555e+05    0.992029    5.776281e+01
0:   411    4.357912e+05    1.002613    5.791374e+01
0:   412    4.304114e+05    0.987655    5.719880e+01
0:   413    4.172894e+05    0.969513    5.545498e+01
0:   414    4.077596e+05    0.977163    5.418853e+01
0:   415    4.089511e+05    1.002922    5.434687e+01
0:   416    4.266159e+05    1.043196    5.669441e+01
0:   417    4.429270e+05    1.038233    5.886204e+01
0:   418    4.467776e+05    1.008694    5.937376e+01
0:   419    4.430766e+05    0.991716    5.888192e+01
0:   420    4.549439e+05    1.026784    6.045900e+01
0:   421    4.787026e+05    1.052223    6.361638e+01
0:   422    4.983138e+05    1.040967    6.622258e+01
0:   423    5.210735e+05    1.045673    6.924719e+01
0:   424    5.302127e+05    1.017539    7.046173e+01
0:   425    5.239029e+05    0.988099    6.962319e+01
0:   426    5.277360e+05    1.007316    7.013259e+01
0:   427    5.469668e+05    1.036440    7.268823e+01
0:   428    5.529988e+05    1.011028    7.348984e+01
0:   429    5.644307e+05    1.020673    7.500907e+01
0:   430    5.531560e+05    0.980025    7.351074e+01
0:   431    5.265813e+05    0.951958    6.997914e+01
0:   432    5.220217e+05    0.991341    6.937319e+01
0:   433    5.044322e+05    0.966305    6.703567e+01
0:   434    5.129455e+05    1.016877    6.816703e+01
0:   435    5.014245e+05    0.977540    6.663597e+01
0:   436    4.858662e+05    0.968972    6.456838e+01
0:   437    4.652968e+05    0.957664    6.183484e+01
0:   438    4.403355e+05    0.946354    5.851765e+01
0:   439    4.369343e+05    0.992276    5.806565e+01
0:   440    4.292436e+05    0.982398    5.704361e+01
0:   441    4.387650e+05    1.022182    5.830893e+01
0:   442    4.286699e+05    0.976992    5.696736e+01
0:   443    4.273318e+05    0.996878    5.678954e+01
0:   444    4.109067e+05    0.961564    5.460676e+01
0:   445    4.150982e+05    1.010201    5.516378e+01
0:   446    4.157229e+05    1.001505    5.524679e+01
0:   447    4.383128e+05    1.054339    5.824884e+01
0:   448    4.471722e+05    1.020213    5.942620e+01
0:   449    4.651465e+05    1.040195    6.181486e+01
0:   450    4.610673e+05    0.991230    6.127276e+01
0:   451    4.711850e+05    1.021944    6.261734e+01
0:   452    4.719316e+05    1.001584    6.271655e+01
0:   453    4.964109e+05    1.051871    6.596970e+01
0:   454    5.110366e+05    1.029463    6.791335e+01
0:   455    5.406018e+05    1.057853    7.184237e+01
0:   456    5.445801e+05    1.007359    7.237105e+01
0:   457    5.513270e+05    1.012389    7.326768e+01
0:   458    5.414218e+05    0.982034    7.195135e+01
0:   459    5.448149e+05    1.006267    7.240227e+01
0:   460    5.472510e+05    1.004471    7.272601e+01
0:   461    5.559281e+05    1.015856    7.387913e+01
0:   462    5.682291e+05    1.022127    7.551386e+01
0:   463    5.609889e+05    0.987258    7.455167e+01
0:   464    5.548110e+05    0.988987    7.373067e+01
0:   465    5.271561e+05    0.950154    7.005553e+01
0:   466    5.146807e+05    0.976334    6.839762e+01
0:   467    4.990977e+05    0.969723    6.632675e+01
0:   468    4.937082e+05    0.989202    6.561053e+01
0:   469    4.948853e+05    1.002384    6.576695e+01
0:   470    4.824438e+05    0.974860    6.411356e+01
0:   471    4.807655e+05    0.996521    6.389052e+01
0:   472    4.560448e+05    0.948581    6.060531e+01
0:   473    4.411756e+05    0.967395    5.862929e+01
0:   474    4.296320e+05    0.973834    5.709523e+01
0:   475    4.173726e+05    0.971465    5.546603e+01
0:   476    4.294512e+05    1.028940    5.707120e+01
0:   477    4.249681e+05    0.989561    5.647542e+01
0:   478    4.355126e+05    1.024812    5.787672e+01
0:   479    4.349522e+05    0.998713    5.780225e+01
0:   480    4.257875e+05    0.978929    5.658431e+01
0:   481    4.309743e+05    1.012182    5.727360e+01
0:   482    4.238247e+05    0.983411    5.632347e+01
0:   483    4.308654e+05    1.016612    5.725913e+01
0:   484    4.489650e+05    1.042007    5.966445e+01
0:   485    4.600761e+05    1.024748    6.114104e+01
0:   486    4.812884e+05    1.046106    6.396001e+01
0:   487    4.968234e+05    1.032278    6.602451e+01
0:   488    4.925749e+05    0.991449    6.545991e+01
0:   489    5.064866e+05    1.028243    6.730868e+01
0:   490    5.036441e+05    0.994388    6.693093e+01
0:   491    5.078677e+05    1.008386    6.749223e+01
0:   492    5.318406e+05    1.047203    7.067807e+01
0:   493    5.413950e+05    1.017965    7.194778e+01
0:   494    5.587835e+05    1.032118    7.425859e+01
0:   495    5.781485e+05    1.034656    7.683208e+01
0:   496    5.745785e+05    0.993825    7.635764e+01
0:   497    5.697571e+05    0.991609    7.571692e+01
0:   498    5.708602e+05    1.001936    7.586351e+01
0:   499    5.498042e+05    0.963115    7.306531e+01
0:   500    5.484376e+05    0.997514    7.288370e+01
0:   501    5.552688e+05    1.012456    7.379151e+01
0:   502    5.507136e+05    0.991797    7.318617e+01
0:   503    5.526027e+05    1.003430    7.343720e+01
0:   504    5.565607e+05    1.007163    7.396320e+01
0:   505    5.359962e+05    0.963051    7.123032e+01
0:   506    5.174581e+05    0.965414    6.876673e+01
0:   507    5.080524e+05    0.981823    6.751677e+01
0:   508    4.821553e+05    0.949027    6.407522e+01
0:   509    4.690843e+05    0.972891    6.233818e+01
0:   510    4.693309e+05    1.000526    6.237095e+01
0:   511    4.645994e+05    0.989918    6.174216e+01
0:   512    4.569041e+05    0.983437    6.071950e+01
0:   513    4.629906e+05    1.013321    6.152836e+01
0:   514    4.563727e+05    0.985706    6.064888e+01
0:   515    4.402876e+05    0.964755    5.851129e+01
0:   516    4.345854e+05    0.987049    5.775350e+01
0:   517    4.284227e+05    0.985819    5.693451e+01
0:   518    4.148642e+05    0.968352    5.513268e+01
0:   519    4.136132e+05    0.996985    5.496644e+01
0:   520    4.265161e+05    1.031195    5.668114e+01
0:   521    4.302283e+05    1.008704    5.717446e+01
0:   522    4.369788e+05    1.015691    5.807156e+01
0:   523    4.506054e+05    1.031184    5.988244e+01
0:   524    4.585038e+05    1.017528    6.093209e+01
0:   525    4.500821e+05    0.981632    5.981291e+01
0:   526    4.536275e+05    1.007877    6.028406e+01
0:   527    4.609393e+05    1.016118    6.125575e+01
0:   528    4.614152e+05    1.001033    6.131900e+01
0:   529    4.650591e+05    1.007897    6.180326e+01
0:   530    4.848592e+05    1.042575    6.443455e+01
0:   531    5.061012e+05    1.043811    6.725748e+01
0:   532    5.136569e+05    1.014929    6.826157e+01
0:   533    5.312299e+05    1.034212    7.059691e+01
0:   534    5.488850e+05    1.033234    7.294315e+01
0:   535    5.555189e+05    1.012086    7.382475e+01
0:   536    5.452106e+05    0.981444    7.245485e+01
0:   537    5.508209e+05    1.010290    7.320042e+01
0:   538    5.569468e+05    1.011121    7.401451e+01
0:   539    5.548255e+05    0.996191    7.373260e+01
0:   540    5.541919e+05    0.998858    7.364840e+01
0:   541    5.699929e+05    1.028512    7.574825e+01
0:   542    5.887713e+05    1.032945    7.824377e+01
0:   543    5.880510e+05    0.998777    7.814806e+01
0:   544    5.891463e+05    1.001863    7.829361e+01
0:   545    5.904291e+05    1.002177    7.846409e+01
0:   546    5.869863e+05    0.994169    7.800656e+01
0:   547    5.604735e+05    0.954832    7.448319e+01
0:   548    5.436389e+05    0.969964    7.224598e+01
0:   549    5.385811e+05    0.990697    7.157384e+01
0:   550    5.362995e+05    0.995764    7.127063e+01
0:   551    5.224356e+05    0.974149    6.942820e+01
0:   552    5.125605e+05    0.981098    6.811586e+01
0:   553    5.179457e+05    1.010506    6.883152e+01
0:   554    5.204719e+05    1.004878    6.916725e+01
0:   555    5.121464e+05    0.984004    6.806084e+01
0:   556    4.938081e+05    0.964193    6.562380e+01
0:   557    4.895538e+05    0.991385    6.505843e+01
0:   558    4.824560e+05    0.985502    6.411518e+01
0:   559    4.657214e+05    0.965314    6.189127e+01
0:   560    4.422933e+05    0.949695    5.877782e+01
0:   561    4.385536e+05    0.991545    5.828085e+01
0:   562    4.413682e+05    1.006418    5.865488e+01
0:   563    4.346671e+05    0.984817    5.776435e+01
0:   564    4.305611e+05    0.990554    5.721870e+01
0:   565    4.372463e+05    1.015527    5.810712e+01
0:   566    4.449577e+05    1.017636    5.913191e+01
0:   567    4.470722e+05    1.004752    5.941291e+01
0:   568    4.443741e+05    0.993965    5.905436e+01
0:   569    4.331041e+05    0.974638    5.755664e+01
0:   570    4.374499e+05    1.010034    5.813417e+01
0:   571    4.387562e+05    1.002986    5.830777e+01
0:   572    4.293505e+05    0.978563    5.705781e+01
0:   573    4.277568e+05    0.996288    5.684602e+01
0:   574    4.323229e+05    1.010675    5.745282e+01
0:   575    4.461771e+05    1.032046    5.929395e+01
0:   576    4.628877e+05    1.037453    6.151468e+01
0:   577    4.640806e+05    1.002577    6.167322e+01
0:   578    4.790740e+05    1.032308    6.366573e+01
0:   579    4.921514e+05    1.027297    6.540364e+01
0:   580    5.084483e+05    1.033113    6.756938e+01
0:   581    5.132447e+05    1.009434    6.820680e+01
0:   582    5.054602e+05    0.984833    6.717228e+01
0:   583    5.124344e+05    1.013798    6.809911e+01
0:   584    5.161092e+05    1.007171    6.858747e+01
0:   585    5.305829e+05    1.028044    7.051093e+01
0:   586    5.264910e+05    0.992288    6.996714e+01
0:   587    5.325745e+05    1.011555    7.077560e+01
0:   588    5.409033e+05    1.015639    7.188244e+01
0:   589    5.645076e+05    1.043639    7.501929e+01
0:   590    5.789666e+05    1.025614    7.694080e+01
0:   591    5.868274e+05    1.013577    7.798545e+01
0:   592    5.877557e+05    1.001582    7.810881e+01
0:   593    5.977513e+05    1.017006    7.943715e+01
0:   594    6.046299e+05    1.011508    8.035127e+01
0:   595    6.063948e+05    1.002919    8.058582e+01
0:   596    5.890673e+05    0.971425    7.828311e+01
0:   597    5.776222e+05    0.980571    7.676213e+01
0:   598    5.664702e+05    0.980693    7.528011e+01
0:   599    5.742662e+05    1.013762    7.631614e+01
0:   600    5.680008e+05    0.989090    7.548352e+01
0:   601    5.690900e+05    1.001918    7.562827e+01
0:   602    5.555287e+05    0.976170    7.382606e+01
0:   603    5.676860e+05    1.021884    7.544168e+01
0:   604    5.663020e+05    0.997562    7.525775e+01
0:   605    5.790130e+05    1.022446    7.694696e+01
0:   606    5.604244e+05    0.967896    7.447666e+01
0:   607    5.538218e+05    0.988219    7.359922e+01
0:   608    5.316383e+05    0.959945    7.065118e+01
0:   609    5.323604e+05    1.001358    7.074715e+01
0:   610    5.187955e+05    0.974519    6.894446e+01
0:   611    5.067652e+05    0.976811    6.734571e+01
0:   612    4.880113e+05    0.962993    6.485344e+01
0:   613    4.733880e+05    0.970035    6.291011e+01
0:   614    4.725793e+05    0.998292    6.280263e+01
0:   615    4.690605e+05    0.992554    6.233501e+01
0:   616    4.778743e+05    1.018790    6.350630e+01
0:   617    4.634329e+05    0.969780    6.158714e+01
0:   618    4.656824e+05    1.004854    6.188608e+01
0:   619    4.574700e+05    0.982365    6.079471e+01
0:   620    4.663072e+05    1.019318    6.196911e+01
0:   621    4.658611e+05    0.999043    6.190982e+01
0:   622    4.569794e+05    0.980935    6.072951e+01
0:   623    4.499618e+05    0.984643    5.979691e+01
0:   624    4.336244e+05    0.963692    5.762579e+01
0:   625    4.346896e+05    1.002457    5.776735e+01
0:   626    4.279060e+05    0.984394    5.686585e+01
0:   627    4.327555e+05    1.011333    5.751031e+01
0:   628    4.271319e+05    0.987005    5.676297e+01
0:   629    4.208834e+05    0.985371    5.593259e+01
0:   630    4.248573e+05    1.009442    5.646070e+01
0:   631    4.300211e+05    1.012154    5.714694e+01
0:   632    4.444106e+05    1.033462    5.905921e+01
0:   633    4.567047e+05    1.027664    6.069301e+01
0:   634    4.587688e+05    1.004520    6.096731e+01
0:   635    4.642907e+05    1.012036    6.170114e+01
0:   636    4.657139e+05    1.003065    6.189027e+01
0:   637    4.743272e+05    1.018495    6.303492e+01
0:   638    4.863976e+05    1.025447    6.463900e+01
0:   639    4.814204e+05    0.989767    6.397756e+01
0:   640    4.874297e+05    1.012482    6.477616e+01
0:   641    4.769683e+05    0.978538    6.338590e+01
0:   642    4.780749e+05    1.002320    6.353296e+01
0:   643    4.868716e+05    1.018400    6.470199e+01
0:   644    4.942290e+05    1.015112    6.567974e+01
0:   645    5.137928e+05    1.039584    6.827963e+01
0:   646    5.211877e+05    1.014393    6.926237e+01
0:   647    5.239446e+05    1.005290    6.962874e+01
0:   648    5.367706e+05    1.024480    7.133323e+01
0:   649    5.524943e+05    1.029293    7.342280e+01
0:   650    5.674891e+05    1.027140    7.541551e+01
0:   651    5.903069e+05    1.040208    7.844785e+01
0:   652    5.858182e+05    0.992396    7.785133e+01
0:   653    5.871352e+05    1.002248    7.802634e+01
0:   654    5.877631e+05    1.001070    7.810979e+01
0:   655    5.797486e+05    0.986364    7.704471e+01
0:   656    5.893480e+05    1.016558    7.832042e+01
0:   657    5.931595e+05    1.006467    7.882693e+01
0:   658    5.881834e+05    0.991611    7.816565e+01
0:   659    5.876151e+05    0.999034    7.809013e+01
0:   660    5.809076e+05    0.988585    7.719874e+01
0:   661    5.711409e+05    0.983187    7.590081e+01
0:   662    5.863423e+05    1.026616    7.792098e+01
0:   663    5.930414e+05    1.011425    7.881124e+01
0:   664    5.992642e+05    1.010493    7.963821e+01
0:   665    6.090439e+05    1.016319    8.093786e+01
0:   666    6.039594e+05    0.991652    8.026217e+01
0:   667    5.959051e+05    0.986664    7.919180e+01
0:   668    5.996252e+05    1.006243    7.968618e+01
0:   669    6.000082e+05    1.000639    7.973709e+01
0:   670    5.949365e+05    0.991547    7.906309e+01
0:   671    5.999144e+05    1.008367    7.972462e+01
0:   672    5.831399e+05    0.972039    7.749541e+01
0:   673    5.607254e+05    0.961562    7.451667e+01
0:   674    5.490155e+05    0.979116    7.296049e+01
0:   675    5.380106e+05    0.979955    7.149802e+01
0:   676    5.275099e+05    0.980482    7.010254e+01
0:   677    5.299502e+05    1.004626    7.042684e+01
0:   678    5.259874e+05    0.992522    6.990021e+01
0:   679    5.120517e+05    0.973506    6.804825e+01
0:   680    5.079042e+05    0.991900    6.749708e+01
0:   681    5.056728e+05    0.995607    6.720054e+01
0:   682    4.991143e+05    0.987030    6.632896e+01
0:   683    5.020873e+05    1.005957    6.672406e+01
0:   684    5.097648e+05    1.015291    6.774434e+01
0:   685    5.046647e+05    0.989995    6.706657e+01
0:   686    4.999898e+05    0.990737    6.644531e+01
0:   687    4.981927e+05    0.996406    6.620648e+01
0:   688    4.856633e+05    0.974850    6.454141e+01
0:   689    4.692295e+05    0.966162    6.235747e+01
0:   690    4.666799e+05    0.994566    6.201865e+01
0:   691    4.653470e+05    0.997144    6.184150e+01
0:   692    4.575888e+05    0.983328    6.081049e+01
0:   693    4.507888e+05    0.985140    5.990683e+01
0:   694    4.419964e+05    0.980495    5.873837e+01
0:   695    4.287350e+05    0.969997    5.697602e+01
0:   696    4.222093e+05    0.984779    5.610880e+01
0:   697    4.275612e+05    1.012676    5.682003e+01
0:   698    4.308411e+05    1.007671    5.725591e+01
0:   699    4.352450e+05    1.010222    5.784115e+01
0:   700    4.431957e+05    1.018267    5.889775e+01
0:   701    4.468253e+05    1.008190    5.938010e+01
0:   702    4.435204e+05    0.992604    5.894090e+01
0:   703    4.439957e+05    1.001072    5.900406e+01
0:   704    4.501853e+05    1.013941    5.982662e+01
0:   705    4.544463e+05    1.009465    6.039288e+01
0:   706    4.583928e+05    1.008684    6.091734e+01
0:   707    4.615418e+05    1.006870    6.133583e+01
0:   708    4.669021e+05    1.011614    6.204817e+01
0:   709    4.637383e+05    0.993224    6.162772e+01
0:   710    4.530822e+05    0.977021    6.021160e+01
0:   711    4.543184e+05    1.002728    6.037588e+01
0:   712    4.578444e+05    1.007761    6.084446e+01
0:   713    4.541777e+05    0.991992    6.035719e+01
0:   714    4.615223e+05    1.016171    6.133323e+01
0:   715    4.752556e+05    1.029757    6.315830e+01
0:   716    4.778529e+05    1.005465    6.350346e+01
0:   717    4.803486e+05    1.005223    6.383513e+01
0:   718    4.804149e+05    1.000138    6.384393e+01
0:   719    4.912465e+05    1.022546    6.528338e+01
0:   720    5.000887e+05    1.018000    6.645845e+01
0:   721    5.041638e+05    1.008149    6.700000e+01
0:   722    5.287358e+05    1.048738    7.026546e+01
0:   723    5.427116e+05    1.026433    7.212275e+01
0:   724    5.551646e+05    1.022946    7.377767e+01
0:   725    5.539590e+05    0.997828    7.361745e+01
0:   726    5.609410e+05    1.012604    7.454531e+01
0:   727    5.676616e+05    1.011981    7.543843e+01
0:   728    5.620907e+05    0.990186    7.469811e+01
0:   729    5.659928e+05    1.006942    7.521667e+01
0:   730    5.727930e+05    1.012015    7.612036e+01
0:   731    5.868057e+05    1.024464    7.798256e+01
0:   732    5.816291e+05    0.991178    7.729463e+01
0:   733    5.789798e+05    0.995445    7.694255e+01
0:   734    5.755556e+05    0.994086    7.648749e+01
0:   735    5.770742e+05    1.002639    7.668931e+01
0:   736    5.687285e+05    0.985538    7.558023e+01
0:   737    5.709554e+05    1.003915    7.587615e+01
0:   738    5.820821e+05    1.019488    7.735483e+01
0:   739    6.013987e+05    1.033185    7.992187e+01
0:   740    6.055207e+05    1.006854    8.046966e+01
0:   741    6.098933e+05    1.007221    8.105075e+01
0:   742    6.142067e+05    1.007072    8.162397e+01
0:   743    6.235090e+05    1.015145    8.286018e+01
0:   744    6.197725e+05    0.994007    8.236363e+01
0:   745    6.188880e+05    0.998573    8.224608e+01
0:   746    6.220259e+05    1.005070    8.266309e+01
0:   747    6.357052e+05    1.021992    8.448098e+01
0:   748    6.355755e+05    0.999796    8.446374e+01
0:   749    6.320941e+05    0.994522    8.400109e+01
0:   750    6.221335e+05    0.984242    8.267739e+01
0:   751    6.231556e+05    1.001643    8.281322e+01
0:   752    6.076044e+05    0.975045    8.074657e+01
0:   753    5.944254e+05    0.978310    7.899516e+01
0:   754    5.752527e+05    0.967746    7.644724e+01
0:   755    5.778004e+05    1.004429    7.678581e+01
0:   756    5.713273e+05    0.988797    7.592559e+01
0:   757    5.722088e+05    1.001543    7.604273e+01
0:   758    5.595349e+05    0.977851    7.435845e+01
0:   759    5.626307e+05    1.005533    7.476986e+01
0:   760    5.602885e+05    0.995837    7.445859e+01
0:   761    5.583843e+05    0.996601    7.420554e+01
0:   762    5.417745e+05    0.970254    7.199822e+01
0:   763    5.377547e+05    0.992580    7.146401e+01
0:   764    5.423389e+05    1.008525    7.207323e+01
0:   765    5.456962e+05    1.006190    7.251939e+01
0:   766    5.501301e+05    1.008125    7.310862e+01
0:   767    5.472984e+05    0.994853    7.273230e+01
0:   768    5.517354e+05    1.008107    7.332195e+01
0:   769    5.471856e+05    0.991754    7.271731e+01
0:   770    5.424817e+05    0.991404    7.209220e+01
0:   771    5.206736e+05    0.959799    6.919405e+01
0:   772    5.100073e+05    0.979514    6.777656e+01
0:   773    5.040621e+05    0.988343    6.698649e+01
0:   774    5.013992e+05    0.994717    6.663260e+01
0:   775    4.986103e+05    0.994438    6.626198e+01
0:   776    4.847800e+05    0.972262    6.442402e+01
0:   777    4.852901e+05    1.001052    6.449182e+01
0:   778    4.763884e+05    0.981657    6.330884e+01
0:   779    4.718552e+05    0.990484    6.270641e+01
0:   780    4.583597e+05    0.971399    6.091295e+01
0:   781    4.477092e+05    0.976764    5.949757e+01
0:   782    4.441866e+05    0.992132    5.902944e+01
0:   783    4.413775e+05    0.993676    5.865612e+01
0:   784    4.502884e+05    1.020189    5.984033e+01
0:   785    4.452786e+05    0.988874    5.917456e+01
0:   786    4.472210e+05    1.004362    5.943268e+01
0:   787    4.507292e+05    1.007845    5.989891e+01
0:   788    4.551953e+05    1.009908    6.049241e+01
0:   789    4.596399e+05    1.009764    6.108307e+01
0:   790    4.498012e+05    0.978595    5.977558e+01
0:   791    4.481484e+05    0.996326    5.955594e+01
0:   792    4.492740e+05    1.002511    5.970551e+01
0:   793    4.511493e+05    1.004174    5.995472e+01
0:   794    4.572678e+05    1.013562    6.076783e+01
0:   795    4.537656e+05    0.992341    6.030242e+01
0:   796    4.550705e+05    1.002876    6.047584e+01
0:   797    4.603294e+05    1.011556    6.117471e+01
0:   798    4.612096e+05    1.001912    6.129168e+01
0:   799    4.641511e+05    1.006378    6.168259e+01
0:   800    4.535128e+05    0.977080    6.026882e+01
0:   801    4.458529e+05    0.983110    5.925088e+01
0:   802    4.446013e+05    0.997193    5.908455e+01
0:   803    4.401669e+05    0.990026    5.849525e+01
0:   804    4.456777e+05    1.012520    5.922759e+01
0:   805    4.449605e+05    0.998391    5.913228e+01
0:   806    4.440042e+05    0.997851    5.900520e+01
0:   807    4.535378e+05    1.021472    6.027215e+01
0:   808    4.585559e+05    1.011064    6.093902e+01
0:   809    4.673518e+05    1.019182    6.210793e+01
0:   810    4.715641e+05    1.009013    6.266772e+01
0:   811    4.650836e+05    0.986257    6.180650e+01
0:   812    4.685915e+05    1.007543    6.227268e+01
0:   813    4.766801e+05    1.017261    6.334760e+01
0:   814    4.851304e+05    1.017728    6.447059e+01
0:   815    4.988604e+05    1.028302    6.629522e+01
0:   816    5.045247e+05    1.011354    6.704796e+01
0:   817    5.116705e+05    1.014164    6.799759e+01
0:   818    5.314751e+05    1.038706    7.062949e+01
0:   819    5.432451e+05    1.022146    7.219365e+01
0:   820    5.492683e+05    1.011087    7.299409e+01
0:   821    5.516916e+05    1.004412    7.331613e+01
0:   822    5.427568e+05    0.983805    7.212875e+01
0:   823    5.431799e+05    1.000780    7.218499e+01
0:   824    5.491227e+05    1.010941    7.297474e+01
0:   825    5.485466e+05    0.998951    7.289818e+01
0:   826    5.527409e+05    1.007646    7.345558e+01
0:   827    5.549710e+05    1.004035    7.375194e+01
0:   828    5.499367e+05    0.990929    7.308292e+01
0:   829    5.595798e+05    1.017535    7.436442e+01
0:   830    5.696774e+05    1.018045    7.570632e+01
0:   831    5.700112e+05    1.000586    7.575068e+01
0:   832    5.705140e+05    1.000882    7.581750e+01
0:   833    5.670124e+05    0.993862    7.535216e+01
0:   834    5.577438e+05    0.983654    7.412043e+01
0:   835    5.614808e+05    1.006700    7.461705e+01
0:   836    5.739348e+05    1.022181    7.627210e+01
0:   837    5.782298e+05    1.007483    7.684288e+01
0:   838    5.876578e+05    1.016305    7.809580e+01
0:   839    5.916049e+05    1.006717    7.862034e+01
0:   840    6.019306e+05    1.017454    7.999256e+01
0:   841    6.208202e+05    1.031382    8.250286e+01
0:   842    6.367966e+05    1.025734    8.462602e+01
0:   843    6.365647e+05    0.999636    8.459520e+01
0:   844    6.383184e+05    1.002755    8.482826e+01
0:   845    6.358655e+05    0.996157    8.450228e+01
0:   846    6.288159e+05    0.988913    8.356544e+01
0:   847    6.366787e+05    1.012504    8.461035e+01
0:   848    6.425563e+05    1.009232    8.539144e+01
0:   849    6.413638e+05    0.998144    8.523297e+01
0:   850    6.411326e+05    0.999640    8.520225e+01
0:   851    6.441579e+05    1.004719    8.560429e+01
0:   852    6.417722e+05    0.996296    8.528724e+01
0:   853    6.439980e+05    1.003468    8.558304e+01
0:   854    6.458799e+05    1.002922    8.583312e+01
0:   855    6.437519e+05    0.996705    8.555034e+01
0:   856    6.293749e+05    0.977667    8.363972e+01
0:   857    6.148597e+05    0.976937    8.171075e+01
0:   858    6.082913e+05    0.989317    8.083785e+01
0:   859    5.951002e+05    0.978315    7.908485e+01
0:   860    5.936695e+05    0.997596    7.889471e+01
0:   861    6.011460e+05    1.012594    7.988829e+01
0:   862    5.914347e+05    0.983845    7.859772e+01
0:   863    5.872235e+05    0.992880    7.803809e+01
0:   864    5.893736e+05    1.003661    7.832382e+01
0:   865    5.905675e+05    1.002026    7.848248e+01
0:   866    5.956934e+05    1.008680    7.916368e+01
0:   867    5.968309e+05    1.001910    7.931484e+01
0:   868    6.016161e+05    1.008018    7.995076e+01
0:   869    5.861742e+05    0.974333    7.789863e+01
0:   870    5.800440e+05    0.989542    7.708397e+01
0:   871    5.831886e+05    1.005421    7.750187e+01
0:   872    5.811259e+05    0.996463    7.722775e+01
0:   873    5.818518e+05    1.001249    7.732422e+01
0:   874    5.810222e+05    0.998574    7.721397e+01
0:   875    5.835229e+05    1.004304    7.754630e+01
0:   876    5.727845e+05    0.981597    7.611923e+01
0:   877    5.750287e+05    1.003918    7.641748e+01
0:   878    5.800065e+05    1.008657    7.707899e+01
0:   879    5.812087e+05    1.002073    7.723876e+01
0:   880    5.734205e+05    0.986600    7.620376e+01
0:   881    5.683663e+05    0.991186    7.553209e+01
0:   882    5.570881e+05    0.980157    7.403329e+01
0:   883    5.398582e+05    0.969071    7.174355e+01
0:   884    5.270919e+05    0.976353    7.004700e+01
0:   885    5.249053e+05    0.995851    6.975641e+01
0:   886    5.181377e+05    0.987107    6.885704e+01
0:   887    5.094611e+05    0.983254    6.770398e+01
0:   888    5.026006e+05    0.986534    6.679226e+01
0:   889    5.010300e+05    0.996875    6.658355e+01
0:   890    4.935042e+05    0.984979    6.558342e+01
0:   891    4.915101e+05    0.995959    6.531841e+01
0:   892    4.943363e+05    1.005750    6.569399e+01
0:   893    4.968838e+05    1.005153    6.603254e+01
0:   894    4.851178e+05    0.976320    6.446891e+01
0:   895    4.746459e+05    0.978414    6.307727e+01
0:   896    4.663789e+05    0.982583    6.197864e+01
0:   897    4.614816e+05    0.989499    6.132783e+01
0:   898    4.542244e+05    0.984274    6.036339e+01
0:   899    4.561250e+05    1.004184    6.061596e+01
0:   900    4.606467e+05    1.009913    6.121687e+01
0:   901    4.628517e+05    1.004787    6.150991e+01
0:   902    4.600126e+05    0.993866    6.113260e+01
0:   903    4.631534e+05    1.006828    6.154999e+01
0:   904    4.681472e+05    1.010782    6.221364e+01
0:   905    4.714520e+05    1.007059    6.265283e+01
0:   906    4.720024e+05    1.001167    6.272597e+01
0:   907    4.760821e+05    1.008643    6.326814e+01
0:   908    4.766207e+05    1.001131    6.333971e+01
0:   909    4.708502e+05    0.987893    6.257285e+01
0:   910    4.581934e+05    0.973119    6.089085e+01
0:   911    4.585487e+05    1.000775    6.093806e+01
0:   912    4.568491e+05    0.996293    6.071219e+01
0:   913    4.594377e+05    1.005666    6.105620e+01
0:   914    4.571241e+05    0.994964    6.074874e+01
0:   915    4.642163e+05    1.015515    6.169124e+01
0:   916    4.622271e+05    0.995715    6.142690e+01
0:   917    4.590455e+05    0.993117    6.100408e+01
0:   918    4.500323e+05    0.980365    5.980628e+01
0:   919    4.512170e+05    1.002633    5.996372e+01
0:   920    4.574050e+05    1.013714    6.078608e+01
0:   921    4.522582e+05    0.988748    6.010209e+01
0:   922    4.498126e+05    0.994593    5.977709e+01
0:   923    4.438025e+05    0.986639    5.897838e+01
0:   924    4.418718e+05    0.995650    5.872181e+01
0:   925    4.308613e+05    0.975082    5.725859e+01
0:   926    4.289792e+05    0.995632    5.700847e+01
0:   927    4.302759e+05    1.003023    5.718079e+01
0:   928    4.384964e+05    1.019105    5.827324e+01
0:   929    4.452071e+05    1.015304    5.916505e+01
0:   930    4.423308e+05    0.993539    5.878280e+01
0:   931    4.469395e+05    1.010419    5.939528e+01
0:   932    4.519134e+05    1.011129    6.005627e+01
0:   933    4.582713e+05    1.014069    6.090119e+01
0:   934    4.614554e+05    1.006948    6.132434e+01
0:   935    4.710469e+05    1.020785    6.259898e+01
0:   936    4.835968e+05    1.026643    6.426679e+01
0:   937    4.888813e+05    1.010927    6.496906e+01
0:   938    4.904113e+05    1.003130    6.517239e+01
0:   939    4.865411e+05    0.992108    6.465806e+01
0:   940    4.905803e+05    1.008302    6.519485e+01
0:   941    4.981408e+05    1.015411    6.619958e+01
0:   942    5.024394e+05    1.008629    6.677084e+01
0:   943    5.090180e+05    1.013093    6.764510e+01
0:   944    5.126845e+05    1.007203    6.813235e+01
0:   945    5.247718e+05    1.023576    6.973867e+01
0:   946    5.280689e+05    1.006283    7.017684e+01
0:   947    5.249194e+05    0.994036    6.975829e+01
0:   948    5.332750e+05    1.015918    7.086868e+01
0:   949    5.358534e+05    1.004835    7.121134e+01
0:   950    5.462985e+05    1.019492    7.259942e+01
0:   951    5.468153e+05    1.000946    7.266811e+01
0:   952    5.432506e+05    0.993481    7.219438e+01
0:   953    5.453562e+05    1.003876    7.247420e+01
0:   954    5.405634e+05    0.991212    7.183726e+01
0:   955    5.407746e+05    1.000391    7.186534e+01
0:   956    5.321408e+05    0.984034    7.071797e+01
0:   957    5.250411e+05    0.986658    6.977445e+01
0:   958    5.312727e+05    1.011869    7.060259e+01
0:   959    5.386848e+05    1.013952    7.158761e+01
0:   960    5.419828e+05    1.006122    7.202589e+01
0:   961    5.461007e+05    1.007598    7.257314e+01
0:   962    5.518662e+05    1.010558    7.333933e+01
0:   963    5.631222e+05    1.020396    7.483519e+01
0:   964    5.647365e+05    1.002867    7.504970e+01
0:   965    5.597029e+05    0.991087    7.438078e+01
0:   966    5.697245e+05    1.017905    7.571258e+01
0:   967    5.767632e+05    1.012355    7.664798e+01
0:   968    5.884065e+05    1.020187    7.819530e+01
0:   969    5.920625e+05    1.006213    7.868115e+01
0:   970    5.864412e+05    0.990506    7.793411e+01
0:   971    5.912403e+05    1.008184    7.857189e+01
0:   972    5.895882e+05    0.997206    7.835233e+01
0:   973    5.875731e+05    0.996582    7.808454e+01
0:   974    5.957247e+05    1.013873    7.916783e+01
0:   975    6.052693e+05    1.016022    8.043625e+01
0:   976    6.172607e+05    1.019812    8.202982e+01
0:   977    6.371768e+05    1.032265    8.467654e+01
0:   978    6.463711e+05    1.014430    8.589841e+01
0:   979    6.510966e+05    1.007311    8.652639e+01
0:   980    6.468948e+05    0.993547    8.596799e+01
0:   981    6.438894e+05    0.995354    8.556860e+01
0:   982    6.577362e+05    1.021505    8.740875e+01
0:   983    6.628073e+05    1.007710    8.808267e+01
0:   984    6.605341e+05    0.996570    8.778058e+01
0:   985    6.640833e+05    1.005373    8.825223e+01
0:   986    6.621822e+05    0.997137    8.799960e+01
0:   987    6.578699e+05    0.993488    8.742652e+01
0:   988    6.586827e+05    1.001235    8.753453e+01
0:   989    6.375190e+05    0.967870    8.472202e+01
0:   990    6.274558e+05    0.984215    8.338469e+01
0:   991    6.379043e+05    1.016652    8.477322e+01
0:   992    6.434874e+05    1.008752    8.551518e+01
0:   993    6.466077e+05    1.004849    8.592984e+01
0:   994    6.491600e+05    1.003947    8.626903e+01
0:   995    6.420228e+05    0.989006    8.532055e+01
0:   996    6.418422e+05    0.999719    8.529655e+01
0:   997    6.484140e+05    1.010239    8.616989e+01
0:   998    6.336717e+05    0.977264    8.421074e+01
0:   999    6.302673e+05    0.994627    8.375832e+01
0:  1000    6.301495e+05    0.999813    8.374266e+01
0: 
0: 
0: =============================================
0: Solve phase times:
0: =============================================
0: PCG Solve:
0:   wall clock time = 144.080157 seconds
0:   wall MFLOPS     = 0.000000
0:   cpu clock time  = 144.076314 seconds
0:   cpu MFLOPS      = 0.000000
0: 
0: 
0: Iterations = 1000
0: Final Relative Residual Norm = 8.374266e+01
0: 
0: Running high radix test
0: 16 Processes Per GPU, 4 GPUs Per Node
0: Global matrix size: 96 x 96 x 96
0: 5pt 2D Laplacian
0: =============================================
0: Hypre init times:
0: =============================================
0: Hypre init:
0:   wall clock time = 0.000002 seconds
0:   wall MFLOPS     = 0.000000
0:   cpu clock time  = 0.000002 seconds
0:   cpu MFLOPS      = 0.000000
0: 
0: 
0: Using HYPRE_DEVELOP_STRING: v3.1.0-3-g13083b05c (branch v3.1.0_highradixallreduce; not the develop branch)
0: 
0: Running with these driver parameters:
0:   solver ID    = 2
0: 
0:   Laplacian:   num_fun = 1
0:     (nx, ny, nz) = (96, 96, 96)
0:     (Px, Py, Pz) = (4, 4, 4)
0:     (cx, cy, cz) = (1.000000, 1.000000, 1.000000)
0: 
0: =============================================
0: Generate Matrix:
0: =============================================
0: Spatial Operator:
0:   wall clock time = 0.009052 seconds
0:   wall MFLOPS     = 0.000000
0:   cpu clock time  = 0.008474 seconds
0:   cpu MFLOPS      = 0.000000
0: 
0:   Number of vector components: 1
0:   RHS vector has unit coefficients
0:   Initial guess is 0
0: =============================================
0: IJ Vector Setup:
0: =============================================
0: RHS and Initial Guess:
0:   wall clock time = 0.003689 seconds
0:   wall MFLOPS     = 0.000000
0:   cpu clock time  = 0.003170 seconds
0:   cpu MFLOPS      = 0.000000
0: 
0: Solver: DS-PCG
0: HYPRE_ParCSRPCGGetPrecond got good precond
0: =============================================
0: Setup phase times:
0: =============================================
0: PCG Setup:
0:   wall clock time = 0.003437 seconds
0:   wall MFLOPS     = 0.000000
0:   cpu clock time  = 0.002631 seconds
0:   cpu MFLOPS      = 0.000000
0: 
0: <b,b>: 8.847360e+05
0: 
0: 
0: Iters       ||r||_2     conv.rate  ||r||_2/||b||_2
0: -----    ------------   ---------  ------------ 
0:     1    3.723018e+03    3.958114    3.958114e+00
0:     2    3.641891e+03    0.978209    3.871864e+00
0:     3    3.850311e+03    1.057229    4.093446e+00
0:     4    4.117955e+03    1.069512    4.377990e+00
0:     5    3.840020e+03    0.932507    4.082505e+00
0:     6    4.202759e+03    1.094463    4.468149e+00
0:     7    4.062311e+03    0.966582    4.318832e+00
0:     8    3.900032e+03    0.960052    4.146305e+00
0:     9    3.956381e+03    1.014449    4.206213e+00
0:    10    3.760834e+03    0.950574    3.998317e+00
0:    11    3.759891e+03    0.999749    3.997315e+00
0:    12    3.638539e+03    0.967725    3.868301e+00
0:    13    3.562712e+03    0.979160    3.787685e+00
0:    14    3.501465e+03    0.982809    3.722571e+00
0:    15    3.386752e+03    0.967238    3.600614e+00
0:    16    3.348733e+03    0.988774    3.560194e+00
0:    17    3.236154e+03    0.966382    3.440506e+00
0:    18    3.176363e+03    0.981524    3.376939e+00
0:    19    3.102997e+03    0.976903    3.298941e+00
0:    20    3.007710e+03    0.969292    3.197636e+00
0:    21    2.962668e+03    0.985025    3.149751e+00
0:    22    2.862976e+03    0.966350    3.043763e+00
0:    23    2.804851e+03    0.979698    2.981968e+00
0:    24    2.736113e+03    0.975493    2.908890e+00
0:    25    2.650082e+03    0.968557    2.817425e+00
0:    26    2.603367e+03    0.982372    2.767761e+00
0:    27    2.516159e+03    0.966502    2.675046e+00
0:    28    2.457878e+03    0.976837    2.613085e+00
0:    29    2.395995e+03    0.974823    2.547294e+00
0:    30    2.317234e+03    0.967128    2.463559e+00
0:    31    2.270327e+03    0.979757    2.413690e+00
0:    32    2.194172e+03    0.966456    2.332726e+00
0:    33    2.136390e+03    0.973666    2.271295e+00
0:    34    2.080745e+03    0.973954    2.212137e+00
0:    35    2.008841e+03    0.965443    2.135692e+00
0:    36    1.962398e+03    0.976881    2.086316e+00
0:    37    1.895738e+03    0.966032    2.015448e+00
0:    38    1.839469e+03    0.970318    1.955626e+00
0:    39    1.788997e+03    0.972561    1.901966e+00
0:    40    1.723750e+03    0.963529    1.832599e+00
0:    41    1.678226e+03    0.973590    1.784200e+00
0:    42    1.619604e+03    0.965069    1.721877e+00
0:    43    1.565728e+03    0.966735    1.664598e+00
0:    44    1.519459e+03    0.970449    1.615407e+00
0:    45    1.460584e+03    0.961253    1.552815e+00
0:    46    1.416369e+03    0.969728    1.505808e+00
0:    47    1.364481e+03    0.963365    1.450643e+00
0:    48    1.313633e+03    0.962735    1.396585e+00
0:    49    1.270804e+03    0.967396    1.351051e+00
0:    50    1.217883e+03    0.958356    1.294788e+00
0:    51    1.175321e+03    0.965052    1.249538e+00
0:    52    1.129019e+03    0.960605    1.200313e+00
0:    53    1.081589e+03    0.957990    1.149887e+00
0:    54    1.041630e+03    0.963055    1.107405e+00
0:    55    9.941272e+02    0.954396    1.056903e+00
0:    56    9.534946e+02    0.959127    1.013704e+00
0:    57    9.117820e+02    0.956253    9.693580e-01
0:    58    8.679254e+02    0.951900    9.227319e-01
0:    59    8.304142e+02    0.956781    8.828520e-01
0:    60    7.877059e+02    0.948570    8.374469e-01
0:    61    7.491893e+02    0.951103    7.964981e-01
0:    62    7.111947e+02    0.949286    7.561043e-01
0:    63    6.708568e+02    0.943281    7.132191e-01
0:    64    6.354607e+02    0.947238    6.755879e-01
0:    65    5.968542e+02    0.939246    6.345435e-01
0:    66    5.605192e+02    0.939123    5.959141e-01
0:    67    5.254647e+02    0.937461    5.586460e-01
0:    68    4.883924e+02    0.929449    5.192327e-01
0:    69    4.548054e+02    0.931229    4.835248e-01
0:    70    4.195419e+02    0.922465    4.460345e-01
0:    71    3.852971e+02    0.918376    4.096273e-01
0:    72    3.524487e+02    0.914745    3.747047e-01
0:    73    3.181953e+02    0.902813    3.382882e-01
0:    74    2.861010e+02    0.899137    3.041673e-01
0:    75    2.534734e+02    0.885958    2.694794e-01
0:    76    2.214581e+02    0.873694    2.354424e-01
0:    77    1.912494e+02    0.863592    2.033261e-01
0:    78    1.619715e+02    0.846913    1.721995e-01
0:    79    1.368364e+02    0.844818    1.454772e-01
0:    80    1.168025e+02    0.853592    1.241782e-01
0:    81    1.041557e+02    0.891724    1.107328e-01
0:    82    1.015523e+02    0.975005    1.079650e-01
0:    83    1.092698e+02    1.075995    1.161698e-01
0:    84    1.262941e+02    1.155801    1.342691e-01
0:    85    1.421451e+02    1.125509    1.511211e-01
0:    86    1.383626e+02    0.973390    1.470997e-01
0:    87    1.136785e+02    0.821599    1.208570e-01
0:    88    8.699725e+01    0.765292    9.249083e-02
0:    89    7.384927e+01    0.848869    7.851260e-02
0:    90    7.537364e+01    1.020642    8.013323e-02
0:    91    8.200584e+01    1.087991    8.718423e-02
0:    92    7.784905e+01    0.949311    8.276496e-02
0:    93    6.277667e+01    0.806390    6.674080e-02
0:    94    5.300370e+01    0.844322    5.635071e-02
0:    95    5.342317e+01    1.007914    5.679666e-02
0:    96    5.543379e+01    1.037636    5.893425e-02
0:    97    4.887694e+01    0.881717    5.196335e-02
0:    98    4.008458e+01    0.820112    4.261579e-02
0:    99    3.784648e+01    0.944166    4.023636e-02
0:   100    3.922555e+01    1.036438    4.170251e-02
0:   101    3.543754e+01    0.903430    3.767530e-02
0:   102    2.946910e+01    0.831579    3.132997e-02
0:   103    2.791008e+01    0.947097    2.967251e-02
0:   104    2.839310e+01    1.017306    3.018603e-02
0:   105    2.531330e+01    0.891530    2.691175e-02
0:   106    2.159785e+01    0.853221    2.296168e-02
0:   107    2.123016e+01    0.982976    2.257077e-02
0:   108    2.104353e+01    0.991209    2.237236e-02
0:   109    1.817917e+01    0.863884    1.932712e-02
0:   110    1.649739e+01    0.907489    1.753914e-02
0:   111    1.672800e+01    1.013979    1.778432e-02
0:   112    1.553065e+01    0.928422    1.651136e-02
0:   113    1.346790e+01    0.867182    1.431835e-02
0:   114    1.303186e+01    0.967624    1.385477e-02
0:   115    1.263797e+01    0.969775    1.343601e-02
0:   116    1.078572e+01    0.853438    1.146680e-02
0:   117    9.706716e+00    0.899960    1.031966e-02
0:   118    9.438121e+00    0.972329    1.003411e-02
0:   119    8.296925e+00    0.879087    8.820847e-03
0:   120    7.318309e+00    0.882051    7.780435e-03
0:   121    7.130021e+00    0.974272    7.580257e-03
0:   122    6.451818e+00    0.904881    6.859228e-03
0:   123    5.545496e+00    0.859525    5.895675e-03
0:   124    5.274430e+00    0.951120    5.607493e-03
0:   125    4.892329e+00    0.927556    5.201263e-03
0:   126    4.172311e+00    0.852827    4.435778e-03
0:   127    3.871299e+00    0.927855    4.115759e-03
0:   128    3.627201e+00    0.936947    3.856246e-03
0:   129    3.091729e+00    0.852373    3.286961e-03
0:   130    2.811418e+00    0.909335    2.988950e-03
0:   131    2.631175e+00    0.935889    2.797324e-03
0:   132    2.250309e+00    0.855249    2.392409e-03
0:   133    2.008369e+00    0.892486    2.135191e-03
0:   134    1.869640e+00    0.930924    1.987701e-03
0:   135    1.602831e+00    0.857294    1.704044e-03
0:   136    1.403128e+00    0.875406    1.491730e-03
0:   137    1.304537e+00    0.929735    1.386914e-03
0:   138    1.107799e+00    0.849189    1.177752e-03
0:   139    9.614465e-01    0.867889    1.022159e-03
0:   140    8.892647e-01    0.924924    9.454188e-04
0:   141    7.423403e-01    0.834780    7.892165e-04
0:   142    6.509970e-01    0.876952    6.921052e-04
0:   143    5.848435e-01    0.898381    6.217744e-04
0:   144    4.942046e-01    0.845020    5.254119e-04
0:   145    4.282612e-01    0.866567    4.553044e-04
0:   146    3.765543e-01    0.879263    4.003324e-04
0:   147    3.220319e-01    0.855207    3.423671e-04
0:   148    2.716921e-01    0.843681    2.888485e-04
0:   149    2.480602e-01    0.913020    2.637244e-04
0:   150    2.054361e-01    0.828170    2.184087e-04
0:   151    1.800065e-01    0.876216    1.913733e-04
0:   152    1.634801e-01    0.908190    1.738033e-04
0:   153    1.381270e-01    0.844916    1.468492e-04
0:   154    1.255065e-01    0.908631    1.334318e-04
0:   155    1.143597e-01    0.911186    1.215811e-04
0:   156    1.007549e-01    0.881035    1.071172e-04
0:   157    9.256873e-02    0.918752    9.841413e-05
0:   158    8.584936e-02    0.927412    9.127045e-05
0:   159    7.480893e-02    0.871398    7.953286e-05
0:   160    6.890598e-02    0.921093    7.325716e-05
0:   161    6.054383e-02    0.878644    6.436697e-05
0:   162    5.189863e-02    0.857208    5.517585e-05
0:   163    4.531257e-02    0.873098    4.817391e-05
0:   164    3.964877e-02    0.875006    4.215246e-05
0:   165    3.374020e-02    0.850977    3.587078e-05
0:   166    3.172173e-02    0.940176    3.372485e-05
0:   167    2.932665e-02    0.924497    3.117853e-05
0:   168    2.791712e-02    0.951937    2.967999e-05
0:   169    2.743557e-02    0.982751    2.916803e-05
0:   170    2.520424e-02    0.918670    2.679580e-05
0:   171    2.206489e-02    0.875443    2.345821e-05
0:   172    1.956405e-02    0.886660    2.079945e-05
0:   173    1.604216e-02    0.819982    1.705517e-05
0:   174    1.429091e-02    0.890834    1.519333e-05
0:   175    1.314863e-02    0.920070    1.397892e-05
0:   176    1.178478e-02    0.896275    1.252895e-05
0:   177    1.074748e-02    0.911980    1.142615e-05
0:   178    9.211241e-03    0.857060    9.792899e-06
0:   179    7.596846e-03    0.824736    8.076560e-06
0:   180    6.804212e-03    0.895663    7.233875e-06
0:   181    6.164117e-03    0.905927    6.553360e-06
0:   182    5.639285e-03    0.914857    5.995387e-06
0:   183    5.114460e-03    0.906934    5.437421e-06
0:   184    4.186313e-03    0.818525    4.450665e-06
0:   185    3.503492e-03    0.836892    3.724725e-06
0:   186    3.054174e-03    0.871752    3.247035e-06
0:   187    2.661778e-03    0.871521    2.829860e-06
0:   188    2.311129e-03    0.868265    2.457069e-06
0:   189    1.982597e-03    0.857848    2.107792e-06
0:   190    1.663301e-03    0.838951    1.768333e-06
0:   191    1.521984e-03    0.915038    1.618092e-06
0:   192    1.353868e-03    0.889542    1.439360e-06
0:   193    1.135713e-03    0.838866    1.207430e-06
0:   194    9.593705e-04    0.844729    1.019951e-06
0:   195    8.212222e-04    0.856001    8.730796e-07
0:   196    7.264694e-04    0.884620    7.723435e-07
0:   197    6.368678e-04    0.876662    6.770838e-07
0:   198    5.144554e-04    0.807790    5.469415e-07
0:   199    4.297288e-04    0.835308    4.568647e-07
0:   200    3.882987e-04    0.903590    4.128184e-07
0:   201    3.343595e-04    0.861088    3.554732e-07
0:   202    2.888591e-04    0.863918    3.070995e-07
0:   203    2.429347e-04    0.841015    2.582752e-07
0:   204    2.111054e-04    0.868980    2.244359e-07
0:   205    1.901994e-04    0.900969    2.022098e-07
0:   206    1.589140e-04    0.835513    1.689489e-07
0:   207    1.352660e-04    0.851190    1.438076e-07
0:   208    1.240352e-04    0.916972    1.318676e-07
0:   209    1.105310e-04    0.891126    1.175107e-07
0:   210    9.713351e-05    0.878790    1.032672e-07
0:   211    8.715176e-05    0.897237    9.265509e-08
0:   212    7.993466e-05    0.917189    8.498226e-08
0:   213    7.717406e-05    0.965464    8.204734e-08
0:   214    7.033081e-05    0.911327    7.477196e-08
0:   215    6.604777e-05    0.939102    7.021846e-08
0:   216    6.551493e-05    0.991932    6.965197e-08
0:   217    6.124072e-05    0.934760    6.510786e-08
0:   218    5.782964e-05    0.944301    6.148139e-08
0:   219    5.571427e-05    0.963421    5.923244e-08
0:   220    5.259530e-05    0.944018    5.591651e-08
0:   221    4.861783e-05    0.924376    5.168788e-08
0:   222    4.461840e-05    0.917737    4.743590e-08
0:   223    4.142215e-05    0.928365    4.403782e-08
0:   224    3.821546e-05    0.922585    4.062863e-08
0:   225    3.370880e-05    0.882072    3.583739e-08
0:   226    3.115843e-05    0.924341    3.312597e-08
0:   227    2.952636e-05    0.947620    3.139085e-08
0:   228    2.640798e-05    0.894387    2.807556e-08
0:   229    2.489593e-05    0.942743    2.646802e-08
0:   230    2.393949e-05    0.961583    2.545119e-08
0:   231    2.226583e-05    0.930088    2.367184e-08
0:   232    2.062146e-05    0.926148    2.192363e-08
0:   233    1.910434e-05    0.926430    2.031071e-08
0:   234    1.757017e-05    0.919695    1.867967e-08
0:   235    1.544162e-05    0.878854    1.641670e-08
0:   236    1.347399e-05    0.872577    1.432483e-08
0:   237    1.190909e-05    0.883858    1.266111e-08
0:   238    9.954483e-06    0.835872    1.058307e-08
0:   239    8.080462e-06    0.811741    8.590716e-09
0: 
0: 
0: =============================================
0: Solve phase times:
0: =============================================
0: PCG Solve:
0:   wall clock time = 0.057784 seconds
0:   wall MFLOPS     = 0.000000
0:   cpu clock time  = 0.057762 seconds
0:   cpu MFLOPS      = 0.000000
0: 
0: 
0: Iterations = 239
0: Final Relative Residual Norm = 8.590716e-09
0: 
0: 27pt 3D Laplacian
0: =============================================
0: Hypre init times:
0: =============================================
0: Hypre init:
0:   wall clock time = 0.000002 seconds
0:   wall MFLOPS     = 0.000000
0:   cpu clock time  = 0.000002 seconds
0:   cpu MFLOPS      = 0.000000
0: 
0: 
0: Using HYPRE_DEVELOP_STRING: v3.1.0-3-g13083b05c (branch v3.1.0_highradixallreduce; not the develop branch)
0: 
0: Running with these driver parameters:
0:   solver ID    = 2
0: 
0:   Laplacian_27pt:
0:     (nx, ny, nz) = (96, 96, 96)
0:     (Px, Py, Pz) = (4, 4, 4)
0: 
0: =============================================
0: Generate Matrix:
0: =============================================
0: Spatial Operator:
0:   wall clock time = 0.004680 seconds
0:   wall MFLOPS     = 0.000000
0:   cpu clock time  = 0.004680 seconds
0:   cpu MFLOPS      = 0.000000
0: 
0:   Number of vector components: 1
0:   RHS vector has unit coefficients
0:   Initial guess is 0
0: =============================================
0: IJ Vector Setup:
0: =============================================
0: RHS and Initial Guess:
0:   wall clock time = 0.002465 seconds
0:   wall MFLOPS     = 0.000000
0:   cpu clock time  = 0.002414 seconds
0:   cpu MFLOPS      = 0.000000
0: 
0: Solver: DS-PCG
0: HYPRE_ParCSRPCGGetPrecond got good precond
0: =============================================
0: Setup phase times:
0: =============================================
0: PCG Setup:
0:   wall clock time = 0.000344 seconds
0:   wall MFLOPS     = 0.000000
0:   cpu clock time  = 0.000344 seconds
0:   cpu MFLOPS      = 0.000000
0: 
0: <b,b>: 8.847360e+05
0: 
0: 
0: Iters       ||r||_2     conv.rate  ||r||_2/||b||_2
0: -----    ------------   ---------  ------------ 
0:     1    3.701354e+03    3.935081    3.935081e+00
0:     2    3.570001e+03    0.964512    3.795434e+00
0:     3    3.443303e+03    0.964510    3.660736e+00
0:     4    3.317570e+03    0.963485    3.527064e+00
0:     5    3.194249e+03    0.962828    3.395955e+00
0:     6    3.074922e+03    0.962643    3.269093e+00
0:     7    2.958088e+03    0.962004    3.144881e+00
0:     8    2.843652e+03    0.961314    3.023219e+00
0:     9    2.732583e+03    0.960941    2.905137e+00
0:    10    2.624119e+03    0.960307    2.789823e+00
0:    11    2.518041e+03    0.959576    2.677046e+00
0:    12    2.414973e+03    0.959068    2.567470e+00
0:    13    2.314443e+03    0.958372    2.460592e+00
0:    14    2.216246e+03    0.957572    2.356195e+00
0:    15    2.120803e+03    0.956935    2.254725e+00
0:    16    2.027790e+03    0.956142    2.155838e+00
0:    17    1.937030e+03    0.955242    2.059347e+00
0:    18    1.848814e+03    0.954458    1.965560e+00
0:    19    1.762905e+03    0.953533    1.874226e+00
0:    20    1.679154e+03    0.952493    1.785187e+00
0:    21    1.597764e+03    0.951529    1.698657e+00
0:    22    1.518553e+03    0.950424    1.614444e+00
0:    23    1.441393e+03    0.949189    1.532412e+00
0:    24    1.366426e+03    0.947990    1.452711e+00
0:    25    1.293506e+03    0.946635    1.375187e+00
0:    26    1.222524e+03    0.945124    1.299723e+00
0:    27    1.153574e+03    0.943600    1.226418e+00
0:    28    1.086535e+03    0.941886    1.155146e+00
0:    29    1.021312e+03    0.939972    1.085805e+00
0:    30    9.579621e+02    0.937972    1.018454e+00
0:    31    8.963828e+02    0.935718    9.529863e-01
0:    32    8.364874e+02    0.933181    8.893087e-01
0:    33    7.783034e+02    0.930442    8.274506e-01
0:    34    7.217395e+02    0.927324    7.673149e-01
0:    35    6.667142e+02    0.923760    7.088149e-01
0:    36    6.132289e+02    0.919778    6.519522e-01
0:    37    5.611973e+02    0.915151    5.966350e-01
0:    38    5.105381e+02    0.909730    5.427769e-01
0:    39    4.612276e+02    0.903415    4.903526e-01
0:    40    4.131773e+02    0.895821    4.392680e-01
0:    41    3.662989e+02    0.886542    3.894294e-01
0:    42    3.205389e+02    0.875075    3.407798e-01
0:    43    2.757942e+02    0.860408    2.932097e-01
0:    44    2.319532e+02    0.841037    2.466002e-01
0:    45    1.889093e+02    0.814429    2.008383e-01
0:    46    1.464937e+02    0.775471    1.557443e-01
0:    47    1.044472e+02    0.712981    1.110427e-01
0:    48    6.215837e+01    0.595118    6.608346e-02
0:    49    1.233009e+02    1.983657    1.310869e-01
0:    50    9.213651e+01    0.747249    9.795462e-02
0:    51    7.842666e+01    0.851201    8.337904e-02
0:    52    7.144074e+01    0.910924    7.595198e-02
0:    53    6.235456e+01    0.872815    6.629203e-02
0:    54    5.388969e+01    0.864246    5.729264e-02
0:    55    4.807195e+01    0.892044    5.110753e-02
0:    56    4.194275e+01    0.872499    4.459129e-02
0:    57    3.622362e+01    0.863644    3.851102e-02
0:    58    3.193010e+01    0.881472    3.394637e-02
0:    59    2.777694e+01    0.869930    2.953096e-02
0:    60    2.401155e+01    0.864442    2.552780e-02
0:    61    2.112468e+01    0.879771    2.245863e-02
0:    62    1.847707e+01    0.874668    1.964384e-02
0:    63    1.614702e+01    0.873895    1.716665e-02
0:    64    1.436208e+01    0.889457    1.526900e-02
0:    65    1.274420e+01    0.887350    1.354895e-02
0:    66    1.126961e+01    0.884293    1.198125e-02
0:    67    1.000309e+01    0.887616    1.063475e-02
0:    68    8.694590e+00    0.869191    9.243623e-03
0:    69    7.379437e+00    0.848739    7.845423e-03
0:    70    6.259166e+00    0.848190    6.654411e-03
0:    71    5.333827e+00    0.852162    5.670639e-03
0:    72    4.563111e+00    0.855504    4.851256e-03
0:    73    3.881491e+00    0.850624    4.126594e-03
0:    74    3.254565e+00    0.838483    3.460080e-03
0:    75    2.731102e+00    0.839160    2.903562e-03
0:    76    2.286322e+00    0.837143    2.430696e-03
0:    77    1.889509e+00    0.826440    2.008825e-03
0:    78    1.556061e+00    0.823526    1.654321e-03
0:    79    1.272499e+00    0.817770    1.352853e-03
0:    80    1.032936e+00    0.811738    1.098163e-03
0:    81    8.289271e-01    0.802496    8.812710e-04
0:    82    6.616390e-01    0.798187    7.034192e-04
0:    83    5.246032e-01    0.792884    5.577301e-04
0:    84    4.097065e-01    0.780984    4.355781e-04
0:    85    3.207070e-01    0.782773    3.409586e-04
0:    86    2.489495e-01    0.776252    2.646698e-04
0:    87    1.932783e-01    0.776376    2.054832e-04
0:    88    1.516793e-01    0.784772    1.612574e-04
0:    89    1.214793e-01    0.800896    1.291503e-04
0:    90    9.943244e-02    0.818513    1.057113e-04
0:    91    8.431442e-02    0.847957    8.963858e-05
0:    92    7.236640e-02    0.858292    7.693609e-05
0:    93    6.053598e-02    0.836521    6.435862e-05
0:    94    4.740155e-02    0.783031    5.039480e-05
0:    95    3.459654e-02    0.729861    3.678119e-05
0:    96    2.740358e-02    0.792090    2.913403e-05
0:    97    2.726516e-02    0.994949    2.898686e-05
0:    98    2.235082e-02    0.819757    2.376219e-05
0:    99    1.913161e-02    0.855969    2.033971e-05
0:   100    1.609337e-02    0.841193    1.710962e-05
0:   101    1.324929e-02    0.823276    1.408593e-05
0:   102    1.069027e-02    0.806856    1.136533e-05
0:   103    8.523039e-03    0.797270    9.061240e-06
0:   104    6.804015e-03    0.798309    7.233666e-06
0:   105    5.502513e-03    0.808716    5.849978e-06
0:   106    4.492492e-03    0.816444    4.776178e-06
0:   107    3.594318e-03    0.800072    3.821287e-06
0:   108    2.774635e-03    0.771950    2.949844e-06
0:   109    2.093708e-03    0.754588    2.225918e-06
0:   110    1.619495e-03    0.773506    1.721760e-06
0:   111    1.291538e-03    0.797495    1.373095e-06
0:   112    1.013242e-03    0.784523    1.077225e-06
0:   113    7.756115e-04    0.765475    8.245887e-07
0:   114    5.972866e-04    0.770085    6.350032e-07
0:   115    4.543109e-04    0.760625    4.829991e-07
0:   116    3.407619e-04    0.750063    3.622798e-07
0:   117    2.650565e-04    0.777835    2.817939e-07
0:   118    2.064989e-04    0.779075    2.195387e-07
0:   119    1.584029e-04    0.767088    1.684055e-07
0:   120    1.234064e-04    0.779067    1.311991e-07
0:   121    9.832153e-05    0.796730    1.045302e-07
0:   122    8.105393e-05    0.824376    8.617220e-08
0:   123    6.772849e-05    0.835598    7.200532e-08
0:   124    5.956469e-05    0.879463    6.332600e-08
0:   125    5.395381e-05    0.905802    5.736081e-08
0:   126    4.932500e-05    0.914208    5.243971e-08
0:   127    4.554571e-05    0.923380    4.842177e-08
0:   128    4.072867e-05    0.894237    4.330054e-08
0:   129    3.595959e-05    0.882906    3.823032e-08
0:   130    3.081111e-05    0.856826    3.275673e-08
0:   131    2.649380e-05    0.859878    2.816679e-08
0:   132    2.291568e-05    0.864945    2.436273e-08
0:   133    2.037849e-05    0.889282    2.166533e-08
0:   134    1.855580e-05    0.910558    1.972754e-08
0:   135    1.679916e-05    0.905332    1.785997e-08
0:   136    1.443429e-05    0.859227    1.534577e-08
0:   137    1.157713e-05    0.802057    1.230818e-08
0:   138    8.686694e-06    0.750332    9.235229e-09
0: 
0: 
0: =============================================
0: Solve phase times:
0: =============================================
0: PCG Solve:
0:   wall clock time = 0.067209 seconds
0:   wall MFLOPS     = 0.000000
0:   cpu clock time  = 0.067204 seconds
0:   cpu MFLOPS      = 0.000000
0: 
0: 
0: Iterations = 138
0: Final Relative Residual Norm = 9.235229e-09
0: 
0: 125pt 3D Laplacian
0: =============================================
0: Hypre init times:
0: =============================================
0: Hypre init:
0:   wall clock time = 0.000002 seconds
0:   wall MFLOPS     = 0.000000
0:   cpu clock time  = 0.000002 seconds
0:   cpu MFLOPS      = 0.000000
0: 
0: 
0: Using HYPRE_DEVELOP_STRING: v3.1.0-3-g13083b05c (branch v3.1.0_highradixallreduce; not the develop branch)
0: 
0: Running with these driver parameters:
0:   solver ID    = 2
0: 
0:   Laplacian_125pt:
0:     (nx, ny, nz) = (96, 96, 96)
0:     (Px, Py, Pz) = (4, 4, 4)
0: 
0: =============================================
0: Generate Matrix:
0: =============================================
0: Spatial Operator:
0:   wall clock time = 0.053746 seconds
0:   wall MFLOPS     = 0.000000
0:   cpu clock time  = 0.053277 seconds
0:   cpu MFLOPS      = 0.000000
0: 
0:   Number of vector components: 1
0:   RHS vector has unit coefficients
0:   Initial guess is 0
0: =============================================
0: IJ Vector Setup:
0: =============================================
0: RHS and Initial Guess:
0:   wall clock time = 0.001482 seconds
0:   wall MFLOPS     = 0.000000
0:   cpu clock time  = 0.001434 seconds
0:   cpu MFLOPS      = 0.000000
0: 
0: Solver: DS-PCG
0: HYPRE_ParCSRPCGGetPrecond got good precond
0: =============================================
0: Setup phase times:
0: =============================================
0: PCG Setup:
0:   wall clock time = 0.000282 seconds
0:   wall MFLOPS     = 0.000000
0:   cpu clock time  = 0.000283 seconds
0:   cpu MFLOPS      = 0.000000
0: 
0: <b,b>: 8.847360e+05
0: 
0: 
0: Iters       ||r||_2     conv.rate  ||r||_2/||b||_2
0: -----    ------------   ---------  ------------ 
0:     1    8.140741e+03    8.654801    8.654801e+00
0:     2    9.342916e+03    1.147674    9.932889e+00
0:     3    1.012089e+04    1.083269    1.075999e+01
0:     4    1.071424e+04    1.058626    1.139080e+01
0:     5    1.120248e+04    1.045570    1.190988e+01
0:     6    1.160969e+04    1.036350    1.234281e+01
0:     7    1.196928e+04    1.030973    1.272510e+01
0:     8    1.228185e+04    1.026114    1.305740e+01
0:     9    1.256588e+04    1.023126    1.335937e+01
0:    10    1.282066e+04    1.020276    1.363024e+01
0:    11    1.305418e+04    1.018214    1.387851e+01
0:    12    1.326972e+04    1.016511    1.410765e+01
0:    13    1.346709e+04    1.014874    1.431749e+01
0:    14    1.365366e+04    1.013854    1.451584e+01
0:    15    1.382427e+04    1.012496    1.469722e+01
0:    16    1.398802e+04    1.011846    1.487132e+01
0:    17    1.413841e+04    1.010751    1.503120e+01
0:    18    1.428334e+04    1.010251    1.518528e+01
0:    19    1.441815e+04    1.009438    1.532860e+01
0:    20    1.454715e+04    1.008947    1.546575e+01
0:    21    1.466957e+04    1.008416    1.559591e+01
0:    22    1.478510e+04    1.007875    1.571872e+01
0:    23    1.489719e+04    1.007582    1.583790e+01
0:    24    1.500146e+04    1.006999    1.594875e+01
0:    25    1.510445e+04    1.006865    1.605824e+01
0:    26    1.519953e+04    1.006295    1.615933e+01
0:    27    1.529412e+04    1.006223    1.625989e+01
0:    28    1.538183e+04    1.005735    1.635314e+01
0:    29    1.546851e+04    1.005635    1.644529e+01
0:    30    1.555031e+04    1.005288    1.653225e+01
0:    31    1.562931e+04    1.005080    1.661625e+01
0:    32    1.569690e+04    1.004325    1.668811e+01
0:    33    1.565074e+04    0.997059    1.663903e+01
0:    34    1.518249e+04    0.970082    1.614121e+01
0:    35    1.475891e+04    0.972100    1.569088e+01
0:    36    1.815217e+04    1.229913    1.929842e+01
0:    37    1.422156e+04    0.783463    1.511960e+01
0:    38    1.684492e+04    1.184464    1.790862e+01
0:    39    1.439336e+04    0.854463    1.530225e+01
0:    40    1.869634e+04    1.298956    1.987695e+01
0:    41    1.363403e+04    0.729235    1.449498e+01
0:    42    1.762362e+04    1.292620    1.873649e+01
0:    43    1.835993e+04    1.041780    1.951929e+01
0:    44    1.397377e+04    0.761101    1.485616e+01
0:    45    1.572275e+04    1.125162    1.671558e+01
0:    46    1.938434e+04    1.232885    2.060839e+01
0:    47    1.769381e+04    0.912789    1.881111e+01
0:    48    1.420519e+04    0.802834    1.510220e+01
0:    49    1.483790e+04    1.044541    1.577486e+01
0:    50    1.817742e+04    1.225067    1.932526e+01
0:    51    1.996198e+04    1.098175    2.122251e+01
0:    52    1.778565e+04    0.890976    1.890875e+01
0:    53    1.478503e+04    0.831290    1.571865e+01
0:    54    1.425679e+04    0.964272    1.515706e+01
0:    55    1.575891e+04    1.105362    1.675403e+01
0:    56    1.875987e+04    1.190429    1.994449e+01
0:    57    2.031197e+04    1.082735    2.159460e+01
0:    58    1.946203e+04    0.958156    2.069099e+01
0:    59    1.706283e+04    0.876724    1.814029e+01
0:    60    1.494442e+04    0.875847    1.588811e+01
0:    61    1.428132e+04    0.955629    1.518314e+01
0:    62    1.480429e+04    1.036620    1.573914e+01
0:    63    1.671237e+04    1.128887    1.776770e+01
0:    64    1.875099e+04    1.121983    1.993505e+01
0:    65    2.058345e+04    1.097726    2.188322e+01
0:    66    2.084273e+04    1.012596    2.215887e+01
0:    67    1.990394e+04    0.954958    2.116080e+01
0:    68    1.795804e+04    0.902236    1.909203e+01
0:    69    1.585367e+04    0.882817    1.685477e+01
0:    70    1.477136e+04    0.931731    1.570412e+01
0:    71    1.475411e+04    0.998832    1.568579e+01
0:    72    1.430696e+04    0.969693    1.521040e+01
0:    73    1.555113e+04    1.086963    1.653313e+01
0:    74    1.687951e+04    1.085420    1.794539e+01
0:    75    1.834948e+04    1.087086    1.950819e+01
0:    76    2.001143e+04    1.090572    2.127508e+01
0:    77    2.124980e+04    1.061883    2.259165e+01
0:    78    2.069877e+04    0.974069    2.200582e+01
0:    79    2.187999e+04    1.057067    2.326164e+01
0:    80    1.924577e+04    0.879606    2.046108e+01
0:    81    1.938893e+04    1.007438    2.061327e+01
0:    82    1.743267e+04    0.899104    1.853348e+01
0:    83    1.570969e+04    0.901164    1.670170e+01
0:    84    1.570678e+04    0.999815    1.669860e+01
0:    85    1.484519e+04    0.945146    1.578261e+01
0:    86    1.396830e+04    0.940931    1.485035e+01
0:    87    1.492293e+04    1.068343    1.586526e+01
0:    88    1.548119e+04    1.037410    1.645878e+01
0:    89    1.499780e+04    0.968775    1.594486e+01
0:    90    1.631050e+04    1.087526    1.734045e+01
0:    91    1.812068e+04    1.110982    1.926493e+01
0:    92    1.907819e+04    1.052841    2.028292e+01
0:    93    1.902098e+04    0.997001    2.022209e+01
0:    94    2.053598e+04    1.079649    2.183276e+01
0:    95    2.235752e+04    1.088700    2.376933e+01
0:    96    2.260788e+04    1.011198    2.403549e+01
0:    97    2.153296e+04    0.952454    2.289269e+01
0:    98    2.079504e+04    0.965731    2.210817e+01
0:    99    2.138935e+04    1.028580    2.274002e+01
0:   100    2.124528e+04    0.993264    2.258685e+01
0:   101    2.019365e+04    0.950500    2.146881e+01
0:   102    1.843039e+04    0.912682    1.959421e+01
0:   103    1.746035e+04    0.947367    1.856291e+01
0:   104    1.700248e+04    0.973777    1.807613e+01
0:   105    1.690925e+04    0.994517    1.797701e+01
0:   106    1.680572e+04    0.993877    1.786694e+01
0:   107    1.530725e+04    0.910836    1.627386e+01
0:   108    1.427376e+04    0.932483    1.517510e+01
0:   109    1.410762e+04    0.988361    1.499847e+01
0:   110    1.419370e+04    1.006101    1.508999e+01
0:   111    1.502173e+04    1.058337    1.597030e+01
0:   112    1.512612e+04    1.006950    1.608129e+01
0:   113    1.517645e+04    1.003327    1.613479e+01
0:   114    1.494129e+04    0.984505    1.588479e+01
0:   115    1.508593e+04    1.009680    1.603856e+01
0:   116    1.545390e+04    1.024392    1.642976e+01
0:   117    1.667887e+04    1.079266    1.773208e+01
0:   118    1.841585e+04    1.104143    1.957875e+01
0:   119    1.886331e+04    1.024297    2.005446e+01
0:   120    1.976334e+04    1.047714    2.101133e+01
0:   121    1.960041e+04    0.991756    2.083811e+01
0:   122    1.971636e+04    1.005916    2.096138e+01
0:   123    2.047141e+04    1.038296    2.176411e+01
0:   124    2.002028e+04    0.977963    2.128449e+01
0:   125    2.149313e+04    1.073568    2.285035e+01
0:   126    2.277632e+04    1.059702    2.421457e+01
0:   127    2.277074e+04    0.999755    2.420863e+01
0:   128    2.366611e+04    1.039321    2.516054e+01
0:   129    2.357066e+04    0.995967    2.505907e+01
0:   130    2.229703e+04    0.945965    2.370501e+01
0:   131    2.133973e+04    0.957066    2.268726e+01
0:   132    2.146024e+04    1.005648    2.281539e+01
0:   133    2.063967e+04    0.961763    2.194300e+01
0:   134    2.038942e+04    0.987875    2.167694e+01
0:   135    2.131512e+04    1.045401    2.266109e+01
0:   136    2.177261e+04    1.021463    2.314748e+01
0:   137    2.113456e+04    0.970695    2.246914e+01
0:   138    2.024753e+04    0.958029    2.152609e+01
0:   139    2.011768e+04    0.993587    2.138804e+01
0:   140    1.902549e+04    0.945710    2.022689e+01
0:   141    1.793227e+04    0.942539    1.906464e+01
0:   142    1.690522e+04    0.942726    1.797273e+01
0:   143    1.638077e+04    0.968977    1.741516e+01
0:   144    1.654528e+04    1.010043    1.759006e+01
0:   145    1.560799e+04    0.943350    1.659358e+01
0:   146    1.509808e+04    0.967330    1.605147e+01
0:   147    1.505636e+04    0.997237    1.600712e+01
0:   148    1.566538e+04    1.040449    1.665459e+01
0:   149    1.574467e+04    1.005061    1.673889e+01
0:   150    1.567438e+04    0.995536    1.666416e+01
0:   151    1.480239e+04    0.944369    1.573711e+01
0:   152    1.498424e+04    1.012285    1.593045e+01
0:   153    1.442544e+04    0.962707    1.533636e+01
0:   154    1.468941e+04    1.018299    1.561700e+01
0:   155    1.377193e+04    0.937541    1.464158e+01
0:   156    1.334329e+04    0.968876    1.418588e+01
0:   157    1.294690e+04    0.970293    1.376445e+01
0:   158    1.330198e+04    1.027426    1.414195e+01
0:   159    1.442960e+04    1.084771    1.534078e+01
0:   160    1.457963e+04    1.010398    1.550029e+01
0:   161    1.487589e+04    1.020320    1.581525e+01
0:   162    1.492586e+04    1.003359    1.586838e+01
0:   163    1.588956e+04    1.064566    1.689293e+01
0:   164    1.687078e+04    1.061752    1.793611e+01
0:   165    1.698149e+04    1.006562    1.805381e+01
0:   166    1.728312e+04    1.017762    1.837449e+01
0:   167    1.759574e+04    1.018088    1.870685e+01
0:   168    1.725716e+04    0.980758    1.834689e+01
0:   169    1.682814e+04    0.975140    1.789078e+01
0:   170    1.718380e+04    1.021135    1.826890e+01
0:   171    1.669809e+04    0.971735    1.775252e+01
0:   172    1.731198e+04    1.036764    1.840517e+01
0:   173    1.821398e+04    1.052103    1.936413e+01
0:   174    1.831265e+04    1.005417    1.946903e+01
0:   175    1.790695e+04    0.977846    1.903771e+01
0:   176    1.811384e+04    1.011554    1.925767e+01
0:   177    1.914400e+04    1.056871    2.035288e+01
0:   178    1.936628e+04    1.011611    2.058919e+01
0:   179    2.093683e+04    1.081097    2.225891e+01
0:   180    2.227424e+04    1.063878    2.368078e+01
0:   181    2.237677e+04    1.004603    2.378979e+01
0:   182    2.193581e+04    0.980294    2.332098e+01
0:   183    2.193961e+04    1.000174    2.332502e+01
0:   184    2.225831e+04    1.014526    2.366385e+01
0:   185    2.205272e+04    0.990764    2.344528e+01
0:   186    2.217769e+04    1.005667    2.357814e+01
0:   187    2.250671e+04    1.014836    2.392794e+01
0:   188    2.341054e+04    1.040158    2.488884e+01
0:   189    2.294009e+04    0.979904    2.438867e+01
0:   190    2.231696e+04    0.972837    2.372620e+01
0:   191    2.178300e+04    0.976074    2.315852e+01
0:   192    2.253840e+04    1.034678    2.396162e+01
0:   193    2.201939e+04    0.976972    2.340984e+01
0:   194    2.132215e+04    0.968335    2.266857e+01
0:   195    2.160016e+04    1.013038    2.296413e+01
0:   196    2.182018e+04    1.010186    2.319804e+01
0:   197    2.310828e+04    1.059033    2.456749e+01
0:   198    2.262527e+04    0.979098    2.405398e+01
0:   199    2.221806e+04    0.982002    2.362106e+01
0:   200    2.203007e+04    0.991539    2.342119e+01
0:   201    2.182422e+04    0.990656    2.320235e+01
0:   202    2.248017e+04    1.030056    2.389972e+01
0:   203    2.243061e+04    0.997795    2.384703e+01
0:   204    2.239108e+04    0.998238    2.380501e+01
0:   205    2.260638e+04    1.009615    2.403390e+01
0:   206    2.263514e+04    1.001272    2.406447e+01
0:   207    2.382992e+04    1.052784    2.533470e+01
0:   208    2.469265e+04    1.036203    2.625190e+01
0:   209    2.380881e+04    0.964206    2.531225e+01
0:   210    2.291021e+04    0.962258    2.435691e+01
0:   211    2.249581e+04    0.981912    2.391635e+01
0:   212    2.249449e+04    0.999941    2.391494e+01
0:   213    2.242460e+04    0.996893    2.384064e+01
0:   214    2.159477e+04    0.962995    2.295841e+01
0:   215    2.013139e+04    0.932234    2.140261e+01
0:   216    1.898814e+04    0.943211    2.018718e+01
0:   217    1.904052e+04    1.002758    2.024286e+01
0:   218    1.889501e+04    0.992358    2.008817e+01
0:   219    1.843057e+04    0.975420    1.959440e+01
0:   220    1.802082e+04    0.977768    1.915878e+01
0:   221    1.790056e+04    0.993326    1.903092e+01
0:   222    1.711787e+04    0.956276    1.819880e+01
0:   223    1.696108e+04    0.990841    1.803211e+01
0:   224    1.670401e+04    0.984844    1.775881e+01
0:   225    1.670222e+04    0.999893    1.775691e+01
0:   226    1.578530e+04    0.945102    1.678208e+01
0:   227    1.583261e+04    1.002998    1.683239e+01
0:   228    1.583896e+04    1.000401    1.683914e+01
0:   229    1.604006e+04    1.012697    1.705294e+01
0:   230    1.571120e+04    0.979497    1.670331e+01
0:   231    1.581170e+04    1.006397    1.681016e+01
0:   232    1.603411e+04    1.014066    1.704661e+01
0:   233    1.694677e+04    1.056920    1.801690e+01
0:   234    1.723753e+04    1.017157    1.832602e+01
0:   235    1.691581e+04    0.981336    1.798399e+01
0:   236    1.754059e+04    1.036935    1.864822e+01
0:   237    1.743364e+04    0.993902    1.853451e+01
0:   238    1.662981e+04    0.953892    1.767993e+01
0:   239    1.560803e+04    0.938557    1.659362e+01
0:   240    1.544609e+04    0.989624    1.642145e+01
0:   241    1.564088e+04    1.012611    1.662855e+01
0:   242    1.478581e+04    0.945331    1.571949e+01
0:   243    1.423010e+04    0.962416    1.512868e+01
0:   244    1.393845e+04    0.979505    1.481861e+01
0:   245    1.344827e+04    0.964832    1.429748e+01
0:   246    1.324984e+04    0.985245    1.408653e+01
0:   247    1.291715e+04    0.974891    1.373282e+01
0:   248    1.345877e+04    1.041930    1.430864e+01
0:   249    1.418757e+04    1.054151    1.508347e+01
0:   250    1.411408e+04    0.994820    1.500534e+01
0:   251    1.373046e+04    0.972820    1.459749e+01
0:   252    1.377664e+04    1.003363    1.464658e+01
0:   253    1.328650e+04    0.964423    1.412550e+01
0:   254    1.226999e+04    0.923493    1.304479e+01
0:   255    1.162477e+04    0.947415    1.235884e+01
0:   256    1.145940e+04    0.985774    1.218302e+01
0:   257    1.170257e+04    1.021220    1.244154e+01
0:   258    1.226167e+04    1.047776    1.303595e+01
0:   259    1.203886e+04    0.981829    1.279907e+01
0:   260    1.149913e+04    0.955168    1.222526e+01
0:   261    1.170695e+04    1.018073    1.244621e+01
0:   262    1.202257e+04    1.026960    1.278175e+01
0:   263    1.202218e+04    0.999968    1.278134e+01
0:   264    1.184749e+04    0.985469    1.259561e+01
0:   265    1.224329e+04    1.033408    1.301641e+01
0:   266    1.353235e+04    1.105287    1.438687e+01
0:   267    1.471981e+04    1.087750    1.564931e+01
0:   268    1.541329e+04    1.047112    1.638658e+01
0:   269    1.582811e+04    1.026914    1.682761e+01
0:   270    1.467412e+04    0.927092    1.560074e+01
0:   271    1.282818e+04    0.874205    1.363824e+01
0:   272    1.378887e+04    1.074889    1.465959e+01
0:   273    1.399262e+04    1.014777    1.487621e+01
0:   274    1.310646e+04    0.936669    1.393409e+01
0:   275    1.335179e+04    1.018718    1.419491e+01
0:   276    1.332720e+04    0.998158    1.416877e+01
0:   277    1.357609e+04    1.018675    1.443337e+01
0:   278    1.422034e+04    1.047455    1.511831e+01
0:   279    1.567861e+04    1.102548    1.666867e+01
0:   280    1.558574e+04    0.994076    1.656993e+01
0:   281    1.485679e+04    0.953230    1.579495e+01
0:   282    1.506952e+04    1.014318    1.602111e+01
0:   283    1.523147e+04    1.010747    1.619328e+01
0:   284    1.489373e+04    0.977826    1.583422e+01
0:   285    1.552542e+04    1.042413    1.650580e+01
0:   286    1.639022e+04    1.055702    1.742520e+01
0:   287    1.626915e+04    0.992613    1.729649e+01
0:   288    1.589249e+04    0.976848    1.689605e+01
0:   289    1.525447e+04    0.959854    1.621774e+01
0:   290    1.565446e+04    1.026221    1.664299e+01
0:   291    1.573376e+04    1.005065    1.672729e+01
0:   292    1.526465e+04    0.970184    1.622856e+01
0:   293    1.562954e+04    1.023904    1.661649e+01
0:   294    1.567949e+04    1.003196    1.666960e+01
0:   295    1.481821e+04    0.945069    1.575393e+01
0:   296    1.429429e+04    0.964644    1.519693e+01
0:   297    1.444688e+04    1.010675    1.535915e+01
0:   298    1.535549e+04    1.062893    1.632514e+01
0:   299    1.613061e+04    1.050478    1.714920e+01
0:   300    1.625479e+04    1.007699    1.728122e+01
0:   301    1.547180e+04    0.951830    1.644880e+01
0:   302    1.551418e+04    1.002739    1.649385e+01
0:   303    1.603449e+04    1.033537    1.704701e+01
0:   304    1.562897e+04    0.974710    1.661589e+01
0:   305    1.504172e+04    0.962426    1.599156e+01
0:   306    1.520863e+04    1.011096    1.616901e+01
0:   307    1.491221e+04    0.980509    1.585386e+01
0:   308    1.611869e+04    1.080906    1.713653e+01
0:   309    1.743746e+04    1.081816    1.853857e+01
0:   310    1.616542e+04    0.927052    1.718621e+01
0:   311    1.675777e+04    1.036643    1.781597e+01
0:   312    1.703730e+04    1.016680    1.811314e+01
0:   313    1.635017e+04    0.959670    1.738263e+01
0:   314    1.707494e+04    1.044328    1.815317e+01
0:   315    1.684604e+04    0.986594    1.790981e+01
0:   316    1.629311e+04    0.967178    1.732196e+01
0:   317    1.577637e+04    0.968285    1.677260e+01
0:   318    1.624171e+04    1.029496    1.726732e+01
0:   319    1.612635e+04    0.992897    1.714467e+01
0:   320    1.637530e+04    1.015437    1.740934e+01
0:   321    1.788445e+04    1.092160    1.901379e+01
0:   322    1.792729e+04    1.002395    1.905934e+01
0:   323    1.872284e+04    1.044377    1.990513e+01
0:   324    1.970262e+04    1.052330    2.094677e+01
0:   325    2.022384e+04    1.026455    2.150091e+01
0:   326    1.933440e+04    0.956020    2.055530e+01
0:   327    1.875354e+04    0.969957    1.993776e+01
0:   328    1.870845e+04    0.997596    1.988983e+01
0:   329    1.926810e+04    1.029914    2.048482e+01
0:   330    1.912647e+04    0.992650    2.033425e+01
0:   331    1.857953e+04    0.971404    1.975276e+01
0:   332    1.876930e+04    1.010214    1.995452e+01
0:   333    1.885637e+04    1.004639    2.004708e+01
0:   334    1.861435e+04    0.987165    1.978979e+01
0:   335    1.797678e+04    0.965748    1.911195e+01
0:   336    1.772068e+04    0.985754    1.883968e+01
0:   337    1.841214e+04    1.039020    1.957481e+01
0:   338    1.939135e+04    1.053183    2.061585e+01
0:   339    1.959885e+04    1.010701    2.083645e+01
0:   340    1.976276e+04    1.008363    2.101071e+01
0:   341    2.071327e+04    1.048096    2.202124e+01
0:   342    2.068218e+04    0.998499    2.198818e+01
0:   343    2.101505e+04    1.016095    2.234207e+01
0:   344    1.989211e+04    0.946565    2.114823e+01
0:   345    1.959422e+04    0.985025    2.083153e+01
0:   346    1.936435e+04    0.988269    2.058715e+01
0:   347    1.915899e+04    0.989395    2.036882e+01
0:   348    1.891601e+04    0.987317    2.011049e+01
0:   349    1.827534e+04    0.966131    1.942937e+01
0:   350    1.945900e+04    1.064768    2.068777e+01
0:   351    2.130891e+04    1.095067    2.265450e+01
0:   352    2.150790e+04    1.009338    2.286605e+01
0:   353    2.263442e+04    1.052377    2.406371e+01
0:   354    2.416521e+04    1.067631    2.569116e+01
0:   355    2.435044e+04    1.007665    2.588809e+01
0:   356    2.416557e+04    0.992408    2.569155e+01
0:   357    2.448420e+04    1.013185    2.603029e+01
0:   358    2.517305e+04    1.028134    2.676264e+01
0:   359    2.321332e+04    0.922150    2.467916e+01
0:   360    2.178214e+04    0.938346    2.315760e+01
0:   361    2.168706e+04    0.995635    2.305653e+01
0:   362    2.110137e+04    0.972993    2.243385e+01
0:   363    1.988026e+04    0.942131    2.113563e+01
0:   364    2.064212e+04    1.038322    2.194560e+01
0:   365    2.141879e+04    1.037626    2.277132e+01
0:   366    2.036253e+04    0.950685    2.164835e+01
0:   367    1.896179e+04    0.931210    2.015916e+01
0:   368    1.799635e+04    0.949085    1.913276e+01
0:   369    1.782005e+04    0.990203    1.894532e+01
0:   370    1.785149e+04    1.001764    1.897875e+01
0:   371    1.860364e+04    1.042134    1.977840e+01
0:   372    1.937919e+04    1.041688    2.060292e+01
0:   373    2.011541e+04    1.037990    2.138563e+01
0:   374    2.038380e+04    1.013343    2.167097e+01
0:   375    2.153194e+04    1.056326    2.289161e+01
0:   376    2.199137e+04    1.021337    2.338005e+01
0:   377    2.133383e+04    0.970100    2.268099e+01
0:   378    2.111476e+04    0.989731    2.244808e+01
0:   379    2.108898e+04    0.998779    2.242067e+01
0:   380    2.177664e+04    1.032608    2.315177e+01
0:   381    2.173318e+04    0.998004    2.310556e+01
0:   382    2.147702e+04    0.988213    2.283322e+01
0:   383    2.220212e+04    1.033762    2.360411e+01
0:   384    2.134276e+04    0.961293    2.269048e+01
0:   385    2.085759e+04    0.977268    2.217468e+01
0:   386    2.052482e+04    0.984045    2.182089e+01
0:   387    1.975752e+04    0.962616    2.100514e+01
0:   388    2.110912e+04    1.068410    2.244209e+01
0:   389    2.128470e+04    1.008318    2.262875e+01
0:   390    2.064021e+04    0.969721    2.194357e+01
0:   391    2.137773e+04    1.035732    2.272766e+01
0:   392    2.263392e+04    1.058762    2.406317e+01
0:   393    2.220514e+04    0.981056    2.360732e+01
0:   394    2.238860e+04    1.008262    2.380237e+01
0:   395    2.346490e+04    1.048073    2.494663e+01
0:   396    2.262257e+04    0.964103    2.405111e+01
0:   397    2.129621e+04    0.941370    2.264099e+01
0:   398    2.106976e+04    0.989367    2.240024e+01
0:   399    2.067944e+04    0.981475    2.198528e+01
0:   400    2.159924e+04    1.044479    2.296316e+01
0:   401    2.281255e+04    1.056174    2.425309e+01
0:   402    2.218953e+04    0.972689    2.359072e+01
0:   403    2.127514e+04    0.958792    2.261860e+01
0:   404    1.941405e+04    0.912523    2.063999e+01
0:   405    1.795746e+04    0.924972    1.909141e+01
0:   406    1.834702e+04    1.021693    1.950557e+01
0:   407    1.825152e+04    0.994795    1.940405e+01
0:   408    1.900415e+04    1.041236    2.020420e+01
0:   409    1.841551e+04    0.969026    1.957839e+01
0:   410    1.754316e+04    0.952630    1.865095e+01
0:   411    1.696115e+04    0.966824    1.803219e+01
0:   412    1.673224e+04    0.986504    1.778883e+01
0:   413    1.650935e+04    0.986679    1.755186e+01
0:   414    1.675252e+04    1.014729    1.781039e+01
0:   415    1.625266e+04    0.970162    1.727896e+01
0:   416    1.685437e+04    1.037022    1.791867e+01
0:   417    1.740973e+04    1.032951    1.850910e+01
0:   418    1.846012e+04    1.060333    1.962582e+01
0:   419    1.938354e+04    1.050022    2.060755e+01
0:   420    2.048229e+04    1.056685    2.177568e+01
0:   421    2.164500e+04    1.056767    2.301181e+01
0:   422    2.218019e+04    1.024725    2.358079e+01
0:   423    2.458844e+04    1.108577    2.614112e+01
0:   424    2.504844e+04    1.018708    2.663016e+01
0:   425    2.432170e+04    0.970987    2.585753e+01
0:   426    2.448173e+04    1.006580    2.602766e+01
0:   427    2.343898e+04    0.957407    2.491908e+01
0:   428    2.229669e+04    0.951265    2.370465e+01
0:   429    2.307986e+04    1.035125    2.453727e+01
0:   430    2.270374e+04    0.983704    2.413741e+01
0:   431    2.326486e+04    1.024715    2.473396e+01
0:   432    2.382323e+04    1.024001    2.532759e+01
0:   433    2.379891e+04    0.998979    2.530173e+01
0:   434    2.418951e+04    1.016413    2.571699e+01
0:   435    2.462695e+04    1.018084    2.618206e+01
0:   436    2.474519e+04    1.004801    2.630776e+01
0:   437    2.479167e+04    1.001879    2.635718e+01
0:   438    2.352419e+04    0.948875    2.500966e+01
0:   439    2.384125e+04    1.013478    2.534675e+01
0:   440    2.544481e+04    1.067260    2.705156e+01
0:   441    2.807828e+04    1.103497    2.985133e+01
0:   442    2.933750e+04    1.044847    3.119006e+01
0:   443    2.832846e+04    0.965606    3.011730e+01
0:   444    2.733131e+04    0.964801    2.905719e+01
0:   445    2.613979e+04    0.956404    2.779043e+01
0:   446    2.407551e+04    0.921029    2.559579e+01
0:   447    2.327116e+04    0.966591    2.474065e+01
0:   448    2.363049e+04    1.015441    2.512267e+01
0:   449    2.489928e+04    1.053693    2.647159e+01
0:   450    2.494015e+04    1.001642    2.651504e+01
0:   451    2.407839e+04    0.965447    2.559886e+01
0:   452    2.253708e+04    0.935988    2.396022e+01
0:   453    2.186559e+04    0.970205    2.324633e+01
0:   454    2.258403e+04    1.032857    2.401013e+01
0:   455    2.353249e+04    1.041997    2.501849e+01
0:   456    2.381236e+04    1.011893    2.531603e+01
0:   457    2.235415e+04    0.938763    2.376574e+01
0:   458    2.315208e+04    1.035695    2.461406e+01
0:   459    2.315679e+04    1.000203    2.461907e+01
0:   460    2.291475e+04    0.989548    2.436174e+01
0:   461    2.362099e+04    1.030821    2.511258e+01
0:   462    2.277594e+04    0.964224    2.421416e+01
0:   463    2.201987e+04    0.966804    2.341035e+01
0:   464    2.120158e+04    0.962839    2.254039e+01
0:   465    2.036379e+04    0.960484    2.164969e+01
0:   466    2.015960e+04    0.989973    2.143261e+01
0:   467    1.987955e+04    0.986108    2.113487e+01
0:   468    2.090972e+04    1.051820    2.223009e+01
0:   469    2.157727e+04    1.031925    2.293980e+01
0:   470    2.200307e+04    1.019734    2.339249e+01
0:   471    2.145649e+04    0.975159    2.281140e+01
0:   472    2.117134e+04    0.986710    2.250824e+01
0:   473    2.038360e+04    0.962792    2.167075e+01
0:   474    2.052510e+04    1.006942    2.182119e+01
0:   475    2.129270e+04    1.037398    2.263726e+01
0:   476    2.217582e+04    1.041475    2.357614e+01
0:   477    2.226657e+04    1.004093    2.367263e+01
0:   478    2.319314e+04    1.041613    2.465771e+01
0:   479    2.356370e+04    1.015977    2.505167e+01
0:   480    2.306575e+04    0.978868    2.452228e+01
0:   481    2.241176e+04    0.971647    2.382699e+01
0:   482    2.257414e+04    1.007245    2.399962e+01
0:   483    2.333129e+04    1.033541    2.480458e+01
0:   484    2.237784e+04    0.959134    2.379092e+01
0:   485    2.183194e+04    0.975605    2.321055e+01
0:   486    2.066897e+04    0.946731    2.197415e+01
0:   487    2.129034e+04    1.030063    2.263475e+01
0:   488    2.220611e+04    1.043013    2.360835e+01
0:   489    2.220822e+04    1.000095    2.361059e+01
0:   490    2.124795e+04    0.956761    2.258969e+01
0:   491    2.148352e+04    1.011087    2.284013e+01
0:   492    2.169153e+04    1.009682    2.306128e+01
0:   493    2.114877e+04    0.974978    2.248425e+01
0:   494    2.135647e+04    1.009821    2.270506e+01
0:   495    2.088990e+04    0.978153    2.220903e+01
0:   496    1.915588e+04    0.916992    2.036551e+01
0:   497    1.741880e+04    0.909319    1.851874e+01
0:   498    1.619518e+04    0.929753    1.721785e+01
0:   499    1.584044e+04    0.978096    1.684071e+01
0:   500    1.509489e+04    0.952933    1.604808e+01
0:   501    1.530008e+04    1.013594    1.626623e+01
0:   502    1.542338e+04    1.008059    1.639731e+01
0:   503    1.566533e+04    1.015687    1.665455e+01
0:   504    1.581533e+04    1.009575    1.681401e+01
0:   505    1.502177e+04    0.949824    1.597035e+01
0:   506    1.473603e+04    0.980978    1.566656e+01
0:   507    1.379021e+04    0.935816    1.466101e+01
0:   508    1.283584e+04    0.930794    1.364638e+01
0:   509    1.182873e+04    0.921539    1.257567e+01
0:   510    1.146335e+04    0.969111    1.218723e+01
0:   511    1.073728e+04    0.936661    1.141530e+01
0:   512    1.034303e+04    0.963282    1.099615e+01
0:   513    1.048714e+04    1.013933    1.114937e+01
0:   514    1.060511e+04    1.011249    1.127479e+01
0:   515    1.042696e+04    0.983202    1.108539e+01
0:   516    9.857940e+03    0.945428    1.048044e+01
0:   517    9.252814e+03    0.938615    9.837097e+00
0:   518    9.587562e+03    1.036178    1.019298e+01
0:   519    9.338169e+03    0.973988    9.927843e+00
0:   520    9.033854e+03    0.967412    9.604311e+00
0:   521    8.810845e+03    0.975314    9.367219e+00
0:   522    9.075361e+03    1.030022    9.648439e+00
0:   523    9.787849e+03    1.078508    1.040592e+01
0:   524    1.010272e+04    1.032169    1.074067e+01
0:   525    1.030615e+04    1.020137    1.095695e+01
0:   526    1.037328e+04    1.006513    1.102831e+01
0:   527    1.079813e+04    1.040957    1.148000e+01
0:   528    1.138342e+04    1.054202    1.210224e+01
0:   529    1.247742e+04    1.096104    1.326532e+01
0:   530    1.275052e+04    1.021888    1.355567e+01
0:   531    1.257395e+04    0.986151    1.336795e+01
0:   532    1.308245e+04    1.040441    1.390856e+01
0:   533    1.233250e+04    0.942676    1.311126e+01
0:   534    1.161944e+04    0.942180    1.235317e+01
0:   535    1.143259e+04    0.983919    1.215452e+01
0:   536    1.072108e+04    0.937765    1.139808e+01
0:   537    1.088859e+04    1.015624    1.157616e+01
0:   538    1.038491e+04    0.953742    1.104068e+01
0:   539    1.018131e+04    0.980395    1.082422e+01
0:   540    1.085055e+04    1.065732    1.153572e+01
0:   541    1.088999e+04    1.003635    1.157765e+01
0:   542    1.060545e+04    0.973871    1.127514e+01
0:   543    1.125627e+04    1.061367    1.196707e+01
0:   544    1.102199e+04    0.979186    1.171799e+01
0:   545    1.094015e+04    0.992575    1.163098e+01
0:   546    1.089796e+04    0.996143    1.158612e+01
0:   547    1.079268e+04    0.990340    1.147420e+01
0:   548    1.029874e+04    0.954234    1.094907e+01
0:   549    1.023378e+04    0.993692    1.088001e+01
0:   550    1.085670e+04    1.060869    1.154226e+01
0:   551    1.148845e+04    1.058190    1.221391e+01
0:   552    1.169712e+04    1.018163    1.243575e+01
0:   553    1.175604e+04    1.005037    1.249840e+01
0:   554    1.227480e+04    1.044127    1.304991e+01
0:   555    1.305004e+04    1.063157    1.387411e+01
0:   556    1.355733e+04    1.038873    1.441343e+01
0:   557    1.406698e+04    1.037592    1.495526e+01
0:   558    1.437409e+04    1.021832    1.528177e+01
0:   559    1.459628e+04    1.015458    1.551799e+01
0:   560    1.554059e+04    1.064695    1.652192e+01
0:   561    1.552197e+04    0.998802    1.650213e+01
0:   562    1.674182e+04    1.078588    1.779900e+01
0:   563    1.695670e+04    1.012835    1.802746e+01
0:   564    1.625612e+04    0.958684    1.728263e+01
0:   565    1.523540e+04    0.937210    1.619746e+01
0:   566    1.502399e+04    0.986124    1.597270e+01
0:   567    1.531776e+04    1.019554    1.628503e+01
0:   568    1.484280e+04    0.968993    1.578008e+01
0:   569    1.412502e+04    0.951641    1.501697e+01
0:   570    1.418850e+04    1.004494    1.508446e+01
0:   571    1.460497e+04    1.029352    1.552722e+01
0:   572    1.530839e+04    1.048163    1.627506e+01
0:   573    1.494220e+04    0.976079    1.588575e+01
0:   574    1.492128e+04    0.998600    1.586351e+01
0:   575    1.525700e+04    1.022499    1.622043e+01
0:   576    1.541518e+04    1.010368    1.638860e+01
0:   577    1.621420e+04    1.051833    1.723807e+01
0:   578    1.538465e+04    0.948838    1.635614e+01
0:   579    1.460625e+04    0.949404    1.552858e+01
0:   580    1.563414e+04    1.070373    1.662138e+01
0:   581    1.547985e+04    0.990132    1.645735e+01
0:   582    1.571785e+04    1.015374    1.671038e+01
0:   583    1.615659e+04    1.027914    1.717682e+01
0:   584    1.711875e+04    1.059552    1.819974e+01
0:   585    1.621244e+04    0.947058    1.723620e+01
0:   586    1.664618e+04    1.026753    1.769733e+01
0:   587    1.633817e+04    0.981497    1.736987e+01
0:   588    1.593578e+04    0.975371    1.694207e+01
0:   589    1.599921e+04    1.003981    1.700950e+01
0:   590    1.622494e+04    1.014109    1.724949e+01
0:   591    1.587406e+04    0.978374    1.687645e+01
0:   592    1.493180e+04    0.940642    1.587470e+01
0:   593    1.397256e+04    0.935759    1.485488e+01
0:   594    1.365692e+04    0.977410    1.451931e+01
0:   595    1.391085e+04    1.018594    1.478928e+01
0:   596    1.387507e+04    0.997427    1.475123e+01
0:   597    1.383028e+04    0.996772    1.470362e+01
0:   598    1.374165e+04    0.993592    1.460939e+01
0:   599    1.364518e+04    0.992980    1.450683e+01
0:   600    1.302376e+04    0.954459    1.384617e+01
0:   601    1.231864e+04    0.945859    1.309652e+01
0:   602    1.143458e+04    0.928233    1.215663e+01
0:   603    1.141673e+04    0.998439    1.213766e+01
0:   604    1.131819e+04    0.991369    1.203289e+01
0:   605    1.050864e+04    0.928474    1.117223e+01
0:   606    1.054458e+04    1.003420    1.121044e+01
0:   607    1.026007e+04    0.973018    1.090796e+01
0:   608    9.828077e+03    0.957895    1.044869e+01
0:   609    9.873774e+03    1.004650    1.049727e+01
0:   610    9.770415e+03    0.989532    1.038738e+01
0:   611    9.994055e+03    1.022890    1.062515e+01
0:   612    9.065367e+03    0.907076    9.637814e+00
0:   613    8.865028e+03    0.977901    9.424824e+00
0:   614    8.615842e+03    0.971891    9.159903e+00
0:   615    8.841196e+03    1.026156    9.399487e+00
0:   616    9.022253e+03    1.020479    9.591978e+00
0:   617    8.740133e+03    0.968731    9.292042e+00
0:   618    8.530722e+03    0.976040    9.069408e+00
0:   619    8.625480e+03    1.011108    9.170150e+00
0:   620    8.896151e+03    1.031380    9.457912e+00
0:   621    8.892226e+03    0.999559    9.453740e+00
0:   622    8.549379e+03    0.961444    9.089243e+00
0:   623    8.585767e+03    1.004256    9.127929e+00
0:   624    8.608215e+03    1.002615    9.151794e+00
0:   625    8.483548e+03    0.985518    9.019255e+00
0:   626    8.414587e+03    0.991871    8.945939e+00
0:   627    8.242471e+03    0.979546    8.762955e+00
0:   628    8.418132e+03    1.021312    8.949708e+00
0:   629    8.264322e+03    0.981729    8.786186e+00
0:   630    8.224153e+03    0.995139    8.743480e+00
0:   631    8.425708e+03    1.024508    8.957762e+00
0:   632    8.602380e+03    1.020968    9.145591e+00
0:   633    8.390982e+03    0.975426    8.920844e+00
0:   634    8.309082e+03    0.990239    8.833772e+00
0:   635    8.595898e+03    1.034518    9.138700e+00
0:   636    8.466536e+03    0.984951    9.001168e+00
0:   637    8.237406e+03    0.972937    8.757570e+00
0:   638    8.249633e+03    1.001484    8.770569e+00
0:   639    8.204372e+03    0.994514    8.722450e+00
0:   640    8.309707e+03    1.012839    8.834436e+00
0:   641    8.475589e+03    1.019963    9.010794e+00
0:   642    8.736138e+03    1.030741    9.287796e+00
0:   643    8.696717e+03    0.995488    9.245885e+00
0:   644    8.411724e+03    0.967230    8.942896e+00
0:   645    8.114346e+03    0.964647    8.626739e+00
0:   646    7.773021e+03    0.957936    8.263861e+00
0:   647    7.753911e+03    0.997542    8.243544e+00
0:   648    8.040652e+03    1.036980    8.548391e+00
0:   649    7.996537e+03    0.994514    8.501491e+00
0:   650    7.987666e+03    0.998891    8.492060e+00
0:   651    7.826187e+03    0.979784    8.320384e+00
0:   652    7.208165e+03    0.921031    7.663336e+00
0:   653    7.030301e+03    0.975325    7.474241e+00
0:   654    6.882111e+03    0.978921    7.316693e+00
0:   655    6.496516e+03    0.943971    6.906749e+00
0:   656    6.360730e+03    0.979099    6.762389e+00
0:   657    6.159540e+03    0.968370    6.548494e+00
0:   658    5.966627e+03    0.968681    6.343399e+00
0:   659    6.114027e+03    1.024704    6.500107e+00
0:   660    5.838661e+03    0.954962    6.207352e+00
0:   661    5.576307e+03    0.955066    5.928431e+00
0:   662    5.472878e+03    0.981452    5.818472e+00
0:   663    5.401024e+03    0.986871    5.742080e+00
0:   664    5.528836e+03    1.023665    5.877964e+00
0:   665    5.717179e+03    1.034066    6.078200e+00
0:   666    5.408229e+03    0.945961    5.749740e+00
0:   667    5.418254e+03    1.001854    5.760399e+00
0:   668    5.373710e+03    0.991779    5.713042e+00
0:   669    5.365727e+03    0.998514    5.704555e+00
0:   670    5.340459e+03    0.995291    5.677691e+00
0:   671    5.103669e+03    0.955661    5.425948e+00
0:   672    5.285698e+03    1.035666    5.619472e+00
0:   673    5.572448e+03    1.054250    5.924329e+00
0:   674    5.436621e+03    0.975625    5.779925e+00
0:   675    5.472510e+03    1.006601    5.818081e+00
0:   676    5.304998e+03    0.969390    5.639990e+00
0:   677    4.957036e+03    0.934409    5.270056e+00
0:   678    4.522574e+03    0.912355    4.808159e+00
0:   679    4.440411e+03    0.981833    4.720808e+00
0:   680    4.306536e+03    0.969851    4.578479e+00
0:   681    4.118210e+03    0.956270    4.378260e+00
0:   682    4.055009e+03    0.984653    4.311069e+00
0:   683    4.066666e+03    1.002875    4.323462e+00
0:   684    3.793402e+03    0.932804    4.032942e+00
0:   685    3.749650e+03    0.988466    3.986428e+00
0:   686    3.575654e+03    0.953597    3.801445e+00
0:   687    3.430036e+03    0.959275    3.646631e+00
0:   688    3.372952e+03    0.983358    3.585943e+00
0:   689    3.443613e+03    1.020949    3.661066e+00
0:   690    3.375869e+03    0.980328    3.589044e+00
0:   691    3.506177e+03    1.038600    3.727580e+00
0:   692    3.507128e+03    1.000271    3.728592e+00
0:   693    3.576502e+03    1.019781    3.802346e+00
0:   694    3.707934e+03    1.036749    3.942078e+00
0:   695    3.856458e+03    1.040056    4.099980e+00
0:   696    4.059378e+03    1.052618    4.315714e+00
0:   697    3.947213e+03    0.972369    4.196466e+00
0:   698    3.795585e+03    0.961586    4.035263e+00
0:   699    3.579583e+03    0.943091    3.805622e+00
0:   700    3.442264e+03    0.961638    3.659631e+00
0:   701    3.365501e+03    0.977700    3.578021e+00
0:   702    3.364639e+03    0.999744    3.577104e+00
0:   703    3.299830e+03    0.980738    3.508202e+00
0:   704    3.179487e+03    0.963531    3.380261e+00
0:   705    3.160483e+03    0.994023    3.360057e+00
0:   706    3.007846e+03    0.951704    3.197781e+00
0:   707    2.846693e+03    0.946422    3.026452e+00
0:   708    2.705634e+03    0.950448    2.876486e+00
0:   709    2.656840e+03    0.981966    2.824610e+00
0:   710    2.665295e+03    1.003182    2.833599e+00
0:   711    2.671484e+03    1.002322    2.840179e+00
0:   712    2.725129e+03    1.020081    2.897212e+00
0:   713    2.871990e+03    1.053891    3.053346e+00
0:   714    3.072772e+03    1.069910    3.266807e+00
0:   715    3.102924e+03    1.009813    3.298864e+00
0:   716    3.116853e+03    1.004489    3.313672e+00
0:   717    2.933822e+03    0.941277    3.119083e+00
0:   718    2.629552e+03    0.896289    2.795599e+00
0:   719    2.483344e+03    0.944398    2.640158e+00
0:   720    2.465674e+03    0.992885    2.621373e+00
0:   721    2.574180e+03    1.044007    2.736730e+00
0:   722    2.438815e+03    0.947414    2.592818e+00
0:   723    2.421641e+03    0.992958    2.574559e+00
0:   724    2.309232e+03    0.953581    2.455052e+00
0:   725    2.298318e+03    0.995274    2.443449e+00
0:   726    2.266950e+03    0.986352    2.410101e+00
0:   727    2.173360e+03    0.958715    2.310600e+00
0:   728    2.147324e+03    0.988020    2.282920e+00
0:   729    2.035328e+03    0.947844    2.163852e+00
0:   730    1.985337e+03    0.975439    2.110705e+00
0:   731    1.929204e+03    0.971726    2.051027e+00
0:   732    1.820750e+03    0.943783    1.935725e+00
0:   733    1.778257e+03    0.976662    1.890548e+00
0:   734    1.762852e+03    0.991337    1.874171e+00
0:   735    1.656836e+03    0.939861    1.761460e+00
0:   736    1.646541e+03    0.993787    1.750515e+00
0:   737    1.606505e+03    0.975685    1.707951e+00
0:   738    1.542678e+03    0.960270    1.640093e+00
0:   739    1.523348e+03    0.987469    1.619542e+00
0:   740    1.452309e+03    0.953367    1.544017e+00
0:   741    1.328810e+03    0.914963    1.412719e+00
0:   742    1.210623e+03    0.911059    1.287070e+00
0:   743    1.187897e+03    0.981228    1.262909e+00
0:   744    1.150591e+03    0.968595    1.223247e+00
0:   745    1.083067e+03    0.941313    1.151459e+00
0:   746    9.727387e+02    0.898134    1.034164e+00
0:   747    9.062085e+02    0.931605    9.634325e-01
0:   748    8.561045e+02    0.944710    9.101646e-01
0:   749    8.638541e+02    1.009052    9.184035e-01
0:   750    8.011872e+02    0.927457    8.517795e-01
0:   751    7.672886e+02    0.957690    8.157403e-01
0:   752    7.187114e+02    0.936690    7.640956e-01
0:   753    6.528487e+02    0.908360    6.940738e-01
0:   754    5.980020e+02    0.915989    6.357638e-01
0:   755    5.642047e+02    0.943483    5.998323e-01
0:   756    5.078889e+02    0.900186    5.399604e-01
0:   757    4.607906e+02    0.907266    4.898880e-01
0:   758    4.004117e+02    0.868967    4.256964e-01
0:   759    3.367965e+02    0.841126    3.580641e-01
0:   760    2.993112e+02    0.888700    3.182117e-01
0:   761    2.842071e+02    0.949537    3.021538e-01
0:   762    2.486865e+02    0.875019    2.643902e-01
0:   763    2.210897e+02    0.889030    2.350508e-01
0:   764    2.089267e+02    0.944986    2.221197e-01
0:   765    2.055745e+02    0.983955    2.185558e-01
0:   766    1.856440e+02    0.903050    1.973668e-01
0:   767    1.579501e+02    0.850822    1.679241e-01
0:   768    1.399751e+02    0.886199    1.488141e-01
0:   769    1.263836e+02    0.902900    1.343643e-01
0:   770    1.078765e+02    0.853564    1.146886e-01
0:   771    9.791831e+01    0.907689    1.041015e-01
0:   772    9.022450e+01    0.921426    9.592187e-02
0:   773    8.529753e+01    0.945392    9.068377e-02
0:   774    8.055149e+01    0.944359    8.563804e-02
0:   775    7.200799e+01    0.893937    7.655505e-02
0:   776    6.768448e+01    0.939958    7.195852e-02
0:   777    6.222639e+01    0.919360    6.615577e-02
0:   778    5.704645e+01    0.916757    6.064874e-02
0:   779    5.370100e+01    0.941356    5.709203e-02
0:   780    5.168236e+01    0.962410    5.494592e-02
0:   781    5.177651e+01    1.001822    5.504602e-02
0:   782    5.139447e+01    0.992622    5.463986e-02
0:   783    5.167654e+01    1.005488    5.493974e-02
0:   784    5.109789e+01    0.988803    5.432455e-02
0:   785    4.762912e+01    0.932115    5.063674e-02
0:   786    4.603673e+01    0.966567    4.894379e-02
0:   787    4.458988e+01    0.968572    4.740558e-02
0:   788    4.215631e+01    0.945423    4.481834e-02
0:   789    4.002846e+01    0.949525    4.255612e-02
0:   790    3.786615e+01    0.945981    4.025727e-02
0:   791    3.761496e+01    0.993366    3.999022e-02
0:   792    3.519597e+01    0.935691    3.741847e-02
0:   793    3.386080e+01    0.962065    3.599900e-02
0:   794    3.202885e+01    0.945898    3.405137e-02
0:   795    3.180472e+01    0.993002    3.381308e-02
0:   796    3.279913e+01    1.031266    3.487028e-02
0:   797    3.063623e+01    0.934056    3.257080e-02
0:   798    2.987092e+01    0.975019    3.175716e-02
0:   799    2.978963e+01    0.997279    3.167074e-02
0:   800    2.952198e+01    0.991015    3.138619e-02
0:   801    2.869843e+01    0.972104    3.051064e-02
0:   802    2.736911e+01    0.953680    2.909738e-02
0:   803    2.594890e+01    0.948109    2.758749e-02
0:   804    2.535745e+01    0.977207    2.695869e-02
0:   805    2.496997e+01    0.984719    2.654673e-02
0:   806    2.382525e+01    0.954156    2.532974e-02
0:   807    2.320589e+01    0.974004    2.467127e-02
0:   808    2.183733e+01    0.941025    2.321629e-02
0:   809    2.228087e+01    1.020311    2.368783e-02
0:   810    2.292379e+01    1.028855    2.437135e-02
0:   811    2.476350e+01    1.080253    2.632723e-02
0:   812    2.712955e+01    1.095546    2.884269e-02
0:   813    2.778831e+01    1.024282    2.954304e-02
0:   814    2.679654e+01    0.964310    2.848865e-02
0:   815    2.564436e+01    0.957003    2.726371e-02
0:   816    2.457970e+01    0.958484    2.613182e-02
0:   817    2.528190e+01    1.028568    2.687837e-02
0:   818    2.581687e+01    1.021160    2.744711e-02
0:   819    2.546046e+01    0.986195    2.706820e-02
0:   820    2.475994e+01    0.972486    2.632345e-02
0:   821    2.386800e+01    0.963976    2.537518e-02
0:   822    2.357990e+01    0.987929    2.506889e-02
0:   823    2.400333e+01    1.017957    2.551906e-02
0:   824    2.438931e+01    1.016080    2.592941e-02
0:   825    2.479689e+01    1.016711    2.636273e-02
0:   826    2.436273e+01    0.982491    2.590115e-02
0:   827    2.256987e+01    0.926410    2.399508e-02
0:   828    2.082337e+01    0.922618    2.213830e-02
0:   829    1.946290e+01    0.934666    2.069191e-02
0:   830    1.881314e+01    0.966616    2.000113e-02
0:   831    1.923743e+01    1.022553    2.045221e-02
0:   832    1.879716e+01    0.977114    1.998414e-02
0:   833    1.709807e+01    0.909609    1.817775e-02
0:   834    1.608632e+01    0.940827    1.710212e-02
0:   835    1.563737e+01    0.972091    1.662481e-02
0:   836    1.611226e+01    1.030369    1.712970e-02
0:   837    1.650844e+01    1.024589    1.755090e-02
0:   838    1.598171e+01    0.968093    1.699090e-02
0:   839    1.560954e+01    0.976712    1.659523e-02
0:   840    1.608150e+01    1.030236    1.709700e-02
0:   841    1.664328e+01    1.034933    1.769425e-02
0:   842    1.710228e+01    1.027579    1.818223e-02
0:   843    1.788481e+01    1.045755    1.901417e-02
0:   844    1.735535e+01    0.970397    1.845129e-02
0:   845    1.628349e+01    0.938240    1.731173e-02
0:   846    1.541100e+01    0.946419    1.638416e-02
0:   847    1.418608e+01    0.920517    1.508189e-02
0:   848    1.371213e+01    0.966590    1.457800e-02
0:   849    1.350632e+01    0.984991    1.435920e-02
0:   850    1.346252e+01    0.996757    1.431264e-02
0:   851    1.315369e+01    0.977060    1.398430e-02
0:   852    1.288854e+01    0.979842    1.370241e-02
0:   853    1.316472e+01    1.021428    1.399602e-02
0:   854    1.201770e+01    0.912872    1.277658e-02
0:   855    1.149185e+01    0.956244    1.221752e-02
0:   856    1.148856e+01    0.999714    1.221403e-02
0:   857    1.141456e+01    0.993559    1.213535e-02
0:   858    1.169005e+01    1.024134    1.242823e-02
0:   859    1.158961e+01    0.991409    1.232146e-02
0:   860    1.053436e+01    0.908948    1.119957e-02
0:   861    9.821712e+00    0.932350    1.044192e-02
0:   862    8.808203e+00    0.896809    9.364411e-03
0:   863    8.363794e+00    0.949546    8.891939e-03
0:   864    8.186613e+00    0.978816    8.703569e-03
0:   865    8.229637e+00    1.005255    8.749310e-03
0:   866    8.036295e+00    0.976507    8.543760e-03
0:   867    8.214461e+00    1.022170    8.733176e-03
0:   868    7.691741e+00    0.936366    8.177448e-03
0:   869    7.270193e+00    0.945195    7.729281e-03
0:   870    6.885479e+00    0.947083    7.320273e-03
0:   871    6.936045e+00    1.007344    7.374032e-03
0:   872    6.910757e+00    0.996354    7.347148e-03
0:   873    6.810151e+00    0.985442    7.240189e-03
0:   874    6.663305e+00    0.978437    7.084069e-03
0:   875    6.449247e+00    0.967875    6.856495e-03
0:   876    6.616565e+00    1.025944    7.034378e-03
0:   877    6.773905e+00    1.023780    7.201654e-03
0:   878    7.028271e+00    1.037551    7.472082e-03
0:   879    7.286529e+00    1.036746    7.746648e-03
0:   880    7.288442e+00    1.000262    7.748682e-03
0:   881    7.875783e+00    1.080585    8.373112e-03
0:   882    8.375370e+00    1.063433    8.904246e-03
0:   883    8.442528e+00    1.008019    8.975645e-03
0:   884    8.050237e+00    0.953534    8.558582e-03
0:   885    7.729173e+00    0.960117    8.217244e-03
0:   886    7.125147e+00    0.921851    7.575076e-03
0:   887    7.006719e+00    0.983379    7.449170e-03
0:   888    6.481743e+00    0.925075    6.891043e-03
0:   889    6.243887e+00    0.963304    6.638168e-03
0:   890    5.978215e+00    0.957451    6.355719e-03
0:   891    5.845138e+00    0.977740    6.214238e-03
0:   892    5.738514e+00    0.981759    6.100882e-03
0:   893    5.389346e+00    0.939153    5.729664e-03
0:   894    5.302720e+00    0.983926    5.637568e-03
0:   895    5.162803e+00    0.973614    5.488816e-03
0:   896    4.559226e+00    0.883091    4.847125e-03
0:   897    4.364407e+00    0.957269    4.640004e-03
0:   898    4.010336e+00    0.918873    4.263575e-03
0:   899    3.656525e+00    0.911775    3.887422e-03
0:   900    3.442683e+00    0.941518    3.660076e-03
0:   901    3.235407e+00    0.939792    3.439712e-03
0:   902    3.095943e+00    0.956894    3.291441e-03
0:   903    3.050912e+00    0.985455    3.243566e-03
0:   904    3.067613e+00    1.005474    3.261322e-03
0:   905    3.084023e+00    1.005350    3.278769e-03
0:   906    2.979801e+00    0.966206    3.167965e-03
0:   907    2.781008e+00    0.933287    2.956620e-03
0:   908    2.663358e+00    0.957695    2.831540e-03
0:   909    2.525471e+00    0.948228    2.684945e-03
0:   910    2.484019e+00    0.983586    2.640876e-03
0:   911    2.575053e+00    1.036648    2.737659e-03
0:   912    2.573677e+00    0.999466    2.736196e-03
0:   913    2.536368e+00    0.985503    2.696531e-03
0:   914    2.488610e+00    0.981171    2.645758e-03
0:   915    2.604289e+00    1.046483    2.768741e-03
0:   916    2.735127e+00    1.050239    2.907841e-03
0:   917    2.928238e+00    1.070604    3.113146e-03
0:   918    2.933083e+00    1.001655    3.118298e-03
0:   919    2.901310e+00    0.989167    3.084518e-03
0:   920    2.905937e+00    1.001594    3.089436e-03
0:   921    2.876434e+00    0.989848    3.058071e-03
0:   922    2.912649e+00    1.012590    3.096572e-03
0:   923    3.067768e+00    1.053257    3.261487e-03
0:   924    3.389351e+00    1.104826    3.603377e-03
0:   925    3.622230e+00    1.068709    3.850962e-03
0:   926    3.614539e+00    0.997877    3.842785e-03
0:   927    3.528175e+00    0.976106    3.750967e-03
0:   928    3.630311e+00    1.028949    3.859553e-03
0:   929    3.702451e+00    1.019872    3.936249e-03
0:   930    3.711598e+00    1.002470    3.945973e-03
0:   931    3.712581e+00    1.000265    3.947018e-03
0:   932    3.892022e+00    1.048333    4.137790e-03
0:   933    4.024544e+00    1.034050    4.278680e-03
0:   934    4.099796e+00    1.018698    4.358684e-03
0:   935    3.996773e+00    0.974871    4.249156e-03
0:   936    3.749540e+00    0.938142    3.986310e-03
0:   937    3.529728e+00    0.941376    3.752618e-03
0:   938    3.486066e+00    0.987630    3.706199e-03
0:   939    3.472318e+00    0.996056    3.691583e-03
0:   940    3.496755e+00    1.007038    3.717563e-03
0:   941    3.501418e+00    1.001334    3.722521e-03
0:   942    3.627879e+00    1.036117    3.856967e-03
0:   943    3.667287e+00    1.010863    3.898864e-03
0:   944    3.565671e+00    0.972291    3.790831e-03
0:   945    3.431599e+00    0.962399    3.648293e-03
0:   946    3.391467e+00    0.988305    3.605626e-03
0:   947    3.564195e+00    1.050930    3.789262e-03
0:   948    3.716490e+00    1.042729    3.951174e-03
0:   949    3.811515e+00    1.025568    4.052199e-03
0:   950    3.909642e+00    1.025745    4.156523e-03
0:   951    3.980456e+00    1.018113    4.231809e-03
0:   952    4.083264e+00    1.025828    4.341108e-03
0:   953    3.902675e+00    0.955773    4.149115e-03
0:   954    3.781151e+00    0.968862    4.019918e-03
0:   955    3.588361e+00    0.949013    3.814954e-03
0:   956    3.455376e+00    0.962940    3.673571e-03
0:   957    3.319128e+00    0.960569    3.528720e-03
0:   958    3.256848e+00    0.981236    3.462507e-03
0:   959    3.178548e+00    0.975958    3.379262e-03
0:   960    3.258212e+00    1.025063    3.463956e-03
0:   961    3.252055e+00    0.998111    3.457412e-03
0:   962    3.196013e+00    0.982767    3.397830e-03
0:   963    3.253509e+00    1.017990    3.458957e-03
0:   964    3.286465e+00    1.010129    3.493994e-03
0:   965    3.227768e+00    0.982140    3.431591e-03
0:   966    3.343282e+00    1.035788    3.554399e-03
0:   967    3.348682e+00    1.001615    3.560140e-03
0:   968    3.408150e+00    1.017759    3.623363e-03
0:   969    3.252390e+00    0.954298    3.457768e-03
0:   970    3.154256e+00    0.969827    3.353437e-03
0:   971    3.178708e+00    1.007752    3.379432e-03
0:   972    3.193961e+00    1.004798    3.395649e-03
0:   973    3.143747e+00    0.984279    3.342264e-03
0:   974    3.009275e+00    0.957226    3.199301e-03
0:   975    2.860630e+00    0.950604    3.041269e-03
0:   976    2.837874e+00    0.992045    3.017076e-03
0:   977    2.841761e+00    1.001370    3.021209e-03
0:   978    2.856428e+00    1.005161    3.036802e-03
0:   979    2.690084e+00    0.941765    2.859953e-03
0:   980    2.512285e+00    0.933906    2.670928e-03
0:   981    2.260719e+00    0.899865    2.403475e-03
0:   982    2.073334e+00    0.917113    2.204258e-03
0:   983    1.947777e+00    0.939442    2.070772e-03
0:   984    1.790845e+00    0.919430    1.903931e-03
0:   985    1.739206e+00    0.971165    1.849031e-03
0:   986    1.705158e+00    0.980424    1.812833e-03
0:   987    1.651975e+00    0.968810    1.756292e-03
0:   988    1.533886e+00    0.928516    1.630745e-03
0:   989    1.462631e+00    0.953546    1.554991e-03
0:   990    1.438775e+00    0.983690    1.529629e-03
0:   991    1.414181e+00    0.982906    1.503482e-03
0:   992    1.436408e+00    1.015717    1.527113e-03
0:   993    1.457770e+00    1.014871    1.549823e-03
0:   994    1.492751e+00    1.023997    1.587013e-03
0:   995    1.489176e+00    0.997605    1.583212e-03
0:   996    1.444902e+00    0.970269    1.536142e-03
0:   997    1.382415e+00    0.956753    1.469710e-03
0:   998    1.374836e+00    0.994518    1.461652e-03
0:   999    1.422305e+00    1.034527    1.512118e-03
0:  1000    1.354127e+00    0.952065    1.439635e-03
0: 
0: 
0: =============================================
0: Solve phase times:
0: =============================================
0: PCG Solve:
0:   wall clock time = 2.144721 seconds
0:   wall MFLOPS     = 0.000000
0:   cpu clock time  = 2.144668 seconds
0:   cpu MFLOPS      = 0.000000
0: 
0: 
0: Iterations = 1000
0: Final Relative Residual Norm = 1.439635e-03
0: 
0: Global matrix size: 192 x 192 x 192
0: 5pt 2D Laplacian
0: =============================================
0: Hypre init times:
0: =============================================
0: Hypre init:
0:   wall clock time = 0.000002 seconds
0:   wall MFLOPS     = 0.000000
0:   cpu clock time  = 0.000002 seconds
0:   cpu MFLOPS      = 0.000000
0: 
0: 
0: Using HYPRE_DEVELOP_STRING: v3.1.0-3-g13083b05c (branch v3.1.0_highradixallreduce; not the develop branch)
0: 
0: Running with these driver parameters:
0:   solver ID    = 2
0: 
0:   Laplacian:   num_fun = 1
0:     (nx, ny, nz) = (192, 192, 192)
0:     (Px, Py, Pz) = (4, 4, 4)
0:     (cx, cy, cz) = (1.000000, 1.000000, 1.000000)
0: 
0: =============================================
0: Generate Matrix:
0: =============================================
0: Spatial Operator:
0:   wall clock time = 0.030628 seconds
0:   wall MFLOPS     = 0.000000
0:   cpu clock time  = 0.030556 seconds
0:   cpu MFLOPS      = 0.000000
0: 
0:   Number of vector components: 1
0:   RHS vector has unit coefficients
0:   Initial guess is 0
0: =============================================
0: IJ Vector Setup:
0: =============================================
0: RHS and Initial Guess:
0:   wall clock time = 0.005083 seconds
0:   wall MFLOPS     = 0.000000
0:   cpu clock time  = 0.005033 seconds
0:   cpu MFLOPS      = 0.000000
0: 
0: Solver: DS-PCG
0: HYPRE_ParCSRPCGGetPrecond got good precond
0: =============================================
0: Setup phase times:
0: =============================================
0: PCG Setup:
0:   wall clock time = 0.000517 seconds
0:   wall MFLOPS     = 0.000000
0:   cpu clock time  = 0.000401 seconds
0:   cpu MFLOPS      = 0.000000
0: 
0: <b,b>: 7.077888e+06
0: 
0: 
0: Iters       ||r||_2     conv.rate  ||r||_2/||b||_2
0: -----    ------------   ---------  ------------ 
0:     1    1.497108e+04    5.627314    5.627314e+00
0:     2    1.481132e+04    0.989329    5.567264e+00
0:     3    1.543118e+04    1.041851    5.800257e+00
0:     4    1.760209e+04    1.140684    6.616258e+00
0:     5    1.607022e+04    0.912972    6.040458e+00
0:     6    1.781682e+04    1.108686    6.696972e+00
0:     7    1.756551e+04    0.985895    6.602508e+00
0:     8    1.786888e+04    1.017271    6.716538e+00
0:     9    1.702315e+04    0.952670    6.398646e+00
0:    10    1.756111e+04    1.031602    6.600855e+00
0:    11    1.714872e+04    0.976517    6.445845e+00
0:    12    1.670190e+04    0.973944    6.277893e+00
0:    13    1.720001e+04    1.029824    6.465123e+00
0:    14    1.627924e+04    0.946467    6.119026e+00
0:    15    1.662640e+04    1.021325    6.249515e+00
0:    16    1.633175e+04    0.982278    6.138762e+00
0:    17    1.587902e+04    0.972279    5.968591e+00
0:    18    1.622322e+04    1.021676    6.097968e+00
0:    19    1.552388e+04    0.956893    5.835102e+00
0:    20    1.567492e+04    1.009729    5.891874e+00
0:    21    1.547656e+04    0.987346    5.817316e+00
0:    22    1.505825e+04    0.972971    5.660082e+00
0:    23    1.527760e+04    1.014566    5.742529e+00
0:    24    1.474396e+04    0.965070    5.541945e+00
0:    25    1.477064e+04    1.001809    5.551973e+00
0:    26    1.463086e+04    0.990537    5.499433e+00
0:    27    1.424839e+04    0.973859    5.355673e+00
0:    28    1.438036e+04    1.009262    5.405276e+00
0:    29    1.396251e+04    0.970943    5.248215e+00
0:    30    1.391031e+04    0.996261    5.228594e+00
0:    31    1.380668e+04    0.992550    5.189643e+00
0:    32    1.345727e+04    0.974692    5.058305e+00
0:    33    1.352640e+04    1.005137    5.084290e+00
0:    34    1.319222e+04    0.975295    4.958680e+00
0:    35    1.308890e+04    0.992168    4.919845e+00
0:    36    1.300761e+04    0.993789    4.889289e+00
0:    37    1.268886e+04    0.975495    4.769475e+00
0:    38    1.271078e+04    1.001728    4.777715e+00
0:    39    1.243938e+04    0.978648    4.675702e+00
0:    40    1.230287e+04    0.989026    4.624390e+00
0:    41    1.223475e+04    0.994463    4.598786e+00
0:    42    1.194488e+04    0.976308    4.489832e+00
0:    43    1.193010e+04    0.998763    4.484277e+00
0:    44    1.170707e+04    0.981305    4.400445e+00
0:    45    1.154968e+04    0.986556    4.341283e+00
0:    46    1.148835e+04    0.994690    4.318229e+00
0:    47    1.122591e+04    0.977156    4.219583e+00
0:    48    1.118203e+04    0.996092    4.203092e+00
0:    49    1.099680e+04    0.983435    4.133468e+00
0:    50    1.082742e+04    0.984597    4.069802e+00
0:    51    1.076831e+04    0.994540    4.047582e+00
0:    52    1.053186e+04    0.978042    3.958707e+00
0:    53    1.046482e+04    0.993635    3.933509e+00
0:    54    1.030923e+04    0.985132    3.875024e+00
0:    55    1.013451e+04    0.983052    3.809351e+00
0:    56    1.007439e+04    0.994067    3.786751e+00
0:    57    9.862383e+03    0.978956    3.707063e+00
0:    58    9.777099e+03    0.991353    3.675007e+00
0:    59    9.644572e+03    0.986445    3.625193e+00
0:    60    9.469563e+03    0.981854    3.559411e+00
0:    61    9.406235e+03    0.993312    3.535607e+00
0:    62    9.216928e+03    0.979874    3.464450e+00
0:    63    9.117659e+03    0.989230    3.427137e+00
0:    64    9.002809e+03    0.987404    3.383968e+00
0:    65    8.831323e+03    0.980952    3.319510e+00
0:    66    8.763447e+03    0.992314    3.293996e+00
0:    67    8.594890e+03    0.980766    3.230639e+00
0:    68    8.485409e+03    0.987262    3.189488e+00
0:    69    8.383773e+03    0.988022    3.151285e+00
0:    70    8.218627e+03    0.980302    3.089210e+00
0:    71    8.145559e+03    0.991109    3.061745e+00
0:    72    7.995638e+03    0.981595    3.005393e+00
0:    73    7.879310e+03    0.985451    2.961668e+00
0:    74    7.787210e+03    0.988311    2.927049e+00
0:    75    7.630379e+03    0.979861    2.868100e+00
0:    76    7.552049e+03    0.989734    2.838657e+00
0:    77    7.418544e+03    0.982322    2.788476e+00
0:    78    7.298345e+03    0.983797    2.743295e+00
0:    79    7.212802e+03    0.988279    2.711142e+00
0:    80    7.065545e+03    0.979584    2.655791e+00
0:    81    6.982339e+03    0.988224    2.624515e+00
0:    82    6.862993e+03    0.982908    2.579656e+00
0:    83    6.741514e+03    0.982299    2.533994e+00
0:    84    6.660182e+03    0.987936    2.503423e+00
0:    85    6.523144e+03    0.979424    2.451913e+00
0:    86    6.435793e+03    0.986609    2.419080e+00
0:    87    6.328388e+03    0.983311    2.378709e+00
0:    88    6.207822e+03    0.980948    2.333391e+00
0:    89    6.128931e+03    0.987292    2.303737e+00
0:    90    6.002243e+03    0.979330    2.256118e+00
0:    91    5.911720e+03    0.984918    2.222092e+00
0:    92    5.814146e+03    0.983495    2.185416e+00
0:    93    5.696284e+03    0.979728    2.141114e+00
0:    94    5.618578e+03    0.986359    2.111906e+00
0:    95    5.501958e+03    0.979244    2.068071e+00
0:    96    5.409374e+03    0.983173    2.033270e+00
0:    97    5.319691e+03    0.983421    1.999561e+00
0:    98    5.205917e+03    0.978613    1.956795e+00
0:    99    5.128599e+03    0.985148    1.927733e+00
0:   100    5.021440e+03    0.979106    1.887454e+00
0:   101    4.927956e+03    0.981383    1.852316e+00
0:   102    4.844443e+03    0.983053    1.820925e+00
0:   103    4.735752e+03    0.977564    1.780070e+00
0:   104    4.658406e+03    0.983668    1.750997e+00
0:   105    4.559874e+03    0.978848    1.713961e+00
0:   106    4.466622e+03    0.979550    1.678910e+00
0:   107    4.387807e+03    0.982355    1.649285e+00
0:   108    4.284823e+03    0.976529    1.610575e+00
0:   109    4.207350e+03    0.981919    1.581455e+00
0:   110    4.116462e+03    0.978398    1.547292e+00
0:   111    4.024480e+03    0.977655    1.512718e+00
0:   112    3.949158e+03    0.981284    1.484406e+00
0:   113    3.852172e+03    0.975441    1.447951e+00
0:   114    3.774711e+03    0.979892    1.418835e+00
0:   115    3.690418e+03    0.977669    1.387151e+00
0:   116    3.600594e+03    0.975660    1.353388e+00
0:   117    3.527830e+03    0.979791    1.326038e+00
0:   118    3.436839e+03    0.974208    1.291836e+00
0:   119    3.359696e+03    0.977554    1.262840e+00
0:   120    3.280946e+03    0.976560    1.233239e+00
0:   121    3.193988e+03    0.973496    1.200553e+00
0:   122    3.123098e+03    0.977805    1.173907e+00
0:   123    3.037859e+03    0.972707    1.141868e+00
0:   124    2.961434e+03    0.974842    1.113141e+00
0:   125    2.887225e+03    0.974942    1.085247e+00
0:   126    2.803636e+03    0.971049    1.053828e+00
0:   127    2.734163e+03    0.975220    1.027715e+00
0:   128    2.654243e+03    0.970770    9.976743e-01
0:   129    2.578967e+03    0.971639    9.693796e-01
0:   130    2.508388e+03    0.972633    9.428505e-01
0:   131    2.428460e+03    0.968136    9.128073e-01
0:   132    2.360139e+03    0.971866    8.871268e-01
0:   133    2.284965e+03    0.968149    8.588707e-01
0:   134    2.211244e+03    0.967736    8.311603e-01
0:   135    2.143499e+03    0.969364    8.056965e-01
0:   136    2.067315e+03    0.964458    7.770605e-01
0:   137    2.000027e+03    0.967451    7.517682e-01
0:   138    1.928940e+03    0.964457    7.250481e-01
0:   139    1.857106e+03    0.962760    6.980473e-01
0:   140    1.791525e+03    0.964686    6.733966e-01
0:   141    1.718971e+03    0.959502    6.461253e-01
0:   142    1.652696e+03    0.961445    6.212137e-01
0:   143    1.584988e+03    0.959032    5.957637e-01
0:   144    1.515263e+03    0.956009    5.695555e-01
0:   145    1.451296e+03    0.957785    5.455117e-01
0:   146    1.382084e+03    0.952310    5.194963e-01
0:   147    1.316848e+03    0.952799    4.949758e-01
0:   148    1.251798e+03    0.950601    4.705246e-01
0:   149    1.184261e+03    0.946048    4.451390e-01
0:   150    1.121465e+03    0.946974    4.215353e-01
0:   151    1.055151e+03    0.940868    3.966091e-01
0:   152    9.909835e+02    0.939187    3.724900e-01
0:   153    9.278887e+02    0.936331    3.487739e-01
0:   154    8.625002e+02    0.929530    3.241958e-01
0:   155    8.006263e+02    0.928262    3.009387e-01
0:   156    7.369401e+02    0.920455    2.770004e-01
0:   157    6.745600e+02    0.915353    2.535530e-01
0:   158    6.144155e+02    0.910839    2.309459e-01
0:   159    5.544406e+02    0.902387    2.084026e-01
0:   160    5.000330e+02    0.901869    1.879520e-01
0:   161    4.506228e+02    0.901186    1.693797e-01
0:   162    4.104413e+02    0.910831    1.542763e-01
0:   163    3.845053e+02    0.936809    1.445275e-01
0:   164    3.752459e+02    0.975919    1.410471e-01
0:   165    3.900070e+02    1.039337    1.465955e-01
0:   166    4.319506e+02    1.107546    1.623612e-01
0:   167    5.016417e+02    1.161340    1.885566e-01
0:   168    5.895317e+02    1.175205    2.215926e-01
0:   169    6.561946e+02    1.113078    2.466498e-01
0:   170    6.549150e+02    0.998050    2.461688e-01
0:   171    5.738652e+02    0.876244    2.157039e-01
0:   172    4.623690e+02    0.805710    1.737948e-01
0:   173    3.789007e+02    0.819477    1.424208e-01
0:   174    3.458297e+02    0.912719    1.299901e-01
0:   175    3.646113e+02    1.054309    1.370498e-01
0:   176    4.126449e+02    1.131739    1.551046e-01
0:   177    4.348528e+02    1.053818    1.634521e-01
0:   178    3.948599e+02    0.908031    1.484196e-01
0:   179    3.282942e+02    0.831419    1.233989e-01
0:   180    2.913470e+02    0.887457    1.095112e-01
0:   181    3.001264e+02    1.030134    1.128112e-01
0:   182    3.305718e+02    1.101442    1.242550e-01
0:   183    3.320165e+02    1.004370    1.247980e-01
0:   184    2.885520e+02    0.869089    1.084606e-01
0:   185    2.492890e+02    0.863931    9.370253e-02
0:   186    2.468489e+02    0.990212    9.278533e-02
0:   187    2.676293e+02    1.084183    1.005963e-01
0:   188    2.680028e+02    1.001396    1.007366e-01
0:   189    2.338149e+02    0.872435    8.788614e-02
0:   190    2.070117e+02    0.885366    7.781137e-02
0:   191    2.110747e+02    1.019627    7.933855e-02
0:   192    2.245988e+02    1.064073    8.442200e-02
0:   193    2.113706e+02    0.941103    7.944979e-02
0:   194    1.830404e+02    0.865969    6.880106e-02
0:   195    1.741234e+02    0.951284    6.544933e-02
0:   196    1.849190e+02    1.062000    6.950718e-02
0:   197    1.828288e+02    0.988697    6.872153e-02
0:   198    1.603201e+02    0.876886    6.026096e-02
0:   199    1.479746e+02    0.922995    5.562055e-02
0:   200    1.541189e+02    1.041523    5.793006e-02
0:   201    1.554271e+02    1.008489    5.842181e-02
0:   202    1.380170e+02    0.887985    5.187772e-02
0:   203    1.264245e+02    0.916006    4.752031e-02
0:   204    1.309737e+02    1.035984    4.923028e-02
0:   205    1.314420e+02    1.003576    4.940631e-02
0:   206    1.172477e+02    0.892011    4.407096e-02
0:   207    1.086191e+02    0.926407    4.082765e-02
0:   208    1.125576e+02    1.036260    4.230804e-02
0:   209    1.113280e+02    0.989076    4.184588e-02
0:   210    9.893904e+01    0.888716    3.718912e-02
0:   211    9.407843e+01    0.950873    3.536211e-02
0:   212    9.792291e+01    1.040865    3.680717e-02
0:   213    9.378670e+01    0.957761    3.525246e-02
0:   214    8.399081e+01    0.895551    3.157039e-02
0:   215    8.276879e+01    0.985451    3.111106e-02
0:   216    8.531193e+01    1.030726    3.206697e-02
0:   217    7.893766e+01    0.925283    2.967102e-02
0:   218    7.237722e+01    0.916891    2.720508e-02
0:   219    7.410417e+01    1.023860    2.785421e-02
0:   220    7.370325e+01    0.994590    2.770351e-02
0:   221    6.661046e+01    0.903766    2.503748e-02
0:   222    6.428310e+01    0.965060    2.416267e-02
0:   223    6.634385e+01    1.032057    2.493726e-02
0:   224    6.260319e+01    0.943617    2.353123e-02
0:   225    5.737757e+01    0.916528    2.156703e-02
0:   226    5.815300e+01    1.013515    2.185850e-02
0:   227    5.789955e+01    0.995642    2.176323e-02
0:   228    5.245328e+01    0.905936    1.971609e-02
0:   229    5.063688e+01    0.965371    1.903334e-02
0:   230    5.161867e+01    1.019389    1.940238e-02
0:   231    4.783392e+01    0.926679    1.797977e-02
0:   232    4.398817e+01    0.919602    1.653423e-02
0:   233    4.417588e+01    1.004267    1.660479e-02
0:   234    4.237561e+01    0.959248    1.592811e-02
0:   235    3.804929e+01    0.897905    1.430193e-02
0:   236    3.714418e+01    0.976212    1.396172e-02
0:   237    3.704313e+01    0.997279    1.392374e-02
0:   238    3.377361e+01    0.911738    1.269479e-02
0:   239    3.211738e+01    0.950961    1.207225e-02
0:   240    3.241267e+01    1.009194    1.218324e-02
0:   241    3.004665e+01    0.927003    1.129391e-02
0:   242    2.772982e+01    0.922892    1.042306e-02
0:   243    2.785495e+01    1.004512    1.047009e-02
0:   244    2.661828e+01    0.955603    1.000525e-02
0:   245    2.418076e+01    0.908427    9.089043e-03
0:   246    2.381958e+01    0.985063    8.953283e-03
0:   247    2.330668e+01    0.978467    8.760494e-03
0:   248    2.112551e+01    0.906414    7.940636e-03
0:   249    2.037487e+01    0.964467    7.658486e-03
0:   250    2.020452e+01    0.991639    7.594456e-03
0:   251    1.842613e+01    0.911980    6.925995e-03
0:   252    1.743675e+01    0.946306    6.554111e-03
0:   253    1.736806e+01    0.996060    6.528290e-03
0:   254    1.601798e+01    0.922267    6.020824e-03
0:   255    1.491651e+01    0.931235    5.606804e-03
0:   256    1.483137e+01    0.994292    5.574801e-03
0:   257    1.385561e+01    0.934209    5.208032e-03
0:   258    1.274067e+01    0.919532    4.788953e-03
0:   259    1.260372e+01    0.989251    4.737476e-03
0:   260    1.190794e+01    0.944796    4.475947e-03
0:   261    1.085623e+01    0.911680    4.080631e-03
0:   262    1.066759e+01    0.982624    4.009725e-03
0:   263    1.015957e+01    0.952377    3.818771e-03
0:   264    9.223986e+00    0.907911    3.467104e-03
0:   265    8.989121e+00    0.974538    3.378823e-03
0:   266    8.607243e+00    0.957518    3.235282e-03
0:   267    7.808202e+00    0.907166    2.934940e-03
0:   268    7.534469e+00    0.964943    2.832049e-03
0:   269    7.249807e+00    0.962219    2.725051e-03
0:   270    6.572443e+00    0.906568    2.470444e-03
0:   271    6.282233e+00    0.955844    2.361360e-03
0:   272    6.074755e+00    0.966974    2.283373e-03
0:   273    5.487956e+00    0.903404    2.062808e-03
0:   274    5.220985e+00    0.951353    1.962459e-03
0:   275    5.052590e+00    0.967746    1.899163e-03
0:   276    4.548759e+00    0.900283    1.709783e-03
0:   277    4.327353e+00    0.951326    1.626561e-03
0:   278    4.158886e+00    0.961069    1.563238e-03
0:   279    3.760212e+00    0.904139    1.413385e-03
0:   280    3.557807e+00    0.946172    1.337305e-03
0:   281    3.401472e+00    0.956059    1.278542e-03
0:   282    3.098616e+00    0.910964    1.164705e-03
0:   283    2.889792e+00    0.932607    1.086212e-03
0:   284    2.788394e+00    0.964912    1.048099e-03
0:   285    2.517142e+00    0.902721    9.461408e-04
0:   286    2.346199e+00    0.932089    8.818873e-04
0:   287    2.273028e+00    0.968813    8.543839e-04
0:   288    2.021383e+00    0.889290    7.597954e-04
0:   289    1.916420e+00    0.948074    7.203423e-04
0:   290    1.813456e+00    0.946273    6.816402e-04
0:   291    1.630188e+00    0.898940    6.127535e-04
0:   292    1.542394e+00    0.946145    5.797535e-04
0:   293    1.450538e+00    0.940446    5.452268e-04
0:   294    1.320500e+00    0.910352    4.963482e-04
0:   295    1.226005e+00    0.928440    4.608296e-04
0:   296    1.173806e+00    0.957424    4.412092e-04
0:   297    1.050202e+00    0.894698    3.947490e-04
0:   298    9.916047e-01    0.944204    3.727234e-04
0:   299    9.401723e-01    0.948132    3.533911e-04
0:   300    8.463183e-01    0.900174    3.181134e-04
0:   301    8.043309e-01    0.950388    3.023312e-04
0:   302    7.602627e-01    0.945211    2.857669e-04
0:   303    6.903026e-01    0.907979    2.594703e-04
0:   304    6.584819e-01    0.953903    2.475096e-04
0:   305    6.264545e-01    0.951362    2.354711e-04
0:   306    5.686522e-01    0.907731    2.137445e-04
0:   307    5.541200e-01    0.974444    2.082821e-04
0:   308    5.204629e-01    0.939260    1.956311e-04
0:   309    4.850936e-01    0.932043    1.823365e-04
0:   310    4.696808e-01    0.968227    1.765432e-04
0:   311    4.481993e-01    0.954264    1.684687e-04
0:   312    4.170651e-01    0.930535    1.567660e-04
0:   313    4.099820e-01    0.983017    1.541037e-04
0:   314    3.880913e-01    0.946606    1.458754e-04
0:   315    3.649429e-01    0.940353    1.371744e-04
0:   316    3.574575e-01    0.979489    1.343608e-04
0:   317    3.363963e-01    0.941080    1.264443e-04
0:   318    3.148180e-01    0.935854    1.183335e-04
0:   319    3.063157e-01    0.972993    1.151376e-04
0:   320    2.822220e-01    0.921344    1.060813e-04
0:   321    2.622379e-01    0.929190    9.856975e-05
0:   322    2.507035e-01    0.956016    9.423421e-05
0:   323    2.251000e-01    0.897873    8.461039e-05
0:   324    2.086902e-01    0.927100    7.844229e-05
0:   325    1.948482e-01    0.933672    7.323936e-05
0:   326    1.743094e-01    0.894591    6.551925e-05
0:   327    1.626236e-01    0.932960    6.112682e-05
0:   328    1.532536e-01    0.942382    5.760481e-05
0:   329    1.406424e-01    0.917711    5.286454e-05
0:   330    1.378337e-01    0.980029    5.180881e-05
0:   331    1.346994e-01    0.977261    5.063070e-05
0:   332    1.313640e-01    0.975238    4.937698e-05
0:   333    1.339040e-01    1.019335    5.033170e-05
0:   334    1.336496e-01    0.998101    5.023609e-05
0:   335    1.292186e-01    0.966846    4.857056e-05
0:   336    1.273868e-01    0.985824    4.788205e-05
0:   337    1.177575e-01    0.924408    4.426257e-05
0:   338    1.070084e-01    0.908718    4.022220e-05
0:   339    9.954266e-02    0.930233    3.741600e-05
0:   340    9.020932e-02    0.906238    3.390780e-05
0:   341    8.486929e-02    0.940804    3.190059e-05
0:   342    8.449146e-02    0.995548    3.175857e-05
0:   343    8.169691e-02    0.966925    3.070816e-05
0:   344    8.112609e-02    0.993013    3.049360e-05
0:   345    7.882629e-02    0.971652    2.962915e-05
0:   346    7.096062e-02    0.900215    2.667261e-05
0:   347    6.528365e-02    0.919998    2.453876e-05
0:   348    5.928817e-02    0.908163    2.228518e-05
0:   349    5.421693e-02    0.914465    2.037901e-05
0:   350    5.334437e-02    0.983906    2.005103e-05
0:   351    5.166198e-02    0.968462    1.941866e-05
0:   352    4.863579e-02    0.941423    1.828117e-05
0:   353    4.598451e-02    0.945487    1.728462e-05
0:   354    4.067411e-02    0.884518    1.528855e-05
0:   355    3.714413e-02    0.913213    1.396170e-05
0:   356    3.562734e-02    0.959165    1.339157e-05
0:   357    3.412871e-02    0.957936    1.282827e-05
0:   358    3.311770e-02    0.970376    1.244825e-05
0:   359    3.153082e-02    0.952084    1.185178e-05
0:   360    2.813242e-02    0.892220    1.057439e-05
0:   361    2.635817e-02    0.936932    9.907486e-06
0:   362    2.516230e-02    0.954630    9.457982e-06
0:   363    2.421165e-02    0.962219    9.100652e-06
0:   364    2.357570e-02    0.973734    8.861611e-06
0:   365    2.170979e-02    0.920855    8.160256e-06
0:   366    1.932777e-02    0.890279    7.264904e-06
0:   367    1.816955e-02    0.940075    6.829554e-06
0:   368    1.696773e-02    0.933855    6.377814e-06
0:   369    1.596921e-02    0.941152    6.002493e-06
0:   370    1.488049e-02    0.931823    5.593263e-06
0:   371    1.299517e-02    0.873303    4.884613e-06
0:   372    1.190461e-02    0.916080    4.474694e-06
0:   373    1.138061e-02    0.955984    4.277734e-06
0:   374    1.072636e-02    0.942512    4.031815e-06
0:   375    1.017533e-02    0.948628    3.824695e-06
0:   376    9.311867e-03    0.915141    3.500136e-06
0:   377    8.419374e-03    0.904155    3.164667e-06
0:   378    8.186593e-03    0.972352    3.077169e-06
0:   379    7.649837e-03    0.934435    2.875414e-06
0:   380    7.001144e-03    0.915202    2.631584e-06
0:   381    6.439542e-03    0.919784    2.420489e-06
0:   382    5.902630e-03    0.916623    2.218675e-06
0:   383    5.695324e-03    0.964879    2.140753e-06
0:   384    5.465501e-03    0.959647    2.054367e-06
0:   385    4.891494e-03    0.894976    1.838610e-06
0:   386    4.483816e-03    0.916656    1.685373e-06
0:   387    4.205455e-03    0.937919    1.580743e-06
0:   388    3.936039e-03    0.935936    1.479475e-06
0:   389    3.720684e-03    0.945287    1.398527e-06
0:   390    3.321726e-03    0.892773    1.248568e-06
0:   391    3.030455e-03    0.912313    1.139085e-06
0:   392    2.881207e-03    0.950751    1.082986e-06
0:   393    2.649416e-03    0.919551    9.958602e-07
0:   394    2.395066e-03    0.903998    9.002553e-07
0:   395    2.207676e-03    0.921760    8.298194e-07
0:   396    2.033335e-03    0.921030    7.642882e-07
0:   397    1.926432e-03    0.947424    7.241053e-07
0:   398    1.768550e-03    0.918044    6.647608e-07
0:   399    1.587343e-03    0.897539    5.966491e-07
0:   400    1.518939e-03    0.956907    5.709374e-07
0:   401    1.427214e-03    0.939612    5.364598e-07
0:   402    1.301586e-03    0.911977    4.892388e-07
0:   403    1.194446e-03    0.917686    4.489674e-07
0:   404    1.097254e-03    0.918630    4.124348e-07
0:   405    1.031210e-03    0.939810    3.876102e-07
0:   406    9.560999e-04    0.927163    3.593779e-07
0:   407    8.456943e-04    0.884525    3.178788e-07
0:   408    7.962868e-04    0.941578    2.993075e-07
0:   409    7.572376e-04    0.950961    2.846298e-07
0:   410    6.880040e-04    0.908571    2.586063e-07
0:   411    6.343163e-04    0.921966    2.384262e-07
0:   412    5.804199e-04    0.915032    2.181677e-07
0:   413    5.452687e-04    0.939438    2.049551e-07
0:   414    5.064318e-04    0.928775    1.903571e-07
0:   415    4.518203e-04    0.892164    1.698298e-07
0:   416    4.235668e-04    0.937467    1.592099e-07
0:   417    4.049417e-04    0.956028    1.522091e-07
0:   418    3.661902e-04    0.904304    1.376432e-07
0:   419    3.368058e-04    0.919757    1.265983e-07
0:   420    3.143638e-04    0.933368    1.181628e-07
0:   421    2.947838e-04    0.937715    1.108030e-07
0:   422    2.770815e-04    0.939948    1.041492e-07
0:   423    2.512769e-04    0.906870    9.444972e-08
0:   424    2.390585e-04    0.951375    8.985710e-08
0:   425    2.284913e-04    0.955797    8.588511e-08
0:   426    2.082760e-04    0.911527    7.828659e-08
0:   427    1.960532e-04    0.941314    7.369230e-08
0:   428    1.889545e-04    0.963792    7.102405e-08
0:   429    1.773557e-04    0.938616    6.666428e-08
0:   430    1.660450e-04    0.936226    6.241284e-08
0:   431    1.562973e-04    0.941295    5.874888e-08
0:   432    1.501534e-04    0.960691    5.643951e-08
0:   433    1.440665e-04    0.959462    5.415157e-08
0:   434    1.321528e-04    0.917304    4.967347e-08
0:   435    1.270737e-04    0.961567    4.776436e-08
0:   436    1.233856e-04    0.970976    4.637806e-08
0:   437    1.142799e-04    0.926201    4.295541e-08
0:   438    1.085763e-04    0.950091    4.081156e-08
0:   439    1.043001e-04    0.960616    3.920422e-08
0:   440    9.863149e-05    0.945651    3.707351e-08
0:   441    9.283979e-05    0.941279    3.489654e-08
0:   442    8.709848e-05    0.938159    3.273850e-08
0:   443    8.311055e-05    0.954214    3.123952e-08
0:   444    7.842905e-05    0.943671    2.947984e-08
0:   445    7.151281e-05    0.911815    2.688017e-08
0:   446    6.846392e-05    0.957366    2.573416e-08
0:   447    6.474424e-05    0.945669    2.433600e-08
0:   448    5.864694e-05    0.905825    2.204416e-08
0:   449    5.557762e-05    0.947664    2.089046e-08
0:   450    5.220563e-05    0.939328    1.962301e-08
0:   451    4.838871e-05    0.926887    1.818831e-08
0:   452    4.504974e-05    0.930997    1.693325e-08
0:   453    4.215344e-05    0.935709    1.584460e-08
0:   454    4.031779e-05    0.956453    1.515461e-08
0:   455    3.759593e-05    0.932490    1.413152e-08
0:   456    3.522512e-05    0.936940    1.324039e-08
0:   457    3.464138e-05    0.983428    1.302097e-08
0:   458    3.298403e-05    0.952157    1.239801e-08
0:   459    3.126920e-05    0.948010    1.175344e-08
0:   460    3.128455e-05    1.000491    1.175921e-08
0:   461    3.046268e-05    0.973729    1.145028e-08
0:   462    2.973578e-05    0.976138    1.117706e-08
0:   463    2.964189e-05    0.996843    1.114177e-08
0:   464    2.949453e-05    0.995028    1.108638e-08
0:   465    2.958203e-05    1.002967    1.111926e-08
0:   466    2.905707e-05    0.982254    1.092195e-08
0:   467    2.939742e-05    1.011713    1.104988e-08
0:   468    2.981398e-05    1.014170    1.120645e-08
0:   469    2.910893e-05    0.976352    1.094144e-08
0:   470    2.941051e-05    1.010360    1.105480e-08
0:   471    2.965502e-05    1.008313    1.114670e-08
0:   472    2.860016e-05    0.964429    1.075020e-08
0:   473    2.811492e-05    0.983034    1.056781e-08
0:   474    2.755914e-05    0.980232    1.035890e-08
0:   475    2.614266e-05    0.948602    9.826481e-09
0: 
0: 
0: =============================================
0: Solve phase times:
0: =============================================
0: PCG Solve:
0:   wall clock time = 1.035104 seconds
0:   wall MFLOPS     = 0.000000
0:   cpu clock time  = 1.035045 seconds
0:   cpu MFLOPS      = 0.000000
0: 
0: 
0: Iterations = 475
0: Final Relative Residual Norm = 9.826481e-09
0: 
0: 27pt 3D Laplacian
0: =============================================
0: Hypre init times:
0: =============================================
0: Hypre init:
0:   wall clock time = 0.000001 seconds
0:   wall MFLOPS     = 0.000000
0:   cpu clock time  = 0.000002 seconds
0:   cpu MFLOPS      = 0.000000
0: 
0: 
0: Using HYPRE_DEVELOP_STRING: v3.1.0-3-g13083b05c (branch v3.1.0_highradixallreduce; not the develop branch)
0: 
0: Running with these driver parameters:
0:   solver ID    = 2
0: 
0:   Laplacian_27pt:
0:     (nx, ny, nz) = (192, 192, 192)
0:     (Px, Py, Pz) = (4, 4, 4)
0: 
0: =============================================
0: Generate Matrix:
0: =============================================
0: Spatial Operator:
0:   wall clock time = 0.020553 seconds
0:   wall MFLOPS     = 0.000000
0:   cpu clock time  = 0.020554 seconds
0:   cpu MFLOPS      = 0.000000
0: 
0:   Number of vector components: 1
0:   RHS vector has unit coefficients
0:   Initial guess is 0
0: =============================================
0: IJ Vector Setup:
0: =============================================
0: RHS and Initial Guess:
0:   wall clock time = 0.004707 seconds
0:   wall MFLOPS     = 0.000000
0:   cpu clock time  = 0.004658 seconds
0:   cpu MFLOPS      = 0.000000
0: 
0: Solver: DS-PCG
0: HYPRE_ParCSRPCGGetPrecond got good precond
0: =============================================
0: Setup phase times:
0: =============================================
0: PCG Setup:
0:   wall clock time = 0.000632 seconds
0:   wall MFLOPS     = 0.000000
0:   cpu clock time  = 0.000632 seconds
0:   cpu MFLOPS      = 0.000000
0: 
0: <b,b>: 7.077888e+06
0: 
0: 
0: Iters       ||r||_2     conv.rate  ||r||_2/||b||_2
0: -----    ------------   ---------  ------------ 
0:     1    1.492764e+04    5.610987    5.610987e+00
0:     2    1.466179e+04    0.982191    5.511062e+00
0:     3    1.440227e+04    0.982299    5.413512e+00
0:     4    1.414143e+04    0.981889    5.315467e+00
0:     5    1.388247e+04    0.981688    5.218129e+00
0:     6    1.362887e+04    0.981732    5.122807e+00
0:     7    1.337738e+04    0.981548    5.028279e+00
0:     8    1.312792e+04    0.981352    4.934512e+00
0:     9    1.288278e+04    0.981327    4.842369e+00
0:    10    1.264025e+04    0.981174    4.751206e+00
0:    11    1.239992e+04    0.980987    4.660869e+00
0:    12    1.216339e+04    0.980926    4.571965e+00
0:    13    1.192958e+04    0.980777    4.484080e+00
0:    14    1.169807e+04    0.980593    4.397059e+00
0:    15    1.147005e+04    0.980508    4.311351e+00
0:    16    1.124474e+04    0.980357    4.226664e+00
0:    17    1.102178e+04    0.980172    4.142857e+00
0:    18    1.080209e+04    0.980067    4.060278e+00
0:    19    1.058507e+04    0.979910    3.978707e+00
0:    20    1.037041e+04    0.979721    3.898021e+00
0:    21    1.015885e+04    0.979599    3.818498e+00
0:    22    9.949908e+03    0.979433    3.739962e+00
0:    23    9.743319e+03    0.979237    3.662310e+00
0:    24    9.539674e+03    0.979099    3.585764e+00
0:    25    9.338600e+03    0.978922    3.510184e+00
0:    26    9.139853e+03    0.978718    3.435480e+00
0:    27    8.943923e+03    0.978563    3.361833e+00
0:    28    8.750502e+03    0.978374    3.289131e+00
0:    29    8.559377e+03    0.978158    3.217291e+00
0:    30    8.370955e+03    0.977986    3.146467e+00
0:    31    8.184978e+03    0.977783    3.076562e+00
0:    32    8.001258e+03    0.977554    3.007506e+00
0:    33    7.820138e+03    0.977363    2.939426e+00
0:    34    7.641397e+03    0.977144    2.872241e+00
0:    35    7.464870e+03    0.976899    2.805889e+00
0:    36    7.290846e+03    0.976688    2.740476e+00
0:    37    7.119135e+03    0.976448    2.675934e+00
0:    38    6.949591e+03    0.976185    2.612206e+00
0:    39    6.782458e+03    0.975951    2.549384e+00
0:    40    6.617572e+03    0.975689    2.487407e+00
0:    41    6.454803e+03    0.975404    2.426226e+00
0:    42    6.294357e+03    0.975143    2.365917e+00
0:    43    6.136092e+03    0.974856    2.306429e+00
0:    44    5.979891e+03    0.974544    2.247716e+00
0:    45    5.825929e+03    0.974253    2.189845e+00
0:    46    5.674080e+03    0.973936    2.132768e+00
0:    47    5.524240e+03    0.973592    2.076446e+00
0:    48    5.376557e+03    0.973266    2.020935e+00
0:    49    5.230920e+03    0.972913    1.966193e+00
0:    50    5.087234e+03    0.972531    1.912185e+00
0:    51    4.945625e+03    0.972164    1.858957e+00
0:    52    4.805993e+03    0.971767    1.806472e+00
0:    53    4.668254e+03    0.971340    1.754699e+00
0:    54    4.532512e+03    0.970922    1.703676e+00
0:    55    4.398678e+03    0.970473    1.653371e+00
0:    56    4.266675e+03    0.969990    1.603754e+00
0:    57    4.136590e+03    0.969511    1.554858e+00
0:    58    4.008343e+03    0.968997    1.506652e+00
0:    59    3.881863e+03    0.968446    1.459111e+00
0:    60    3.757221e+03    0.967891    1.412261e+00
0:    61    3.634345e+03    0.967296    1.366074e+00
0:    62    3.513169e+03    0.966658    1.320527e+00
0:    63    3.393751e+03    0.966008    1.275640e+00
0:    64    3.276024e+03    0.965311    1.231389e+00
0:    65    3.159928e+03    0.964562    1.187751e+00
0:    66    3.045507e+03    0.963790    1.144742e+00
0:    67    2.932700e+03    0.962960    1.102341e+00
0:    68    2.821451e+03    0.962066    1.060524e+00
0:    69    2.711791e+03    0.961134    1.019306e+00
0:    70    2.603664e+03    0.960127    9.786629e-01
0:    71    2.497016e+03    0.959039    9.385761e-01
0:    72    2.391869e+03    0.957891    8.990536e-01
0:    73    2.288169e+03    0.956645    8.600749e-01
0:    74    2.185863e+03    0.955289    8.216203e-01
0:    75    2.084965e+03    0.953840    7.836946e-01
0:    76    1.985420e+03    0.952256    7.462779e-01
0:    77    1.887178e+03    0.950518    7.093509e-01
0:    78    1.790242e+03    0.948634    6.729147e-01
0:    79    1.694559e+03    0.946553    6.369494e-01
0:    80    1.600079e+03    0.944245    6.014361e-01
0:    81    1.506792e+03    0.941699    5.663716e-01
0:    82    1.414647e+03    0.938847    5.317362e-01
0:    83    1.323590e+03    0.935633    4.975099e-01
0:    84    1.233604e+03    0.932013    4.636859e-01
0:    85    1.144632e+03    0.927876    4.302432e-01
0:    86    1.056618e+03    0.923107    3.971606e-01
0:    87    9.695316e+02    0.917580    3.644266e-01
0:    88    8.833111e+02    0.911070    3.320182e-01
0:    89    7.978933e+02    0.903298    2.999114e-01
0:    90    7.132308e+02    0.893892    2.680885e-01
0:    91    6.292500e+02    0.882253    2.365219e-01
0:    92    5.458700e+02    0.867493    2.051811e-01
0:    93    4.630105e+02    0.848207    1.740360e-01
0:    94    3.805528e+02    0.821910    1.430418e-01
0:    95    2.983264e+02    0.783929    1.121346e-01
0:    96    2.160241e+02    0.724120    8.119894e-02
0:    97    5.636319e+02    2.609116    2.118574e-01
0:    98    4.172039e+02    0.740206    1.568182e-01
0:    99    3.734556e+02    0.895139    1.403742e-01
0:   100    3.594276e+02    0.962437    1.351013e-01
0:   101    3.310655e+02    0.921091    1.244406e-01
0:   102    3.054874e+02    0.922740    1.148263e-01
0:   103    2.916641e+02    0.954750    1.096304e-01
0:   104    2.719646e+02    0.932458    1.022258e-01
0:   105    2.525697e+02    0.928686    9.493565e-02
0:   106    2.396285e+02    0.948762    9.007135e-02
0:   107    2.238071e+02    0.933975    8.412440e-02
0:   108    2.081284e+02    0.929945    7.823110e-02
0:   109    1.965386e+02    0.944314    7.387473e-02
0:   110    1.834575e+02    0.933443    6.895784e-02
0:   111    1.705821e+02    0.929818    6.411825e-02
0:   112    1.605068e+02    0.940936    6.033114e-02
0:   113    1.496738e+02    0.932508    5.625926e-02
0:   114    1.391098e+02    0.929420    5.228846e-02
0:   115    1.305619e+02    0.938553    4.907549e-02
0:   116    1.216688e+02    0.931886    4.573275e-02
0:   117    1.130802e+02    0.929410    4.250447e-02
0:   118    1.059956e+02    0.937349    3.984152e-02
0:   119    9.880116e+01    0.932125    3.713729e-02
0:   120    9.192009e+01    0.930354    3.455084e-02
0:   121    8.618900e+01    0.937651    3.239664e-02
0:   122    8.047649e+01    0.933721    3.024943e-02
0:   123    7.506204e+01    0.932720    2.821425e-02
0:   124    7.053719e+01    0.939719    2.651346e-02
0:   125    6.608625e+01    0.936899    2.484044e-02
0:   126    6.189234e+01    0.936539    2.326404e-02
0:   127    5.837665e+01    0.943197    2.194256e-02
0:   128    5.492905e+01    0.940942    2.064668e-02
0:   129    5.166149e+01    0.940513    1.941848e-02
0:   130    4.886933e+01    0.945953    1.836896e-02
0:   131    4.607244e+01    0.942768    1.731767e-02
0:   132    4.332243e+01    0.940311    1.628399e-02
0:   133    4.081517e+01    0.942126    1.534157e-02
0:   134    3.816505e+01    0.935070    1.434544e-02
0:   135    3.540899e+01    0.927786    1.330950e-02
0:   136    3.275481e+01    0.925042    1.231185e-02
0:   137    3.006159e+01    0.917776    1.129952e-02
0:   138    2.755061e+01    0.916472    1.035570e-02
0:   139    2.549263e+01    0.925302    9.582146e-03
0:   140    2.367206e+01    0.928584    8.897831e-03
0:   141    2.192806e+01    0.926327    8.242301e-03
0:   142    2.024500e+01    0.923246    7.609672e-03
0:   143    1.860496e+01    0.918990    6.993215e-03
0:   144    1.714033e+01    0.921277    6.442690e-03
0:   145    1.583167e+01    0.923650    5.950793e-03
0:   146    1.451530e+01    0.916852    5.455997e-03
0:   147    1.329846e+01    0.916169    4.998614e-03
0:   148    1.223526e+01    0.920051    4.598980e-03
0:   149    1.118427e+01    0.914101    4.203934e-03
0:   150    1.020578e+01    0.912512    3.836139e-03
0:   151    9.344455e+00    0.915604    3.512385e-03
0:   152    8.504355e+00    0.910096    3.196609e-03
0:   153    7.730939e+00    0.909056    2.905898e-03
0:   154    7.038015e+00    0.910370    2.645443e-03
0:   155    6.374467e+00    0.905719    2.396029e-03
0:   156    5.769056e+00    0.905026    2.168468e-03
0:   157    5.216620e+00    0.904241    1.960818e-03
0:   158    4.703735e+00    0.901683    1.768036e-03
0:   159    4.230170e+00    0.899322    1.590033e-03
0:   160    3.800927e+00    0.898528    1.428689e-03
0:   161    3.409481e+00    0.897013    1.281553e-03
0:   162    3.043179e+00    0.892564    1.143867e-03
0:   163    2.720553e+00    0.893984    1.022599e-03
0:   164    2.422385e+00    0.890402    9.105237e-04
0:   165    2.150119e+00    0.887604    8.081846e-04
0:   166    1.909813e+00    0.888236    7.178587e-04
0:   167    1.690148e+00    0.884981    6.352912e-04
0:   168    1.492619e+00    0.883130    5.610444e-04
0:   169    1.317707e+00    0.882815    4.952985e-04
0:   170    1.162099e+00    0.881910    4.368089e-04
0:   171    1.021465e+00    0.878983    3.839475e-04
0:   172    9.008152e-01    0.881885    3.385976e-04
0:   173    7.934882e-01    0.880856    2.982556e-04
0:   174    6.998610e-01    0.882006    2.630631e-04
0:   175    6.199650e-01    0.885840    2.330319e-04
0:   176    5.515834e-01    0.889701    2.073287e-04
0:   177    4.923919e-01    0.892688    1.850798e-04
0:   178    4.438278e-01    0.901371    1.668256e-04
0:   179    4.025614e-01    0.907022    1.513144e-04
0:   180    3.675217e-01    0.912958    1.381437e-04
0:   181    3.384157e-01    0.920805    1.272034e-04
0:   182    3.131846e-01    0.925443    1.177195e-04
0:   183    2.895468e-01    0.924525    1.088346e-04
0:   184    2.675306e-01    0.923963    1.005592e-04
0:   185    2.446204e-01    0.914364    9.194769e-05
0:   186    2.197509e-01    0.898334    8.259977e-05
0:   187    1.936103e-01    0.881044    7.277406e-05
0:   188    1.669055e-01    0.862069    6.273627e-05
0:   189    1.408793e-01    0.844066    5.295357e-05
0:   190    1.197023e-01    0.849680    4.499360e-05
0:   191    1.075467e-01    0.898451    4.042455e-05
0:   192    1.120970e-01    1.042310    4.213491e-05
0:   193    1.133462e-01    1.011144    4.260448e-05
0:   194    9.680126e-02    0.854032    3.638557e-05
0:   195    8.986013e-02    0.928295    3.377654e-05
0:   196    8.320822e-02    0.925975    3.127623e-05
0:   197    7.682461e-02    0.923281    2.887676e-05
0:   198    7.071366e-02    0.920456    2.657979e-05
0:   199    6.472355e-02    0.915291    2.432823e-05
0:   200    5.883164e-02    0.908968    2.211358e-05
0:   201    5.324499e-02    0.905040    2.001368e-05
0:   202    4.787029e-02    0.899057    1.799344e-05
0:   203    4.283143e-02    0.894739    1.609944e-05
0:   204    3.821712e-02    0.892268    1.436502e-05
0:   205    3.408731e-02    0.891938    1.281271e-05
0:   206    3.040046e-02    0.891841    1.142690e-05
0:   207    2.724323e-02    0.896145    1.024016e-05
0:   208    2.452902e-02    0.900371    9.219944e-06
0:   209    2.217728e-02    0.904124    8.335974e-06
0:   210    2.011794e-02    0.907142    7.561913e-06
0:   211    1.820838e-02    0.905081    6.844148e-06
0:   212    1.633241e-02    0.896972    6.139011e-06
0:   213    1.444562e-02    0.884476    5.429806e-06
0:   214    1.258772e-02    0.871387    4.731462e-06
0:   215    1.086666e-02    0.863275    4.084551e-06
0:   216    9.432545e-03    0.868026    3.545496e-06
0:   217    8.327173e-03    0.882813    3.130010e-06
0:   218    7.442095e-03    0.893712    2.797328e-06
0:   219    6.628808e-03    0.890718    2.491630e-06
0:   220    5.820933e-03    0.878127    2.187967e-06
0:   221    5.108258e-03    0.877567    1.920087e-06
0:   222    4.543260e-03    0.889395    1.707717e-06
0:   223    4.045994e-03    0.890549    1.520805e-06
0:   224    3.551030e-03    0.877666    1.334758e-06
0:   225    3.107547e-03    0.875112    1.168062e-06
0:   226    2.732133e-03    0.879193    1.026952e-06
0:   227    2.371510e-03    0.868007    8.914011e-07
0:   228    2.045619e-03    0.862581    7.689056e-07
0:   229    1.778746e-03    0.869539    6.685933e-07
0:   230    1.545192e-03    0.868698    5.808054e-07
0:   231    1.348766e-03    0.872879    5.069728e-07
0:   232    1.191208e-03    0.883184    4.477503e-07
0:   233    1.045342e-03    0.877548    3.929223e-07
0:   234    9.106171e-04    0.871119    3.422819e-07
0:   235    7.901496e-04    0.867708    2.970007e-07
0:   236    6.833981e-04    0.864897    2.568751e-07
0:   237    5.990859e-04    0.876628    2.251838e-07
0:   238    5.248469e-04    0.876080    1.972790e-07
0:   239    4.555676e-04    0.868001    1.712383e-07
0:   240    3.965753e-04    0.870508    1.490644e-07
0:   241    3.461680e-04    0.872894    1.301173e-07
0:   242    3.036750e-04    0.877247    1.141451e-07
0:   243    2.655125e-04    0.874331    9.980059e-08
0:   244    2.344650e-04    0.883066    8.813049e-08
0:   245    2.083946e-04    0.888809    7.833117e-08
0:   246    1.846106e-04    0.885870    6.939127e-08
0:   247    1.656120e-04    0.897088    6.225009e-08
0:   248    1.489799e-04    0.899572    5.599842e-08
0:   249    1.346998e-04    0.904148    5.063085e-08
0:   250    1.225442e-04    0.909758    4.606180e-08
0:   251    1.117910e-04    0.912250    4.201989e-08
0:   252    1.020254e-04    0.912644    3.834922e-08
0:   253    9.338941e-05    0.915354    3.510312e-08
0:   254    8.514315e-05    0.911700    3.200353e-08
0:   255    7.761059e-05    0.911531    2.917220e-08
0:   256    7.038337e-05    0.906878    2.645564e-08
0:   257    6.351298e-05    0.902386    2.387320e-08
0:   258    5.703059e-05    0.897936    2.143661e-08
0:   259    5.071812e-05    0.889314    1.906388e-08
0:   260    4.513353e-05    0.889890    1.696475e-08
0:   261    3.987224e-05    0.883428    1.498714e-08
0:   262    3.545825e-05    0.889297    1.332802e-08
0:   263    3.164136e-05    0.892355    1.189332e-08
0:   264    2.861647e-05    0.904401    1.075633e-08
0:   265    2.621920e-05    0.916228    9.855247e-09
0: 
0: 
0: =============================================
0: Solve phase times:
0: =============================================
0: PCG Solve:
0:   wall clock time = 1.495448 seconds
0:   wall MFLOPS     = 0.000000
0:   cpu clock time  = 1.495409 seconds
0:   cpu MFLOPS      = 0.000000
0: 
0: 
0: Iterations = 265
0: Final Relative Residual Norm = 9.855247e-09
0: 
0: 125pt 3D Laplacian
0: =============================================
0: Hypre init times:
0: =============================================
0: Hypre init:
0:   wall clock time = 0.000002 seconds
0:   wall MFLOPS     = 0.000000
0:   cpu clock time  = 0.000002 seconds
0:   cpu MFLOPS      = 0.000000
0: 
0: 
0: Using HYPRE_DEVELOP_STRING: v3.1.0-3-g13083b05c (branch v3.1.0_highradixallreduce; not the develop branch)
0: 
0: Running with these driver parameters:
0:   solver ID    = 2
0: 
0:   Laplacian_125pt:
0:     (nx, ny, nz) = (192, 192, 192)
0:     (Px, Py, Pz) = (4, 4, 4)
0: 
0: =============================================
0: Generate Matrix:
0: =============================================
0: Spatial Operator:
0:   wall clock time = 0.280848 seconds
0:   wall MFLOPS     = 0.000000
0:   cpu clock time  = 0.279203 seconds
0:   cpu MFLOPS      = 0.000000
0: 
0:   Number of vector components: 1
0:   RHS vector has unit coefficients
0:   Initial guess is 0
0: =============================================
0: IJ Vector Setup:
0: =============================================
0: RHS and Initial Guess:
0:   wall clock time = 0.002799 seconds
0:   wall MFLOPS     = 0.000000
0:   cpu clock time  = 0.002751 seconds
0:   cpu MFLOPS      = 0.000000
0: 
0: Solver: DS-PCG
0: HYPRE_ParCSRPCGGetPrecond got good precond
0: =============================================
0: Setup phase times:
0: =============================================
0: PCG Setup:
0:   wall clock time = 0.000473 seconds
0:   wall MFLOPS     = 0.000000
0:   cpu clock time  = 0.000460 seconds
0:   cpu MFLOPS      = 0.000000
0: 
0: <b,b>: 7.077888e+06
0: 
0: 
0: Iters       ||r||_2     conv.rate  ||r||_2/||b||_2
0: -----    ------------   ---------  ------------ 
0:     1    3.284406e+04    12.345395    1.234540e+01
0:     2    3.788482e+04    1.153475    1.424011e+01
0:     3    4.122741e+04    1.088230    1.549652e+01
0:     4    4.381945e+04    1.062872    1.647081e+01
0:     5    4.597081e+04    1.049096    1.727946e+01
0:     6    4.780274e+04    1.039850    1.796805e+01
0:     7    4.942476e+04    1.033932    1.857773e+01
0:     8    5.086369e+04    1.029113    1.911860e+01
0:     9    5.217556e+04    1.025792    1.961170e+01
0:    10    5.337073e+04    1.022907    2.006094e+01
0:    11    5.447552e+04    1.020700    2.047621e+01
0:    12    5.550314e+04    1.018864    2.086247e+01
0:    13    5.645913e+04    1.017224    2.122181e+01
0:    14    5.736287e+04    1.016007    2.156150e+01
0:    15    5.820721e+04    1.014719    2.187887e+01
0:    16    5.901420e+04    1.013864    2.218220e+01
0:    17    5.977229e+04    1.012846    2.246715e+01
0:    18    6.050059e+04    1.012185    2.274091e+01
0:    19    6.119046e+04    1.011403    2.300021e+01
0:    20    6.185309e+04    1.010829    2.324928e+01
0:    21    6.248752e+04    1.010257    2.348775e+01
0:    22    6.309475e+04    1.009718    2.371600e+01
0:    23    6.368269e+04    1.009318    2.393699e+01
0:    24    6.424312e+04    1.008800    2.414764e+01
0:    25    6.479068e+04    1.008523    2.435346e+01
0:    26    6.531180e+04    1.008043    2.454934e+01
0:    27    6.582324e+04    1.007831    2.474158e+01
0:    28    6.631144e+04    1.007417    2.492508e+01
0:    29    6.678999e+04    1.007217    2.510496e+01
0:    30    6.725043e+04    1.006894    2.527803e+01
0:    31    6.769896e+04    1.006670    2.544662e+01
0:    32    6.813545e+04    1.006448    2.561069e+01
0:    33    6.855695e+04    1.006186    2.576912e+01
0:    34    6.897200e+04    1.006054    2.592513e+01
0:    35    6.936969e+04    1.005766    2.607462e+01
0:    36    6.976471e+04    1.005694    2.622309e+01
0:    37    7.014194e+04    1.005407    2.636489e+01
0:    38    7.051765e+04    1.005356    2.650611e+01
0:    39    7.087760e+04    1.005104    2.664141e+01
0:    40    7.123451e+04    1.005036    2.677556e+01
0:    41    7.157981e+04    1.004847    2.690535e+01
0:    42    7.191868e+04    1.004734    2.703273e+01
0:    43    7.225113e+04    1.004623    2.715769e+01
0:    44    7.257322e+04    1.004458    2.727875e+01
0:    45    7.289375e+04    1.004417    2.739924e+01
0:    46    7.320085e+04    1.004213    2.751467e+01
0:    47    7.350959e+04    1.004218    2.763072e+01
0:    48    7.380388e+04    1.004004    2.774134e+01
0:    49    7.410049e+04    1.004019    2.785282e+01
0:    50    7.438420e+04    1.003829    2.795946e+01
0:    51    7.466828e+04    1.003819    2.806625e+01
0:    52    7.494327e+04    1.003683    2.816961e+01
0:    53    7.521480e+04    1.003623    2.827167e+01
0:    54    7.548224e+04    1.003556    2.837220e+01
0:    55    7.574180e+04    1.003439    2.846976e+01
0:    56    7.600208e+04    1.003436    2.856759e+01
0:    57    7.625090e+04    1.003274    2.866112e+01
0:    58    7.650368e+04    1.003315    2.875613e+01
0:    59    7.674349e+04    1.003135    2.884627e+01
0:    60    7.698797e+04    1.003186    2.893817e+01
0:    61    7.722063e+04    1.003022    2.902562e+01
0:    62    7.745600e+04    1.003048    2.911409e+01
0:    63    7.768308e+04    1.002932    2.919945e+01
0:    64    7.790806e+04    1.002896    2.928401e+01
0:    65    7.811778e+04    1.002692    2.936284e+01
0:    66    7.821515e+04    1.001247    2.939944e+01
0:    67    7.781756e+04    0.994917    2.924999e+01
0:    68    7.639274e+04    0.981690    2.871443e+01
0:    69    7.512373e+04    0.983388    2.823744e+01
0:    70    8.185017e+04    1.089538    3.076577e+01
0:    71    8.198485e+04    1.001645    3.081639e+01
0:    72    7.139386e+04    0.870818    2.683546e+01
0:    73    8.653447e+04    1.212072    3.252650e+01
0:    74    7.432592e+04    0.858917    2.793756e+01
0:    75    8.115532e+04    1.091885    3.050459e+01
0:    76    7.666420e+04    0.944660    2.881647e+01
0:    77    8.304671e+04    1.083253    3.121552e+01
0:    78    7.349784e+04    0.885018    2.762630e+01
0:    79    9.111763e+04    1.239732    3.424921e+01
0:    80    7.151629e+04    0.784879    2.688148e+01
0:    81    8.646409e+04    1.209013    3.250004e+01
0:    82    8.523493e+04    0.985784    3.203803e+01
0:    83    7.141097e+04    0.837813    2.684189e+01
0:    84    9.004318e+04    1.260915    3.384535e+01
0:    85    8.545956e+04    0.949095    3.212246e+01
0:    86    7.210978e+04    0.843788    2.710456e+01
0:    87    8.477370e+04    1.175620    3.186466e+01
0:    88    9.275567e+04    1.094156    3.486492e+01
0:    89    7.649900e+04    0.824737    2.875437e+01
0:    90    7.445747e+04    0.973313    2.798700e+01
0:    91    9.152690e+04    1.229251    3.440305e+01
0:    92    9.125767e+04    0.997058    3.430185e+01
0:    93    7.637473e+04    0.836913    2.870766e+01
0:    94    7.435094e+04    0.973502    2.794696e+01
0:    95    8.874268e+04    1.193565    3.335652e+01
0:    96    9.583426e+04    1.079912    3.602209e+01
0:    97    8.291999e+04    0.865244    3.116789e+01
0:    98    7.379074e+04    0.889903    2.773640e+01
0:    99    7.801706e+04    1.057274    2.932498e+01
0:   100    9.283657e+04    1.189952    3.489532e+01
0:   101    9.584311e+04    1.032385    3.602542e+01
0:   102    8.549623e+04    0.892044    3.213624e+01
0:   103    7.463867e+04    0.873005    2.805511e+01
0:   104    7.582206e+04    1.015855    2.849993e+01
0:   105    8.664131e+04    1.142693    3.256666e+01
0:   106    9.691410e+04    1.118567    3.642798e+01
0:   107    9.580640e+04    0.988570    3.601162e+01
0:   108    8.364979e+04    0.873113    3.144221e+01
0:   109    7.588082e+04    0.907125    2.852201e+01
0:   110    7.497227e+04    0.988027    2.818051e+01
0:   111    8.432744e+04    1.124782    3.169692e+01
0:   112    9.441183e+04    1.119586    3.548743e+01
0:   113    9.961143e+04    1.055074    3.744185e+01
0:   114    9.337230e+04    0.937365    3.509669e+01
0:   115    8.294374e+04    0.888312    3.117682e+01
0:   116    7.612769e+04    0.917823    2.861480e+01
0:   117    7.518562e+04    0.987625    2.826070e+01
0:   118    8.218499e+04    1.093094    3.089162e+01
0:   119    9.105560e+04    1.107935    3.422589e+01
0:   120    9.994858e+04    1.097665    3.756858e+01
0:   121    9.932487e+04    0.993760    3.733414e+01
0:   122    9.347966e+04    0.941151    3.513705e+01
0:   123    8.377859e+04    0.896223    3.149062e+01
0:   124    7.733052e+04    0.923034    2.906692e+01
0:   125    7.551630e+04    0.976539    2.838500e+01
0:   126    7.867518e+04    1.041830    2.957235e+01
0:   127    8.661954e+04    1.100977    3.255847e+01
0:   128    9.454315e+04    1.091476    3.553679e+01
0:   129    1.016600e+05    1.075277    3.821188e+01
0:   130    1.011312e+05    0.994798    3.801310e+01
0:   131    9.713040e+04    0.960439    3.650928e+01
0:   132    8.859970e+04    0.912173    3.330277e+01
0:   133    8.190876e+04    0.924481    3.078779e+01
0:   134    7.712873e+04    0.941642    2.899108e+01
0:   135    7.625651e+04    0.988691    2.866323e+01
0:   136    7.896572e+04    1.035528    2.968156e+01
0:   137    8.411929e+04    1.065263    3.161868e+01
0:   138    9.291534e+04    1.104566    3.492493e+01
0:   139    1.007971e+05    1.084828    3.788753e+01
0:   140    1.043545e+05    1.035293    3.922469e+01
0:   141    1.003781e+05    0.961895    3.773002e+01
0:   142    9.949080e+04    0.991161    3.739651e+01
0:   143    9.225785e+04    0.927300    3.467779e+01
0:   144    8.325899e+04    0.902460    3.129531e+01
0:   145    8.189768e+04    0.983650    3.078363e+01
0:   146    7.528243e+04    0.919225    2.829709e+01
0:   147    7.858501e+04    1.043869    2.953846e+01
0:   148    7.828637e+04    0.996200    2.942621e+01
0:   149    8.578938e+04    1.095841    3.224643e+01
0:   150    8.932604e+04    1.041225    3.357579e+01
0:   151    9.859401e+04    1.103755    3.705943e+01
0:   152    1.003982e+05    1.018299    3.773759e+01
0:   153    1.078029e+05    1.073753    4.052084e+01
0:   154    1.023252e+05    0.949189    3.846192e+01
0:   155    1.045061e+05    1.021313    3.928167e+01
0:   156    9.470592e+04    0.906224    3.559797e+01
0:   157    9.239632e+04    0.975613    3.472985e+01
0:   158    8.569790e+04    0.927503    3.221205e+01
0:   159    7.958299e+04    0.928646    2.991358e+01
0:   160    8.066129e+04    1.013549    3.031889e+01
0:   161    7.531607e+04    0.933733    2.830974e+01
0:   162    7.937818e+04    1.053934    2.983660e+01
0:   163    8.226033e+04    1.036309    3.091994e+01
0:   164    8.304537e+04    1.009543    3.121502e+01
0:   165    9.192539e+04    1.106930    3.455283e+01
0:   166    9.636621e+04    1.048309    3.622204e+01
0:   167    9.839464e+04    1.021049    3.698449e+01
0:   168    1.069678e+05    1.087131    4.020698e+01
0:   169    1.085922e+05    1.015186    4.081754e+01
0:   170    1.040957e+05    0.958593    3.912740e+01
0:   171    1.071042e+05    1.028901    4.025822e+01
0:   172    1.035456e+05    0.966774    3.892061e+01
0:   173    9.487581e+04    0.916271    3.566183e+01
0:   174    9.205437e+04    0.970262    3.460131e+01
0:   175    9.061042e+04    0.984314    3.405856e+01
0:   176    8.312601e+04    0.917400    3.124533e+01
0:   177    7.872785e+04    0.947090    2.959215e+01
0:   178    8.046528e+04    1.022069    3.024522e+01
0:   179    7.963832e+04    0.989723    2.993438e+01
0:   180    7.704955e+04    0.967493    2.896131e+01
0:   181    7.895291e+04    1.024703    2.967675e+01
0:   182    8.573090e+04    1.085848    3.222445e+01
0:   183    8.837917e+04    1.030891    3.321988e+01
0:   184    8.917661e+04    1.009023    3.351962e+01
0:   185    9.415801e+04    1.055860    3.539203e+01
0:   186    1.027015e+05    1.090736    3.860335e+01
0:   187    1.063072e+05    1.035109    3.995866e+01
0:   188    1.048280e+05    0.986085    3.940264e+01
0:   189    1.065069e+05    1.016017    4.003373e+01
0:   190    1.112061e+05    1.044121    4.180006e+01
0:   191    1.126243e+05    1.012752    4.233311e+01
0:   192    1.066992e+05    0.947391    4.010600e+01
0:   193    1.012821e+05    0.949230    3.806982e+01
0:   194    9.965029e+04    0.983888    3.745646e+01
0:   195    9.936624e+04    0.997150    3.734969e+01
0:   196    9.460877e+04    0.952122    3.556146e+01
0:   197    8.737050e+04    0.923493    3.284074e+01
0:   198    8.263365e+04    0.945784    3.106026e+01
0:   199    8.219016e+04    0.994633    3.089356e+01
0:   200    8.302245e+04    1.010126    3.120640e+01
0:   201    8.137540e+04    0.980161    3.058731e+01
0:   202    7.837380e+04    0.963114    2.945907e+01
0:   203    7.711177e+04    0.983897    2.898470e+01
0:   204    7.986147e+04    1.035659    3.001825e+01
0:   205    8.380649e+04    1.049398    3.150111e+01
0:   206    8.668264e+04    1.034319    3.258219e+01
0:   207    8.689339e+04    1.002431    3.266141e+01
0:   208    8.865145e+04    1.020232    3.332223e+01
0:   209    9.179619e+04    1.035473    3.450427e+01
0:   210    9.704997e+04    1.057233    3.647905e+01
0:   211    1.038398e+05    1.069962    3.903121e+01
0:   212    1.086540e+05    1.046362    4.084078e+01
0:   213    1.067634e+05    0.982599    4.013013e+01
0:   214    1.061675e+05    0.994419    3.990616e+01
0:   215    1.102042e+05    1.038021    4.142345e+01
0:   216    1.107911e+05    1.005325    4.164404e+01
0:   217    1.173195e+05    1.058926    4.409794e+01
0:   218    1.136305e+05    0.968556    4.271133e+01
0:   219    1.105283e+05    0.972699    4.154527e+01
0:   220    1.045970e+05    0.946337    3.931583e+01
0:   221    1.009211e+05    0.964857    3.793414e+01
0:   222    1.002874e+05    0.993721    3.769594e+01
0:   223    9.959629e+04    0.993109    3.743616e+01
0:   224    9.874668e+04    0.991469    3.711681e+01
0:   225    9.401026e+04    0.952035    3.533649e+01
0:   226    8.911759e+04    0.947956    3.349744e+01
0:   227    8.460038e+04    0.949312    3.179951e+01
0:   228    8.168998e+04    0.965598    3.070556e+01
0:   229    8.221460e+04    1.006422    3.090275e+01
0:   230    8.232333e+04    1.001323    3.094362e+01
0:   231    8.451575e+04    1.026632    3.176770e+01
0:   232    8.086055e+04    0.956751    3.039379e+01
0:   233    8.129745e+04    1.005403    3.055801e+01
0:   234    7.780732e+04    0.957070    2.924614e+01
0:   235    7.872015e+04    1.011732    2.958926e+01
0:   236    8.008245e+04    1.017306    3.010132e+01
0:   237    8.298149e+04    1.036201    3.119101e+01
0:   238    8.887455e+04    1.071017    3.340608e+01
0:   239    9.035801e+04    1.016692    3.396369e+01
0:   240    9.315367e+04    1.030940    3.501451e+01
0:   241    9.385476e+04    1.007526    3.527804e+01
0:   242    9.218479e+04    0.982207    3.465033e+01
0:   243    9.691345e+04    1.051295    3.642774e+01
0:   244    9.955453e+04    1.027252    3.742046e+01
0:   245    1.035486e+05    1.040120    3.892177e+01
0:   246    1.113839e+05    1.075667    4.186688e+01
0:   247    1.119884e+05    1.005427    4.209408e+01
0:   248    1.154621e+05    1.031019    4.339979e+01
0:   249    1.166524e+05    1.010309    4.384720e+01
0:   250    1.123687e+05    0.963278    4.223705e+01
0:   251    1.111760e+05    0.989385    4.178872e+01
0:   252    1.126695e+05    1.013434    4.235011e+01
0:   253    1.106685e+05    0.982240    4.159796e+01
0:   254    1.131137e+05    1.022095    4.251706e+01
0:   255    1.172342e+05    1.036428    4.406589e+01
0:   256    1.143146e+05    0.975096    4.296846e+01
0:   257    1.127235e+05    0.986082    4.237042e+01
0:   258    1.106326e+05    0.981451    4.158448e+01
0:   259    1.050597e+05    0.949627    3.948975e+01
0:   260    9.854843e+04    0.938023    3.704229e+01
0:   261    9.832005e+04    0.997683    3.695645e+01
0:   262    9.639585e+04    0.980429    3.623318e+01
0:   263    9.343247e+04    0.969258    3.511931e+01
0:   264    9.380041e+04    1.003938    3.525761e+01
0:   265    9.500726e+04    1.012866    3.571124e+01
0:   266    9.271737e+04    0.975898    3.485052e+01
0:   267    8.910528e+04    0.961042    3.349281e+01
0:   268    8.879795e+04    0.996551    3.337729e+01
0:   269    8.586974e+04    0.967024    3.227664e+01
0:   270    8.122012e+04    0.945853    3.052894e+01
0:   271    7.806477e+04    0.961151    2.934291e+01
0:   272    7.909963e+04    1.013256    2.973190e+01
0:   273    7.952045e+04    1.005320    2.989007e+01
0:   274    7.911824e+04    0.994942    2.973889e+01
0:   275    8.030987e+04    1.015061    3.018680e+01
0:   276    8.362708e+04    1.041305    3.143367e+01
0:   277    8.541504e+04    1.021380    3.210573e+01
0:   278    8.414668e+04    0.985151    3.162898e+01
0:   279    8.310981e+04    0.987678    3.123924e+01
0:   280    8.385039e+04    1.008911    3.151761e+01
0:   281    8.520877e+04    1.016200    3.202819e+01
0:   282    8.339636e+04    0.978730    3.134695e+01
0:   283    8.320864e+04    0.997749    3.127639e+01
0:   284    8.745414e+04    1.051022    3.287218e+01
0:   285    9.210853e+04    1.053221    3.462167e+01
0:   286    9.341410e+04    1.014174    3.511241e+01
0:   287    9.752302e+04    1.043986    3.665686e+01
0:   288    9.981229e+04    1.023474    3.751735e+01
0:   289    1.057762e+05    1.059751    3.975906e+01
0:   290    1.079851e+05    1.020883    4.058934e+01
0:   291    1.062749e+05    0.984163    3.994652e+01
0:   292    1.067457e+05    1.004430    4.012349e+01
0:   293    1.070525e+05    1.002873    4.023878e+01
0:   294    1.107228e+05    1.034285    4.161838e+01
0:   295    1.093956e+05    0.988013    4.111951e+01
0:   296    1.092546e+05    0.998711    4.106651e+01
0:   297    1.091478e+05    0.999022    4.102636e+01
0:   298    1.138845e+05    1.043397    4.280679e+01
0:   299    1.176198e+05    1.032799    4.421082e+01
0:   300    1.208814e+05    1.027730    4.543681e+01
0:   301    1.201654e+05    0.994077    4.516768e+01
0:   302    1.210922e+05    1.007712    4.551602e+01
0:   303    1.228484e+05    1.014503    4.617613e+01
0:   304    1.240238e+05    1.009568    4.661795e+01
0:   305    1.209487e+05    0.975206    4.546209e+01
0:   306    1.156447e+05    0.956147    4.346842e+01
0:   307    1.124040e+05    0.971977    4.225030e+01
0:   308    1.084568e+05    0.964884    4.076663e+01
0:   309    1.103089e+05    1.017077    4.146279e+01
0:   310    1.086802e+05    0.985236    4.085061e+01
0:   311    1.089227e+05    1.002232    4.094177e+01
0:   312    1.057301e+05    0.970689    3.974172e+01
0:   313    1.059998e+05    1.002551    3.984311e+01
0:   314    1.083870e+05    1.022521    4.074041e+01
0:   315    1.080925e+05    0.997283    4.062970e+01
0:   316    1.084426e+05    1.003239    4.076131e+01
0:   317    1.036121e+05    0.955455    3.894560e+01
0:   318    1.021158e+05    0.985559    3.838319e+01
0:   319    9.771539e+04    0.956908    3.672917e+01
0:   320    9.510408e+04    0.973276    3.574763e+01
0:   321    9.570635e+04    1.006333    3.597401e+01
0:   322    9.180063e+04    0.959191    3.450594e+01
0:   323    8.901012e+04    0.969603    3.345704e+01
0:   324    8.528714e+04    0.958173    3.205765e+01
0:   325    8.274016e+04    0.970136    3.110030e+01
0:   326    8.374702e+04    1.012169    3.147875e+01
0:   327    8.512165e+04    1.016414    3.199545e+01
0:   328    8.402113e+04    0.987071    3.158178e+01
0:   329    8.495669e+04    1.011135    3.193344e+01
0:   330    8.315460e+04    0.978788    3.125608e+01
0:   331    8.221348e+04    0.988682    3.090233e+01
0:   332    8.417910e+04    1.023909    3.164116e+01
0:   333    8.448590e+04    1.003645    3.175648e+01
0:   334    8.504942e+04    1.006670    3.196830e+01
0:   335    8.542759e+04    1.004446    3.211044e+01
0:   336    8.283233e+04    0.969620    3.113494e+01
0:   337    7.972026e+04    0.962429    2.996518e+01
0:   338    8.053535e+04    1.010224    3.027155e+01
0:   339    7.924040e+04    0.983921    2.978481e+01
0:   340    7.933850e+04    1.001238    2.982168e+01
0:   341    8.083185e+04    1.018822    3.038300e+01
0:   342    8.123468e+04    1.004984    3.053442e+01
0:   343    8.042187e+04    0.989994    3.022890e+01
0:   344    8.144973e+04    1.012781    3.061525e+01
0:   345    8.263513e+04    1.014554    3.106082e+01
0:   346    8.302457e+04    1.004713    3.120720e+01
0:   347    8.779407e+04    1.057447    3.299995e+01
0:   348    9.260375e+04    1.054784    3.480781e+01
0:   349    9.437688e+04    1.019147    3.547430e+01
0:   350    9.519023e+04    1.008618    3.578002e+01
0:   351    9.754786e+04    1.024768    3.666620e+01
0:   352    9.667800e+04    0.991083    3.633924e+01
0:   353    9.616174e+04    0.994660    3.614519e+01
0:   354    9.964006e+04    1.036172    3.745262e+01
0:   355    1.026626e+05    1.030335    3.858873e+01
0:   356    1.027560e+05    1.000910    3.862383e+01
0:   357    1.018695e+05    0.991372    3.829060e+01
0:   358    1.004145e+05    0.985717    3.774371e+01
0:   359    1.004564e+05    1.000418    3.775947e+01
0:   360    9.883691e+04    0.983878    3.715073e+01
0:   361    9.960315e+04    1.007753    3.743874e+01
0:   362    1.046711e+05    1.050881    3.934366e+01
0:   363    1.069201e+05    1.021487    4.018904e+01
0:   364    1.093862e+05    1.023065    4.111600e+01
0:   365    1.108444e+05    1.013330    4.166409e+01
0:   366    1.152520e+05    1.039764    4.332080e+01
0:   367    1.171443e+05    1.016419    4.403210e+01
0:   368    1.171633e+05    1.000162    4.403922e+01
0:   369    1.182449e+05    1.009232    4.444579e+01
0:   370    1.218909e+05    1.030834    4.581623e+01
0:   371    1.239000e+05    1.016483    4.657140e+01
0:   372    1.248841e+05    1.007943    4.694134e+01
0:   373    1.247054e+05    0.998569    4.687415e+01
0:   374    1.272935e+05    1.020754    4.784696e+01
0:   375    1.248324e+05    0.980666    4.692190e+01
0:   376    1.224183e+05    0.980661    4.601446e+01
0:   377    1.168526e+05    0.954535    4.392243e+01
0:   378    1.182779e+05    1.012198    4.445820e+01
0:   379    1.178070e+05    0.996018    4.428119e+01
0:   380    1.196410e+05    1.015568    4.497054e+01
0:   381    1.174292e+05    0.981513    4.413918e+01
0:   382    1.199958e+05    1.021857    4.510392e+01
0:   383    1.194696e+05    0.995614    4.490611e+01
0:   384    1.190068e+05    0.996127    4.473218e+01
0:   385    1.155908e+05    0.971296    4.344818e+01
0:   386    1.118447e+05    0.967591    4.204008e+01
0:   387    1.144431e+05    1.023232    4.301676e+01
0:   388    1.159658e+05    1.013306    4.358913e+01
0:   389    1.179940e+05    1.017489    4.435146e+01
0:   390    1.165891e+05    0.988094    4.382340e+01
0:   391    1.196561e+05    1.026307    4.497624e+01
0:   392    1.204321e+05    1.006485    4.526792e+01
0:   393    1.198293e+05    0.994995    4.504134e+01
0:   394    1.179135e+05    0.984012    4.432122e+01
0:   395    1.132856e+05    0.960752    4.258168e+01
0:   396    1.120439e+05    0.989039    4.211497e+01
0:   397    1.118727e+05    0.998472    4.205062e+01
0:   398    1.115736e+05    0.997326    4.193817e+01
0:   399    1.105730e+05    0.991033    4.156209e+01
0:   400    1.071177e+05    0.968750    4.026329e+01
0:   401    1.071434e+05    1.000240    4.027297e+01
0:   402    1.060468e+05    0.989765    3.986077e+01
0:   403    1.026237e+05    0.967721    3.857409e+01
0:   404    1.008875e+05    0.983082    3.792151e+01
0:   405    9.500617e+04    0.941704    3.571083e+01
0:   406    9.190810e+04    0.967391    3.454633e+01
0:   407    9.152370e+04    0.995817    3.440184e+01
0:   408    9.084848e+04    0.992622    3.414804e+01
0:   409    9.089421e+04    1.000503    3.416523e+01
0:   410    8.913306e+04    0.980624    3.350325e+01
0:   411    8.796473e+04    0.986892    3.306410e+01
0:   412    9.042860e+04    1.028010    3.399022e+01
0:   413    9.233411e+04    1.021072    3.470646e+01
0:   414    9.115032e+04    0.987179    3.426150e+01
0:   415    8.967880e+04    0.983856    3.370838e+01
0:   416    8.787738e+04    0.979913    3.303127e+01
0:   417    8.673852e+04    0.987040    3.260320e+01
0:   418    8.807885e+04    1.015453    3.310700e+01
0:   419    8.832043e+04    1.002743    3.319780e+01
0:   420    8.771355e+04    0.993129    3.296969e+01
0:   421    8.869890e+04    1.011234    3.334006e+01
0:   422    8.787110e+04    0.990667    3.302891e+01
0:   423    8.750457e+04    0.995829    3.289114e+01
0:   424    8.848208e+04    1.011171    3.325856e+01
0:   425    8.770995e+04    0.991274    3.296833e+01
0:   426    8.570099e+04    0.977095    3.221321e+01
0:   427    8.417723e+04    0.982220    3.164046e+01
0:   428    8.173133e+04    0.970943    3.072110e+01
0:   429    7.949426e+04    0.972629    2.988023e+01
0:   430    7.779313e+04    0.978601    2.924081e+01
0:   431    7.916170e+04    1.017592    2.975523e+01
0:   432    7.902911e+04    0.998325    2.970539e+01
0:   433    7.756514e+04    0.981476    2.915512e+01
0:   434    7.775167e+04    1.002405    2.922523e+01
0:   435    7.626790e+04    0.980916    2.866751e+01
0:   436    7.649139e+04    1.002930    2.875151e+01
0:   437    7.902111e+04    1.033072    2.970238e+01
0:   438    8.135355e+04    1.029517    3.057910e+01
0:   439    8.041935e+04    0.988517    3.022795e+01
0:   440    7.853545e+04    0.976574    2.951983e+01
0:   441    7.862958e+04    1.001199    2.955522e+01
0:   442    7.955981e+04    1.011830    2.990487e+01
0:   443    8.050415e+04    1.011870    3.025982e+01
0:   444    8.323123e+04    1.033875    3.128488e+01
0:   445    8.449352e+04    1.015166    3.175935e+01
0:   446    8.545071e+04    1.011329    3.211914e+01
0:   447    8.535957e+04    0.998933    3.208488e+01
0:   448    8.941033e+04    1.047455    3.360747e+01
0:   449    9.218497e+04    1.031033    3.465040e+01
0:   450    9.472893e+04    1.027596    3.560662e+01
0:   451    9.496268e+04    1.002468    3.569449e+01
0:   452    9.617394e+04    1.012755    3.614977e+01
0:   453    9.476204e+04    0.985319    3.561907e+01
0:   454    9.337690e+04    0.985383    3.509842e+01
0:   455    9.199297e+04    0.985179    3.457823e+01
0:   456    9.355014e+04    1.016927    3.516354e+01
0:   457    9.242292e+04    0.987951    3.473984e+01
0:   458    9.217914e+04    0.997362    3.464821e+01
0:   459    9.252883e+04    1.003794    3.477965e+01
0:   460    9.491256e+04    1.025762    3.567565e+01
0:   461    9.474452e+04    0.998229    3.561248e+01
0:   462    9.614329e+04    1.014764    3.613825e+01
0:   463    9.671664e+04    1.005963    3.635376e+01
0:   464    9.688362e+04    1.001727    3.641653e+01
0:   465    9.910353e+04    1.022913    3.725094e+01
0:   466    9.818513e+04    0.990733    3.690574e+01
0:   467    9.781013e+04    0.996181    3.676478e+01
0:   468    9.675564e+04    0.989219    3.636842e+01
0:   469    9.720871e+04    1.004683    3.653872e+01
0:   470    9.528082e+04    0.980168    3.581407e+01
0:   471    9.576256e+04    1.005056    3.599514e+01
0:   472    1.002332e+05    1.046685    3.767558e+01
0:   473    1.028327e+05    1.025934    3.865266e+01
0:   474    1.063916e+05    1.034609    3.999038e+01
0:   475    1.073197e+05    1.008723    4.033922e+01
0:   476    1.097669e+05    1.022803    4.125907e+01
0:   477    1.123155e+05    1.023219    4.221705e+01
0:   478    1.121927e+05    0.998907    4.217090e+01
0:   479    1.148562e+05    1.023740    4.317206e+01
0:   480    1.159777e+05    1.009764    4.359358e+01
0:   481    1.174220e+05    1.012454    4.413648e+01
0:   482    1.207182e+05    1.028071    4.537544e+01
0:   483    1.180545e+05    0.977934    4.437421e+01
0:   484    1.168710e+05    0.989975    4.392936e+01
0:   485    1.153644e+05    0.987109    4.336305e+01
0:   486    1.154482e+05    1.000726    4.339455e+01
0:   487    1.191460e+05    1.032030    4.478449e+01
0:   488    1.211719e+05    1.017004    4.554598e+01
0:   489    1.218458e+05    1.005562    4.579929e+01
0:   490    1.254541e+05    1.029614    4.715559e+01
0:   491    1.269208e+05    1.011691    4.770688e+01
0:   492    1.277870e+05    1.006825    4.803246e+01
0:   493    1.263259e+05    0.988566    4.748326e+01
0:   494    1.214166e+05    0.961138    4.563795e+01
0:   495    1.229614e+05    1.012724    4.621863e+01
0:   496    1.259149e+05    1.024019    4.732877e+01
0:   497    1.256199e+05    0.997657    4.721789e+01
0:   498    1.252916e+05    0.997387    4.709449e+01
0:   499    1.250699e+05    0.998231    4.701117e+01
0:   500    1.218990e+05    0.974647    4.581929e+01
0:   501    1.230218e+05    1.009211    4.624132e+01
0:   502    1.226304e+05    0.996819    4.609421e+01
0:   503    1.196100e+05    0.975369    4.495889e+01
0:   504    1.205462e+05    1.007827    4.531080e+01
0:   505    1.195882e+05    0.992053    4.495070e+01
0:   506    1.205892e+05    1.008371    4.532696e+01
0:   507    1.218705e+05    1.010625    4.580855e+01
0:   508    1.231679e+05    1.010646    4.629622e+01
0:   509    1.202850e+05    0.976594    4.521262e+01
0:   510    1.185169e+05    0.985301    4.454803e+01
0:   511    1.193578e+05    1.007095    4.486409e+01
0:   512    1.196158e+05    1.002161    4.496106e+01
0:   513    1.211266e+05    1.012631    4.552896e+01
0:   514    1.226284e+05    1.012398    4.609344e+01
0:   515    1.217739e+05    0.993032    4.577225e+01
0:   516    1.222037e+05    1.003530    4.593381e+01
0:   517    1.249451e+05    1.022433    4.696426e+01
0:   518    1.256515e+05    1.005653    4.722976e+01
0:   519    1.228236e+05    0.977495    4.616683e+01
0:   520    1.216896e+05    0.990767    4.574057e+01
0:   521    1.218868e+05    1.001621    4.581470e+01
0:   522    1.222567e+05    1.003035    4.595374e+01
0:   523    1.225411e+05    1.002326    4.606063e+01
0:   524    1.244781e+05    1.015807    4.678872e+01
0:   525    1.249108e+05    1.003476    4.695135e+01
0:   526    1.246120e+05    0.997608    4.683903e+01
0:   527    1.265836e+05    1.015822    4.758012e+01
0:   528    1.290037e+05    1.019119    4.848980e+01
0:   529    1.284357e+05    0.995597    4.827631e+01
0:   530    1.283118e+05    0.999035    4.822972e+01
0:   531    1.277097e+05    0.995308    4.800341e+01
0:   532    1.276092e+05    0.999213    4.796562e+01
0:   533    1.263254e+05    0.989940    4.748309e+01
0:   534    1.253513e+05    0.992289    4.711693e+01
0:   535    1.259088e+05    1.004448    4.732649e+01
0:   536    1.265162e+05    1.004824    4.755480e+01
0:   537    1.215406e+05    0.960672    4.568455e+01
0:   538    1.202354e+05    0.989262    4.519399e+01
0:   539    1.168076e+05    0.971490    4.390553e+01
0:   540    1.128233e+05    0.965891    4.240794e+01
0:   541    1.106538e+05    0.980771    4.159247e+01
0:   542    1.085775e+05    0.981236    4.081201e+01
0:   543    1.074549e+05    0.989660    4.039003e+01
0:   544    1.041728e+05    0.969457    3.915639e+01
0:   545    1.028894e+05    0.987680    3.867398e+01
0:   546    1.041723e+05    1.012469    3.915619e+01
0:   547    1.052528e+05    1.010372    3.956233e+01
0:   548    1.054963e+05    1.002314    3.965386e+01
0:   549    1.050655e+05    0.995916    3.949193e+01
0:   550    1.049149e+05    0.998567    3.943533e+01
0:   551    1.013663e+05    0.966177    3.810149e+01
0:   552    1.002785e+05    0.989269    3.769261e+01
0:   553    9.925190e+04    0.989762    3.730671e+01
0:   554    9.939023e+04    1.001394    3.735871e+01
0:   555    9.904509e+04    0.996527    3.722898e+01
0:   556    9.543253e+04    0.963526    3.587109e+01
0:   557    9.381057e+04    0.983004    3.526143e+01
0:   558    9.398938e+04    1.001906    3.532864e+01
0:   559    9.441569e+04    1.004536    3.548888e+01
0:   560    9.407177e+04    0.996357    3.535961e+01
0:   561    9.230000e+04    0.981166    3.469364e+01
0:   562    9.230230e+04    1.000025    3.469450e+01
0:   563    9.144247e+04    0.990685    3.437131e+01
0:   564    8.860890e+04    0.969013    3.330623e+01
0:   565    9.021210e+04    1.018093    3.390884e+01
0:   566    9.145456e+04    1.013773    3.437586e+01
0:   567    9.405529e+04    1.028437    3.535342e+01
0:   568    9.505139e+04    1.010591    3.572783e+01
0:   569    9.344396e+04    0.983089    3.512363e+01
0:   570    9.490921e+04    1.015681    3.567439e+01
0:   571    9.753023e+04    1.027616    3.665957e+01
0:   572    9.643474e+04    0.988768    3.624780e+01
0:   573    9.682546e+04    1.004052    3.639466e+01
0:   574    9.784127e+04    1.010491    3.677649e+01
0:   575    9.732848e+04    0.994759    3.658374e+01
0:   576    9.790962e+04    1.005971    3.680218e+01
0:   577    9.397464e+04    0.959810    3.532310e+01
0:   578    9.179375e+04    0.976793    3.450335e+01
0:   579    9.126095e+04    0.994196    3.430308e+01
0:   580    8.989364e+04    0.985018    3.378914e+01
0:   581    8.985185e+04    0.999535    3.377343e+01
0:   582    8.926153e+04    0.993430    3.355154e+01
0:   583    8.836329e+04    0.989937    3.321391e+01
0:   584    8.666862e+04    0.980822    3.257692e+01
0:   585    8.582537e+04    0.990270    3.225996e+01
0:   586    8.465541e+04    0.986368    3.182020e+01
0:   587    8.458738e+04    0.999196    3.179463e+01
0:   588    8.483756e+04    1.002958    3.188866e+01
0:   589    8.302941e+04    0.978687    3.120902e+01
0:   590    8.294158e+04    0.998942    3.117600e+01
0:   591    8.400451e+04    1.012815    3.157554e+01
0:   592    8.343838e+04    0.993261    3.136274e+01
0:   593    8.218678e+04    0.985000    3.089229e+01
0:   594    8.238685e+04    1.002434    3.096749e+01
0:   595    8.329524e+04    1.011026    3.130894e+01
0:   596    8.275960e+04    0.993569    3.110760e+01
0:   597    8.195778e+04    0.990312    3.080622e+01
0:   598    8.072080e+04    0.984907    3.034126e+01
0:   599    8.022818e+04    0.993897    3.015609e+01
0:   600    8.058426e+04    1.004438    3.028994e+01
0:   601    8.047291e+04    0.998618    3.024808e+01
0:   602    7.705115e+04    0.957479    2.896192e+01
0:   603    7.488478e+04    0.971884    2.814762e+01
0:   604    7.299771e+04    0.974800    2.743831e+01
0:   605    7.346423e+04    1.006391    2.761367e+01
0:   606    7.280840e+04    0.991073    2.736715e+01
0:   607    7.344845e+04    1.008791    2.760773e+01
0:   608    7.273977e+04    0.990351    2.734136e+01
0:   609    7.353057e+04    1.010872    2.763860e+01
0:   610    7.582532e+04    1.031208    2.850115e+01
0:   611    7.645957e+04    1.008365    2.873955e+01
0:   612    7.540696e+04    0.986233    2.834390e+01
0:   613    7.407972e+04    0.982399    2.784502e+01
0:   614    7.548752e+04    1.019004    2.837418e+01
0:   615    7.612542e+04    1.008450    2.861395e+01
0:   616    7.739659e+04    1.016698    2.909176e+01
0:   617    7.672263e+04    0.991292    2.883843e+01
0:   618    7.643965e+04    0.996312    2.873207e+01
0:   619    7.565397e+04    0.989721    2.843674e+01
0:   620    7.751826e+04    1.024642    2.913749e+01
0:   621    7.982826e+04    1.029799    3.000577e+01
0:   622    8.147950e+04    1.020685    3.062644e+01
0:   623    8.298842e+04    1.018519    3.119361e+01
0:   624    8.394872e+04    1.011571    3.155457e+01
0:   625    8.817782e+04    1.050377    3.314420e+01
0:   626    8.838546e+04    1.002355    3.322225e+01
0:   627    8.696183e+04    0.983893    3.268713e+01
0:   628    8.506151e+04    0.978148    3.197284e+01
0:   629    8.314258e+04    0.977441    3.125155e+01
0:   630    8.234046e+04    0.990353    3.095006e+01
0:   631    8.361622e+04    1.015494    3.142959e+01
0:   632    8.620498e+04    1.030960    3.240265e+01
0:   633    8.557597e+04    0.992703    3.216622e+01
0:   634    8.414142e+04    0.983237    3.162700e+01
0:   635    8.603111e+04    1.022459    3.233729e+01
0:   636    8.700603e+04    1.011332    3.270375e+01
0:   637    8.684484e+04    0.998147    3.264316e+01
0:   638    8.704989e+04    1.002361    3.272023e+01
0:   639    8.787671e+04    1.009498    3.303102e+01
0:   640    9.025672e+04    1.027084    3.392561e+01
0:   641    9.121912e+04    1.010663    3.428736e+01
0:   642    9.167614e+04    1.005010    3.445914e+01
0:   643    9.269738e+04    1.011140    3.484301e+01
0:   644    8.997807e+04    0.970665    3.382087e+01
0:   645    8.810878e+04    0.979225    3.311825e+01
0:   646    8.854497e+04    1.004951    3.328220e+01
0:   647    8.747294e+04    0.987893    3.287925e+01
0:   648    8.916449e+04    1.019338    3.351507e+01
0:   649    8.956516e+04    1.004494    3.366567e+01
0:   650    9.067813e+04    1.012426    3.408401e+01
0:   651    9.263803e+04    1.021614    3.482070e+01
0:   652    9.407029e+04    1.015461    3.535906e+01
0:   653    9.815887e+04    1.043463    3.689587e+01
0:   654    9.780528e+04    0.996398    3.676296e+01
0:   655    9.365666e+04    0.957583    3.520358e+01
0:   656    9.113616e+04    0.973088    3.425617e+01
0:   657    9.233667e+04    1.013173    3.470742e+01
0:   658    9.262271e+04    1.003098    3.481494e+01
0:   659    9.167515e+04    0.989770    3.445877e+01
0:   660    9.158748e+04    0.999044    3.442582e+01
0:   661    9.210202e+04    1.005618    3.461922e+01
0:   662    9.199462e+04    0.998834    3.457885e+01
0:   663    8.874294e+04    0.964654    3.335662e+01
0:   664    8.766792e+04    0.987886    3.295254e+01
0:   665    9.069543e+04    1.034534    3.409051e+01
0:   666    9.031199e+04    0.995772    3.394639e+01
0:   667    8.741956e+04    0.967973    3.285918e+01
0:   668    8.659860e+04    0.990609    3.255060e+01
0:   669    8.987955e+04    1.037887    3.378384e+01
0:   670    9.272968e+04    1.031711    3.485515e+01
0:   671    9.567414e+04    1.031753    3.596191e+01
0:   672    9.488583e+04    0.991760    3.566560e+01
0:   673    9.548761e+04    1.006342    3.589180e+01
0:   674    9.329989e+04    0.977089    3.506948e+01
0:   675    9.205238e+04    0.986629    3.460056e+01
0:   676    9.004459e+04    0.978189    3.384588e+01
0:   677    9.287768e+04    1.031463    3.491078e+01
0:   678    9.584837e+04    1.031985    3.602740e+01
0:   679    9.805812e+04    1.023055    3.685799e+01
0:   680    9.737874e+04    0.993072    3.660263e+01
0:   681    9.737462e+04    0.999958    3.660108e+01
0:   682    9.883096e+04    1.014956    3.714849e+01
0:   683    1.027506e+05    1.039660    3.862179e+01
0:   684    1.040969e+05    1.013103    3.912784e+01
0:   685    1.052549e+05    1.011124    3.956311e+01
0:   686    1.065314e+05    1.012128    4.004293e+01
0:   687    1.056538e+05    0.991762    3.971305e+01
0:   688    1.043921e+05    0.988058    3.923879e+01
0:   689    1.033373e+05    0.989896    3.884232e+01
0:   690    1.040882e+05    1.007267    3.912457e+01
0:   691    1.084650e+05    1.042049    4.076972e+01
0:   692    1.100293e+05    1.014422    4.135770e+01
0:   693    1.089970e+05    0.990618    4.096970e+01
0:   694    1.087798e+05    0.998007    4.088805e+01
0:   695    1.059199e+05    0.973709    3.981307e+01
0:   696    1.038051e+05    0.980034    3.901816e+01
0:   697    1.043370e+05    1.005124    3.921808e+01
0:   698    1.043343e+05    0.999974    3.921708e+01
0:   699    1.065334e+05    1.021078    4.004369e+01
0:   700    1.107626e+05    1.039698    4.163335e+01
0:   701    1.118579e+05    1.009888    4.204503e+01
0:   702    1.084709e+05    0.969721    4.077194e+01
0:   703    1.090489e+05    1.005329    4.098920e+01
0:   704    1.113894e+05    1.021463    4.186895e+01
0:   705    1.143826e+05    1.026872    4.299404e+01
0:   706    1.173871e+05    1.026266    4.412334e+01
0:   707    1.153209e+05    0.982398    4.334670e+01
0:   708    1.121898e+05    0.972849    4.216981e+01
0:   709    1.126992e+05    1.004540    4.236127e+01
0:   710    1.168941e+05    1.037222    4.393805e+01
0:   711    1.164548e+05    0.996242    4.377293e+01
0:   712    1.174752e+05    1.008762    4.415649e+01
0:   713    1.213404e+05    1.032902    4.560933e+01
0:   714    1.217432e+05    1.003319    4.576072e+01
0:   715    1.259266e+05    1.034362    4.733316e+01
0:   716    1.258849e+05    0.999669    4.731748e+01
0:   717    1.187465e+05    0.943294    4.463431e+01
0:   718    1.184692e+05    0.997665    4.453008e+01
0:   719    1.207563e+05    1.019306    4.538977e+01
0:   720    1.231463e+05    1.019792    4.628813e+01
0:   721    1.243414e+05    1.009705    4.673735e+01
0:   722    1.252630e+05    1.007411    4.708374e+01
0:   723    1.264386e+05    1.009385    4.752561e+01
0:   724    1.221759e+05    0.966286    4.592335e+01
0:   725    1.237091e+05    1.012550    4.649967e+01
0:   726    1.293976e+05    1.045983    4.863786e+01
0:   727    1.272270e+05    0.983225    4.782197e+01
0:   728    1.223586e+05    0.961734    4.599203e+01
0:   729    1.240237e+05    1.013609    4.661793e+01
0:   730    1.290000e+05    1.040124    4.848840e+01
0:   731    1.286694e+05    0.997437    4.836415e+01
0:   732    1.248009e+05    0.969934    4.691003e+01
0:   733    1.225590e+05    0.982036    4.606735e+01
0:   734    1.235003e+05    1.007680    4.642117e+01
0:   735    1.239634e+05    1.003750    4.659525e+01
0:   736    1.261226e+05    1.017418    4.740684e+01
0:   737    1.314978e+05    1.042619    4.942728e+01
0:   738    1.275420e+05    0.969917    4.794037e+01
0:   739    1.227792e+05    0.962657    4.615013e+01
0:   740    1.210975e+05    0.986303    4.551800e+01
0:   741    1.223084e+05    1.010000    4.597318e+01
0:   742    1.230231e+05    1.005844    4.624182e+01
0:   743    1.230909e+05    1.000551    4.626730e+01
0:   744    1.204968e+05    0.978925    4.529223e+01
0:   745    1.196655e+05    0.993101    4.497975e+01
0:   746    1.196329e+05    0.999728    4.496751e+01
0:   747    1.204078e+05    1.006477    4.525877e+01
0:   748    1.233063e+05    1.024073    4.634826e+01
0:   749    1.237856e+05    1.003887    4.652844e+01
0:   750    1.209538e+05    0.977123    4.546402e+01
0:   751    1.195825e+05    0.988662    4.494856e+01
0:   752    1.230175e+05    1.028725    4.623972e+01
0:   753    1.248069e+05    1.014545    4.691229e+01
0:   754    1.246156e+05    0.998467    4.684039e+01
0:   755    1.232119e+05    0.988736    4.631279e+01
0:   756    1.235450e+05    1.002703    4.643798e+01
0:   757    1.240349e+05    1.003965    4.662212e+01
0:   758    1.243225e+05    1.002319    4.673024e+01
0:   759    1.275932e+05    1.026308    4.795963e+01
0:   760    1.292430e+05    1.012930    4.857975e+01
0:   761    1.323438e+05    1.023992    4.974526e+01
0:   762    1.277760e+05    0.965485    4.802831e+01
0:   763    1.235789e+05    0.967153    4.645074e+01
0:   764    1.246996e+05    1.009068    4.687196e+01
0:   765    1.240146e+05    0.994507    4.661448e+01
0:   766    1.188496e+05    0.958352    4.467308e+01
0:   767    1.172417e+05    0.986471    4.406870e+01
0:   768    1.143767e+05    0.975563    4.299179e+01
0:   769    1.153786e+05    1.008760    4.336839e+01
0:   770    1.183430e+05    1.025693    4.448265e+01
0:   771    1.170475e+05    0.989053    4.399570e+01
0:   772    1.216740e+05    1.039527    4.573471e+01
0:   773    1.238374e+05    1.017781    4.654790e+01
0:   774    1.255178e+05    1.013569    4.717950e+01
0:   775    1.224117e+05    0.975254    4.601201e+01
0:   776    1.218845e+05    0.995693    4.581384e+01
0:   777    1.248201e+05    1.024085    4.691728e+01
0:   778    1.289402e+05    1.033008    4.846594e+01
0:   779    1.272020e+05    0.986519    4.781257e+01
0:   780    1.219370e+05    0.958609    4.583355e+01
0:   781    1.211479e+05    0.993529    4.553696e+01
0:   782    1.198806e+05    0.989539    4.506059e+01
0:   783    1.197312e+05    0.998754    4.500444e+01
0:   784    1.184578e+05    0.989364    4.452579e+01
0:   785    1.163374e+05    0.982100    4.372878e+01
0:   786    1.194005e+05    1.026330    4.488015e+01
0:   787    1.249061e+05    1.046110    4.694958e+01
0:   788    1.262129e+05    1.010462    4.744078e+01
0:   789    1.245751e+05    0.987023    4.682516e+01
0:   790    1.265368e+05    1.015747    4.756253e+01
0:   791    1.270454e+05    1.004019    4.775369e+01
0:   792    1.210573e+05    0.952867    4.550290e+01
0:   793    1.210915e+05    1.000282    4.551575e+01
0:   794    1.199494e+05    0.990568    4.508646e+01
0:   795    1.171768e+05    0.976886    4.404431e+01
0:   796    1.227694e+05    1.047728    4.614646e+01
0:   797    1.307907e+05    1.065336    4.916150e+01
0:   798    1.318532e+05    1.008123    4.956086e+01
0:   799    1.326203e+05    1.005818    4.984921e+01
0:   800    1.364511e+05    1.028885    5.128911e+01
0:   801    1.395249e+05    1.022527    5.244448e+01
0:   802    1.395297e+05    1.000035    5.244631e+01
0:   803    1.411037e+05    1.011280    5.303793e+01
0:   804    1.422460e+05    1.008096    5.346731e+01
0:   805    1.407001e+05    0.989132    5.288621e+01
0:   806    1.405446e+05    0.998895    5.282778e+01
0:   807    1.427395e+05    1.015617    5.365278e+01
0:   808    1.398198e+05    0.979545    5.255533e+01
0:   809    1.389243e+05    0.993596    5.221874e+01
0:   810    1.381829e+05    0.994663    5.194005e+01
0:   811    1.368131e+05    0.990087    5.142517e+01
0:   812    1.336422e+05    0.976823    5.023329e+01
0:   813    1.329940e+05    0.995150    4.998967e+01
0:   814    1.320826e+05    0.993147    4.964708e+01
0:   815    1.302088e+05    0.985813    4.894276e+01
0:   816    1.323932e+05    1.016776    4.976382e+01
0:   817    1.371407e+05    1.035859    5.154831e+01
0:   818    1.422807e+05    1.037480    5.348035e+01
0:   819    1.404713e+05    0.987282    5.280021e+01
0:   820    1.414970e+05    1.007302    5.318577e+01
0:   821    1.385832e+05    0.979407    5.209054e+01
0:   822    1.341168e+05    0.967771    5.041169e+01
0:   823    1.313730e+05    0.979542    4.938038e+01
0:   824    1.298969e+05    0.988764    4.882554e+01
0:   825    1.282706e+05    0.987480    4.821425e+01
0:   826    1.281054e+05    0.998712    4.815215e+01
0:   827    1.261606e+05    0.984818    4.742113e+01
0:   828    1.292822e+05    1.024743    4.859447e+01
0:   829    1.297851e+05    1.003890    4.878349e+01
0:   830    1.278134e+05    0.984808    4.804237e+01
0:   831    1.274238e+05    0.996952    4.789593e+01
0:   832    1.322650e+05    1.037993    4.971564e+01
0:   833    1.324219e+05    1.001186    4.977462e+01
0:   834    1.276830e+05    0.964214    4.799338e+01
0:   835    1.243979e+05    0.974271    4.675857e+01
0:   836    1.195784e+05    0.961258    4.494704e+01
0:   837    1.178013e+05    0.985138    4.427904e+01
0:   838    1.161007e+05    0.985564    4.363983e+01
0:   839    1.130102e+05    0.973381    4.247818e+01
0:   840    1.153139e+05    1.020385    4.334408e+01
0:   841    1.154633e+05    1.001295    4.340022e+01
0:   842    1.126057e+05    0.975251    4.232612e+01
0:   843    1.098125e+05    0.975195    4.127620e+01
0:   844    1.057308e+05    0.962830    3.974199e+01
0:   845    1.072694e+05    1.014553    4.032034e+01
0:   846    1.048449e+05    0.977398    3.940902e+01
0:   847    1.054633e+05    1.005898    3.964144e+01
0:   848    1.127716e+05    1.069297    4.238847e+01
0:   849    1.149198e+05    1.019049    4.319593e+01
0:   850    1.185792e+05    1.031844    4.457146e+01
0:   851    1.191646e+05    1.004937    4.479149e+01
0:   852    1.219386e+05    1.023279    4.583418e+01
0:   853    1.243473e+05    1.019753    4.673955e+01
0:   854    1.230913e+05    0.989899    4.626744e+01
0:   855    1.192718e+05    0.968970    4.483178e+01
0:   856    1.162919e+05    0.975016    4.371170e+01
0:   857    1.134659e+05    0.975699    4.264947e+01
0:   858    1.088298e+05    0.959141    4.090686e+01
0:   859    1.069131e+05    0.982388    4.018640e+01
0:   860    1.035378e+05    0.968430    3.891771e+01
0:   861    1.021515e+05    0.986611    3.839662e+01
0:   862    1.048230e+05    1.026152    3.940076e+01
0:   863    1.037786e+05    0.990037    3.900821e+01
0:   864    1.014575e+05    0.977634    3.813576e+01
0:   865    1.016717e+05    1.002111    3.821626e+01
0:   866    1.024608e+05    1.007762    3.851289e+01
0:   867    1.001669e+05    0.977611    3.765063e+01
0:   868    9.626117e+04    0.961008    3.618256e+01
0:   869    9.494321e+04    0.986309    3.568717e+01
0:   870    9.183157e+04    0.967226    3.451757e+01
0:   871    9.078299e+04    0.988582    3.412343e+01
0:   872    9.169849e+04    1.010084    3.446754e+01
0:   873    9.193625e+04    1.002593    3.455691e+01
0:   874    9.353665e+04    1.017408    3.515847e+01
0:   875    9.367859e+04    1.001517    3.521182e+01
0:   876    9.251154e+04    0.987542    3.477315e+01
0:   877    9.207548e+04    0.995287    3.460925e+01
0:   878    9.073311e+04    0.985421    3.410468e+01
0:   879    9.014130e+04    0.993477    3.388223e+01
0:   880    8.920778e+04    0.989644    3.353134e+01
0:   881    8.847063e+04    0.991737    3.325426e+01
0:   882    8.865579e+04    1.002093    3.332386e+01
0:   883    8.966639e+04    1.011399    3.370372e+01
0:   884    9.389628e+04    1.047174    3.529365e+01
0:   885    9.664362e+04    1.029259    3.632631e+01
0:   886    9.603800e+04    0.993734    3.609868e+01
0:   887    9.428820e+04    0.981780    3.544096e+01
0:   888    9.521504e+04    1.009830    3.578934e+01
0:   889    9.558736e+04    1.003910    3.592929e+01
0:   890    9.591827e+04    1.003462    3.605367e+01
0:   891    9.658249e+04    1.006925    3.630334e+01
0:   892    9.821767e+04    1.016930    3.691797e+01
0:   893    9.554001e+04    0.972738    3.591149e+01
0:   894    9.195226e+04    0.962448    3.456293e+01
0:   895    8.780741e+04    0.954924    3.300497e+01
0:   896    8.557558e+04    0.974583    3.216607e+01
0:   897    8.564307e+04    1.000789    3.219144e+01
0:   898    8.821957e+04    1.030084    3.315989e+01
0:   899    8.990748e+04    1.019133    3.379434e+01
0:   900    9.037702e+04    1.005223    3.397083e+01
0:   901    9.054038e+04    1.001808    3.403223e+01
0:   902    9.418282e+04    1.040230    3.540135e+01
0:   903    9.780535e+04    1.038463    3.676298e+01
0:   904    9.934166e+04    1.015708    3.734045e+01
0:   905    9.874751e+04    0.994019    3.711712e+01
0:   906    1.021347e+05    1.034301    3.839029e+01
0:   907    1.031963e+05    1.010394    3.878931e+01
0:   908    1.024440e+05    0.992710    3.850654e+01
0:   909    1.045008e+05    1.020078    3.927967e+01
0:   910    1.048697e+05    1.003530    3.941834e+01
0:   911    1.050910e+05    1.002110    3.950150e+01
0:   912    1.067788e+05    1.016060    4.013591e+01
0:   913    1.080370e+05    1.011783    4.060884e+01
0:   914    1.091234e+05    1.010056    4.101721e+01
0:   915    1.027874e+05    0.941938    3.863565e+01
0:   916    9.832136e+04    0.956550    3.695694e+01
0:   917    9.964574e+04    1.013470    3.745475e+01
0:   918    1.005576e+05    1.009151    3.779749e+01
0:   919    1.011542e+05    1.005933    3.802173e+01
0:   920    9.667943e+04    0.955763    3.633977e+01
0:   921    9.726245e+04    1.006030    3.655892e+01
0:   922    9.535977e+04    0.980438    3.584374e+01
0:   923    9.472244e+04    0.993316    3.560418e+01
0:   924    9.495256e+04    1.002429    3.569068e+01
0:   925    9.272290e+04    0.976518    3.485260e+01
0:   926    9.521987e+04    1.026929    3.579116e+01
0:   927    9.410614e+04    0.988304    3.537253e+01
0:   928    9.400647e+04    0.998941    3.533506e+01
0:   929    9.334110e+04    0.992922    3.508497e+01
0:   930    9.132399e+04    0.978390    3.432678e+01
0:   931    8.682721e+04    0.950760    3.263653e+01
0:   932    8.697256e+04    1.001674    3.269117e+01
0:   933    9.023707e+04    1.037535    3.391823e+01
0:   934    8.858021e+04    0.981639    3.329545e+01
0:   935    8.580774e+04    0.968701    3.225333e+01
0:   936    8.165997e+04    0.951662    3.069427e+01
0:   937    7.872490e+04    0.964057    2.959104e+01
0:   938    7.780403e+04    0.988303    2.924491e+01
0:   939    8.170066e+04    1.050083    3.070957e+01
0:   940    8.379187e+04    1.025596    3.149561e+01
0:   941    8.464193e+04    1.010145    3.181513e+01
0:   942    8.714216e+04    1.029539    3.275492e+01
0:   943    8.740578e+04    1.003025    3.285401e+01
0:   944    8.807499e+04    1.007656    3.310555e+01
0:   945    8.876080e+04    1.007787    3.336333e+01
0:   946    8.826401e+04    0.994403    3.317660e+01
0:   947    8.735002e+04    0.989645    3.283305e+01
0:   948    8.639348e+04    0.989049    3.247350e+01
0:   949    8.718659e+04    1.009180    3.277162e+01
0:   950    8.908171e+04    1.021736    3.348395e+01
0:   951    8.705411e+04    0.977239    3.272182e+01
0:   952    8.451028e+04    0.970779    3.176564e+01
0:   953    8.366035e+04    0.989943    3.144618e+01
0:   954    8.263473e+04    0.987741    3.106067e+01
0:   955    8.181349e+04    0.990062    3.075198e+01
0:   956    8.284037e+04    1.012551    3.113796e+01
0:   957    8.459482e+04    1.021179    3.179742e+01
0:   958    8.249731e+04    0.975205    3.100901e+01
0:   959    8.024822e+04    0.972737    3.016363e+01
0:   960    7.995340e+04    0.996326    3.005281e+01
0:   961    8.020933e+04    1.003201    3.014901e+01
0:   962    8.241180e+04    1.027459    3.097687e+01
0:   963    8.585784e+04    1.041815    3.227217e+01
0:   964    8.559222e+04    0.996906    3.217233e+01
0:   965    8.116395e+04    0.948263    3.050783e+01
0:   966    7.923870e+04    0.976280    2.978417e+01
0:   967    7.986309e+04    1.007880    3.001887e+01
0:   968    7.941746e+04    0.994420    2.985136e+01
0:   969    7.832524e+04    0.986247    2.944082e+01
0:   970    8.094763e+04    1.033481    3.042652e+01
0:   971    8.141012e+04    1.005713    3.060036e+01
0:   972    8.109713e+04    0.996155    3.048272e+01
0:   973    8.342844e+04    1.028747    3.135901e+01
0:   974    8.626701e+04    1.034024    3.242596e+01
0:   975    8.449991e+04    0.979516    3.176175e+01
0:   976    8.199597e+04    0.970368    3.082057e+01
0:   977    7.955171e+04    0.970191    2.990182e+01
0:   978    7.768097e+04    0.976484    2.919865e+01
0:   979    7.669699e+04    0.987333    2.882879e+01
0:   980    7.924382e+04    1.033206    2.978610e+01
0:   981    7.967245e+04    1.005409    2.994721e+01
0:   982    7.761760e+04    0.974209    2.917483e+01
0:   983    7.535561e+04    0.970857    2.832460e+01
0:   984    7.472206e+04    0.991592    2.808646e+01
0:   985    7.420985e+04    0.993145    2.789393e+01
0:   986    7.402057e+04    0.997449    2.782278e+01
0:   987    7.457379e+04    1.007474    2.803073e+01
0:   988    7.488490e+04    1.004172    2.814767e+01
0:   989    7.178678e+04    0.958628    2.698315e+01
0:   990    7.195387e+04    1.002328    2.704595e+01
0:   991    7.106832e+04    0.987693    2.671310e+01
0:   992    6.838742e+04    0.962277    2.570540e+01
0:   993    6.807824e+04    0.995479    2.558919e+01
0:   994    6.579319e+04    0.966435    2.473028e+01
0:   995    6.676742e+04    1.014808    2.509648e+01
0:   996    6.620014e+04    0.991504    2.488325e+01
0:   997    6.532355e+04    0.986758    2.455376e+01
0:   998    6.522019e+04    0.998418    2.451491e+01
0:   999    6.453302e+04    0.989464    2.425661e+01
0:  1000    6.460710e+04    1.001148    2.428446e+01
0: 
0: 
0: =============================================
0: Solve phase times:
0: =============================================
0: PCG Solve:
0:   wall clock time = 17.357601 seconds
0:   wall MFLOPS     = 0.000000
0:   cpu clock time  = 17.357144 seconds
0:   cpu MFLOPS      = 0.000000
0: 
0: 
0: Iterations = 1000
0: Final Relative Residual Norm = 2.428446e+01
0: 
0: Global matrix size: 384 x 384 x 384
0: 5pt 2D Laplacian
0: =============================================
0: Hypre init times:
0: =============================================
0: Hypre init:
0:   wall clock time = 0.000002 seconds
0:   wall MFLOPS     = 0.000000
0:   cpu clock time  = 0.000002 seconds
0:   cpu MFLOPS      = 0.000000
0: 
0: 
0: Using HYPRE_DEVELOP_STRING: v3.1.0-3-g13083b05c (branch v3.1.0_highradixallreduce; not the develop branch)
0: 
0: Running with these driver parameters:
0:   solver ID    = 2
0: 
0:   Laplacian:   num_fun = 1
0:     (nx, ny, nz) = (384, 384, 384)
0:     (Px, Py, Pz) = (4, 4, 4)
0:     (cx, cy, cz) = (1.000000, 1.000000, 1.000000)
0: 
0: =============================================
0: Generate Matrix:
0: =============================================
0: Spatial Operator:
0:   wall clock time = 0.439477 seconds
0:   wall MFLOPS     = 0.000000
0:   cpu clock time  = 0.439467 seconds
0:   cpu MFLOPS      = 0.000000
0: 
0:   Number of vector components: 1
0:   RHS vector has unit coefficients
0:   Initial guess is 0
0: =============================================
0: IJ Vector Setup:
0: =============================================
0: RHS and Initial Guess:
0:   wall clock time = 0.014831 seconds
0:   wall MFLOPS     = 0.000000
0:   cpu clock time  = 0.014781 seconds
0:   cpu MFLOPS      = 0.000000
0: 
0: Solver: DS-PCG
0: HYPRE_ParCSRPCGGetPrecond got good precond
0: =============================================
0: Setup phase times:
0: =============================================
0: PCG Setup:
0:   wall clock time = 0.000583 seconds
0:   wall MFLOPS     = 0.000000
0:   cpu clock time  = 0.000565 seconds
0:   cpu MFLOPS      = 0.000000
0: 
0: <b,b>: 5.662310e+07
0: 
0: 
0: Iters       ||r||_2     conv.rate  ||r||_2/||b||_2
0: -----    ------------   ---------  ------------ 
0:     1    6.004169e+04    7.979139    7.979139e+00
0:     2    5.972503e+04    0.994726    7.937057e+00
0:     3    6.124600e+04    1.025466    8.139185e+00
0:     4    7.125155e+04    1.163367    9.468855e+00
0:     5    6.713562e+04    0.942234    8.921876e+00
0:     6    7.054898e+04    1.050843    9.375489e+00
0:     7    7.328942e+04    1.038844    9.739674e+00
0:     8    7.734586e+04    1.055348    1.027875e+01
0:     9    6.996231e+04    0.904539    9.297525e+00
0:    10    7.646592e+04    1.092959    1.016181e+01
0:    11    7.245562e+04    0.947554    9.628869e+00
0:    12    7.228803e+04    0.997687    9.606596e+00
0:    13    7.449329e+04    1.030507    9.899661e+00
0:    14    7.055538e+04    0.947137    9.376339e+00
0:    15    7.339394e+04    1.040232    9.753564e+00
0:    16    7.125061e+04    0.970797    9.468730e+00
0:    17    7.102294e+04    0.996805    9.438475e+00
0:    18    7.184214e+04    1.011534    9.547341e+00
0:    19    6.963273e+04    0.969246    9.253725e+00
0:    20    7.106220e+04    1.020529    9.443692e+00
0:    21    6.955819e+04    0.978835    9.243820e+00
0:    22    6.940552e+04    0.997805    9.223530e+00
0:    23    6.965115e+04    1.003539    9.256172e+00
0:    24    6.816227e+04    0.978624    9.058310e+00
0:    25    6.899526e+04    1.012221    9.169009e+00
0:    26    6.778764e+04    0.982497    9.008524e+00
0:    27    6.764743e+04    0.997932    8.989892e+00
0:    28    6.766896e+04    1.000318    8.992752e+00
0:    29    6.650117e+04    0.982743    8.837561e+00
0:    30    6.704351e+04    1.008155    8.909634e+00
0:    31    6.601755e+04    0.984697    8.773291e+00
0:    32    6.584434e+04    0.997376    8.750273e+00
0:    33    6.579184e+04    0.999203    8.743296e+00
0:    34    6.477930e+04    0.984610    8.608736e+00
0:    35    6.515593e+04    1.005814    8.658789e+00
0:    36    6.426779e+04    0.986369    8.540761e+00
0:    37    6.403818e+04    0.996427    8.510246e+00
0:    38    6.397649e+04    0.999037    8.502049e+00
0:    39    6.304889e+04    0.985501    8.378777e+00
0:    40    6.331304e+04    1.004190    8.413880e+00
0:    41    6.254378e+04    0.987850    8.311651e+00
0:    42    6.224866e+04    0.995281    8.272431e+00
0:    43    6.220335e+04    0.999272    8.266410e+00
0:    44    6.133263e+04    0.986002    8.150697e+00
0:    45    6.150696e+04    1.002842    8.173865e+00
0:    46    6.084649e+04    0.989262    8.086092e+00
0:    47    6.048568e+04    0.994070    8.038143e+00
0:    48    6.046302e+04    0.999625    8.035131e+00
0:    49    5.964065e+04    0.986399    7.925844e+00
0:    50    5.973466e+04    1.001576    7.938338e+00
0:    51    5.917539e+04    0.990637    7.864014e+00
0:    52    5.875439e+04    0.992886    7.808067e+00
0:    53    5.875090e+04    0.999941    7.807603e+00
0:    54    5.797728e+04    0.986832    7.704793e+00
0:    55    5.799521e+04    1.000309    7.707176e+00
0:    56    5.752947e+04    0.991969    7.645283e+00
0:    57    5.705745e+04    0.991795    7.582554e+00
0:    58    5.706487e+04    1.000130    7.583540e+00
0:    59    5.634400e+04    0.987367    7.487741e+00
0:    60    5.628860e+04    0.999017    7.480379e+00
0:    61    5.590770e+04    0.993233    7.429759e+00
0:    62    5.539602e+04    0.990848    7.361762e+00
0:    63    5.540413e+04    1.000146    7.362839e+00
0:    64    5.474077e+04    0.988027    7.274683e+00
0:    65    5.461522e+04    0.997706    7.257998e+00
0:    66    5.430914e+04    0.994396    7.217322e+00
0:    67    5.377037e+04    0.990080    7.145723e+00
0:    68    5.376870e+04    0.999969    7.145502e+00
0:    69    5.316682e+04    0.988806    7.065516e+00
0:    70    5.297552e+04    0.996402    7.040093e+00
0:    71    5.273312e+04    0.995424    7.007880e+00
0:    72    5.218012e+04    0.989513    6.934389e+00
0:    73    5.215904e+04    0.999596    6.931588e+00
0:    74    5.162099e+04    0.989684    6.860084e+00
0:    75    5.136986e+04    0.995135    6.826711e+00
0:    76    5.117922e+04    0.996289    6.801377e+00
0:    77    5.062445e+04    0.989160    6.727651e+00
0:    78    5.057586e+04    0.999040    6.721194e+00
0:    79    5.010198e+04    0.990630    6.658219e+00
0:    80    4.979843e+04    0.993941    6.617878e+00
0:    81    4.964729e+04    0.996965    6.597794e+00
0:    82    4.910224e+04    0.989022    6.525360e+00
0:    83    4.901998e+04    0.998325    6.514428e+00
0:    84    4.860854e+04    0.991607    6.459751e+00
0:    85    4.826118e+04    0.992854    6.413589e+00
0:    86    4.813744e+04    0.997436    6.397144e+00
0:    87    4.761219e+04    0.989088    6.327342e+00
0:    88    4.749224e+04    0.997481    6.311402e+00
0:    89    4.713952e+04    0.992573    6.264528e+00
0:    90    4.675785e+04    0.991903    6.213807e+00
0:    91    4.664999e+04    0.997693    6.199472e+00
0:    92    4.615283e+04    0.989343    6.133403e+00
0:    93    4.599338e+04    0.996545    6.112213e+00
0:    94    4.569396e+04    0.993490    6.072422e+00
0:    95    4.528792e+04    0.991114    6.018462e+00
0:    96    4.518543e+04    0.997737    6.004841e+00
0:    97    4.472268e+04    0.989759    5.943346e+00
0:    98    4.452403e+04    0.995558    5.916946e+00
0:    99    4.427109e+04    0.994319    5.883332e+00
0:   100    4.385065e+04    0.990503    5.827459e+00
0:   101    4.374437e+04    0.997576    5.813335e+00
0:   102    4.332029e+04    0.990305    5.756977e+00
0:   103    4.308462e+04    0.994560    5.725659e+00
0:   104    4.287040e+04    0.995028    5.697190e+00
0:   105    4.244513e+04    0.990080    5.640675e+00
0:   106    4.232751e+04    0.997229    5.625044e+00
0:   107    4.194425e+04    0.990945    5.574111e+00
0:   108    4.167540e+04    0.993590    5.538382e+00
0:   109    4.149160e+04    0.995590    5.513957e+00
0:   110    4.107029e+04    0.989846    5.457967e+00
0:   111    4.093553e+04    0.996719    5.440058e+00
0:   112    4.059330e+04    0.991640    5.394579e+00
0:   113    4.029639e+04    0.992686    5.355121e+00
0:   114    4.013460e+04    0.995985    5.333621e+00
0:   115    3.972495e+04    0.989793    5.279180e+00
0:   116    3.956908e+04    0.996076    5.258467e+00
0:   117    3.926633e+04    0.992349    5.218233e+00
0:   118    3.894740e+04    0.991878    5.175850e+00
0:   119    3.879949e+04    0.996202    5.156194e+00
0:   120    3.840788e+04    0.989907    5.104151e+00
0:   121    3.822874e+04    0.995336    5.080344e+00
0:   122    3.796239e+04    0.993033    5.044948e+00
0:   123    3.762804e+04    0.991193    5.000515e+00
0:   124    3.748652e+04    0.996239    4.981708e+00
0:   125    3.711783e+04    0.990165    4.932712e+00
0:   126    3.691494e+04    0.994534    4.905749e+00
0:   127    3.668075e+04    0.993656    4.874627e+00
0:   128    3.633773e+04    0.990648    4.829041e+00
0:   129    3.619602e+04    0.996100    4.810209e+00
0:   130    3.585359e+04    0.990540    4.764703e+00
0:   131    3.562799e+04    0.993708    4.734722e+00
0:   132    3.542087e+04    0.994187    4.707197e+00
0:   133    3.507573e+04    0.990256    4.661330e+00
0:   134    3.492838e+04    0.995799    4.641749e+00
0:   135    3.461400e+04    0.990999    4.599969e+00
0:   136    3.436803e+04    0.992894    4.567282e+00
0:   137    3.418239e+04    0.994598    4.542611e+00
0:   138    3.384120e+04    0.990018    4.497269e+00
0:   139    3.368403e+04    0.995356    4.476382e+00
0:   140    3.339801e+04    0.991509    4.438372e+00
0:   141    3.313501e+04    0.992125    4.403422e+00
0:   142    3.296511e+04    0.994872    4.380843e+00
0:   143    3.263318e+04    0.989931    4.336732e+00
0:   144    3.246333e+04    0.994795    4.314160e+00
0:   145    3.220469e+04    0.992033    4.279788e+00
0:   146    3.192873e+04    0.991431    4.243115e+00
0:   147    3.176899e+04    0.994997    4.221886e+00
0:   148    3.145070e+04    0.989981    4.179588e+00
0:   149    3.126661e+04    0.994147    4.155123e+00
0:   150    3.103326e+04    0.992537    4.124113e+00
0:   151    3.074882e+04    0.990834    4.086313e+00
0:   152    3.059408e+04    0.994968    4.065749e+00
0:   153    3.029274e+04    0.990150    4.025703e+00
0:   154    3.009409e+04    0.993442    3.999303e+00
0:   155    2.988307e+04    0.992988    3.971261e+00
0:   156    2.959476e+04    0.990352    3.932946e+00
0:   157    2.944054e+04    0.994789    3.912451e+00
0:   158    2.915834e+04    0.990415    3.874949e+00
0:   159    2.894588e+04    0.992714    3.846714e+00
0:   160    2.875365e+04    0.993359    3.821168e+00
0:   161    2.846593e+04    0.989994    3.782932e+00
0:   162    2.830853e+04    0.994471    3.762014e+00
0:   163    2.804656e+04    0.990746    3.727201e+00
0:   164    2.782198e+04    0.991993    3.697355e+00
0:   165    2.764462e+04    0.993625    3.673786e+00
0:   166    2.736160e+04    0.989762    3.636174e+00
0:   167    2.719824e+04    0.994030    3.614465e+00
0:   168    2.695656e+04    0.991114    3.582346e+00
0:   169    2.672224e+04    0.991308    3.551207e+00
0:   170    2.655578e+04    0.993771    3.529085e+00
0:   171    2.628099e+04    0.989653    3.492568e+00
0:   172    2.610984e+04    0.993488    3.469824e+00
0:   173    2.588757e+04    0.991487    3.440285e+00
0:   174    2.564638e+04    0.990683    3.408232e+00
0:   175    2.548698e+04    0.993785    3.387049e+00
0:   176    2.522328e+04    0.989654    3.352005e+00
0:   177    2.504344e+04    0.992870    3.328106e+00
0:   178    2.483895e+04    0.991835    3.300931e+00
0:   179    2.459401e+04    0.990139    3.268380e+00
0:   180    2.443817e+04    0.993664    3.247670e+00
0:   181    2.418764e+04    0.989748    3.214376e+00
0:   182    2.399906e+04    0.992203    3.189315e+00
0:   183    2.381016e+04    0.992129    3.164211e+00
0:   184    2.356465e+04    0.989689    3.131584e+00
0:   185    2.340937e+04    0.993411    3.110949e+00
0:   186    2.317328e+04    0.989915    3.079574e+00
0:   187    2.297667e+04    0.991516    3.053446e+00
0:   188    2.280076e+04    0.992344    3.030069e+00
0:   189    2.255769e+04    0.989339    2.997767e+00
0:   190    2.240058e+04    0.993035    2.976887e+00
0:   191    2.217942e+04    0.990127    2.947497e+00
0:   192    2.197610e+04    0.990833    2.920478e+00
0:   193    2.181041e+04    0.992460    2.898458e+00
0:   194    2.157250e+04    0.989092    2.866842e+00
0:   195    2.141181e+04    0.992551    2.845487e+00
0:   196    2.120537e+04    0.990359    2.818053e+00
0:   197    2.099712e+04    0.990179    2.790377e+00
0:   198    2.083887e+04    0.992463    2.769346e+00
0:   199    2.060839e+04    0.988940    2.738718e+00
0:   200    2.044307e+04    0.991978    2.716747e+00
0:   201    2.025050e+04    0.990580    2.691156e+00
0:   202    2.003937e+04    0.989574    2.663098e+00
0:   203    1.988593e+04    0.992343    2.642708e+00
0:   204    1.966464e+04    0.988872    2.613300e+00
0:   205    1.949428e+04    0.991337    2.590660e+00
0:   206    1.931424e+04    0.990764    2.566734e+00
0:   207    1.910242e+04    0.989033    2.538584e+00
0:   208    1.895147e+04    0.992098    2.518524e+00
0:   209    1.874056e+04    0.988871    2.490495e+00
0:   210    1.856533e+04    0.990650    2.467208e+00
0:   211    1.839612e+04    0.990886    2.444722e+00
0:   212    1.818576e+04    0.988565    2.416766e+00
0:   213    1.803536e+04    0.991730    2.396779e+00
0:   214    1.783543e+04    0.988914    2.370210e+00
0:   215    1.765601e+04    0.989940    2.346366e+00
0:   216    1.749573e+04    0.990922    2.325066e+00
0:   217    1.728883e+04    0.988174    2.297570e+00
0:   218    1.713749e+04    0.991247    2.277458e+00
0:   219    1.694861e+04    0.988979    2.252358e+00
0:   220    1.676606e+04    0.989229    2.228098e+00
0:   221    1.661273e+04    0.990855    2.207722e+00
0:   222    1.641100e+04    0.987857    2.180912e+00
0:   223    1.625772e+04    0.990660    2.160543e+00
0:   224    1.607949e+04    0.989037    2.136857e+00
0:   225    1.589513e+04    0.988534    2.112356e+00
0:   226    1.574683e+04    0.990670    2.092649e+00
0:   227    1.555164e+04    0.987604    2.066709e+00
0:   228    1.539589e+04    0.989985    2.046011e+00
0:   229    1.522750e+04    0.989062    2.023633e+00
0:   230    1.504278e+04    0.987870    1.999086e+00
0:   231    1.489777e+04    0.990360    1.979814e+00
0:   232    1.471009e+04    0.987403    1.954873e+00
0:   233    1.455179e+04    0.989239    1.933836e+00
0:   234    1.439212e+04    0.989027    1.912617e+00
0:   235    1.420854e+04    0.987245    1.888221e+00
0:   236    1.406530e+04    0.989919    1.869185e+00
0:   237    1.388571e+04    0.987231    1.845318e+00
0:   238    1.372515e+04    0.988437    1.823981e+00
0:   239    1.357290e+04    0.988907    1.803748e+00
0:   240    1.339186e+04    0.986662    1.779689e+00
0:   241    1.324920e+04    0.989347    1.760730e+00
0:   242    1.307784e+04    0.987067    1.737958e+00
0:   243    1.291564e+04    0.987597    1.716402e+00
0:   244    1.276941e+04    0.988678    1.696969e+00
0:   245    1.259214e+04    0.986118    1.673412e+00
0:   246    1.244920e+04    0.988649    1.654416e+00
0:   247    1.228588e+04    0.986881    1.632712e+00
0:   248    1.212285e+04    0.986730    1.611046e+00
0:   249    1.198126e+04    0.988320    1.592229e+00
0:   250    1.180877e+04    0.985603    1.569306e+00
0:   251    1.166504e+04    0.987829    1.550206e+00
0:   252    1.150924e+04    0.986644    1.529502e+00
0:   253    1.134634e+04    0.985845    1.507852e+00
0:   254    1.120808e+04    0.987815    1.489479e+00
0:   255    1.104108e+04    0.985100    1.467286e+00
0:   256    1.089639e+04    0.986895    1.448057e+00
0:   257    1.074736e+04    0.986324    1.428253e+00
0:   258    1.058556e+04    0.984945    1.406750e+00
0:   259    1.044952e+04    0.987149    1.388672e+00
0:   260    1.028844e+04    0.984585    1.367265e+00
0:   261    1.014286e+04    0.985851    1.347919e+00
0:   262    9.999703e+03    0.985886    1.328894e+00
0:   263    9.839949e+03    0.984024    1.307663e+00
0:   264    9.705206e+03    0.986307    1.289757e+00
0:   265    9.550171e+03    0.984026    1.269154e+00
0:   266    9.404044e+03    0.984699    1.249735e+00
0:   267    9.265752e+03    0.985294    1.231357e+00
0:   268    9.108874e+03    0.983069    1.210509e+00
0:   269    8.974747e+03    0.985275    1.192684e+00
0:   270    8.825620e+03    0.983384    1.172866e+00
0:   271    8.679431e+03    0.983436    1.153438e+00
0:   272    8.545008e+03    0.984512    1.135575e+00
0:   273    8.391669e+03    0.982055    1.115197e+00
0:   274    8.257721e+03    0.984038    1.097396e+00
0:   275    8.114131e+03    0.982611    1.078314e+00
0:   276    7.968468e+03    0.982048    1.058956e+00
0:   277    7.836970e+03    0.983498    1.041481e+00
0:   278    7.687632e+03    0.980944    1.021635e+00
0:   279    7.553657e+03    0.982573    1.003831e+00
0:   280    7.415055e+03    0.981651    9.854113e-01
0:   281    7.270531e+03    0.980509    9.662051e-01
0:   282    7.141124e+03    0.982201    9.490077e-01
0:   283    6.996033e+03    0.979682    9.297261e-01
0:   284    6.862027e+03    0.980845    9.119175e-01
0:   285    6.727740e+03    0.980431    8.940718e-01
0:   286    6.584938e+03    0.978774    8.750943e-01
0:   287    6.456933e+03    0.980561    8.580833e-01
0:   288    6.316118e+03    0.978192    8.393699e-01
0:   289    6.182238e+03    0.978803    8.215782e-01
0:   290    6.051531e+03    0.978858    8.042080e-01
0:   291    5.910943e+03    0.976768    7.855248e-01
0:   292    5.783819e+03    0.978494    7.686310e-01
0:   293    5.647111e+03    0.976364    7.504633e-01
0:   294    5.513627e+03    0.976362    7.327242e-01
0:   295    5.385752e+03    0.976808    7.157305e-01
0:   296    5.247745e+03    0.974376    6.973903e-01
0:   297    5.121152e+03    0.975877    6.805669e-01
0:   298    4.988209e+03    0.974040    6.628996e-01
0:   299    4.855449e+03    0.973385    6.452567e-01
0:   300    4.729701e+03    0.974102    6.285457e-01
0:   301    4.594486e+03    0.971412    6.105766e-01
0:   302    4.468233e+03    0.972521    5.937983e-01
0:   303    4.338582e+03    0.970984    5.765685e-01
0:   304    4.206880e+03    0.969644    5.590663e-01
0:   305    4.082630e+03    0.970465    5.425543e-01
0:   306    3.950252e+03    0.967575    5.249621e-01
0:   307    3.824283e+03    0.968111    5.082216e-01
0:   308    3.697360e+03    0.966811    4.913544e-01
0:   309    3.567008e+03    0.964745    4.740316e-01
0:   310    3.443732e+03    0.965440    4.576490e-01
0:   311    3.314065e+03    0.962347    4.404172e-01
0:   312    3.188427e+03    0.962089    4.237207e-01
0:   313    3.063625e+03    0.960858    4.071353e-01
0:   314    2.934836e+03    0.957962    3.900201e-01
0:   315    2.812141e+03    0.958194    3.737147e-01
0:   316    2.684946e+03    0.954769    3.568114e-01
0:   317    2.559834e+03    0.953402    3.401848e-01
0:   318    2.436734e+03    0.951911    3.238256e-01
0:   319    2.310021e+03    0.947999    3.069864e-01
0:   320    2.188490e+03    0.947389    2.908356e-01
0:   321    2.065088e+03    0.943614    2.744364e-01
0:   322    1.943916e+03    0.941323    2.583334e-01
0:   323    1.827942e+03    0.940340    2.429213e-01
0:   324    1.713703e+03    0.937504    2.277397e-01
0:   325    1.610598e+03    0.939835    2.140378e-01
0:   326    1.518243e+03    0.942658    2.017644e-01
0:   327    1.443257e+03    0.950610    1.917992e-01
0:   328    1.395369e+03    0.966820    1.854352e-01
0:   329    1.378629e+03    0.988004    1.832106e-01
0:   330    1.408159e+03    1.021419    1.871349e-01
0:   331    1.493536e+03    1.060630    1.984810e-01
0:   332    1.646708e+03    1.102557    2.188365e-01
0:   333    1.882401e+03    1.143130    2.501585e-01
0:   334    2.193080e+03    1.165044    2.914457e-01
0:   335    2.552042e+03    1.163680    3.391494e-01
0:   336    2.872572e+03    1.125597    3.817457e-01
0:   337    3.017729e+03    1.050532    4.010361e-01
0:   338    2.900550e+03    0.961170    3.854637e-01
0:   339    2.550922e+03    0.879462    3.390005e-01
0:   340    2.127569e+03    0.834039    2.827397e-01
0:   341    1.776426e+03    0.834956    2.360751e-01
0:   342    1.572574e+03    0.885246    2.089846e-01
0:   343    1.544364e+03    0.982061    2.052356e-01
0:   344    1.674180e+03    1.084058    2.224874e-01
0:   345    1.899470e+03    1.134567    2.524269e-01
0:   346    2.077278e+03    1.093609    2.760564e-01
0:   347    2.042632e+03    0.983321    2.714521e-01
0:   348    1.811096e+03    0.886648    2.406826e-01
0:   349    1.550855e+03    0.856307    2.060983e-01
0:   350    1.409911e+03    0.909119    1.873678e-01
0:   351    1.438161e+03    1.020036    1.911220e-01
0:   352    1.591548e+03    1.106655    2.115061e-01
0:   353    1.736618e+03    1.091150    2.307849e-01
0:   354    1.704852e+03    0.981708    2.265634e-01
0:   355    1.507688e+03    0.884352    2.003617e-01
0:   356    1.325715e+03    0.879303    1.761787e-01
0:   357    1.278600e+03    0.964460    1.699174e-01
0:   358    1.374998e+03    1.075394    1.827281e-01
0:   359    1.504598e+03    1.094255    1.999511e-01
0:   360    1.494801e+03    0.993488    1.986490e-01
0:   361    1.336113e+03    0.893840    1.775604e-01
0:   362    1.189500e+03    0.890269    1.580766e-01
0:   363    1.173683e+03    0.986703    1.559747e-01
0:   364    1.273962e+03    1.085439    1.693011e-01
0:   365    1.350435e+03    1.060028    1.794638e-01
0:   366    1.277004e+03    0.945624    1.697052e-01
0:   367    1.128340e+03    0.883584    1.499488e-01
0:   368    1.061658e+03    0.940903    1.410873e-01
0:   369    1.119562e+03    1.054541    1.487823e-01
0:   370    1.203499e+03    1.074973    1.599369e-01
0:   371    1.170612e+03    0.972674    1.555665e-01
0:   372    1.043218e+03    0.891174    1.386368e-01
0:   373    9.718818e+02    0.931619    1.291566e-01
0:   374    1.015057e+03    1.044425    1.348943e-01
0:   375    1.086163e+03    1.070051    1.443438e-01
0:   376    1.052290e+03    0.968814    1.398423e-01
0:   377    9.411065e+02    0.894342    1.250668e-01
0:   378    8.901758e+02    0.945882    1.182984e-01
0:   379    9.390442e+02    1.054898    1.247927e-01
0:   380    9.876906e+02    1.051804    1.312575e-01
0:   381    9.307693e+02    0.942369    1.236930e-01
0:   382    8.380760e+02    0.900412    1.113747e-01
0:   383    8.231487e+02    0.982189    1.093910e-01
0:   384    8.796242e+02    1.068609    1.168962e-01
0:   385    8.886208e+02    1.010228    1.180918e-01
0:   386    8.092755e+02    0.910710    1.075473e-01
0:   387    7.520892e+02    0.929336    9.994763e-02
0:   388    7.771872e+02    1.033371    1.032830e-01
0:   389    8.182380e+02    1.052820    1.087384e-01
0:   390    7.757476e+02    0.948071    1.030917e-01
0:   391    7.033654e+02    0.906694    9.347257e-02
0:   392    6.983129e+02    0.992817    9.280112e-02
0:   393    7.406073e+02    1.060567    9.842176e-02
0:   394    7.303615e+02    0.986166    9.706016e-02
0:   395    6.626940e+02    0.907351    8.806761e-02
0:   396    6.363825e+02    0.960296    8.457099e-02
0:   397    6.707398e+02    1.053988    8.913684e-02
0:   398    6.779791e+02    1.010793    9.009890e-02
0:   399    6.216273e+02    0.916883    8.261012e-02
0:   400    5.861981e+02    0.943006    7.790181e-02
0:   401    6.099965e+02    1.040598    8.106446e-02
0:   402    6.257737e+02    1.025864    8.316114e-02
0:   403    5.791285e+02    0.925460    7.696231e-02
0:   404    5.414534e+02    0.934945    7.195554e-02
0:   405    5.594252e+02    1.033192    7.434387e-02
0:   406    5.756423e+02    1.028989    7.649902e-02
0:   407    5.364865e+02    0.931979    7.129547e-02
0:   408    5.007486e+02    0.933385    6.654614e-02
0:   409    5.155770e+02    1.029613    6.851674e-02
0:   410    5.304282e+02    1.028805    7.049037e-02
0:   411    4.938638e+02    0.931066    6.563120e-02
0:   412    4.633856e+02    0.938286    6.158085e-02
0:   413    4.781369e+02    1.031834    6.354120e-02
0:   414    4.882072e+02    1.021061    6.487947e-02
0:   415    4.535540e+02    0.929019    6.027429e-02
0:   416    4.291259e+02    0.946141    5.702797e-02
0:   417    4.454134e+02    1.037955    5.919247e-02
0:   418    4.494107e+02    1.008974    5.972368e-02
0:   419    4.149501e+02    0.923321    5.514409e-02
0:   420    3.993683e+02    0.962449    5.307338e-02
0:   421    4.162187e+02    1.042193    5.531268e-02
0:   422    4.123466e+02    0.990697    5.479812e-02
0:   423    3.801638e+02    0.921952    5.052123e-02
0:   424    3.734020e+02    0.982214    4.962263e-02
0:   425    3.896951e+02    1.043634    5.178788e-02
0:   426    3.767623e+02    0.966813    5.006920e-02
0:   427    3.493550e+02    0.927256    4.642695e-02
0:   428    3.522156e+02    1.008188    4.680710e-02
0:   429    3.632805e+02    1.031415    4.827756e-02
0:   430    3.432658e+02    0.944905    4.561773e-02
0:   431    3.240073e+02    0.943896    4.305840e-02
0:   432    3.337972e+02    1.030215    4.435941e-02
0:   433    3.365301e+02    1.008188    4.472261e-02
0:   434    3.125871e+02    0.928853    4.154074e-02
0:   435    3.045112e+02    0.974164    4.046751e-02
0:   436    3.166296e+02    1.039796    4.207795e-02
0:   437    3.082012e+02    0.973381    4.095788e-02
0:   438    2.873941e+02    0.932489    3.819275e-02
0:   439    2.897636e+02    1.008245    3.850765e-02
0:   440    2.976509e+02    1.027220    3.955581e-02
0:   441    2.806754e+02    0.942969    3.729989e-02
0:   442    2.682440e+02    0.955709    3.564783e-02
0:   443    2.776684e+02    1.035134    3.690028e-02
0:   444    2.751917e+02    0.991080    3.657114e-02
0:   445    2.565485e+02    0.932254    3.409358e-02
0:   446    2.555133e+02    0.995965    3.395601e-02
0:   447    2.634550e+02    1.031081    3.501141e-02
0:   448    2.509955e+02    0.952707    3.335563e-02
0:   449    2.385750e+02    0.950515    3.170503e-02
0:   450    2.455975e+02    1.029435    3.263827e-02
0:   451    2.448257e+02    0.996857    3.253570e-02
0:   452    2.285146e+02    0.933377    3.036806e-02
0:   453    2.269766e+02    0.993270    3.016368e-02
0:   454    2.335485e+02    1.028954    3.103703e-02
0:   455    2.223501e+02    0.952051    2.954885e-02
0:   456    2.119521e+02    0.953236    2.816702e-02
0:   457    2.176453e+02    1.026861    2.892360e-02
0:   458    2.155013e+02    0.990149    2.863869e-02
0:   459    2.013011e+02    0.934106    2.675158e-02
0:   460    2.006098e+02    0.996566    2.665971e-02
0:   461    2.047615e+02    1.020695    2.721144e-02
0:   462    1.930903e+02    0.943001    2.566041e-02
0:   463    1.853041e+02    0.959676    2.462568e-02
0:   464    1.899111e+02    1.024862    2.523792e-02
0:   465    1.844096e+02    0.971031    2.450681e-02
0:   466    1.724307e+02    0.935042    2.291489e-02
0:   467    1.730125e+02    1.003374    2.299220e-02
0:   468    1.732062e+02    1.001120    2.301795e-02
0:   469    1.614647e+02    0.932211    2.145758e-02
0:   470    1.570714e+02    0.972791    2.087374e-02
0:   471    1.602649e+02    1.020332    2.129814e-02
0:   472    1.527096e+02    0.952857    2.029408e-02
0:   473    1.451990e+02    0.950818    1.929598e-02
0:   474    1.483221e+02    1.021509    1.971102e-02
0:   475    1.457656e+02    0.982763    1.937127e-02
0:   476    1.366281e+02    0.937314    1.815696e-02
0:   477    1.365012e+02    0.999071    1.814010e-02
0:   478    1.372201e+02    1.005267    1.823564e-02
0:   479    1.288444e+02    0.938962    1.712257e-02
0:   480    1.256401e+02    0.975130    1.669673e-02
0:   481    1.282568e+02    1.020827    1.704447e-02
0:   482    1.223189e+02    0.953703    1.625536e-02
0:   483    1.164178e+02    0.951756    1.547115e-02
0:   484    1.185320e+02    1.018161    1.575211e-02
0:   485    1.156873e+02    0.976001    1.537407e-02
0:   486    1.087950e+02    0.940423    1.445813e-02
0:   487    1.092213e+02    1.003918    1.451478e-02
0:   488    1.088014e+02    0.996155    1.445898e-02
0:   489    1.021096e+02    0.938495    1.356968e-02
0:   490    1.005714e+02    0.984936    1.336526e-02
0:   491    1.017209e+02    1.011430    1.351802e-02
0:   492    9.612765e+01    0.945014    1.277472e-02
0:   493    9.279760e+01    0.965358    1.233218e-02
0:   494    9.443758e+01    1.017673    1.255012e-02
0:   495    9.053794e+01    0.958707    1.203189e-02
0:   496    8.600496e+01    0.949933    1.142948e-02
0:   497    8.717822e+01    1.013642    1.158540e-02
0:   498    8.507503e+01    0.975875    1.130590e-02
0:   499    8.005855e+01    0.941035    1.063925e-02
0:   500    8.023489e+01    1.002203    1.066268e-02
0:   501    7.962182e+01    0.992359    1.058121e-02
0:   502    7.473769e+01    0.938658    9.932140e-03
0:   503    7.380965e+01    0.987583    9.808810e-03
0:   504    7.416589e+01    1.004826    9.856152e-03
0:   505    6.985777e+01    0.941912    9.283631e-03
0:   506    6.797975e+01    0.973117    9.034055e-03
0:   507    6.875679e+01    1.011430    9.137318e-03
0:   508    6.529706e+01    0.949682    8.677543e-03
0:   509    6.272139e+01    0.960555    8.335255e-03
0:   510    6.348333e+01    1.012148    8.436510e-03
0:   511    6.097486e+01    0.960486    8.103152e-03
0:   512    5.796000e+01    0.950556    7.702497e-03
0:   513    5.844537e+01    1.008374    7.766999e-03
0:   514    5.682971e+01    0.972356    7.552290e-03
0:   515    5.361815e+01    0.943488    7.125495e-03
0:   516    5.371875e+01    1.001876    7.138863e-03
0:   517    5.281991e+01    0.983268    7.019414e-03
0:   518    4.963739e+01    0.939748    6.596477e-03
0:   519    4.933365e+01    0.993881    6.556113e-03
0:   520    4.893531e+01    0.991926    6.503177e-03
0:   521    4.597225e+01    0.939449    6.109405e-03
0:   522    4.528102e+01    0.984964    6.017545e-03
0:   523    4.519708e+01    0.998146    6.006390e-03
0:   524    4.257614e+01    0.942011    5.658085e-03
0:   525    4.153764e+01    0.975608    5.520074e-03
0:   526    4.163865e+01    1.002432    5.533498e-03
0:   527    3.939916e+01    0.946216    5.235885e-03
0:   528    3.808626e+01    0.966677    5.061409e-03
0:   529    3.828226e+01    1.005146    5.087457e-03
0:   530    3.640070e+01    0.950850    4.837410e-03
0:   531    3.491645e+01    0.959224    4.640162e-03
0:   532    3.512915e+01    1.006092    4.668429e-03
0:   533    3.356277e+01    0.955411    4.460268e-03
0:   534    3.201233e+01    0.953805    4.254226e-03
0:   535    3.216825e+01    1.004871    4.274946e-03
0:   536    3.088880e+01    0.960226    4.104916e-03
0:   537    2.934345e+01    0.949970    3.899549e-03
0:   538    2.939367e+01    1.001711    3.906222e-03
0:   539    2.838699e+01    0.965752    3.772441e-03
0:   540    2.686982e+01    0.946554    3.570820e-03
0:   541    2.681444e+01    0.997939    3.563460e-03
0:   542    2.605022e+01    0.971500    3.461900e-03
0:   543    2.456118e+01    0.942840    3.264017e-03
0:   544    2.444463e+01    0.995255    3.248529e-03
0:   545    2.385158e+01    0.975739    3.169716e-03
0:   546    2.241549e+01    0.939790    2.978869e-03
0:   547    2.227710e+01    0.993826    2.960478e-03
0:   548    2.176824e+01    0.977158    2.892854e-03
0:   549    2.044995e+01    0.939440    2.717662e-03
0:   550    2.027059e+01    0.991229    2.693826e-03
0:   551    1.981518e+01    0.977534    2.633306e-03
0:   552    1.865808e+01    0.941605    2.479535e-03
0:   553    1.838543e+01    0.985387    2.443301e-03
0:   554    1.803330e+01    0.980847    2.396505e-03
0:   555    1.698522e+01    0.941881    2.257222e-03
0:   556    1.664029e+01    0.979692    2.211383e-03
0:   557    1.641769e+01    0.986623    2.181801e-03
0:   558    1.538884e+01    0.937333    2.045073e-03
0:   559    1.508570e+01    0.980301    2.004788e-03
0:   560    1.489379e+01    0.987279    1.979286e-03
0:   561    1.391439e+01    0.934241    1.849129e-03
0:   562    1.369574e+01    0.984286    1.820072e-03
0:   563    1.342876e+01    0.980507    1.784593e-03
0:   564    1.262282e+01    0.939984    1.677488e-03
0:   565    1.236932e+01    0.979917    1.643799e-03
0:   566    1.210728e+01    0.978815    1.608976e-03
0:   567    1.145126e+01    0.945817    1.521797e-03
0:   568    1.110344e+01    0.969626    1.475573e-03
0:   569    1.097206e+01    0.988168    1.458113e-03
0:   570    1.029952e+01    0.938704    1.368738e-03
0:   571    1.000497e+01    0.971401    1.329593e-03
0:   572    9.910694e+00    0.990578    1.317065e-03
0:   573    9.227505e+00    0.931065    1.226274e-03
0:   574    9.059686e+00    0.981813    1.203972e-03
0:   575    8.865127e+00    0.978525    1.178116e-03
0:   576    8.324810e+00    0.939051    1.106312e-03
0:   577    8.140493e+00    0.977859    1.081817e-03
0:   578    7.938847e+00    0.975229    1.055020e-03
0:   579    7.491967e+00    0.943710    9.956324e-04
0:   580    7.272021e+00    0.970642    9.664031e-04
0:   581    7.158777e+00    0.984427    9.513537e-04
0:   582    6.698255e+00    0.935670    8.901533e-04
0:   583    6.537939e+00    0.976066    8.688484e-04
0:   584    6.405953e+00    0.979812    8.513083e-04
0:   585    5.997825e+00    0.936289    7.970709e-04
0:   586    5.869826e+00    0.978659    7.800607e-04
0:   587    5.722728e+00    0.974940    7.605124e-04
0:   588    5.380560e+00    0.940209    7.150404e-04
0:   589    5.248038e+00    0.975370    6.974293e-04
0:   590    5.134228e+00    0.978314    6.823046e-04
0:   591    4.799248e+00    0.934755    6.377880e-04
0:   592    4.721342e+00    0.983767    6.274349e-04
0:   593    4.577344e+00    0.969500    6.082984e-04
0:   594    4.307050e+00    0.940950    5.723782e-04
0:   595    4.231724e+00    0.982511    5.623678e-04
0:   596    4.093345e+00    0.967300    5.439782e-04
0:   597    3.870498e+00    0.945559    5.143634e-04
0:   598    3.786232e+00    0.978228    5.031649e-04
0:   599    3.684420e+00    0.973110    4.896348e-04
0:   600    3.460950e+00    0.939347    4.599371e-04
0:   601    3.419830e+00    0.988119    4.544726e-04
0:   602    3.299931e+00    0.964940    4.385388e-04
0:   603    3.122638e+00    0.946274    4.149778e-04
0:   604    3.082630e+00    0.987188    4.096610e-04
0:   605    2.976296e+00    0.965505    3.955299e-04
0:   606    2.818871e+00    0.947107    3.746092e-04
0:   607    2.794934e+00    0.991508    3.714281e-04
0:   608    2.689754e+00    0.962368    3.574503e-04
0:   609    2.556612e+00    0.950500    3.397567e-04
0:   610    2.547936e+00    0.996606    3.386037e-04
0:   611    2.434472e+00    0.955468    3.235251e-04
0:   612    2.342112e+00    0.962062    3.112511e-04
0:   613    2.319453e+00    0.990325    3.082398e-04
0:   614    2.230645e+00    0.961712    2.964379e-04
0:   615    2.142628e+00    0.960542    2.847410e-04
0:   616    2.137175e+00    0.997455    2.840163e-04
0:   617    2.043210e+00    0.956033    2.715290e-04
0:   618    1.982330e+00    0.970204    2.634385e-04
0:   619    1.971121e+00    0.994345    2.619488e-04
0:   620    1.890083e+00    0.958887    2.511794e-04
0:   621    1.838170e+00    0.972534    2.442806e-04
0:   622    1.833254e+00    0.997326    2.436273e-04
0:   623    1.752638e+00    0.956025    2.329138e-04
0:   624    1.716134e+00    0.979172    2.280627e-04
0:   625    1.710881e+00    0.996939    2.273646e-04
0:   626    1.630034e+00    0.952745    2.166206e-04
0:   627    1.612067e+00    0.988978    2.142330e-04
0:   628    1.593890e+00    0.988724    2.118173e-04
0:   629    1.525492e+00    0.957087    2.027277e-04
0:   630    1.508975e+00    0.989173    2.005327e-04
0:   631    1.490019e+00    0.987438    1.980136e-04
0:   632    1.420406e+00    0.953280    1.887624e-04
0:   633    1.415470e+00    0.996525    1.881065e-04
0:   634    1.379957e+00    0.974911    1.833871e-04
0:   635    1.324472e+00    0.959792    1.760135e-04
0:   636    1.310693e+00    0.989596    1.741823e-04
0:   637    1.276265e+00    0.973733    1.696071e-04
0:   638    1.216712e+00    0.953338    1.616929e-04
0:   639    1.208169e+00    0.992979    1.605576e-04
0:   640    1.159872e+00    0.960025    1.541393e-04
0:   641    1.109703e+00    0.956746    1.474721e-04
0:   642    1.092785e+00    0.984755    1.452239e-04
0:   643    1.043004e+00    0.954445    1.386082e-04
0:   644    9.926833e-01    0.951754    1.319210e-04
0:   645    9.766214e-01    0.983820    1.297865e-04
0:   646    9.182592e-01    0.940241    1.220305e-04
0:   647    8.786459e-01    0.956861    1.167662e-04
0:   648    8.551465e-01    0.973255    1.136433e-04
0:   649    8.003419e-01    0.935912    1.063601e-04
0:   650    7.667636e-01    0.958045    1.018978e-04
0:   651    7.428591e-01    0.968824    9.872102e-05
0:   652    6.928626e-01    0.932697    9.207681e-05
0:   653    6.703326e-01    0.967483    8.908273e-05
0:   654    6.469120e-01    0.965061    8.597028e-05
0:   655    6.098397e-01    0.942694    8.104363e-05
0:   656    5.976414e-01    0.979997    7.942255e-05
0:   657    5.824011e-01    0.974499    7.739722e-05
0:   658    5.597142e-01    0.961046    7.438227e-05
0:   659    5.620254e-01    1.004129    7.468943e-05
0:   660    5.572793e-01    0.991555    7.405869e-05
0:   661    5.508239e-01    0.988416    7.320082e-05
0:   662    5.666258e-01    1.028688    7.530078e-05
0:   663    5.699620e-01    1.005888    7.574415e-05
0:   664    5.721951e-01    1.003918    7.604091e-05
0:   665    5.908746e-01    1.032645    7.852329e-05
0:   666    5.845771e-01    0.989342    7.768640e-05
0:   667    5.774832e-01    0.987865    7.674366e-05
0:   668    5.746121e-01    0.995028    7.636211e-05
0:   669    5.420574e-01    0.943345    7.203581e-05
0:   670    5.155013e-01    0.951009    6.850669e-05
0:   671    4.913894e-01    0.953226    6.530237e-05
0:   672    4.508848e-01    0.917571    5.991959e-05
0:   673    4.310206e-01    0.955944    5.727976e-05
0:   674    4.162489e-01    0.965729    5.531670e-05
0:   675    3.998837e-01    0.960684    5.314188e-05
0:   676    4.057706e-01    1.014721    5.392420e-05
0:   677    4.115263e-01    1.014185    5.468910e-05
0:   678    4.114329e-01    0.999773    5.467669e-05
0:   679    4.221652e-01    1.026085    5.610294e-05
0:   680    4.129375e-01    0.978142    5.487664e-05
0:   681    3.940482e-01    0.954256    5.236638e-05
0:   682    3.787340e-01    0.961136    5.033122e-05
0:   683    3.521409e-01    0.929784    4.679718e-05
0:   684    3.321949e-01    0.943358    4.414649e-05
0:   685    3.280307e-01    0.987465    4.359310e-05
0:   686    3.200121e-01    0.975555    4.252748e-05
0:   687    3.233032e-01    1.010284    4.296483e-05
0:   688    3.285869e-01    1.016343    4.366700e-05
0:   689    3.184247e-01    0.969073    4.231652e-05
0:   690    3.076733e-01    0.966235    4.088772e-05
0:   691    2.927461e-01    0.951484    3.890400e-05
0:   692    2.695786e-01    0.920861    3.582519e-05
0:   693    2.623009e-01    0.973003    3.485803e-05
0:   694    2.569657e-01    0.979660    3.414902e-05
0:   695    2.532187e-01    0.985418    3.365107e-05
0:   696    2.568871e-01    1.014487    3.413858e-05
0:   697    2.497275e-01    0.972129    3.318712e-05
0:   698    2.350515e-01    0.941232    3.123677e-05
0:   699    2.253225e-01    0.958609    2.994385e-05
0:   700    2.095457e-01    0.929981    2.784723e-05
0:   701    2.031564e-01    0.969509    2.699813e-05
0:   702    2.041273e-01    1.004779    2.712715e-05
0:   703    2.000670e-01    0.980109    2.658757e-05
0:   704    1.966545e-01    0.982943    2.613407e-05
0:   705    1.892877e-01    0.962539    2.515507e-05
0:   706    1.745270e-01    0.922020    2.319347e-05
0:   707    1.678422e-01    0.961698    2.230511e-05
0:   708    1.637813e-01    0.975805    2.176545e-05
0:   709    1.604969e-01    0.979946    2.132896e-05
0:   710    1.614921e-01    1.006201    2.146122e-05
0:   711    1.556549e-01    0.963855    2.068550e-05
0:   712    1.457874e-01    0.936606    1.937417e-05
0:   713    1.401258e-01    0.961166    1.862179e-05
0:   714    1.341641e-01    0.957454    1.782951e-05
0:   715    1.322787e-01    0.985948    1.757896e-05
0:   716    1.339780e-01    1.012846    1.780478e-05
0:   717    1.285219e-01    0.959276    1.707970e-05
0:   718    1.229296e-01    0.956488    1.633653e-05
0:   719    1.177257e-01    0.957667    1.564496e-05
0:   720    1.121958e-01    0.953028    1.491008e-05
0:   721    1.123804e-01    1.001645    1.493461e-05
0:   722    1.126484e-01    1.002384    1.497021e-05
0:   723    1.077108e-01    0.956168    1.431404e-05
0:   724    1.043867e-01    0.969138    1.387229e-05
0:   725    9.868363e-02    0.945366    1.311440e-05
0:   726    9.528023e-02    0.965512    1.266211e-05
0:   727    9.626088e-02    1.010292    1.279243e-05
0:   728    9.403752e-02    0.976903    1.249696e-05
0:   729    9.005259e-02    0.957624    1.196739e-05
0:   730    8.638027e-02    0.959220    1.147936e-05
0:   731    8.106072e-02    0.938417    1.077243e-05
0:   732    7.977801e-02    0.984176    1.060197e-05
0:   733    7.932905e-02    0.994372    1.054230e-05
0:   734    7.533764e-02    0.949685    1.001187e-05
0:   735    7.178536e-02    0.952849    9.539795e-06
0:   736    6.748319e-02    0.940069    8.968065e-06
0:   737    6.414708e-02    0.950564    8.524718e-06
0:   738    6.366842e-02    0.992538    8.461109e-06
0:   739    6.142894e-02    0.964826    8.163496e-06
0:   740    5.747025e-02    0.935557    7.637412e-06
0:   741    5.487714e-02    0.954879    7.292805e-06
0:   742    5.198051e-02    0.947216    6.907862e-06
0:   743    5.117682e-02    0.984539    6.801058e-06
0:   744    5.077350e-02    0.992119    6.747459e-06
0:   745    4.798774e-02    0.945134    6.377250e-06
0:   746    4.574644e-02    0.953294    6.079397e-06
0:   747    4.457216e-02    0.974331    5.923342e-06
0:   748    4.328290e-02    0.971075    5.752008e-06
0:   749    4.305029e-02    0.994626    5.721096e-06
0:   750    4.103891e-02    0.953278    5.453797e-06
0:   751    3.815623e-02    0.929757    5.070708e-06
0:   752    3.719153e-02    0.974717    4.942507e-06
0:   753    3.609065e-02    0.970400    4.796207e-06
0:   754    3.510436e-02    0.972672    4.665135e-06
0:   755    3.396036e-02    0.967411    4.513105e-06
0:   756    3.179287e-02    0.936176    4.225061e-06
0:   757    3.090853e-02    0.972184    4.107537e-06
0:   758    3.085500e-02    0.998268    4.100424e-06
0:   759    2.950833e-02    0.956355    3.921460e-06
0:   760    2.835621e-02    0.960956    3.768351e-06
0:   761    2.684297e-02    0.946635    3.567252e-06
0:   762    2.578739e-02    0.960675    3.426971e-06
0:   763    2.578349e-02    0.999849    3.426454e-06
0:   764    2.482054e-02    0.962652    3.298483e-06
0:   765    2.342348e-02    0.943714    3.112824e-06
0:   766    2.271996e-02    0.969965    3.019331e-06
0:   767    2.196101e-02    0.966595    2.918471e-06
0:   768    2.150272e-02    0.979132    2.857568e-06
0:   769    2.078510e-02    0.966627    2.762201e-06
0:   770    1.938123e-02    0.932458    2.575636e-06
0:   771    1.893259e-02    0.976852    2.516015e-06
0:   772    1.865367e-02    0.985267    2.478948e-06
0:   773    1.787319e-02    0.958159    2.375227e-06
0:   774    1.709410e-02    0.956411    2.271692e-06
0:   775    1.619624e-02    0.947475    2.152372e-06
0:   776    1.564272e-02    0.965824    2.078813e-06
0:   777    1.554790e-02    0.993938    2.066212e-06
0:   778    1.469299e-02    0.945015    1.952601e-06
0:   779    1.383958e-02    0.941917    1.839188e-06
0:   780    1.344984e-02    0.971839    1.787394e-06
0:   781    1.293898e-02    0.962018    1.719504e-06
0:   782    1.258374e-02    0.972545    1.672295e-06
0:   783    1.192838e-02    0.947920    1.585202e-06
0:   784    1.119933e-02    0.938881    1.488316e-06
0:   785    1.101179e-02    0.983255    1.463394e-06
0:   786    1.065810e-02    0.967881    1.416390e-06
0:   787    1.000372e-02    0.938603    1.329427e-06
0:   788    9.623778e-03    0.962020    1.278936e-06
0:   789    9.199384e-03    0.955901    1.222537e-06
0:   790    8.972519e-03    0.975339    1.192388e-06
0:   791    8.673473e-03    0.966671    1.152647e-06
0:   792    8.071394e-03    0.930584    1.072634e-06
0:   793    7.847889e-03    0.972309    1.042932e-06
0:   794    7.718136e-03    0.983466    1.025689e-06
0:   795    7.360563e-03    0.953671    9.781696e-07
0:   796    7.054372e-03    0.958401    9.374790e-07
0:   797    6.749497e-03    0.956782    8.969631e-07
0:   798    6.561506e-03    0.972147    8.719803e-07
0:   799    6.477418e-03    0.987185    8.608056e-07
0:   800    6.072409e-03    0.937474    8.069826e-07
0:   801    5.792263e-03    0.953866    7.697531e-07
0:   802    5.699062e-03    0.983909    7.573673e-07
0:   803    5.466172e-03    0.959135    7.264177e-07
0:   804    5.223254e-03    0.955560    6.941356e-07
0:   805    4.951523e-03    0.947977    6.580243e-07
0:   806    4.740581e-03    0.957399    6.299915e-07
0:   807    4.657828e-03    0.982544    6.189942e-07
0:   808    4.420828e-03    0.949118    5.874985e-07
0:   809    4.153039e-03    0.939426    5.519112e-07
0:   810    4.082943e-03    0.983122    5.425959e-07
0:   811    3.944721e-03    0.966146    5.242271e-07
0:   812    3.781254e-03    0.958560    5.025034e-07
0:   813    3.621990e-03    0.957881    4.813383e-07
0:   814    3.456331e-03    0.954263    4.593233e-07
0:   815    3.393600e-03    0.981850    4.509868e-07
0:   816    3.245899e-03    0.956477    4.313583e-07
0:   817    3.037205e-03    0.935705    4.036242e-07
0:   818    2.964181e-03    0.975957    3.939199e-07
0:   819    2.877543e-03    0.970772    3.824062e-07
0:   820    2.732494e-03    0.949593    3.631302e-07
0:   821    2.631342e-03    0.962982    3.496878e-07
0:   822    2.510173e-03    0.953952    3.335852e-07
0:   823    2.450583e-03    0.976261    3.256661e-07
0:   824    2.356417e-03    0.961574    3.131520e-07
0:   825    2.200858e-03    0.933985    2.924794e-07
0:   826    2.150742e-03    0.977229    2.858193e-07
0:   827    2.092617e-03    0.972974    2.780948e-07
0:   828    1.980218e-03    0.946288    2.631577e-07
0:   829    1.903851e-03    0.961435    2.530091e-07
0:   830    1.830925e-03    0.961695    2.433177e-07
0:   831    1.771409e-03    0.967494    2.354085e-07
0:   832    1.707788e-03    0.964084    2.269536e-07
0:   833    1.602300e-03    0.938231    2.129349e-07
0:   834    1.567077e-03    0.978017    2.082541e-07
0:   835    1.530840e-03    0.976876    2.034384e-07
0:   836    1.438251e-03    0.939517    1.911339e-07
0:   837    1.387677e-03    0.964837    1.844130e-07
0:   838    1.344899e-03    0.969173    1.787281e-07
0:   839    1.297554e-03    0.964797    1.724362e-07
0:   840    1.248365e-03    0.962091    1.658994e-07
0:   841    1.186897e-03    0.950761    1.577307e-07
0:   842    1.158708e-03    0.976250    1.539846e-07
0:   843    1.131783e-03    0.976763    1.504064e-07
0:   844    1.062942e-03    0.939175    1.412579e-07
0:   845    1.031643e-03    0.970554    1.370985e-07
0:   846    1.013887e-03    0.982788    1.347388e-07
0:   847    9.684472e-04    0.955183    1.287002e-07
0:   848    9.341112e-04    0.964545    1.241371e-07
0:   849    8.993656e-04    0.962804    1.195197e-07
0:   850    8.786023e-04    0.976913    1.167604e-07
0:   851    8.545992e-04    0.972680    1.135705e-07
0:   852    8.094330e-04    0.947149    1.075682e-07
0:   853    7.912587e-04    0.977547    1.051530e-07
0:   854    7.799212e-04    0.985672    1.036463e-07
0:   855    7.390276e-04    0.947567    9.821184e-08
0:   856    7.163953e-04    0.969376    9.520415e-08
0:   857    7.034058e-04    0.981868    9.347794e-08
0:   858    6.794037e-04    0.965877    9.028821e-08
0:   859    6.591619e-04    0.970207    8.759822e-08
0:   860    6.311626e-04    0.957523    8.387729e-08
0:   861    6.210608e-04    0.983995    8.253483e-08
0:   862    6.090101e-04    0.980597    8.093338e-08
0:   863    5.761075e-04    0.945974    7.656084e-08
0:   864    5.650761e-04    0.980852    7.509485e-08
0:   865    5.572934e-04    0.986227    7.406057e-08
0:   866    5.326939e-04    0.955859    7.079147e-08
0:   867    5.179449e-04    0.972312    6.883142e-08
0:   868    5.057986e-04    0.976549    6.721726e-08
0:   869    4.922534e-04    0.973220    6.541719e-08
0:   870    4.788998e-04    0.972873    6.364258e-08
0:   871    4.578001e-04    0.955941    6.083857e-08
0:   872    4.523976e-04    0.988199    6.012062e-08
0:   873    4.420552e-04    0.977139    5.874619e-08
0:   874    4.182825e-04    0.946222    5.558695e-08
0:   875    4.122665e-04    0.985617    5.478747e-08
0:   876    4.037098e-04    0.979245    5.365034e-08
0:   877    3.866213e-04    0.957671    5.137938e-08
0:   878    3.752169e-04    0.970503    4.986383e-08
0:   879    3.647685e-04    0.972154    4.847530e-08
0:   880    3.559917e-04    0.975939    4.730891e-08
0:   881    3.433657e-04    0.964533    4.563100e-08
0:   882    3.278359e-04    0.954772    4.356720e-08
0:   883    3.234539e-04    0.986633    4.298486e-08
0:   884    3.126484e-04    0.966593    4.154888e-08
0:   885    2.953905e-04    0.944801    3.925543e-08
0:   886    2.902841e-04    0.982713    3.857681e-08
0:   887    2.806089e-04    0.966670    3.729105e-08
0:   888    2.673873e-04    0.952882    3.553398e-08
0:   889    2.583403e-04    0.966165    3.433170e-08
0:   890    2.490063e-04    0.963869    3.309127e-08
0:   891    2.408387e-04    0.967200    3.200586e-08
0:   892    2.293493e-04    0.952294    3.047899e-08
0:   893    2.189897e-04    0.954831    2.910227e-08
0:   894    2.140986e-04    0.977665    2.845227e-08
0:   895    2.031661e-04    0.948937    2.699941e-08
0:   896    1.917614e-04    0.943865    2.548380e-08
0:   897    1.876855e-04    0.978745    2.494214e-08
0:   898    1.783915e-04    0.950481    2.370705e-08
0:   899    1.685976e-04    0.945099    2.240549e-08
0:   900    1.625599e-04    0.964189    2.160312e-08
0:   901    1.551442e-04    0.954382    2.061762e-08
0:   902    1.484725e-04    0.956997    1.973100e-08
0:   903    1.400961e-04    0.943583    1.861784e-08
0:   904    1.339941e-04    0.956444    1.780692e-08
0:   905    1.296558e-04    0.967623    1.723038e-08
0:   906    1.211570e-04    0.934452    1.610096e-08
0:   907    1.154250e-04    0.952689    1.533921e-08
0:   908    1.121902e-04    0.971975    1.490932e-08
0:   909    1.051642e-04    0.937375    1.397562e-08
0:   910    9.993999e-05    0.950323    1.328136e-08
0:   911    9.643978e-05    0.964977    1.281620e-08
0:   912    9.135889e-05    0.947315    1.214099e-08
0:   913    8.720435e-05    0.954525    1.158888e-08
0:   914    8.271905e-05    0.948566    1.099281e-08
0:   915    7.962028e-05    0.962539    1.058100e-08
0:   916    7.635874e-05    0.959036    1.014757e-08
0:   917    7.159355e-05    0.937595    9.514304e-09
0: 
0: 
0: =============================================
0: Solve phase times:
0: =============================================
0: PCG Solve:
0:   wall clock time = 22.988541 seconds
0:   wall MFLOPS     = 0.000000
0:   cpu clock time  = 22.987924 seconds
0:   cpu MFLOPS      = 0.000000
0: 
0: 
0: Iterations = 917
0: Final Relative Residual Norm = 9.514304e-09
0: 
0: 27pt 3D Laplacian
0: =============================================
0: Hypre init times:
0: =============================================
0: Hypre init:
0:   wall clock time = 0.000002 seconds
0:   wall MFLOPS     = 0.000000
0:   cpu clock time  = 0.000002 seconds
0:   cpu MFLOPS      = 0.000000
0: 
0: 
0: Using HYPRE_DEVELOP_STRING: v3.1.0-3-g13083b05c (branch v3.1.0_highradixallreduce; not the develop branch)
0: 
0: Running with these driver parameters:
0:   solver ID    = 2
0: 
0:   Laplacian_27pt:
0:     (nx, ny, nz) = (384, 384, 384)
0:     (Px, Py, Pz) = (4, 4, 4)
0: 
0: =============================================
0: Generate Matrix:
0: =============================================
0: Spatial Operator:
0:   wall clock time = 0.120666 seconds
0:   wall MFLOPS     = 0.000000
0:   cpu clock time  = 0.120625 seconds
0:   cpu MFLOPS      = 0.000000
0: 
0:   Number of vector components: 1
0:   RHS vector has unit coefficients
0:   Initial guess is 0
0: =============================================
0: IJ Vector Setup:
0: =============================================
0: RHS and Initial Guess:
0:   wall clock time = 0.014354 seconds
0:   wall MFLOPS     = 0.000000
0:   cpu clock time  = 0.014304 seconds
0:   cpu MFLOPS      = 0.000000
0: 
0: Solver: DS-PCG
0: HYPRE_ParCSRPCGGetPrecond got good precond
0: =============================================
0: Setup phase times:
0: =============================================
0: PCG Setup:
0:   wall clock time = 0.000412 seconds
0:   wall MFLOPS     = 0.000000
0:   cpu clock time  = 0.000412 seconds
0:   cpu MFLOPS      = 0.000000
0: 
0: <b,b>: 5.662310e+07
0: 
0: 
0: Iters       ||r||_2     conv.rate  ||r||_2/||b||_2
0: -----    ------------   ---------  ------------ 
0:     1    5.995470e+04    7.967580    7.967580e+00
0:     2    5.941985e+04    0.991079    7.896501e+00
0:     3    5.889456e+04    0.991160    7.826694e+00
0:     4    5.836328e+04    0.990979    7.756090e+00
0:     5    5.783265e+04    0.990908    7.685574e+00
0:     6    5.730994e+04    0.990962    7.616109e+00
0:     7    5.678836e+04    0.990899    7.546793e+00
0:     8    5.626777e+04    0.990833    7.477611e+00
0:     9    5.575314e+04    0.990854    7.409220e+00
0:    10    5.524077e+04    0.990810    7.341130e+00
0:    11    5.472986e+04    0.990751    7.273233e+00
0:    12    5.422398e+04    0.990757    7.206005e+00
0:    13    5.372072e+04    0.990719    7.139125e+00
0:    14    5.321921e+04    0.990664    7.072478e+00
0:    15    5.272221e+04    0.990661    7.006430e+00
0:    16    5.222796e+04    0.990625    6.940747e+00
0:    17    5.173566e+04    0.990574    6.875324e+00
0:    18    5.124752e+04    0.990565    6.810453e+00
0:    19    5.076217e+04    0.990529    6.745954e+00
0:    20    5.027891e+04    0.990480    6.681732e+00
0:    21    4.979956e+04    0.990466    6.618030e+00
0:    22    4.932302e+04    0.990431    6.554701e+00
0:    23    4.884866e+04    0.990383    6.491661e+00
0:    24    4.837801e+04    0.990365    6.429115e+00
0:    25    4.791017e+04    0.990329    6.366942e+00
0:    26    4.744457e+04    0.990282    6.305066e+00
0:    27    4.698252e+04    0.990261    6.243664e+00
0:    28    4.652327e+04    0.990225    6.182632e+00
0:    29    4.606630e+04    0.990178    6.121904e+00
0:    30    4.561276e+04    0.990155    6.061631e+00
0:    31    4.516199e+04    0.990117    6.001727e+00
0:    32    4.471353e+04    0.990070    5.942129e+00
0:    33    4.426838e+04    0.990045    5.882973e+00
0:    34    4.382598e+04    0.990006    5.824181e+00
0:    35    4.338591e+04    0.989959    5.765698e+00
0:    36    4.294906e+04    0.989931    5.707643e+00
0:    37    4.251492e+04    0.989892    5.649949e+00
0:    38    4.208312e+04    0.989844    5.592566e+00
0:    39    4.165446e+04    0.989814    5.535599e+00
0:    40    4.122847e+04    0.989773    5.478989e+00
0:    41    4.080483e+04    0.989725    5.422689e+00
0:    42    4.038424e+04    0.989693    5.366796e+00
0:    43    3.996630e+04    0.989651    5.311255e+00
0:    44    3.955070e+04    0.989601    5.256024e+00
0:    45    3.913808e+04    0.989567    5.201190e+00
0:    46    3.872808e+04    0.989524    5.146704e+00
0:    47    3.832042e+04    0.989474    5.092527e+00
0:    48    3.791566e+04    0.989438    5.038738e+00
0:    49    3.751349e+04    0.989393    4.985293e+00
0:    50    3.711365e+04    0.989341    4.932156e+00
0:    51    3.671665e+04    0.989303    4.879398e+00
0:    52    3.632221e+04    0.989257    4.826979e+00
0:    53    3.593007e+04    0.989204    4.774867e+00
0:    54    3.554073e+04    0.989164    4.723126e+00
0:    55    3.515390e+04    0.989116    4.671719e+00
0:    56    3.476937e+04    0.989062    4.620618e+00
0:    57    3.438758e+04    0.989019    4.569879e+00
0:    58    3.400827e+04    0.988970    4.519472e+00
0:    59    3.363123e+04    0.988913    4.469366e+00
0:    60    3.325688e+04    0.988869    4.419617e+00
0:    61    3.288497e+04    0.988817    4.370194e+00
0:    62    3.251533e+04    0.988759    4.321070e+00
0:    63    3.214831e+04    0.988712    4.272296e+00
0:    64    3.178372e+04    0.988659    4.223844e+00
0:    65    3.142135e+04    0.988599    4.175688e+00
0:    66    3.106157e+04    0.988550    4.127875e+00
0:    67    3.070417e+04    0.988494    4.080380e+00
0:    68    3.034899e+04    0.988432    4.033178e+00
0:    69    2.999634e+04    0.988380    3.986313e+00
0:    70    2.964603e+04    0.988322    3.939760e+00
0:    71    2.929793e+04    0.988258    3.893499e+00
0:    72    2.895230e+04    0.988203    3.847567e+00
0:    73    2.860899e+04    0.988142    3.801944e+00
0:    74    2.826785e+04    0.988076    3.756609e+00
0:    75    2.792915e+04    0.988018    3.711597e+00
0:    76    2.759273e+04    0.987955    3.666889e+00
0:    77    2.725846e+04    0.987885    3.622467e+00
0:    78    2.692657e+04    0.987825    3.578362e+00
0:    79    2.659694e+04    0.987758    3.534556e+00
0:    80    2.626943e+04    0.987686    3.491032e+00
0:    81    2.594427e+04    0.987622    3.447820e+00
0:    82    2.562132e+04    0.987552    3.404902e+00
0:    83    2.530047e+04    0.987477    3.362263e+00
0:    84    2.498192e+04    0.987409    3.319930e+00
0:    85    2.466555e+04    0.987336    3.277887e+00
0:    86    2.435125e+04    0.987258    3.236119e+00
0:    87    2.403922e+04    0.987186    3.194652e+00
0:    88    2.372933e+04    0.987109    3.153470e+00
0:    89    2.342149e+04    0.987027    3.112559e+00
0:    90    2.311586e+04    0.986951    3.071944e+00
0:    91    2.281235e+04    0.986870    3.031609e+00
0:    92    2.251086e+04    0.986784    2.991543e+00
0:    93    2.221154e+04    0.986704    2.951766e+00
0:    94    2.191431e+04    0.986618    2.912265e+00
0:    95    2.161906e+04    0.986527    2.873028e+00
0:    96    2.132595e+04    0.986442    2.834076e+00
0:    97    2.103488e+04    0.986352    2.795395e+00
0:    98    2.074577e+04    0.986256    2.756975e+00
0:    99    2.045877e+04    0.986165    2.718833e+00
0:   100    2.017377e+04    0.986070    2.680959e+00
0:   101    1.989070e+04    0.985968    2.643341e+00
0:   102    1.960969e+04    0.985872    2.605997e+00
0:   103    1.933066e+04    0.985771    2.568915e+00
0:   104    1.905352e+04    0.985663    2.532086e+00
0:   105    1.877841e+04    0.985561    2.495525e+00
0:   106    1.850524e+04    0.985453    2.459222e+00
0:   107    1.823393e+04    0.985339    2.423168e+00
0:   108    1.796461e+04    0.985230    2.387376e+00
0:   109    1.769719e+04    0.985114    2.351838e+00
0:   110    1.743161e+04    0.984993    2.316545e+00
0:   111    1.716797e+04    0.984876    2.281509e+00
0:   112    1.690620e+04    0.984753    2.246721e+00
0:   113    1.664624e+04    0.984623    2.212174e+00
0:   114    1.638818e+04    0.984497    2.177879e+00
0:   115    1.613195e+04    0.984365    2.143829e+00
0:   116    1.587750e+04    0.984227    2.110014e+00
0:   117    1.562491e+04    0.984091    2.076446e+00
0:   118    1.537412e+04    0.983949    2.043118e+00
0:   119    1.512507e+04    0.983801    2.010021e+00
0:   120    1.487784e+04    0.983654    1.977166e+00
0:   121    1.463237e+04    0.983501    1.944545e+00
0:   122    1.438862e+04    0.983341    1.912151e+00
0:   123    1.414664e+04    0.983183    1.879994e+00
0:   124    1.390639e+04    0.983017    1.848066e+00
0:   125    1.366781e+04    0.982844    1.816361e+00
0:   126    1.343097e+04    0.982672    1.784886e+00
0:   127    1.319582e+04    0.982492    1.753637e+00
0:   128    1.296231e+04    0.982304    1.722604e+00
0:   129    1.273050e+04    0.982116    1.691798e+00
0:   130    1.250033e+04    0.981920    1.661211e+00
0:   131    1.227177e+04    0.981716    1.630837e+00
0:   132    1.204487e+04    0.981510    1.600683e+00
0:   133    1.181958e+04    0.981296    1.570743e+00
0:   134    1.159585e+04    0.981071    1.541011e+00
0:   135    1.137374e+04    0.980845    1.511494e+00
0:   136    1.115320e+04    0.980609    1.482185e+00
0:   137    1.093418e+04    0.980363    1.453080e+00
0:   138    1.071674e+04    0.980113    1.424183e+00
0:   139    1.050082e+04    0.979852    1.395489e+00
0:   140    1.028639e+04    0.979580    1.366993e+00
0:   141    1.007349e+04    0.979303    1.338700e+00
0:   142    9.862075e+03    0.979013    1.310604e+00
0:   143    9.652106e+03    0.978710    1.282700e+00
0:   144    9.443619e+03    0.978400    1.254994e+00
0:   145    9.236574e+03    0.978076    1.227479e+00
0:   146    9.030933e+03    0.977736    1.200151e+00
0:   147    8.826726e+03    0.977388    1.173013e+00
0:   148    8.623916e+03    0.977023    1.146061e+00
0:   149    8.422465e+03    0.976641    1.119289e+00
0:   150    8.222401e+03    0.976246    1.092702e+00
0:   151    8.023685e+03    0.975832    1.066294e+00
0:   152    7.826283e+03    0.975398    1.040061e+00
0:   153    7.630217e+03    0.974948    1.014005e+00
0:   154    7.435449e+03    0.974474    9.881216e-01
0:   155    7.241948e+03    0.973976    9.624065e-01
0:   156    7.049729e+03    0.973458    9.368619e-01
0:   157    6.858757e+03    0.972911    9.114830e-01
0:   158    6.669000e+03    0.972334    8.862656e-01
0:   159    6.480470e+03    0.971730    8.612113e-01
0:   160    6.293134e+03    0.971092    8.363155e-01
0:   161    6.106958e+03    0.970416    8.115740e-01
0:   162    5.921952e+03    0.969706    7.869878e-01
0:   163    5.738081e+03    0.968951    7.625526e-01
0:   164    5.555313e+03    0.968148    7.382641e-01
0:   165    5.373654e+03    0.967300    7.141227e-01
0:   166    5.193069e+03    0.966394    6.901242e-01
0:   167    5.013527e+03    0.965427    6.662642e-01
0:   168    4.835027e+03    0.964396    6.425428e-01
0:   169    4.657537e+03    0.963291    6.189556e-01
0:   170    4.481024e+03    0.962102    5.954982e-01
0:   171    4.305484e+03    0.960826    5.721701e-01
0:   172    4.130884e+03    0.959447    5.489669e-01
0:   173    3.957190e+03    0.957952    5.258841e-01
0:   174    3.784394e+03    0.956334    5.029207e-01
0:   175    3.612462e+03    0.954568    4.800721e-01
0:   176    3.441361e+03    0.952636    4.573339e-01
0:   177    3.271076e+03    0.950518    4.347042e-01
0:   178    3.101573e+03    0.948181    4.121783e-01
0:   179    2.932816e+03    0.945590    3.897516e-01
0:   180    2.764786e+03    0.942707    3.674217e-01
0:   181    2.597448e+03    0.939475    3.451835e-01
0:   182    2.430762e+03    0.935827    3.230320e-01
0:   183    2.264705e+03    0.931685    3.009641e-01
0:   184    2.099235e+03    0.926936    2.789743e-01
0:   185    1.934312e+03    0.921436    2.570571e-01
0:   186    1.769901e+03    0.915003    2.352081e-01
0:   187    1.605957e+03    0.907371    2.134210e-01
0:   188    1.442428e+03    0.898173    1.916891e-01
0:   189    1.279265e+03    0.886883    1.700058e-01
0:   190    1.116399e+03    0.872688    1.483620e-01
0:   191    9.537454e+02    0.854305    1.267464e-01
0:   192    7.911874e+02    0.829558    1.051435e-01
0:   193    2.591496e+03    3.275451    3.443925e-01
0:   194    1.866559e+03    0.720263    2.480532e-01
0:   195    1.696377e+03    0.908826    2.254372e-01
0:   196    1.662741e+03    0.980172    2.209672e-01
0:   197    1.559791e+03    0.938084    2.072858e-01
0:   198    1.477338e+03    0.947138    1.963283e-01
0:   199    1.449461e+03    0.981131    1.926237e-01
0:   200    1.387631e+03    0.957343    1.844070e-01
0:   201    1.328629e+03    0.957480    1.765659e-01
0:   202    1.300688e+03    0.978970    1.728528e-01
0:   203    1.252402e+03    0.962876    1.664358e-01
0:   204    1.204133e+03    0.961459    1.600213e-01
0:   205    1.176412e+03    0.976978    1.563373e-01
0:   206    1.135216e+03    0.964981    1.508626e-01
0:   207    1.093509e+03    0.963261    1.453201e-01
0:   208    1.066504e+03    0.975304    1.417312e-01
0:   209    1.030051e+03    0.965820    1.368869e-01
0:   210    9.930811e+02    0.964109    1.319739e-01
0:   211    9.671463e+02    0.973884    1.285273e-01
0:   212    9.343506e+02    0.966090    1.241690e-01
0:   213    9.011570e+02    0.964474    1.197577e-01
0:   214    8.765201e+02    0.972661    1.164837e-01
0:   215    8.467852e+02    0.966076    1.125321e-01
0:   216    8.167903e+02    0.964578    1.085460e-01
0:   217    7.935880e+02    0.971593    1.054625e-01
0:   218    7.665406e+02    0.965918    1.018681e-01
0:   219    7.393580e+02    0.964539    9.825574e-02
0:   220    7.176651e+02    0.970660    9.537290e-02
0:   221    6.930449e+02    0.965694    9.210104e-02
0:   222    6.683930e+02    0.964430    8.882497e-02
0:   223    6.482420e+02    0.969852    8.614703e-02
0:   224    6.258508e+02    0.965459    8.317139e-02
0:   225    6.035102e+02    0.964304    8.020248e-02
0:   226    5.849038e+02    0.969170    7.772981e-02
0:   227    5.645797e+02    0.965252    7.502888e-02
0:   228    5.443701e+02    0.964204    7.234315e-02
0:   229    5.272898e+02    0.968624    7.007329e-02
0:   230    5.088935e+02    0.965112    6.762855e-02
0:   231    4.906597e+02    0.964170    6.520540e-02
0:   232    4.750713e+02    0.968230    6.313380e-02
0:   233    4.584781e+02    0.965072    6.092868e-02
0:   234    4.420819e+02    0.964238    5.874974e-02
0:   235    4.279392e+02    0.968009    5.687026e-02
0:   236    4.130335e+02    0.965169    5.488940e-02
0:   237    3.983481e+02    0.964445    5.293781e-02
0:   238    3.855951e+02    0.967985    5.124301e-02
0:   239    3.722669e+02    0.965435    4.947178e-02
0:   240    3.591723e+02    0.964825    4.773160e-02
0:   241    3.477441e+02    0.968182    4.621287e-02
0:   242    3.358854e+02    0.965898    4.463692e-02
0:   243    3.242648e+02    0.965403    4.309262e-02
0:   244    3.140876e+02    0.968614    4.174014e-02
0:   245    3.035893e+02    0.966575    4.034499e-02
0:   246    2.933254e+02    0.966191    3.898098e-02
0:   247    2.843147e+02    0.969281    3.778353e-02
0:   248    2.750631e+02    0.967460    3.655405e-02
0:   249    2.660334e+02    0.967172    3.535406e-02
0:   250    2.580915e+02    0.970147    3.429864e-02
0:   251    2.499628e+02    0.968505    3.321839e-02
0:   252    2.420343e+02    0.968281    3.216474e-02
0:   253    2.350451e+02    0.971123    3.123592e-02
0:   254    2.278996e+02    0.969600    3.028634e-02
0:   255    2.209213e+02    0.969380    2.935896e-02
0:   256    2.147435e+02    0.972036    2.853798e-02
0:   257    2.084168e+02    0.970538    2.769721e-02
0:   258    2.022107e+02    0.970222    2.687245e-02
0:   259    1.966687e+02    0.972593    2.613595e-02
0:   260    1.909612e+02    0.970980    2.537747e-02
0:   261    1.853110e+02    0.970411    2.462659e-02
0:   262    1.801836e+02    0.972331    2.394520e-02
0:   263    1.748494e+02    0.970396    2.323632e-02
0:   264    1.694894e+02    0.969345    2.252402e-02
0:   265    1.645005e+02    0.970565    2.186102e-02
0:   266    1.592393e+02    0.968017    2.116184e-02
0:   267    1.538514e+02    0.966165    2.044583e-02
0:   268    1.486772e+02    0.966369    1.975820e-02
0:   269    1.431666e+02    0.962936    1.902589e-02
0:   270    1.374690e+02    0.960203    1.826872e-02
0:   271    1.319438e+02    0.959808    1.753446e-02
0:   272    1.262476e+02    0.956829    1.677747e-02
0:   273    1.206833e+02    0.955925    1.603801e-02
0:   274    1.157330e+02    0.958981    1.538014e-02
0:   275    1.111684e+02    0.960560    1.477354e-02
0:   276    1.070631e+02    0.963071    1.422797e-02
0:   277    1.034037e+02    0.965820    1.374166e-02
0:   278    9.956857e+01    0.962911    1.323200e-02
0:   279    9.555750e+01    0.959715    1.269895e-02
0:   280    9.178053e+01    0.960474    1.219702e-02
0:   281    8.820084e+01    0.960997    1.172130e-02
0:   282    8.483444e+01    0.961833    1.127393e-02
0:   283    8.160674e+01    0.961953    1.084499e-02
0:   284    7.825749e+01    0.958959    1.039990e-02
0:   285    7.506044e+01    0.959147    9.975031e-03
0:   286    7.219905e+01    0.961879    9.594771e-03
0:   287    6.928354e+01    0.959618    9.207320e-03
0:   288    6.635605e+01    0.957746    8.818276e-03
0:   289    6.370870e+01    0.960104    8.466461e-03
0:   290    6.112395e+01    0.959429    8.122964e-03
0:   291    5.851672e+01    0.957345    7.776482e-03
0:   292    5.609583e+01    0.958629    7.454761e-03
0:   293    5.376788e+01    0.958500    7.145392e-03
0:   294    5.144608e+01    0.956818    6.836841e-03
0:   295    4.926177e+01    0.957542    6.546561e-03
0:   296    4.716466e+01    0.957429    6.267869e-03
0:   297    4.508788e+01    0.955967    5.991878e-03
0:   298    4.313036e+01    0.956584    5.731736e-03
0:   299    4.124869e+01    0.956373    5.481676e-03
0:   300    3.938706e+01    0.954868    5.234278e-03
0:   301    3.764098e+01    0.955669    5.002236e-03
0:   302    3.595717e+01    0.955266    4.778467e-03
0:   303    3.428936e+01    0.953617    4.556827e-03
0:   304    3.273938e+01    0.954797    4.350845e-03
0:   305    3.123254e+01    0.953975    4.150596e-03
0:   306    2.974480e+01    0.952366    3.952886e-03
0:   307    2.837344e+01    0.953896    3.770641e-03
0:   308    2.702357e+01    0.952425    3.591252e-03
0:   309    2.570766e+01    0.951305    3.416376e-03
0:   310    2.449212e+01    0.952717    3.254839e-03
0:   311    2.328723e+01    0.950805    3.094717e-03
0:   312    2.213249e+01    0.950413    2.941260e-03
0:   313    2.104920e+01    0.951054    2.797298e-03
0:   314    1.998658e+01    0.949517    2.656082e-03
0:   315    1.897195e+01    0.949235    2.521246e-03
0:   316    1.800894e+01    0.949240    2.393267e-03
0:   317    1.708226e+01    0.948544    2.270119e-03
0:   318    1.618437e+01    0.947437    2.150795e-03
0:   319    1.534161e+01    0.947928    2.038798e-03
0:   320    1.453062e+01    0.947138    1.931023e-03
0:   321    1.374135e+01    0.945682    1.826134e-03
0:   322    1.301054e+01    0.946817    1.729014e-03
0:   323    1.229750e+01    0.945195    1.634256e-03
0:   324    1.161589e+01    0.944573    1.543674e-03
0:   325    1.097726e+01    0.945021    1.458805e-03
0:   326    1.036046e+01    0.943811    1.376835e-03
0:   327    9.771476e+00    0.943151    1.298564e-03
0:   328    9.217491e+00    0.943306    1.224943e-03
0:   329    8.689334e+00    0.942701    1.154755e-03
0:   330    8.179336e+00    0.941308    1.086979e-03
0:   331    7.707396e+00    0.942301    1.024262e-03
0:   332    7.252139e+00    0.940932    9.637609e-04
0:   333    6.819012e+00    0.940276    9.062012e-04
0:   334    6.414852e+00    0.940730    8.524910e-04
0:   335    6.028619e+00    0.939791    8.011633e-04
0:   336    5.661008e+00    0.939022    7.523102e-04
0:   337    5.318429e+00    0.939484    7.067837e-04
0:   338    4.993535e+00    0.938912    6.636075e-04
0:   339    4.683202e+00    0.937853    6.223662e-04
0:   340    4.397539e+00    0.939003    5.844036e-04
0:   341    4.124933e+00    0.938009    5.481760e-04
0:   342    3.868496e+00    0.937832    5.140973e-04
0:   343    3.630541e+00    0.938489    4.824746e-04
0:   344    3.407295e+00    0.938509    4.528067e-04
0:   345    3.195742e+00    0.937912    4.246927e-04
0:   346    3.002702e+00    0.939595    3.990390e-04
0:   347    2.820714e+00    0.939392    3.748541e-04
0:   348    2.650827e+00    0.939771    3.522772e-04
0:   349    2.495420e+00    0.941374    3.316246e-04
0:   350    2.351003e+00    0.942127    3.124326e-04
0:   351    2.215914e+00    0.942540    2.944802e-04
0:   352    2.093987e+00    0.944976    2.782769e-04
0:   353    1.980641e+00    0.945871    2.632139e-04
0:   354    1.875517e+00    0.946924    2.492436e-04
0:   355    1.780801e+00    0.949499    2.366566e-04
0:   356    1.693431e+00    0.950938    2.250457e-04
0:   357    1.612226e+00    0.952047    2.142541e-04
0:   358    1.539687e+00    0.955007    2.046142e-04
0:   359    1.472602e+00    0.956429    1.956989e-04
0:   360    1.410110e+00    0.957564    1.873942e-04
0:   361    1.353862e+00    0.960111    1.799192e-04
0:   362    1.301221e+00    0.961118    1.729235e-04
0:   363    1.250738e+00    0.961204    1.662147e-04
0:   364    1.204247e+00    0.962829    1.600364e-04
0:   365    1.158920e+00    0.962361    1.540127e-04
0:   366    1.113681e+00    0.960964    1.480007e-04
0:   367    1.069731e+00    0.960537    1.421601e-04
0:   368    1.025053e+00    0.958234    1.362228e-04
0:   369    9.781416e-01    0.954235    1.299885e-04
0:   370    9.310404e-01    0.951846    1.237291e-04
0:   371    8.817732e-01    0.947084    1.171818e-04
0:   372    8.299883e-01    0.941272    1.102999e-04
0:   373    7.775775e-01    0.936854    1.033349e-04
0:   374    7.242781e-01    0.931455    9.625172e-05
0:   375    6.698164e-01    0.924806    8.901412e-05
0:   376    6.174305e-01    0.921791    8.205239e-05
0:   377    5.672190e-01    0.918677    7.537962e-05
0:   378    5.202605e-01    0.917213    6.913914e-05
0:   379    4.798716e-01    0.922368    6.377173e-05
0:   380    4.479487e-01    0.933476    5.952939e-05
0:   381    4.263595e-01    0.951804    5.666033e-05
0:   382    4.214493e-01    0.988483    5.600780e-05
0:   383    4.405257e-01    1.045264    5.854292e-05
0:   384    4.966851e-01    1.127483    6.600614e-05
0:   385    4.642360e-01    0.934669    6.169387e-05
0:   386    4.002994e-01    0.862276    5.319711e-05
0:   387    3.865989e-01    0.965774    5.137641e-05
0:   388    3.724201e-01    0.963324    4.949215e-05
0:   389    3.587263e-01    0.963230    4.767234e-05
0:   390    3.455768e-01    0.963344    4.592484e-05
0:   391    3.324720e-01    0.962079    4.418331e-05
0:   392    3.194937e-01    0.960964    4.245857e-05
0:   393    3.071403e-01    0.961335    4.081690e-05
0:   394    2.946799e-01    0.959431    3.916099e-05
0:   395    2.823638e-01    0.958205    3.752427e-05
0:   396    2.703812e-01    0.957563    3.593186e-05
0:   397    2.584733e-01    0.955959    3.434938e-05
0:   398    2.465774e-01    0.953976    3.276849e-05
0:   399    2.350680e-01    0.953324    3.123897e-05
0:   400    2.236749e-01    0.951533    2.972490e-05
0:   401    2.124097e-01    0.949636    2.822783e-05
0:   402    2.015748e-01    0.948991    2.678795e-05
0:   403    1.909721e-01    0.947401    2.537892e-05
0:   404    1.806667e-01    0.946037    2.400939e-05
0:   405    1.708159e-01    0.945475    2.270029e-05
0:   406    1.613864e-01    0.944798    2.144718e-05
0:   407    1.523096e-01    0.943758    2.024093e-05
0:   408    1.438009e-01    0.944135    1.911017e-05
0:   409    1.357605e-01    0.944087    1.804167e-05
0:   410    1.281698e-01    0.944087    1.703291e-05
0:   411    1.211536e-01    0.945258    1.610050e-05
0:   412    1.146182e-01    0.946057    1.523200e-05
0:   413    1.085454e-01    0.947017    1.442495e-05
0:   414    1.029557e-01    0.948504    1.368213e-05
0:   415    9.781426e-02    0.950061    1.299886e-05
0:   416    9.300307e-02    0.950813    1.235949e-05
0:   417    8.857444e-02    0.952382    1.177095e-05
0:   418    8.441108e-02    0.952996    1.121767e-05
0:   419    8.043070e-02    0.952845    1.068870e-05
0:   420    7.661148e-02    0.952515    1.018115e-05
0:   421    7.285392e-02    0.950953    9.681799e-06
0:   422    6.907975e-02    0.948195    9.180237e-06
0:   423    6.526630e-02    0.944796    8.673456e-06
0:   424    6.139317e-02    0.940656    8.158742e-06
0:   425    5.743576e-02    0.935540    7.632828e-06
0:   426    5.348975e-02    0.931297    7.108430e-06
0:   427    4.964178e-02    0.928062    6.597061e-06
0:   428    4.599688e-02    0.926576    6.112678e-06
0:   429    4.272875e-02    0.928949    5.678366e-06
0:   430    3.991270e-02    0.934095    5.304132e-06
0:   431    3.756046e-02    0.941065    4.991534e-06
0:   432    3.555305e-02    0.946555    4.724763e-06
0:   433    3.368264e-02    0.947391    4.476198e-06
0:   434    3.172620e-02    0.941915    4.216200e-06
0:   435    2.967651e-02    0.935395    3.943810e-06
0:   436    2.770440e-02    0.933547    3.681730e-06
0:   437    2.598750e-02    0.938028    3.453566e-06
0:   438    2.454164e-02    0.944363    3.261420e-06
0:   439    2.316935e-02    0.944083    3.079052e-06
0:   440    2.175360e-02    0.938896    2.890908e-06
0:   441    2.039176e-02    0.937397    2.709929e-06
0:   442    1.921330e-02    0.942209    2.553319e-06
0:   443    1.813874e-02    0.944072    2.410518e-06
0:   444    1.704702e-02    0.939813    2.265435e-06
0:   445    1.598520e-02    0.937712    2.124326e-06
0:   446    1.503560e-02    0.940595    1.998130e-06
0:   447    1.414357e-02    0.940672    1.879586e-06
0:   448    1.323407e-02    0.935695    1.758719e-06
0:   449    1.237589e-02    0.935154    1.644674e-06
0:   450    1.159504e-02    0.936905    1.540904e-06
0:   451    1.082062e-02    0.933211    1.437988e-06
0:   452    1.006730e-02    0.930381    1.337878e-06
0:   453    9.385073e-03    0.932233    1.247214e-06
0:   454    8.734730e-03    0.930705    1.160787e-06
0:   455    8.105596e-03    0.927973    1.077180e-06
0:   456    7.545923e-03    0.930952    1.002803e-06
0:   457    7.028491e-03    0.931429    9.340396e-07
0:   458    6.541680e-03    0.930737    8.693456e-07
0:   459    6.119216e-03    0.935420    8.132029e-07
0:   460    5.733113e-03    0.936903    7.618924e-07
0:   461    5.374468e-03    0.937443    7.142309e-07
0:   462    5.055082e-03    0.940573    6.717866e-07
0:   463    4.743979e-03    0.938457    6.304432e-07
0:   464    4.437478e-03    0.935392    5.897112e-07
0:   465    4.141269e-03    0.933248    5.503470e-07
0:   466    3.845264e-03    0.928523    5.110099e-07
0:   467    3.571285e-03    0.928749    4.746000e-07
0:   468    3.328992e-03    0.932155    4.424008e-07
0:   469    3.111716e-03    0.934732    4.135263e-07
0:   470    2.918252e-03    0.937827    3.878162e-07
0:   471    2.726769e-03    0.934384    3.623694e-07
0:   472    2.537916e-03    0.930741    3.372720e-07
0:   473    2.365410e-03    0.932029    3.143472e-07
0:   474    2.207493e-03    0.933239    2.933611e-07
0:   475    2.065348e-03    0.935608    2.744710e-07
0:   476    1.925247e-03    0.932166    2.558524e-07
0:   477    1.790615e-03    0.930070    2.379607e-07
0:   478    1.672748e-03    0.934175    2.222970e-07
0:   479    1.561744e-03    0.933640    2.075454e-07
0:   480    1.456316e-03    0.932493    1.935346e-07
0:   481    1.357702e-03    0.932286    1.804295e-07
0:   482    1.269578e-03    0.935093    1.687185e-07
0:   483    1.187153e-03    0.935076    1.577646e-07
0:   484    1.107500e-03    0.932905    1.471794e-07
0:   485    1.037965e-03    0.937215    1.379387e-07
0:   486    9.726663e-04    0.937089    1.292609e-07
0:   487    9.112135e-04    0.936820    1.210942e-07
0:   488    8.557028e-04    0.939080    1.137172e-07
0:   489    8.050475e-04    0.940803    1.069854e-07
0:   490    7.575785e-04    0.941036    1.006771e-07
0:   491    7.137099e-04    0.942094    9.484728e-08
0:   492    6.737326e-04    0.943987    8.953456e-08
0:   493    6.348831e-04    0.942337    8.437173e-08
0:   494    6.005351e-04    0.945899    7.980710e-08
0:   495    5.682021e-04    0.946160    7.551026e-08
0:   496    5.380181e-04    0.946878    7.149901e-08
0:   497    5.108482e-04    0.949500    6.788832e-08
0:   498    4.847728e-04    0.948957    6.442307e-08
0:   499    4.605731e-04    0.950080    6.120709e-08
0:   500    4.380146e-04    0.951021    5.820921e-08
0:   501    4.164238e-04    0.950708    5.533994e-08
0:   502    3.959981e-04    0.950950    5.262551e-08
0:   503    3.769866e-04    0.951991    5.009901e-08
0:   504    3.581717e-04    0.950091    4.759863e-08
0:   505    3.409179e-04    0.951828    4.530571e-08
0:   506    3.238257e-04    0.949864    4.303427e-08
0:   507    3.077168e-04    0.950254    4.089350e-08
0:   508    2.920304e-04    0.949023    3.880889e-08
0:   509    2.768060e-04    0.947867    3.678567e-08
0:   510    2.621520e-04    0.947060    3.483825e-08
0:   511    2.474920e-04    0.944079    3.289004e-08
0:   512    2.335550e-04    0.943687    3.103790e-08
0:   513    2.195611e-04    0.940083    2.917820e-08
0:   514    2.060694e-04    0.938552    2.738525e-08
0:   515    1.929505e-04    0.936337    2.564183e-08
0:   516    1.802102e-04    0.933971    2.394873e-08
0:   517    1.679311e-04    0.931862    2.231692e-08
0:   518    1.561770e-04    0.930007    2.075489e-08
0:   519    1.448481e-04    0.927461    1.924935e-08
0:   520    1.340606e-04    0.925525    1.781576e-08
0:   521    1.238518e-04    0.923849    1.645907e-08
0:   522    1.142448e-04    0.922432    1.518237e-08
0:   523    1.051652e-04    0.920525    1.397576e-08
0:   524    9.685142e-05    0.920945    1.287091e-08
0:   525    8.898622e-05    0.918791    1.182567e-08
0:   526    8.184457e-05    0.919744    1.087660e-08
0:   527    7.523104e-05    0.919194    9.997703e-09
0: 
0: 
0: =============================================
0: Solve phase times:
0: =============================================
0: PCG Solve:
0:   wall clock time = 25.452977 seconds
0:   wall MFLOPS     = 0.000000
0:   cpu clock time  = 25.452266 seconds
0:   cpu MFLOPS      = 0.000000
0: 
0: 
0: Iterations = 527
0: Final Relative Residual Norm = 9.997703e-09
0: 
0: 125pt 3D Laplacian
0: =============================================
0: Hypre init times:
0: =============================================
0: Hypre init:
0:   wall clock time = 0.000002 seconds
0:   wall MFLOPS     = 0.000000
0:   cpu clock time  = 0.000002 seconds
0:   cpu MFLOPS      = 0.000000
0: 
0: 
0: Using HYPRE_DEVELOP_STRING: v3.1.0-3-g13083b05c (branch v3.1.0_highradixallreduce; not the develop branch)
0: 
0: Running with these driver parameters:
0:   solver ID    = 2
0: 
0:   Laplacian_125pt:
0:     (nx, ny, nz) = (384, 384, 384)
0:     (Px, Py, Pz) = (4, 4, 4)
0: 
0: =============================================
0: Generate Matrix:
0: =============================================
0: Spatial Operator:
0:   wall clock time = 1.970080 seconds
0:   wall MFLOPS     = 0.000000
0:   cpu clock time  = 1.956442 seconds
0:   cpu MFLOPS      = 0.000000
0: 
0:   Number of vector components: 1
0:   RHS vector has unit coefficients
0:   Initial guess is 0
0: =============================================
0: IJ Vector Setup:
0: =============================================
0: RHS and Initial Guess:
0:   wall clock time = 0.012246 seconds
0:   wall MFLOPS     = 0.000000
0:   cpu clock time  = 0.012194 seconds
0:   cpu MFLOPS      = 0.000000
0: 
0: Solver: DS-PCG
0: HYPRE_ParCSRPCGGetPrecond got good precond
0: =============================================
0: Setup phase times:
0: =============================================
0: PCG Setup:
0:   wall clock time = 0.001744 seconds
0:   wall MFLOPS     = 0.000000
0:   cpu clock time  = 0.001730 seconds
0:   cpu MFLOPS      = 0.000000
0: 
0: <b,b>: 5.662310e+07
0: 
0: 
0: Iters       ||r||_2     conv.rate  ||r||_2/||b||_2
0: -----    ------------   ---------  ------------ 
0:     1    1.319433e+05    17.534383    1.753438e+01
0:     2    1.525709e+05    1.156337    2.027565e+01
0:     3    1.664070e+05    1.090686    2.211437e+01
0:     4    1.772159e+05    1.064955    2.355081e+01
0:     5    1.862221e+05    1.050820    2.474767e+01
0:     6    1.939612e+05    1.041559    2.577615e+01
0:     7    2.008209e+05    1.035366    2.668776e+01
0:     8    2.069600e+05    1.030570    2.750360e+01
0:     9    2.125637e+05    1.027076    2.824829e+01
0:    10    2.177028e+05    1.024177    2.893126e+01
0:    11    2.224690e+05    1.021893    2.956464e+01
0:    12    2.269168e+05    1.019993    3.015573e+01
0:    13    2.310802e+05    1.018348    3.070902e+01
0:    14    2.350163e+05    1.017033    3.123209e+01
0:    15    2.387248e+05    1.015780    3.172493e+01
0:    16    2.422627e+05    1.014820    3.219510e+01
0:    17    2.456161e+05    1.013842    3.264074e+01
0:    18    2.488327e+05    1.013096    3.306821e+01
0:    19    2.519015e+05    1.012333    3.347603e+01
0:    20    2.548521e+05    1.011713    3.386814e+01
0:    21    2.576871e+05    1.011124    3.424490e+01
0:    22    2.604139e+05    1.010582    3.460726e+01
0:    23    2.630522e+05    1.010131    3.495788e+01
0:    24    2.655890e+05    1.009644    3.529501e+01
0:    25    2.680576e+05    1.009295    3.562307e+01
0:    26    2.704327e+05    1.008860    3.593870e+01
0:    27    2.727517e+05    1.008575    3.624688e+01
0:    28    2.749885e+05    1.008201    3.654413e+01
0:    29    2.771737e+05    1.007947    3.683453e+01
0:    30    2.792911e+05    1.007639    3.711592e+01
0:    31    2.813559e+05    1.007393    3.739032e+01
0:    32    2.833687e+05    1.007154    3.765781e+01
0:    33    2.853255e+05    1.006905    3.791785e+01
0:    34    2.872448e+05    1.006727    3.817291e+01
0:    35    2.891053e+05    1.006477    3.842017e+01
0:    36    2.909388e+05    1.006342    3.866382e+01
0:    37    2.927146e+05    1.006104    3.889981e+01
0:    38    2.944678e+05    1.005990    3.913281e+01
0:    39    2.961693e+05    1.005778    3.935892e+01
0:    40    2.978469e+05    1.005664    3.958186e+01
0:    41    2.994828e+05    1.005492    3.979926e+01
0:    42    3.010893e+05    1.005364    4.001276e+01
0:    43    3.026664e+05    1.005238    4.022235e+01
0:    44    3.042071e+05    1.005090    4.042709e+01
0:    45    3.057299e+05    1.005006    4.062946e+01
0:    46    3.072107e+05    1.004844    4.082625e+01
0:    47    3.086817e+05    1.004788    4.102174e+01
0:    48    3.101094e+05    1.004625    4.121147e+01
0:    49    3.115298e+05    1.004580    4.140023e+01
0:    50    3.129108e+05    1.004433    4.158376e+01
0:    51    3.142815e+05    1.004381    4.176591e+01
0:    52    3.156215e+05    1.004264    4.194399e+01
0:    53    3.169439e+05    1.004190    4.211973e+01
0:    54    3.182469e+05    1.004111    4.229289e+01
0:    55    3.195235e+05    1.004012    4.246255e+01
0:    56    3.207917e+05    1.003969    4.263108e+01
0:    57    3.220264e+05    1.003849    4.279516e+01
0:    58    3.232604e+05    1.003832    4.295914e+01
0:    59    3.244579e+05    1.003704    4.311828e+01
0:    60    3.256569e+05    1.003696    4.327763e+01
0:    61    3.268222e+05    1.003578    4.343249e+01
0:    62    3.279856e+05    1.003560    4.358710e+01
0:    63    3.291232e+05    1.003468    4.373827e+01
0:    64    3.302508e+05    1.003426    4.388812e+01
0:    65    3.313635e+05    1.003370    4.403600e+01
0:    66    3.324565e+05    1.003298    4.418125e+01
0:    67    3.335459e+05    1.003277    4.432602e+01
0:    68    3.346068e+05    1.003181    4.446701e+01
0:    69    3.356724e+05    1.003185    4.460862e+01
0:    70    3.367052e+05    1.003077    4.474588e+01
0:    71    3.377455e+05    1.003090    4.488413e+01
0:    72    3.387545e+05    1.002987    4.501822e+01
0:    73    3.397679e+05    1.002991    4.515288e+01
0:    74    3.407570e+05    1.002911    4.528433e+01
0:    75    3.417422e+05    1.002891    4.541526e+01
0:    76    3.427142e+05    1.002844    4.554443e+01
0:    77    3.436716e+05    1.002793    4.567165e+01
0:    78    3.446275e+05    1.002781    4.579869e+01
0:    79    3.455588e+05    1.002702    4.592246e+01
0:    80    3.464979e+05    1.002718    4.604726e+01
0:    81    3.474066e+05    1.002622    4.616801e+01
0:    82    3.483270e+05    1.002649    4.629033e+01
0:    83    3.492169e+05    1.002555    4.640859e+01
0:    84    3.501162e+05    1.002575    4.652810e+01
0:    85    3.509912e+05    1.002499    4.664439e+01
0:    86    3.518676e+05    1.002497    4.676086e+01
0:    87    3.527305e+05    1.002452    4.687553e+01
0:    88    3.535835e+05    1.002418    4.698889e+01
0:    89    3.544354e+05    1.002409    4.710210e+01
0:    90    3.552662e+05    1.002344    4.721250e+01
0:    91    3.561063e+05    1.002365    4.732416e+01
0:    92    3.569177e+05    1.002278    4.743198e+01
0:    93    3.577440e+05    1.002315    4.754179e+01
0:    94    3.585398e+05    1.002224    4.764755e+01
0:    95    3.593494e+05    1.002258    4.775514e+01
0:    96    3.601335e+05    1.002182    4.785934e+01
0:    97    3.609241e+05    1.002195    4.796440e+01
0:    98    3.616994e+05    1.002148    4.806744e+01
0:    99    3.624697e+05    1.002130    4.816980e+01
0:   100    3.632377e+05    1.002119    4.827187e+01
0:   101    3.639883e+05    1.002066    4.837161e+01
0:   102    3.647484e+05    1.002088    4.847263e+01
0:   103    3.654816e+05    1.002010    4.857007e+01
0:   104    3.662318e+05    1.002052    4.866976e+01
0:   105    3.669512e+05    1.001964    4.876537e+01
0:   106    3.676883e+05    1.002009    4.886332e+01
0:   107    3.683980e+05    1.001930    4.895763e+01
0:   108    3.691190e+05    1.001957    4.905345e+01
0:   109    3.698222e+05    1.001905    4.914691e+01
0:   110    3.705254e+05    1.001901    4.924036e+01
0:   111    3.712240e+05    1.001885    4.933319e+01
0:   112    3.719092e+05    1.001846    4.942425e+01
0:   113    3.726029e+05    1.001865    4.951644e+01
0:   114    3.732720e+05    1.001796    4.960536e+01
0:   115    3.739589e+05    1.001840    4.969665e+01
0:   116    3.746152e+05    1.001755    4.978386e+01
0:   117    3.752922e+05    1.001807    4.987383e+01
0:   118    3.759398e+05    1.001726    4.995988e+01
0:   119    3.766034e+05    1.001765    5.004808e+01
0:   120    3.772459e+05    1.001706    5.013346e+01
0:   121    3.778937e+05    1.001717    5.021955e+01
0:   122    3.785334e+05    1.001693    5.030456e+01
0:   123    3.791646e+05    1.001667    5.038844e+01
0:   124    3.798019e+05    1.001681    5.047314e+01
0:   125    3.804177e+05    1.001621    5.055497e+01
0:   126    3.810509e+05    1.001665    5.063913e+01
0:   127    3.816543e+05    1.001583    5.071931e+01
0:   128    3.822804e+05    1.001640    5.080251e+01
0:   129    3.828753e+05    1.001556    5.088158e+01
0:   130    3.834902e+05    1.001606    5.096328e+01
0:   131    3.840762e+05    1.001528    5.104117e+01
0:   132    3.846415e+05    1.001472    5.111629e+01
0:   133    3.850173e+05    1.000977    5.116623e+01
0:   134    3.847071e+05    0.999194    5.112501e+01
0:   135    3.827472e+05    0.994905    5.086455e+01
0:   136    3.786578e+05    0.989316    5.032109e+01
0:   137    3.751636e+05    0.990772    4.985674e+01
0:   138    3.850868e+05    1.026450    5.117547e+01
0:   139    4.119019e+05    1.069634    5.473901e+01
0:   140    3.810267e+05    0.925042    5.063590e+01
0:   141    3.633551e+05    0.953621    4.828747e+01
0:   142    4.050521e+05    1.114755    5.382872e+01
0:   143    3.934849e+05    0.971443    5.229151e+01
0:   144    3.624824e+05    0.921210    4.817149e+01
0:   145    4.286332e+05    1.182494    5.696249e+01
0:   146    3.622607e+05    0.845153    4.814202e+01
0:   147    4.103119e+05    1.132643    5.452772e+01
0:   148    3.784640e+05    0.922381    5.029534e+01
0:   149    3.930492e+05    1.038538    5.223362e+01
0:   150    3.902752e+05    0.992942    5.186497e+01
0:   151    3.897703e+05    0.998706    5.179787e+01
0:   152    3.891217e+05    0.998336    5.171167e+01
0:   153    4.018198e+05    1.032633    5.339917e+01
0:   154    3.754630e+05    0.934406    4.989653e+01
0:   155    4.271509e+05    1.137664    5.676550e+01
0:   156    3.623725e+05    0.848348    4.815689e+01
0:   157    4.354182e+05    1.201576    5.786418e+01
0:   158    3.770534e+05    0.865957    5.010788e+01
0:   159    3.944400e+05    1.046112    5.241844e+01
0:   160    4.283193e+05    1.085892    5.692077e+01
0:   161    3.620418e+05    0.845262    4.811294e+01
0:   162    4.299281e+05    1.187510    5.713457e+01
0:   163    4.040504e+05    0.939809    5.369561e+01
0:   164    3.678857e+05    0.910495    4.888956e+01
0:   165    4.434219e+05    1.205325    5.892781e+01
0:   166    3.934949e+05    0.887405    5.229285e+01
0:   167    3.736281e+05    0.949512    4.965268e+01
0:   168    4.428901e+05    1.185377    5.885713e+01
0:   169    4.013576e+05    0.906224    5.333774e+01
0:   170    3.694476e+05    0.920495    4.909712e+01
0:   171    4.347764e+05    1.176828    5.777888e+01
0:   172    4.250430e+05    0.977613    5.648538e+01
0:   173    3.650849e+05    0.858936    4.851734e+01
0:   174    4.130019e+05    1.131249    5.488519e+01
0:   175    4.466539e+05    1.081481    5.935732e+01
0:   176    3.873987e+05    0.867335    5.148271e+01
0:   177    3.756296e+05    0.969620    4.991867e+01
0:   178    4.420730e+05    1.176885    5.874854e+01
0:   179    4.345400e+05    0.982960    5.774746e+01
0:   180    3.731977e+05    0.858834    4.959548e+01
0:   181    3.913245e+05    1.048572    5.200441e+01
0:   182    4.484777e+05    1.146051    5.959969e+01
0:   183    4.325138e+05    0.964404    5.747820e+01
0:   184    3.721915e+05    0.860531    4.946177e+01
0:   185    3.923609e+05    1.054191    5.214214e+01
0:   186    4.472564e+05    1.139911    5.943739e+01
0:   187    4.424956e+05    0.989355    5.880471e+01
0:   188    3.831504e+05    0.865885    5.091813e+01
0:   189    3.791034e+05    0.989438    5.038032e+01
0:   190    4.342746e+05    1.145531    5.771219e+01
0:   191    4.571775e+05    1.052738    6.075583e+01
0:   192    4.129504e+05    0.903261    5.487835e+01
0:   193    3.712066e+05    0.898913    4.933088e+01
0:   194    4.015945e+05    1.081863    5.336923e+01
0:   195    4.506017e+05    1.122031    5.988195e+01
0:   196    4.555025e+05    1.010876    6.053325e+01
0:   197    3.994704e+05    0.876988    5.308695e+01
0:   198    3.754358e+05    0.939834    4.989291e+01
0:   199    4.047423e+05    1.078060    5.378754e+01
0:   200    4.556881e+05    1.125872    6.055791e+01
0:   201    4.595791e+05    1.008539    6.107500e+01
0:   202    4.073458e+05    0.886345    5.413354e+01
0:   203    3.788695e+05    0.930093    5.034923e+01
0:   204    3.922436e+05    1.035300    5.212656e+01
0:   205    4.468899e+05    1.139317    5.938869e+01
0:   206    4.665350e+05    1.043959    6.199938e+01
0:   207    4.378087e+05    0.938426    5.818186e+01
0:   208    3.896971e+05    0.890108    5.178814e+01
0:   209    3.796863e+05    0.974311    5.045778e+01
0:   210    4.121589e+05    1.085525    5.477317e+01
0:   211    4.575776e+05    1.110197    6.080900e+01
0:   212    4.711022e+05    1.029557    6.260634e+01
0:   213    4.306343e+05    0.914099    5.722842e+01
0:   214    3.925188e+05    0.911490    5.216313e+01
0:   215    3.791507e+05    0.965943    5.038660e+01
0:   216    4.116789e+05    1.085792    5.470938e+01
0:   217    4.536083e+05    1.101850    6.028152e+01
0:   218    4.759142e+05    1.049174    6.324582e+01
0:   219    4.491984e+05    0.943864    5.969546e+01
0:   220    4.057561e+05    0.903289    5.392227e+01
0:   221    3.826101e+05    0.942956    5.084633e+01
0:   222    3.916775e+05    1.023699    5.205132e+01
0:   223    4.325567e+05    1.104370    5.748390e+01
0:   224    4.679918e+05    1.081920    6.219298e+01
0:   225    4.771844e+05    1.019643    6.341461e+01
0:   226    4.427654e+05    0.927871    5.884057e+01
0:   227    4.050034e+05    0.914713    5.382224e+01
0:   228    3.828931e+05    0.945407    5.088393e+01
0:   229    3.940556e+05    1.029153    5.236736e+01
0:   230    4.288768e+05    1.088366    5.699486e+01
0:   231    4.669120e+05    1.088686    6.204949e+01
0:   232    4.824549e+05    1.033289    6.411503e+01
0:   233    4.594185e+05    0.952252    6.105365e+01
0:   234    4.230986e+05    0.920944    5.622698e+01
0:   235    3.910094e+05    0.924157    5.196254e+01
0:   236    3.869595e+05    0.989643    5.142434e+01
0:   237    4.057752e+05    1.048624    5.392482e+01
0:   238    4.439445e+05    1.094065    5.899726e+01
0:   239    4.762493e+05    1.072768    6.329035e+01
0:   240    4.841443e+05    1.016577    6.433954e+01
0:   241    4.625793e+05    0.955458    6.147370e+01
0:   242    4.252554e+05    0.919313    5.651360e+01
0:   243    3.970563e+05    0.933689    5.276614e+01
0:   244    3.864640e+05    0.973323    5.135848e+01
0:   245    4.016385e+05    1.039265    5.337508e+01
0:   246    4.320319e+05    1.075674    5.741416e+01
0:   247    4.681838e+05    1.083679    6.221851e+01
0:   248    4.878878e+05    1.042086    6.483703e+01
0:   249    4.819092e+05    0.987746    6.404251e+01
0:   250    4.540265e+05    0.942141    6.033709e+01
0:   251    4.194569e+05    0.923860    5.574303e+01
0:   252    3.958241e+05    0.943658    5.260238e+01
0:   253    3.891382e+05    0.983109    5.171387e+01
0:   254    4.038682e+05    1.037853    5.367138e+01
0:   255    4.323741e+05    1.070582    5.745963e+01
0:   256    4.663868e+05    1.078665    6.197969e+01
0:   257    4.893144e+05    1.049160    6.502662e+01
0:   258    4.908872e+05    1.003214    6.523564e+01
0:   259    4.710588e+05    0.959607    6.260056e+01
0:   260    4.391283e+05    0.932216    5.835722e+01
0:   261    4.106587e+05    0.935168    5.457380e+01
0:   262    3.933042e+05    0.957740    5.226750e+01
0:   263    3.938695e+05    1.001437    5.234263e+01
0:   264    4.100849e+05    1.041169    5.449754e+01
0:   265    4.387300e+05    1.069852    5.830428e+01
0:   266    4.700169e+05    1.071313    6.246211e+01
0:   267    4.922715e+05    1.047349    6.541960e+01
0:   268    4.975091e+05    1.010640    6.611564e+01
0:   269    4.818256e+05    0.968476    6.403140e+01
0:   270    4.548107e+05    0.943932    6.044131e+01
0:   271    4.237542e+05    0.931716    5.631411e+01
0:   272    4.010144e+05    0.946337    5.329213e+01
0:   273    3.908276e+05    0.974598    5.193838e+01
0:   274    3.981869e+05    1.018830    5.291638e+01
0:   275    4.218281e+05    1.059372    5.605814e+01
0:   276    4.498023e+05    1.066317    5.977573e+01
0:   277    4.724441e+05    1.050337    6.278467e+01
0:   278    4.892558e+05    1.035585    6.501883e+01
0:   279    5.047721e+05    1.031714    6.708084e+01
0:   280    4.954340e+05    0.981500    6.583987e+01
0:   281    4.620417e+05    0.932600    6.140226e+01
0:   282    4.375661e+05    0.947027    5.814961e+01
0:   283    4.207257e+05    0.961513    5.591164e+01
0:   284    3.945776e+05    0.937850    5.243673e+01
0:   285    3.964197e+05    1.004668    5.268153e+01
0:   286    4.094797e+05    1.032945    5.441712e+01
0:   287    4.174297e+05    1.019415    5.547362e+01
0:   288    4.585922e+05    1.098609    6.094384e+01
0:   289    4.725464e+05    1.030428    6.279826e+01
0:   290    4.990610e+05    1.056110    6.632188e+01
0:   291    5.094724e+05    1.020862    6.770548e+01
0:   292    4.942239e+05    0.970070    6.567905e+01
0:   293    4.899475e+05    0.991347    6.511076e+01
0:   294    4.490025e+05    0.916430    5.966943e+01
0:   295    4.400921e+05    0.980155    5.848530e+01
0:   296    4.043010e+05    0.918674    5.372890e+01
0:   297    4.077880e+05    1.008625    5.419230e+01
0:   298    3.919451e+05    0.961149    5.208688e+01
0:   299    4.158652e+05    1.061029    5.526571e+01
0:   300    4.182587e+05    1.005755    5.558379e+01
0:   301    4.582720e+05    1.095666    6.090128e+01
0:   302    4.661830e+05    1.017263    6.195261e+01
0:   303    5.064005e+05    1.086270    6.729725e+01
0:   304    5.002886e+05    0.987931    6.648501e+01
0:   305    5.189285e+05    1.037258    6.896213e+01
0:   306    4.937204e+05    0.951423    6.561215e+01
0:   307    4.853053e+05    0.982956    6.449384e+01
0:   308    4.556985e+05    0.938993    6.055929e+01
0:   309    4.318955e+05    0.947766    5.739603e+01
0:   310    4.208501e+05    0.974426    5.592816e+01
0:   311    3.970085e+05    0.943349    5.275978e+01
0:   312    4.096042e+05    1.031727    5.443366e+01
0:   313    3.993167e+05    0.974884    5.306653e+01
0:   314    4.244779e+05    1.063011    5.641029e+01
0:   315    4.402799e+05    1.037227    5.851026e+01
0:   316    4.573587e+05    1.038791    6.077992e+01
0:   317    4.956497e+05    1.083722    6.586854e+01
0:   318    4.940698e+05    0.996812    6.565858e+01
0:   319    5.212624e+05    1.055038    6.927230e+01
0:   320    5.170624e+05    0.991943    6.871414e+01
0:   321    5.010073e+05    0.968949    6.658053e+01
0:   322    5.003258e+05    0.998640    6.648996e+01
0:   323    4.648799e+05    0.929154    6.177944e+01
0:   324    4.461618e+05    0.959735    5.929192e+01
0:   325    4.359269e+05    0.977060    5.793177e+01
0:   326    4.066253e+05    0.932783    5.403779e+01
0:   327    4.078089e+05    1.002911    5.419508e+01
0:   328    4.095852e+05    1.004356    5.443114e+01
0:   329    4.008158e+05    0.978590    5.326575e+01
0:   330    4.277760e+05    1.067263    5.684857e+01
0:   331    4.416865e+05    1.032518    5.869719e+01
0:   332    4.519320e+05    1.023196    6.005874e+01
0:   333    4.877685e+05    1.079296    6.482118e+01
0:   334    5.047509e+05    1.034816    6.707802e+01
0:   335    5.047553e+05    1.000009    6.707860e+01
0:   336    5.285663e+05    1.047173    7.024293e+01
0:   337    5.262777e+05    0.995670    6.993880e+01
0:   338    5.008627e+05    0.951708    6.656131e+01
0:   339    5.022048e+05    1.002679    6.673966e+01
0:   340    4.840222e+05    0.963795    6.432332e+01
0:   341    4.496237e+05    0.928932    5.975198e+01
0:   342    4.379375e+05    0.974009    5.819898e+01
0:   343    4.321238e+05    0.986725    5.742637e+01
0:   344    4.066640e+05    0.941082    5.404292e+01
0:   345    4.025282e+05    0.989830    5.349331e+01
0:   346    4.162008e+05    1.033967    5.531031e+01
0:   347    4.142034e+05    0.995201    5.504486e+01
0:   348    4.170291e+05    1.006822    5.542039e+01
0:   349    4.446923e+05    1.066334    5.909664e+01
0:   350    4.675966e+05    1.051506    6.214046e+01
0:   351    4.702476e+05    1.005670    6.249277e+01
0:   352    4.939747e+05    1.050457    6.564594e+01
0:   353    5.239192e+05    1.060619    6.962536e+01
0:   354    5.266425e+05    1.005198    6.998727e+01
0:   355    5.175739e+05    0.982780    6.878211e+01
0:   356    5.291402e+05    1.022347    7.031920e+01
0:   357    5.288109e+05    0.999378    7.027544e+01
0:   358    4.994303e+05    0.944440    6.637095e+01
0:   359    4.784914e+05    0.958074    6.358832e+01
0:   360    4.743831e+05    0.991414    6.304234e+01
0:   361    4.597490e+05    0.969151    6.109758e+01
0:   362    4.287716e+05    0.932621    5.698088e+01
0:   363    4.167531e+05    0.971970    5.538370e+01
0:   364    4.201712e+05    1.008202    5.583794e+01
0:   365    4.166580e+05    0.991639    5.537107e+01
0:   366    4.037188e+05    0.968945    5.365153e+01
0:   367    4.095448e+05    1.014431    5.442577e+01
0:   368    4.318421e+05    1.054444    5.738893e+01
0:   369    4.460412e+05    1.032880    5.927590e+01
0:   370    4.487423e+05    1.006056    5.963486e+01
0:   371    4.637484e+05    1.033440    6.162906e+01
0:   372    4.964205e+05    1.070452    6.597097e+01
0:   373    5.163623e+05    1.040171    6.862110e+01
0:   374    5.167359e+05    1.000723    6.867074e+01
0:   375    5.182292e+05    1.002890    6.886920e+01
0:   376    5.376780e+05    1.037529    7.145382e+01
0:   377    5.463053e+05    1.016046    7.260033e+01
0:   378    5.306406e+05    0.971326    7.051860e+01
0:   379    5.074103e+05    0.956222    6.743144e+01
0:   380    5.007014e+05    0.986778    6.653987e+01
0:   381    4.984902e+05    0.995584    6.624602e+01
0:   382    4.791254e+05    0.961153    6.367257e+01
0:   383    4.501383e+05    0.939500    5.982038e+01
0:   384    4.315983e+05    0.958813    5.735654e+01
0:   385    4.317147e+05    1.000270    5.737200e+01
0:   386    4.290949e+05    0.993932    5.702385e+01
0:   387    4.173590e+05    0.972650    5.546422e+01
0:   388    4.042376e+05    0.968561    5.372048e+01
0:   389    4.093659e+05    1.012686    5.440200e+01
0:   390    4.259640e+05    1.040546    5.660777e+01
0:   391    4.389349e+05    1.030451    5.833152e+01
0:   392    4.405790e+05    1.003746    5.855000e+01
0:   393    4.445233e+05    1.008953    5.907418e+01
0:   394    4.656096e+05    1.047436    6.187640e+01
0:   395    4.935917e+05    1.060098    6.559504e+01
0:   396    5.137976e+05    1.040936    6.828027e+01
0:   397    5.146655e+05    1.001689    6.839561e+01
0:   398    5.178547e+05    1.006197    6.881943e+01
0:   399    5.309325e+05    1.025254    7.055738e+01
0:   400    5.510029e+05    1.037802    7.322460e+01
0:   401    5.546551e+05    1.006628    7.370997e+01
0:   402    5.386120e+05    0.971076    7.157794e+01
0:   403    5.198458e+05    0.965158    6.908403e+01
0:   404    5.109958e+05    0.982976    6.790794e+01
0:   405    5.122344e+05    1.002424    6.807254e+01
0:   406    5.029158e+05    0.981808    6.683415e+01
0:   407    4.815686e+05    0.957553    6.399725e+01
0:   408    4.534951e+05    0.941704    6.026647e+01
0:   409    4.381479e+05    0.966158    5.822693e+01
0:   410    4.346555e+05    0.992029    5.776281e+01
0:   411    4.357912e+05    1.002613    5.791374e+01
0:   412    4.304114e+05    0.987655    5.719880e+01
0:   413    4.172894e+05    0.969513    5.545498e+01
0:   414    4.077596e+05    0.977163    5.418853e+01
0:   415    4.089511e+05    1.002922    5.434687e+01
0:   416    4.266159e+05    1.043196    5.669441e+01
0:   417    4.429270e+05    1.038233    5.886204e+01
0:   418    4.467776e+05    1.008694    5.937376e+01
0:   419    4.430766e+05    0.991716    5.888192e+01
0:   420    4.549439e+05    1.026784    6.045900e+01
0:   421    4.787026e+05    1.052223    6.361638e+01
0:   422    4.983138e+05    1.040967    6.622258e+01
0:   423    5.210735e+05    1.045673    6.924719e+01
0:   424    5.302127e+05    1.017539    7.046173e+01
0:   425    5.239029e+05    0.988099    6.962319e+01
0:   426    5.277360e+05    1.007316    7.013259e+01
0:   427    5.469668e+05    1.036440    7.268823e+01
0:   428    5.529988e+05    1.011028    7.348984e+01
0:   429    5.644307e+05    1.020673    7.500907e+01
0:   430    5.531560e+05    0.980025    7.351074e+01
0:   431    5.265813e+05    0.951958    6.997914e+01
0:   432    5.220217e+05    0.991341    6.937319e+01
0:   433    5.044322e+05    0.966305    6.703567e+01
0:   434    5.129455e+05    1.016877    6.816703e+01
0:   435    5.014245e+05    0.977540    6.663597e+01
0:   436    4.858662e+05    0.968972    6.456838e+01
0:   437    4.652968e+05    0.957664    6.183484e+01
0:   438    4.403355e+05    0.946354    5.851765e+01
0:   439    4.369343e+05    0.992276    5.806565e+01
0:   440    4.292436e+05    0.982398    5.704361e+01
0:   441    4.387650e+05    1.022182    5.830893e+01
0:   442    4.286699e+05    0.976992    5.696736e+01
0:   443    4.273318e+05    0.996878    5.678954e+01
0:   444    4.109067e+05    0.961564    5.460676e+01
0:   445    4.150982e+05    1.010201    5.516378e+01
0:   446    4.157229e+05    1.001505    5.524679e+01
0:   447    4.383128e+05    1.054339    5.824884e+01
0:   448    4.471722e+05    1.020213    5.942620e+01
0:   449    4.651465e+05    1.040195    6.181486e+01
0:   450    4.610673e+05    0.991230    6.127276e+01
0:   451    4.711850e+05    1.021944    6.261734e+01
0:   452    4.719316e+05    1.001584    6.271655e+01
0:   453    4.964109e+05    1.051871    6.596970e+01
0:   454    5.110366e+05    1.029463    6.791335e+01
0:   455    5.406018e+05    1.057853    7.184237e+01
0:   456    5.445801e+05    1.007359    7.237105e+01
0:   457    5.513270e+05    1.012389    7.326768e+01
0:   458    5.414218e+05    0.982034    7.195135e+01
0:   459    5.448149e+05    1.006267    7.240227e+01
0:   460    5.472510e+05    1.004471    7.272601e+01
0:   461    5.559281e+05    1.015856    7.387913e+01
0:   462    5.682291e+05    1.022127    7.551386e+01
0:   463    5.609889e+05    0.987258    7.455167e+01
0:   464    5.548110e+05    0.988987    7.373067e+01
0:   465    5.271561e+05    0.950154    7.005553e+01
0:   466    5.146807e+05    0.976334    6.839762e+01
0:   467    4.990977e+05    0.969723    6.632675e+01
0:   468    4.937082e+05    0.989202    6.561053e+01
0:   469    4.948853e+05    1.002384    6.576695e+01
0:   470    4.824438e+05    0.974860    6.411356e+01
0:   471    4.807655e+05    0.996521    6.389052e+01
0:   472    4.560448e+05    0.948581    6.060531e+01
0:   473    4.411756e+05    0.967395    5.862929e+01
0:   474    4.296320e+05    0.973834    5.709523e+01
0:   475    4.173726e+05    0.971465    5.546603e+01
0:   476    4.294512e+05    1.028940    5.707120e+01
0:   477    4.249681e+05    0.989561    5.647542e+01
0:   478    4.355126e+05    1.024812    5.787672e+01
0:   479    4.349522e+05    0.998713    5.780225e+01
0:   480    4.257875e+05    0.978929    5.658431e+01
0:   481    4.309743e+05    1.012182    5.727360e+01
0:   482    4.238247e+05    0.983411    5.632347e+01
0:   483    4.308654e+05    1.016612    5.725913e+01
0:   484    4.489650e+05    1.042007    5.966445e+01
0:   485    4.600761e+05    1.024748    6.114104e+01
0:   486    4.812884e+05    1.046106    6.396001e+01
0:   487    4.968234e+05    1.032278    6.602451e+01
0:   488    4.925749e+05    0.991449    6.545991e+01
0:   489    5.064866e+05    1.028243    6.730868e+01
0:   490    5.036441e+05    0.994388    6.693093e+01
0:   491    5.078677e+05    1.008386    6.749223e+01
0:   492    5.318406e+05    1.047203    7.067807e+01
0:   493    5.413950e+05    1.017965    7.194778e+01
0:   494    5.587835e+05    1.032118    7.425859e+01
0:   495    5.781485e+05    1.034656    7.683208e+01
0:   496    5.745785e+05    0.993825    7.635764e+01
0:   497    5.697571e+05    0.991609    7.571692e+01
0:   498    5.708602e+05    1.001936    7.586351e+01
0:   499    5.498042e+05    0.963115    7.306531e+01
0:   500    5.484376e+05    0.997514    7.288370e+01
0:   501    5.552688e+05    1.012456    7.379151e+01
0:   502    5.507136e+05    0.991797    7.318617e+01
0:   503    5.526027e+05    1.003430    7.343720e+01
0:   504    5.565607e+05    1.007163    7.396320e+01
0:   505    5.359962e+05    0.963051    7.123032e+01
0:   506    5.174581e+05    0.965414    6.876673e+01
0:   507    5.080524e+05    0.981823    6.751677e+01
0:   508    4.821553e+05    0.949027    6.407522e+01
0:   509    4.690843e+05    0.972891    6.233818e+01
0:   510    4.693309e+05    1.000526    6.237095e+01
0:   511    4.645994e+05    0.989918    6.174216e+01
0:   512    4.569041e+05    0.983437    6.071950e+01
0:   513    4.629906e+05    1.013321    6.152836e+01
0:   514    4.563727e+05    0.985706    6.064888e+01
0:   515    4.402876e+05    0.964755    5.851129e+01
0:   516    4.345854e+05    0.987049    5.775350e+01
0:   517    4.284227e+05    0.985819    5.693451e+01
0:   518    4.148642e+05    0.968352    5.513268e+01
0:   519    4.136132e+05    0.996985    5.496644e+01
0:   520    4.265161e+05    1.031195    5.668114e+01
0:   521    4.302283e+05    1.008704    5.717446e+01
0:   522    4.369788e+05    1.015691    5.807156e+01
0:   523    4.506054e+05    1.031184    5.988244e+01
0:   524    4.585038e+05    1.017528    6.093209e+01
0:   525    4.500821e+05    0.981632    5.981291e+01
0:   526    4.536275e+05    1.007877    6.028406e+01
0:   527    4.609393e+05    1.016118    6.125575e+01
0:   528    4.614152e+05    1.001033    6.131900e+01
0:   529    4.650591e+05    1.007897    6.180326e+01
0:   530    4.848592e+05    1.042575    6.443455e+01
0:   531    5.061012e+05    1.043811    6.725748e+01
0:   532    5.136569e+05    1.014929    6.826157e+01
0:   533    5.312299e+05    1.034212    7.059691e+01
0:   534    5.488850e+05    1.033234    7.294315e+01
0:   535    5.555189e+05    1.012086    7.382475e+01
0:   536    5.452106e+05    0.981444    7.245485e+01
0:   537    5.508209e+05    1.010290    7.320042e+01
0:   538    5.569468e+05    1.011121    7.401451e+01
0:   539    5.548255e+05    0.996191    7.373260e+01
0:   540    5.541919e+05    0.998858    7.364840e+01
0:   541    5.699929e+05    1.028512    7.574825e+01
0:   542    5.887713e+05    1.032945    7.824377e+01
0:   543    5.880510e+05    0.998777    7.814806e+01
0:   544    5.891463e+05    1.001863    7.829361e+01
0:   545    5.904291e+05    1.002177    7.846409e+01
0:   546    5.869863e+05    0.994169    7.800656e+01
0:   547    5.604735e+05    0.954832    7.448319e+01
0:   548    5.436389e+05    0.969964    7.224598e+01
0:   549    5.385811e+05    0.990697    7.157384e+01
0:   550    5.362995e+05    0.995764    7.127063e+01
0:   551    5.224356e+05    0.974149    6.942820e+01
0:   552    5.125605e+05    0.981098    6.811586e+01
0:   553    5.179457e+05    1.010506    6.883152e+01
0:   554    5.204719e+05    1.004878    6.916725e+01
0:   555    5.121464e+05    0.984004    6.806084e+01
0:   556    4.938081e+05    0.964193    6.562380e+01
0:   557    4.895538e+05    0.991385    6.505843e+01
0:   558    4.824560e+05    0.985502    6.411518e+01
0:   559    4.657214e+05    0.965314    6.189127e+01
0:   560    4.422933e+05    0.949695    5.877782e+01
0:   561    4.385536e+05    0.991545    5.828085e+01
0:   562    4.413682e+05    1.006418    5.865488e+01
0:   563    4.346671e+05    0.984817    5.776435e+01
0:   564    4.305611e+05    0.990554    5.721870e+01
0:   565    4.372463e+05    1.015527    5.810712e+01
0:   566    4.449577e+05    1.017636    5.913191e+01
0:   567    4.470722e+05    1.004752    5.941291e+01
0:   568    4.443741e+05    0.993965    5.905436e+01
0:   569    4.331041e+05    0.974638    5.755664e+01
0:   570    4.374499e+05    1.010034    5.813417e+01
0:   571    4.387562e+05    1.002986    5.830777e+01
0:   572    4.293505e+05    0.978563    5.705781e+01
0:   573    4.277568e+05    0.996288    5.684602e+01
0:   574    4.323229e+05    1.010675    5.745282e+01
0:   575    4.461771e+05    1.032046    5.929395e+01
0:   576    4.628877e+05    1.037453    6.151468e+01
0:   577    4.640806e+05    1.002577    6.167322e+01
0:   578    4.790740e+05    1.032308    6.366573e+01
0:   579    4.921514e+05    1.027297    6.540364e+01
0:   580    5.084483e+05    1.033113    6.756938e+01
0:   581    5.132447e+05    1.009434    6.820680e+01
0:   582    5.054602e+05    0.984833    6.717228e+01
0:   583    5.124344e+05    1.013798    6.809911e+01
0:   584    5.161092e+05    1.007171    6.858747e+01
0:   585    5.305829e+05    1.028044    7.051093e+01
0:   586    5.264910e+05    0.992288    6.996714e+01
0:   587    5.325745e+05    1.011555    7.077560e+01
0:   588    5.409033e+05    1.015639    7.188244e+01
0:   589    5.645076e+05    1.043639    7.501929e+01
0:   590    5.789666e+05    1.025614    7.694080e+01
0:   591    5.868274e+05    1.013577    7.798545e+01
0:   592    5.877557e+05    1.001582    7.810881e+01
0:   593    5.977513e+05    1.017006    7.943715e+01
0:   594    6.046299e+05    1.011508    8.035127e+01
0:   595    6.063948e+05    1.002919    8.058582e+01
0:   596    5.890673e+05    0.971425    7.828311e+01
0:   597    5.776222e+05    0.980571    7.676213e+01
0:   598    5.664702e+05    0.980693    7.528011e+01
0:   599    5.742662e+05    1.013762    7.631614e+01
0:   600    5.680008e+05    0.989090    7.548352e+01
0:   601    5.690900e+05    1.001918    7.562827e+01
0:   602    5.555287e+05    0.976170    7.382606e+01
0:   603    5.676860e+05    1.021884    7.544168e+01
0:   604    5.663020e+05    0.997562    7.525775e+01
0:   605    5.790130e+05    1.022446    7.694696e+01
0:   606    5.604244e+05    0.967896    7.447666e+01
0:   607    5.538218e+05    0.988219    7.359922e+01
0:   608    5.316383e+05    0.959945    7.065118e+01
0:   609    5.323604e+05    1.001358    7.074715e+01
0:   610    5.187955e+05    0.974519    6.894446e+01
0:   611    5.067652e+05    0.976811    6.734571e+01
0:   612    4.880113e+05    0.962993    6.485344e+01
0:   613    4.733880e+05    0.970035    6.291011e+01
0:   614    4.725793e+05    0.998292    6.280263e+01
0:   615    4.690605e+05    0.992554    6.233501e+01
0:   616    4.778743e+05    1.018790    6.350630e+01
0:   617    4.634329e+05    0.969780    6.158714e+01
0:   618    4.656824e+05    1.004854    6.188608e+01
0:   619    4.574700e+05    0.982365    6.079471e+01
0:   620    4.663072e+05    1.019318    6.196911e+01
0:   621    4.658611e+05    0.999043    6.190982e+01
0:   622    4.569794e+05    0.980935    6.072951e+01
0:   623    4.499618e+05    0.984643    5.979691e+01
0:   624    4.336244e+05    0.963692    5.762579e+01
0:   625    4.346896e+05    1.002457    5.776735e+01
0:   626    4.279060e+05    0.984394    5.686585e+01
0:   627    4.327555e+05    1.011333    5.751031e+01
0:   628    4.271319e+05    0.987005    5.676297e+01
0:   629    4.208834e+05    0.985371    5.593259e+01
0:   630    4.248573e+05    1.009442    5.646070e+01
0:   631    4.300211e+05    1.012154    5.714694e+01
0:   632    4.444106e+05    1.033462    5.905921e+01
0:   633    4.567047e+05    1.027664    6.069301e+01
0:   634    4.587688e+05    1.004520    6.096731e+01
0:   635    4.642907e+05    1.012036    6.170114e+01
0:   636    4.657139e+05    1.003065    6.189027e+01
0:   637    4.743272e+05    1.018495    6.303492e+01
0:   638    4.863976e+05    1.025447    6.463900e+01
0:   639    4.814204e+05    0.989767    6.397756e+01
0:   640    4.874297e+05    1.012482    6.477616e+01
0:   641    4.769683e+05    0.978538    6.338590e+01
0:   642    4.780749e+05    1.002320    6.353296e+01
0:   643    4.868716e+05    1.018400    6.470199e+01
0:   644    4.942290e+05    1.015112    6.567974e+01
0:   645    5.137928e+05    1.039584    6.827963e+01
0:   646    5.211877e+05    1.014393    6.926237e+01
0:   647    5.239446e+05    1.005290    6.962874e+01
0:   648    5.367706e+05    1.024480    7.133323e+01
0:   649    5.524943e+05    1.029293    7.342280e+01
0:   650    5.674891e+05    1.027140    7.541551e+01
0:   651    5.903069e+05    1.040208    7.844785e+01
0:   652    5.858182e+05    0.992396    7.785133e+01
0:   653    5.871352e+05    1.002248    7.802634e+01
0:   654    5.877631e+05    1.001070    7.810979e+01
0:   655    5.797486e+05    0.986364    7.704471e+01
0:   656    5.893480e+05    1.016558    7.832042e+01
0:   657    5.931595e+05    1.006467    7.882693e+01
0:   658    5.881834e+05    0.991611    7.816565e+01
0:   659    5.876151e+05    0.999034    7.809013e+01
0:   660    5.809076e+05    0.988585    7.719874e+01
0:   661    5.711409e+05    0.983187    7.590081e+01
0:   662    5.863423e+05    1.026616    7.792098e+01
0:   663    5.930414e+05    1.011425    7.881124e+01
0:   664    5.992642e+05    1.010493    7.963821e+01
0:   665    6.090439e+05    1.016319    8.093786e+01
0:   666    6.039594e+05    0.991652    8.026217e+01
0:   667    5.959051e+05    0.986664    7.919180e+01
0:   668    5.996252e+05    1.006243    7.968618e+01
0:   669    6.000082e+05    1.000639    7.973709e+01
0:   670    5.949365e+05    0.991547    7.906309e+01
0:   671    5.999144e+05    1.008367    7.972462e+01
0:   672    5.831399e+05    0.972039    7.749541e+01
0:   673    5.607254e+05    0.961562    7.451667e+01
0:   674    5.490155e+05    0.979116    7.296049e+01
0:   675    5.380106e+05    0.979955    7.149802e+01
0:   676    5.275099e+05    0.980482    7.010254e+01
0:   677    5.299502e+05    1.004626    7.042684e+01
0:   678    5.259874e+05    0.992522    6.990021e+01
0:   679    5.120517e+05    0.973506    6.804825e+01
0:   680    5.079042e+05    0.991900    6.749708e+01
0:   681    5.056728e+05    0.995607    6.720054e+01
0:   682    4.991143e+05    0.987030    6.632896e+01
0:   683    5.020873e+05    1.005957    6.672406e+01
0:   684    5.097648e+05    1.015291    6.774434e+01
0:   685    5.046647e+05    0.989995    6.706657e+01
0:   686    4.999898e+05    0.990737    6.644531e+01
0:   687    4.981927e+05    0.996406    6.620648e+01
0:   688    4.856633e+05    0.974850    6.454141e+01
0:   689    4.692295e+05    0.966162    6.235747e+01
0:   690    4.666799e+05    0.994566    6.201865e+01
0:   691    4.653470e+05    0.997144    6.184150e+01
0:   692    4.575888e+05    0.983328    6.081049e+01
0:   693    4.507888e+05    0.985140    5.990683e+01
0:   694    4.419964e+05    0.980495    5.873837e+01
0:   695    4.287350e+05    0.969997    5.697602e+01
0:   696    4.222093e+05    0.984779    5.610880e+01
0:   697    4.275612e+05    1.012676    5.682003e+01
0:   698    4.308411e+05    1.007671    5.725591e+01
0:   699    4.352450e+05    1.010222    5.784115e+01
0:   700    4.431957e+05    1.018267    5.889775e+01
0:   701    4.468253e+05    1.008190    5.938010e+01
0:   702    4.435204e+05    0.992604    5.894090e+01
0:   703    4.439957e+05    1.001072    5.900406e+01
0:   704    4.501853e+05    1.013941    5.982662e+01
0:   705    4.544463e+05    1.009465    6.039288e+01
0:   706    4.583928e+05    1.008684    6.091734e+01
0:   707    4.615418e+05    1.006870    6.133583e+01
0:   708    4.669021e+05    1.011614    6.204817e+01
0:   709    4.637383e+05    0.993224    6.162772e+01
0:   710    4.530822e+05    0.977021    6.021160e+01
0:   711    4.543184e+05    1.002728    6.037588e+01
0:   712    4.578444e+05    1.007761    6.084446e+01
0:   713    4.541777e+05    0.991992    6.035719e+01
0:   714    4.615223e+05    1.016171    6.133323e+01
0:   715    4.752556e+05    1.029757    6.315830e+01
0:   716    4.778529e+05    1.005465    6.350346e+01
0:   717    4.803486e+05    1.005223    6.383513e+01
0:   718    4.804149e+05    1.000138    6.384393e+01
0:   719    4.912465e+05    1.022546    6.528338e+01
0:   720    5.000887e+05    1.018000    6.645845e+01
0:   721    5.041638e+05    1.008149    6.700000e+01
0:   722    5.287358e+05    1.048738    7.026546e+01
0:   723    5.427117e+05    1.026433    7.212276e+01
0:   724    5.551647e+05    1.022946    7.377768e+01
0:   725    5.539590e+05    0.997828    7.361745e+01
0:   726    5.609410e+05    1.012604    7.454532e+01
0:   727    5.676616e+05    1.011981    7.543844e+01
0:   728    5.620908e+05    0.990186    7.469812e+01
0:   729    5.659929e+05    1.006942    7.521667e+01
0:   730    5.727930e+05    1.012015    7.612037e+01
0:   731    5.868057e+05    1.024464    7.798257e+01
0:   732    5.816292e+05    0.991179    7.729464e+01
0:   733    5.789799e+05    0.995445    7.694257e+01
0:   734    5.755556e+05    0.994086    7.648750e+01
0:   735    5.770744e+05    1.002639    7.668933e+01
0:   736    5.687287e+05    0.985538    7.558025e+01
0:   737    5.709555e+05    1.003915    7.587617e+01
0:   738    5.820822e+05    1.019488    7.735483e+01
0:   739    6.013988e+05    1.033185    7.992188e+01
0:   740    6.055208e+05    1.006854    8.046967e+01
0:   741    6.098935e+05    1.007221    8.105078e+01
0:   742    6.142069e+05    1.007072    8.162399e+01
0:   743    6.235093e+05    1.015145    8.286022e+01
0:   744    6.197728e+05    0.994007    8.236367e+01
0:   745    6.188883e+05    0.998573    8.224612e+01
0:   746    6.220259e+05    1.005070    8.266309e+01
0:   747    6.357055e+05    1.021992    8.448101e+01
0:   748    6.355758e+05    0.999796    8.446378e+01
0:   749    6.320947e+05    0.994523    8.400117e+01
0:   750    6.221339e+05    0.984242    8.267744e+01
0:   751    6.231562e+05    1.001643    8.281330e+01
0:   752    6.076050e+05    0.975044    8.074665e+01
0:   753    5.944264e+05    0.978311    7.899530e+01
0:   754    5.752533e+05    0.967745    7.644732e+01
0:   755    5.778011e+05    1.004429    7.678591e+01
0:   756    5.713279e+05    0.988797    7.592566e+01
0:   757    5.722099e+05    1.001544    7.604287e+01
0:   758    5.595358e+05    0.977851    7.435857e+01
0:   759    5.626317e+05    1.005533    7.477000e+01
0:   760    5.602897e+05    0.995837    7.445876e+01
0:   761    5.583862e+05    0.996603    7.420579e+01
0:   762    5.417770e+05    0.970255    7.199855e+01
0:   763    5.377562e+05    0.992578    7.146420e+01
0:   764    5.423414e+05    1.008527    7.207355e+01
0:   765    5.456981e+05    1.006189    7.251963e+01
0:   766    5.501346e+05    1.008130    7.310921e+01
0:   767    5.473014e+05    0.994850    7.273271e+01
0:   768    5.517407e+05    1.008111    7.332266e+01
0:   769    5.471898e+05    0.991752    7.271787e+01
0:   770    5.424902e+05    0.991411    7.209332e+01
0:   771    5.206836e+05    0.959803    6.919538e+01
0:   772    5.100158e+05    0.979512    6.777770e+01
0:   773    5.040715e+05    0.988345    6.698773e+01
0:   774    5.014059e+05    0.994712    6.663350e+01
0:   775    4.986255e+05    0.994455    6.626400e+01
0:   776    4.847911e+05    0.972255    6.442550e+01
0:   777    4.853035e+05    1.001057    6.449359e+01
0:   778    4.764013e+05    0.981656    6.331055e+01
0:   779    4.718719e+05    0.990492    6.270862e+01
0:   780    4.583802e+05    0.971408    6.091567e+01
0:   781    4.477232e+05    0.976751    5.949943e+01
0:   782    4.442006e+05    0.992132    5.903130e+01
0:   783    4.413869e+05    0.993666    5.865737e+01
0:   784    4.502999e+05    1.020193    5.984185e+01
0:   785    4.452949e+05    0.988885    5.917672e+01
0:   786    4.472288e+05    1.004343    5.943372e+01
0:   787    4.507435e+05    1.007859    5.990080e+01
0:   788    4.552097e+05    1.009909    6.049433e+01
0:   789    4.596616e+05    1.009780    6.108596e+01
0:   790    4.498389e+05    0.978631    5.978059e+01
0:   791    4.481689e+05    0.996288    5.955866e+01
0:   792    4.493163e+05    1.002560    5.971113e+01
0:   793    4.511718e+05    1.004130    5.995772e+01
0:   794    4.573032e+05    1.013590    6.077254e+01
0:   795    4.538208e+05    0.992385    6.030975e+01
0:   796    4.550964e+05    1.002811    6.047928e+01
0:   797    4.603726e+05    1.011594    6.118045e+01
0:   798    4.612314e+05    1.001865    6.129457e+01
0:   799    4.641939e+05    1.006423    6.168827e+01
0:   800    4.535766e+05    0.977127    6.027730e+01
0:   801    4.458770e+05    0.983025    5.925407e+01
0:   802    4.446312e+05    0.997206    5.908852e+01
0:   803    4.401889e+05    0.990009    5.849817e+01
0:   804    4.456784e+05    1.012471    5.922768e+01
0:   805    4.450059e+05    0.998491    5.913831e+01
0:   806    4.440139e+05    0.997771    5.900649e+01
0:   807    4.535463e+05    1.021469    6.027327e+01
0:   808    4.585835e+05    1.011106    6.094269e+01
0:   809    4.673405e+05    1.019096    6.210644e+01
0:   810    4.715923e+05    1.009098    6.267147e+01
0:   811    4.650817e+05    0.986194    6.180625e+01
0:   812    4.685131e+05    1.007378    6.226227e+01
0:   813    4.766003e+05    1.017261    6.333699e+01
0:   814    4.850218e+05    1.017670    6.445616e+01
0:   815    4.987809e+05    1.028368    6.628465e+01
0:   816    5.045016e+05    1.011469    6.704490e+01
0:   817    5.116299e+05    1.014129    6.799219e+01
0:   818    5.314266e+05    1.038693    7.062304e+01
0:   819    5.432074e+05    1.022168    7.218863e+01
0:   820    5.491946e+05    1.011022    7.298430e+01
0:   821    5.516307e+05    1.004436    7.330804e+01
0:   822    5.427468e+05    0.983895    7.212743e+01
0:   823    5.431564e+05    1.000755    7.218186e+01
0:   824    5.491376e+05    1.011012    7.297672e+01
0:   825    5.485202e+05    0.998876    7.289467e+01
0:   826    5.526702e+05    1.007566    7.344618e+01
0:   827    5.549291e+05    1.004087    7.374638e+01
0:   828    5.499219e+05    0.990977    7.308095e+01
0:   829    5.595430e+05    1.017495    7.435953e+01
0:   830    5.696116e+05    1.017994    7.569758e+01
0:   831    5.699497e+05    1.000594    7.574251e+01
0:   832    5.704758e+05    1.000923    7.581243e+01
0:   833    5.670119e+05    0.993928    7.535209e+01
0:   834    5.577056e+05    0.983587    7.411535e+01
0:   835    5.614290e+05    1.006676    7.461016e+01
0:   836    5.739152e+05    1.022240    7.626950e+01
0:   837    5.782170e+05    1.007495    7.684118e+01
0:   838    5.876275e+05    1.016275    7.809177e+01
0:   839    5.915897e+05    1.006743    7.861832e+01
0:   840    6.019253e+05    1.017471    7.999186e+01
0:   841    6.207873e+05    1.031336    8.249848e+01
0:   842    6.367731e+05    1.025751    8.462289e+01
0:   843    6.365586e+05    0.999663    8.459439e+01
0:   844    6.382984e+05    1.002733    8.482560e+01
0:   845    6.358371e+05    0.996144    8.449850e+01
0:   846    6.288021e+05    0.988936    8.356360e+01
0:   847    6.366530e+05    1.012485    8.460693e+01
0:   848    6.425326e+05    1.009235    8.538830e+01
0:   849    6.413566e+05    0.998170    8.523201e+01
0:   850    6.411244e+05    0.999638    8.520115e+01
0:   851    6.441498e+05    1.004719    8.560321e+01
0:   852    6.417762e+05    0.996315    8.528777e+01
0:   853    6.439973e+05    1.003461    8.558294e+01
0:   854    6.458748e+05    1.002915    8.583245e+01
0:   855    6.437553e+05    0.996718    8.555078e+01
0:   856    6.293682e+05    0.977651    8.363884e+01
0:   857    6.148524e+05    0.976936    8.170978e+01
0:   858    6.082857e+05    0.989320    8.083711e+01
0:   859    5.950929e+05    0.978312    7.908387e+01
0:   860    5.936646e+05    0.997600    7.889406e+01
0:   861    6.011425e+05    1.012596    7.988782e+01
0:   862    5.914326e+05    0.983848    7.859744e+01
0:   863    5.872220e+05    0.992881    7.803789e+01
0:   864    5.893689e+05    1.003656    7.832319e+01
0:   865    5.905652e+05    1.002030    7.848217e+01
0:   866    5.956898e+05    1.008678    7.916320e+01
0:   867    5.968277e+05    1.001910    7.931442e+01
0:   868    6.016150e+05    1.008021    7.995062e+01
0:   869    5.861724e+05    0.974331    7.789840e+01
0:   870    5.800429e+05    0.989543    7.708383e+01
0:   871    5.831864e+05    1.005419    7.750159e+01
0:   872    5.811250e+05    0.996465    7.722764e+01
0:   873    5.818505e+05    1.001248    7.732404e+01
0:   874    5.810211e+05    0.998575    7.721382e+01
0:   875    5.835222e+05    1.004305    7.754620e+01
0:   876    5.727838e+05    0.981597    7.611915e+01
0:   877    5.750281e+05    1.003918    7.641739e+01
0:   878    5.800058e+05    1.008656    7.707889e+01
0:   879    5.812085e+05    1.002074    7.723873e+01
0:   880    5.734203e+05    0.986600    7.620373e+01
0:   881    5.683662e+05    0.991186    7.553208e+01
0:   882    5.570883e+05    0.980157    7.403331e+01
0:   883    5.398584e+05    0.969072    7.174358e+01
0:   884    5.270920e+05    0.976352    7.004700e+01
0:   885    5.249052e+05    0.995851    6.975640e+01
0:   886    5.181378e+05    0.987107    6.885706e+01
0:   887    5.094614e+05    0.983255    6.770402e+01
0:   888    5.026009e+05    0.986534    6.679230e+01
0:   889    5.010304e+05    0.996875    6.658359e+01
0:   890    4.935045e+05    0.984979    6.558345e+01
0:   891    4.915104e+05    0.995959    6.531845e+01
0:   892    4.943366e+05    1.005750    6.569404e+01
0:   893    4.968847e+05    1.005155    6.603267e+01
0:   894    4.851186e+05    0.976320    6.446902e+01
0:   895    4.746469e+05    0.978414    6.307741e+01
0:   896    4.663796e+05    0.982582    6.197874e+01
0:   897    4.614832e+05    0.989501    6.132803e+01
0:   898    4.542252e+05    0.984272    6.036350e+01
0:   899    4.561261e+05    1.004185    6.061611e+01
0:   900    4.606472e+05    1.009912    6.121693e+01
0:   901    4.628538e+05    1.004790    6.151018e+01
0:   902    4.600139e+05    0.993864    6.113277e+01
0:   903    4.631555e+05    1.006829    6.155027e+01
0:   904    4.681486e+05    1.010781    6.221383e+01
0:   905    4.714558e+05    1.007064    6.265333e+01
0:   906    4.720055e+05    1.001166    6.272637e+01
0:   907    4.760862e+05    1.008646    6.326868e+01
0:   908    4.766259e+05    1.001133    6.334039e+01
0:   909    4.708582e+05    0.987899    6.257391e+01
0:   910    4.582025e+05    0.973122    6.089205e+01
0:   911    4.585556e+05    1.000771    6.093898e+01
0:   912    4.568588e+05    0.996300    6.071349e+01
0:   913    4.594470e+05    1.005665    6.105743e+01
0:   914    4.571375e+05    0.994973    6.075052e+01
0:   915    4.642251e+05    1.015504    6.169241e+01
0:   916    4.622446e+05    0.995734    6.142922e+01
0:   917    4.590618e+05    0.993115    6.100625e+01
0:   918    4.500525e+05    0.980374    5.980897e+01
0:   919    4.512249e+05    1.002605    5.996478e+01
0:   920    4.574183e+05    1.013726    6.078784e+01
0:   921    4.522773e+05    0.988761    6.010463e+01
0:   922    4.498257e+05    0.994579    5.977883e+01
0:   923    4.438197e+05    0.986648    5.898068e+01
0:   924    4.418815e+05    0.995633    5.872310e+01
0:   925    4.308831e+05    0.975110    5.726149e+01
0:   926    4.289834e+05    0.995591    5.700902e+01
0:   927    4.302848e+05    1.003034    5.718198e+01
0:   928    4.384955e+05    1.019082    5.827312e+01
0:   929    4.452244e+05    1.015345    5.916735e+01
0:   930    4.423566e+05    0.993559    5.878624e+01
0:   931    4.469545e+05    1.010394    5.939726e+01
0:   932    4.519430e+05    1.011161    6.006021e+01
0:   933    4.582937e+05    1.014052    6.090418e+01
0:   934    4.615084e+05    1.007014    6.133138e+01
0:   935    4.710588e+05    1.020694    6.260057e+01
0:   936    4.836302e+05    1.026688    6.427123e+01
0:   937    4.889239e+05    1.010946    6.497472e+01
0:   938    4.904625e+05    1.003147    6.517919e+01
0:   939    4.865978e+05    0.992120    6.466560e+01
0:   940    4.905705e+05    1.008164    6.519354e+01
0:   941    4.981885e+05    1.015529    6.620593e+01
0:   942    5.024590e+05    1.008572    6.677344e+01
0:   943    5.090709e+05    1.013159    6.765213e+01
0:   944    5.127222e+05    1.007172    6.813736e+01
0:   945    5.248452e+05    1.023644    6.974842e+01
0:   946    5.282304e+05    1.006450    7.019829e+01
0:   947    5.250172e+05    0.993917    6.977128e+01
0:   948    5.333659e+05    1.015902    7.088077e+01
0:   949    5.358739e+05    1.004702    7.121406e+01
0:   950    5.462524e+05    1.019367    7.259330e+01
0:   951    5.468302e+05    1.001058    7.267008e+01
0:   952    5.432513e+05    0.993455    7.219448e+01
0:   953    5.453869e+05    1.003931    7.247828e+01
0:   954    5.407120e+05    0.991428    7.185702e+01
0:   955    5.409409e+05    1.000423    7.188744e+01
0:   956    5.323715e+05    0.984158    7.074861e+01
0:   957    5.250720e+05    0.986289    6.977857e+01
0:   958    5.311401e+05    1.011557    7.058498e+01
0:   959    5.386711e+05    1.014179    7.158579e+01
0:   960    5.419424e+05    1.006073    7.202052e+01
0:   961    5.461609e+05    1.007784    7.258114e+01
0:   962    5.517388e+05    1.010213    7.332241e+01
0:   963    5.628505e+05    1.020139    7.479907e+01
0:   964    5.645622e+05    1.003041    7.502655e+01
0:   965    5.595581e+05    0.991136    7.436153e+01
0:   966    5.695571e+05    1.017869    7.569033e+01
0:   967    5.765391e+05    1.012259    7.661820e+01
0:   968    5.881606e+05    1.020157    7.816261e+01
0:   969    5.919400e+05    1.006426    7.866487e+01
0:   970    5.864243e+05    0.990682    7.793187e+01
0:   971    5.911627e+05    1.008080    7.856158e+01
0:   972    5.895500e+05    0.997272    7.834726e+01
0:   973    5.875138e+05    0.996546    7.807666e+01
0:   974    5.957135e+05    1.013957    7.916635e+01
0:   975    6.052198e+05    1.015958    8.042967e+01
0:   976    6.171163e+05    1.019657    8.201064e+01
0:   977    6.370938e+05    1.032372    8.466551e+01
0:   978    6.463032e+05    1.014455    8.588938e+01
0:   979    6.509810e+05    1.007238    8.651103e+01
0:   980    6.468099e+05    0.993593    8.595672e+01
0:   981    6.438515e+05    0.995426    8.556357e+01
0:   982    6.576566e+05    1.021441    8.739817e+01
0:   983    6.627808e+05    1.007792    8.807915e+01
0:   984    6.605538e+05    0.996640    8.778318e+01
0:   985    6.640907e+05    1.005355    8.825322e+01
0:   986    6.621655e+05    0.997101    8.799738e+01
0:   987    6.578537e+05    0.993488    8.742437e+01
0:   988    6.586668e+05    1.001236    8.753242e+01
0:   989    6.374855e+05    0.967842    8.471757e+01
0:   990    6.274398e+05    0.984242    8.338257e+01
0:   991    6.378874e+05    1.016651    8.477097e+01
0:   992    6.434951e+05    1.008791    8.551620e+01
0:   993    6.466462e+05    1.004897    8.593497e+01
0:   994    6.492032e+05    1.003954    8.627477e+01
0:   995    6.420301e+05    0.988951    8.532151e+01
0:   996    6.418336e+05    0.999694    8.529539e+01
0:   997    6.483899e+05    1.010215    8.616669e+01
0:   998    6.336714e+05    0.977300    8.421070e+01
0:   999    6.302886e+05    0.994662    8.376114e+01
0:  1000    6.301581e+05    0.999793    8.374381e+01
0: 
0: 
0: =============================================
0: Solve phase times:
0: =============================================
0: PCG Solve:
0:   wall clock time = 144.180336 seconds
0:   wall MFLOPS     = 0.000000
0:   cpu clock time  = 144.176669 seconds
0:   cpu MFLOPS      = 0.000000
0: 
0: 
0: Iterations = 1000
0: Final Relative Residual Norm = 8.374381e+01
0: 
