0: Running baseline test
0: 1 Processes Per GPU, 4 GPUs Per Node
0: Global matrix size: 96 x 96 x 96
0: 125pt 3D Laplacian
0: =============================================
0: Hypre init times:
0: =============================================
0: Hypre init:
0:   wall clock time = 0.201847 seconds
0:   wall MFLOPS     = 0.000000
0:   cpu clock time  = 0.145407 seconds
0:   cpu MFLOPS      = 0.000000
0: 
0: 
0: Using HYPRE_DEVELOP_STRING: v3.1.0-1-g5f6c9306d (branch v3.1.0_thrusthipbugfix; not the develop branch)
0: 
0: Running with these driver parameters:
0:   solver ID    = 2
0: 
0:   Laplacian_125pt:
0:     (nx, ny, nz) = (96, 96, 96)
0:     (Px, Py, Pz) = (2, 2, 2)
0: 
0: =============================================
0: Generate Matrix:
0: =============================================
0: Spatial Operator:
0:   wall clock time = 1.047837 seconds
0:   wall MFLOPS     = 0.000000
0:   cpu clock time  = 0.807010 seconds
0:   cpu MFLOPS      = 0.000000
0: 
0:   Number of vector components: 1
0:   RHS vector has unit coefficients
0:   Initial guess is 0
0: =============================================
0: IJ Vector Setup:
0: =============================================
0: RHS and Initial Guess:
0:   wall clock time = 0.142419 seconds
0:   wall MFLOPS     = 0.000000
0:   cpu clock time  = 0.085192 seconds
0:   cpu MFLOPS      = 0.000000
0: 
0: Solver: DS-PCG
0: HYPRE_ParCSRPCGGetPrecond got good precond
0: =============================================
0: Setup phase times:
0: =============================================
0: PCG Setup:
0:   wall clock time = 0.002005 seconds
0:   wall MFLOPS     = 0.000000
0:   cpu clock time  = 0.000731 seconds
0:   cpu MFLOPS      = 0.000000
0: 
0: <b,b>: 8.847360e+05
0: 
0: 
0: Iters       ||r||_2     conv.rate  ||r||_2/||b||_2
0: -----    ------------   ---------  ------------ 
0:     1    7.865850e+03    8.362552    8.362552e+00
0:     2    9.564254e+03    1.215921    1.016820e+01
0:     3    1.022819e+04    1.069418    1.087406e+01
0:     4    1.079107e+04    1.055033    1.147249e+01
0:     5    1.125836e+04    1.043304    1.196929e+01
0:     6    1.147859e+04    1.019561    1.220343e+01
0:     7    1.177424e+04    1.025756    1.251774e+01
0:     8    1.208176e+04    1.026118    1.284469e+01
0:     9    1.233894e+04    1.021286    1.311810e+01
0:    10    1.259706e+04    1.020919    1.339252e+01
0:    11    1.288351e+04    1.022740    1.369706e+01
0:    12    1.319183e+04    1.023932    1.402485e+01
0:    13    1.354990e+04    1.027143    1.440553e+01
0:    14    1.400373e+04    1.033493    1.488802e+01
0:    15    1.454550e+04    1.038688    1.546400e+01
0:    16    1.501734e+04    1.032438    1.596563e+01
0:    17    1.540888e+04    1.026073    1.638190e+01
0:    18    1.864494e+04    1.210013    1.982230e+01
0:    19    1.798889e+04    0.964814    1.912483e+01
0:    20    2.164245e+04    1.203101    2.300910e+01
0:    21    2.278279e+04    1.052690    2.422144e+01
0:    22    2.490639e+04    1.093211    2.647915e+01
0:    23    2.671572e+04    1.072645    2.840273e+01
0:    24    2.828518e+04    1.058747    3.007130e+01
0:    25    2.921752e+04    1.032962    3.106251e+01
0: gamma -2.901617e+05alpha -1.354801e-04   26    2.917730e+04    0.998623    3.101975e+01
0:    27    2.837656e+04    0.972556    3.016845e+01
0:    28    2.697921e+04    0.950757    2.868285e+01
0:    29    2.507628e+04    0.929467    2.665976e+01
0:    30    2.303812e+04    0.918722    2.449290e+01
0:    31    2.161900e+04    0.938401    2.298417e+01
0:    32    2.095266e+04    0.969178    2.227574e+01
0:    33    2.106750e+04    1.005481    2.239784e+01
0:    34    2.180761e+04    1.035131    2.318468e+01
0:    35    2.335582e+04    1.070994    2.483066e+01
0:    36    2.504717e+04    1.072417    2.662881e+01
0:    37    2.682118e+04    1.070827    2.851485e+01
0:    38    2.828381e+04    1.054533    3.006984e+01
0:    39    2.921058e+04    1.032767    3.105513e+01
0:    40    2.949220e+04    1.009641    3.135453e+01
0: gamma -1.522325e+06alpha -3.289152e-03   41    2.919968e+04    0.990081    3.104353e+01
0:    42    2.844143e+04    0.974032    3.023741e+01
0:    43    2.742195e+04    0.964155    2.915355e+01
0:    44    2.632121e+04    0.959859    2.798331e+01
0:    45    2.547742e+04    0.967943    2.708623e+01
0:    46    2.528210e+04    0.992334    2.687858e+01
0:    47    2.583599e+04    1.021908    2.746744e+01
0:    48    2.686316e+04    1.039757    2.855948e+01
0:    49    2.794902e+04    1.040422    2.971391e+01
0:    50    2.876902e+04    1.029339    3.058568e+01
0:    51    2.921414e+04    1.015472    3.105892e+01
0: gamma -8.753751e+04alpha -5.931976e-05   52    2.920420e+04    0.999660    3.104835e+01
0:    53    2.866218e+04    0.981440    3.047210e+01
0:    54    2.774972e+04    0.968165    2.950202e+01
0:    55    2.665607e+04    0.960589    2.833931e+01
0:    56    2.505473e+04    0.939926    2.663686e+01
0:    57    2.389611e+04    0.953756    2.540507e+01
0:    58    2.200820e+04    0.920995    2.339795e+01
0:    59    2.151130e+04    0.977422    2.286967e+01
0:    60    2.082867e+04    0.968266    2.214393e+01
0:    61    2.103169e+04    1.009747    2.235977e+01
0:    62    2.234384e+04    1.062389    2.375478e+01
0:    63    2.372534e+04    1.061829    2.522351e+01
0:    64    2.565669e+04    1.081405    2.727682e+01
0:    65    2.773884e+04    1.081154    2.949046e+01
0:    66    2.917504e+04    1.051776    3.101735e+01
0:    67    2.992123e+04    1.025576    3.181066e+01
0: gamma -1.264190e+06alpha -8.675103e-04   68    2.969379e+04    0.992399    3.156885e+01
0:    69    2.851979e+04    0.960463    3.032071e+01
0:    70    2.676715e+04    0.938547    2.845740e+01
0:    71    2.461263e+04    0.919509    2.616683e+01
0:    72    2.305089e+04    0.936547    2.450648e+01
0:    73    2.144989e+04    0.930545    2.280437e+01
0:    74    2.033354e+04    0.947956    2.161754e+01
0:    75    1.940237e+04    0.954205    2.062756e+01
0:    76    1.965027e+04    1.012777    2.089111e+01
0:    77    1.949376e+04    0.992036    2.072473e+01
0:    78    1.936406e+04    0.993347    2.058684e+01
0:    79    1.931129e+04    0.997274    2.053073e+01
0:    80    2.090409e+04    1.082480    2.222411e+01
0:    81    2.248804e+04    1.075773    2.390809e+01
0:    82    2.515153e+04    1.118440    2.673977e+01
0:    83    2.718056e+04    1.080672    2.889692e+01
0:    84    2.951941e+04    1.086048    3.138346e+01
0:    85    3.243411e+04    1.098739    3.448222e+01
0:    86    3.451165e+04    1.064054    3.669094e+01
0:    87    3.586568e+04    1.039234    3.813047e+01
0:    88    3.626769e+04    1.011209    3.855787e+01
0: gamma -2.697629e+06alpha -6.401648e-03   89    3.555987e+04    0.980484    3.780536e+01
0:    90    3.410138e+04    0.958985    3.625477e+01
0:    91    3.135534e+04    0.919474    3.333533e+01
0:    92    2.898563e+04    0.924424    3.081598e+01
0:    93    2.753336e+04    0.949897    2.927200e+01
0:    94    2.705513e+04    0.982631    2.876356e+01
0:    95    2.619190e+04    0.968094    2.784583e+01
0:    96    2.692638e+04    1.028043    2.862669e+01
0:    97    2.853674e+04    1.059806    3.033874e+01
0:    98    3.012963e+04    1.055819    3.203222e+01
0:    99    3.140513e+04    1.042334    3.338826e+01
0:   100    3.230478e+04    1.028647    3.434472e+01
0:   101    3.297663e+04    1.020797    3.505899e+01
0:   102    3.311247e+04    1.004119    3.520341e+01
0: gamma -1.051300e+06alpha -1.033578e-02  103    3.268546e+04    0.987104    3.474944e+01
0:   104    3.182385e+04    0.973639    3.383342e+01
0:   105    3.067374e+04    0.963860    3.261068e+01
0:   106    2.913370e+04    0.949793    3.097339e+01
0:   107    2.784039e+04    0.955608    2.959842e+01
0:   108    2.716055e+04    0.975581    2.887565e+01
0:   109    2.756683e+04    1.014958    2.930758e+01
0:   110    2.852417e+04    1.034728    3.032537e+01
0:   111    3.006475e+04    1.054010    3.196324e+01
0:   112    3.150555e+04    1.047923    3.349501e+01
0:   113    3.257392e+04    1.033911    3.463085e+01
0:   114    3.308830e+04    1.015791    3.517771e+01
0: gamma -1.093288e+06alpha -7.923892e-04  115    3.294336e+04    0.995620    3.502362e+01
0:   116    3.217771e+04    0.976758    3.420962e+01
0:   117    3.086583e+04    0.959230    3.281490e+01
0:   118    2.939722e+04    0.952420    3.125356e+01
0:   119    2.754731e+04    0.937072    2.928683e+01
0:   120    2.599484e+04    0.943643    2.763633e+01
0:   121    2.432376e+04    0.935715    2.585972e+01
0:   122    2.231237e+04    0.917308    2.372132e+01
0:   123    2.086151e+04    0.934975    2.217884e+01
0:   124    1.973006e+04    0.945764    2.097595e+01
0:   125    1.910006e+04    0.968069    2.030616e+01
0:   126    1.932272e+04    1.011657    2.054288e+01
0:   127    2.021456e+04    1.046155    2.149104e+01
0:   128    2.192838e+04    1.084782    2.331308e+01
0:   129    2.404707e+04    1.096619    2.556556e+01
0:   130    2.627426e+04    1.092618    2.793339e+01
0:   131    2.857318e+04    1.087497    3.037748e+01
0:   132    3.048347e+04    1.066856    3.240840e+01
0:   133    3.159926e+04    1.036603    3.359464e+01
0:   134    3.164455e+04    1.001433    3.364279e+01
0: gamma -3.698986e+05alpha -7.718069e-02  135    3.063970e+04    0.968246    3.257449e+01
0:   136    2.865623e+04    0.935265    3.046577e+01
0:   137    2.617783e+04    0.913513    2.783087e+01
0:   138    2.354946e+04    0.899595    2.503652e+01
0:   139    2.182763e+04    0.926885    2.320597e+01
0:   140    2.055047e+04    0.941489    2.184816e+01
0:   141    1.947835e+04    0.947830    2.070834e+01
0:   142    1.946776e+04    0.999456    2.069709e+01
0:   143    1.912845e+04    0.982571    2.033635e+01
0:   144    1.956801e+04    1.022979    2.080366e+01
0:   145    2.072255e+04    1.059001    2.203110e+01
0:   146    2.206694e+04    1.064876    2.346040e+01
0:   147    2.373354e+04    1.075524    2.523223e+01
0:   148    2.544845e+04    1.072257    2.705543e+01
0:   149    2.707351e+04    1.063857    2.878311e+01
0:   150    2.853591e+04    1.054016    3.033786e+01
0:   151    2.994271e+04    1.049299    3.183349e+01
0:   152    3.087463e+04    1.031123    3.282425e+01
0:   153    3.121557e+04    1.011043    3.318672e+01
0: gamma -1.425984e+06alpha -2.635618e-03  154    3.093381e+04    0.990974    3.288717e+01
0:   155    3.012051e+04    0.973708    3.202252e+01
0:   156    2.890433e+04    0.959623    3.072954e+01
0:   157    2.765161e+04    0.956660    2.939772e+01
0:   158    2.650926e+04    0.958688    2.818323e+01
0:   159    2.601781e+04    0.981461    2.766074e+01
0:   160    2.610113e+04    1.003203    2.774933e+01
0:   161    2.660174e+04    1.019180    2.828155e+01
0:   162    2.754960e+04    1.035631    2.928926e+01
0:   163    2.866891e+04    1.040629    3.047925e+01
0:   164    2.972630e+04    1.036883    3.160341e+01
0:   165    3.039917e+04    1.022636    3.231877e+01
0:   166    3.055589e+04    1.005156    3.248539e+01
0: gamma -8.916542e+05alpha -7.804524e-03  167    3.018168e+04    0.987753    3.208755e+01
0:   168    2.936030e+04    0.972786    3.121431e+01
0:   169    2.818480e+04    0.959963    2.996458e+01
0:   170    2.696285e+04    0.956645    2.866546e+01
0:   171    2.565405e+04    0.951459    2.727402e+01
0:   172    2.440841e+04    0.951445    2.594972e+01
0:   173    2.324897e+04    0.952499    2.471707e+01
0:   174    2.250637e+04    0.968059    2.392757e+01
0:   175    2.189977e+04    0.973047    2.328266e+01
0:   176    2.183721e+04    0.997144    2.321616e+01
0:   177    2.146797e+04    0.983091    2.282359e+01
0:   178    2.123113e+04    0.988968    2.257180e+01
0:   179    2.189888e+04    1.031452    2.328172e+01
0:   180    2.331166e+04    1.064514    2.478371e+01
0:   181    2.485709e+04    1.066294    2.642674e+01
0:   182    2.734784e+04    1.100203    2.907477e+01
0:   183    3.016242e+04    1.102918    3.206707e+01
0:   184    3.323170e+04    1.101759    3.533017e+01
0:   185    3.646229e+04    1.097214    3.876475e+01
0:   186    3.891524e+04    1.067274    4.137260e+01
0:   187    4.015573e+04    1.031877    4.269143e+01
0: gamma -1.975299e+06alpha -5.129416e-04  188    3.997183e+04    0.995420    4.249592e+01
0:   189    3.855378e+04    0.964524    4.098832e+01
0:   190    3.596229e+04    0.932782    3.823319e+01
0:   191    3.323694e+04    0.924216    3.533574e+01
0:   192    3.100061e+04    0.932716    3.295820e+01
0:   193    2.855559e+04    0.921130    3.035878e+01
0:   194    2.673014e+04    0.936074    2.841806e+01
0:   195    2.572715e+04    0.962477    2.735173e+01
0:   196    2.525116e+04    0.981499    2.684568e+01
0:   197    2.580290e+04    1.021850    2.743227e+01
0:   198    2.668368e+04    1.034135    2.836866e+01
0:   199    2.777378e+04    1.040853    2.952760e+01
0:   200    2.943631e+04    1.059859    3.129511e+01
0:   201    3.088831e+04    1.049327    3.283880e+01
0:   202    3.261141e+04    1.055785    3.467070e+01
0:   203    3.409357e+04    1.045449    3.624647e+01
0:   204    3.588305e+04    1.052487    3.814895e+01
0:   205    3.744756e+04    1.043600    3.981224e+01
0:   206    3.841896e+04    1.025940    4.084498e+01
0:   207    3.871916e+04    1.007814    4.116414e+01
0: gamma -1.692010e+06alpha -2.670686e-03  208    3.847496e+04    0.993693    4.090452e+01
0:   209    3.781203e+04    0.982770    4.019974e+01
0:   210    3.664656e+04    0.969177    3.896066e+01
0:   211    3.555226e+04    0.970139    3.779726e+01
0:   212    3.439697e+04    0.967505    3.656902e+01
0:   213    3.390168e+04    0.985601    3.604245e+01
0:   214    3.381589e+04    0.997470    3.595125e+01
0:   215    3.459168e+04    1.022942    3.677603e+01
0:   216    3.607785e+04    1.042963    3.835605e+01
0:   217    3.843726e+04    1.065398    4.086444e+01
0:   218    4.099971e+04    1.066666    4.358870e+01
0:   219    4.331219e+04    1.056402    4.604721e+01
0:   220    4.468842e+04    1.031775    4.751034e+01
0:   221    4.509355e+04    1.009066    4.794105e+01
0: gamma -4.004155e+06alpha -6.393457e-03  222    4.422538e+04    0.980747    4.701806e+01
0:   223    4.206708e+04    0.951198    4.472347e+01
0:   224    3.915268e+04    0.930720    4.162504e+01
0:   225    3.578405e+04    0.913962    3.804369e+01
0:   226    3.260372e+04    0.911124    3.466254e+01
0:   227    3.021168e+04    0.926633    3.211945e+01
0:   228    2.852909e+04    0.944306    3.033060e+01
0:   229    2.664013e+04    0.933788    2.832236e+01
0:   230    2.525376e+04    0.947959    2.684844e+01
0:   231    2.327085e+04    0.921481    2.474033e+01
0:   232    2.222380e+04    0.955006    2.362716e+01
0:   233    2.210746e+04    0.994765    2.350347e+01
0:   234    2.271255e+04    1.027370    2.414677e+01
0:   235    2.293789e+04    1.009921    2.438634e+01
0:   236    2.228381e+04    0.971485    2.369096e+01
0:   237    2.159728e+04    0.969191    2.296108e+01
0:   238    2.175952e+04    1.007512    2.313356e+01
0:   239    2.194636e+04    1.008587    2.333220e+01
0:   240    2.245386e+04    1.023125    2.387175e+01
0:   241    2.389580e+04    1.064218    2.540473e+01
0:   242    2.462085e+04    1.030342    2.617557e+01
0:   243    2.490730e+04    1.011634    2.648011e+01
0:   244    2.541744e+04    1.020482    2.702246e+01
0:   245    2.730990e+04    1.074455    2.903443e+01
0:   246    2.954617e+04    1.081885    3.141191e+01
0:   247    3.229785e+04    1.093132    3.433735e+01
0:   248    3.479040e+04    1.077174    3.698729e+01
0:   249    3.798096e+04    1.091708    4.037932e+01
0:   250    4.035022e+04    1.062380    4.289820e+01
0:   251    4.145036e+04    1.027265    4.406781e+01
0: gamma -3.387169e+06alpha -1.097034e-03  252    4.105871e+04    0.990551    4.365143e+01
0:   253    3.901027e+04    0.950109    4.147363e+01
0:   254    3.610861e+04    0.925618    3.838875e+01
0:   255    3.237476e+04    0.896594    3.441912e+01
0:   256    2.900108e+04    0.895793    3.083240e+01
0:   257    2.649641e+04    0.913635    2.816957e+01
0:   258    2.434663e+04    0.918865    2.588404e+01
0:   259    2.304842e+04    0.946678    2.450385e+01
0:   260    2.159167e+04    0.936796    2.295511e+01
0:   261    2.011605e+04    0.931658    2.138631e+01
0:   262    1.897333e+04    0.943193    2.017143e+01
0:   263    1.966019e+04    1.036201    2.090167e+01
0:   264    2.012006e+04    1.023391    2.139057e+01
0:   265    2.079076e+04    1.033335    2.210362e+01
0:   266    2.088939e+04    1.004744    2.220849e+01
0:   267    2.056773e+04    0.984602    2.186651e+01
0:   268    2.044962e+04    0.994257    2.174094e+01
0:   269    2.110178e+04    1.031891    2.243429e+01
0:   270    2.182417e+04    1.034233    2.320229e+01
0:   271    2.333490e+04    1.069223    2.480842e+01
0:   272    2.512188e+04    1.076579    2.670824e+01
0:   273    2.711942e+04    1.079514    2.883192e+01
0:   274    2.973041e+04    1.096277    3.160778e+01
0:   275    3.281795e+04    1.103851    3.489029e+01
0:   276    3.567959e+04    1.087197    3.793264e+01
0:   277    3.711611e+04    1.040262    3.945986e+01
0:   278    3.729423e+04    1.004799    3.964923e+01
0: gamma -1.344960e+06alpha -1.930691e-02  279    3.620570e+04    0.970813    3.849197e+01
0:   280    3.424466e+04    0.945836    3.640709e+01
0:   281    3.187871e+04    0.930910    3.389174e+01
0:   282    2.876588e+04    0.902354    3.058235e+01
0:   283    2.650833e+04    0.921520    2.818224e+01
0:   284    2.493506e+04    0.940650    2.650963e+01
0:   285    2.339274e+04    0.938146    2.486991e+01
0:   286    2.264266e+04    0.967936    2.407247e+01
0:   287    2.251070e+04    0.994172    2.393218e+01
0:   288    2.257024e+04    1.002645    2.399548e+01
0:   289    2.057295e+04    0.911508    2.187206e+01
0:   290    1.967794e+04    0.956496    2.092054e+01
0:   291    1.969344e+04    1.000788    2.093702e+01
0:   292    1.998602e+04    1.014857    2.124807e+01
0:   293    1.991522e+04    0.996457    2.117280e+01
0:   294    1.905413e+04    0.956762    2.025733e+01
0:   295    1.916448e+04    1.005791    2.037465e+01
0:   296    1.958267e+04    1.021821    2.081925e+01
0:   297    1.921531e+04    0.981240    2.042869e+01
0:   298    1.819059e+04    0.946672    1.933926e+01
0:   299    1.892890e+04    1.040588    2.012419e+01
0:   300    1.983940e+04    1.048101    2.109219e+01
0:   301    2.108625e+04    1.062847    2.241777e+01
0:   302    2.238820e+04    1.061744    2.380194e+01
0:   303    2.401931e+04    1.072856    2.553604e+01
0:   304    2.607124e+04    1.085428    2.771755e+01
0:   305    2.825461e+04    1.083746    3.003879e+01
0:   306    2.982586e+04    1.055611    3.170926e+01
0:   307    3.065557e+04    1.027818    3.259136e+01
0: gamma -1.257606e+06alpha -7.494090e-04  308    3.043143e+04    0.992689    3.235307e+01
0:   309    2.912023e+04    0.956913    3.095907e+01
0:   310    2.713054e+04    0.931673    2.884374e+01
0:   311    2.506539e+04    0.923881    2.664818e+01
0:   312    2.308783e+04    0.921104    2.454575e+01
0:   313    2.112401e+04    0.914941    2.245792e+01
0:   314    1.917290e+04    0.907635    2.038360e+01
0:   315    1.768921e+04    0.922616    1.880623e+01
0:   316    1.685773e+04    0.952995    1.792223e+01
0:   317    1.733690e+04    1.028425    1.843167e+01
0:   318    1.794214e+04    1.034911    1.907513e+01
0:   319    1.903060e+04    1.060665    2.023232e+01
0:   320    2.089473e+04    1.097954    2.221416e+01
0:   321    2.305096e+04    1.103195    2.450655e+01
0:   322    2.576504e+04    1.117743    2.739202e+01
0:   323    2.884188e+04    1.119419    3.066315e+01
0:   324    3.099220e+04    1.074555    3.294925e+01
0:   325    3.213940e+04    1.037016    3.416889e+01
0: gamma -1.512546e+06alpha -4.873019e-04  326    3.196317e+04    0.994517    3.398153e+01
0:   327    3.061178e+04    0.957721    3.254481e+01
0:   328    2.847848e+04    0.930311    3.027680e+01
0:   329    2.641114e+04    0.927407    2.807892e+01
0:   330    2.447146e+04    0.926558    2.601674e+01
0:   331    2.286400e+04    0.934313    2.430779e+01
0:   332    2.171711e+04    0.949838    2.308847e+01
0:   333    2.044246e+04    0.941307    2.173333e+01
0:   334    1.944679e+04    0.951294    2.067479e+01
0:   335    1.871530e+04    0.962385    1.989711e+01
0:   336    1.840508e+04    0.983424    1.956730e+01
0:   337    1.878258e+04    1.020510    1.996863e+01
0:   338    1.802984e+04    0.959923    1.916836e+01
0:   339    1.739153e+04    0.964597    1.848975e+01
0:   340    1.759301e+04    1.011585    1.870395e+01
0:   341    1.743214e+04    0.990856    1.853292e+01
0:   342    1.737511e+04    0.996729    1.847229e+01
0:   343    1.802031e+04    1.037133    1.915823e+01
0:   344    1.798299e+04    0.997929    1.911855e+01
0:   345    1.781857e+04    0.990857    1.894375e+01
0:   346    1.744963e+04    0.979294    1.855151e+01
0:   347    1.711078e+04    0.980581    1.819127e+01
0:   348    1.760612e+04    1.028949    1.871789e+01
0:   349    1.791865e+04    1.017751    1.905016e+01
0:   350    1.817727e+04    1.014433    1.932511e+01
0:   351    1.861396e+04    1.024023    1.978936e+01
0:   352    1.944371e+04    1.044577    2.067152e+01
0:   353    2.033241e+04    1.045706    2.161633e+01
0:   354    2.027491e+04    0.997172    2.155520e+01
0:   355    2.032664e+04    1.002551    2.161020e+01
0:   356    2.048673e+04    1.007876    2.178040e+01
0:   357    2.038632e+04    0.995099    2.167364e+01
0:   358    2.044575e+04    1.002915    2.173683e+01
0:   359    2.030704e+04    0.993216    2.158936e+01
0:   360    2.152836e+04    1.060142    2.288780e+01
0:   361    2.336587e+04    1.085353    2.484134e+01
0:   362    2.523757e+04    1.080104    2.683124e+01
0:   363    2.744650e+04    1.087525    2.917965e+01
0:   364    2.994007e+04    1.090852    3.183069e+01
0:   365    3.204070e+04    1.070161    3.406396e+01
0:   366    3.301827e+04    1.030510    3.510326e+01
0: gamma -2.643179e+06alpha -1.192494e-03  367    3.260788e+04    0.987571    3.466696e+01
0:   368    3.101174e+04    0.951050    3.297002e+01
0:   369    2.843303e+04    0.916847    3.022848e+01
0:   370    2.580163e+04    0.907453    2.743092e+01
0:   371    2.295557e+04    0.889694    2.440513e+01
0:   372    2.075527e+04    0.904150    2.206589e+01
0:   373    1.973580e+04    0.950881    2.098204e+01
0:   374    1.826228e+04    0.925338    1.941548e+01
0:   375    1.721100e+04    0.942435    1.829782e+01
0:   376    1.657445e+04    0.963015    1.762107e+01
0:   377    1.678478e+04    1.012690    1.784468e+01
0:   378    1.699752e+04    1.012675    1.807086e+01
0:   379    1.721894e+04    1.013027    1.830626e+01
0:   380    1.828997e+04    1.062200    1.944492e+01
0:   381    1.870775e+04    1.022842    1.988908e+01
0:   382    1.955406e+04    1.045238    2.078883e+01
0:   383    2.020158e+04    1.033114    2.147724e+01
0:   384    2.126951e+04    1.052864    2.261261e+01
0:   385    2.194730e+04    1.031867    2.333320e+01
0:   386    2.286017e+04    1.041594    2.430372e+01
0:   387    2.523883e+04    1.104052    2.683258e+01
0:   388    2.720965e+04    1.078087    2.892784e+01
0:   389    2.954482e+04    1.085821    3.141047e+01
0:   390    3.231223e+04    1.093668    3.435264e+01
0:   391    3.530119e+04    1.092502    3.753034e+01
0:   392    3.767617e+04    1.067278    4.005529e+01
0:   393    3.864215e+04    1.025639    4.108227e+01
0: gamma -3.778343e+06alpha -1.620052e-03  394    3.809677e+04    0.985886    4.050245e+01
0:   395    3.615028e+04    0.948907    3.843305e+01
0:   396    3.335964e+04    0.922805    3.546619e+01
0:   397    3.066907e+04    0.919346    3.260571e+01
0:   398    2.857096e+04    0.931589    3.037512e+01
0:   399    2.659678e+04    0.930903    2.827628e+01
0:   400    2.471376e+04    0.929201    2.627435e+01
0:   401    2.308026e+04    0.933903    2.453770e+01
0:   402    2.234836e+04    0.968289    2.375958e+01
0:   403    2.257892e+04    1.010317    2.400471e+01
0:   404    2.170771e+04    0.961415    2.307848e+01
0:   405    2.158097e+04    0.994161    2.294374e+01
0:   406    2.136437e+04    0.989963    2.271346e+01
0:   407    2.107457e+04    0.986435    2.240536e+01
0:   408    2.091536e+04    0.992445    2.223609e+01
0:   409    2.079070e+04    0.994040    2.210357e+01
0:   410    2.010434e+04    0.966987    2.137386e+01
0:   411    1.981213e+04    0.985465    2.106319e+01
0:   412    1.993195e+04    1.006048    2.119059e+01
0:   413    1.997610e+04    1.002215    2.123752e+01
0:   414    2.028277e+04    1.015352    2.156356e+01
0:   415    2.082322e+04    1.026646    2.213813e+01
0:   416    2.049731e+04    0.984349    2.179164e+01
0:   417    2.057358e+04    1.003721    2.187274e+01
0:   418    2.207385e+04    1.072922    2.346774e+01
0:   419    2.343942e+04    1.061863    2.491954e+01
0:   420    2.443614e+04    1.042523    2.597920e+01
0:   421    2.669482e+04    1.092432    2.838050e+01
0:   422    2.922522e+04    1.094790    3.107070e+01
0:   423    3.168555e+04    1.084185    3.368638e+01
0:   424    3.373826e+04    1.064784    3.586872e+01
0:   425    3.494337e+04    1.035720    3.714993e+01
0:   426    3.497613e+04    1.000938    3.718476e+01
0: gamma -2.887745e+05alpha -1.178549e-01  427    3.374003e+04    0.964659    3.587060e+01
0:   428    3.148876e+04    0.933276    3.347717e+01
0:   429    2.829961e+04    0.898721    3.008663e+01
0:   430    2.555721e+04    0.903094    2.717106e+01
0:   431    2.394666e+04    0.936983    2.545881e+01
0:   432    2.242609e+04    0.936502    2.384222e+01
0:   433    2.075541e+04    0.925503    2.206605e+01
0:   434    1.933403e+04    0.931518    2.055491e+01
0:   435    1.919353e+04    0.992733    2.040554e+01
0:   436    1.968748e+04    1.025735    2.093068e+01
0:   437    1.969194e+04    1.000226    2.093542e+01
0:   438    2.061528e+04    1.046889    2.191706e+01
0:   439    2.086292e+04    1.012012    2.218034e+01
0:   440    2.070387e+04    0.992377    2.201125e+01
0:   441    2.088331e+04    1.008667    2.220202e+01
0:   442    2.123372e+04    1.016779    2.257455e+01
0:   443    2.095956e+04    0.987088    2.228308e+01
0:   444    2.166271e+04    1.033548    2.303063e+01
0:   445    2.190906e+04    1.011372    2.329254e+01
0:   446    2.280454e+04    1.040873    2.424457e+01
0:   447    2.407172e+04    1.055567    2.559177e+01
0:   448    2.554166e+04    1.061065    2.715453e+01
0:   449    2.739843e+04    1.072696    2.912854e+01
0:   450    2.970493e+04    1.084184    3.158070e+01
0:   451    3.225711e+04    1.085918    3.429404e+01
0:   452    3.462458e+04    1.073394    3.681100e+01
0:   453    3.655754e+04    1.055826    3.886603e+01
0:   454    3.744431e+04    1.024257    3.980879e+01
0: gamma -2.841855e+06alpha -1.543629e-03  455    3.701625e+04    0.988568    3.935370e+01
0:   456    3.548591e+04    0.958658    3.772672e+01
0:   457    3.318475e+04    0.935153    3.528026e+01
0:   458    3.079820e+04    0.928083    3.274300e+01
0:   459    2.878123e+04    0.934510    3.059867e+01
0:   460    2.661233e+04    0.924642    2.829281e+01
0:   461    2.524472e+04    0.948610    2.683883e+01
0:   462    2.445182e+04    0.968592    2.599587e+01
0:   463    2.379154e+04    0.972997    2.529389e+01
0:   464    2.336869e+04    0.982227    2.484434e+01
0:   465    2.307498e+04    0.987432    2.453209e+01
0:   466    2.276376e+04    0.986512    2.420121e+01
0:   467    2.283292e+04    1.003038    2.427474e+01
0:   468    2.338062e+04    1.023987    2.485703e+01
0:   469    2.209001e+04    0.944800    2.348492e+01
0:   470    2.123949e+04    0.961497    2.258069e+01
0:   471    2.105772e+04    0.991442    2.238745e+01
0:   472    2.016395e+04    0.957556    2.143724e+01
0:   473    1.895707e+04    0.940146    2.015414e+01
0:   474    1.873989e+04    0.988544    1.992325e+01
0:   475    1.882286e+04    1.004427    2.001146e+01
0:   476    1.845524e+04    0.980470    1.962063e+01
0:   477    1.771897e+04    0.960105    1.883786e+01
0:   478    1.724065e+04    0.973005    1.832933e+01
0:   479    1.650944e+04    0.957588    1.755195e+01
0:   480    1.620619e+04    0.981632    1.722955e+01
0:   481    1.609759e+04    0.993299    1.711410e+01
0:   482    1.634126e+04    1.015137    1.737316e+01
0:   483    1.639077e+04    1.003030    1.742579e+01
0:   484    1.639202e+04    1.000076    1.742712e+01
0:   485    1.679983e+04    1.024879    1.786068e+01
0:   486    1.723131e+04    1.025684    1.831941e+01
0:   487    1.816753e+04    1.054333    1.931475e+01
0:   488    1.931739e+04    1.063292    2.053721e+01
0:   489    2.050547e+04    1.061503    2.180032e+01
0:   490    2.231872e+04    1.088428    2.372808e+01
0:   491    2.437734e+04    1.092237    2.591669e+01
0:   492    2.625522e+04    1.077034    2.791315e+01
0:   493    2.787295e+04    1.061616    2.963303e+01
0:   494    2.879527e+04    1.033090    3.061359e+01
0: gamma -4.131999e+05alpha -1.904129e-04  495    2.873394e+04    0.997870    3.054839e+01
0:   496    2.759229e+04    0.960268    2.933465e+01
0:   497    2.590066e+04    0.938692    2.753620e+01
0:   498    2.389975e+04    0.922747    2.540894e+01
0:   499    2.214595e+04    0.926618    2.354439e+01
0:   500    2.068424e+04    0.933997    2.199038e+01
0:   501    2.015615e+04    0.974469    2.142895e+01
0:   502    1.971559e+04    0.978142    2.096056e+01
0:   503    1.983281e+04    1.005946    2.108518e+01
0:   504    2.084240e+04    1.050905    2.215852e+01
0:   505    2.209266e+04    1.059986    2.348773e+01
0:   506    2.346623e+04    1.062173    2.494804e+01
0:   507    2.508621e+04    1.069035    2.667032e+01
0:   508    2.677160e+04    1.067184    2.846213e+01
0:   509    2.813093e+04    1.050775    2.990730e+01
0:   510    2.931338e+04    1.042034    3.116442e+01
0:   511    3.006645e+04    1.025690    3.196504e+01
0:   512    3.038254e+04    1.010513    3.230109e+01
0: gamma -1.163803e+06alpha -1.686425e-03  513    3.021229e+04    0.994396    3.212009e+01
0:   514    2.962718e+04    0.980633    3.149804e+01
0:   515    2.870231e+04    0.968783    3.051476e+01
0:   516    2.759591e+04    0.961453    2.933850e+01
0:   517    2.678578e+04    0.970643    2.847721e+01
0:   518    2.614342e+04    0.976018    2.779428e+01
0:   519    2.619201e+04    1.001859    2.784595e+01
0:   520    2.703098e+04    1.032031    2.873789e+01
0:   521    2.855888e+04    1.056524    3.036227e+01
0:   522    3.034760e+04    1.062633    3.226395e+01
0:   523    3.227332e+04    1.063455    3.431127e+01
0:   524    3.357920e+04    1.040463    3.569962e+01
0:   525    3.427270e+04    1.020653    3.643691e+01
0: gamma -4.733846e+05alpha -1.798866e-04  526    3.423345e+04    0.998855    3.639518e+01
0:   527    3.348729e+04    0.978204    3.560190e+01
0:   528    3.210018e+04    0.958578    3.412719e+01
0:   529    3.055318e+04    0.951807    3.248251e+01
0:   530    2.879844e+04    0.942568    3.061696e+01
0:   531    2.700047e+04    0.937567    2.870546e+01
0:   532    2.493841e+04    0.923628    2.651318e+01
0:   533    2.341776e+04    0.939024    2.489651e+01
0:   534    2.206660e+04    0.942302    2.346004e+01
0:   535    2.117834e+04    0.959746    2.251568e+01
0:   536    2.017302e+04    0.952530    2.144687e+01
0:   537    1.909218e+04    0.946422    2.029779e+01
0:   538    1.879511e+04    0.984440    1.998196e+01
0:   539    1.859465e+04    0.989334    1.976884e+01
0:   540    1.862101e+04    1.001417    1.979686e+01
0:   541    1.932021e+04    1.037549    2.054022e+01
0:   542    1.931447e+04    0.999703    2.053412e+01
0:   543    1.995843e+04    1.033341    2.121874e+01
0:   544    2.105374e+04    1.054880    2.238321e+01
0:   545    2.270648e+04    1.078501    2.414032e+01
0:   546    2.435531e+04    1.072615    2.589326e+01
0:   547    2.623180e+04    1.077047    2.788825e+01
0:   548    2.834254e+04    1.080465    3.013228e+01
0:   549    3.008200e+04    1.061373    3.198158e+01
0:   550    3.153830e+04    1.048411    3.352983e+01
0:   551    3.233846e+04    1.025371    3.438053e+01
0: gamma -9.592328e+05alpha -4.855043e-04  552    3.221296e+04    0.996119    3.424710e+01
0:   553    3.128065e+04    0.971058    3.325592e+01
0:   554    2.968946e+04    0.949132    3.156425e+01
0:   555    2.809930e+04    0.946440    2.987367e+01
0:   556    2.676673e+04    0.952577    2.845696e+01
0:   557    2.531054e+04    0.945597    2.690882e+01
0:   558    2.489601e+04    0.983622    2.646811e+01
0:   559    2.513992e+04    1.009797    2.672742e+01
0:   560    2.584377e+04    1.027997    2.747572e+01
0:   561    2.677080e+04    1.035870    2.846128e+01
0:   562    2.778068e+04    1.037723    2.953493e+01
0:   563    2.869878e+04    1.033048    3.051101e+01
0:   564    2.953460e+04    1.029124    3.139961e+01
0:   565    3.003496e+04    1.016941    3.193156e+01
0:   566    3.008007e+04    1.001502    3.197953e+01
0: gamma -3.591955e+05alpha -2.459227e-02  567    2.968699e+04    0.986932    3.156162e+01
0:   568    2.893029e+04    0.974511    3.075714e+01
0:   569    2.793788e+04    0.965697    2.970206e+01
0:   570    2.683147e+04    0.960398    2.852579e+01
0:   571    2.585022e+04    0.963429    2.748257e+01
0:   572    2.532209e+04    0.979570    2.692109e+01
0:   573    2.540902e+04    1.003433    2.701352e+01
0:   574    2.614698e+04    1.029043    2.779807e+01
0:   575    2.719350e+04    1.040024    2.891068e+01
0:   576    2.845751e+04    1.046482    3.025451e+01
0:   577    2.952658e+04    1.037567    3.139108e+01
0:   578    3.002405e+04    1.016848    3.191996e+01
0: gamma -1.038671e+06alpha -1.052006e-03  579    2.985749e+04    0.994453    3.174289e+01
0:   580    2.908316e+04    0.974066    3.091966e+01
0:   581    2.796370e+04    0.961508    2.972951e+01
0:   582    2.661495e+04    0.951768    2.829560e+01
0:   583    2.519400e+04    0.946611    2.678491e+01
0:   584    2.410276e+04    0.956687    2.562477e+01
0:   585    2.315946e+04    0.960863    2.462190e+01
0:   586    2.301046e+04    0.993567    2.446349e+01
0:   587    2.303925e+04    1.001251    2.449410e+01
0:   588    2.339428e+04    1.015410    2.487154e+01
0:   589    2.442642e+04    1.044119    2.596886e+01
0:   590    2.621698e+04    1.073304    2.787249e+01
0:   591    2.816112e+04    1.074156    2.993940e+01
0:   592    3.013055e+04    1.069934    3.203319e+01
0:   593    3.171629e+04    1.052629    3.371906e+01
0:   594    3.253250e+04    1.025735    3.458682e+01
0: gamma -9.547467e+05alpha -4.407723e-04  595    3.240359e+04    0.996037    3.444977e+01
0:   596    3.139390e+04    0.968840    3.337632e+01
0:   597    2.963367e+04    0.943931    3.150494e+01
0:   598    2.738657e+04    0.924170    2.911593e+01
0:   599    2.503333e+04    0.914073    2.661410e+01
0:   600    2.313623e+04    0.924217    2.459720e+01
0:   601    2.168016e+04    0.937065    2.304918e+01
0:   602    2.056464e+04    0.948547    2.186322e+01
0:   603    1.999801e+04    0.972446    2.126081e+01
0:   604    1.944274e+04    0.972234    2.067048e+01
0:   605    1.973764e+04    1.015168    2.098401e+01
0:   606    2.004372e+04    1.015507    2.130941e+01
0:   607    2.050625e+04    1.023076    2.180115e+01
0:   608    2.103777e+04    1.025920    2.236623e+01
0:   609    2.172786e+04    1.032802    2.309990e+01
0:   610    2.291718e+04    1.054737    2.436432e+01
0:   611    2.394925e+04    1.045035    2.546157e+01
0:   612    2.511796e+04    1.048799    2.670407e+01
0:   613    2.642743e+04    1.052133    2.809623e+01
0:   614    2.777647e+04    1.051047    2.953046e+01
0:   615    2.904223e+04    1.045569    3.087615e+01
0:   616    3.000491e+04    1.033148    3.189962e+01
0:   617    3.061160e+04    1.020220    3.254462e+01
0:   618    3.081518e+04    1.006651    3.276106e+01
0: gamma -1.021528e+06alpha -2.975735e-03  619    3.062893e+04    0.993956    3.256304e+01
0:   620    3.004137e+04    0.980817    3.193838e+01
0:   621    2.921543e+04    0.972507    3.106028e+01
0:   622    2.825533e+04    0.967137    3.003956e+01
0:   623    2.710840e+04    0.959408    2.882021e+01
0:   624    2.609411e+04    0.962584    2.774186e+01
0:   625    2.554944e+04    0.979127    2.716280e+01
0:   626    2.535873e+04    0.992536    2.696005e+01
0:   627    2.589789e+04    1.021261    2.753326e+01
0:   628    2.718488e+04    1.049695    2.890152e+01
0:   629    2.870103e+04    1.055772    3.051340e+01
0:   630    3.063679e+04    1.067446    3.257140e+01
0:   631    3.233956e+04    1.055579    3.438169e+01
0:   632    3.330524e+04    1.029861    3.540835e+01
0:   633    3.342794e+04    1.003684    3.553880e+01
0: gamma -9.665259e+05alpha -1.722284e-02  634    3.275294e+04    0.979807    3.482118e+01
0:   635    3.141385e+04    0.959115    3.339753e+01
0:   636    2.970253e+04    0.945523    3.157814e+01
0:   637    2.799177e+04    0.942404    2.975935e+01
0:   638    2.630415e+04    0.939710    2.796516e+01
0:   639    2.454879e+04    0.933267    2.609896e+01
0:   640    2.302914e+04    0.938097    2.448335e+01
0:   641    2.212268e+04    0.960638    2.351965e+01
0:   642    2.127322e+04    0.961602    2.261655e+01
0:   643    2.044591e+04    0.961110    2.173699e+01
0:   644    1.988649e+04    0.972639    2.114225e+01
0:   645    1.918446e+04    0.964698    2.039590e+01
0:   646    1.956444e+04    1.019806    2.079986e+01
0:   647    2.009893e+04    1.027320    2.136811e+01
0:   648    2.129920e+04    1.059718    2.264417e+01
0:   649    2.260788e+04    1.061443    2.403549e+01
0:   650    2.458130e+04    1.087289    2.613353e+01
0:   651    2.663874e+04    1.083699    2.832088e+01
0:   652    2.918684e+04    1.095654    3.102989e+01
0:   653    3.150022e+04    1.079261    3.348935e+01
0:   654    3.394840e+04    1.077719    3.609213e+01
0:   655    3.587422e+04    1.056728    3.813955e+01
0:   656    3.664810e+04    1.021572    3.896230e+01
0: gamma -3.305335e+06alpha -1.844653e-03  657    3.617073e+04    0.986974    3.845478e+01
0:   658    3.454608e+04    0.955084    3.672755e+01
0:   659    3.217715e+04    0.931427    3.420902e+01
0:   660    2.979380e+04    0.925930    3.167517e+01
0:   661    2.794232e+04    0.937857    2.970678e+01
0:   662    2.685328e+04    0.961025    2.854897e+01
0:   663    2.632489e+04    0.980323    2.798722e+01
0:   664    2.659638e+04    1.010313    2.827585e+01
0:   665    2.719278e+04    1.022424    2.890991e+01
0:   666    2.835736e+04    1.042827    3.014803e+01
0:   667    2.993008e+04    1.055461    3.182007e+01
0:   668    3.173986e+04    1.060467    3.374412e+01
0:   669    3.357120e+04    1.057698    3.569110e+01
0:   670    3.526275e+04    1.050387    3.748947e+01
0:   671    3.660157e+04    1.037967    3.891284e+01
0:   672    3.741311e+04    1.022172    3.977562e+01
0:   673    3.769189e+04    1.007451    4.007201e+01
0: gamma -1.639016e+06alpha -3.642910e-03  674    3.736354e+04    0.991289    3.972292e+01
0:   675    3.647998e+04    0.976352    3.878356e+01
0:   676    3.523073e+04    0.965755    3.745543e+01
0:   677    3.391571e+04    0.962674    3.605738e+01
0:   678    3.299645e+04    0.972896    3.508006e+01
0:   679    3.260875e+04    0.988250    3.466788e+01
0:   680    3.290577e+04    1.009109    3.498366e+01
0:   681    3.371171e+04    1.024492    3.584049e+01
0:   682    3.484995e+04    1.033764    3.705061e+01
0:   683    3.599167e+04    1.032761    3.826442e+01
0:   684    3.690733e+04    1.025441    3.923791e+01
0:   685    3.743971e+04    1.014425    3.980390e+01
0:   686    3.744702e+04    1.000195    3.981167e+01
0: gamma -7.266579e+04alpha -2.084089e-01  687    3.695056e+04    0.986742    3.928386e+01
0:   688    3.601283e+04    0.974622    3.828692e+01
0:   689    3.472126e+04    0.964136    3.691379e+01
0:   690    3.335100e+04    0.960535    3.545701e+01
0:   691    3.181610e+04    0.953977    3.382518e+01
0:   692    3.029364e+04    0.952148    3.220658e+01
0:   693    2.892710e+04    0.954890    3.075375e+01
0:   694    2.787447e+04    0.963611    2.963465e+01
0:   695    2.697022e+04    0.967560    2.867329e+01
0:   696    2.601045e+04    0.964414    2.765292e+01
0:   697    2.599073e+04    0.999242    2.763196e+01
0:   698    2.589599e+04    0.996355    2.753124e+01
0:   699    2.644790e+04    1.021312    2.811799e+01
0:   700    2.788387e+04    1.054294    2.964464e+01
0:   701    2.930322e+04    1.050902    3.115362e+01
0:   702    3.170741e+04    1.082045    3.370962e+01
0:   703    3.438892e+04    1.084570    3.656046e+01
0:   704    3.699119e+04    1.075672    3.932706e+01
0:   705    3.947286e+04    1.067088    4.196544e+01
0:   706    4.106930e+04    1.040444    4.366268e+01
0:   707    4.146131e+04    1.009545    4.407945e+01
0: gamma -2.965987e+06alpha -7.496737e-03  708    4.051687e+04    0.977221    4.307537e+01
0:   709    3.856989e+04    0.951947    4.100545e+01
0:   710    3.595834e+04    0.932290    3.822899e+01
0:   711    3.311340e+04    0.920882    3.520440e+01
0:   712    3.004326e+04    0.907284    3.194039e+01
0:   713    2.744632e+04    0.913560    2.917946e+01
0:   714    2.552679e+04    0.930062    2.713872e+01
0:   715    2.420106e+04    0.948065    2.572927e+01
0:   716    2.349323e+04    0.970752    2.497675e+01
0:   717    2.378931e+04    1.012603    2.529153e+01
0:   718    2.414188e+04    1.014820    2.566636e+01
0:   719    2.504746e+04    1.037511    2.662912e+01
0:   720    2.683004e+04    1.071168    2.852426e+01
0:   721    2.903088e+04    1.082029    3.086408e+01
0:   722    3.203997e+04    1.103651    3.406319e+01
0:   723    3.548512e+04    1.107526    3.772588e+01
0:   724    3.888756e+04    1.095884    4.134318e+01
0:   725    4.212346e+04    1.083212    4.478341e+01
0:   726    4.382330e+04    1.040354    4.659059e+01
0:   727    4.396539e+04    1.003242    4.674166e+01
0: gamma -1.611260e+06alpha -3.380653e-02  728    4.252165e+04    0.967162    4.520674e+01
0:   729    3.995918e+04    0.939737    4.248246e+01
0:   730    3.664098e+04    0.916960    3.895473e+01
0:   731    3.392582e+04    0.925898    3.606812e+01
0:   732    3.178722e+04    0.936963    3.379448e+01
0:   733    2.974110e+04    0.935631    3.161915e+01
0:   734    2.868778e+04    0.964584    3.049932e+01
0:   735    2.741229e+04    0.955539    2.914328e+01
0:   736    2.746793e+04    1.002030    2.920244e+01
0:   737    2.791513e+04    1.016280    2.967787e+01
0:   738    2.827968e+04    1.013059    3.006544e+01
0:   739    2.955840e+04    1.045217    3.142491e+01
0:   740    3.116884e+04    1.054483    3.313704e+01
0:   741    3.270145e+04    1.049171    3.476643e+01
0:   742    3.431746e+04    1.049417    3.648449e+01
0:   743    3.618441e+04    1.054402    3.846933e+01
0:   744    3.817515e+04    1.055017    4.058578e+01
0:   745    4.064356e+04    1.064660    4.321007e+01
0:   746    4.321932e+04    1.063374    4.594848e+01
0:   747    4.539678e+04    1.050382    4.826343e+01
0:   748    4.679055e+04    1.030702    4.974522e+01
0:   749    4.706280e+04    1.005818    5.003466e+01
0: gamma -2.879005e+06alpha -1.058119e-02  750    4.611237e+04    0.979805    4.902421e+01
0:   751    4.413932e+04    0.957212    4.692657e+01
0:   752    4.161412e+04    0.942790    4.424191e+01
0:   753    3.906725e+04    0.938798    4.153422e+01
0:   754    3.705197e+04    0.948415    3.939167e+01
0:   755    3.591208e+04    0.969235    3.817980e+01
0:   756    3.515059e+04    0.978796    3.737023e+01
0:   757    3.474239e+04    0.988387    3.693626e+01
0:   758    3.461213e+04    0.996251    3.679777e+01
0:   759    3.524281e+04    1.018221    3.746827e+01
0:   760    3.547769e+04    1.006665    3.771798e+01
0:   761    3.587223e+04    1.011121    3.813744e+01
0:   762    3.631387e+04    1.012312    3.860697e+01
0:   763    3.676112e+04    1.012316    3.908246e+01
0:   764    3.761968e+04    1.023355    3.999523e+01
0:   765    3.827068e+04    1.017305    4.068734e+01
0:   766    3.870541e+04    1.011359    4.114952e+01
0:   767    3.937915e+04    1.017407    4.186581e+01
0:   768    3.984712e+04    1.011884    4.236332e+01
0:   769    3.994437e+04    1.002441    4.246672e+01
0:   770    4.017732e+04    1.005832    4.271438e+01
0:   771    4.033304e+04    1.003876    4.287994e+01
0:   772    4.062100e+04    1.007139    4.318608e+01
0:   773    4.123644e+04    1.015151    4.384038e+01
0:   774    4.149259e+04    1.006212    4.411270e+01
0:   775    4.230679e+04    1.019623    4.497832e+01
0:   776    4.342320e+04    1.026388    4.616523e+01
0:   777    4.511788e+04    1.039027    4.796692e+01
0:   778    4.745769e+04    1.051860    5.045448e+01
0:   779    4.971551e+04    1.047575    5.285487e+01
0:   780    5.193701e+04    1.044684    5.521666e+01
0:   781    5.347094e+04    1.029534    5.684745e+01
0:   782    5.382226e+04    1.006570    5.722095e+01
0: gamma -3.750898e+06alpha -7.974425e-03  783    5.288080e+04    0.982508    5.622004e+01
0:   784    5.095198e+04    0.963525    5.416943e+01
0:   785    4.835127e+04    0.948958    5.140449e+01
0:   786    4.571151e+04    0.945404    4.859803e+01
0:   787    4.351051e+04    0.951850    4.625805e+01
0:   788    4.117347e+04    0.946288    4.377344e+01
0:   789    3.966333e+04    0.963322    4.216793e+01
0:   790    3.815303e+04    0.961922    4.056226e+01
0:   791    3.676987e+04    0.963747    3.909176e+01
0:   792    3.518987e+04    0.957030    3.741199e+01
0:   793    3.400669e+04    0.966377    3.615409e+01
0:   794    3.321154e+04    0.976618    3.530874e+01
0:   795    3.201439e+04    0.963954    3.403599e+01
0:   796    3.129017e+04    0.977378    3.326603e+01
0:   797    3.035454e+04    0.970098    3.227133e+01
0:   798    3.014233e+04    0.993009    3.204572e+01
0:   799    3.010249e+04    0.998678    3.200336e+01
0:   800    3.055285e+04    1.014961    3.248216e+01
0:   801    3.168919e+04    1.037193    3.369025e+01
0:   802    3.281800e+04    1.035621    3.489034e+01
0:   803    3.465352e+04    1.055930    3.684177e+01
0:   804    3.703369e+04    1.068685    3.937224e+01
0:   805    3.990474e+04    1.077526    4.242459e+01
0:   806    4.273482e+04    1.070921    4.543338e+01
0:   807    4.490946e+04    1.050887    4.774534e+01
0:   808    4.608038e+04    1.026073    4.899020e+01
0: gamma -3.052319e+06alpha -7.988095e-04  809    4.577003e+04    0.993265    4.866026e+01
0:   810    4.401338e+04    0.961620    4.679268e+01
0:   811    4.124631e+04    0.937131    4.385087e+01
0:   812    3.790617e+04    0.919020    4.029982e+01
0:   813    3.460234e+04    0.912842    3.678737e+01
0:   814    3.174897e+04    0.917538    3.375381e+01
0:   815    2.954359e+04    0.930537    3.140916e+01
0:   816    2.811699e+04    0.951712    2.989248e+01
0:   817    2.650235e+04    0.942574    2.817589e+01
0:   818    2.558332e+04    0.965323    2.719882e+01
0:   819    2.461361e+04    0.962096    2.616788e+01
0:   820    2.325477e+04    0.944793    2.472323e+01
0:   821    2.279973e+04    0.980432    2.423946e+01
0:   822    2.177133e+04    0.954894    2.314612e+01
0:   823    2.137178e+04    0.981648    2.272134e+01
0:   824    2.135061e+04    0.999010    2.269883e+01
0:   825    2.146715e+04    1.005458    2.282273e+01
0:   826    2.167445e+04    1.009657    2.304312e+01
0:   827    2.206577e+04    1.018054    2.345915e+01
0:   828    2.244821e+04    1.017332    2.386574e+01
0:   829    2.299887e+04    1.024530    2.445117e+01
0:   830    2.385725e+04    1.037323    2.536376e+01
0:   831    2.514900e+04    1.054145    2.673708e+01
0:   832    2.622366e+04    1.042732    2.787960e+01
0:   833    2.808975e+04    1.071161    2.986352e+01
0:   834    3.063557e+04    1.090632    3.257010e+01
0:   835    3.314267e+04    1.081836    3.523551e+01
0:   836    3.593235e+04    1.084172    3.820135e+01
0:   837    3.812179e+04    1.060932    4.052905e+01
0:   838    3.941808e+04    1.034004    4.190720e+01
0: gamma -2.907097e+05alpha -6.753518e-05  839    3.938764e+04    0.999228    4.187484e+01
0:   840    3.793021e+04    0.962998    4.032537e+01
0:   841    3.537283e+04    0.932577    3.760651e+01
0:   842    3.236815e+04    0.915057    3.441209e+01
0:   843    2.946008e+04    0.910156    3.132038e+01
0:   844    2.707986e+04    0.919205    2.878986e+01
0:   845    2.542252e+04    0.938798    2.702787e+01
0:   846    2.414503e+04    0.949750    2.566971e+01
0:   847    2.320358e+04    0.961008    2.466880e+01
0:   848    2.324976e+04    1.001991    2.471791e+01
0:   849    2.388137e+04    1.027166    2.538940e+01
0:   850    2.473370e+04    1.035690    2.629555e+01
0:   851    2.623906e+04    1.060863    2.789597e+01
0:   852    2.840167e+04    1.082420    3.019514e+01
0:   853    3.128754e+04    1.101609    3.326324e+01
0:   854    3.431893e+04    1.096888    3.648605e+01
0:   855    3.674676e+04    1.070743    3.906720e+01
0:   856    3.809381e+04    1.036657    4.049930e+01
0:   857    3.821028e+04    1.003057    4.062312e+01
0: gamma -1.155627e+06alpha -3.326942e-02  858    3.695300e+04    0.967096    3.928646e+01
0:   859    3.478980e+04    0.941461    3.698665e+01
0:   860    3.230563e+04    0.928595    3.434562e+01
0:   861    2.991147e+04    0.925890    3.180027e+01
0:   862    2.819190e+04    0.942512    2.997212e+01
0:   863    2.663679e+04    0.944838    2.831881e+01
0:   864    2.550457e+04    0.957494    2.711509e+01
0:   865    2.500498e+04    0.980412    2.658396e+01
0:   866    2.492816e+04    0.996928    2.650229e+01
0:   867    2.545693e+04    1.021212    2.706445e+01
0:   868    2.657065e+04    1.043749    2.824849e+01
0:   869    2.856635e+04    1.075109    3.037022e+01
0:   870    3.084938e+04    1.079920    3.279741e+01
0:   871    3.364805e+04    1.090720    3.577280e+01
0:   872    3.680056e+04    1.093691    3.912439e+01
0:   873    3.989612e+04    1.084117    4.241542e+01
0:   874    4.203067e+04    1.053503    4.468477e+01
0:   875    4.293314e+04    1.021472    4.564422e+01
0: gamma -4.048053e+06alpha -1.793135e-03  876    4.239846e+04    0.987546    4.507578e+01
0:   877    4.058698e+04    0.957275    4.314991e+01
0:   878    3.802853e+04    0.936964    4.042990e+01
0:   879    3.534154e+04    0.929343    3.757324e+01
0:   880    3.302371e+04    0.934416    3.510904e+01
0:   881    3.112326e+04    0.942452    3.308858e+01
0:   882    2.957819e+04    0.950356    3.144595e+01
0:   883    2.860889e+04    0.967230    3.041545e+01
0:   884    2.817409e+04    0.984802    2.995319e+01
0:   885    2.831083e+04    1.004853    3.009856e+01
0:   886    2.859015e+04    1.009866    3.039552e+01
0:   887    2.915393e+04    1.019719    3.099490e+01
0:   888    3.006456e+04    1.031235    3.196304e+01
0:   889    3.149444e+04    1.047560    3.348320e+01
0:   890    3.385991e+04    1.075108    3.599804e+01
0:   891    3.639156e+04    1.074768    3.868956e+01
0:   892    3.930908e+04    1.080170    4.179131e+01
0:   893    4.238197e+04    1.078173    4.505824e+01
0:   894    4.560460e+04    1.076038    4.848437e+01
0:   895    4.847817e+04    1.063011    5.153940e+01
0:   896    4.995725e+04    1.030510    5.311188e+01
0: gamma -2.921384e+05alpha -4.691990e-05  897    4.993488e+04    0.999552    5.308809e+01
0:   898    4.857470e+04    0.972761    5.164203e+01
0:   899    4.619098e+04    0.950927    4.910778e+01
0:   900    4.346483e+04    0.940981    4.620949e+01
0:   901    4.058532e+04    0.933751    4.314815e+01
0:   902    3.800973e+04    0.936539    4.040991e+01
0:   903    3.635220e+04    0.956392    3.864772e+01
0:   904    3.489245e+04    0.959844    3.709579e+01
0:   905    3.401103e+04    0.974739    3.615871e+01
0:   906    3.342862e+04    0.982876    3.553952e+01
0:   907    3.309618e+04    0.990055    3.518609e+01
0:   908    3.285950e+04    0.992849    3.493446e+01
0:   909    3.271350e+04    0.995557    3.477925e+01
0:   910    3.274971e+04    1.001107    3.481774e+01
0:   911    3.278526e+04    1.001086    3.485554e+01
0:   912    3.271817e+04    0.997954    3.478421e+01
0:   913    3.302127e+04    1.009264    3.510645e+01
0:   914    3.240734e+04    0.981408    3.445376e+01
0:   915    3.176232e+04    0.980096    3.376800e+01
0:   916    3.126710e+04    0.984408    3.324151e+01
0:   917    3.098814e+04    0.991078    3.294493e+01
0:   918    3.032968e+04    0.978751    3.224489e+01
0:   919    3.004759e+04    0.990699    3.194500e+01
0:   920    2.952158e+04    0.982494    3.138577e+01
0:   921    2.924637e+04    0.990678    3.109318e+01
0:   922    2.940244e+04    1.005336    3.125910e+01
0:   923    2.963910e+04    1.008049    3.151071e+01
0:   924    3.062563e+04    1.033285    3.255953e+01
0:   925    3.234406e+04    1.056111    3.438648e+01
0:   926    3.434998e+04    1.062018    3.651906e+01
0:   927    3.733872e+04    1.087009    3.969653e+01
0:   928    4.062516e+04    1.088017    4.319050e+01
0:   929    4.370590e+04    1.075833    4.646577e+01
0:   930    4.585270e+04    1.049119    4.874814e+01
0:   931    4.656590e+04    1.015554    4.950638e+01
0: gamma -4.792727e+06alpha -3.399797e-03  932    4.576258e+04    0.982749    4.865233e+01
0:   933    4.379397e+04    0.956982    4.655941e+01
0:   934    4.088383e+04    0.933549    4.346550e+01
0:   935    3.810339e+04    0.931992    4.050949e+01
0:   936    3.545961e+04    0.930616    3.769877e+01
0:   937    3.302065e+04    0.931219    3.510579e+01
0:   938    3.148146e+04    0.953387    3.346941e+01
0:   939    3.060669e+04    0.972213    3.253940e+01
0:   940    3.049994e+04    0.996512    3.242591e+01
0:   941    3.054742e+04    1.001557    3.247639e+01
0:   942    3.160193e+04    1.034520    3.359749e+01
0:   943    3.336578e+04    1.055814    3.547271e+01
0:   944    3.591664e+04    1.076451    3.818465e+01
0:   945    3.894853e+04    1.084415    4.140799e+01
0:   946    4.237157e+04    1.087886    4.504719e+01
0:   947    4.607724e+04    1.087457    4.898686e+01
0:   948    4.897653e+04    1.062922    5.206923e+01
0:   949    5.058050e+04    1.032750    5.377449e+01
0: gamma -2.522620e+06alpha -3.829987e-04  950    5.037550e+04    0.995947    5.355655e+01
0:   951    4.836153e+04    0.960021    5.141540e+01
0:   952    4.504374e+04    0.931396    4.788809e+01
0:   953    4.116790e+04    0.913954    4.376751e+01
0:   954    3.738731e+04    0.908167    3.974820e+01
0:   955    3.452789e+04    0.923519    3.670821e+01
0:   956    3.244503e+04    0.939676    3.449382e+01
0:   957    3.135202e+04    0.966312    3.333180e+01
0:   958    3.071560e+04    0.979701    3.265518e+01
0:   959    2.985376e+04    0.971941    3.173892e+01
0:   960    3.101005e+04    1.038732    3.296823e+01
0:   961    3.215392e+04    1.036887    3.418433e+01
0:   962    3.383938e+04    1.052418    3.597622e+01
0:   963    3.610001e+04    1.066805    3.837960e+01
0:   964    3.801891e+04    1.053155    4.041967e+01
0:   965    4.096523e+04    1.077496    4.355204e+01
0:   966    4.412682e+04    1.077177    4.691328e+01
0:   967    4.732084e+04    1.072383    5.030899e+01
0:   968    4.989023e+04    1.054297    5.304062e+01
0:   969    5.092141e+04    1.020669    5.413692e+01
0: gamma -6.244294e+06alpha -2.124636e-03  970    5.014020e+04    0.984659    5.330638e+01
0:   971    4.785616e+04    0.954447    5.087811e+01
0:   972    4.484827e+04    0.937147    4.768029e+01
0:   973    4.178428e+04    0.931681    4.442282e+01
0:   974    3.927731e+04    0.940002    4.175753e+01
0:   975    3.708063e+04    0.944073    3.942215e+01
0:   976    3.611028e+04    0.973831    3.839052e+01
0:   977    3.601724e+04    0.997423    3.829160e+01
0:   978    3.584283e+04    0.995158    3.810618e+01
0:   979    3.612213e+04    1.007792    3.840312e+01
0:   980    3.653508e+04    1.011432    3.884215e+01
0:   981    3.669017e+04    1.004245    3.900703e+01
0:   982    3.687530e+04    1.005046    3.920385e+01
0:   983    3.789626e+04    1.027687    4.028928e+01
0:   984    3.868077e+04    1.020701    4.112333e+01
0:   985    3.980737e+04    1.029126    4.232107e+01
0:   986    4.133853e+04    1.038464    4.394891e+01
0:   987    4.336386e+04    1.048994    4.610214e+01
0:   988    4.594755e+04    1.059582    4.884898e+01
0:   989    4.853476e+04    1.056308    5.159956e+01
0:   990    5.099125e+04    1.050613    5.421117e+01
0:   991    5.273756e+04    1.034247    5.606776e+01
0:   992    5.323252e+04    1.009385    5.659397e+01
0: gamma -4.380234e+06alpha -5.750333e-03  993    5.232139e+04    0.982884    5.562531e+01
0:   994    5.036069e+04    0.962526    5.354080e+01
0:   995    4.785228e+04    0.950191    5.087399e+01
0:   996    4.544748e+04    0.949745    4.831733e+01
0:   997    4.324036e+04    0.951436    4.597085e+01
0:   998    4.154400e+04    0.960769    4.416736e+01
0:   999    4.010019e+04    0.965246    4.263238e+01
0:  1000    3.882552e+04    0.968213    4.127722e+01
0: 
0: 
0: =============================================
0: Solve phase times:
0: =============================================
0: PCG Solve:
0:   wall clock time = 0.272635 seconds
0:   wall MFLOPS     = 0.000000
0:   cpu clock time  = 0.269549 seconds
0:   cpu MFLOPS      = 0.000000
0: 
0: 
0: Iterations = 1000
0: Final Relative Residual Norm = 4.127722e+01
0: 
0: Global matrix size: 192 x 192 x 192
0: 125pt 3D Laplacian
0: =============================================
0: Hypre init times:
0: =============================================
0: Hypre init:
0:   wall clock time = 0.138148 seconds
0:   wall MFLOPS     = 0.000000
0:   cpu clock time  = 0.129604 seconds
0:   cpu MFLOPS      = 0.000000
0: 
0: 
0: Using HYPRE_DEVELOP_STRING: v3.1.0-1-g5f6c9306d (branch v3.1.0_thrusthipbugfix; not the develop branch)
0: 
0: Running with these driver parameters:
0:   solver ID    = 2
0: 
0:   Laplacian_125pt:
0:     (nx, ny, nz) = (192, 192, 192)
0:     (Px, Py, Pz) = (2, 2, 2)
0: 
0: =============================================
0: Generate Matrix:
0: =============================================
0: Spatial Operator:
0:   wall clock time = 0.962398 seconds
0:   wall MFLOPS     = 0.000000
0:   cpu clock time  = 0.942154 seconds
0:   cpu MFLOPS      = 0.000000
0: 
0:   Number of vector components: 1
0:   RHS vector has unit coefficients
0:   Initial guess is 0
0: =============================================
0: IJ Vector Setup:
0: =============================================
0: RHS and Initial Guess:
0:   wall clock time = 0.067774 seconds
0:   wall MFLOPS     = 0.000000
0:   cpu clock time  = 0.072616 seconds
0:   cpu MFLOPS      = 0.000000
0: 
0: Solver: DS-PCG
0: HYPRE_ParCSRPCGGetPrecond got good precond
0: =============================================
0: Setup phase times:
0: =============================================
0: PCG Setup:
0:   wall clock time = 0.000137 seconds
0:   wall MFLOPS     = 0.000000
0:   cpu clock time  = 0.000137 seconds
0:   cpu MFLOPS      = 0.000000
0: 
0: <b,b>: 7.077888e+06
0: 
0: 
0: Iters       ||r||_2     conv.rate  ||r||_2/||b||_2
0: -----    ------------   ---------  ------------ 
0:     1    3.210700e+04    12.068350    1.206835e+01
0:     2    3.928539e+04    1.223577    1.476656e+01
0:     3    4.206006e+04    1.070628    1.580950e+01
0:     4    4.452695e+04    1.058652    1.673675e+01
0:     5    4.659483e+04    1.046441    1.751402e+01
0:     6    4.762100e+04    1.022023    1.789974e+01
0:     7    4.884592e+04    1.025722    1.836016e+01
0:     8    5.018826e+04    1.027481    1.886472e+01
0:     9    5.128401e+04    1.021833    1.927659e+01
0:    10    5.227445e+04    1.019313    1.964887e+01
0:    11    5.327282e+04    1.019099    2.002414e+01
0:    12    5.425099e+04    1.018361    2.039181e+01
0:    13    5.528136e+04    1.018993    2.077911e+01
0:    14    5.645889e+04    1.021301    2.122172e+01
0:    15    5.773819e+04    1.022659    2.170258e+01
0:    16    5.914834e+04    1.024423    2.223263e+01
0:    17    6.082032e+04    1.028267    2.286109e+01
0:    18    6.292330e+04    1.034577    2.365155e+01
0:    19    6.560023e+04    1.042543    2.465775e+01
0:    20    6.905954e+04    1.052733    2.595804e+01
0:    21    7.354656e+04    1.064973    2.764461e+01
0:    22    7.938120e+04    1.079333    2.983773e+01
0:    23    8.674224e+04    1.092730    3.260459e+01
0:    24    9.559322e+04    1.102038    3.593149e+01
0:    25    1.055749e+05    1.104418    3.968340e+01
0:    26    1.158517e+05    1.097341    4.354622e+01
0:    27    1.250496e+05    1.079394    4.700354e+01
0:    28    1.315177e+05    1.051724    4.943477e+01
0:    29    1.338569e+05    1.017786    5.031402e+01
0: gamma -4.156986e+07alpha -2.992471e-03   30    1.315557e+05    0.982808    4.944905e+01
0:    31    1.253083e+05    0.952511    4.710077e+01
0:    32    1.167329e+05    0.931565    4.387745e+01
0:    33    1.074736e+05    0.920680    4.039708e+01
0:    34    9.855326e+04    0.917000    3.704411e+01
0:    35    9.447603e+04    0.958629    3.551156e+01
0:    36    9.524505e+04    1.008140    3.580062e+01
0:    37    9.229760e+04    0.969054    3.469274e+01
0:    38    1.023404e+05    1.108809    3.846760e+01
0:    39    1.043505e+05    1.019642    3.922319e+01
0:    40    1.129914e+05    1.082806    4.247110e+01
0:    41    1.214603e+05    1.074952    4.565438e+01
0:    42    1.272623e+05    1.047769    4.783524e+01
0:    43    1.321993e+05    1.038794    4.969097e+01
0:    44    1.345805e+05    1.018012    5.058599e+01
0: gamma -2.342040e+07alpha -1.123833e-03   45    1.337181e+05    0.993592    5.026183e+01
0:    46    1.299156e+05    0.971564    4.883256e+01
0:    47    1.245270e+05    0.958522    4.680710e+01
0:    48    1.185100e+05    0.951681    4.454542e+01
0:    49    1.128208e+05    0.951994    4.240697e+01
0:    50    1.095713e+05    0.971198    4.118558e+01
0:    51    1.106536e+05    1.009877    4.159238e+01
0:    52    1.155382e+05    1.044143    4.342838e+01
0:    53    1.217816e+05    1.054038    4.577515e+01
0:    54    1.268262e+05    1.041423    4.767130e+01
0:    55    1.303588e+05    1.027854    4.899915e+01
0:    56    1.323959e+05    1.015627    4.976486e+01
0:    57    1.326109e+05    1.001624    4.984568e+01
0: gamma -7.566457e+06alpha -2.593474e-02   58    1.306162e+05    0.984958    4.909591e+01
0:    59    1.267717e+05    0.970566    4.765082e+01
0:    60    1.221628e+05    0.963644    4.591845e+01
0:    61    1.176230e+05    0.962838    4.421203e+01
0:    62    1.136930e+05    0.966588    4.273483e+01
0:    63    1.106778e+05    0.973479    4.160148e+01
0:    64    1.090770e+05    0.985536    4.099977e+01
0:    65    1.092857e+05    1.001914    4.107822e+01
0:    66    1.120572e+05    1.025360    4.211997e+01
0:    67    1.173639e+05    1.047357    4.411464e+01
0:    68    1.246259e+05    1.061876    4.684426e+01
0:    69    1.325158e+05    1.063309    4.980991e+01
0:    70    1.386121e+05    1.046004    5.210138e+01
0:    71    1.413621e+05    1.019840    5.313505e+01
0: gamma -3.178341e+07alpha -1.580798e-03   72    1.398019e+05    0.988963    5.254862e+01
0:    73    1.346531e+05    0.963171    5.061328e+01
0:    74    1.269807e+05    0.943021    4.772939e+01
0:    75    1.194769e+05    0.940906    4.490886e+01
0:    76    1.117221e+05    0.935094    4.199400e+01
0:    77    1.067200e+05    0.955227    4.011381e+01
0:    78    1.006118e+05    0.942765    3.781788e+01
0:    79    9.766410e+04    0.970702    3.670989e+01
0:    80    9.318641e+04    0.954152    3.502682e+01
0:    81    8.902422e+04    0.955335    3.346234e+01
0:    82    8.765418e+04    0.984611    3.294737e+01
0:    83    8.688920e+04    0.991273    3.265983e+01
0:    84    8.882611e+04    1.022292    3.338788e+01
0:    85    9.454927e+04    1.064431    3.553909e+01
0:    86    1.020052e+05    1.078858    3.834163e+01
0:    87    1.114057e+05    1.092157    4.187508e+01
0:    88    1.232266e+05    1.106106    4.631829e+01
0:    89    1.357050e+05    1.101264    5.100867e+01
0:    90    1.459181e+05    1.075260    5.484757e+01
0:    91    1.519746e+05    1.041506    5.712409e+01
0:    92    1.528093e+05    1.005492    5.743780e+01
0: gamma -2.818585e+07alpha -1.626644e-02   93    1.485814e+05    0.972332    5.584862e+01
0:    94    1.410821e+05    0.949528    5.302982e+01
0:    95    1.324757e+05    0.938997    4.979484e+01
0:    96    1.240264e+05    0.936220    4.661894e+01
0:    97    1.168670e+05    0.942275    4.392787e+01
0:    98    1.131564e+05    0.968249    4.253311e+01
0:    99    1.139476e+05    1.006992    4.283052e+01
0:   100    1.173448e+05    1.029814    4.410746e+01
0:   101    1.213528e+05    1.034156    4.561398e+01
0:   102    1.262201e+05    1.040108    4.744348e+01
0:   103    1.323864e+05    1.048854    4.976128e+01
0:   104    1.391468e+05    1.051065    5.230237e+01
0:   105    1.447615e+05    1.040351    5.441282e+01
0:   106    1.479249e+05    1.021852    5.560187e+01
0:   107    1.485101e+05    1.003956    5.582184e+01
0: gamma -2.167949e+07alpha -1.272020e-02  108    1.458982e+05    0.982412    5.484007e+01
0:   109    1.406041e+05    0.963714    5.285014e+01
0:   110    1.332340e+05    0.947582    5.007987e+01
0:   111    1.265795e+05    0.950054    4.757858e+01
0:   112    1.218864e+05    0.962924    4.581453e+01
0:   113    1.203067e+05    0.987040    4.522078e+01
0:   114    1.214826e+05    1.009774    4.566277e+01
0:   115    1.258299e+05    1.035786    4.729685e+01
0:   116    1.304184e+05    1.036465    4.902153e+01
0:   117    1.369240e+05    1.049883    5.146687e+01
0:   118    1.411726e+05    1.031029    5.306382e+01
0:   119    1.446971e+05    1.024966    5.438861e+01
0:   120    1.454781e+05    1.005398    5.468218e+01
0: gamma -2.131856e+07alpha -7.543235e-03  121    1.436680e+05    0.987557    5.400178e+01
0:   122    1.397231e+05    0.972542    5.251899e+01
0:   123    1.352604e+05    0.968061    5.084157e+01
0:   124    1.295503e+05    0.957784    4.869523e+01
0:   125    1.227475e+05    0.947489    4.613821e+01
0:   126    1.182403e+05    0.963280    4.444404e+01
0:   127    1.123106e+05    0.949850    4.221519e+01
0:   128    1.076890e+05    0.958850    4.047804e+01
0:   129    1.073264e+05    0.996633    4.034174e+01
0:   130    1.081719e+05    1.007878    4.065955e+01
0:   131    1.121501e+05    1.036777    4.215489e+01
0:   132    1.216041e+05    1.084297    4.570842e+01
0:   133    1.333023e+05    1.096199    5.010554e+01
0:   134    1.457331e+05    1.093253    5.477802e+01
0:   135    1.580149e+05    1.084276    5.939449e+01
0:   136    1.672015e+05    1.058138    6.284755e+01
0:   137    1.716644e+05    1.026692    6.452507e+01
0: gamma -4.742923e+07alpha -7.985156e-04  138    1.704093e+05    0.992689    6.405331e+01
0:   139    1.633101e+05    0.958340    6.138484e+01
0:   140    1.520381e+05    0.930978    5.714794e+01
0:   141    1.386715e+05    0.912084    5.212372e+01
0:   142    1.257531e+05    0.906842    4.726797e+01
0:   143    1.148694e+05    0.913451    4.317699e+01
0:   144    1.102123e+05    0.959457    4.142648e+01
0:   145    1.041834e+05    0.945298    3.916037e+01
0:   146    1.012859e+05    0.972188    3.807124e+01
0:   147    9.866284e+04    0.974103    3.708530e+01
0:   148    1.004731e+05    1.018348    3.776573e+01
0:   149    1.026148e+05    1.021317    3.857077e+01
0:   150    1.046023e+05    1.019368    3.931780e+01
0:   151    1.093994e+05    1.045861    4.112094e+01
0:   152    1.163893e+05    1.063894    4.374832e+01
0:   153    1.259465e+05    1.082114    4.734067e+01
0:   154    1.356310e+05    1.076894    5.098087e+01
0:   155    1.438349e+05    1.060487    5.406453e+01
0:   156    1.509229e+05    1.049278    5.672875e+01
0:   157    1.550614e+05    1.027421    5.828432e+01
0:   158    1.561132e+05    1.006784    5.867970e+01
0: gamma -2.796231e+07alpha -7.973448e-03  159    1.536423e+05    0.984172    5.775092e+01
0:   160    1.481949e+05    0.964545    5.570337e+01
0:   161    1.411871e+05    0.952712    5.306927e+01
0:   162    1.347330e+05    0.954287    5.064331e+01
0:   163    1.277838e+05    0.948423    4.803127e+01
0:   164    1.249522e+05    0.977840    4.696690e+01
0:   165    1.262065e+05    1.010038    4.743837e+01
0:   166    1.289279e+05    1.021563    4.846129e+01
0:   167    1.356327e+05    1.052005    5.098150e+01
0:   168    1.427041e+05    1.052136    5.363948e+01
0:   169    1.477453e+05    1.035326    5.553436e+01
0:   170    1.520618e+05    1.029216    5.715686e+01
0:   171    1.543741e+05    1.015206    5.802600e+01
0: gamma -7.922025e+06alpha -2.589451e-04  172    1.541901e+05    0.998808    5.795684e+01
0:   173    1.513787e+05    0.981766    5.690008e+01
0:   174    1.464756e+05    0.967611    5.505713e+01
0:   175    1.419062e+05    0.968804    5.333956e+01
0:   176    1.367628e+05    0.963755    5.140628e+01
0:   177    1.296071e+05    0.947678    4.871661e+01
0:   178    1.249032e+05    0.963706    4.694849e+01
0:   179    1.231324e+05    0.985823    4.628289e+01
0:   180    1.152536e+05    0.936013    4.332140e+01
0:   181    1.110982e+05    0.963946    4.175949e+01
0:   182    1.126202e+05    1.013700    4.233159e+01
0:   183    1.164965e+05    1.034419    4.378861e+01
0:   184    1.156844e+05    0.993029    4.348335e+01
0:   185    1.230673e+05    1.063820    4.625843e+01
0:   186    1.351749e+05    1.098382    5.080943e+01
0:   187    1.455504e+05    1.076756    5.470936e+01
0:   188    1.548875e+05    1.064150    5.821899e+01
0:   189    1.669103e+05    1.077623    6.273811e+01
0:   190    1.775388e+05    1.063678    6.673311e+01
0:   191    1.832871e+05    1.032378    6.889378e+01
0: gamma -4.048719e+07alpha -6.023961e-04  192    1.822959e+05    0.994592    6.852122e+01
0:   193    1.751829e+05    0.960981    6.584760e+01
0:   194    1.642556e+05    0.937624    6.174026e+01
0:   195    1.515447e+05    0.922615    5.696249e+01
0:   196    1.416753e+05    0.934874    5.325276e+01
0:   197    1.345000e+05    0.949354    5.055573e+01
0:   198    1.243625e+05    0.924628    4.674527e+01
0:   199    1.168993e+05    0.939988    4.393999e+01
0:   200    1.126456e+05    0.963612    4.234112e+01
0:   201    1.140920e+05    1.012840    4.288479e+01
0:   202    1.178485e+05    1.032925    4.429678e+01
0:   203    1.182927e+05    1.003769    4.446374e+01
0:   204    1.220679e+05    1.031915    4.588279e+01
0:   205    1.276902e+05    1.046058    4.799607e+01
0:   206    1.347219e+05    1.055068    5.063913e+01
0:   207    1.418873e+05    1.053187    5.333248e+01
0:   208    1.472536e+05    1.037820    5.534953e+01
0:   209    1.522425e+05    1.033880    5.722476e+01
0:   210    1.568077e+05    1.029987    5.894073e+01
0:   211    1.599201e+05    1.019848    6.011061e+01
0:   212    1.610700e+05    1.007191    6.054285e+01
0: gamma -2.465589e+07alpha -3.720669e-03  213    1.596737e+05    0.991331    6.001802e+01
0:   214    1.564220e+05    0.979635    5.879576e+01
0:   215    1.513167e+05    0.967362    5.687680e+01
0:   216    1.453031e+05    0.960258    5.461641e+01
0:   217    1.386002e+05    0.953869    5.209690e+01
0:   218    1.339638e+05    0.966549    5.035420e+01
0:   219    1.318244e+05    0.984030    4.955004e+01
0:   220    1.337256e+05    1.014422    5.026466e+01
0:   221    1.395573e+05    1.043609    5.245667e+01
0:   222    1.475062e+05    1.056958    5.544451e+01
0:   223    1.555931e+05    1.054824    5.848419e+01
0:   224    1.621752e+05    1.042303    6.095826e+01
0:   225    1.663516e+05    1.025752    6.252808e+01
0:   226    1.671862e+05    1.005017    6.284178e+01
0: gamma -2.936335e+07alpha -1.202331e-02  227    1.639619e+05    0.980715    6.162987e+01
0:   228    1.574817e+05    0.960477    5.919407e+01
0:   229    1.490565e+05    0.946500    5.602722e+01
0:   230    1.391690e+05    0.933666    5.231070e+01
0:   231    1.301720e+05    0.935352    4.892892e+01
0:   232    1.204394e+05    0.925233    4.527066e+01
0:   233    1.125091e+05    0.934155    4.228981e+01
0:   234    1.039560e+05    0.923979    3.907490e+01
0:   235    9.937940e+04    0.955975    3.735464e+01
0:   236    9.548667e+04    0.960830    3.589144e+01
0:   237    9.231958e+04    0.966832    3.470100e+01
0:   238    8.799283e+04    0.953133    3.307467e+01
0:   239    8.282891e+04    0.941314    3.113366e+01
0:   240    8.155645e+04    0.984637    3.065536e+01
0:   241    7.813007e+04    0.957988    2.936746e+01
0:   242    8.006000e+04    1.024702    3.009288e+01
0:   243    8.373642e+04    1.045921    3.147477e+01
0:   244    9.092908e+04    1.085896    3.417834e+01
0:   245    9.791662e+04    1.076846    3.680481e+01
0:   246    1.002417e+05    1.023746    3.767878e+01
0:   247    1.052446e+05    1.049907    3.955923e+01
0:   248    1.128639e+05    1.072397    4.242319e+01
0:   249    1.211855e+05    1.073731    4.555110e+01
0:   250    1.337019e+05    1.103283    5.025576e+01
0:   251    1.480611e+05    1.107397    5.565307e+01
0:   252    1.632310e+05    1.102457    6.135511e+01
0:   253    1.793352e+05    1.098659    6.740836e+01
0:   254    1.917526e+05    1.069241    7.207579e+01
0:   255    1.995121e+05    1.040466    7.499244e+01
0:   256    2.002922e+05    1.003910    7.528565e+01
0: gamma -3.572754e+07alpha -2.524992e-02  257    1.936868e+05    0.967021    7.280281e+01
0:   258    1.815583e+05    0.937381    6.824395e+01
0:   259    1.659395e+05    0.913974    6.237317e+01
0:   260    1.513366e+05    0.911999    5.688426e+01
0:   261    1.375032e+05    0.908592    5.168457e+01
0:   262    1.266436e+05    0.921023    4.760266e+01
0:   263    1.183533e+05    0.934539    4.448653e+01
0:   264    1.116547e+05    0.943401    4.196866e+01
0:   265    1.055443e+05    0.945274    3.967190e+01
0:   266    1.037632e+05    0.983125    3.900243e+01
0:   267    1.004407e+05    0.967979    3.775355e+01
0:   268    9.644577e+04    0.960226    3.625195e+01
0:   269    9.583437e+04    0.993661    3.602214e+01
0:   270    9.681222e+04    1.010203    3.638969e+01
0:   271    1.001296e+05    1.034266    3.763662e+01
0:   272    1.043627e+05    1.042277    3.922776e+01
0:   273    1.114412e+05    1.067826    4.188841e+01
0:   274    1.178178e+05    1.057220    4.428526e+01
0:   275    1.264483e+05    1.073253    4.752928e+01
0:   276    1.379380e+05    1.090865    5.184800e+01
0:   277    1.520872e+05    1.102576    5.716638e+01
0:   278    1.678332e+05    1.103533    6.308499e+01
0:   279    1.829466e+05    1.090050    6.876578e+01
0:   280    1.962941e+05    1.072959    7.378286e+01
0:   281    2.042543e+05    1.040552    7.677492e+01
0:   282    2.051672e+05    1.004470    7.711807e+01
0: gamma -4.334194e+07alpha -2.197533e-02  283    1.984456e+05    0.967238    7.459154e+01
0:   284    1.854723e+05    0.934625    6.971514e+01
0:   285    1.693541e+05    0.913096    6.365665e+01
0:   286    1.522794e+05    0.899178    5.723866e+01
0:   287    1.351739e+05    0.887670    5.080905e+01
0:   288    1.188869e+05    0.879511    4.468711e+01
0:   289    1.042622e+05    0.876986    3.918997e+01
0:   290    9.562718e+04    0.917180    3.594426e+01
0:   291    8.793907e+04    0.919603    3.305446e+01
0:   292    8.309940e+04    0.944966    3.123533e+01
0:   293    8.183122e+04    0.984739    3.075864e+01
0:   294    8.015124e+04    0.979470    3.012717e+01
0:   295    8.067740e+04    1.006565    3.032495e+01
0:   296    8.219302e+04    1.018786    3.089464e+01
0:   297    8.421519e+04    1.024603    3.165473e+01
0:   298    8.582869e+04    1.019159    3.226121e+01
0:   299    8.825617e+04    1.028283    3.317365e+01
0:   300    8.604500e+04    0.974946    3.234252e+01
0:   301    8.525231e+04    0.990787    3.204456e+01
0:   302    8.566863e+04    1.004883    3.220105e+01
0:   303    9.002457e+04    1.050846    3.383835e+01
0:   304    9.757271e+04    1.083845    3.667554e+01
0:   305    1.083405e+05    1.110357    4.072293e+01
0:   306    1.187275e+05    1.095873    4.462717e+01
0:   307    1.305933e+05    1.099942    4.908729e+01
0:   308    1.432309e+05    1.096771    5.383751e+01
0:   309    1.570846e+05    1.096723    5.904483e+01
0:   310    1.690055e+05    1.075888    6.352563e+01
0:   311    1.783330e+05    1.055191    6.703165e+01
0:   312    1.821753e+05    1.021546    6.847589e+01
0: gamma -7.437915e+07alpha -2.381728e-03  313    1.792622e+05    0.984009    6.738090e+01
0:   314    1.706750e+05    0.952097    6.415314e+01
0:   315    1.584289e+05    0.928249    5.955012e+01
0:   316    1.444113e+05    0.911521    5.428120e+01
0:   317    1.315120e+05    0.910677    4.943262e+01
0:   318    1.204548e+05    0.915922    4.527644e+01
0:   319    1.119685e+05    0.929548    4.208661e+01
0:   320    1.051699e+05    0.939281    3.953118e+01
0:   321    9.851096e+04    0.936684    3.702821e+01
0:   322    9.358818e+04    0.950028    3.517784e+01
0:   323    9.122272e+04    0.974725    3.428871e+01
0:   324    8.688271e+04    0.952424    3.265739e+01
0:   325    8.389353e+04    0.965595    3.153382e+01
0:   326    8.022830e+04    0.956311    3.015614e+01
0:   327    7.929072e+04    0.988314    2.980372e+01
0:   328    7.920068e+04    0.998864    2.976988e+01
0:   329    8.267545e+04    1.043873    3.107597e+01
0:   330    8.897060e+04    1.076143    3.344219e+01
0:   331    9.287506e+04    1.043885    3.490979e+01
0:   332    9.646034e+04    1.038603    3.625742e+01
0:   333    1.004715e+05    1.041583    3.776513e+01
0:   334    1.063790e+05    1.058798    3.998562e+01
0:   335    1.090337e+05    1.024956    4.098351e+01
0:   336    1.078606e+05    0.989240    4.054254e+01
0:   337    1.134317e+05    1.051651    4.263662e+01
0:   338    1.175012e+05    1.035876    4.416624e+01
0:   339    1.254367e+05    1.067536    4.714904e+01
0:   340    1.361946e+05    1.085764    5.119272e+01
0:   341    1.496110e+05    1.098508    5.623563e+01
0:   342    1.652905e+05    1.104802    6.212925e+01
0:   343    1.844762e+05    1.116073    6.934074e+01
0:   344    2.007860e+05    1.088411    7.547125e+01
0:   345    2.136158e+05    1.063898    8.029370e+01
0:   346    2.195699e+05    1.027873    8.253173e+01
0: gamma -1.329918e+08alpha -1.727003e-03  347    2.160721e+05    0.984070    8.121698e+01
0:   348    2.048343e+05    0.947991    7.699294e+01
0:   349    1.878325e+05    0.916997    7.060232e+01
0:   350    1.677156e+05    0.892900    6.304080e+01
0:   351    1.510662e+05    0.900728    5.678263e+01
0:   352    1.352969e+05    0.895613    5.085528e+01
0:   353    1.230532e+05    0.909505    4.625312e+01
0:   354    1.175284e+05    0.955102    4.417646e+01
0:   355    1.134111e+05    0.964968    4.262887e+01
0:   356    1.073265e+05    0.946349    4.034180e+01
0:   357    1.051095e+05    0.979344    3.950848e+01
0:   358    1.071118e+05    1.019049    4.026109e+01
0:   359    1.050654e+05    0.980895    3.949190e+01
0:   360    1.057133e+05    1.006166    3.973543e+01
0:   361    1.107473e+05    1.047619    4.162760e+01
0:   362    1.087896e+05    0.982323    4.089173e+01
0:   363    1.092434e+05    1.004172    4.106232e+01
0:   364    1.080933e+05    0.989471    4.062999e+01
0:   365    1.052409e+05    0.973612    3.955784e+01
0:   366    1.053840e+05    1.001360    3.961162e+01
0:   367    1.096440e+05    1.040424    4.121288e+01
0:   368    1.195489e+05    1.090337    4.493592e+01
0:   369    1.283734e+05    1.073815    4.825288e+01
0:   370    1.391263e+05    1.083763    5.229468e+01
0:   371    1.554527e+05    1.117349    5.843140e+01
0:   372    1.744245e+05    1.122043    6.556253e+01
0:   373    1.929322e+05    1.106107    7.251918e+01
0:   374    2.070539e+05    1.073195    7.782723e+01
0:   375    2.135604e+05    1.031424    8.027290e+01
0: gamma -1.224442e+08alpha -1.379852e-03  376    2.106922e+05    0.986569    7.919479e+01
0:   377    1.997843e+05    0.948228    7.509473e+01
0:   378    1.848224e+05    0.925110    6.947086e+01
0:   379    1.671554e+05    0.904411    6.283023e+01
0:   380    1.506108e+05    0.901022    5.661144e+01
0:   381    1.368429e+05    0.908586    5.143637e+01
0:   382    1.308528e+05    0.956227    4.918485e+01
0:   383    1.236041e+05    0.944604    4.646018e+01
0:   384    1.178795e+05    0.953686    4.430843e+01
0:   385    1.128678e+05    0.957485    4.242465e+01
0:   386    1.123870e+05    0.995740    4.224390e+01
0:   387    1.120071e+05    0.996620    4.210112e+01
0:   388    1.112606e+05    0.993335    4.182051e+01
0:   389    1.112264e+05    0.999693    4.180768e+01
0:   390    1.159287e+05    1.042277    4.357517e+01
0:   391    1.215434e+05    1.048432    4.568560e+01
0:   392    1.282974e+05    1.055569    4.822432e+01
0:   393    1.389874e+05    1.083322    5.224247e+01
0:   394    1.541237e+05    1.108904    5.793188e+01
0:   395    1.714001e+05    1.112095    6.442573e+01
0:   396    1.865792e+05    1.088559    7.013123e+01
0:   397    1.969546e+05    1.055608    7.403110e+01
0:   398    2.001403e+05    1.016175    7.522855e+01
0: gamma -1.116596e+08alpha -4.922390e-03  399    1.946969e+05    0.972802    7.318248e+01
0:   400    1.820375e+05    0.934979    6.842411e+01
0:   401    1.661357e+05    0.912645    6.244692e+01
0:   402    1.505554e+05    0.906220    5.659064e+01
0:   403    1.344924e+05    0.893308    5.055288e+01
0:   404    1.203871e+05    0.895122    4.525101e+01
0:   405    1.092386e+05    0.907394    4.106049e+01
0:   406    1.007659e+05    0.922439    3.787580e+01
0:   407    9.737178e+04    0.966317    3.660002e+01
0:   408    9.182151e+04    0.942999    3.451378e+01
0:   409    8.994574e+04    0.979572    3.380872e+01
0:   410    8.774557e+04    0.975539    3.298172e+01
0:   411    8.724291e+04    0.994271    3.279279e+01
0:   412    8.807937e+04    1.009588    3.310719e+01
0:   413    8.708868e+04    0.988752    3.273481e+01
0:   414    8.708174e+04    0.999920    3.273221e+01
0:   415    8.532642e+04    0.979843    3.207242e+01
0:   416    8.641207e+04    1.012723    3.248049e+01
0:   417    8.758111e+04    1.013529    3.291991e+01
0:   418    8.729869e+04    0.996775    3.281375e+01
0:   419    8.642327e+04    0.989972    3.248470e+01
0:   420    8.719922e+04    1.008979    3.277636e+01
0:   421    8.701714e+04    0.997912    3.270792e+01
0:   422    8.809892e+04    1.012432    3.311454e+01
0:   423    9.000539e+04    1.021640    3.383114e+01
0:   424    8.917410e+04    0.990764    3.351868e+01
0:   425    8.981259e+04    1.007160    3.375867e+01
0:   426    8.803656e+04    0.980225    3.309110e+01
0:   427    8.577952e+04    0.974362    3.224273e+01
0:   428    8.547478e+04    0.996447    3.212818e+01
0:   429    8.576636e+04    1.003411    3.223778e+01
0:   430    8.772952e+04    1.022890    3.297569e+01
0:   431    9.190791e+04    1.047628    3.454626e+01
0:   432    9.663521e+04    1.051435    3.632316e+01
0:   433    1.040044e+05    1.076258    3.909310e+01
0:   434    1.142571e+05    1.098579    4.294684e+01
0:   435    1.276910e+05    1.117576    4.799638e+01
0:   436    1.422960e+05    1.114378    5.348610e+01
0:   437    1.588000e+05    1.115983    5.968960e+01
0:   438    1.733908e+05    1.091882    6.517399e+01
0:   439    1.847374e+05    1.065439    6.943893e+01
0:   440    1.895710e+05    1.026164    7.125576e+01
0: gamma -9.478661e+07alpha -1.880009e-03  441    1.867256e+05    0.984991    7.018626e+01
0:   442    1.767980e+05    0.946833    6.645466e+01
0:   443    1.623724e+05    0.918406    6.103238e+01
0:   444    1.475760e+05    0.908874    5.547073e+01
0:   445    1.322913e+05    0.896428    4.972552e+01
0:   446    1.196306e+05    0.904297    4.496663e+01
0:   447    1.090321e+05    0.911407    4.098290e+01
0:   448    1.018115e+05    0.933775    3.826881e+01
0:   449    9.803853e+04    0.962942    3.685063e+01
0:   450    9.510508e+04    0.970079    3.574801e+01
0:   451    9.427424e+04    0.991264    3.543572e+01
0:   452    9.334829e+04    0.990178    3.508767e+01
0:   453    9.122098e+04    0.977211    3.428806e+01
0:   454    9.285228e+04    1.017883    3.490123e+01
0:   455    9.322929e+04    1.004060    3.504294e+01
0:   456    9.193603e+04    0.986128    3.455683e+01
0:   457    9.035164e+04    0.982766    3.396129e+01
0:   458    9.394200e+04    1.039738    3.531083e+01
0:   459    9.613447e+04    1.023339    3.613494e+01
0:   460    9.928426e+04    1.032764    3.731888e+01
0:   461    1.040125e+05    1.047623    3.909613e+01
0:   462    1.112346e+05    1.069435    4.181076e+01
0:   463    1.196496e+05    1.075650    4.497376e+01
0:   464    1.332166e+05    1.113390    5.007332e+01
0:   465    1.471299e+05    1.104441    5.530304e+01
0:   466    1.629469e+05    1.107504    6.124833e+01
0:   467    1.765679e+05    1.083592    6.636819e+01
0:   468    1.859772e+05    1.053290    6.990494e+01
0:   469    1.889253e+05    1.015852    7.101307e+01
0: gamma -8.317603e+07alpha -4.867000e-03  470    1.844902e+05    0.976525    6.934603e+01
0:   471    1.743789e+05    0.945193    6.554536e+01
0:   472    1.608259e+05    0.922279    6.045109e+01
0:   473    1.452166e+05    0.902943    5.458387e+01
0:   474    1.309891e+05    0.902026    4.923605e+01
0:   475    1.189596e+05    0.908164    4.471443e+01
0:   476    1.099449e+05    0.924220    4.132597e+01
0:   477    1.057135e+05    0.961514    3.973550e+01
0:   478    1.006028e+05    0.951655    3.781449e+01
0:   479    9.763883e+04    0.970538    3.670040e+01
0:   480    9.291568e+04    0.951626    3.492506e+01
0:   481    9.163797e+04    0.986249    3.444480e+01
0:   482    8.943486e+04    0.975959    3.361669e+01
0:   483    9.070508e+04    1.014203    3.409414e+01
0:   484    9.312597e+04    1.026690    3.500410e+01
0:   485    9.493814e+04    1.019459    3.568526e+01
0:   486    9.656229e+04    1.017107    3.629575e+01
0:   487    9.926952e+04    1.028036    3.731334e+01
0:   488    9.722330e+04    0.979387    3.654421e+01
0:   489    9.803373e+04    1.008336    3.684883e+01
0:   490    9.679232e+04    0.987337    3.638221e+01
0:   491    9.843018e+04    1.016921    3.699785e+01
0:   492    9.935760e+04    1.009422    3.734644e+01
0:   493    1.021493e+05    1.028097    3.839577e+01
0:   494    1.028019e+05    1.006389    3.864107e+01
0:   495    1.060675e+05    1.031766    3.986854e+01
0:   496    1.081291e+05    1.019437    4.064347e+01
0:   497    1.151922e+05    1.065321    4.329834e+01
0:   498    1.251496e+05    1.086442    4.704113e+01
0:   499    1.394033e+05    1.113893    5.239879e+01
0:   500    1.557823e+05    1.117493    5.855530e+01
0:   501    1.718786e+05    1.103326    6.460558e+01
0:   502    1.867894e+05    1.086752    7.021022e+01
0:   503    1.960297e+05    1.049469    7.368347e+01
0:   504    1.979398e+05    1.009744    7.440144e+01
0: gamma -7.382513e+07alpha -1.024334e-02  505    1.917101e+05    0.968527    7.205980e+01
0:   506    1.795406e+05    0.936522    6.748555e+01
0:   507    1.642474e+05    0.914820    6.173715e+01
0:   508    1.485675e+05    0.904535    5.584340e+01
0:   509    1.356318e+05    0.912930    5.098114e+01
0:   510    1.251249e+05    0.922534    4.703184e+01
0:   511    1.168021e+05    0.933484    4.390347e+01
0:   512    1.137550e+05    0.973912    4.275813e+01
0:   513    1.110199e+05    0.975956    4.173007e+01
0:   514    1.107438e+05    0.997512    4.162626e+01
0:   515    1.124565e+05    1.015466    4.227004e+01
0:   516    1.125353e+05    1.000701    4.229967e+01
0:   517    1.126799e+05    1.001284    4.235400e+01
0:   518    1.116094e+05    0.990500    4.195164e+01
0:   519    1.123844e+05    1.006943    4.224293e+01
0:   520    1.146569e+05    1.020221    4.309712e+01
0:   521    1.181494e+05    1.030461    4.440989e+01
0:   522    1.214466e+05    1.027907    4.564924e+01
0:   523    1.241073e+05    1.021908    4.664933e+01
0:   524    1.306922e+05    1.053059    4.912448e+01
0:   525    1.349719e+05    1.032746    5.073311e+01
0:   526    1.406598e+05    1.042141    5.287107e+01
0:   527    1.506446e+05    1.070986    5.662415e+01
0:   528    1.620978e+05    1.076028    6.092916e+01
0:   529    1.735443e+05    1.070615    6.523168e+01
0:   530    1.869781e+05    1.077408    7.028114e+01
0:   531    2.004663e+05    1.072138    7.535109e+01
0:   532    2.115131e+05    1.055106    7.950336e+01
0:   533    2.189851e+05    1.035326    8.231190e+01
0:   534    2.207150e+05    1.007900    8.296215e+01
0: gamma -7.065234e+07alpha -8.343968e-03  535    2.159133e+05    0.978245    8.115731e+01
0:   536    2.059920e+05    0.954049    7.742808e+01
0:   537    1.931081e+05    0.937455    7.258531e+01
0:   538    1.805822e+05    0.935135    6.787706e+01
0:   539    1.712573e+05    0.948362    6.437204e+01
0:   540    1.656973e+05    0.967534    6.228216e+01
0:   541    1.620504e+05    0.977991    6.091137e+01
0:   542    1.627957e+05    1.004599    6.119150e+01
0:   543    1.685661e+05    1.035445    6.336045e+01
0:   544    1.759595e+05    1.043861    6.613949e+01
0:   545    1.848126e+05    1.050313    6.946720e+01
0:   546    1.947578e+05    1.053812    7.320538e+01
0:   547    2.039168e+05    1.047028    7.664806e+01
0:   548    2.104407e+05    1.031993    7.910024e+01
0:   549    2.137770e+05    1.015854    8.035431e+01
0: gamma -1.819210e+07alpha -2.610790e-04  550    2.134876e+05    0.998646    8.024552e+01
0:   551    2.098572e+05    0.982995    7.888092e+01
0:   552    2.035207e+05    0.969806    7.649917e+01
0:   553    1.950403e+05    0.958332    7.331158e+01
0:   554    1.864666e+05    0.956041    7.008888e+01
0:   555    1.809963e+05    0.970664    6.803273e+01
0:   556    1.797273e+05    0.992989    6.755573e+01
0:   557    1.839124e+05    1.023286    6.912883e+01
0:   558    1.908358e+05    1.037645    7.173119e+01
0:   559    2.008244e+05    1.052341    7.548568e+01
0:   560    2.113043e+05    1.052185    7.942487e+01
0:   561    2.195707e+05    1.039121    8.253204e+01
0:   562    2.234053e+05    1.017464    8.397339e+01
0: gamma -6.515695e+07alpha -1.041915e-03  563    2.220945e+05    0.994132    8.348067e+01
0:   564    2.160796e+05    0.972917    8.121981e+01
0:   565    2.062681e+05    0.954593    7.753186e+01
0:   566    1.944089e+05    0.942506    7.307423e+01
0:   567    1.811874e+05    0.931991    6.810454e+01
0:   568    1.695144e+05    0.935575    6.371693e+01
0:   569    1.600133e+05    0.943951    6.014565e+01
0:   570    1.512526e+05    0.945250    5.685270e+01
0:   571    1.444411e+05    0.954966    5.429238e+01
0:   572    1.382817e+05    0.957357    5.197720e+01
0:   573    1.340083e+05    0.969096    5.037090e+01
0:   574    1.312318e+05    0.979281    4.932729e+01
0:   575    1.274866e+05    0.971461    4.791954e+01
0:   576    1.224581e+05    0.960557    4.602944e+01
0:   577    1.193371e+05    0.974514    4.485631e+01
0:   578    1.158684e+05    0.970934    4.355252e+01
0:   579    1.187097e+05    1.024522    4.462050e+01
0:   580    1.192310e+05    1.004391    4.481644e+01
0:   581    1.228255e+05    1.030147    4.616754e+01
0:   582    1.261922e+05    1.027411    4.743303e+01
0:   583    1.308472e+05    1.036888    4.918272e+01
0:   584    1.408772e+05    1.076654    5.295279e+01
0:   585    1.526822e+05    1.083797    5.739006e+01
0:   586    1.651076e+05    1.081381    6.206049e+01
0:   587    1.772988e+05    1.073838    6.664293e+01
0:   588    1.922221e+05    1.084170    7.225228e+01
0:   589    2.088947e+05    1.086736    7.851915e+01
0:   590    2.241493e+05    1.073025    8.425303e+01
0:   591    2.351044e+05    1.048874    8.837084e+01
0:   592    2.400466e+05    1.021021    9.022849e+01
0: gamma -9.094412e+07alpha -1.068850e-03  593    2.382334e+05    0.992446    8.954695e+01
0:   594    2.300032e+05    0.965453    8.645338e+01
0:   595    2.168306e+05    0.942729    8.150208e+01
0:   596    2.003494e+05    0.923991    7.530716e+01
0:   597    1.851869e+05    0.924320    6.960788e+01
0:   598    1.741818e+05    0.940573    6.547129e+01
0:   599    1.678930e+05    0.963895    6.310748e+01
0:   600    1.682049e+05    1.001858    6.322471e+01
0:   601    1.718610e+05    1.021736    6.459894e+01
0:   602    1.773378e+05    1.031868    6.665759e+01
0:   603    1.851566e+05    1.044090    6.959651e+01
0:   604    1.934827e+05    1.044968    7.272610e+01
0:   605    2.017032e+05    1.042487    7.581602e+01
0:   606    2.084917e+05    1.033656    7.836766e+01
0:   607    2.126422e+05    1.019907    7.992774e+01
0:   608    2.136617e+05    1.004795    8.031098e+01
0: gamma -4.455542e+07alpha -5.744994e-03  609    2.117381e+05    0.990997    7.958792e+01
0:   610    2.072235e+05    0.978678    7.789096e+01
0:   611    2.004470e+05    0.967299    7.534385e+01
0:   612    1.924855e+05    0.960281    7.235129e+01
0:   613    1.843356e+05    0.957660    6.928791e+01
0:   614    1.762551e+05    0.956164    6.625062e+01
0:   615    1.682979e+05    0.954854    6.325965e+01
0:   616    1.605564e+05    0.954001    6.034978e+01
0:   617    1.552024e+05    0.966654    5.833733e+01
0:   618    1.529507e+05    0.985492    5.749096e+01
0:   619    1.557544e+05    1.018331    5.854484e+01
0:   620    1.629825e+05    1.046407    6.126173e+01
0:   621    1.749128e+05    1.073200    6.574606e+01
0:   622    1.889847e+05    1.080451    7.103541e+01
0:   623    2.037480e+05    1.078119    7.658462e+01
0:   624    2.169346e+05    1.064720    8.154116e+01
0:   625    2.248129e+05    1.036317    8.450247e+01
0:   626    2.256488e+05    1.003718    8.481667e+01
0: gamma -4.339087e+07alpha -2.275426e-02  627    2.196370e+05    0.973358    8.255696e+01
0:   628    2.081467e+05    0.947685    7.823798e+01
0:   629    1.930357e+05    0.927402    7.255808e+01
0:   630    1.771496e+05    0.917704    6.658683e+01
0:   631    1.638957e+05    0.925182    6.160496e+01
0:   632    1.522675e+05    0.929052    5.723418e+01
0:   633    1.432337e+05    0.940671    5.383855e+01
0:   634    1.351039e+05    0.943241    5.078274e+01
0:   635    1.298387e+05    0.961028    4.880366e+01
0:   636    1.292128e+05    0.995179    4.856840e+01
0:   637    1.328112e+05    1.027849    4.992097e+01
0:   638    1.385791e+05    1.043429    5.208898e+01
0:   639    1.470826e+05    1.061363    5.528529e+01
0:   640    1.561730e+05    1.061805    5.870217e+01
0:   641    1.692490e+05    1.083728    6.361716e+01
0:   642    1.832218e+05    1.082558    6.886924e+01
0:   643    1.981435e+05    1.081440    7.447798e+01
0:   644    2.112885e+05    1.066341    7.941892e+01
0:   645    2.186337e+05    1.034764    8.217984e+01
0: gamma -1.949599e+07alpha -1.266637e-04  646    2.183238e+05    0.998583    8.206336e+01
0:   647    2.104959e+05    0.964146    7.912102e+01
0:   648    1.965780e+05    0.933880    7.388955e+01
0:   649    1.813639e+05    0.922605    6.817088e+01
0:   650    1.678734e+05    0.925616    6.310008e+01
0:   651    1.584658e+05    0.943960    5.956397e+01
0:   652    1.534058e+05    0.968069    5.766202e+01
0:   653    1.525783e+05    0.994606    5.735100e+01
0:   654    1.568853e+05    1.028228    5.896992e+01
0:   655    1.630973e+05    1.039595    6.130486e+01
0:   656    1.712802e+05    1.050172    6.438063e+01
0:   657    1.808718e+05    1.056000    6.798594e+01
0:   658    1.913073e+05    1.057696    7.190843e+01
0:   659    2.012976e+05    1.052221    7.566357e+01
0:   660    2.096237e+05    1.041362    7.879315e+01
0:   661    2.159022e+05    1.029952    8.115313e+01
0:   662    2.198891e+05    1.018466    8.265171e+01
0:   663    2.210022e+05    1.005062    8.307010e+01
0: gamma -4.558542e+07alpha -5.721382e-03  664    2.189705e+05    0.990807    8.230644e+01
0:   665    2.139369e+05    0.977013    8.041442e+01
0:   666    2.072428e+05    0.968710    7.789823e+01
0:   667    1.997543e+05    0.963866    7.508345e+01
0:   668    1.934356e+05    0.968368    7.270838e+01
0:   669    1.898652e+05    0.981542    7.136636e+01
0:   670    1.881231e+05    0.990824    7.071153e+01
0:   671    1.909880e+05    1.015229    7.178838e+01
0:   672    1.982701e+05    1.038129    7.452560e+01
0:   673    2.100605e+05    1.059466    7.895734e+01
0:   674    2.227753e+05    1.060530    8.373659e+01
0:   675    2.328167e+05    1.045074    8.751093e+01
0:   676    2.378199e+05    1.021490    8.939152e+01
0: gamma -2.216301e+07alpha -2.116622e-04  677    2.374736e+05    0.998544    8.926137e+01
0:   678    2.322228e+05    0.977889    8.728770e+01
0:   679    2.234824e+05    0.962362    8.400236e+01
0:   680    2.134431e+05    0.955078    8.022880e+01
0:   681    2.022900e+05    0.947747    7.603657e+01
0:   682    1.908752e+05    0.943572    7.174598e+01
0:   683    1.827999e+05    0.957693    6.871064e+01
0:   684    1.794947e+05    0.981919    6.746829e+01
0:   685    1.787553e+05    0.995881    6.719036e+01
0:   686    1.812953e+05    1.014209    6.814511e+01
0:   687    1.862186e+05    1.027157    6.999569e+01
0:   688    1.957597e+05    1.051236    7.358198e+01
0:   689    2.089455e+05    1.067357    7.853823e+01
0:   690    2.228075e+05    1.066343    8.374867e+01
0:   691    2.348893e+05    1.054225    8.828999e+01
0:   692    2.411505e+05    1.026656    9.064342e+01
0: gamma -1.130733e+08alpha -1.167037e-03  693    2.385656e+05    0.989281    8.967183e+01
0:   694    2.275389e+05    0.953779    8.552710e+01
0:   695    2.105990e+05    0.925552    7.915976e+01
0:   696    1.916088e+05    0.909827    7.202172e+01
0:   697    1.729380e+05    0.902558    6.500376e+01
0:   698    1.565401e+05    0.905181    5.884016e+01
0:   699    1.442779e+05    0.921667    5.423105e+01
0:   700    1.381228e+05    0.957338    5.191747e+01
0:   701    1.353031e+05    0.979585    5.085759e+01
0:   702    1.342745e+05    0.992398    5.047097e+01
0:   703    1.358557e+05    1.011776    5.106532e+01
0:   704    1.347961e+05    0.992201    5.066705e+01
0:   705    1.385947e+05    1.028180    5.209484e+01
0:   706    1.448041e+05    1.044802    5.442882e+01
0:   707    1.559384e+05    1.076892    5.861397e+01
0:   708    1.669744e+05    1.070771    6.276217e+01
0:   709    1.817550e+05    1.088520    6.831789e+01
0:   710    1.995258e+05    1.097774    7.499759e+01
0:   711    2.174991e+05    1.090080    8.175336e+01
0:   712    2.353329e+05    1.081995    8.845670e+01
0:   713    2.470475e+05    1.049779    9.285999e+01
0:   714    2.501094e+05    1.012394    9.401089e+01
0: gamma -1.285112e+08alpha -5.998174e-03  715    2.441210e+05    0.976057    9.175996e+01
0:   716    2.316210e+05    0.948796    8.706148e+01
0:   717    2.170862e+05    0.937247    8.159815e+01
0:   718    2.024789e+05    0.932712    7.610760e+01
0:   719    1.882949e+05    0.929948    7.077612e+01
0:   720    1.780009e+05    0.945330    6.690682e+01
0:   721    1.723796e+05    0.968420    6.479390e+01
0:   722    1.724945e+05    1.000666    6.483708e+01
0:   723    1.770096e+05    1.026175    6.653421e+01
0:   724    1.875344e+05    1.059459    7.049027e+01
0:   725    2.024107e+05    1.079326    7.608195e+01
0:   726    2.181027e+05    1.077525    8.198023e+01
0:   727    2.344559e+05    1.074980    8.812706e+01
0:   728    2.485355e+05    1.060052    9.341931e+01
0:   729    2.575853e+05    1.036412    9.682091e+01
0:   730    2.600508e+05    1.009572    9.774764e+01
0: gamma -1.146233e+08alpha -6.262048e-03  731    2.549419e+05    0.980354    9.582733e+01
0:   732    2.439694e+05    0.956961    9.170300e+01
0:   733    2.301504e+05    0.943358    8.650872e+01
0:   734    2.167352e+05    0.941711    8.146622e+01
0:   735    2.069733e+05    0.954959    7.779692e+01
0:   736    2.012349e+05    0.972275    7.563997e+01
0:   737    2.034902e+05    1.011207    7.648770e+01
0:   738    2.103956e+05    1.033935    7.908332e+01
0:   739    2.181062e+05    1.036648    8.198156e+01
0:   740    2.272846e+05    1.042082    8.543155e+01
0:   741    2.378697e+05    1.046572    8.941026e+01
0:   742    2.469922e+05    1.038351    9.283919e+01
0:   743    2.544427e+05    1.030165    9.563969e+01
0:   744    2.595342e+05    1.020011    9.755349e+01
0:   745    2.614938e+05    1.007550    9.829006e+01
0: gamma -6.065540e+07alpha -2.390066e-03  746    2.599700e+05    0.994173    9.771728e+01
0:   747    2.552484e+05    0.981838    9.594252e+01
0:   748    2.475125e+05    0.969693    9.303475e+01
0:   749    2.377097e+05    0.960395    8.935012e+01
0:   750    2.266931e+05    0.953655    8.520919e+01
0:   751    2.142158e+05    0.944960    8.051924e+01
0:   752    2.013504e+05    0.939942    7.568342e+01
0:   753    1.887468e+05    0.937405    7.094598e+01
0:   754    1.792340e+05    0.949600    6.737033e+01
0:   755    1.717497e+05    0.958242    6.455710e+01
0:   756    1.684657e+05    0.980879    6.332274e+01
0:   757    1.662462e+05    0.986825    6.248848e+01
0:   758    1.691941e+05    1.017732    6.359653e+01
0:   759    1.776089e+05    1.049734    6.675946e+01
0:   760    1.924847e+05    1.083756    7.235095e+01
0:   761    2.093545e+05    1.087642    7.869197e+01
0:   762    2.278112e+05    1.088160    8.562947e+01
0:   763    2.451923e+05    1.076296    9.216264e+01
0:   764    2.574705e+05    1.050076    9.677776e+01
0:   765    2.611146e+05    1.014153    9.814750e+01
0: gamma -1.483031e+08alpha -4.652728e-03  766    2.557560e+05    0.979478    9.613332e+01
0:   767    2.426108e+05    0.948603    9.119234e+01
0:   768    2.242689e+05    0.924398    8.429798e+01
0:   769    2.027169e+05    0.903901    7.619703e+01
0:   770    1.819687e+05    0.897649    6.839821e+01
0:   771    1.650951e+05    0.907272    6.205581e+01
0:   772    1.487024e+05    0.900707    5.589413e+01
0:   773    1.376007e+05    0.925343    5.172121e+01
0:   774    1.272814e+05    0.925006    4.784243e+01
0:   775    1.197690e+05    0.940978    4.501867e+01
0:   776    1.157914e+05    0.966789    4.352356e+01
0:   777    1.155860e+05    0.998226    4.344635e+01
0:   778    1.157820e+05    1.001696    4.352004e+01
0:   779    1.150933e+05    0.994052    4.326116e+01
0:   780    1.153998e+05    1.002663    4.337637e+01
0:   781    1.147823e+05    0.994649    4.314426e+01
0:   782    1.215695e+05    1.059131    4.569542e+01
0:   783    1.309421e+05    1.077097    4.921840e+01
0:   784    1.419625e+05    1.084162    5.336074e+01
0:   785    1.568358e+05    1.104769    5.895128e+01
0:   786    1.766368e+05    1.126253    6.639407e+01
0:   787    1.971602e+05    1.116190    7.410838e+01
0:   788    2.186520e+05    1.109007    8.218672e+01
0:   789    2.378860e+05    1.087966    8.941638e+01
0:   790    2.526996e+05    1.062272    9.498451e+01
0:   791    2.599402e+05    1.028653    9.770607e+01
0: gamma -9.845516e+07alpha -7.064004e-04  792    2.581686e+05    0.993185    9.704016e+01
0:   793    2.477202e+05    0.959529    9.311285e+01
0:   794    2.314377e+05    0.934271    8.699261e+01
0:   795    2.120770e+05    0.916346    7.971531e+01
0:   796    1.917150e+05    0.903988    7.206168e+01
0:   797    1.727697e+05    0.901180    6.494053e+01
0:   798    1.580122e+05    0.914582    5.939347e+01
0:   799    1.447651e+05    0.916164    5.441417e+01
0:   800    1.361716e+05    0.940639    5.118406e+01
0:   801    1.307381e+05    0.960098    4.914173e+01
0:   802    1.243634e+05    0.951241    4.674561e+01
0:   803    1.217407e+05    0.978911    4.575977e+01
0:   804    1.216409e+05    0.999181    4.572228e+01
0:   805    1.245839e+05    1.024194    4.682848e+01
0:   806    1.243792e+05    0.998357    4.675153e+01
0:   807    1.259104e+05    1.012311    4.732708e+01
0:   808    1.250572e+05    0.993224    4.700640e+01
0:   809    1.246343e+05    0.996618    4.684742e+01
0:   810    1.240327e+05    0.995174    4.662131e+01
0:   811    1.260035e+05    1.015889    4.736210e+01
0:   812    1.274939e+05    1.011828    4.792230e+01
0:   813    1.328393e+05    1.041926    4.993150e+01
0:   814    1.413135e+05    1.063793    5.311680e+01
0:   815    1.493819e+05    1.057096    5.614954e+01
0:   816    1.596292e+05    1.068598    6.000126e+01
0:   817    1.712707e+05    1.072929    6.437709e+01
0:   818    1.835091e+05    1.071456    6.897724e+01
0:   819    1.923790e+05    1.048335    7.231123e+01
0:   820    1.965036e+05    1.021440    7.386158e+01
0: gamma -7.153209e+07alpha -1.584968e-03  821    1.941692e+05    0.988120    7.298412e+01
0:   822    1.852463e+05    0.954046    6.963020e+01
0:   823    1.718328e+05    0.927591    6.458836e+01
0:   824    1.560769e+05    0.908307    5.866604e+01
0:   825    1.414748e+05    0.906443    5.317743e+01
0:   826    1.304121e+05    0.921805    4.901920e+01
0:   827    1.224471e+05    0.938924    4.602530e+01
0:   828    1.134068e+05    0.926170    4.262723e+01
0:   829    1.066616e+05    0.940523    4.009187e+01
0:   830    1.032677e+05    0.968180    3.881615e+01
0:   831    1.018007e+05    0.985794    3.826474e+01
0:   832    9.933070e+04    0.975737    3.733633e+01
0:   833    9.694321e+04    0.975964    3.643892e+01
0:   834    9.718035e+04    1.002446    3.652806e+01
0:   835    9.844256e+04    1.012988    3.700250e+01
0:   836    9.759884e+04    0.991429    3.668536e+01
0:   837    9.831488e+04    1.007337    3.695451e+01
0:   838    1.000619e+05    1.017769    3.761116e+01
0:   839    1.021602e+05    1.020971    3.839989e+01
0:   840    1.056982e+05    1.034632    3.972974e+01
0:   841    1.074326e+05    1.016409    4.038166e+01
0:   842    1.107536e+05    1.030913    4.162995e+01
0:   843    1.121682e+05    1.012773    4.216167e+01
0:   844    1.173931e+05    1.046581    4.412562e+01
0:   845    1.291101e+05    1.099809    4.852977e+01
0:   846    1.423144e+05    1.102272    5.349300e+01
0:   847    1.566173e+05    1.100502    5.886918e+01
0:   848    1.719585e+05    1.097953    6.463561e+01
0:   849    1.875979e+05    1.090948    7.051412e+01
0:   850    2.014651e+05    1.073920    7.572651e+01
0:   851    2.108417e+05    1.046542    7.925100e+01
0:   852    2.133704e+05    1.011993    8.020146e+01
0: gamma -9.078175e+07alpha -6.140308e-03  853    2.080729e+05    0.975173    7.821026e+01
0:   854    1.961971e+05    0.942925    7.374638e+01
0:   855    1.806031e+05    0.920519    6.788492e+01
0:   856    1.636327e+05    0.906035    6.150610e+01
0:   857    1.461190e+05    0.892970    5.492308e+01
0:   858    1.303939e+05    0.892381    4.901233e+01
0:   859    1.198268e+05    0.918960    4.504039e+01
0:   860    1.142029e+05    0.953066    4.292648e+01
0:   861    1.086084e+05    0.951013    4.082363e+01
0:   862    1.031864e+05    0.950077    3.878560e+01
0:   863    9.900236e+04    0.959452    3.721292e+01
0:   864    9.705992e+04    0.980380    3.648279e+01
0:   865    9.973246e+04    1.027535    3.748735e+01
0:   866    1.002835e+05    1.005526    3.769449e+01
0:   867    1.013187e+05    1.010322    3.808356e+01
0:   868    1.045310e+05    1.031706    3.929103e+01
0:   869    1.057634e+05    1.011789    3.975424e+01
0:   870    1.060749e+05    1.002945    3.987132e+01
0:   871    1.099754e+05    1.036772    4.133746e+01
0:   872    1.162096e+05    1.056687    4.368077e+01
0:   873    1.258635e+05    1.083073    4.730945e+01
0:   874    1.358963e+05    1.079712    5.108056e+01
0:   875    1.483696e+05    1.091786    5.576905e+01
0:   876    1.621258e+05    1.092715    6.093968e+01
0:   877    1.766428e+05    1.089542    6.639633e+01
0:   878    1.889446e+05    1.069642    7.102033e+01
0:   879    1.956387e+05    1.035429    7.353649e+01
0:   880    1.958896e+05    1.001282    7.363079e+01
0: gamma -1.293352e+07alpha -8.252085e-02  881    1.891117e+05    0.965400    7.108315e+01
0:   882    1.765045e+05    0.933334    6.634435e+01
0:   883    1.613231e+05    0.913988    6.063797e+01
0:   884    1.450259e+05    0.898978    5.451220e+01
0:   885    1.296646e+05    0.894079    4.873823e+01
0:   886    1.180002e+05    0.910042    4.435381e+01
0:   887    1.110600e+05    0.941184    4.174511e+01
0:   888    1.071786e+05    0.965051    4.028618e+01
0:   889    1.057864e+05    0.987011    3.976291e+01
0:   890    1.044265e+05    0.987145    3.925175e+01
0:   891    1.019773e+05    0.976546    3.833115e+01
0:   892    1.068413e+05    1.047696    4.015940e+01
0:   893    1.102946e+05    1.032322    4.145743e+01
0:   894    1.136743e+05    1.030642    4.272779e+01
0:   895    1.180811e+05    1.038767    4.438422e+01
0:   896    1.273048e+05    1.078113    4.785122e+01
0:   897    1.406409e+05    1.104757    5.286397e+01
0:   898    1.538879e+05    1.094190    5.784325e+01
0:   899    1.698964e+05    1.104027    6.386050e+01
0:   900    1.865580e+05    1.098069    7.012326e+01
0:   901    2.012070e+05    1.078522    7.562949e+01
0:   902    2.132711e+05    1.059959    8.016415e+01
0:   903    2.176426e+05    1.020497    8.180729e+01
0: gamma -1.202440e+08alpha -2.890313e-03  904    2.133027e+05    0.980060    8.017603e+01
0:   905    2.015100e+05    0.944714    7.574341e+01
0:   906    1.857951e+05    0.922014    6.983649e+01
0:   907    1.682502e+05    0.905568    6.324172e+01
0:   908    1.537723e+05    0.913951    5.779981e+01
0:   909    1.429624e+05    0.929701    5.373656e+01
0:   910    1.346437e+05    0.941812    5.060975e+01
0:   911    1.266756e+05    0.940821    4.761472e+01
0:   912    1.219016e+05    0.962313    4.582024e+01
0:   913    1.183176e+05    0.970599    4.447309e+01
0:   914    1.198200e+05    1.012698    4.503783e+01
0:   915    1.233234e+05    1.029239    4.635467e+01
0:   916    1.241692e+05    1.006858    4.667259e+01
0:   917    1.251234e+05    1.007685    4.703127e+01
0:   918    1.279041e+05    1.022224    4.807648e+01
0:   919    1.338402e+05    1.046410    5.030773e+01
0:   920    1.379907e+05    1.031011    5.186782e+01
0:   921    1.444256e+05    1.046632    5.428654e+01
0:   922    1.542900e+05    1.068301    5.799440e+01
0:   923    1.646995e+05    1.067467    6.190710e+01
0:   924    1.774450e+05    1.077386    6.669786e+01
0:   925    1.926608e+05    1.085749    7.241716e+01
0:   926    2.086863e+05    1.083180    7.844082e+01
0:   927    2.216543e+05    1.062141    8.331522e+01
0:   928    2.279439e+05    1.028376    8.567935e+01
0: gamma -1.337867e+08alpha -1.399850e-03  929    2.247399e+05    0.985944    8.447501e+01
0:   930    2.124992e+05    0.945534    7.987400e+01
0:   931    1.943757e+05    0.914713    7.306176e+01
0:   932    1.740654e+05    0.895510    6.542755e+01
0:   933    1.552924e+05    0.892150    5.837116e+01
0:   934    1.393239e+05    0.897171    5.236894e+01
0:   935    1.279370e+05    0.918270    4.808883e+01
0:   936    1.202113e+05    0.939613    4.518490e+01
0:   937    1.161658e+05    0.966347    4.366429e+01
0:   938    1.163093e+05    1.001235    4.371823e+01
0:   939    1.165574e+05    1.002133    4.381147e+01
0:   940    1.177097e+05    1.009886    4.424461e+01
0:   941    1.202891e+05    1.021913    4.521414e+01
0:   942    1.265859e+05    1.052347    4.758099e+01
0:   943    1.341883e+05    1.060057    5.043858e+01
0:   944    1.453256e+05    1.082998    5.462486e+01
0:   945    1.600151e+05    1.101080    6.014633e+01
0:   946    1.762712e+05    1.101591    6.625664e+01
0:   947    1.933592e+05    1.096942    7.267968e+01
0:   948    2.113243e+05    1.092911    7.943239e+01
0:   949    2.249003e+05    1.064243    8.453533e+01
0:   950    2.306642e+05    1.025629    8.670185e+01
0: gamma -1.076666e+08alpha -1.366178e-03  951    2.280311e+05    0.988585    8.571213e+01
0:   952    2.176585e+05    0.954512    8.181327e+01
0:   953    2.029174e+05    0.932274    7.627241e+01
0:   954    1.870127e+05    0.921620    7.029417e+01
0:   955    1.726477e+05    0.923187    6.489467e+01
0:   956    1.594810e+05    0.923737    5.994559e+01
0:   957    1.496736e+05    0.938504    5.625918e+01
0:   958    1.417304e+05    0.946930    5.327348e+01
0:   959    1.371432e+05    0.967635    5.154926e+01
0:   960    1.343806e+05    0.979856    5.051084e+01
0:   961    1.379537e+05    1.026589    5.185389e+01
0:   962    1.449460e+05    1.050686    5.448218e+01
0:   963    1.554065e+05    1.072168    5.841404e+01
0:   964    1.688081e+05    1.086236    6.345142e+01
0:   965    1.837387e+05    1.088447    6.906352e+01
0:   966    1.995656e+05    1.086139    7.501255e+01
0:   967    2.169135e+05    1.086928    8.153326e+01
0:   968    2.306882e+05    1.063503    8.671086e+01
0:   969    2.380880e+05    1.032077    8.949232e+01
0: gamma -3.571545e+07alpha -2.652517e-04  970    2.373978e+05    0.997101    8.923286e+01
0:   971    2.289253e+05    0.964311    8.604824e+01
0:   972    2.157511e+05    0.942452    8.109631e+01
0:   973    1.995391e+05    0.924858    7.500257e+01
0:   974    1.840306e+05    0.922278    6.917324e+01
0:   975    1.685660e+05    0.915967    6.336043e+01
0:   976    1.551374e+05    0.920336    5.831292e+01
0:   977    1.450332e+05    0.934869    5.451494e+01
0:   978    1.378269e+05    0.950313    5.180623e+01
0:   979    1.339924e+05    0.972179    5.036493e+01
0:   980    1.319761e+05    0.984952    4.960706e+01
0:   981    1.315941e+05    0.997106    4.946348e+01
0:   982    1.347626e+05    1.024078    5.065445e+01
0:   983    1.346286e+05    0.999005    5.060407e+01
0:   984    1.357080e+05    1.008018    5.100980e+01
0:   985    1.371260e+05    1.010449    5.154281e+01
0:   986    1.435722e+05    1.047009    5.396579e+01
0:   987    1.524935e+05    1.062138    5.731911e+01
0:   988    1.657289e+05    1.086794    6.229404e+01
0:   989    1.816036e+05    1.095787    6.826098e+01
0:   990    1.990174e+05    1.095889    7.480646e+01
0:   991    2.174769e+05    1.092753    8.174500e+01
0:   992    2.367118e+05    1.088446    8.897500e+01
0:   993    2.523462e+05    1.066048    9.485166e+01
0:   994    2.604376e+05    1.032065    9.789306e+01
0: gamma -6.771937e+07alpha -4.085306e-04  995    2.592963e+05    0.995617    9.746404e+01
0:   996    2.492053e+05    0.961083    9.367105e+01
0:   997    2.335804e+05    0.937301    8.779799e+01
0:   998    2.156313e+05    0.923157    8.105129e+01
0:   999    1.973101e+05    0.915035    7.416473e+01
0:  1000    1.819436e+05    0.922120    6.838879e+01
0: 
0: 
0: =============================================
0: Solve phase times:
0: =============================================
0: PCG Solve:
0:   wall clock time = 0.892392 seconds
0:   wall MFLOPS     = 0.000000
0:   cpu clock time  = 0.936614 seconds
0:   cpu MFLOPS      = 0.000000
0: 
0: 
0: Iterations = 1000
0: Final Relative Residual Norm = 6.838879e+01
0: 
0: Global matrix size: 384 x 384 x 384
0: 125pt 3D Laplacian
0: =============================================
0: Hypre init times:
0: =============================================
0: Hypre init:
0:   wall clock time = 0.138523 seconds
0:   wall MFLOPS     = 0.000000
0:   cpu clock time  = 0.128933 seconds
0:   cpu MFLOPS      = 0.000000
0: 
0: 
0: Using HYPRE_DEVELOP_STRING: v3.1.0-1-g5f6c9306d (branch v3.1.0_thrusthipbugfix; not the develop branch)
0: 
0: Running with these driver parameters:
0:   solver ID    = 2
0: 
0:   Laplacian_125pt:
0:     (nx, ny, nz) = (384, 384, 384)
0:     (Px, Py, Pz) = (2, 2, 2)
0: 
0: =============================================
0: Generate Matrix:
0: =============================================
0: Spatial Operator:
0:   wall clock time = 3.903786 seconds
0:   wall MFLOPS     = 0.000000
0:   cpu clock time  = 3.962875 seconds
0:   cpu MFLOPS      = 0.000000
0: 
0:   Number of vector components: 1
0:   RHS vector has unit coefficients
0:   Initial guess is 0
0: =============================================
0: IJ Vector Setup:
0: =============================================
0: RHS and Initial Guess:
0:   wall clock time = 0.071185 seconds
0:   wall MFLOPS     = 0.000000
0:   cpu clock time  = 0.070430 seconds
0:   cpu MFLOPS      = 0.000000
0: 
0: Solver: DS-PCG
0: HYPRE_ParCSRPCGGetPrecond got good precond
0: =============================================
0: Setup phase times:
0: =============================================
0: PCG Setup:
0:   wall clock time = 0.000182 seconds
0:   wall MFLOPS     = 0.000000
0:   cpu clock time  = 0.000181 seconds
0:   cpu MFLOPS      = 0.000000
0: 
0: <b,b>: 5.662310e+07
0: 
0: 
0: Iters       ||r||_2     conv.rate  ||r||_2/||b||_2
0: -----    ------------   ---------  ------------ 
0:     1    1.297322e+05    17.240546    1.724055e+01
0:     2    1.592279e+05    1.227358    2.116032e+01
0:     3    1.705715e+05    1.071242    2.266782e+01
0:     4    1.808909e+05    1.060499    2.403920e+01
0:     5    1.895976e+05    1.048132    2.519625e+01
0:     6    1.940511e+05    1.023490    2.578810e+01
0:     7    1.990978e+05    1.026007    2.645877e+01
0:     8    2.047963e+05    1.028622    2.721607e+01
0:     9    2.094611e+05    1.022778    2.783598e+01
0:    10    2.135310e+05    1.019430    2.837685e+01
0:    11    2.174968e+05    1.018572    2.890387e+01
0:    12    2.212703e+05    1.017350    2.940534e+01
0:    13    2.250771e+05    1.017204    2.991124e+01
0:    14    2.291400e+05    1.018051    3.045118e+01
0:    15    2.332307e+05    1.017852    3.099480e+01
0:    16    2.372859e+05    1.017387    3.153371e+01
0:    17    2.415154e+05    1.017824    3.209578e+01
0:    18    2.461974e+05    1.019386    3.271799e+01
0:    19    2.515314e+05    1.021665    3.342684e+01
0:    20    2.578580e+05    1.025153    3.426761e+01
0:    21    2.656408e+05    1.030183    3.530189e+01
0:    22    2.757435e+05    1.038031    3.664447e+01
0:    23    2.891309e+05    1.048550    3.842356e+01
0:    24    3.069103e+05    1.061493    4.078633e+01
0:    25    3.303504e+05    1.076374    4.390136e+01
0:    26    3.605868e+05    1.091528    4.791958e+01
0:    27    3.980161e+05    1.103801    5.289369e+01
0:    28    4.415896e+05    1.109477    5.868431e+01
0:    29    4.880865e+05    1.105294    6.486344e+01
0:    30    5.317426e+05    1.089443    7.066505e+01
0:    31    5.649632e+05    1.062475    7.507984e+01
0:    32    5.806052e+05    1.027687    7.715855e+01
0: gamma -6.296184e+08alpha -1.061053e-03   33    5.750718e+05    0.990470    7.642320e+01
0:    34    5.502757e+05    0.956882    7.312797e+01
0:    35    5.129069e+05    0.932091    6.816190e+01
0:    36    4.716380e+05    0.919539    6.267754e+01
0:    37    4.342948e+05    0.920822    5.771488e+01
0:    38    4.063814e+05    0.935727    5.400537e+01
0:    39    3.907929e+05    0.961641    5.193377e+01
0:    40    3.882638e+05    0.993528    5.159767e+01
0:    41    3.981022e+05    1.025339    5.290512e+01
0:    42    4.188091e+05    1.052014    5.565693e+01
0:    43    4.482707e+05    1.070346    5.957218e+01
0:    44    4.837107e+05    1.079059    6.428192e+01
0:    45    5.213562e+05    1.077827    6.928476e+01
0:    46    5.562679e+05    1.066963    7.392429e+01
0:    47    5.827044e+05    1.047525    7.743753e+01
0:    48    5.954126e+05    1.021809    7.912636e+01
0: gamma -4.797642e+08alpha -9.131085e-04   49    5.915179e+05    0.993459    7.860878e+01
0:    50    5.721074e+05    0.967185    7.602925e+01
0:    51    5.424205e+05    0.948109    7.208406e+01
0:    52    5.103430e+05    0.940862    6.782118e+01
0:    53    4.839447e+05    0.948273    6.431302e+01
0:    54    4.690916e+05    0.969308    6.233914e+01
0:    55    4.680013e+05    0.997676    6.219425e+01
0:    56    4.792519e+05    1.024040    6.368938e+01
0:    57    4.991020e+05    1.041419    6.632732e+01
0:    58    5.230058e+05    1.047894    6.950398e+01
0:    59    5.466145e+05    1.045140    7.264142e+01
0:    60    5.662229e+05    1.035872    7.524724e+01
0:    61    5.790241e+05    1.022608    7.694844e+01
0:    62    5.833005e+05    1.007385    7.751674e+01
0: gamma -4.033178e+08alpha -3.397125e-03   63    5.785799e+05    0.991907    7.688940e+01
0:    64    5.656922e+05    0.977725    7.517672e+01
0:    65    5.466944e+05    0.966417    7.265203e+01
0:    66    5.246358e+05    0.959651    6.972059e+01
0:    67    5.030650e+05    0.958884    6.685399e+01
0:    68    4.862910e+05    0.966656    6.462483e+01
0:    69    4.825875e+05    0.992384    6.413265e+01
0:    70    5.013721e+05    1.038925    6.662901e+01
0:    71    5.164174e+05    1.030008    6.862843e+01
0:    72    5.521592e+05    1.069211    7.337827e+01
0:    73    5.880740e+05    1.065044    7.815111e+01
0:    74    6.092325e+05    1.035979    8.096293e+01
0:    75    6.184959e+05    1.015205    8.219398e+01
0: gamma -5.932927e+08alpha -2.046729e-03   76    6.127912e+05    0.990776    8.143585e+01
0:    77    5.872235e+05    0.958277    7.803809e+01
0:    78    5.564247e+05    0.947552    7.394512e+01
0:    79    5.251796e+05    0.943847    6.979286e+01
0:    80    4.784151e+05    0.910955    6.357818e+01
0:    81    4.565770e+05    0.954353    6.067603e+01
0:    82    4.259516e+05    0.932924    5.660613e+01
0:    83    3.958913e+05    0.929428    5.261131e+01
0:    84    3.944244e+05    0.996295    5.241637e+01
0:    85    3.818378e+05    0.968089    5.074370e+01
0:    86    3.767695e+05    0.986726    5.007014e+01
0:    87    3.914564e+05    1.038981    5.202194e+01
0:    88    4.113482e+05    1.050815    5.466543e+01
0:    89    4.385334e+05    1.066088    5.827816e+01
0:    90    4.767953e+05    1.087250    6.336292e+01
0:    91    5.227450e+05    1.096372    6.946933e+01
0:    92    5.757072e+05    1.101315    7.650764e+01
0:    93    6.244719e+05    1.084704    8.298815e+01
0:    94    6.562800e+05    1.050936    8.721523e+01
0:    95    6.660238e+05    1.014847    8.851012e+01
0: gamma -1.064758e+09alpha -4.358023e-03   96    6.511408e+05    0.977654    8.653226e+01
0:    97    6.150731e+05    0.944609    8.173911e+01
0:    98    5.719710e+05    0.929924    7.601113e+01
0:    99    5.320106e+05    0.930136    7.070065e+01
0:   100    4.946787e+05    0.929829    6.573950e+01
0:   101    4.585555e+05    0.926976    6.093896e+01
0:   102    4.355152e+05    0.949755    5.787706e+01
0:   103    4.372511e+05    1.003986    5.810775e+01
0:   104    4.605942e+05    1.053386    6.120990e+01
0:   105    4.908891e+05    1.065774    6.523589e+01
0:   106    5.179773e+05    1.055182    6.883573e+01
0:   107    5.464035e+05    1.054879    7.261338e+01
0:   108    5.799469e+05    1.061389    7.707107e+01
0:   109    6.163923e+05    1.062843    8.191442e+01
0:   110    6.476734e+05    1.050749    8.607147e+01
0:   111    6.648034e+05    1.026449    8.834794e+01
0:   112    6.652356e+05    1.000650    8.840538e+01
0: gamma -8.196623e+07alpha -1.102688e-01  113    6.509591e+05    0.978539    8.650812e+01
0:   114    6.240490e+05    0.958661    8.293195e+01
0:   115    5.885806e+05    0.943164    7.821844e+01
0:   116    5.541037e+05    0.941424    7.363668e+01
0:   117    5.316056e+05    0.959397    7.064684e+01
0:   118    5.263086e+05    0.990036    6.994290e+01
0:   119    5.380238e+05    1.022259    7.149976e+01
0:   120    5.630718e+05    1.046556    7.482848e+01
0:   121    5.941531e+05    1.055200    7.895898e+01
0:   122    6.227871e+05    1.048193    8.276425e+01
0:   123    6.438077e+05    1.033752    8.555774e+01
0:   124    6.556358e+05    1.018372    8.712961e+01
0:   125    6.578838e+05    1.003429    8.742837e+01
0: gamma -3.884669e+08alpha -1.047208e-02  126    6.498858e+05    0.987843    8.636548e+01
0:   127    6.314288e+05    0.971600    8.391267e+01
0:   128    6.046242e+05    0.957549    8.035052e+01
0:   129    5.740879e+05    0.949495    7.629245e+01
0:   130    5.449857e+05    0.949307    7.242496e+01
0:   131    5.208871e+05    0.955781    6.922242e+01
0:   132    5.041557e+05    0.967879    6.699893e+01
0:   133    4.963351e+05    0.984488    6.595962e+01
0:   134    4.985265e+05    1.004415    6.625085e+01
0:   135    5.111826e+05    1.025387    6.793276e+01
0:   136    5.355594e+05    1.047687    7.117227e+01
0:   137    5.713698e+05    1.066865    7.593123e+01
0:   138    6.139688e+05    1.074556    8.159236e+01
0:   139    6.537437e+05    1.064783    8.687818e+01
0:   140    6.842616e+05    1.046682    9.093380e+01
0:   141    6.978012e+05    1.019787    9.273312e+01
0: gamma -9.927844e+08alpha -2.603540e-03  142    6.865791e+05    0.983918    9.124178e+01
0:   143    6.569360e+05    0.956825    8.730241e+01
0:   144    6.126643e+05    0.932609    8.141899e+01
0:   145    5.703939e+05    0.931006    7.580154e+01
0:   146    5.276680e+05    0.925094    7.012356e+01
0:   147    4.962091e+05    0.940381    6.594288e+01
0:   148    4.702077e+05    0.947600    6.248746e+01
0:   149    4.519061e+05    0.961078    6.005530e+01
0:   150    4.372864e+05    0.967649    5.811244e+01
0:   151    4.251576e+05    0.972264    5.650061e+01
0:   152    4.181957e+05    0.983625    5.557541e+01
0:   153    4.229189e+05    1.011294    5.620310e+01
0:   154    4.358438e+05    1.030561    5.792073e+01
0:   155    4.665842e+05    1.070531    6.200593e+01
0:   156    5.026046e+05    1.077200    6.679280e+01
0:   157    5.527229e+05    1.099717    7.345318e+01
0:   158    6.050487e+05    1.094669    8.040694e+01
0:   159    6.560079e+05    1.084223    8.717907e+01
0:   160    7.006940e+05    1.068118    9.311755e+01
0:   161    7.291717e+05    1.040642    9.690205e+01
0:   162    7.390411e+05    1.013535    9.821363e+01
0: gamma -1.040314e+09alpha -2.920974e-03  163    7.294015e+05    0.986957    9.693259e+01
0:   164    7.031917e+05    0.964067    9.344949e+01
0:   165    6.634309e+05    0.943457    8.816553e+01
0:   166    6.189016e+05    0.932880    8.224789e+01
0:   167    5.831428e+05    0.942222    7.749579e+01
0:   168    5.585765e+05    0.957873    7.423109e+01
0:   169    5.483685e+05    0.981725    7.287451e+01
0:   170    5.554896e+05    1.012986    7.382086e+01
0:   171    5.734458e+05    1.032325    7.620711e+01
0:   172    5.966826e+05    1.040521    7.929514e+01
0:   173    6.240490e+05    1.045864    8.293194e+01
0:   174    6.517507e+05    1.044390    8.661331e+01
0:   175    6.741402e+05    1.034353    8.958874e+01
0:   176    6.881801e+05    1.020826    9.145454e+01
0:   177    6.923760e+05    1.006097    9.201214e+01
0: gamma -4.641148e+08alpha -4.429133e-03  178    6.864331e+05    0.991417    9.122237e+01
0:   179    6.721181e+05    0.979146    8.932001e+01
0:   180    6.516334e+05    0.969522    8.659773e+01
0:   181    6.263146e+05    0.961146    8.323302e+01
0:   182    5.986112e+05    0.955768    7.955144e+01
0:   183    5.728858e+05    0.957025    7.613270e+01
0:   184    5.506297e+05    0.961151    7.317500e+01
0:   185    5.291939e+05    0.961070    7.032633e+01
0:   186    5.123299e+05    0.968133    6.808523e+01
0:   187    5.090497e+05    0.993597    6.764930e+01
0:   188    5.187991e+05    1.019152    6.894493e+01
0:   189    5.361437e+05    1.033432    7.124992e+01
0:   190    5.645133e+05    1.052914    7.502004e+01
0:   191    6.070241e+05    1.075305    8.066946e+01
0:   192    6.575295e+05    1.083202    8.738128e+01
0:   193    7.039868e+05    1.070654    9.355515e+01
0:   194    7.368663e+05    1.046705    9.792461e+01
0:   195    7.497116e+05    1.017432    9.963166e+01
0: gamma -1.075613e+09alpha -2.692759e-03  196    7.375364e+05    0.983760    9.801367e+01
0:   197    7.029576e+05    0.953116    9.341837e+01
0:   198    6.565175e+05    0.933936    8.724679e+01
0:   199    6.065773e+05    0.923932    8.061007e+01
0:   200    5.570543e+05    0.918357    7.402880e+01
0:   201    5.124006e+05    0.919840    6.809462e+01
0:   202    4.803861e+05    0.937521    6.384011e+01
0:   203    4.659596e+05    0.969969    6.192292e+01
0:   204    4.640133e+05    0.995823    6.166427e+01
0:   205    4.627502e+05    0.997278    6.149642e+01
0:   206    4.620321e+05    0.998448    6.140098e+01
0:   207    4.725404e+05    1.022744    6.279746e+01
0:   208    4.973558e+05    1.052515    6.609526e+01
0:   209    5.249617e+05    1.055505    6.976391e+01
0:   210    5.462400e+05    1.040533    7.259164e+01
0:   211    5.689082e+05    1.041499    7.560411e+01
0:   212    5.990446e+05    1.052972    7.960903e+01
0:   213    6.313880e+05    1.053992    8.390725e+01
0:   214    6.645907e+05    1.052587    8.831966e+01
0:   215    6.953327e+05    1.046257    9.240507e+01
0:   216    7.159860e+05    1.029703    9.514976e+01
0:   217    7.283985e+05    1.017336    9.679929e+01
0:   218    7.287819e+05    1.000526    9.685024e+01
0: gamma -7.279071e+07alpha -8.439947e-02  219    7.172580e+05    0.984188    9.531880e+01
0:   220    6.928259e+05    0.965937    9.207194e+01
0:   221    6.665540e+05    0.962080    8.858058e+01
0:   222    6.360899e+05    0.954296    8.453211e+01
0:   223    6.192674e+05    0.973553    8.229650e+01
0:   224    6.037506e+05    0.974943    8.023443e+01
0:   225    6.125300e+05    1.014541    8.140114e+01
0:   226    6.234452e+05    1.017820    8.285170e+01
0:   227    6.558607e+05    1.051994    8.715951e+01
0:   228    6.849189e+05    1.044305    9.102115e+01
0:   229    7.189200e+05    1.049642    9.553966e+01
0:   230    7.395409e+05    1.028683    9.828004e+01
0:   231    7.461620e+05    1.008953    9.915994e+01
0: gamma -6.502608e+08alpha -3.243961e-03  232    7.393181e+05    0.990828    9.825045e+01
0:   233    7.203981e+05    0.974409    9.573610e+01
0:   234    6.900336e+05    0.957850    9.170086e+01
0:   235    6.593127e+05    0.955479    8.761826e+01
0:   236    6.164808e+05    0.935036    8.192619e+01
0:   237    5.815053e+05    0.943266    7.727818e+01
0:   238    5.519141e+05    0.949113    7.334570e+01
0:   239    5.175003e+05    0.937647    6.877234e+01
0:   240    5.134344e+05    0.992143    6.823201e+01
0:   241    4.800118e+05    0.934904    6.379036e+01
0:   242    4.679195e+05    0.974808    6.218337e+01
0:   243    4.457435e+05    0.952607    5.923634e+01
0:   244    4.099986e+05    0.919808    5.448607e+01
0:   245    4.111861e+05    1.002896    5.464389e+01
0:   246    3.944886e+05    0.959392    5.242490e+01
0:   247    3.910018e+05    0.991161    5.196152e+01
0:   248    4.042662e+05    1.033924    5.372427e+01
0:   249    3.878820e+05    0.959472    5.154693e+01
0:   250    3.949773e+05    1.018292    5.248985e+01
0:   251    4.106076e+05    1.039573    5.456701e+01
0:   252    4.240877e+05    1.032830    5.635842e+01
0:   253    4.712573e+05    1.111226    6.262695e+01
0:   254    5.294038e+05    1.123386    7.035423e+01
0:   255    5.909537e+05    1.116263    7.853380e+01
0:   256    6.651259e+05    1.125513    8.839079e+01
0:   257    7.369039e+05    1.107916    9.792961e+01
0:   258    7.901069e+05    1.072198    1.049999e+02
0:   259    8.220277e+05    1.040401    1.092420e+02
0:   260    8.250003e+05    1.003616    1.096370e+02
0: gamma -5.388079e+08alpha -2.809750e-02  261    7.987656e+05    0.968200    1.061506e+02
0:   262    7.499122e+05    0.938839    9.965832e+01
0:   263    6.876939e+05    0.917033    9.138993e+01
0:   264    6.281443e+05    0.913407    8.347619e+01
0:   265    5.764800e+05    0.917751    7.661035e+01
0:   266    5.334524e+05    0.925361    7.089226e+01
0:   267    5.011662e+05    0.939477    6.660165e+01
0:   268    4.822098e+05    0.962175    6.408247e+01
0:   269    4.621571e+05    0.958415    6.141759e+01
0:   270    4.427753e+05    0.958062    5.884188e+01
0:   271    4.241024e+05    0.957828    5.636038e+01
0:   272    4.042504e+05    0.953190    5.372217e+01
0:   273    3.917464e+05    0.969069    5.206048e+01
0:   274    3.944956e+05    1.007018    5.242583e+01
0:   275    4.043997e+05    1.025106    5.374202e+01
0:   276    4.135672e+05    1.022669    5.496032e+01
0:   277    4.333651e+05    1.047871    5.759133e+01
0:   278    4.587284e+05    1.058526    6.096194e+01
0:   279    4.874316e+05    1.062571    6.477641e+01
0:   280    5.225173e+05    1.071981    6.943906e+01
0:   281    5.775161e+05    1.105257    7.674803e+01
0:   282    6.436110e+05    1.114447    8.553161e+01
0:   283    7.097448e+05    1.102754    9.432034e+01
0:   284    7.681698e+05    1.082318    1.020846e+02
0:   285    8.062530e+05    1.049577    1.071456e+02
0:   286    8.145111e+05    1.010243    1.082431e+02
0: gamma -1.115068e+09alpha -8.583210e-03  287    7.923557e+05    0.972799    1.052988e+02
0:   288    7.514339e+05    0.948354    9.986055e+01
0:   289    6.945410e+05    0.924288    9.229986e+01
0:   290    6.338197e+05    0.912573    8.423040e+01
0:   291    5.749929e+05    0.907187    7.641271e+01
0:   292    5.288002e+05    0.919664    7.027401e+01
0:   293    5.004176e+05    0.946327    6.650216e+01
0:   294    4.615652e+05    0.922360    6.133893e+01
0:   295    4.426793e+05    0.959083    5.882912e+01
0:   296    4.200742e+05    0.948936    5.582505e+01
0:   297    4.407338e+05    1.049181    5.857058e+01
0:   298    4.381806e+05    0.994207    5.823128e+01
0:   299    4.453233e+05    1.016301    5.918049e+01
0:   300    4.299839e+05    0.965554    5.714198e+01
0:   301    4.467167e+05    1.038915    5.936567e+01
0:   302    4.400077e+05    0.984982    5.847409e+01
0:   303    4.326903e+05    0.983370    5.750165e+01
0:   304    4.033941e+05    0.932293    5.360839e+01
0:   305    4.029566e+05    0.998915    5.355024e+01
0:   306    4.067353e+05    1.009377    5.405241e+01
0:   307    4.397449e+05    1.081158    5.843917e+01
0:   308    4.544753e+05    1.033498    6.039674e+01
0:   309    4.933657e+05    1.085572    6.556501e+01
0:   310    5.322681e+05    1.078851    7.073488e+01
0:   311    5.992269e+05    1.125799    7.963325e+01
0:   312    6.637425e+05    1.107665    8.820694e+01
0:   313    7.256132e+05    1.093215    9.642915e+01
0:   314    7.793700e+05    1.074085    1.035731e+02
0:   315    8.118372e+05    1.041658    1.078877e+02
0:   316    8.212073e+05    1.011542    1.091330e+02
0: gamma -1.209911e+09alpha -6.374201e-03  317    8.012672e+05    0.975718    1.064831e+02
0:   318    7.539696e+05    0.940972    1.001975e+02
0:   319    6.933403e+05    0.919586    9.214029e+01
0:   320    6.366599e+05    0.918250    8.460786e+01
0:   321    5.729160e+05    0.899877    7.613670e+01
0:   322    5.236787e+05    0.914058    6.959340e+01
0:   323    4.873426e+05    0.930614    6.476458e+01
0:   324    4.529342e+05    0.929396    6.019193e+01
0:   325    4.635754e+05    1.023494    6.160608e+01
0:   326    4.569823e+05    0.985778    6.072989e+01
0:   327    4.514149e+05    0.987817    5.999003e+01
0:   328    4.521176e+05    1.001557    6.008341e+01
0:   329    4.206099e+05    0.930311    5.589624e+01
0:   330    4.345178e+05    1.033066    5.774452e+01
0:   331    4.426549e+05    1.018727    5.882588e+01
0:   332    4.242714e+05    0.958470    5.638284e+01
0:   333    4.420249e+05    1.041845    5.874216e+01
0:   334    4.190148e+05    0.947944    5.568426e+01
0:   335    4.092406e+05    0.976674    5.438535e+01
0:   336    4.484262e+05    1.095752    5.959285e+01
0:   337    4.383170e+05    0.977456    5.824940e+01
0:   338    4.455162e+05    1.016425    5.920612e+01
0:   339    4.620800e+05    1.037179    6.140735e+01
0:   340    4.275257e+05    0.925220    5.681531e+01
0:   341    4.293967e+05    1.004376    5.706395e+01
0:   342    4.643853e+05    1.081483    6.171371e+01
0:   343    4.686757e+05    1.009239    6.228387e+01
0:   344    5.012792e+05    1.069565    6.661666e+01
0:   345    5.591382e+05    1.115423    7.430573e+01
0:   346    6.031725e+05    1.078754    8.015760e+01
0:   347    6.587933e+05    1.092214    8.754923e+01
0:   348    7.322322e+05    1.111475    9.730877e+01
0:   349    7.898313e+05    1.078662    1.049633e+02
0:   350    8.124123e+05    1.028590    1.079642e+02
0: gamma -1.771147e+09alpha -1.611960e-03  351    7.996177e+05    0.984251    1.062639e+02
0:   352    7.561567e+05    0.945648    1.004882e+02
0:   353    7.036081e+05    0.930506    9.350481e+01
0:   354    6.466836e+05    0.919096    8.593993e+01
0:   355    5.684584e+05    0.879036    7.554432e+01
0:   356    5.100785e+05    0.897301    6.778603e+01
0:   357    4.894544e+05    0.959567    6.504522e+01
0:   358    4.536281e+05    0.926804    6.028414e+01
0:   359    4.157738e+05    0.916552    5.525357e+01
0:   360    4.261862e+05    1.025043    5.663730e+01
0:   361    4.368325e+05    1.024980    5.805212e+01
0:   362    4.102373e+05    0.939118    5.451780e+01
0:   363    3.830413e+05    0.933707    5.090363e+01
0:   364    4.102730e+05    1.071093    5.452254e+01
0:   365    4.126772e+05    1.005860    5.484204e+01
0:   366    4.039793e+05    0.978923    5.368615e+01
0:   367    4.417185e+05    1.093419    5.870144e+01
0:   368    4.870499e+05    1.102625    6.472568e+01
0:   369    4.936207e+05    1.013491    6.559890e+01
0:   370    4.709767e+05    0.954127    6.258966e+01
0:   371    5.048129e+05    1.071843    6.708627e+01
0:   372    5.379991e+05    1.065739    7.149648e+01
0:   373    5.686938e+05    1.057053    7.557560e+01
0:   374    6.067298e+05    1.066883    8.063034e+01
0:   375    6.889242e+05    1.135471    9.155343e+01
0:   376    7.704189e+05    1.118293    1.023835e+02
0:   377    8.416278e+05    1.092429    1.118467e+02
0:   378    8.923740e+05    1.060295    1.185905e+02
0:   379    9.187867e+05    1.029598    1.221006e+02
0: gamma -1.863644e+09alpha -1.125007e-03  380    9.074584e+05    0.987670    1.205952e+02
0:   381    8.594000e+05    0.947041    1.142085e+02
0:   382    7.911669e+05    0.920604    1.051408e+02
0:   383    7.161838e+05    0.905225    9.517604e+01
0:   384    6.304035e+05    0.880226    8.377641e+01
0:   385    5.747935e+05    0.911787    7.638622e+01
0:   386    5.390337e+05    0.937787    7.163399e+01
0:   387    5.360318e+05    0.994431    7.123505e+01
0:   388    5.022812e+05    0.937036    6.674981e+01
0:   389    4.673104e+05    0.930376    6.210243e+01
0:   390    4.565764e+05    0.977030    6.067596e+01
0:   391    4.588977e+05    1.005084    6.098444e+01
0:   392    4.697560e+05    1.023662    6.242743e+01
0:   393    4.549722e+05    0.968529    6.046277e+01
0:   394    4.771782e+05    1.048807    6.341379e+01
0:   395    5.125520e+05    1.074131    6.811474e+01
0:   396    5.632686e+05    1.098949    7.485464e+01
0:   397    6.144396e+05    1.090847    8.165493e+01
0:   398    6.669499e+05    1.085460    8.863319e+01
0:   399    7.323037e+05    1.097989    9.731827e+01
0:   400    7.937066e+05    1.083849    1.054783e+02
0:   401    8.329149e+05    1.049399    1.106888e+02
0:   402    8.375697e+05    1.005588    1.113074e+02
0: gamma -8.577841e+08alpha -2.143993e-02  403    8.079068e+05    0.964585    1.073654e+02
0:   404    7.490791e+05    0.927185    9.954761e+01
0:   405    6.746734e+05    0.900670    8.965960e+01
0:   406    6.080837e+05    0.901301    8.081026e+01
0:   407    5.548076e+05    0.912387    7.373022e+01
0:   408    5.210999e+05    0.939244    6.925070e+01
0:   409    5.009171e+05    0.961269    6.656854e+01
0:   410    4.637980e+05    0.925898    6.163566e+01
0:   411    4.368026e+05    0.941795    5.804815e+01
0:   412    4.279953e+05    0.979837    5.687772e+01
0:   413    4.234979e+05    0.989492    5.628005e+01
0:   414    4.292283e+05    1.013531    5.704157e+01
0:   415    4.178395e+05    0.973467    5.552808e+01
0:   416    4.084475e+05    0.977523    5.427995e+01
0:   417    4.202922e+05    1.028999    5.585403e+01
0:   418    4.329356e+05    1.030082    5.753425e+01
0:   419    4.375983e+05    1.010770    5.815389e+01
0:   420    4.327731e+05    0.988974    5.751266e+01
0:   421    4.108240e+05    0.949283    5.459576e+01
0:   422    4.148745e+05    1.009860    5.513406e+01
0:   423    4.458788e+05    1.074732    5.925431e+01
0:   424    4.628987e+05    1.038172    6.151614e+01
0:   425    4.727925e+05    1.021374    6.283097e+01
0:   426    4.785371e+05    1.012150    6.359439e+01
0:   427    4.712207e+05    0.984711    6.262209e+01
0:   428    4.814708e+05    1.021752    6.398425e+01
0:   429    4.991960e+05    1.036815    6.633982e+01
0:   430    4.765703e+05    0.954676    6.333302e+01
0:   431    4.594069e+05    0.963986    6.105211e+01
0:   432    4.504614e+05    0.980528    5.986332e+01
0:   433    4.540965e+05    1.008070    6.034639e+01
0:   434    4.787325e+05    1.054253    6.362035e+01
0:   435    4.897599e+05    1.023035    6.508583e+01
0:   436    5.014494e+05    1.023868    6.663928e+01
0:   437    4.974323e+05    0.991989    6.610543e+01
0:   438    5.190183e+05    1.043395    6.897407e+01
0:   439    5.555396e+05    1.070366    7.382751e+01
0:   440    6.013605e+05    1.082480    7.991680e+01
0:   441    6.638490e+05    1.103912    8.822110e+01
0:   442    7.318508e+05    1.102436    9.725809e+01
0:   443    8.102550e+05    1.107131    1.076775e+02
0:   444    8.832902e+05    1.090139    1.173834e+02
0:   445    9.430065e+05    1.067607    1.253193e+02
0:   446    9.677829e+05    1.026274    1.286119e+02
0: gamma -2.290535e+09alpha -1.856207e-03  447    9.527738e+05    0.984491    1.266173e+02
0:   448    9.072819e+05    0.952253    1.205717e+02
0:   449    8.387468e+05    0.924461    1.114639e+02
0:   450    7.655123e+05    0.912686    1.017315e+02
0:   451    6.830127e+05    0.892230    9.076783e+01
0:   452    6.113797e+05    0.895122    8.124828e+01
0:   453    5.408814e+05    0.884690    7.187953e+01
0:   454    4.949881e+05    0.915151    6.578062e+01
0:   455    4.611327e+05    0.931604    6.128146e+01
0:   456    4.517188e+05    0.979585    6.003042e+01
0:   457    4.343938e+05    0.961647    5.772804e+01
0:   458    4.220101e+05    0.971492    5.608233e+01
0:   459    4.081933e+05    0.967260    5.424617e+01
0:   460    4.084029e+05    1.000513    5.427401e+01
0:   461    4.147415e+05    1.015521    5.511638e+01
0:   462    4.215771e+05    1.016481    5.602478e+01
0:   463    4.294982e+05    1.018789    5.707745e+01
0:   464    4.155607e+05    0.967549    5.522525e+01
0:   465    4.050774e+05    0.974773    5.383208e+01
0:   466    3.900843e+05    0.962987    5.183959e+01
0:   467    4.081817e+05    1.046394    5.424463e+01
0:   468    4.229734e+05    1.036238    5.621034e+01
0:   469    4.513274e+05    1.067035    5.997839e+01
0:   470    4.697959e+05    1.040920    6.243274e+01
0:   471    4.915080e+05    1.046216    6.531813e+01
0:   472    5.154482e+05    1.048708    6.849962e+01
0:   473    5.403906e+05    1.048390    7.181430e+01
0:   474    5.907771e+05    1.093241    7.851034e+01
0:   475    6.508660e+05    1.101711    8.649574e+01
0:   476    7.235635e+05    1.111694    9.615676e+01
0:   477    7.991714e+05    1.104494    1.062045e+02
0:   478    8.661613e+05    1.083824    1.151070e+02
0:   479    9.212971e+05    1.063655    1.224342e+02
0:   480    9.463402e+05    1.027182    1.257623e+02
0: gamma -1.992968e+09alpha -1.473190e-03  481    9.335615e+05    0.986497    1.240641e+02
0:   482    8.848026e+05    0.947771    1.175844e+02
0:   483    8.155451e+05    0.921726    1.083805e+02
0:   484    7.389083e+05    0.906030    9.819598e+01
0:   485    6.713900e+05    0.908624    8.922325e+01
0:   486    6.216096e+05    0.925855    8.260777e+01
0:   487    5.788228e+05    0.931168    7.692169e+01
0:   488    5.496267e+05    0.949559    7.304171e+01
0:   489    5.192010e+05    0.944643    6.899835e+01
0:   490    4.910192e+05    0.945721    6.525317e+01
0:   491    4.885153e+05    0.994901    6.492042e+01
0:   492    4.816472e+05    0.985941    6.400769e+01
0:   493    4.812201e+05    0.999113    6.395094e+01
0:   494    4.905112e+05    1.019307    6.518566e+01
0:   495    5.005501e+05    1.020466    6.651976e+01
0:   496    5.077713e+05    1.014427    6.747941e+01
0:   497    5.157460e+05    1.015705    6.853920e+01
0:   498    5.275983e+05    1.022981    7.011429e+01
0:   499    5.616941e+05    1.064625    7.464540e+01
0:   500    6.078292e+05    1.082136    8.077644e+01
0:   501    6.596753e+05    1.085297    8.766644e+01
0:   502    7.150258e+05    1.083906    9.502215e+01
0:   503    7.810772e+05    1.092376    1.038000e+02
0:   504    8.548536e+05    1.094455    1.136043e+02
0:   505    9.333730e+05    1.091851    1.240390e+02
0:   506    1.001195e+06    1.072663    1.330521e+02
0:   507    1.045683e+06    1.044435    1.389643e+02
0:   508    1.053985e+06    1.007939    1.400675e+02
0: gamma -1.760626e+09alpha -1.173328e-02  509    1.021266e+06    0.968958    1.357195e+02
0:   510    9.515192e+05    0.931705    1.264505e+02
0:   511    8.681486e+05    0.912382    1.153712e+02
0:   512    7.809189e+05    0.899522    1.037789e+02
0:   513    7.096448e+05    0.908731    9.430706e+01
0:   514    6.453731e+05    0.909431    8.576577e+01
0:   515    6.006832e+05    0.930753    7.982678e+01
0:   516    5.645216e+05    0.939799    7.502116e+01
0:   517    5.506240e+05    0.975382    7.317425e+01
0:   518    5.533269e+05    1.004909    7.353346e+01
0:   519    5.696155e+05    1.029437    7.569809e+01
0:   520    5.939633e+05    1.042744    7.893375e+01
0:   521    6.382767e+05    1.074606    8.482271e+01
0:   522    6.905398e+05    1.081882    9.176813e+01
0:   523    7.552425e+05    1.093699    1.003667e+02
0:   524    8.210577e+05    1.087145    1.091131e+02
0:   525    8.882611e+05    1.081850    1.180440e+02
0:   526    9.425590e+05    1.061128    1.252598e+02
0:   527    9.817651e+05    1.041595    1.304700e+02
0:   528    9.947861e+05    1.013263    1.322004e+02
0: gamma -2.003843e+09alpha -4.332663e-03  529    9.757500e+05    0.980864    1.296707e+02
0:   530    9.310533e+05    0.954192    1.237308e+02
0:   531    8.671055e+05    0.931317    1.152325e+02
0:   532    8.012333e+05    0.924032    1.064786e+02
0:   533    7.444784e+05    0.929166    9.893621e+01
0:   534    7.005652e+05    0.941015    9.310043e+01
0:   535    6.743319e+05    0.962554    8.961421e+01
0:   536    6.644670e+05    0.985371    8.830323e+01
0:   537    6.815815e+05    1.025757    9.057763e+01
0:   538    7.033127e+05    1.031883    9.346556e+01
0:   539    7.338505e+05    1.043420    9.752383e+01
0:   540    7.675887e+05    1.045974    1.020074e+02
0:   541    8.039998e+05    1.047436    1.068462e+02
0:   542    8.377988e+05    1.042039    1.113379e+02
0:   543    8.655641e+05    1.033141    1.150277e+02
0:   544    8.859265e+05    1.023525    1.177337e+02
0:   545    8.940615e+05    1.009182    1.188148e+02
0: gamma -9.471910e+08alpha -1.669060e-03  546    8.895562e+05    0.994961    1.182161e+02
0:   547    8.729119e+05    0.981289    1.160042e+02
0:   548    8.442074e+05    0.967116    1.121895e+02
0:   549    8.055938e+05    0.954261    1.070580e+02
0:   550    7.627770e+05    0.946851    1.013680e+02
0:   551    7.136798e+05    0.935634    9.484328e+01
0:   552    6.652330e+05    0.932117    8.840502e+01
0:   553    6.225380e+05    0.935820    8.273115e+01
0:   554    5.831343e+05    0.936705    7.749466e+01
0:   555    5.551215e+05    0.951962    7.377194e+01
0:   556    5.309351e+05    0.956430    7.055773e+01
0:   557    5.263556e+05    0.991375    6.994914e+01
0:   558    5.384274e+05    1.022935    7.155340e+01
0:   559    5.613196e+05    1.042517    7.459563e+01
0:   560    6.038552e+05    1.075778    8.024832e+01
0:   561    6.547792e+05    1.084332    8.701579e+01
0:   562    7.182207e+05    1.096890    9.544673e+01
0:   563    7.889684e+05    1.098504    1.048486e+02
0:   564    8.522352e+05    1.080189    1.132564e+02
0:   565    9.001954e+05    1.056276    1.196300e+02
0:   566    9.225853e+05    1.024872    1.226054e+02
0: gamma -1.733249e+09alpha -1.496891e-03  567    9.116398e+05    0.988136    1.211508e+02
0:   568    8.710161e+05    0.955439    1.157522e+02
0:   569    8.112612e+05    0.931396    1.078112e+02
0:   570    7.458292e+05    0.919345    9.911572e+01
0:   571    6.785132e+05    0.909743    9.016988e+01
0:   572    6.217569e+05    0.916352    8.262734e+01
0:   573    5.827118e+05    0.937202    7.743850e+01
0:   574    5.565923e+05    0.955176    7.396740e+01
0:   575    5.562351e+05    0.999358    7.391993e+01
0:   576    5.627566e+05    1.011724    7.478659e+01
0:   577    5.815839e+05    1.033456    7.728862e+01
0:   578    6.160980e+05    1.059345    8.187531e+01
0:   579    6.538427e+05    1.061264    8.689133e+01
0:   580    7.031488e+05    1.075410    9.344378e+01
0:   581    7.591797e+05    1.079686    1.008899e+02
0:   582    8.204623e+05    1.080722    1.090340e+02
0:   583    8.753705e+05    1.066923    1.163309e+02
0:   584    9.171706e+05    1.047751    1.218858e+02
0:   585    9.356894e+05    1.020191    1.243469e+02
0: gamma -1.205713e+09alpha -1.035141e-03  586    9.292857e+05    0.993156    1.234959e+02
0:   587    8.995050e+05    0.967953    1.195382e+02
0:   588    8.558052e+05    0.951418    1.137308e+02
0:   589    8.075529e+05    0.943618    1.073184e+02
0:   590    7.631225e+05    0.944981    1.014139e+02
0:   591    7.325371e+05    0.959921    9.734929e+01
0:   592    7.245554e+05    0.989104    9.628858e+01
0:   593    7.321667e+05    1.010505    9.730006e+01
0:   594    7.538029e+05    1.029551    1.001754e+02
0:   595    7.831755e+05    1.038966    1.040788e+02
0:   596    8.142025e+05    1.039617    1.082021e+02
0:   597    8.410320e+05    1.032952    1.117675e+02
0:   598    8.625917e+05    1.025635    1.146327e+02
0:   599    8.742303e+05    1.013493    1.161794e+02
0: gamma -1.830555e+08alpha -2.034112e-04  600    8.734305e+05    0.999085    1.160731e+02
0:   601    8.602218e+05    0.984877    1.143177e+02
0:   602    8.359434e+05    0.971777    1.110913e+02
0:   603    8.048558e+05    0.962811    1.069600e+02
0:   604    7.680982e+05    0.954330    1.020751e+02
0:   605    7.279594e+05    0.947743    9.674094e+01
0:   606    6.885197e+05    0.945822    9.149968e+01
0:   607    6.541444e+05    0.950074    8.693142e+01
0:   608    6.245132e+05    0.954702    8.299364e+01
0:   609    6.023571e+05    0.964522    8.004923e+01
0:   610    5.932269e+05    0.984843    7.883590e+01
0:   611    5.952797e+05    1.003460    7.910870e+01
0:   612    6.162141e+05    1.035167    8.189074e+01
0:   613    6.560760e+05    1.064688    8.718812e+01
0:   614    7.135727e+05    1.087637    9.482905e+01
0:   615    7.795731e+05    1.092493    1.036001e+02
0:   616    8.510227e+05    1.091652    1.130952e+02
0:   617    9.146559e+05    1.074773    1.215517e+02
0:   618    9.571007e+05    1.046405    1.271923e+02
0:   619    9.693547e+05    1.012803    1.288208e+02
0: gamma -1.813390e+09alpha -5.106164e-03  620    9.498370e+05    0.979865    1.262270e+02
0:   621    9.049393e+05    0.952731    1.202604e+02
0:   622    8.476932e+05    0.936740    1.126528e+02
0:   623    7.838223e+05    0.924653    1.041648e+02
0:   624    7.244650e+05    0.924272    9.627656e+01
0:   625    6.708661e+05    0.926016    8.915362e+01
0:   626    6.280308e+05    0.936149    8.346110e+01
0:   627    5.973668e+05    0.951174    7.938607e+01
0:   628    5.790738e+05    0.969377    7.695504e+01
0:   629    5.809424e+05    1.003227    7.720337e+01
0:   630    5.918265e+05    1.018735    7.864979e+01
0:   631    6.212107e+05    1.049650    8.255475e+01
0:   632    6.675309e+05    1.074564    8.871039e+01
0:   633    7.242968e+05    1.085039    9.625421e+01
0:   634    7.902674e+05    1.091082    1.050213e+02
0:   635    8.613613e+05    1.089962    1.144692e+02
0:   636    9.346030e+05    1.085030    1.242025e+02
0:   637    9.961146e+05    1.065816    1.323770e+02
0:   638    1.036889e+06    1.040933    1.377956e+02
0:   639    1.048792e+06    1.011479    1.393774e+02
0: gamma -2.229478e+09alpha -4.781130e-03  640    1.030893e+06    0.982934    1.369988e+02
0:   641    9.872029e+05    0.957619    1.311927e+02
0:   642    9.330556e+05    0.945151    1.239969e+02
0:   643    8.833602e+05    0.946739    1.173927e+02
0:   644    8.497634e+05    0.961967    1.129279e+02
0:   645    8.444769e+05    0.993779    1.122253e+02
0:   646    8.597425e+05    1.018077    1.142540e+02
0:   647    8.912103e+05    1.036601    1.184359e+02
0:   648    9.330325e+05    1.046927    1.239938e+02
0:   649    9.739123e+05    1.043814    1.294264e+02
0:   650    1.010160e+06    1.037219    1.342436e+02
0:   651    1.034339e+06    1.023936    1.374568e+02
0:   652    1.044487e+06    1.009811    1.388053e+02
0: gamma -1.194557e+09alpha -1.841965e-03  653    1.038458e+06    0.994228    1.380042e+02
0:   654    1.017340e+06    0.979664    1.351977e+02
0:   655    9.862900e+05    0.969479    1.310714e+02
0:   656    9.469038e+05    0.960066    1.258372e+02
0:   657    9.087527e+05    0.959710    1.207672e+02
0:   658    8.802048e+05    0.968586    1.169733e+02
0:   659    8.687787e+05    0.987019    1.154549e+02
0:   660    8.826902e+05    1.016013    1.173036e+02
0:   661    9.188184e+05    1.040930    1.221048e+02
0:   662    9.649580e+05    1.050216    1.282365e+02
0:   663    1.012598e+06    1.049370    1.345675e+02
0:   664    1.050090e+06    1.037025    1.395499e+02
0:   665    1.065549e+06    1.014722    1.416044e+02
0: gamma -1.730433e+09alpha -1.784695e-03  666    1.056302e+06    0.991321    1.403754e+02
0:   667    1.023212e+06    0.968674    1.359780e+02
0:   668    9.711142e+05    0.949084    1.290546e+02
0:   669    9.057123e+05    0.932653    1.203631e+02
0:   670    8.398734e+05    0.927307    1.116136e+02
0:   671    7.814477e+05    0.930435    1.038492e+02
0:   672    7.279987e+05    0.931603    9.674617e+01
0:   673    6.790961e+05    0.932826    9.024734e+01
0:   674    6.490718e+05    0.955788    8.625731e+01
0:   675    6.197020e+05    0.954751    8.235426e+01
0:   676    6.087339e+05    0.982301    8.089668e+01
0:   677    6.065262e+05    0.996373    8.060329e+01
0:   678    6.154341e+05    1.014687    8.178709e+01
0:   679    6.368722e+05    1.034834    8.463606e+01
0:   680    6.862010e+05    1.077455    9.119153e+01
0:   681    7.331137e+05    1.068366    9.742591e+01
0:   682    8.022757e+05    1.094340    1.066171e+02
0:   683    8.868766e+05    1.105451    1.178600e+02
0:   684    9.710593e+05    1.094920    1.290473e+02
0:   685    1.035738e+06    1.066607    1.376427e+02
0:   686    1.066999e+06    1.030182    1.417970e+02
0: gamma -2.360768e+09alpha -9.682438e-04  687    1.056693e+06    0.990342    1.404275e+02
0:   688    1.007582e+06    0.953523    1.339009e+02
0:   689    9.296006e+05    0.922606    1.235377e+02
0:   690    8.472885e+05    0.911454    1.125990e+02
0:   691    7.788275e+05    0.919200    1.035010e+02
0:   692    7.236592e+05    0.929165    9.616948e+01
0:   693    6.843884e+05    0.945733    9.095065e+01
0:   694    6.681878e+05    0.976328    8.879770e+01
0:   695    6.768610e+05    1.012980    8.995031e+01
0:   696    6.870999e+05    1.015127    9.131099e+01
0:   697    7.185070e+05    1.045710    9.548478e+01
0:   698    7.519283e+05    1.046515    9.992625e+01
0:   699    7.856101e+05    1.044794    1.044023e+02
0:   700    8.307435e+05    1.057450    1.104003e+02
0:   701    8.866817e+05    1.067335    1.178341e+02
0:   702    9.406570e+05    1.060873    1.250070e+02
0:   703    9.891390e+05    1.051541    1.314500e+02
0:   704    1.038424e+06    1.049826    1.379996e+02
0:   705    1.077396e+06    1.037530    1.431788e+02
0:   706    1.102375e+06    1.023184    1.464983e+02
0:   707    1.111986e+06    1.008719    1.477755e+02
0: gamma -1.336644e+09alpha -2.574199e-03  708    1.104088e+06    0.992897    1.467260e+02
0:   709    1.080722e+06    0.978836    1.436207e+02
0:   710    1.045470e+06    0.967381    1.389360e+02
0:   711    1.004388e+06    0.960705    1.334764e+02
0:   712    9.650473e+05    0.960831    1.282483e+02
0:   713    9.435188e+05    0.977692    1.253873e+02
0:   714    9.429520e+05    0.999399    1.253120e+02
0:   715    9.618638e+05    1.020056    1.278253e+02
0:   716    1.001402e+06    1.041106    1.330796e+02
0:   717    1.050777e+06    1.049306    1.396413e+02
0:   718    1.095817e+06    1.042863    1.456267e+02
0:   719    1.124735e+06    1.026390    1.494698e+02
0:   720    1.132002e+06    1.006461    1.504355e+02
0: gamma -1.628229e+09alpha -6.349441e-03  721    1.116253e+06    0.986087    1.483426e+02
0:   722    1.081573e+06    0.968932    1.437338e+02
0:   723    1.031970e+06    0.954139    1.371420e+02
0:   724    9.702127e+05    0.940156    1.289348e+02
0:   725    9.052341e+05    0.933026    1.202996e+02
0:   726    8.481515e+05    0.936942    1.127137e+02
0:   727    7.999897e+05    0.943216    1.063133e+02
0:   728    7.561736e+05    0.945229    1.004904e+02
0:   729    7.206628e+05    0.953039    9.577127e+01
0:   730    7.104629e+05    0.985847    9.441577e+01
0:   731    7.222811e+05    1.016635    9.598634e+01
0:   732    7.482540e+05    1.035959    9.943796e+01
0:   733    8.014014e+05    1.071029    1.065009e+02
0:   734    8.698851e+05    1.085455    1.156019e+02
0:   735    9.387933e+05    1.079215    1.247594e+02
0:   736    9.917039e+05    1.056360    1.317908e+02
0:   737    1.013862e+06    1.022343    1.347355e+02
0: gamma -2.576279e+09alpha -2.191684e-03  738    9.971338e+05    0.983501    1.325124e+02
0:   739    9.457608e+05    0.948479    1.256853e+02
0:   740    8.758128e+05    0.926040    1.163897e+02
0:   741    7.982753e+05    0.911468    1.060855e+02
0:   742    7.179428e+05    0.899367    9.540981e+01
0:   743    6.505633e+05    0.906149    8.645552e+01
0:   744    5.972204e+05    0.918005    7.936660e+01
0:   745    5.558329e+05    0.930700    7.386648e+01
0:   746    5.234544e+05    0.941748    6.956360e+01
0:   747    5.003138e+05    0.955792    6.648836e+01
0:   748    4.844915e+05    0.968375    6.438569e+01
0:   749    4.839560e+05    0.998895    6.431452e+01
0:   750    4.704088e+05    0.972007    6.251419e+01
0:   751    4.731515e+05    1.005830    6.287867e+01
0:   752    4.948168e+05    1.045789    6.575785e+01
0:   753    5.213387e+05    1.053599    6.928243e+01
0:   754    5.492689e+05    1.053574    7.299418e+01
0:   755    5.961751e+05    1.085397    7.922769e+01
0:   756    6.532608e+05    1.095753    8.681400e+01
0:   757    7.289111e+05    1.115804    9.686742e+01
0:   758    8.109003e+05    1.112482    1.077632e+02
0:   759    8.957977e+05    1.104695    1.190455e+02
0:   760    9.727504e+05    1.085904    1.292720e+02
0:   761    1.030188e+06    1.059046    1.369050e+02
0:   762    1.050016e+06    1.019248    1.395402e+02
0: gamma -2.682293e+09alpha -3.094602e-03  763    1.030255e+06    0.981180    1.369140e+02
0:   764    9.766412e+05    0.947961    1.297891e+02
0:   765    9.012873e+05    0.922844    1.197751e+02
0:   766    8.198612e+05    0.909656    1.089541e+02
0:   767    7.453564e+05    0.909125    9.905289e+01
0:   768    6.806292e+05    0.913159    9.045108e+01
0:   769    6.208402e+05    0.912156    8.250551e+01
0:   770    5.642851e+05    0.908906    7.498972e+01
0:   771    5.355409e+05    0.949061    7.116981e+01
0:   772    5.111383e+05    0.954434    6.792687e+01
0:   773    4.903373e+05    0.959305    6.516256e+01
0:   774    4.747210e+05    0.968152    6.308725e+01
0:   775    4.774761e+05    1.005804    6.345338e+01
0:   776    4.815208e+05    1.008471    6.399090e+01
0:   777    4.906219e+05    1.018901    6.520037e+01
0:   778    5.081523e+05    1.035731    6.753005e+01
0:   779    5.332578e+05    1.049405    7.086640e+01
0:   780    5.735889e+05    1.075632    7.622613e+01
0:   781    6.157372e+05    1.073482    8.182736e+01
0:   782    6.620735e+05    1.075253    8.798515e+01
0:   783    7.190024e+05    1.085986    9.555061e+01
0:   784    7.898361e+05    1.098517    1.049639e+02
0:   785    8.636158e+05    1.093411    1.147688e+02
0:   786    9.253163e+05    1.071444    1.229684e+02
0:   787    9.646894e+05    1.042551    1.282008e+02
0:   788    9.724118e+05    1.008005    1.292270e+02
0: gamma -1.492516e+09alpha -1.106727e-02  789    9.438189e+05    0.970596    1.254272e+02
0:   790    8.855948e+05    0.938310    1.176896e+02
0:   791    8.079419e+05    0.912315    1.073701e+02
0:   792    7.279729e+05    0.901021    9.674274e+01
0:   793    6.521549e+05    0.895851    8.666703e+01
0:   794    5.866691e+05    0.899585    7.796441e+01
0:   795    5.350914e+05    0.912084    7.111007e+01
0:   796    4.976649e+05    0.930056    6.613634e+01
0:   797    4.689552e+05    0.942311    6.232101e+01
0:   798    4.437630e+05    0.946280    5.897314e+01
0:   799    4.285322e+05    0.965678    5.694907e+01
0:   800    4.210140e+05    0.982456    5.594994e+01
0:   801    4.251368e+05    1.009793    5.649784e+01
0:   802    4.277101e+05    1.006053    5.683982e+01
0:   803    4.289102e+05    1.002806    5.699930e+01
0:   804    4.287924e+05    0.999725    5.698364e+01
0:   805    4.350069e+05    1.014493    5.780951e+01
0:   806    4.544212e+05    1.044630    6.038954e+01
0:   807    4.809952e+05    1.058479    6.392105e+01
0:   808    5.121561e+05    1.064784    6.806212e+01
0:   809    5.438615e+05    1.061906    7.227556e+01
0:   810    5.916528e+05    1.087874    7.862671e+01
0:   811    6.574819e+05    1.111263    8.737495e+01
0:   812    7.326938e+05    1.114394    9.737012e+01
0:   813    8.207811e+05    1.120224    1.090763e+02
0:   814    9.058559e+05    1.103651    1.203822e+02
0:   815    9.775438e+05    1.079138    1.299090e+02
0:   816    1.019833e+06    1.043261    1.355290e+02
0:   817    1.024813e+06    1.004883    1.361908e+02
0: gamma -1.162034e+09alpha -2.045235e-02  818    9.937027e+05    0.969643    1.320565e+02
0:   819    9.356120e+05    0.941541    1.243366e+02
0:   820    8.653912e+05    0.924947    1.150047e+02
0:   821    7.882391e+05    0.910847    1.047517e+02
0:   822    7.238993e+05    0.918375    9.620138e+01
0:   823    6.703930e+05    0.926086    8.909076e+01
0:   824    6.327479e+05    0.943846    8.408797e+01
0:   825    6.015527e+05    0.950699    7.994234e+01
0:   826    5.797665e+05    0.963783    7.704710e+01
0:   827    5.433774e+05    0.937235    7.221123e+01
0:   828    5.275392e+05    0.970852    7.010644e+01
0:   829    5.123471e+05    0.971202    6.808751e+01
0:   830    5.042810e+05    0.984257    6.701558e+01
0:   831    4.983395e+05    0.988218    6.622599e+01
0:   832    4.892934e+05    0.981848    6.502383e+01
0:   833    4.764063e+05    0.973662    6.331121e+01
0:   834    4.793153e+05    1.006106    6.369780e+01
0:   835    4.790617e+05    0.999471    6.366410e+01
0:   836    4.853940e+05    1.013218    6.450562e+01
0:   837    4.915549e+05    1.012693    6.532436e+01
0:   838    4.982389e+05    1.013598    6.621263e+01
0:   839    5.097494e+05    1.023102    6.774229e+01
0:   840    5.243431e+05    1.028629    6.968169e+01
0:   841    5.264050e+05    1.003932    6.995571e+01
0:   842    5.350189e+05    1.016364    7.110044e+01
0:   843    5.516987e+05    1.031176    7.331707e+01
0:   844    5.820407e+05    1.054998    7.734933e+01
0:   845    6.249119e+05    1.073657    8.304663e+01
0:   846    6.755121e+05    1.080972    8.977105e+01
0:   847    7.385757e+05    1.093357    9.815178e+01
0:   848    8.123470e+05    1.099883    1.079555e+02
0:   849    8.943452e+05    1.100940    1.188525e+02
0:   850    9.731089e+05    1.088069    1.293197e+02
0:   851    1.034119e+06    1.062696    1.374275e+02
0:   852    1.060907e+06    1.025905    1.409875e+02
0: gamma -2.336966e+09alpha -1.576881e-03  853    1.047361e+06    0.987232    1.391873e+02
0:   854    9.980495e+05    0.952918    1.326341e+02
0:   855    9.244230e+05    0.926230    1.228496e+02
0:   856    8.363188e+05    0.904693    1.111412e+02
0:   857    7.533750e+05    0.900823    1.001185e+02
0:   858    6.827704e+05    0.906282    9.073563e+01
0:   859    6.270085e+05    0.918330    8.332525e+01
0:   860    5.909201e+05    0.942443    7.852933e+01
0:   861    5.594076e+05    0.946672    7.434153e+01
0:   862    5.414087e+05    0.967825    7.194960e+01
0:   863    5.392598e+05    0.996031    7.166402e+01
0:   864    5.460165e+05    1.012530    7.256195e+01
0:   865    5.565438e+05    1.019280    7.396096e+01
0:   866    5.502303e+05    0.988656    7.312194e+01
0:   867    5.533294e+05    1.005632    7.353378e+01
0:   868    5.631025e+05    1.017662    7.483256e+01
0:   869    5.824627e+05    1.034381    7.740540e+01
0:   870    6.216121e+05    1.067214    8.260809e+01
0:   871    6.694817e+05    1.077009    8.896965e+01
0:   872    7.270572e+05    1.086000    9.662104e+01
0:   873    7.900877e+05    1.086693    1.049974e+02
0:   874    8.759675e+05    1.108697    1.164102e+02
0:   875    9.719141e+05    1.109532    1.291609e+02
0:   876    1.072704e+06    1.103702    1.425551e+02
0:   877    1.160171e+06    1.081539    1.541789e+02
0:   878    1.213022e+06    1.045554    1.612025e+02
0:   879    1.223618e+06    1.008735    1.626106e+02
0: gamma -2.645069e+09alpha -9.436956e-03  880    1.190891e+06    0.973254    1.582614e+02
0:   881    1.123182e+06    0.943144    1.492633e+02
0:   882    1.036864e+06    0.923149    1.377923e+02
0:   883    9.497585e+05    0.915991    1.262166e+02
0:   884    8.664027e+05    0.912235    1.151391e+02
0:   885    7.942229e+05    0.916690    1.055469e+02
0:   886    7.450484e+05    0.938085    9.901195e+01
0:   887    7.065341e+05    0.948306    9.389366e+01
0:   888    6.764955e+05    0.957485    8.990174e+01
0:   889    6.641418e+05    0.981739    8.826001e+01
0:   890    6.440673e+05    0.969774    8.559224e+01
0:   891    6.303010e+05    0.978626    8.376279e+01
0:   892    6.140710e+05    0.974250    8.160593e+01
0:   893    5.934839e+05    0.966474    7.887004e+01
0:   894    5.695274e+05    0.959634    7.568639e+01
0:   895    5.536467e+05    0.972116    7.357595e+01
0:   896    5.664144e+05    1.023061    7.527270e+01
0:   897    5.872957e+05    1.036866    7.804768e+01
0:   898    6.073305e+05    1.034114    8.071017e+01
0:   899    6.386215e+05    1.051522    8.486854e+01
0:   900    6.842233e+05    1.071407    9.092871e+01
0:   901    7.416137e+05    1.083877    9.855550e+01
0:   902    8.172703e+05    1.102016    1.086098e+02
0:   903    9.053853e+05    1.107816    1.203197e+02
0:   904    9.984390e+05    1.102778    1.326859e+02
0:   905    1.076815e+06    1.078499    1.431015e+02
0:   906    1.122845e+06    1.042747    1.492186e+02
0:   907    1.126376e+06    1.003145    1.496879e+02
0: gamma -9.231236e+08alpha -3.639066e-02  908    1.085137e+06    0.963387    1.442074e+02
0:   909    1.011718e+06    0.932341    1.344505e+02
0:   910    9.201796e+05    0.909522    1.222857e+02
0:   911    8.238838e+05    0.895351    1.094887e+02
0:   912    7.465443e+05    0.906128    9.921075e+01
0:   913    6.831704e+05    0.915110    9.078879e+01
0:   914    6.347782e+05    0.929165    8.435778e+01
0:   915    5.960462e+05    0.938983    7.921057e+01
0:   916    5.774071e+05    0.968729    7.673355e+01
0:   917    5.581264e+05    0.966608    7.417127e+01
0:   918    5.567615e+05    0.997554    7.398988e+01
0:   919    5.616860e+05    1.008845    7.464431e+01
0:   920    5.714154e+05    1.017322    7.593729e+01
0:   921    5.954973e+05    1.042144    7.913762e+01
0:   922    6.293015e+05    1.056766    8.362996e+01
0:   923    6.769116e+05    1.075656    8.995704e+01
0:   924    7.507382e+05    1.109064    9.976810e+01
0:   925    8.353559e+05    1.112713    1.110132e+02
0:   926    9.233772e+05    1.105370    1.227107e+02
0:   927    1.008004e+06    1.091649    1.339569e+02
0:   928    1.066187e+06    1.057721    1.416891e+02
0:   929    1.086234e+06    1.018803    1.443533e+02
0: gamma -3.485245e+09alpha -4.052184e-03  930    1.059587e+06    0.975468    1.408121e+02
0:   931    9.943931e+05    0.938472    1.321482e+02
0:   932    9.062729e+05    0.911383    1.204376e+02
0:   933    8.170061e+05    0.901501    1.085747e+02
0:   934    7.318548e+05    0.895776    9.725861e+01
0:   935    6.695730e+05    0.914899    8.898178e+01
0:   936    6.275623e+05    0.937258    8.339884e+01
0:   937    6.056288e+05    0.965050    8.048402e+01
0:   938    6.151620e+05    1.015741    8.175093e+01
0:   939    6.387424e+05    1.038332    8.488460e+01
0:   940    6.742751e+05    1.055629    8.960666e+01
0:   941    7.262065e+05    1.077018    9.650800e+01
0:   942    7.962150e+05    1.096403    1.058117e+02
0:   943    8.755778e+05    1.099675    1.163584e+02
0:   944    9.647748e+05    1.101872    1.282121e+02
0:   945    1.050575e+06    1.088932    1.396144e+02
0:   946    1.114635e+06    1.060977    1.481276e+02
0:   947    1.147980e+06    1.029915    1.525588e+02
0: gamma -1.858379e+09alpha -6.616888e-04  948    1.140444e+06    0.993436    1.515574e+02
0:   949    1.092859e+06    0.958275    1.452337e+02
0:   950    1.016105e+06    0.929768    1.350336e+02
0:   951    9.256285e+05    0.910957    1.230098e+02
0:   952    8.319852e+05    0.898833    1.105653e+02
0:   953    7.531763e+05    0.905276    1.000921e+02
0:   954    6.853335e+05    0.909924    9.107624e+01
0:   955    6.357062e+05    0.927587    8.448111e+01
0:   956    5.995577e+05    0.943136    7.967721e+01
0:   957    5.796557e+05    0.966805    7.703237e+01
0:   958    5.707412e+05    0.984621    7.584769e+01
0:   959    5.740749e+05    1.005841    7.629072e+01
0:   960    5.865581e+05    1.021745    7.794965e+01
0:   961    6.038932e+05    1.029554    8.025338e+01
0:   962    6.367694e+05    1.054440    8.462240e+01
0:   963    6.866148e+05    1.078279    9.124652e+01
0:   964    7.446651e+05    1.084546    9.896102e+01
0:   965    8.142453e+05    1.093438    1.082078e+02
0:   966    9.024479e+05    1.108324    1.199293e+02
0:   967    9.951762e+05    1.102752    1.322523e+02
0:   968    1.084962e+06    1.090221    1.441842e+02
0:   969    1.149065e+06    1.059083    1.527031e+02
0:   970    1.172058e+06    1.020010    1.557587e+02
0: gamma -3.684240e+09alpha -3.037812e-03  971    1.148733e+06    0.980099    1.526589e+02
0:   972    1.084829e+06    0.944370    1.441665e+02
0:   973    9.950277e+05    0.917221    1.322325e+02
0:   974    8.957145e+05    0.900191    1.190345e+02
0:   975    7.981446e+05    0.891070    1.060681e+02
0:   976    7.092168e+05    0.888582    9.425018e+01
0:   977    6.379200e+05    0.899471    8.477531e+01
0:   978    5.892097e+05    0.923642    7.830203e+01
0:   979    5.513035e+05    0.935666    7.326455e+01
0:   980    5.254586e+05    0.953120    6.982994e+01
0:   981    5.059493e+05    0.962872    6.723728e+01
0:   982    5.011001e+05    0.990416    6.659285e+01
0:   983    5.066992e+05    1.011174    6.733694e+01
0:   984    5.170017e+05    1.020333    6.870608e+01
0:   985    5.264726e+05    1.018319    6.996469e+01
0:   986    5.517294e+05    1.047974    7.332115e+01
0:   987    5.919436e+05    1.072888    7.866535e+01
0:   988    6.543704e+05    1.105461    8.696146e+01
0:   989    7.237593e+05    1.106039    9.618277e+01
0:   990    8.055920e+05    1.113066    1.070578e+02
0:   991    8.854108e+05    1.099081    1.176652e+02
0:   992    9.484369e+05    1.071183    1.260409e+02
0:   993    9.795643e+05    1.032820    1.301776e+02
0: gamma -2.142048e+09alpha -9.479411e-04  994    9.693075e+05    0.989529    1.288145e+02
0:   995    9.189506e+05    0.948049    1.221224e+02
0:   996    8.401691e+05    0.914270    1.116529e+02
0:   997    7.514590e+05    0.894414    9.986389e+01
0:   998    6.748859e+05    0.898101    8.968784e+01
0:   999    6.109329e+05    0.905239    8.118890e+01
0:  1000    5.685626e+05    0.930647    7.555818e+01
0: 
0: 
0: =============================================
0: Solve phase times:
0: =============================================
0: PCG Solve:
0:   wall clock time = 5.203330 seconds
0:   wall MFLOPS     = 0.000000
0:   cpu clock time  = 5.412947 seconds
0:   cpu MFLOPS      = 0.000000
0: 
0: 
0: Iterations = 1000
0: Final Relative Residual Norm = 7.555818e+01
0: 
0: Running high radix test
0: 1 Processes Per GPU, 4 GPUs Per Node
0: Global matrix size: 96 x 96 x 96
0: 125pt 3D Laplacian
0: =============================================
0: Hypre init times:
0: =============================================
0: Hypre init:
0:   wall clock time = 0.144443 seconds
0:   wall MFLOPS     = 0.000000
0:   cpu clock time  = 0.133755 seconds
0:   cpu MFLOPS      = 0.000000
0: 
0: 
0: Using HYPRE_DEVELOP_STRING: v3.1.0-3-g13083b05c (branch v3.1.0_highradixallreduce; not the develop branch)
0: 
0: Running with these driver parameters:
0:   solver ID    = 2
0: 
0:   Laplacian_125pt:
0:     (nx, ny, nz) = (96, 96, 96)
0:     (Px, Py, Pz) = (2, 2, 2)
0: 
0: =============================================
0: Generate Matrix:
0: =============================================
0: Spatial Operator:
0:   wall clock time = 0.865431 seconds
0:   wall MFLOPS     = 0.000000
0:   cpu clock time  = 0.740075 seconds
0:   cpu MFLOPS      = 0.000000
0: 
0:   Number of vector components: 1
0:   RHS vector has unit coefficients
0:   Initial guess is 0
0: =============================================
0: IJ Vector Setup:
0: =============================================
0: RHS and Initial Guess:
0:   wall clock time = 0.151613 seconds
0:   wall MFLOPS     = 0.000000
0:   cpu clock time  = 0.082400 seconds
0:   cpu MFLOPS      = 0.000000
0: 
0: Solver: DS-PCG
0: HYPRE_ParCSRPCGGetPrecond got good precond
0: =============================================
0: Setup phase times:
0: =============================================
0: PCG Setup:
0:   wall clock time = 0.002314 seconds
0:   wall MFLOPS     = 0.000000
0:   cpu clock time  = 0.000715 seconds
0:   cpu MFLOPS      = 0.000000
0: 
0: <b,b>: 8.847360e+05
0: 
0: 
0: Iters       ||r||_2     conv.rate  ||r||_2/||b||_2
0: -----    ------------   ---------  ------------ 
0:     1    7.865850e+03    8.362552    8.362552e+00
0:     2    9.564254e+03    1.215921    1.016820e+01
0:     3    1.022819e+04    1.069418    1.087406e+01
0:     4    1.079107e+04    1.055033    1.147249e+01
0:     5    1.125836e+04    1.043304    1.196929e+01
0:     6    1.147859e+04    1.019561    1.220343e+01
0:     7    1.177424e+04    1.025756    1.251774e+01
0:     8    1.208176e+04    1.026118    1.284469e+01
0:     9    1.233894e+04    1.021286    1.311810e+01
0:    10    1.259706e+04    1.020919    1.339252e+01
0:    11    1.288351e+04    1.022740    1.369706e+01
0:    12    1.319183e+04    1.023932    1.402485e+01
0:    13    1.354990e+04    1.027143    1.440553e+01
0:    14    1.400373e+04    1.033493    1.488802e+01
0:    15    1.454550e+04    1.038688    1.546400e+01
0:    16    1.501734e+04    1.032438    1.596563e+01
0:    17    1.540888e+04    1.026073    1.638190e+01
0:    18    1.864494e+04    1.210013    1.982230e+01
0:    19    1.798889e+04    0.964814    1.912483e+01
0:    20    2.164245e+04    1.203101    2.300910e+01
0:    21    2.278279e+04    1.052690    2.422144e+01
0:    22    2.490639e+04    1.093211    2.647915e+01
0:    23    2.671572e+04    1.072645    2.840273e+01
0:    24    2.828518e+04    1.058747    3.007130e+01
0:    25    2.921752e+04    1.032962    3.106251e+01
0: gamma -2.901617e+05alpha -1.354801e-04   26    2.917730e+04    0.998623    3.101975e+01
0:    27    2.837656e+04    0.972556    3.016845e+01
0:    28    2.697921e+04    0.950757    2.868285e+01
0:    29    2.507628e+04    0.929467    2.665976e+01
0:    30    2.303812e+04    0.918722    2.449290e+01
0:    31    2.161900e+04    0.938401    2.298417e+01
0:    32    2.095266e+04    0.969178    2.227574e+01
0:    33    2.106750e+04    1.005481    2.239784e+01
0:    34    2.180761e+04    1.035131    2.318468e+01
0:    35    2.335582e+04    1.070994    2.483066e+01
0:    36    2.504717e+04    1.072417    2.662881e+01
0:    37    2.682118e+04    1.070827    2.851485e+01
0:    38    2.828381e+04    1.054533    3.006984e+01
0:    39    2.921058e+04    1.032767    3.105513e+01
0:    40    2.949220e+04    1.009641    3.135453e+01
0: gamma -1.522325e+06alpha -3.289152e-03   41    2.919968e+04    0.990081    3.104353e+01
0:    42    2.844143e+04    0.974032    3.023741e+01
0:    43    2.742195e+04    0.964155    2.915355e+01
0:    44    2.632121e+04    0.959859    2.798331e+01
0:    45    2.547742e+04    0.967943    2.708623e+01
0:    46    2.528210e+04    0.992334    2.687858e+01
0:    47    2.583599e+04    1.021908    2.746744e+01
0:    48    2.686316e+04    1.039757    2.855948e+01
0:    49    2.794902e+04    1.040422    2.971391e+01
0:    50    2.876902e+04    1.029339    3.058568e+01
0:    51    2.921414e+04    1.015472    3.105892e+01
0: gamma -8.753751e+04alpha -5.931976e-05   52    2.920420e+04    0.999660    3.104835e+01
0:    53    2.866218e+04    0.981440    3.047210e+01
0:    54    2.774972e+04    0.968165    2.950202e+01
0:    55    2.665607e+04    0.960589    2.833931e+01
0:    56    2.505473e+04    0.939926    2.663686e+01
0:    57    2.389611e+04    0.953756    2.540507e+01
0:    58    2.200820e+04    0.920995    2.339795e+01
0:    59    2.151130e+04    0.977422    2.286967e+01
0:    60    2.082867e+04    0.968266    2.214393e+01
0:    61    2.103169e+04    1.009747    2.235977e+01
0:    62    2.234384e+04    1.062389    2.375478e+01
0:    63    2.372534e+04    1.061829    2.522351e+01
0:    64    2.565669e+04    1.081405    2.727682e+01
0:    65    2.773884e+04    1.081154    2.949046e+01
0:    66    2.917504e+04    1.051776    3.101735e+01
0:    67    2.992123e+04    1.025576    3.181066e+01
0: gamma -1.264190e+06alpha -8.675103e-04   68    2.969379e+04    0.992399    3.156885e+01
0:    69    2.851979e+04    0.960463    3.032071e+01
0:    70    2.676715e+04    0.938547    2.845740e+01
0:    71    2.461263e+04    0.919509    2.616683e+01
0:    72    2.305089e+04    0.936547    2.450648e+01
0:    73    2.144989e+04    0.930545    2.280437e+01
0:    74    2.033354e+04    0.947956    2.161754e+01
0:    75    1.940237e+04    0.954205    2.062756e+01
0:    76    1.965027e+04    1.012777    2.089111e+01
0:    77    1.949376e+04    0.992036    2.072473e+01
0:    78    1.936406e+04    0.993347    2.058684e+01
0:    79    1.931129e+04    0.997274    2.053073e+01
0:    80    2.090409e+04    1.082480    2.222411e+01
0:    81    2.248804e+04    1.075773    2.390809e+01
0:    82    2.515153e+04    1.118440    2.673977e+01
0:    83    2.718056e+04    1.080672    2.889692e+01
0:    84    2.951941e+04    1.086048    3.138346e+01
0:    85    3.243411e+04    1.098739    3.448222e+01
0:    86    3.451165e+04    1.064054    3.669094e+01
0:    87    3.586568e+04    1.039234    3.813047e+01
0:    88    3.626769e+04    1.011209    3.855787e+01
0: gamma -2.697629e+06alpha -6.401648e-03   89    3.555987e+04    0.980484    3.780536e+01
0:    90    3.410138e+04    0.958985    3.625477e+01
0:    91    3.135534e+04    0.919474    3.333533e+01
0:    92    2.898563e+04    0.924424    3.081598e+01
0:    93    2.753336e+04    0.949897    2.927200e+01
0:    94    2.705513e+04    0.982631    2.876356e+01
0:    95    2.619190e+04    0.968094    2.784583e+01
0:    96    2.692638e+04    1.028043    2.862669e+01
0:    97    2.853674e+04    1.059806    3.033874e+01
0:    98    3.012963e+04    1.055819    3.203222e+01
0:    99    3.140513e+04    1.042334    3.338826e+01
0:   100    3.230478e+04    1.028647    3.434472e+01
0:   101    3.297663e+04    1.020797    3.505899e+01
0:   102    3.311247e+04    1.004119    3.520341e+01
0: gamma -1.051300e+06alpha -1.033578e-02  103    3.268546e+04    0.987104    3.474944e+01
0:   104    3.182385e+04    0.973639    3.383342e+01
0:   105    3.067374e+04    0.963860    3.261068e+01
0:   106    2.913370e+04    0.949793    3.097339e+01
0:   107    2.784039e+04    0.955608    2.959842e+01
0:   108    2.716055e+04    0.975581    2.887565e+01
0:   109    2.756683e+04    1.014958    2.930758e+01
0:   110    2.852417e+04    1.034728    3.032537e+01
0:   111    3.006475e+04    1.054010    3.196324e+01
0:   112    3.150555e+04    1.047923    3.349501e+01
0:   113    3.257392e+04    1.033911    3.463085e+01
0:   114    3.308830e+04    1.015791    3.517771e+01
0: gamma -1.093288e+06alpha -7.923892e-04  115    3.294336e+04    0.995620    3.502362e+01
0:   116    3.217771e+04    0.976758    3.420962e+01
0:   117    3.086583e+04    0.959230    3.281490e+01
0:   118    2.939722e+04    0.952420    3.125356e+01
0:   119    2.754731e+04    0.937072    2.928683e+01
0:   120    2.599484e+04    0.943643    2.763633e+01
0:   121    2.432376e+04    0.935715    2.585972e+01
0:   122    2.231237e+04    0.917308    2.372132e+01
0:   123    2.086151e+04    0.934975    2.217884e+01
0:   124    1.973006e+04    0.945764    2.097595e+01
0:   125    1.910006e+04    0.968069    2.030616e+01
0:   126    1.932272e+04    1.011657    2.054288e+01
0:   127    2.021456e+04    1.046155    2.149104e+01
0:   128    2.192838e+04    1.084782    2.331308e+01
0:   129    2.404707e+04    1.096619    2.556556e+01
0:   130    2.627426e+04    1.092618    2.793339e+01
0:   131    2.857318e+04    1.087497    3.037748e+01
0:   132    3.048347e+04    1.066856    3.240840e+01
0:   133    3.159926e+04    1.036603    3.359464e+01
0:   134    3.164455e+04    1.001433    3.364279e+01
0: gamma -3.698986e+05alpha -7.718069e-02  135    3.063970e+04    0.968246    3.257449e+01
0:   136    2.865623e+04    0.935265    3.046577e+01
0:   137    2.617783e+04    0.913513    2.783087e+01
0:   138    2.354946e+04    0.899595    2.503652e+01
0:   139    2.182763e+04    0.926885    2.320597e+01
0:   140    2.055047e+04    0.941489    2.184816e+01
0:   141    1.947835e+04    0.947830    2.070834e+01
0:   142    1.946776e+04    0.999456    2.069709e+01
0:   143    1.912845e+04    0.982571    2.033635e+01
0:   144    1.956801e+04    1.022979    2.080366e+01
0:   145    2.072255e+04    1.059001    2.203110e+01
0:   146    2.206694e+04    1.064876    2.346040e+01
0:   147    2.373354e+04    1.075524    2.523223e+01
0:   148    2.544845e+04    1.072257    2.705543e+01
0:   149    2.707351e+04    1.063857    2.878311e+01
0:   150    2.853591e+04    1.054016    3.033786e+01
0:   151    2.994271e+04    1.049299    3.183349e+01
0:   152    3.087463e+04    1.031123    3.282425e+01
0:   153    3.121557e+04    1.011043    3.318672e+01
0: gamma -1.425984e+06alpha -2.635618e-03  154    3.093381e+04    0.990974    3.288717e+01
0:   155    3.012051e+04    0.973708    3.202252e+01
0:   156    2.890433e+04    0.959623    3.072954e+01
0:   157    2.765161e+04    0.956660    2.939772e+01
0:   158    2.650926e+04    0.958688    2.818323e+01
0:   159    2.601781e+04    0.981461    2.766074e+01
0:   160    2.610113e+04    1.003203    2.774933e+01
0:   161    2.660174e+04    1.019180    2.828155e+01
0:   162    2.754960e+04    1.035631    2.928926e+01
0:   163    2.866891e+04    1.040629    3.047925e+01
0:   164    2.972630e+04    1.036883    3.160341e+01
0:   165    3.039917e+04    1.022636    3.231877e+01
0:   166    3.055589e+04    1.005156    3.248539e+01
0: gamma -8.916542e+05alpha -7.804524e-03  167    3.018168e+04    0.987753    3.208755e+01
0:   168    2.936030e+04    0.972786    3.121431e+01
0:   169    2.818480e+04    0.959963    2.996458e+01
0:   170    2.696285e+04    0.956645    2.866546e+01
0:   171    2.565405e+04    0.951459    2.727402e+01
0:   172    2.440841e+04    0.951445    2.594972e+01
0:   173    2.324897e+04    0.952499    2.471707e+01
0:   174    2.250637e+04    0.968059    2.392757e+01
0:   175    2.189977e+04    0.973047    2.328266e+01
0:   176    2.183721e+04    0.997144    2.321616e+01
0:   177    2.146797e+04    0.983091    2.282359e+01
0:   178    2.123113e+04    0.988968    2.257180e+01
0:   179    2.189888e+04    1.031452    2.328172e+01
0:   180    2.331166e+04    1.064514    2.478371e+01
0:   181    2.485709e+04    1.066294    2.642674e+01
0:   182    2.734784e+04    1.100203    2.907477e+01
0:   183    3.016242e+04    1.102918    3.206707e+01
0:   184    3.323170e+04    1.101759    3.533017e+01
0:   185    3.646229e+04    1.097214    3.876475e+01
0:   186    3.891524e+04    1.067274    4.137260e+01
0:   187    4.015573e+04    1.031877    4.269143e+01
0: gamma -1.975299e+06alpha -5.129416e-04  188    3.997183e+04    0.995420    4.249592e+01
0:   189    3.855378e+04    0.964524    4.098832e+01
0:   190    3.596229e+04    0.932782    3.823319e+01
0:   191    3.323694e+04    0.924216    3.533574e+01
0:   192    3.100061e+04    0.932716    3.295820e+01
0:   193    2.855559e+04    0.921130    3.035878e+01
0:   194    2.673014e+04    0.936074    2.841806e+01
0:   195    2.572715e+04    0.962477    2.735173e+01
0:   196    2.525116e+04    0.981499    2.684568e+01
0:   197    2.580290e+04    1.021850    2.743227e+01
0:   198    2.668368e+04    1.034135    2.836866e+01
0:   199    2.777378e+04    1.040853    2.952760e+01
0:   200    2.943631e+04    1.059859    3.129511e+01
0:   201    3.088831e+04    1.049327    3.283880e+01
0:   202    3.261141e+04    1.055785    3.467070e+01
0:   203    3.409357e+04    1.045449    3.624647e+01
0:   204    3.588305e+04    1.052487    3.814895e+01
0:   205    3.744756e+04    1.043600    3.981224e+01
0:   206    3.841896e+04    1.025940    4.084498e+01
0:   207    3.871916e+04    1.007814    4.116414e+01
0: gamma -1.692010e+06alpha -2.670686e-03  208    3.847496e+04    0.993693    4.090452e+01
0:   209    3.781203e+04    0.982770    4.019974e+01
0:   210    3.664656e+04    0.969177    3.896066e+01
0:   211    3.555226e+04    0.970139    3.779726e+01
0:   212    3.439697e+04    0.967505    3.656902e+01
0:   213    3.390168e+04    0.985601    3.604245e+01
0:   214    3.381589e+04    0.997470    3.595125e+01
0:   215    3.459168e+04    1.022942    3.677603e+01
0:   216    3.607785e+04    1.042963    3.835605e+01
0:   217    3.843726e+04    1.065398    4.086444e+01
0:   218    4.099971e+04    1.066666    4.358870e+01
0:   219    4.331219e+04    1.056402    4.604721e+01
0:   220    4.468842e+04    1.031775    4.751034e+01
0:   221    4.509355e+04    1.009066    4.794105e+01
0: gamma -4.004155e+06alpha -6.393457e-03  222    4.422538e+04    0.980747    4.701806e+01
0:   223    4.206708e+04    0.951198    4.472347e+01
0:   224    3.915268e+04    0.930720    4.162504e+01
0:   225    3.578405e+04    0.913962    3.804369e+01
0:   226    3.260372e+04    0.911124    3.466254e+01
0:   227    3.021168e+04    0.926633    3.211945e+01
0:   228    2.852909e+04    0.944306    3.033060e+01
0:   229    2.664013e+04    0.933788    2.832236e+01
0:   230    2.525376e+04    0.947959    2.684844e+01
0:   231    2.327085e+04    0.921481    2.474033e+01
0:   232    2.222380e+04    0.955006    2.362716e+01
0:   233    2.210746e+04    0.994765    2.350347e+01
0:   234    2.271255e+04    1.027370    2.414677e+01
0:   235    2.293789e+04    1.009921    2.438634e+01
0:   236    2.228381e+04    0.971485    2.369096e+01
0:   237    2.159728e+04    0.969191    2.296108e+01
0:   238    2.175952e+04    1.007512    2.313356e+01
0:   239    2.194636e+04    1.008587    2.333220e+01
0:   240    2.245386e+04    1.023125    2.387175e+01
0:   241    2.389579e+04    1.064217    2.540473e+01
0:   242    2.462084e+04    1.030342    2.617556e+01
0:   243    2.490729e+04    1.011634    2.648010e+01
0:   244    2.541743e+04    1.020482    2.702245e+01
0:   245    2.730989e+04    1.074455    2.903442e+01
0:   246    2.954616e+04    1.081885    3.141190e+01
0:   247    3.229784e+04    1.093132    3.433734e+01
0:   248    3.479039e+04    1.077174    3.698728e+01
0:   249    3.798095e+04    1.091708    4.037931e+01
0:   250    4.035021e+04    1.062380    4.289818e+01
0:   251    4.145035e+04    1.027265    4.406780e+01
0: gamma -3.387168e+06alpha -1.097034e-03  252    4.105870e+04    0.990551    4.365142e+01
0:   253    3.901026e+04    0.950110    4.147363e+01
0:   254    3.610861e+04    0.925618    3.838875e+01
0:   255    3.237476e+04    0.896594    3.441912e+01
0:   256    2.900109e+04    0.895793    3.083241e+01
0:   257    2.649642e+04    0.913635    2.816957e+01
0:   258    2.434663e+04    0.918865    2.588404e+01
0:   259    2.304842e+04    0.946678    2.450385e+01
0:   260    2.159166e+04    0.936796    2.295510e+01
0:   261    2.011604e+04    0.931658    2.138630e+01
0:   262    1.897331e+04    0.943193    2.017141e+01
0:   263    1.966017e+04    1.036201    2.090164e+01
0:   264    2.012004e+04    1.023391    2.139056e+01
0:   265    2.079075e+04    1.033335    2.210362e+01
0:   266    2.088940e+04    1.004745    2.220849e+01
0:   267    2.056775e+04    0.984603    2.186654e+01
0:   268    2.044966e+04    0.994258    2.174099e+01
0:   269    2.110185e+04    1.031893    2.243436e+01
0:   270    2.182427e+04    1.034235    2.320240e+01
0:   271    2.333505e+04    1.069224    2.480858e+01
0:   272    2.512207e+04    1.076581    2.670844e+01
0:   273    2.711966e+04    1.079516    2.883217e+01
0:   274    2.973070e+04    1.096279    3.160809e+01
0:   275    3.281831e+04    1.103853    3.489067e+01
0:   276    3.568003e+04    1.087199    3.793310e+01
0:   277    3.711662e+04    1.040263    3.946041e+01
0:   278    3.729480e+04    1.004801    3.964984e+01
0: gamma -1.345339e+06alpha -1.929956e-02  279    3.620630e+04    0.970814    3.849261e+01
0:   280    3.424524e+04    0.945836    3.640771e+01
0:   281    3.187921e+04    0.930909    3.389228e+01
0:   282    2.876628e+04    0.902352    3.058278e+01
0:   283    2.650861e+04    0.921517    2.818253e+01
0:   284    2.493518e+04    0.940645    2.650976e+01
0:   285    2.339269e+04    0.938140    2.486986e+01
0:   286    2.264244e+04    0.967928    2.407223e+01
0:   287    2.251025e+04    0.994162    2.393170e+01
0:   288    2.256947e+04    1.002631    2.399465e+01
0:   289    2.057156e+04    0.911477    2.187058e+01
0:   290    1.967578e+04    0.956455    2.091824e+01
0:   291    1.969012e+04    1.000729    2.093348e+01
0:   292    1.998081e+04    1.014764    2.124253e+01
0:   293    1.990693e+04    0.996302    2.116398e+01
0:   294    1.904012e+04    0.956457    2.024244e+01
0:   295    1.914308e+04    1.005407    2.035190e+01
0:   296    1.955018e+04    1.021266    2.078470e+01
0:   297    1.916298e+04    0.980194    2.037305e+01
0:   298    1.810679e+04    0.944884    1.925017e+01
0:   299    1.881521e+04    1.039125    2.000333e+01
0:   300    1.968220e+04    1.046079    2.092506e+01
0:   301    2.087372e+04    1.060538    2.219183e+01
0:   302    2.211093e+04    1.059271    2.350716e+01
0:   303    2.368032e+04    1.070978    2.517565e+01
0:   304    2.570678e+04    1.085575    2.733007e+01
0:   305    2.791148e+04    1.085763    2.967399e+01
0:   306    2.955606e+04    1.058922    3.142243e+01
0:   307    3.053478e+04    1.033114    3.246295e+01
0: gamma -2.518058e+05alpha -1.051122e-04  308    3.049748e+04    0.998779    3.242329e+01
0:   309    2.935819e+04    0.962643    3.121206e+01
0:   310    2.748657e+04    0.936249    2.922226e+01
0:   311    2.545480e+04    0.926081    2.706218e+01
0:   312    2.342419e+04    0.920227    2.490335e+01
0:   313    2.135144e+04    0.911512    2.269971e+01
0:   314    1.923092e+04    0.900685    2.044529e+01
0:   315    1.751113e+04    0.910571    1.861690e+01
0:   316    1.636752e+04    0.934693    1.740108e+01
0:   317    1.647642e+04    1.006653    1.751685e+01
0:   318    1.650666e+04    1.001835    1.754900e+01
0:   319    1.683052e+04    1.019620    1.789331e+01
0:   320    1.781207e+04    1.058320    1.893684e+01
0:   321    1.886793e+04    1.059278    2.005937e+01
0:   322    2.075983e+04    1.100271    2.207074e+01
0:   323    2.366102e+04    1.139750    2.515513e+01
0:   324    2.615391e+04    1.105359    2.780544e+01
0:   325    2.901037e+04    1.109217    3.084227e+01
0:   326    3.158529e+04    1.088759    3.357979e+01
0:   327    3.339908e+04    1.057425    3.550811e+01
0:   328    3.393984e+04    1.016191    3.608303e+01
0: gamma -3.565212e+06alpha -5.772176e-03  329    3.306514e+04    0.974228    3.515309e+01
0:   330    3.110877e+04    0.940833    3.307318e+01
0:   331    2.866181e+04    0.921342    3.047171e+01
0:   332    2.613184e+04    0.911730    2.778197e+01
0:   333    2.360559e+04    0.903327    2.509620e+01
0:   334    2.160571e+04    0.915280    2.297004e+01
0:   335    2.014304e+04    0.932301    2.141500e+01
0:   336    1.932376e+04    0.959327    2.054399e+01
0:   337    1.931137e+04    0.999359    2.053082e+01
0:   338    1.835217e+04    0.950330    1.951105e+01
0:   339    1.759876e+04    0.958947    1.871006e+01
0:   340    1.771379e+04    1.006537    1.883236e+01
0:   341    1.750769e+04    0.988365    1.861324e+01
0:   342    1.742352e+04    0.995193    1.852376e+01
0:   343    1.804874e+04    1.035884    1.918846e+01
0:   344    1.800109e+04    0.997360    1.913780e+01
0:   345    1.783150e+04    0.990578    1.895749e+01
0:   346    1.746128e+04    0.979238    1.856390e+01
0:   347    1.712365e+04    0.980664    1.820495e+01
0:   348    1.762183e+04    1.029093    1.873459e+01
0:   349    1.794228e+04    1.018185    1.907528e+01
0:   350    1.821469e+04    1.015183    1.936489e+01
0:   351    1.867520e+04    1.025282    1.985448e+01
0:   352    1.954577e+04    1.046616    2.078002e+01
0:   353    2.051191e+04    1.049430    2.180717e+01
0:   354    2.060851e+04    1.004709    2.190987e+01
0:   355    2.089737e+04    1.014016    2.221696e+01
0:   356    2.145311e+04    1.026594    2.280780e+01
0:   357    2.195628e+04    1.023455    2.334275e+01
0:   358    2.281953e+04    1.039317    2.426050e+01
0:   359    2.378418e+04    1.042273    2.528608e+01
0:   360    2.597821e+04    1.092247    2.761864e+01
0:   361    2.872682e+04    1.105805    3.054083e+01
0:   362    3.108195e+04    1.081984    3.304467e+01
0:   363    3.286924e+04    1.057502    3.494482e+01
0:   364    3.367897e+04    1.024635    3.580568e+01
0: gamma -3.129435e+06alpha -1.916368e-03  365    3.312935e+04    0.983681    3.522136e+01
0:   366    3.140052e+04    0.947816    3.338335e+01
0:   367    2.863082e+04    0.911795    3.043876e+01
0:   368    2.600591e+04    0.908319    2.764809e+01
0:   369    2.328463e+04    0.895359    2.475498e+01
0:   370    2.137633e+04    0.918045    2.272618e+01
0:   371    1.940652e+04    0.907851    2.063198e+01
0:   372    1.796151e+04    0.925540    1.909572e+01
0:   373    1.786810e+04    0.994799    1.899641e+01
0:   374    1.700979e+04    0.951964    1.808390e+01
0:   375    1.635093e+04    0.961266    1.738343e+01
0:   376    1.596338e+04    0.976298    1.697142e+01
0:   377    1.637736e+04    1.025933    1.741153e+01
0:   378    1.670406e+04    1.019948    1.775887e+01
0:   379    1.697700e+04    1.016340    1.804904e+01
0:   380    1.806576e+04    1.064131    1.920655e+01
0:   381    1.843126e+04    1.020232    1.959513e+01
0:   382    1.916959e+04    1.040058    2.038008e+01
0:   383    1.959982e+04    1.022444    2.083749e+01
0:   384    2.031350e+04    1.036412    2.159623e+01
0:   385    2.043140e+04    1.005804    2.172157e+01
0:   386    2.054555e+04    1.005587    2.184293e+01
0:   387    2.197463e+04    1.069557    2.336225e+01
0:   388    2.238206e+04    1.018541    2.379541e+01
0:   389    2.308417e+04    1.031370    2.454186e+01
0:   390    2.444399e+04    1.058907    2.598755e+01
0:   391    2.677669e+04    1.095430    2.846754e+01
0:   392    2.963258e+04    1.106656    3.150378e+01
0:   393    3.268214e+04    1.102912    3.474591e+01
0:   394    3.576337e+04    1.094279    3.802171e+01
0:   395    3.833111e+04    1.071798    4.075158e+01
0:   396    3.965660e+04    1.034580    4.216077e+01
0: gamma -2.860045e+06alpha -6.922278e-04  397    3.937111e+04    0.992801    4.185727e+01
0:   398    3.763675e+04    0.955948    4.001339e+01
0:   399    3.476849e+04    0.923791    3.696400e+01
0:   400    3.151044e+04    0.906293    3.350021e+01
0:   401    2.831955e+04    0.898736    3.010784e+01
0:   402    2.623293e+04    0.926319    2.788945e+01
0:   403    2.502293e+04    0.953875    2.660304e+01
0:   404    2.330295e+04    0.931264    2.477446e+01
0:   405    2.256819e+04    0.968469    2.399329e+01
0:   406    2.195611e+04    0.972879    2.334256e+01
0:   407    2.140434e+04    0.974870    2.275595e+01
0:   408    2.107994e+04    0.984844    2.241106e+01
0:   409    2.083761e+04    0.988505    2.215344e+01
0:   410    2.006926e+04    0.963127    2.133657e+01
0:   411    1.970386e+04    0.981793    2.094809e+01
0:   412    1.973957e+04    1.001812    2.098606e+01
0:   413    1.967191e+04    0.996573    2.091413e+01
0:   414    1.981236e+04    1.007139    2.106344e+01
0:   415    2.009692e+04    1.014363    2.136597e+01
0:   416    1.933448e+04    0.962062    2.055538e+01
0:   417    1.882577e+04    0.973689    2.001456e+01
0:   418    1.963703e+04    1.043093    2.087704e+01
0:   419    1.981542e+04    1.009084    2.106670e+01
0:   420    1.905307e+04    0.961528    2.025621e+01
0:   421    1.970058e+04    1.033984    2.094461e+01
0:   422    2.036598e+04    1.033776    2.165203e+01
0:   423    2.078685e+04    1.020665    2.209947e+01
0:   424    2.169359e+04    1.043620    2.306346e+01
0:   425    2.332745e+04    1.075316    2.480050e+01
0:   426    2.512133e+04    1.076900    2.670766e+01
0:   427    2.731604e+04    1.087365    2.904096e+01
0:   428    3.000869e+04    1.098574    3.190364e+01
0:   429    3.282286e+04    1.093778    3.489551e+01
0:   430    3.447111e+04    1.050217    3.664784e+01
0:   431    3.477978e+04    1.008954    3.697600e+01
0: gamma -2.284607e+06alpha -9.173421e-03  432    3.377534e+04    0.971120    3.590814e+01
0:   433    3.174400e+04    0.939857    3.374853e+01
0:   434    2.928907e+04    0.922665    3.113857e+01
0:   435    2.714891e+04    0.926930    2.886327e+01
0:   436    2.551044e+04    0.939649    2.712133e+01
0:   437    2.391906e+04    0.937619    2.542947e+01
0:   438    2.325863e+04    0.972389    2.472733e+01
0:   439    2.251743e+04    0.968133    2.393933e+01
0:   440    2.170462e+04    0.963903    2.307520e+01
0:   441    2.139022e+04    0.985515    2.274094e+01
0:   442    2.133966e+04    0.997636    2.268718e+01
0:   443    2.071355e+04    0.970660    2.202154e+01
0:   444    2.104677e+04    1.016087    2.237580e+01
0:   445    2.076113e+04    0.986428    2.207213e+01
0:   446    2.107420e+04    1.015080    2.240497e+01
0:   447    2.141158e+04    1.016009    2.276365e+01
0:   448    2.161850e+04    1.009664    2.298364e+01
0:   449    2.185917e+04    1.011132    2.323950e+01
0:   450    2.237161e+04    1.023443    2.378430e+01
0:   451    2.300045e+04    1.028109    2.445285e+01
0:   452    2.415239e+04    1.050083    2.567753e+01
0:   453    2.613219e+04    1.081971    2.778235e+01
0:   454    2.821804e+04    1.079819    2.999991e+01
0:   455    3.040699e+04    1.077573    3.232708e+01
0:   456    3.301914e+04    1.085906    3.510418e+01
0:   457    3.561819e+04    1.078714    3.786736e+01
0:   458    3.765079e+04    1.057066    4.002831e+01
0:   459    3.866689e+04    1.026988    4.110857e+01
0: gamma -1.796039e+06alpha -5.853224e-04  460    3.845164e+04    0.994433    4.087973e+01
0:   461    3.701113e+04    0.962537    3.934825e+01
0:   462    3.481688e+04    0.940714    3.701545e+01
0:   463    3.219462e+04    0.924684    3.422760e+01
0:   464    2.974526e+04    0.923920    3.162357e+01
0:   465    2.768079e+04    0.930595    2.942873e+01
0:   466    2.608388e+04    0.942310    2.773099e+01
0:   467    2.508270e+04    0.961617    2.666659e+01
0:   468    2.472431e+04    0.985712    2.628557e+01
0:   469    2.298427e+04    0.929622    2.443565e+01
0:   470    2.181819e+04    0.949266    2.319593e+01
0:   471    2.141619e+04    0.981575    2.276854e+01
0:   472    2.039916e+04    0.952511    2.168729e+01
0:   473    1.912718e+04    0.937645    2.033499e+01
0:   474    1.885534e+04    0.985788    2.004599e+01
0:   475    1.889806e+04    1.002266    2.009140e+01
0:   476    1.850112e+04    0.978996    1.966941e+01
0:   477    1.773846e+04    0.958778    1.885859e+01
0:   478    1.723250e+04    0.971476    1.832067e+01
0:   479    1.646280e+04    0.955334    1.750236e+01
0:   480    1.611231e+04    0.978710    1.712974e+01
0:   481    1.593504e+04    0.988998    1.694129e+01
0:   482    1.608065e+04    1.009138    1.709609e+01
0:   483    1.597040e+04    0.993144    1.697887e+01
0:   484    1.572450e+04    0.984603    1.671745e+01
0:   485    1.582340e+04    1.006289    1.682259e+01
0:   486    1.576508e+04    0.996315    1.676060e+01
0:   487    1.606806e+04    1.019218    1.708271e+01
0:   488    1.643193e+04    1.022645    1.746955e+01
0:   489    1.657967e+04    1.008991    1.762662e+01
0:   490    1.754670e+04    1.058326    1.865471e+01
0:   491    1.864418e+04    1.062547    1.982150e+01
0:   492    1.990338e+04    1.067538    2.116021e+01
0:   493    2.195029e+04    1.102842    2.333637e+01
0:   494    2.399412e+04    1.093112    2.550927e+01
0:   495    2.641798e+04    1.101019    2.808619e+01
0:   496    2.866581e+04    1.085087    3.047595e+01
0:   497    2.988162e+04    1.042414    3.176855e+01
0:   498    3.001368e+04    1.004419    3.190894e+01
0: gamma -8.724309e+05alpha -2.439356e-02  499    2.905091e+04    0.967922    3.088538e+01
0:   500    2.730781e+04    0.939998    2.903220e+01
0:   501    2.544517e+04    0.931791    2.705194e+01
0:   502    2.336248e+04    0.918150    2.483774e+01
0:   503    2.162086e+04    0.925452    2.298614e+01
0:   504    2.085672e+04    0.964657    2.217375e+01
0:   505    2.041447e+04    0.978796    2.170358e+01
0:   506    2.032545e+04    0.995639    2.160893e+01
0:   507    2.081463e+04    1.024067    2.212900e+01
0:   508    2.154902e+04    1.035282    2.290976e+01
0:   509    2.238783e+04    1.038926    2.380155e+01
0:   510    2.362064e+04    1.055066    2.511220e+01
0:   511    2.503881e+04    1.060040    2.661992e+01
0:   512    2.665962e+04    1.064732    2.834308e+01
0:   513    2.856067e+04    1.071308    3.036418e+01
0:   514    3.027580e+04    1.060052    3.218761e+01
0:   515    3.185621e+04    1.052201    3.386782e+01
0:   516    3.301396e+04    1.036343    3.509868e+01
0:   517    3.363239e+04    1.018732    3.575616e+01
0:   518    3.368191e+04    1.001472    3.580880e+01
0: gamma -5.703307e+05alpha -3.300656e-02  519    3.317014e+04    0.984806    3.526472e+01
0:   520    3.216671e+04    0.969749    3.419793e+01
0:   521    3.091636e+04    0.961129    3.286863e+01
0:   522    2.954887e+04    0.955768    3.141479e+01
0:   523    2.856099e+04    0.966568    3.036452e+01
0:   524    2.804275e+04    0.981855    2.981355e+01
0:   525    2.840765e+04    1.013012    3.020149e+01
0:   526    2.910351e+04    1.024496    3.094130e+01
0:   527    3.032252e+04    1.041885    3.223728e+01
0:   528    3.155911e+04    1.040781    3.355196e+01
0:   529    3.239917e+04    1.026618    3.444506e+01
0:   530    3.281678e+04    1.012890    3.488904e+01
0: gamma -1.102933e+06alpha -1.000739e-03  531    3.267134e+04    0.995568    3.473443e+01
0:   532    3.197302e+04    0.978626    3.399201e+01
0:   533    3.080998e+04    0.963624    3.275553e+01
0:   534    2.924865e+04    0.949324    3.109560e+01
0:   535    2.762691e+04    0.944553    2.937146e+01
0:   536    2.583230e+04    0.935041    2.746352e+01
0:   537    2.401275e+04    0.929563    2.552907e+01
0:   538    2.275109e+04    0.947459    2.418774e+01
0:   539    2.156838e+04    0.948015    2.293035e+01
0:   540    2.066045e+04    0.957905    2.196509e+01
0:   541    2.033500e+04    0.984248    2.161909e+01
0:   542    1.948363e+04    0.958133    2.071395e+01
0:   543    1.931030e+04    0.991104    2.052968e+01
0:   544    1.967753e+04    1.019017    2.092009e+01
0:   545    2.066556e+04    1.050211    2.197052e+01
0:   546    2.169221e+04    1.049680    2.306200e+01
0:   547    2.319729e+04    1.069383    2.466212e+01
0:   548    2.528174e+04    1.089857    2.687819e+01
0:   549    2.727860e+04    1.078984    2.900115e+01
0:   550    2.952974e+04    1.082524    3.139444e+01
0:   551    3.161199e+04    1.070514    3.360818e+01
0:   552    3.268722e+04    1.034013    3.475130e+01
0:   553    3.272991e+04    1.001306    3.479670e+01
0: gamma -3.818265e+05alpha -7.401341e-02  554    3.168568e+04    0.968096    3.368653e+01
0:   555    2.997260e+04    0.945935    3.186526e+01
0:   556    2.776926e+04    0.926488    2.952280e+01
0:   557    2.502420e+04    0.901147    2.660439e+01
0:   558    2.315203e+04    0.925186    2.461400e+01
0:   559    2.190578e+04    0.946171    2.328906e+01
0:   560    2.119440e+04    0.967526    2.253276e+01
0:   561    2.091940e+04    0.987025    2.224039e+01
0:   562    2.080127e+04    0.994353    2.211480e+01
0:   563    2.115234e+04    1.016877    2.248804e+01
0:   564    2.242269e+04    1.060057    2.383860e+01
0:   565    2.355083e+04    1.050313    2.503799e+01
0:   566    2.497429e+04    1.060442    2.655133e+01
0:   567    2.632017e+04    1.053890    2.798219e+01
0:   568    2.762643e+04    1.049630    2.937094e+01
0:   569    2.876420e+04    1.041184    3.058056e+01
0:   570    2.965069e+04    1.030819    3.152303e+01
0:   571    3.008720e+04    1.014722    3.198710e+01
0: gamma -6.863406e+05alpha -7.522586e-04  572    2.998167e+04    0.996493    3.187491e+01
0:   573    2.938674e+04    0.980157    3.124241e+01
0:   574    2.842895e+04    0.967408    3.022414e+01
0:   575    2.732800e+04    0.961274    2.905367e+01
0:   576    2.651684e+04    0.970317    2.819128e+01
0:   577    2.609836e+04    0.984218    2.774638e+01
0:   578    2.619959e+04    1.003879    2.785400e+01
0:   579    2.688312e+04    1.026089    2.858069e+01
0:   580    2.801830e+04    1.042227    2.978756e+01
0:   581    2.913389e+04    1.039816    3.097360e+01
0:   582    3.010781e+04    1.033429    3.200902e+01
0:   583    3.068542e+04    1.019184    3.262309e+01
0:   584    3.073585e+04    1.001644    3.267671e+01
0: gamma -4.654427e+05alpha -2.614928e-02  585    3.030644e+04    0.986029    3.222019e+01
0:   586    2.951024e+04    0.973729    3.137372e+01
0:   587    2.833749e+04    0.960260    3.012691e+01
0:   588    2.702053e+04    0.953526    2.872679e+01
0:   589    2.588730e+04    0.958060    2.752199e+01
0:   590    2.514642e+04    0.971381    2.673433e+01
0:   591    2.480234e+04    0.986317    2.636852e+01
0:   592    2.514544e+04    1.013834    2.673329e+01
0:   593    2.601200e+04    1.034462    2.765457e+01
0:   594    2.737210e+04    1.052288    2.910056e+01
0:   595    2.899415e+04    1.059259    3.082504e+01
0:   596    3.019462e+04    1.041404    3.210131e+01
0:   597    3.084947e+04    1.021688    3.279751e+01
0: gamma -1.093126e+06alpha -6.995678e-04  598    3.068462e+04    0.994656    3.262225e+01
0:   599    2.970281e+04    0.968003    3.157844e+01
0:   600    2.813747e+04    0.947300    2.991425e+01
0:   601    2.632276e+04    0.935506    2.798496e+01
0:   602    2.441677e+04    0.927591    2.595860e+01
0:   603    2.280640e+04    0.934047    2.424655e+01
0:   604    2.136696e+04    0.936884    2.271621e+01
0:   605    2.060991e+04    0.964569    2.191136e+01
0:   606    1.989398e+04    0.965263    2.115022e+01
0:   607    1.943664e+04    0.977011    2.066400e+01
0:   608    1.896815e+04    0.975896    2.016592e+01
0:   609    1.872767e+04    0.987322    1.991026e+01
0:   610    1.918215e+04    1.024267    2.039343e+01
0:   611    1.931750e+04    1.007056    2.053733e+01
0:   612    1.982851e+04    1.026453    2.108061e+01
0:   613    2.065405e+04    1.041634    2.195828e+01
0:   614    2.173593e+04    1.052381    2.310847e+01
0:   615    2.316887e+04    1.065925    2.463190e+01
0:   616    2.453755e+04    1.059074    2.608701e+01
0:   617    2.603554e+04    1.061049    2.767959e+01
0:   618    2.761867e+04    1.060807    2.936270e+01
0:   619    2.918052e+04    1.056550    3.102317e+01
0:   620    3.077759e+04    1.054731    3.272109e+01
0:   621    3.196050e+04    1.038434    3.397869e+01
0:   622    3.268337e+04    1.022618    3.474721e+01
0:   623    3.281727e+04    1.004097    3.488956e+01
0: gamma -9.610065e+05alpha -1.229083e-02  624    3.229798e+04    0.984177    3.433749e+01
0:   625    3.124947e+04    0.967536    3.322277e+01
0:   626    2.985017e+04    0.955222    3.173511e+01
0:   627    2.853791e+04    0.956038    3.033998e+01
0:   628    2.761899e+04    0.967800    2.936303e+01
0:   629    2.718771e+04    0.984385    2.890453e+01
0:   630    2.772417e+04    1.019732    2.947486e+01
0:   631    2.882387e+04    1.039665    3.064399e+01
0:   632    3.006530e+04    1.043070    3.196382e+01
0:   633    3.138049e+04    1.043744    3.336206e+01
0:   634    3.243305e+04    1.033542    3.448108e+01
0:   635    3.306101e+04    1.019362    3.514870e+01
0:   636    3.315659e+04    1.002891    3.525032e+01
0: gamma -8.818816e+05alpha -1.485529e-02  637    3.272632e+04    0.987023    3.479287e+01
0:   638    3.178562e+04    0.971256    3.379278e+01
0:   639    3.047743e+04    0.958843    3.240198e+01
0:   640    2.894957e+04    0.949869    3.077764e+01
0:   641    2.751936e+04    0.950596    2.925711e+01
0:   642    2.598475e+04    0.944235    2.762560e+01
0:   643    2.455333e+04    0.944913    2.610379e+01
0:   644    2.341582e+04    0.953672    2.489445e+01
0:   645    2.244826e+04    0.958679    2.386579e+01
0:   646    2.253185e+04    1.003724    2.395466e+01
0:   647    2.307283e+04    1.024009    2.452980e+01
0:   648    2.447554e+04    1.060795    2.602109e+01
0:   649    2.635232e+04    1.076680    2.801638e+01
0:   650    2.894742e+04    1.098477    3.077535e+01
0:   651    3.169179e+04    1.094805    3.369302e+01
0:   652    3.445269e+04    1.087117    3.662826e+01
0:   653    3.635354e+04    1.055173    3.864914e+01
0:   654    3.734080e+04    1.027157    3.969875e+01
0: gamma -1.938607e+06alpha -7.075276e-04  655    3.710074e+04    0.993571    3.944352e+01
0:   656    3.566546e+04    0.961314    3.791761e+01
0:   657    3.351768e+04    0.939780    3.563421e+01
0:   658    3.103188e+04    0.925836    3.299144e+01
0:   659    2.856894e+04    0.920632    3.037297e+01
0:   660    2.670701e+04    0.934827    2.839346e+01
0:   661    2.547774e+04    0.953972    2.708657e+01
0:   662    2.507628e+04    0.984243    2.665977e+01
0:   663    2.514456e+04    1.002723    2.673236e+01
0:   664    2.600737e+04    1.034314    2.764965e+01
0:   665    2.733583e+04    1.051080    2.906199e+01
0:   666    2.931562e+04    1.072425    3.116680e+01
0:   667    3.183511e+04    1.085944    3.384539e+01
0:   668    3.437004e+04    1.079627    3.654039e+01
0:   669    3.636652e+04    1.058088    3.866294e+01
0:   670    3.732516e+04    1.026360    3.968211e+01
0: gamma -2.268524e+06alpha -9.076453e-04  671    3.704234e+04    0.992423    3.938143e+01
0:   672    3.575754e+04    0.965316    3.801551e+01
0:   673    3.371321e+04    0.942828    3.584209e+01
0:   674    3.149511e+04    0.934207    3.348392e+01
0:   675    2.954019e+04    0.937929    3.140555e+01
0:   676    2.794697e+04    0.946066    2.971173e+01
0:   677    2.686011e+04    0.961110    2.855624e+01
0:   678    2.647695e+04    0.985735    2.814888e+01
0:   679    2.646722e+04    0.999632    2.813853e+01
0:   680    2.688615e+04    1.015828    2.858392e+01
0:   681    2.756665e+04    1.025310    2.930739e+01
0:   682    2.855926e+04    1.036008    3.036268e+01
0:   683    2.973911e+04    1.041312    3.161703e+01
0:   684    3.112678e+04    1.046661    3.309233e+01
0:   685    3.277418e+04    1.052926    3.484376e+01
0:   686    3.430536e+04    1.046719    3.647163e+01
0:   687    3.572755e+04    1.041457    3.798362e+01
0:   688    3.697998e+04    1.035055    3.931513e+01
0:   689    3.796485e+04    1.026633    4.036220e+01
0:   690    3.847821e+04    1.013522    4.090798e+01
0:   691    3.855802e+04    1.002074    4.099282e+01
0: gamma -6.245916e+05alpha -1.539347e-02  692    3.817491e+04    0.990064    4.058552e+01
0:   693    3.738417e+04    0.979286    3.974485e+01
0:   694    3.629904e+04    0.970974    3.859120e+01
0:   695    3.502364e+04    0.964864    3.723527e+01
0:   696    3.362229e+04    0.959988    3.574542e+01
0:   697    3.263143e+04    0.970529    3.469199e+01
0:   698    3.167912e+04    0.970816    3.367954e+01
0:   699    3.120567e+04    0.985055    3.317620e+01
0:   700    3.153084e+04    1.010420    3.352191e+01
0:   701    3.215860e+04    1.019909    3.418931e+01
0:   702    3.378288e+04    1.050508    3.591615e+01
0:   703    3.583662e+04    1.060792    3.809958e+01
0:   704    3.793577e+04    1.058576    4.033128e+01
0:   705    3.994747e+04    1.053029    4.247002e+01
0:   706    4.121309e+04    1.031682    4.381556e+01
0:   707    4.147836e+04    1.006436    4.409757e+01
0: gamma -2.148783e+06alpha -9.684323e-03  708    4.065966e+04    0.980262    4.322718e+01
0:   709    3.903362e+04    0.960009    4.149846e+01
0:   710    3.684718e+04    0.943986    3.917395e+01
0:   711    3.441525e+04    0.934000    3.658846e+01
0:   712    3.171478e+04    0.921533    3.371746e+01
0:   713    2.934820e+04    0.925379    3.120143e+01
0:   714    2.750351e+04    0.937145    2.924026e+01
0:   715    2.613654e+04    0.950298    2.778697e+01
0:   716    2.529382e+04    0.967757    2.689103e+01
0:   717    2.532325e+04    1.001164    2.692233e+01
0:   718    2.538681e+04    1.002510    2.698990e+01
0:   719    2.595761e+04    1.022484    2.759675e+01
0:   720    2.736228e+04    1.054114    2.909012e+01
0:   721    2.917323e+04    1.066184    3.101542e+01
0:   722    3.184620e+04    1.091624    3.385718e+01
0:   723    3.504234e+04    1.100362    3.725515e+01
0:   724    3.840515e+04    1.095964    4.083030e+01
0:   725    4.187969e+04    1.090471    4.452425e+01
0:   726    4.400410e+04    1.050727    4.678281e+01
0:   727    4.471144e+04    1.016074    4.753482e+01
0: gamma -5.205607e+06alpha -4.296621e-03  728    4.377050e+04    0.978955    4.653446e+01
0:   729    4.154629e+04    0.949185    4.416980e+01
0:   730    3.836717e+04    0.923480    4.078992e+01
0:   731    3.556856e+04    0.927057    3.781459e+01
0:   732    3.321302e+04    0.933775    3.531031e+01
0:   733    3.094506e+04    0.931715    3.289914e+01
0:   734    2.965264e+04    0.958235    3.152510e+01
0:   735    2.819580e+04    0.950870    2.997627e+01
0:   736    2.804883e+04    0.994787    2.982002e+01
0:   737    2.828579e+04    1.008448    3.007194e+01
0:   738    2.843068e+04    1.005122    3.022598e+01
0:   739    2.943941e+04    1.035480    3.129841e+01
0:   740    3.073670e+04    1.044067    3.267762e+01
0:   741    3.182452e+04    1.035391    3.383413e+01
0:   742    3.289525e+04    1.033645    3.497247e+01
0:   743    3.412216e+04    1.037298    3.627686e+01
0:   744    3.542806e+04    1.038271    3.766522e+01
0:   745    3.736233e+04    1.054597    3.972164e+01
0:   746    3.968566e+04    1.062184    4.219168e+01
0:   747    4.204307e+04    1.059402    4.469795e+01
0:   748    4.427600e+04    1.053110    4.707187e+01
0:   749    4.596355e+04    1.038114    4.886599e+01
0:   750    4.680407e+04    1.018287    4.975959e+01
0: gamma -2.896147e+06alpha -1.145853e-03  751    4.647108e+04    0.992885    4.940557e+01
0:   752    4.497032e+04    0.967705    4.781004e+01
0:   753    4.268996e+04    0.949292    4.538568e+01
0:   754    4.042012e+04    0.946830    4.297251e+01
0:   755    3.857233e+04    0.954285    4.100804e+01
0:   756    3.710765e+04    0.962028    3.945087e+01
0:   757    3.612004e+04    0.973385    3.840090e+01
0:   758    3.552995e+04    0.983663    3.777355e+01
0:   759    3.579217e+04    1.007380    3.805232e+01
0:   760    3.579358e+04    1.000040    3.805383e+01
0:   761    3.604808e+04    1.007110    3.832440e+01
0:   762    3.640790e+04    1.009982    3.870694e+01
0:   763    3.682307e+04    1.011403    3.914832e+01
0:   764    3.768695e+04    1.023460    4.006676e+01
0:   765    3.840096e+04    1.018946    4.082585e+01
0:   766    3.898184e+04    1.015127    4.144341e+01
0:   767    3.989790e+04    1.023500    4.241732e+01
0:   768    4.078760e+04    1.022299    4.336319e+01
0:   769    4.156333e+04    1.019019    4.418791e+01
0:   770    4.272563e+04    1.027964    4.542360e+01
0:   771    4.421685e+04    1.034902    4.700900e+01
0:   772    4.609476e+04    1.042470    4.900548e+01
0:   773    4.845040e+04    1.051104    5.150988e+01
0:   774    5.064606e+04    1.045318    5.384419e+01
0:   775    5.245409e+04    1.035699    5.576639e+01
0:   776    5.339761e+04    1.017988    5.676949e+01
0: gamma -2.455452e+06alpha -5.877388e-04  777    5.320889e+04    0.996466    5.656885e+01
0:   778    5.187584e+04    0.974947    5.515163e+01
0:   779    4.992532e+04    0.962400    5.307793e+01
0:   780    4.768713e+04    0.955169    5.069841e+01
0:   781    4.545016e+04    0.953091    4.832018e+01
0:   782    4.365127e+04    0.960421    4.640770e+01
0:   783    4.206945e+04    0.963762    4.472599e+01
0:   784    4.104317e+04    0.975605    4.363491e+01
0:   785    3.997774e+04    0.974041    4.250220e+01
0:   786    3.908260e+04    0.977609    4.155054e+01
0:   787    3.866148e+04    0.989225    4.110282e+01
0:   788    3.771857e+04    0.975611    4.010037e+01
0:   789    3.733641e+04    0.989868    3.969407e+01
0:   790    3.667437e+04    0.982268    3.899023e+01
0:   791    3.585643e+04    0.977697    3.812064e+01
0:   792    3.463216e+04    0.965856    3.681906e+01
0:   793    3.370113e+04    0.973117    3.582924e+01
0:   794    3.310299e+04    0.982252    3.519333e+01
0:   795    3.205414e+04    0.968316    3.407825e+01
0:   796    3.146704e+04    0.981684    3.345408e+01
0:   797    3.068252e+04    0.975068    3.262002e+01
0:   798    3.063882e+04    0.998576    3.257355e+01
0:   799    3.080844e+04    1.005536    3.275388e+01
0:   800    3.153098e+04    1.023453    3.352205e+01
0:   801    3.299409e+04    1.046402    3.507755e+01
0:   802    3.453648e+04    1.046747    3.671734e+01
0:   803    3.675636e+04    1.064276    3.907740e+01
0:   804    3.937771e+04    1.071317    4.186427e+01
0:   805    4.222421e+04    1.072287    4.489052e+01
0:   806    4.466750e+04    1.057865    4.748810e+01
0:   807    4.611604e+04    1.032429    4.902811e+01
0:   808    4.625242e+04    1.002957    4.917311e+01
0: gamma -1.533393e+06alpha -2.994955e-02  809    4.495041e+04    0.971850    4.778888e+01
0:   810    4.246676e+04    0.944747    4.514839e+01
0:   811    3.936833e+04    0.927039    4.185431e+01
0:   812    3.604301e+04    0.915533    3.831900e+01
0:   813    3.297059e+04    0.914757    3.505257e+01
0:   814    3.045568e+04    0.923723    3.237885e+01
0:   815    2.859952e+04    0.939054    3.040549e+01
0:   816    2.750065e+04    0.961577    2.923723e+01
0:   817    2.613524e+04    0.950350    2.778559e+01
0:   818    2.542280e+04    0.972740    2.702817e+01
0:   819    2.461303e+04    0.968148    2.616726e+01
0:   820    2.335368e+04    0.948834    2.482839e+01
0:   821    2.299933e+04    0.984827    2.445166e+01
0:   822    2.209201e+04    0.960550    2.348704e+01
0:   823    2.180469e+04    0.986995    2.318158e+01
0:   824    2.195936e+04    1.007093    2.334601e+01
0:   825    2.233566e+04    1.017136    2.374608e+01
0:   826    2.294351e+04    1.027214    2.439232e+01
0:   827    2.389269e+04    1.041370    2.540143e+01
0:   828    2.505986e+04    1.048850    2.664230e+01
0:   829    2.678052e+04    1.068662    2.847162e+01
0:   830    2.898414e+04    1.082284    3.081439e+01
0:   831    3.180488e+04    1.097320    3.381325e+01
0:   832    3.457707e+04    1.087163    3.676050e+01
0:   833    3.736215e+04    1.080547    3.972144e+01
0:   834    3.984626e+04    1.066488    4.236242e+01
0:   835    4.121534e+04    1.034359    4.381795e+01
0:   836    4.128461e+04    1.001681    4.389159e+01
0: gamma -7.051719e+05alpha -6.052103e-02  837    3.996572e+04    0.968054    4.248942e+01
0:   838    3.744086e+04    0.936824    3.980512e+01
0:   839    3.423650e+04    0.914415    3.639842e+01
0:   840    3.082780e+04    0.900437    3.277447e+01
0:   841    2.781596e+04    0.902301    2.957244e+01
0:   842    2.524981e+04    0.907746    2.684425e+01
0:   843    2.333124e+04    0.924016    2.480452e+01
0:   844    2.209697e+04    0.947098    2.349232e+01
0:   845    2.163130e+04    0.978926    2.299725e+01
0:   846    2.112249e+04    0.976478    2.245630e+01
0:   847    2.049445e+04    0.970267    2.178861e+01
0:   848    2.054398e+04    1.002417    2.184126e+01
0:   849    2.074110e+04    1.009595    2.205083e+01
0:   850    2.060773e+04    0.993570    2.190903e+01
0:   851    2.065405e+04    1.002248    2.195829e+01
0:   852    2.091076e+04    1.012429    2.223120e+01
0:   853    2.197480e+04    1.050885    2.336243e+01
0:   854    2.294792e+04    1.044284    2.439700e+01
0:   855    2.333088e+04    1.016688    2.480414e+01
0:   856    2.369554e+04    1.015630    2.519183e+01
0:   857    2.484747e+04    1.048614    2.641651e+01
0:   858    2.691554e+04    1.083231    2.861517e+01
0:   859    2.891735e+04    1.074374    3.074338e+01
0:   860    3.145311e+04    1.087690    3.343927e+01
0:   861    3.406104e+04    1.082915    3.621188e+01
0:   862    3.681901e+04    1.080971    3.914400e+01
0:   863    3.910322e+04    1.062039    4.157245e+01
0:   864    4.031535e+04    1.030998    4.286112e+01
0: gamma -2.279822e+06alpha -6.661246e-04  865    4.005239e+04    0.993477    4.258156e+01
0:   866    3.853933e+04    0.962223    4.097296e+01
0:   867    3.617328e+04    0.938607    3.845750e+01
0:   868    3.381810e+04    0.934892    3.595360e+01
0:   869    3.173057e+04    0.938272    3.373425e+01
0:   870    2.997102e+04    0.944547    3.186359e+01
0:   871    2.893455e+04    0.965417    3.076166e+01
0:   872    2.850686e+04    0.985219    3.030697e+01
0:   873    2.846893e+04    0.998669    3.026665e+01
0:   874    2.867491e+04    1.007235    3.048563e+01
0:   875    2.937254e+04    1.024329    3.122732e+01
0:   876    3.054469e+04    1.039906    3.247348e+01
0:   877    3.210724e+04    1.051156    3.413470e+01
0:   878    3.429961e+04    1.068283    3.646551e+01
0:   879    3.683595e+04    1.073947    3.916202e+01
0:   880    3.944808e+04    1.070912    4.193909e+01
0:   881    4.218947e+04    1.069494    4.485359e+01
0:   882    4.420308e+04    1.047728    4.699436e+01
0:   883    4.489759e+04    1.015712    4.773272e+01
0: gamma -4.103011e+06alpha -3.172942e-03  884    4.418811e+04    0.984198    4.697844e+01
0:   885    4.228725e+04    0.956983    4.495755e+01
0:   886    3.976756e+04    0.940415    4.227874e+01
0:   887    3.720143e+04    0.935472    3.955057e+01
0:   888    3.505985e+04    0.942433    3.727376e+01
0:   889    3.359714e+04    0.958280    3.571869e+01
0:   890    3.301938e+04    0.982803    3.510444e+01
0:   891    3.265874e+04    0.989078    3.472103e+01
0:   892    3.248694e+04    0.994740    3.453838e+01
0:   893    3.258471e+04    1.003009    3.464232e+01
0:   894    3.379943e+04    1.037279    3.593375e+01
0:   895    3.528481e+04    1.043947    3.751293e+01
0:   896    3.664892e+04    1.038660    3.896317e+01
0:   897    3.850839e+04    1.050737    4.094006e+01
0:   898    4.068928e+04    1.056634    4.325867e+01
0:   899    4.332921e+04    1.064880    4.606530e+01
0:   900    4.597272e+04    1.061010    4.887574e+01
0:   901    4.845541e+04    1.054004    5.151521e+01
0:   902    4.991096e+04    1.030039    5.306267e+01
0:   903    4.997312e+04    1.001245    5.312875e+01
0: gamma -7.789849e+05alpha -6.676959e-02  904    4.860254e+04    0.972574    5.167162e+01
0:   905    4.620613e+04    0.950694    4.912389e+01
0:   906    4.334099e+04    0.937992    4.607783e+01
0:   907    4.056338e+04    0.935913    4.312482e+01
0:   908    3.828783e+04    0.943901    4.070557e+01
0:   909    3.648877e+04    0.953012    3.879291e+01
0:   910    3.528605e+04    0.967039    3.751425e+01
0:   911    3.445188e+04    0.976360    3.662739e+01
0:   912    3.381383e+04    0.981480    3.594906e+01
0:   913    3.371519e+04    0.997083    3.584419e+01
0:   914    3.289709e+04    0.975735    3.497443e+01
0:   915    3.215509e+04    0.977445    3.418557e+01
0:   916    3.163639e+04    0.983869    3.363412e+01
0:   917    3.139981e+04    0.992522    3.338260e+01
0:   918    3.087547e+04    0.983301    3.282515e+01
0:   919    3.081103e+04    0.997913    3.275664e+01
0:   920    3.064942e+04    0.994755    3.258483e+01
0:   921    3.088430e+04    1.007663    3.283454e+01
0:   922    3.172251e+04    1.027140    3.372568e+01
0:   923    3.284143e+04    1.035272    3.491525e+01
0:   924    3.474712e+04    1.058027    3.694128e+01
0:   925    3.738009e+04    1.075775    3.974051e+01
0:   926    4.002622e+04    1.070790    4.255374e+01
0:   927    4.271067e+04    1.067067    4.540771e+01
0:   928    4.457075e+04    1.043551    4.738524e+01
0:   929    4.511389e+04    1.012186    4.796268e+01
0: gamma -3.835848e+06alpha -4.273465e-03  930    4.435082e+04    0.983086    4.715142e+01
0:   931    4.249249e+04    0.958099    4.517575e+01
0:   932    3.992392e+04    0.939552    4.244497e+01
0:   933    3.743424e+04    0.937639    3.979808e+01
0:   934    3.477410e+04    0.928939    3.696997e+01
0:   935    3.280130e+04    0.943268    3.487259e+01
0:   936    3.138431e+04    0.956801    3.336612e+01
0:   937    3.002214e+04    0.956597    3.191794e+01
0:   938    2.956300e+04    0.984706    3.142980e+01
0:   939    2.966163e+04    1.003337    3.153466e+01
0:   940    3.052523e+04    1.029115    3.245279e+01
0:   941    3.162958e+04    1.036178    3.362688e+01
0:   942    3.370744e+04    1.065694    3.583595e+01
0:   943    3.661254e+04    1.086186    3.892449e+01
0:   944    4.012375e+04    1.095902    4.265743e+01
0:   945    4.389252e+04    1.093929    4.666418e+01
0:   946    4.734164e+04    1.078581    5.033110e+01
0:   947    5.007237e+04    1.057681    5.323427e+01
0:   948    5.117964e+04    1.022113    5.441146e+01
0: gamma -6.923304e+06alpha -2.451209e-03  949    5.028040e+04    0.982430    5.345544e+01
0:   950    4.773015e+04    0.949279    5.074414e+01
0:   951    4.403809e+04    0.922647    4.681894e+01
0:   952    3.993306e+04    0.906785    4.245470e+01
0:   953    3.600772e+04    0.901702    3.828149e+01
0:   954    3.278480e+04    0.910493    3.485504e+01
0:   955    3.074653e+04    0.937829    3.268806e+01
0:   956    2.960413e+04    0.962845    3.147353e+01
0:   957    2.938637e+04    0.992644    3.124202e+01
0:   958    2.942437e+04    1.001293    3.128242e+01
0:   959    2.900860e+04    0.985870    3.084039e+01
0:   960    3.057030e+04    1.053836    3.250071e+01
0:   961    3.202204e+04    1.047488    3.404412e+01
0:   962    3.396677e+04    1.060731    3.611166e+01
0:   963    3.647784e+04    1.073927    3.878130e+01
0:   964    3.864262e+04    1.059345    4.108277e+01
0:   965    4.177138e+04    1.080967    4.440911e+01
0:   966    4.501244e+04    1.077590    4.785482e+01
0:   967    4.810782e+04    1.068767    5.114566e+01
0:   968    5.035795e+04    1.046773    5.353789e+01
0:   969    5.092327e+04    1.011226    5.413891e+01
0: gamma -5.748690e+06alpha -6.690391e-03  970    4.960135e+04    0.974041    5.273351e+01
0:   971    4.695864e+04    0.946721    4.992391e+01
0:   972    4.382343e+04    0.933235    4.659073e+01
0:   973    4.083367e+04    0.931777    4.341218e+01
0:   974    3.850689e+04    0.943018    4.093847e+01
0:   975    3.646555e+04    0.946988    3.876822e+01
0:   976    3.563339e+04    0.977180    3.788352e+01
0:   977    3.564273e+04    1.000262    3.789344e+01
0:   978    3.549514e+04    0.995859    3.773654e+01
0:   979    3.574834e+04    1.007133    3.800572e+01
0:   980    3.607345e+04    1.009095    3.835136e+01
0:   981    3.604677e+04    0.999260    3.832300e+01
0:   982    3.596964e+04    0.997860    3.824100e+01
0:   983    3.661763e+04    1.018015    3.892990e+01
0:   984    3.680639e+04    1.005155    3.913059e+01
0:   985    3.714650e+04    1.009240    3.949217e+01
0:   986    3.756385e+04    1.011235    3.993588e+01
0:   987    3.832589e+04    1.020287    4.074604e+01
0:   988    3.948166e+04    1.030156    4.197479e+01
0:   989    4.076841e+04    1.032591    4.334280e+01
0:   990    4.288271e+04    1.051861    4.559060e+01
0:   991    4.552259e+04    1.061561    4.839719e+01
0:   992    4.847349e+04    1.064823    5.153443e+01
0:   993    5.108879e+04    1.053953    5.431487e+01
0:   994    5.280482e+04    1.033589    5.613927e+01
0:   995    5.319781e+04    1.007442    5.655708e+01
0: gamma -4.312277e+06alpha -8.261493e-03  996    5.218330e+04    0.980929    5.547850e+01
0:   997    4.998284e+04    0.957832    5.313909e+01
0:   998    4.722306e+04    0.944785    5.020503e+01
0:   999    4.430919e+04    0.938296    4.710716e+01
0:  1000    4.165808e+04    0.940168    4.428864e+01
0: 
0: 
0: =============================================
0: Solve phase times:
0: =============================================
0: PCG Solve:
0:   wall clock time = 0.257938 seconds
0:   wall MFLOPS     = 0.000000
0:   cpu clock time  = 0.274259 seconds
0:   cpu MFLOPS      = 0.000000
0: 
0: 
0: Iterations = 1000
0: Final Relative Residual Norm = 4.428864e+01
0: 
0: Global matrix size: 192 x 192 x 192
0: 125pt 3D Laplacian
0: =============================================
0: Hypre init times:
0: =============================================
0: Hypre init:
0:   wall clock time = 0.134722 seconds
0:   wall MFLOPS     = 0.000000
0:   cpu clock time  = 0.129067 seconds
0:   cpu MFLOPS      = 0.000000
0: 
0: 
0: Using HYPRE_DEVELOP_STRING: v3.1.0-3-g13083b05c (branch v3.1.0_highradixallreduce; not the develop branch)
0: 
0: Running with these driver parameters:
0:   solver ID    = 2
0: 
0:   Laplacian_125pt:
0:     (nx, ny, nz) = (192, 192, 192)
0:     (Px, Py, Pz) = (2, 2, 2)
0: 
0: =============================================
0: Generate Matrix:
0: =============================================
0: Spatial Operator:
0:   wall clock time = 0.970914 seconds
0:   wall MFLOPS     = 0.000000
0:   cpu clock time  = 0.954299 seconds
0:   cpu MFLOPS      = 0.000000
0: 
0:   Number of vector components: 1
0:   RHS vector has unit coefficients
0:   Initial guess is 0
0: =============================================
0: IJ Vector Setup:
0: =============================================
0: RHS and Initial Guess:
0:   wall clock time = 0.062816 seconds
0:   wall MFLOPS     = 0.000000
0:   cpu clock time  = 0.063540 seconds
0:   cpu MFLOPS      = 0.000000
0: 
0: Solver: DS-PCG
0: HYPRE_ParCSRPCGGetPrecond got good precond
0: =============================================
0: Setup phase times:
0: =============================================
0: PCG Setup:
0:   wall clock time = 0.000126 seconds
0:   wall MFLOPS     = 0.000000
0:   cpu clock time  = 0.000126 seconds
0:   cpu MFLOPS      = 0.000000
0: 
0: <b,b>: 7.077888e+06
0: 
0: 
0: Iters       ||r||_2     conv.rate  ||r||_2/||b||_2
0: -----    ------------   ---------  ------------ 
0:     1    3.210700e+04    12.068350    1.206835e+01
0:     2    3.928539e+04    1.223577    1.476656e+01
0:     3    4.206006e+04    1.070628    1.580950e+01
0:     4    4.452695e+04    1.058652    1.673675e+01
0:     5    4.659483e+04    1.046441    1.751402e+01
0:     6    4.762100e+04    1.022023    1.789974e+01
0:     7    4.884592e+04    1.025722    1.836016e+01
0:     8    5.018826e+04    1.027481    1.886472e+01
0:     9    5.128401e+04    1.021833    1.927659e+01
0:    10    5.227445e+04    1.019313    1.964887e+01
0:    11    5.327282e+04    1.019099    2.002414e+01
0:    12    5.425099e+04    1.018361    2.039181e+01
0:    13    5.528136e+04    1.018993    2.077911e+01
0:    14    5.645889e+04    1.021301    2.122172e+01
0:    15    5.773819e+04    1.022659    2.170258e+01
0:    16    5.914834e+04    1.024423    2.223263e+01
0:    17    6.082032e+04    1.028267    2.286109e+01
0:    18    6.292330e+04    1.034577    2.365155e+01
0:    19    6.560023e+04    1.042543    2.465775e+01
0:    20    6.905954e+04    1.052733    2.595804e+01
0:    21    7.354656e+04    1.064973    2.764461e+01
0:    22    7.938120e+04    1.079333    2.983773e+01
0:    23    8.674224e+04    1.092730    3.260459e+01
0:    24    9.559322e+04    1.102038    3.593149e+01
0:    25    1.055749e+05    1.104418    3.968340e+01
0:    26    1.158517e+05    1.097341    4.354622e+01
0:    27    1.250496e+05    1.079394    4.700354e+01
0:    28    1.315177e+05    1.051724    4.943477e+01
0:    29    1.338569e+05    1.017786    5.031402e+01
0: gamma -4.156986e+07alpha -2.992471e-03   30    1.315557e+05    0.982808    4.944905e+01
0:    31    1.253083e+05    0.952511    4.710077e+01
0:    32    1.167329e+05    0.931565    4.387745e+01
0:    33    1.074736e+05    0.920680    4.039708e+01
0:    34    9.855326e+04    0.917000    3.704411e+01
0:    35    9.447603e+04    0.958629    3.551156e+01
0:    36    9.524505e+04    1.008140    3.580062e+01
0:    37    9.229760e+04    0.969054    3.469274e+01
0:    38    1.023404e+05    1.108809    3.846760e+01
0:    39    1.043505e+05    1.019642    3.922319e+01
0:    40    1.129914e+05    1.082806    4.247110e+01
0:    41    1.214603e+05    1.074952    4.565438e+01
0:    42    1.272623e+05    1.047769    4.783524e+01
0:    43    1.321993e+05    1.038794    4.969097e+01
0:    44    1.345805e+05    1.018012    5.058599e+01
0: gamma -2.342040e+07alpha -1.123833e-03   45    1.337181e+05    0.993592    5.026183e+01
0:    46    1.299156e+05    0.971564    4.883256e+01
0:    47    1.245270e+05    0.958522    4.680710e+01
0:    48    1.185100e+05    0.951681    4.454542e+01
0:    49    1.128208e+05    0.951994    4.240697e+01
0:    50    1.095713e+05    0.971198    4.118558e+01
0:    51    1.106536e+05    1.009877    4.159238e+01
0:    52    1.155382e+05    1.044143    4.342838e+01
0:    53    1.217816e+05    1.054038    4.577515e+01
0:    54    1.268262e+05    1.041423    4.767130e+01
0:    55    1.303588e+05    1.027854    4.899915e+01
0:    56    1.323959e+05    1.015627    4.976486e+01
0:    57    1.326109e+05    1.001624    4.984568e+01
0: gamma -7.566457e+06alpha -2.593474e-02   58    1.306162e+05    0.984958    4.909591e+01
0:    59    1.267717e+05    0.970566    4.765082e+01
0:    60    1.221628e+05    0.963644    4.591845e+01
0:    61    1.176230e+05    0.962838    4.421203e+01
0:    62    1.136930e+05    0.966588    4.273483e+01
0:    63    1.106778e+05    0.973479    4.160148e+01
0:    64    1.090770e+05    0.985536    4.099977e+01
0:    65    1.092857e+05    1.001914    4.107822e+01
0:    66    1.120572e+05    1.025360    4.211997e+01
0:    67    1.173639e+05    1.047357    4.411464e+01
0:    68    1.246259e+05    1.061876    4.684426e+01
0:    69    1.325158e+05    1.063309    4.980991e+01
0:    70    1.386121e+05    1.046004    5.210138e+01
0:    71    1.413621e+05    1.019840    5.313505e+01
0: gamma -3.178341e+07alpha -1.580798e-03   72    1.398019e+05    0.988963    5.254862e+01
0:    73    1.346531e+05    0.963171    5.061328e+01
0:    74    1.269807e+05    0.943021    4.772939e+01
0:    75    1.194769e+05    0.940906    4.490886e+01
0:    76    1.117221e+05    0.935094    4.199400e+01
0:    77    1.067200e+05    0.955227    4.011381e+01
0:    78    1.006118e+05    0.942765    3.781788e+01
0:    79    9.766410e+04    0.970702    3.670989e+01
0:    80    9.318641e+04    0.954152    3.502682e+01
0:    81    8.902422e+04    0.955335    3.346234e+01
0:    82    8.765418e+04    0.984611    3.294737e+01
0:    83    8.688920e+04    0.991273    3.265983e+01
0:    84    8.882611e+04    1.022292    3.338788e+01
0:    85    9.454927e+04    1.064431    3.553909e+01
0:    86    1.020052e+05    1.078858    3.834163e+01
0:    87    1.114057e+05    1.092157    4.187508e+01
0:    88    1.232266e+05    1.106106    4.631829e+01
0:    89    1.357050e+05    1.101264    5.100867e+01
0:    90    1.459181e+05    1.075260    5.484757e+01
0:    91    1.519746e+05    1.041506    5.712409e+01
0:    92    1.528093e+05    1.005492    5.743780e+01
0: gamma -2.818585e+07alpha -1.626644e-02   93    1.485814e+05    0.972332    5.584862e+01
0:    94    1.410821e+05    0.949528    5.302982e+01
0:    95    1.324757e+05    0.938997    4.979484e+01
0:    96    1.240264e+05    0.936220    4.661894e+01
0:    97    1.168670e+05    0.942275    4.392787e+01
0:    98    1.131564e+05    0.968249    4.253311e+01
0:    99    1.139476e+05    1.006992    4.283052e+01
0:   100    1.173448e+05    1.029814    4.410746e+01
0:   101    1.213528e+05    1.034156    4.561398e+01
0:   102    1.262201e+05    1.040108    4.744348e+01
0:   103    1.323864e+05    1.048854    4.976128e+01
0:   104    1.391468e+05    1.051065    5.230237e+01
0:   105    1.447615e+05    1.040351    5.441282e+01
0:   106    1.479249e+05    1.021852    5.560187e+01
0:   107    1.485101e+05    1.003956    5.582184e+01
0: gamma -2.167949e+07alpha -1.272020e-02  108    1.458982e+05    0.982412    5.484007e+01
0:   109    1.406041e+05    0.963714    5.285014e+01
0:   110    1.332340e+05    0.947582    5.007987e+01
0:   111    1.265795e+05    0.950054    4.757858e+01
0:   112    1.218864e+05    0.962924    4.581453e+01
0:   113    1.203067e+05    0.987040    4.522078e+01
0:   114    1.214826e+05    1.009774    4.566277e+01
0:   115    1.258299e+05    1.035786    4.729685e+01
0:   116    1.304184e+05    1.036465    4.902153e+01
0:   117    1.369240e+05    1.049883    5.146687e+01
0:   118    1.411726e+05    1.031029    5.306382e+01
0:   119    1.446971e+05    1.024966    5.438861e+01
0:   120    1.454781e+05    1.005398    5.468218e+01
0: gamma -2.131856e+07alpha -7.543235e-03  121    1.436680e+05    0.987557    5.400178e+01
0:   122    1.397231e+05    0.972542    5.251899e+01
0:   123    1.352604e+05    0.968061    5.084157e+01
0:   124    1.295503e+05    0.957784    4.869523e+01
0:   125    1.227475e+05    0.947489    4.613821e+01
0:   126    1.182403e+05    0.963280    4.444404e+01
0:   127    1.123106e+05    0.949850    4.221519e+01
0:   128    1.076890e+05    0.958850    4.047804e+01
0:   129    1.073264e+05    0.996633    4.034174e+01
0:   130    1.081719e+05    1.007878    4.065955e+01
0:   131    1.121501e+05    1.036777    4.215489e+01
0:   132    1.216041e+05    1.084297    4.570842e+01
0:   133    1.333023e+05    1.096199    5.010554e+01
0:   134    1.457331e+05    1.093253    5.477802e+01
0:   135    1.580149e+05    1.084276    5.939449e+01
0:   136    1.672015e+05    1.058138    6.284755e+01
0:   137    1.716644e+05    1.026692    6.452507e+01
0: gamma -4.742923e+07alpha -7.985156e-04  138    1.704093e+05    0.992689    6.405331e+01
0:   139    1.633101e+05    0.958340    6.138484e+01
0:   140    1.520381e+05    0.930978    5.714794e+01
0:   141    1.386715e+05    0.912084    5.212372e+01
0:   142    1.257531e+05    0.906842    4.726797e+01
0:   143    1.148694e+05    0.913451    4.317699e+01
0:   144    1.102123e+05    0.959457    4.142648e+01
0:   145    1.041834e+05    0.945298    3.916037e+01
0:   146    1.012859e+05    0.972188    3.807124e+01
0:   147    9.866284e+04    0.974103    3.708530e+01
0:   148    1.004731e+05    1.018348    3.776573e+01
0:   149    1.026148e+05    1.021317    3.857077e+01
0:   150    1.046023e+05    1.019368    3.931780e+01
0:   151    1.093994e+05    1.045861    4.112094e+01
0:   152    1.163893e+05    1.063894    4.374832e+01
0:   153    1.259465e+05    1.082114    4.734067e+01
0:   154    1.356310e+05    1.076894    5.098087e+01
0:   155    1.438349e+05    1.060487    5.406453e+01
0:   156    1.509229e+05    1.049278    5.672875e+01
0:   157    1.550614e+05    1.027421    5.828432e+01
0:   158    1.561132e+05    1.006784    5.867970e+01
0: gamma -2.796231e+07alpha -7.973448e-03  159    1.536423e+05    0.984172    5.775092e+01
0:   160    1.481949e+05    0.964545    5.570337e+01
0:   161    1.411871e+05    0.952712    5.306927e+01
0:   162    1.347330e+05    0.954287    5.064331e+01
0:   163    1.277838e+05    0.948423    4.803127e+01
0:   164    1.249522e+05    0.977840    4.696690e+01
0:   165    1.262065e+05    1.010038    4.743837e+01
0:   166    1.289279e+05    1.021563    4.846129e+01
0:   167    1.356327e+05    1.052005    5.098150e+01
0:   168    1.427041e+05    1.052136    5.363948e+01
0:   169    1.477453e+05    1.035326    5.553436e+01
0:   170    1.520618e+05    1.029216    5.715686e+01
0:   171    1.543741e+05    1.015206    5.802600e+01
0: gamma -7.922025e+06alpha -2.589451e-04  172    1.541901e+05    0.998808    5.795684e+01
0:   173    1.513787e+05    0.981766    5.690008e+01
0:   174    1.464756e+05    0.967611    5.505713e+01
0:   175    1.419062e+05    0.968804    5.333956e+01
0:   176    1.367628e+05    0.963755    5.140628e+01
0:   177    1.296071e+05    0.947678    4.871661e+01
0:   178    1.249032e+05    0.963706    4.694849e+01
0:   179    1.231324e+05    0.985823    4.628289e+01
0:   180    1.152536e+05    0.936013    4.332140e+01
0:   181    1.110982e+05    0.963946    4.175949e+01
0:   182    1.126202e+05    1.013700    4.233159e+01
0:   183    1.164965e+05    1.034419    4.378861e+01
0:   184    1.156844e+05    0.993029    4.348335e+01
0:   185    1.230673e+05    1.063820    4.625843e+01
0:   186    1.351749e+05    1.098382    5.080943e+01
0:   187    1.455504e+05    1.076756    5.470936e+01
0:   188    1.548875e+05    1.064150    5.821899e+01
0:   189    1.669103e+05    1.077623    6.273811e+01
0:   190    1.775388e+05    1.063678    6.673311e+01
0:   191    1.832871e+05    1.032378    6.889378e+01
0: gamma -4.048719e+07alpha -6.023961e-04  192    1.822959e+05    0.994592    6.852122e+01
0:   193    1.751829e+05    0.960981    6.584760e+01
0:   194    1.642556e+05    0.937624    6.174026e+01
0:   195    1.515447e+05    0.922615    5.696249e+01
0:   196    1.416753e+05    0.934874    5.325276e+01
0:   197    1.345000e+05    0.949354    5.055573e+01
0:   198    1.243625e+05    0.924628    4.674527e+01
0:   199    1.168993e+05    0.939988    4.393999e+01
0:   200    1.126456e+05    0.963612    4.234112e+01
0:   201    1.140920e+05    1.012840    4.288479e+01
0:   202    1.178485e+05    1.032925    4.429678e+01
0:   203    1.182927e+05    1.003769    4.446374e+01
0:   204    1.220679e+05    1.031915    4.588279e+01
0:   205    1.276902e+05    1.046058    4.799607e+01
0:   206    1.347219e+05    1.055068    5.063913e+01
0:   207    1.418873e+05    1.053187    5.333248e+01
0:   208    1.472536e+05    1.037820    5.534953e+01
0:   209    1.522425e+05    1.033880    5.722476e+01
0:   210    1.568077e+05    1.029987    5.894073e+01
0:   211    1.599201e+05    1.019848    6.011061e+01
0:   212    1.610700e+05    1.007191    6.054285e+01
0: gamma -2.465589e+07alpha -3.720669e-03  213    1.596737e+05    0.991331    6.001802e+01
0:   214    1.564220e+05    0.979635    5.879576e+01
0:   215    1.513167e+05    0.967362    5.687680e+01
0:   216    1.453031e+05    0.960258    5.461641e+01
0:   217    1.386002e+05    0.953869    5.209690e+01
0:   218    1.339638e+05    0.966549    5.035420e+01
0:   219    1.318244e+05    0.984030    4.955004e+01
0:   220    1.337256e+05    1.014422    5.026466e+01
0:   221    1.395573e+05    1.043609    5.245667e+01
0:   222    1.475062e+05    1.056958    5.544451e+01
0:   223    1.555931e+05    1.054824    5.848419e+01
0:   224    1.621752e+05    1.042303    6.095826e+01
0:   225    1.663516e+05    1.025752    6.252808e+01
0:   226    1.671862e+05    1.005017    6.284178e+01
0: gamma -2.936335e+07alpha -1.202331e-02  227    1.639619e+05    0.980715    6.162987e+01
0:   228    1.574817e+05    0.960477    5.919407e+01
0:   229    1.490565e+05    0.946500    5.602722e+01
0:   230    1.391690e+05    0.933666    5.231070e+01
0:   231    1.301720e+05    0.935352    4.892892e+01
0:   232    1.204394e+05    0.925233    4.527066e+01
0:   233    1.125091e+05    0.934155    4.228981e+01
0:   234    1.039560e+05    0.923979    3.907490e+01
0:   235    9.937940e+04    0.955975    3.735464e+01
0:   236    9.548667e+04    0.960830    3.589144e+01
0:   237    9.231958e+04    0.966832    3.470100e+01
0:   238    8.799283e+04    0.953133    3.307467e+01
0:   239    8.282891e+04    0.941314    3.113366e+01
0:   240    8.155645e+04    0.984637    3.065536e+01
0:   241    7.813007e+04    0.957988    2.936746e+01
0:   242    8.006000e+04    1.024702    3.009288e+01
0:   243    8.373642e+04    1.045921    3.147477e+01
0:   244    9.092908e+04    1.085896    3.417834e+01
0:   245    9.791662e+04    1.076846    3.680481e+01
0:   246    1.002417e+05    1.023746    3.767878e+01
0:   247    1.052446e+05    1.049907    3.955923e+01
0:   248    1.128639e+05    1.072397    4.242319e+01
0:   249    1.211855e+05    1.073731    4.555110e+01
0:   250    1.337019e+05    1.103283    5.025576e+01
0:   251    1.480611e+05    1.107397    5.565307e+01
0:   252    1.632310e+05    1.102457    6.135511e+01
0:   253    1.793352e+05    1.098659    6.740836e+01
0:   254    1.917526e+05    1.069241    7.207579e+01
0:   255    1.995121e+05    1.040466    7.499244e+01
0:   256    2.002922e+05    1.003910    7.528565e+01
0: gamma -3.572754e+07alpha -2.524992e-02  257    1.936868e+05    0.967021    7.280281e+01
0:   258    1.815583e+05    0.937381    6.824395e+01
0:   259    1.659395e+05    0.913974    6.237317e+01
0:   260    1.513366e+05    0.911999    5.688427e+01
0:   261    1.375032e+05    0.908592    5.168457e+01
0:   262    1.266436e+05    0.921023    4.760266e+01
0:   263    1.183533e+05    0.934539    4.448653e+01
0:   264    1.116547e+05    0.943401    4.196866e+01
0:   265    1.055443e+05    0.945274    3.967190e+01
0:   266    1.037632e+05    0.983125    3.900243e+01
0:   267    1.004407e+05    0.967979    3.775355e+01
0:   268    9.644577e+04    0.960226    3.625195e+01
0:   269    9.583437e+04    0.993661    3.602213e+01
0:   270    9.681221e+04    1.010203    3.638969e+01
0:   271    1.001296e+05    1.034266    3.763661e+01
0:   272    1.043627e+05    1.042277    3.922776e+01
0:   273    1.114412e+05    1.067826    4.188841e+01
0:   274    1.178178e+05    1.057220    4.428525e+01
0:   275    1.264483e+05    1.073253    4.752927e+01
0:   276    1.379380e+05    1.090864    5.184799e+01
0:   277    1.520871e+05    1.102576    5.716637e+01
0:   278    1.678331e+05    1.103533    6.308497e+01
0:   279    1.829465e+05    1.090050    6.876576e+01
0:   280    1.962941e+05    1.072959    7.378283e+01
0:   281    2.042542e+05    1.040552    7.677489e+01
0:   282    2.051672e+05    1.004470    7.711805e+01
0: gamma -4.334194e+07alpha -2.197533e-02  283    1.984455e+05    0.967238    7.459152e+01
0:   284    1.854722e+05    0.934625    6.971512e+01
0:   285    1.693540e+05    0.913096    6.365663e+01
0:   286    1.522794e+05    0.899178    5.723865e+01
0:   287    1.351739e+05    0.887670    5.080904e+01
0:   288    1.188869e+05    0.879511    4.468711e+01
0:   289    1.042622e+05    0.876986    3.918997e+01
0:   290    9.562719e+04    0.917180    3.594426e+01
0:   291    8.793909e+04    0.919603    3.305446e+01
0:   292    8.309942e+04    0.944966    3.123533e+01
0:   293    8.183125e+04    0.984739    3.075865e+01
0:   294    8.015127e+04    0.979470    3.012719e+01
0:   295    8.067745e+04    1.006565    3.032497e+01
0:   296    8.219310e+04    1.018787    3.089467e+01
0:   297    8.421532e+04    1.024603    3.165478e+01
0:   298    8.582889e+04    1.019160    3.226128e+01
0:   299    8.825646e+04    1.028284    3.317376e+01
0:   300    8.604543e+04    0.974948    3.234268e+01
0:   301    8.525291e+04    0.990789    3.204478e+01
0:   302    8.566943e+04    1.004886    3.220135e+01
0:   303    9.002560e+04    1.050849    3.383874e+01
0:   304    9.757403e+04    1.083848    3.667603e+01
0:   305    1.083422e+05    1.110359    4.072358e+01
0:   306    1.187298e+05    1.095877    4.462804e+01
0:   307    1.305963e+05    1.099946    4.908843e+01
0:   308    1.432348e+05    1.096775    5.383897e+01
0:   309    1.570895e+05    1.096727    5.904665e+01
0:   310    1.690113e+05    1.075892    6.352780e+01
0:   311    1.783396e+05    1.055194    6.703414e+01
0:   312    1.821825e+05    1.021548    6.847859e+01
0: gamma -7.437716e+07alpha -2.381288e-03  313    1.792695e+05    0.984010    6.738364e+01
0:   314    1.706818e+05    0.952096    6.415572e+01
0:   315    1.584349e+05    0.928247    5.955237e+01
0:   316    1.444161e+05    0.911517    5.428297e+01
0:   317    1.315153e+05    0.910669    4.943384e+01
0:   318    1.204564e+05    0.915912    4.527703e+01
0:   319    1.119683e+05    0.929534    4.208653e+01
0:   320    1.051678e+05    0.939264    3.953036e+01
0:   321    9.850669e+04    0.936662    3.702661e+01
0:   322    9.358133e+04    0.950000    3.517526e+01
0:   323    9.121283e+04    0.974690    3.428500e+01
0:   324    8.686793e+04    0.952365    3.265184e+01
0:   325    8.387181e+04    0.965510    3.152566e+01
0:   326    8.019588e+04    0.956172    3.014395e+01
0:   327    7.924262e+04    0.988113    2.978564e+01
0:   328    7.912938e+04    0.998571    2.974308e+01
0:   329    8.256979e+04    1.043478    3.103626e+01
0:   330    8.881072e+04    1.075584    3.338209e+01
0:   331    9.261534e+04    1.042840    3.481217e+01
0:   332    9.602588e+04    1.036825    3.609412e+01
0:   333    9.974639e+04    1.038745    3.749258e+01
0:   334    1.052056e+05    1.054731    3.954460e+01
0:   335    1.069933e+05    1.016992    4.021652e+01
0:   336    1.043359e+05    0.975163    3.921768e+01
0:   337    1.079873e+05    1.034997    4.059018e+01
0:   338    1.088226e+05    1.007735    4.090414e+01
0:   339    1.121990e+05    1.031027    4.217328e+01
0:   340    1.169017e+05    1.041913    4.394090e+01
0:   341    1.219759e+05    1.043406    4.584820e+01
0:   342    1.289364e+05    1.057064    4.846449e+01
0:   343    1.398585e+05    1.084709    5.256988e+01
0:   344    1.512392e+05    1.081373    5.684767e+01
0:   345    1.676701e+05    1.108642    6.302369e+01
0:   346    1.866322e+05    1.113092    7.015114e+01
0:   347    2.039162e+05    1.092610    7.664785e+01
0:   348    2.146534e+05    1.052655    8.068372e+01
0:   349    2.174670e+05    1.013107    8.174129e+01
0: gamma -1.223858e+08alpha -6.720475e-03  350    2.108981e+05    0.969794    7.927218e+01
0:   351    1.968091e+05    0.933195    7.397643e+01
0:   352    1.776726e+05    0.902766    6.678340e+01
0:   353    1.593669e+05    0.896970    5.990270e+01
0:   354    1.445409e+05    0.906969    5.432988e+01
0:   355    1.324314e+05    0.916221    4.977819e+01
0:   356    1.208457e+05    0.912516    4.542337e+01
0:   357    1.143595e+05    0.946326    4.298534e+01
0:   358    1.128976e+05    0.987217    4.243584e+01
0:   359    1.086552e+05    0.962423    4.084122e+01
0:   360    1.078766e+05    0.992834    4.054857e+01
0:   361    1.117126e+05    1.035559    4.199044e+01
0:   362    1.088778e+05    0.974624    4.092488e+01
0:   363    1.084589e+05    0.996153    4.076742e+01
0:   364    1.061796e+05    0.978985    3.991071e+01
0:   365    1.017077e+05    0.957883    3.822979e+01
0:   366    9.963875e+04    0.979658    3.745212e+01
0:   367    1.010520e+05    1.014184    3.798333e+01
0:   368    1.072205e+05    1.061043    4.030193e+01
0:   369    1.096670e+05    1.022818    4.122154e+01
0:   370    1.127467e+05    1.028082    4.237911e+01
0:   371    1.219956e+05    1.082033    4.585558e+01
0:   372    1.342028e+05    1.100063    5.044401e+01
0:   373    1.490217e+05    1.110422    5.601413e+01
0:   374    1.677260e+05    1.125514    6.304470e+01
0:   375    1.872288e+05    1.116278    7.037541e+01
0:   376    2.049757e+05    1.094787    7.704609e+01
0:   377    2.177515e+05    1.062328    8.184823e+01
0:   378    2.219161e+05    1.019126    8.341364e+01
0: gamma -1.492314e+08alpha -3.628517e-03  379    2.167047e+05    0.976516    8.145475e+01
0:   380    2.037515e+05    0.940227    7.658593e+01
0:   381    1.869524e+05    0.917551    7.027151e+01
0:   382    1.705970e+05    0.912515    6.412384e+01
0:   383    1.531761e+05    0.897883    5.757568e+01
0:   384    1.388381e+05    0.906395    5.218632e+01
0:   385    1.268211e+05    0.913446    4.766940e+01
0:   386    1.205921e+05    0.950884    4.532806e+01
0:   387    1.156259e+05    0.958818    4.346134e+01
0:   388    1.108946e+05    0.959081    4.168295e+01
0:   389    1.068685e+05    0.963695    4.016964e+01
0:   390    1.073904e+05    1.004884    4.036581e+01
0:   391    1.073170e+05    0.999317    4.033823e+01
0:   392    1.068101e+05    0.995276    4.014767e+01
0:   393    1.099003e+05    1.028932    4.130922e+01
0:   394    1.176162e+05    1.070208    4.420947e+01
0:   395    1.294105e+05    1.100278    4.864272e+01
0:   396    1.407800e+05    1.087855    5.291624e+01
0:   397    1.550286e+05    1.101212    5.827202e+01
0:   398    1.702310e+05    1.098061    6.398626e+01
0:   399    1.843019e+05    1.082658    6.927523e+01
0:   400    1.926166e+05    1.045114    7.240054e+01
0:   401    1.928219e+05    1.001066    7.247771e+01
0: gamma -1.138905e+07alpha -1.245797e-01  402    1.848662e+05    0.958741    6.948734e+01
0:   403    1.699547e+05    0.919339    6.388243e+01
0:   404    1.522755e+05    0.895977    5.723717e+01
0:   405    1.351225e+05    0.887355    5.078971e+01
0:   406    1.204216e+05    0.891204    4.526397e+01
0:   407    1.107029e+05    0.919294    4.161089e+01
0:   408    1.009959e+05    0.912315    3.796225e+01
0:   409    9.589682e+04    0.949512    3.604561e+01
0:   410    9.163180e+04    0.955525    3.444248e+01
0:   411    8.970936e+04    0.979020    3.371987e+01
0:   412    8.956769e+04    0.998421    3.366662e+01
0:   413    8.800116e+04    0.982510    3.307779e+01
0:   414    8.764723e+04    0.995978    3.294476e+01
0:   415    8.568144e+04    0.977571    3.220586e+01
0:   416    8.662396e+04    1.011000    3.256013e+01
0:   417    8.769923e+04    1.012413    3.296430e+01
0:   418    8.735805e+04    0.996110    3.283607e+01
0:   419    8.644143e+04    0.989507    3.249152e+01
0:   420    8.718265e+04    1.008575    3.277014e+01
0:   421    8.696467e+04    0.997500    3.268820e+01
0:   422    8.800224e+04    1.011931    3.307820e+01
0:   423    8.984596e+04    1.020951    3.377122e+01
0:   424    8.891137e+04    0.989598    3.341992e+01
0:   425    8.940056e+04    1.005502    3.360380e+01
0:   426    8.736273e+04    0.977206    3.283782e+01
0:   427    8.471210e+04    0.969659    3.184151e+01
0:   428    8.382509e+04    0.989529    3.150810e+01
0:   429    8.326339e+04    0.993299    3.129697e+01
0:   430    8.395711e+04    1.008332    3.155772e+01
0:   431    8.634352e+04    1.028424    3.245472e+01
0:   432    8.839790e+04    1.023793    3.322692e+01
0:   433    9.216344e+04    1.042598    3.464231e+01
0:   434    9.799328e+04    1.063255    3.683362e+01
0:   435    1.059444e+05    1.081139    3.982227e+01
0:   436    1.149378e+05    1.084888    4.320271e+01
0:   437    1.269530e+05    1.104537    4.771898e+01
0:   438    1.405349e+05    1.106983    5.282411e+01
0:   439    1.570213e+05    1.117312    5.902103e+01
0:   440    1.721616e+05    1.096422    6.471195e+01
0:   441    1.834804e+05    1.065745    6.896644e+01
0:   442    1.895958e+05    1.033330    7.126508e+01
0: gamma -5.474933e+07alpha -6.461243e-04  443    1.882480e+05    0.992891    7.075848e+01
0:   444    1.798231e+05    0.955246    6.759175e+01
0:   445    1.659591e+05    0.922902    6.238057e+01
0:   446    1.500220e+05    0.903970    5.639014e+01
0:   447    1.343721e+05    0.895683    5.050767e+01
0:   448    1.216227e+05    0.905118    4.571542e+01
0:   449    1.124570e+05    0.924639    4.227025e+01
0:   450    1.052114e+05    0.935570    3.954676e+01
0:   451    1.009367e+05    0.959371    3.794001e+01
0:   452    9.752154e+04    0.966165    3.665631e+01
0:   453    9.379467e+04    0.961784    3.525545e+01
0:   454    9.406243e+04    1.002855    3.535610e+01
0:   455    9.333311e+04    0.992246    3.508196e+01
0:   456    9.098373e+04    0.974828    3.419888e+01
0:   457    8.818573e+04    0.969247    3.314717e+01
0:   458    9.031397e+04    1.024134    3.394713e+01
0:   459    9.029691e+04    0.999811    3.394072e+01
0:   460    9.011323e+04    0.997966    3.387168e+01
0:   461    9.024168e+04    1.001425    3.391996e+01
0:   462    9.141033e+04    1.012950    3.435923e+01
0:   463    9.093935e+04    0.994848    3.418220e+01
0:   464    9.573513e+04    1.052736    3.598483e+01
0:   465    9.870625e+04    1.031035    3.710162e+01
0:   466    1.049047e+05    1.062797    3.943149e+01
0:   467    1.121712e+05    1.069267    4.216281e+01
0:   468    1.239200e+05    1.104740    4.657893e+01
0:   469    1.392781e+05    1.123936    5.235174e+01
0:   470    1.535084e+05    1.102171    5.770059e+01
0:   471    1.680969e+05    1.095034    6.318412e+01
0:   472    1.814907e+05    1.079679    6.821857e+01
0:   473    1.908054e+05    1.051323    7.171977e+01
0:   474    1.930983e+05    1.012017    7.258162e+01
0: gamma -7.907282e+07alpha -7.009345e-03  475    1.878621e+05    0.972883    7.061343e+01
0:   476    1.764729e+05    0.939375    6.633248e+01
0:   477    1.619400e+05    0.917648    6.086984e+01
0:   478    1.458870e+05    0.900871    5.483586e+01
0:   479    1.317054e+05    0.902790    4.950530e+01
0:   480    1.184928e+05    0.899681    4.453897e+01
0:   481    1.096473e+05    0.925350    4.121414e+01
0:   482    1.022285e+05    0.932339    3.842556e+01
0:   483    9.942660e+04    0.972592    3.737238e+01
0:   484    9.881491e+04    0.993848    3.714246e+01
0:   485    9.853260e+04    0.997143    3.703634e+01
0:   486    9.879012e+04    1.002614    3.713314e+01
0:   487    1.005038e+05    1.017346    3.777727e+01
0:   488    9.782298e+04    0.973326    3.676961e+01
0:   489    9.807905e+04    1.002618    3.686586e+01
0:   490    9.630271e+04    0.981889    3.619818e+01
0:   491    9.730849e+04    1.010444    3.657623e+01
0:   492    9.738388e+04    1.000775    3.660456e+01
0:   493    9.894677e+04    1.016049    3.719202e+01
0:   494    9.759905e+04    0.986379    3.668544e+01
0:   495    9.813785e+04    1.005521    3.688797e+01
0:   496    9.603696e+04    0.978592    3.609828e+01
0:   497    9.816984e+04    1.022209    3.689999e+01
0:   498    1.019148e+05    1.038148    3.830763e+01
0:   499    1.096919e+05    1.076310    4.123090e+01
0:   500    1.189672e+05    1.084558    4.471730e+01
0:   501    1.301032e+05    1.093605    4.890308e+01
0:   502    1.445864e+05    1.111321    5.434699e+01
0:   503    1.603764e+05    1.109208    6.028213e+01
0:   504    1.768249e+05    1.102562    6.646479e+01
0:   505    1.916240e+05    1.083693    7.202746e+01
0:   506    2.008620e+05    1.048209    7.549984e+01
0:   507    2.025556e+05    1.008432    7.613642e+01
0: gamma -6.767589e+07alpha -1.121974e-02  508    1.964394e+05    0.969805    7.383748e+01
0:   509    1.848571e+05    0.941039    6.948392e+01
0:   510    1.701115e+05    0.920232    6.394135e+01
0:   511    1.552538e+05    0.912659    5.835667e+01
0:   512    1.441132e+05    0.928243    5.416914e+01
0:   513    1.345437e+05    0.933597    5.057216e+01
0:   514    1.290545e+05    0.959201    4.850889e+01
0:   515    1.271550e+05    0.985282    4.779491e+01
0:   516    1.259932e+05    0.990863    4.735823e+01
0:   517    1.266467e+05    1.005186    4.760383e+01
0:   518    1.277961e+05    1.009076    4.803587e+01
0:   519    1.317390e+05    1.030854    4.951795e+01
0:   520    1.378239e+05    1.046189    5.180512e+01
0:   521    1.456488e+05    1.056775    5.474635e+01
0:   522    1.543090e+05    1.059459    5.800151e+01
0:   523    1.633992e+05    1.058909    6.141834e+01
0:   524    1.741370e+05    1.065715    6.545447e+01
0:   525    1.837368e+05    1.055127    6.906281e+01
0:   526    1.923403e+05    1.046825    7.229669e+01
0:   527    1.997982e+05    1.038775    7.509998e+01
0:   528    2.054345e+05    1.028210    7.721853e+01
0:   529    2.080378e+05    1.012672    7.819706e+01
0: gamma -2.954971e+07alpha -5.119441e-04  530    2.076112e+05    0.997950    7.803672e+01
0:   531    2.042039e+05    0.983588    7.675596e+01
0:   532    1.983514e+05    0.971340    7.455614e+01
0:   533    1.906716e+05    0.961282    7.166948e+01
0:   534    1.813581e+05    0.951154    6.816873e+01
0:   535    1.721939e+05    0.949469    6.472409e+01
0:   536    1.653506e+05    0.960258    6.215182e+01
0:   537    1.612505e+05    0.975204    6.061070e+01
0:   538    1.610770e+05    0.998924    6.054546e+01
0:   539    1.671787e+05    1.037881    6.283898e+01
0:   540    1.786495e+05    1.068614    6.715062e+01
0:   541    1.923009e+05    1.076415    7.228190e+01
0:   542    2.052331e+05    1.067250    7.714283e+01
0:   543    2.160884e+05    1.052892    8.122310e+01
0:   544    2.220564e+05    1.027619    8.346637e+01
0: gamma -2.641300e+07alpha -2.327025e-04  545    2.216106e+05    0.997992    8.329879e+01
0:   546    2.150088e+05    0.970210    8.081730e+01
0:   547    2.034338e+05    0.946165    7.646649e+01
0:   548    1.897606e+05    0.932788    7.132704e+01
0:   549    1.760037e+05    0.927504    6.615612e+01
0:   550    1.629038e+05    0.925570    6.123215e+01
0:   551    1.529330e+05    0.938793    5.748433e+01
0:   552    1.481563e+05    0.968766    5.568886e+01
0:   553    1.441920e+05    0.973242    5.419876e+01
0:   554    1.412151e+05    0.979354    5.307979e+01
0:   555    1.447114e+05    1.024759    5.439399e+01
0:   556    1.524836e+05    1.053708    5.731539e+01
0:   557    1.660139e+05    1.088733    6.240115e+01
0:   558    1.795203e+05    1.081357    6.747793e+01
0:   559    1.959988e+05    1.091792    7.367185e+01
0:   560    2.135772e+05    1.089686    8.027920e+01
0:   561    2.290203e+05    1.072307    8.608395e+01
0:   562    2.385321e+05    1.041532    8.965921e+01
0:   563    2.399119e+05    1.005785    9.017788e+01
0: gamma -7.307800e+07alpha -1.579809e-02  564    2.329433e+05    0.970953    8.755853e+01
0:   565    2.190920e+05    0.940538    8.235212e+01
0:   566    2.016067e+05    0.920192    7.577975e+01
0:   567    1.825692e+05    0.905571    6.862396e+01
0:   568    1.664515e+05    0.911717    6.256564e+01
0:   569    1.541853e+05    0.926308    5.795505e+01
0:   570    1.439653e+05    0.933716    5.411353e+01
0:   571    1.370531e+05    0.951988    5.151541e+01
0:   572    1.315603e+05    0.959922    4.945078e+01
0:   573    1.287351e+05    0.978525    4.838881e+01
0:   574    1.277528e+05    0.992370    4.801959e+01
0:   575    1.259841e+05    0.986155    4.735478e+01
0:   576    1.231095e+05    0.977183    4.627428e+01
0:   577    1.225697e+05    0.995616    4.607140e+01
0:   578    1.222725e+05    0.997575    4.595966e+01
0:   579    1.288417e+05    1.053726    4.842891e+01
0:   580    1.345649e+05    1.044420    5.058013e+01
0:   581    1.444083e+05    1.073150    5.428007e+01
0:   582    1.558926e+05    1.079526    5.859676e+01
0:   583    1.697344e+05    1.088791    6.379963e+01
0:   584    1.883062e+05    1.109416    7.078035e+01
0:   585    2.083923e+05    1.106668    7.833032e+01
0:   586    2.256652e+05    1.082886    8.482282e+01
0:   587    2.375053e+05    1.052468    8.927327e+01
0:   588    2.423127e+05    1.020241    9.108029e+01
0: gamma -1.283398e+08alpha -2.244103e-03  589    2.387590e+05    0.985334    8.974451e+01
0:   590    2.277728e+05    0.953986    8.561503e+01
0:   591    2.127160e+05    0.933896    7.995549e+01
0:   592    1.971148e+05    0.926657    7.409134e+01
0:   593    1.820489e+05    0.923568    6.842837e+01
0:   594    1.703289e+05    0.935622    6.402308e+01
0:   595    1.632519e+05    0.958451    6.136299e+01
0:   596    1.590517e+05    0.974271    5.978420e+01
0:   597    1.577705e+05    0.991945    5.930265e+01
0:   598    1.596145e+05    1.011688    5.999575e+01
0:   599    1.639475e+05    1.027147    6.162443e+01
0:   600    1.719757e+05    1.048968    6.464208e+01
0:   601    1.815173e+05    1.055482    6.822857e+01
0:   602    1.909045e+05    1.051715    7.175700e+01
0:   603    2.002829e+05    1.049126    7.528216e+01
0:   604    2.083758e+05    1.040407    7.832410e+01
0:   605    2.138263e+05    1.026157    8.037282e+01
0:   606    2.153935e+05    1.007330    8.096192e+01
0: gamma -5.479583e+07alpha -5.457298e-03  607    2.126245e+05    0.987144    7.992109e+01
0:   608    2.066391e+05    0.971850    7.767132e+01
0:   609    1.985676e+05    0.960939    7.463739e+01
0:   610    1.916037e+05    0.964930    7.201983e+01
0:   611    1.873304e+05    0.977697    7.041359e+01
0:   612    1.875182e+05    1.001002    7.048417e+01
0:   613    1.926875e+05    1.027567    7.242719e+01
0:   614    2.003677e+05    1.039859    7.531404e+01
0:   615    2.083494e+05    1.039835    7.831417e+01
0:   616    2.140967e+05    1.027585    8.047446e+01
0:   617    2.166781e+05    1.012057    8.144476e+01
0: gamma -4.219499e+07alpha -9.206276e-04  618    2.158832e+05    0.996331    8.114598e+01
0:   619    2.116456e+05    0.980371    7.955315e+01
0:   620    2.043787e+05    0.965665    7.682169e+01
0:   621    1.945689e+05    0.952002    7.313440e+01
0:   622    1.835741e+05    0.943491    6.900167e+01
0:   623    1.734081e+05    0.944622    6.518046e+01
0:   624    1.638405e+05    0.944826    6.158422e+01
0:   625    1.562460e+05    0.953647    5.872961e+01
0:   626    1.527818e+05    0.977828    5.742748e+01
0:   627    1.536969e+05    1.005990    5.777146e+01
0:   628    1.598478e+05    1.040020    6.008345e+01
0:   629    1.699110e+05    1.062955    6.386600e+01
0:   630    1.821683e+05    1.072139    6.847324e+01
0:   631    1.966275e+05    1.079373    7.390817e+01
0:   632    2.096129e+05    1.066040    7.878909e+01
0:   633    2.180419e+05    1.040212    8.195738e+01
0:   634    2.199389e+05    1.008700    8.267043e+01
0: gamma -8.280285e+07alpha -8.286834e-03  635    2.149791e+05    0.977449    8.080615e+01
0:   636    2.042559e+05    0.950120    7.677551e+01
0:   637    1.886776e+05    0.923732    7.091997e+01
0:   638    1.718918e+05    0.911034    6.461052e+01
0:   639    1.557091e+05    0.905856    5.852780e+01
0:   640    1.423276e+05    0.914061    5.349798e+01
0:   641    1.330270e+05    0.934654    5.000208e+01
0:   642    1.267037e+05    0.952466    4.762528e+01
0:   643    1.227253e+05    0.968601    4.612988e+01
0:   644    1.215010e+05    0.990024    4.566968e+01
0:   645    1.182318e+05    0.973093    4.444085e+01
0:   646    1.191629e+05    1.007875    4.479083e+01
0:   647    1.242418e+05    1.042622    4.669989e+01
0:   648    1.272080e+05    1.023874    4.781483e+01
0:   649    1.325406e+05    1.041920    4.981923e+01
0:   650    1.371692e+05    1.034922    5.155902e+01
0:   651    1.447191e+05    1.055041    5.439690e+01
0:   652    1.538467e+05    1.063071    5.782776e+01
0:   653    1.647882e+05    1.071119    6.194044e+01
0:   654    1.782609e+05    1.081758    6.700455e+01
0:   655    1.910829e+05    1.071928    7.182406e+01
0:   656    2.020326e+05    1.057303    7.593982e+01
0:   657    2.088394e+05    1.033692    7.849836e+01
0:   658    2.103386e+05    1.007178    7.906186e+01
0: gamma -6.090226e+07alpha -8.765682e-03  659    2.062266e+05    0.980451    7.751625e+01
0:   660    1.979352e+05    0.959795    7.439971e+01
0:   661    1.878237e+05    0.948915    7.059900e+01
0:   662    1.784030e+05    0.949843    6.705796e+01
0:   663    1.703409e+05    0.954810    6.402758e+01
0:   664    1.671286e+05    0.981142    6.282016e+01
0:   665    1.693546e+05    1.013319    6.365684e+01
0:   666    1.749057e+05    1.032778    6.574338e+01
0:   667    1.833167e+05    1.048089    6.890490e+01
0:   668    1.925413e+05    1.050321    7.237226e+01
0:   669    2.013151e+05    1.045568    7.567013e+01
0:   670    2.070027e+05    1.028252    7.780798e+01
0:   671    2.087944e+05    1.008656    7.848146e+01
0: gamma -6.332639e+07alpha -2.927140e-03  672    2.070519e+05    0.991654    7.782648e+01
0:   673    2.018656e+05    0.974952    7.587706e+01
0:   674    1.941517e+05    0.961787    7.297755e+01
0:   675    1.859412e+05    0.957711    6.989142e+01
0:   676    1.805420e+05    0.970963    6.786196e+01
0:   677    1.781279e+05    0.986629    6.695455e+01
0:   678    1.804496e+05    1.013034    6.782722e+01
0:   679    1.872138e+05    1.037485    7.036975e+01
0:   680    1.976839e+05    1.055926    7.430524e+01
0:   681    2.093605e+05    1.059067    7.869424e+01
0:   682    2.181198e+05    1.041838    8.198665e+01
0:   683    2.227804e+05    1.021368    8.373851e+01
0:   684    2.228065e+05    1.000117    8.374831e+01
0: gamma -1.672055e+06alpha -5.357355e-01  685    2.184077e+05    0.980257    8.209489e+01
0:   686    2.109192e+05    0.965713    7.928013e+01
0:   687    2.022831e+05    0.959055    7.603399e+01
0:   688    1.938864e+05    0.958490    7.287785e+01
0:   689    1.856296e+05    0.957414    6.977428e+01
0:   690    1.775252e+05    0.956341    6.672801e+01
0:   691    1.693606e+05    0.954009    6.365911e+01
0:   692    1.612844e+05    0.952314    6.062345e+01
0:   693    1.541680e+05    0.955877    5.794854e+01
0:   694    1.488210e+05    0.965317    5.593871e+01
0:   695    1.474444e+05    0.990750    5.542127e+01
0:   696    1.517403e+05    1.029136    5.703602e+01
0:   697    1.592991e+05    1.049814    5.987719e+01
0:   698    1.698543e+05    1.066260    6.384466e+01
0:   699    1.834146e+05    1.079835    6.894170e+01
0:   700    2.001687e+05    1.091346    7.523922e+01
0:   701    2.168057e+05    1.083115    8.149275e+01
0:   702    2.283155e+05    1.053088    8.581901e+01
0:   703    2.311741e+05    1.012521    8.689351e+01
0: gamma -1.140371e+08alpha -6.565558e-03  704    2.251241e+05    0.973829    8.461943e+01
0:   705    2.122560e+05    0.942840    7.978259e+01
0:   706    1.947831e+05    0.917680    7.321491e+01
0:   707    1.774310e+05    0.910916    6.669260e+01
0:   708    1.617141e+05    0.911420    6.078494e+01
0:   709    1.498418e+05    0.926585    5.632241e+01
0:   710    1.426147e+05    0.951768    5.360588e+01
0:   711    1.367493e+05    0.958872    5.140119e+01
0:   712    1.342382e+05    0.981638    5.045734e+01
0:   713    1.322375e+05    0.985096    4.970530e+01
0:   714    1.342260e+05    1.015037    5.045274e+01
0:   715    1.384285e+05    1.031309    5.203238e+01
0:   716    1.450770e+05    1.048028    5.453140e+01
0:   717    1.552257e+05    1.069954    5.834611e+01
0:   718    1.724738e+05    1.111116    6.482929e+01
0:   719    1.904118e+05    1.104004    7.157180e+01
0:   720    2.076372e+05    1.090464    7.804649e+01
0:   721    2.244066e+05    1.080763    8.434976e+01
0:   722    2.384243e+05    1.062466    8.961872e+01
0:   723    2.472808e+05    1.037146    9.294768e+01
0:   724    2.495930e+05    1.009351    9.381680e+01
0: gamma -1.082630e+08alpha -6.435827e-03  725    2.444969e+05    0.979582    9.190126e+01
0:   726    2.333917e+05    0.954579    8.772704e+01
0:   727    2.194015e+05    0.940057    8.246843e+01
0:   728    2.048241e+05    0.933558    7.698910e+01
0:   729    1.935547e+05    0.944980    7.275315e+01
0:   730    1.861701e+05    0.961848    6.997744e+01
0:   731    1.841632e+05    0.989220    6.922311e+01
0:   732    1.853856e+05    1.006638    6.968258e+01
0:   733    1.904774e+05    1.027466    7.159646e+01
0:   734    1.989902e+05    1.044692    7.479627e+01
0:   735    2.089788e+05    1.050196    7.855077e+01
0:   736    2.187370e+05    1.046694    8.221864e+01
0:   737    2.291313e+05    1.047520    8.612566e+01
0:   738    2.384351e+05    1.040605    8.962278e+01
0:   739    2.443698e+05    1.024890    9.185349e+01
0:   740    2.468738e+05    1.010247    9.279470e+01
0: gamma -4.572359e+07alpha -9.395195e-04  741    2.461105e+05    0.996908    9.250778e+01
0:   742    2.423657e+05    0.984784    9.110020e+01
0:   743    2.359815e+05    0.973659    8.870051e+01
0:   744    2.274185e+05    0.963713    8.548186e+01
0:   745    2.169810e+05    0.954104    8.155862e+01
0:   746    2.059353e+05    0.949094    7.740677e+01
0:   747    1.958375e+05    0.950966    7.361123e+01
0:   748    1.861038e+05    0.950297    6.995251e+01
0:   749    1.777953e+05    0.955356    6.682954e+01
0:   750    1.722106e+05    0.968589    6.473036e+01
0:   751    1.670707e+05    0.970153    6.279836e+01
0:   752    1.638691e+05    0.980837    6.159496e+01
0:   753    1.620673e+05    0.989005    6.091771e+01
0:   754    1.656317e+05    1.021993    6.225748e+01
0:   755    1.724178e+05    1.040971    6.480826e+01
0:   756    1.852774e+05    1.074584    6.964190e+01
0:   757    1.994056e+05    1.076254    7.495238e+01
0:   758    2.168464e+05    1.087464    8.150802e+01
0:   759    2.353758e+05    1.085449    8.847284e+01
0:   760    2.530769e+05    1.075203    9.512630e+01
0:   761    2.647318e+05    1.046053    9.950713e+01
0:   762    2.676874e+05    1.011165    1.006181e+02
0: gamma -1.371739e+08alpha -6.734490e-03  763    2.610841e+05    0.975332    9.813605e+01
0:   764    2.462859e+05    0.943320    9.257372e+01
0:   765    2.273802e+05    0.923237    8.546745e+01
0:   766    2.083191e+05    0.916171    7.830280e+01
0:   767    1.903019e+05    0.913511    7.153049e+01
0:   768    1.754775e+05    0.922101    6.595832e+01
0:   769    1.604529e+05    0.914379    6.031091e+01
0:   770    1.492392e+05    0.930112    5.609591e+01
0:   771    1.420088e+05    0.951551    5.337814e+01
0:   772    1.329439e+05    0.936167    4.997084e+01
0:   773    1.283097e+05    0.965142    4.822894e+01
0:   774    1.228760e+05    0.957652    4.618654e+01
0:   775    1.191200e+05    0.969432    4.477472e+01
0:   776    1.182299e+05    0.992528    4.444015e+01
0:   777    1.209212e+05    1.022763    4.545174e+01
0:   778    1.242479e+05    1.027512    4.670220e+01
0:   779    1.277514e+05    1.028197    4.801906e+01
0:   780    1.332896e+05    1.043352    5.010078e+01
0:   781    1.395219e+05    1.046758    5.244337e+01
0:   782    1.532636e+05    1.098492    5.760860e+01
0:   783    1.709026e+05    1.115089    6.423872e+01
0:   784    1.905845e+05    1.115164    7.163672e+01
0:   785    2.122656e+05    1.113761    7.978619e+01
0:   786    2.327878e+05    1.096682    8.750006e+01
0:   787    2.474910e+05    1.063161    9.302667e+01
0:   788    2.531707e+05    1.022949    9.516157e+01
0: gamma -1.398422e+08alpha -1.749391e-03  789    2.499432e+05    0.987252    9.394842e+01
0:   790    2.388842e+05    0.955754    8.979156e+01
0:   791    2.228278e+05    0.932786    8.375632e+01
0:   792    2.039792e+05    0.915412    7.667151e+01
0:   793    1.858139e+05    0.910946    6.984357e+01
0:   794    1.704664e+05    0.917404    6.407476e+01
0:   795    1.593832e+05    0.934983    5.990883e+01
0:   796    1.499447e+05    0.940781    5.636107e+01
0:   797    1.413885e+05    0.942938    5.314498e+01
0:   798    1.359536e+05    0.961561    5.110212e+01
0:   799    1.298457e+05    0.955074    4.880630e+01
0:   800    1.265493e+05    0.974613    4.756725e+01
0:   801    1.252604e+05    0.989815    4.708278e+01
0:   802    1.215447e+05    0.970336    4.568611e+01
0:   803    1.211026e+05    0.996363    4.551993e+01
0:   804    1.229763e+05    1.015472    4.622422e+01
0:   805    1.279576e+05    1.040506    4.809660e+01
0:   806    1.302774e+05    1.018129    4.896855e+01
0:   807    1.352440e+05    1.038123    5.083538e+01
0:   808    1.392384e+05    1.029535    5.233681e+01
0:   809    1.453312e+05    1.043758    5.462695e+01
0:   810    1.530230e+05    1.052926    5.751813e+01
0:   811    1.641568e+05    1.072759    6.170309e+01
0:   812    1.766977e+05    1.076396    6.641696e+01
0:   813    1.911274e+05    1.081663    7.184079e+01
0:   814    2.062143e+05    1.078937    7.751166e+01
0:   815    2.172355e+05    1.053445    8.165430e+01
0:   816    2.223134e+05    1.023375    8.356297e+01
0: gamma -9.724407e+07alpha -1.352176e-03  817    2.199633e+05    0.989428    8.267959e+01
0:   818    2.096693e+05    0.953202    7.881032e+01
0:   819    1.945421e+05    0.927852    7.312430e+01
0:   820    1.765720e+05    0.907629    6.636973e+01
0:   821    1.582358e+05    0.896155    5.947754e+01
0:   822    1.414796e+05    0.894106    5.317920e+01
0:   823    1.279700e+05    0.904513    4.810126e+01
0:   824    1.170421e+05    0.914606    4.399370e+01
0:   825    1.086806e+05    0.928560    4.085078e+01
0:   826    1.047391e+05    0.963733    3.936922e+01
0:   827    1.042546e+05    0.995374    3.918711e+01
0:   828    1.004662e+05    0.963662    3.776314e+01
0:   829    9.739663e+04    0.969447    3.660936e+01
0:   830    9.691338e+04    0.995038    3.642771e+01
0:   831    9.759980e+04    1.007083    3.668572e+01
0:   832    9.654225e+04    0.989164    3.628821e+01
0:   833    9.502899e+04    0.984325    3.571941e+01
0:   834    9.587314e+04    1.008883    3.603671e+01
0:   835    9.755112e+04    1.017502    3.666743e+01
0:   836    9.689206e+04    0.993244    3.641970e+01
0:   837    9.767374e+04    1.008068    3.671352e+01
0:   838    9.936306e+04    1.017296    3.734850e+01
0:   839    1.012699e+05    1.019190    3.806523e+01
0:   840    1.044431e+05    1.031334    3.925797e+01
0:   841    1.055020e+05    1.010139    3.965598e+01
0:   842    1.077803e+05    1.021595    4.051235e+01
0:   843    1.075416e+05    0.997786    4.042264e+01
0:   844    1.107335e+05    1.029680    4.162240e+01
0:   845    1.202363e+05    1.085817    4.519432e+01
0:   846    1.302251e+05    1.083076    4.894889e+01
0:   847    1.410008e+05    1.082746    5.299924e+01
0:   848    1.531583e+05    1.086223    5.756899e+01
0:   849    1.676511e+05    1.094626    6.301653e+01
0:   850    1.829046e+05    1.090984    6.875001e+01
0:   851    1.970842e+05    1.077525    7.407982e+01
0:   852    2.072241e+05    1.051450    7.789119e+01
0:   853    2.106882e+05    1.016717    7.919330e+01
0: gamma -1.014578e+08alpha -3.715596e-03  854    2.063644e+05    0.979478    7.756806e+01
0:   855    1.953169e+05    0.946466    7.341553e+01
0:   856    1.797977e+05    0.920544    6.758219e+01
0:   857    1.615445e+05    0.898479    6.072120e+01
0:   858    1.443867e+05    0.893789    5.427194e+01
0:   859    1.319363e+05    0.913771    4.959210e+01
0:   860    1.244402e+05    0.943184    4.677446e+01
0:   861    1.184048e+05    0.951500    4.450588e+01
0:   862    1.144296e+05    0.966427    4.301168e+01
0:   863    1.137593e+05    0.994142    4.275973e+01
0:   864    1.173966e+05    1.031974    4.412691e+01
0:   865    1.274539e+05    1.085670    4.790725e+01
0:   866    1.392526e+05    1.092573    5.234215e+01
0:   867    1.544680e+05    1.109264    5.806128e+01
0:   868    1.718358e+05    1.112437    6.458948e+01
0:   869    1.875805e+05    1.091627    7.050760e+01
0:   870    1.983576e+05    1.057453    7.455846e+01
0:   871    2.016819e+05    1.016759    7.580799e+01
0: gamma -1.188219e+08alpha -4.261140e-03  872    1.967500e+05    0.975546    7.395419e+01
0:   873    1.844944e+05    0.937710    6.934757e+01
0:   874    1.683085e+05    0.912269    6.326363e+01
0:   875    1.524823e+05    0.905969    5.731490e+01
0:   876    1.377002e+05    0.903057    5.175861e+01
0:   877    1.259567e+05    0.914717    4.734450e+01
0:   878    1.159633e+05    0.920660    4.358817e+01
0:   879    1.097293e+05    0.946242    4.124494e+01
0:   880    1.071144e+05    0.976169    4.026205e+01
0:   881    1.072667e+05    1.001422    4.031929e+01
0:   882    1.044520e+05    0.973761    3.926134e+01
0:   883    1.070776e+05    1.025136    4.024822e+01
0:   884    1.089500e+05    1.017487    4.095203e+01
0:   885    1.116703e+05    1.024968    4.197453e+01
0:   886    1.182330e+05    1.058768    4.444129e+01
0:   887    1.295975e+05    1.096120    4.871300e+01
0:   888    1.439311e+05    1.110600    5.410068e+01
0:   889    1.603043e+05    1.113757    6.025501e+01
0:   890    1.762615e+05    1.099544    6.625302e+01
0:   891    1.884038e+05    1.068888    7.081705e+01
0:   892    1.952845e+05    1.036521    7.340335e+01
0:   893    1.953851e+05    1.000515    7.344117e+01
0: gamma -4.688139e+06alpha -2.106470e-01  894    1.889735e+05    0.967185    7.103117e+01
0:   895    1.781261e+05    0.942598    6.695386e+01
0:   896    1.645334e+05    0.923691    6.184467e+01
0:   897    1.502544e+05    0.913215    5.647749e+01
0:   898    1.375233e+05    0.915270    5.169215e+01
0:   899    1.283927e+05    0.933607    4.826013e+01
0:   900    1.208995e+05    0.941639    4.544360e+01
0:   901    1.191395e+05    0.985443    4.478206e+01
0:   902    1.171592e+05    0.983378    4.403771e+01
0:   903    1.129205e+05    0.963820    4.244445e+01
0:   904    1.114542e+05    0.987015    4.189329e+01
0:   905    1.085948e+05    0.974345    4.081852e+01
0:   906    1.085705e+05    0.999776    4.080936e+01
0:   907    1.082003e+05    0.996590    4.067021e+01
0:   908    1.125112e+05    1.039842    4.229061e+01
0:   909    1.213231e+05    1.078320    4.560282e+01
0:   910    1.323042e+05    1.090511    4.973037e+01
0:   911    1.443205e+05    1.090823    5.424704e+01
0:   912    1.599040e+05    1.107979    6.010457e+01
0:   913    1.769263e+05    1.106453    6.650288e+01
0:   914    1.973154e+05    1.115241    7.416674e+01
0:   915    2.168690e+05    1.099098    8.151652e+01
0:   916    2.305519e+05    1.063093    8.665962e+01
0:   917    2.357152e+05    1.022396    8.860041e+01
0: gamma -1.450955e+08alpha -2.437174e-03  918    2.316299e+05    0.982668    8.706482e+01
0:   919    2.192786e+05    0.946677    8.242223e+01
0:   920    2.026418e+05    0.924129    7.616881e+01
0:   921    1.857881e+05    0.916830    6.983387e+01
0:   922    1.704286e+05    0.917328    6.406053e+01
0:   923    1.569049e+05    0.920649    5.897726e+01
0:   924    1.471446e+05    0.937795    5.530858e+01
0:   925    1.431377e+05    0.972769    5.380248e+01
0:   926    1.401809e+05    0.979343    5.269106e+01
0:   927    1.366117e+05    0.974539    5.134950e+01
0:   928    1.340948e+05    0.981576    5.040343e+01
0:   929    1.300104e+05    0.969541    4.886818e+01
0:   930    1.264771e+05    0.972824    4.754011e+01
0:   931    1.256811e+05    0.993706    4.724091e+01
0:   932    1.250545e+05    0.995014    4.700538e+01
0:   933    1.282937e+05    1.025902    4.822292e+01
0:   934    1.339690e+05    1.044237    5.035616e+01
0:   935    1.427887e+05    1.065834    5.367128e+01
0:   936    1.556028e+05    1.089742    5.848784e+01
0:   937    1.712277e+05    1.100415    6.436091e+01
0:   938    1.887287e+05    1.102209    7.093918e+01
0:   939    2.039906e+05    1.080867    7.667581e+01
0:   940    2.135222e+05    1.046725    8.025851e+01
0:   941    2.143592e+05    1.003920    8.057313e+01
0: gamma -4.555187e+07alpha -2.890998e-02  942    2.064637e+05    0.963167    7.760538e+01
0:   943    1.918801e+05    0.929365    7.212373e+01
0:   944    1.753285e+05    0.913740    6.590230e+01
0:   945    1.581062e+05    0.901771    5.942880e+01
0:   946    1.441698e+05    0.911854    5.419040e+01
0:   947    1.345257e+05    0.933106    5.056539e+01
0:   948    1.285480e+05    0.955565    4.831849e+01
0:   949    1.227344e+05    0.954775    4.613330e+01
0:   950    1.222835e+05    0.996326    4.596380e+01
0:   951    1.242487e+05    1.016071    4.670249e+01
0:   952    1.270853e+05    1.022830    4.776872e+01
0:   953    1.360594e+05    1.070614    5.114188e+01
0:   954    1.466601e+05    1.077913    5.512648e+01
0:   955    1.621583e+05    1.105674    6.095190e+01
0:   956    1.801751e+05    1.111106    6.772404e+01
0:   957    1.993075e+05    1.106188    7.491552e+01
0:   958    2.170915e+05    1.089229    8.160016e+01
0:   959    2.301751e+05    1.060268    8.651802e+01
0:   960    2.364501e+05    1.027262    8.887665e+01
0: gamma -1.002930e+08alpha -9.736223e-04  961    2.344409e+05    0.991503    8.812142e+01
0:   962    2.244557e+05    0.957408    8.436819e+01
0:   963    2.089176e+05    0.930774    7.852774e+01
0:   964    1.913053e+05    0.915697    7.190765e+01
0:   965    1.739205e+05    0.909126    6.537309e+01
0:   966    1.610702e+05    0.926114    6.054292e+01
0:   967    1.505539e+05    0.934710    5.659007e+01
0:   968    1.411240e+05    0.937365    5.304557e+01
0:   969    1.354636e+05    0.959890    5.091793e+01
0:   970    1.303582e+05    0.962312    4.899893e+01
0:   971    1.269552e+05    0.973894    4.771979e+01
0:   972    1.288174e+05    1.014668    4.841975e+01
0:   973    1.313924e+05    1.019990    4.938766e+01
0:   974    1.383813e+05    1.053191    5.201463e+01
0:   975    1.433092e+05    1.035611    5.386694e+01
0:   976    1.494802e+05    1.043060    5.618646e+01
0:   977    1.581696e+05    1.058131    5.945263e+01
0:   978    1.693726e+05    1.070829    6.366363e+01
0:   979    1.847760e+05    1.090944    6.945345e+01
0:   980    2.017798e+05    1.092024    7.584480e+01
0:   981    2.187024e+05    1.083867    8.220564e+01
0:   982    2.318163e+05    1.059962    8.713488e+01
0:   983    2.382381e+05    1.027702    8.954871e+01
0: gamma -1.227886e+08alpha -1.426623e-03  984    2.354070e+05    0.988117    8.848457e+01
0:   985    2.250408e+05    0.955965    8.458811e+01
0:   986    2.095199e+05    0.931031    7.875414e+01
0:   987    1.912087e+05    0.912604    7.187135e+01
0:   988    1.747457e+05    0.913900    6.568325e+01
0:   989    1.599397e+05    0.915271    6.011800e+01
0:   990    1.500961e+05    0.938454    5.641799e+01
0:   991    1.459828e+05    0.972596    5.487189e+01
0:   992    1.442081e+05    0.987843    5.420481e+01
0:   993    1.432390e+05    0.993280    5.384054e+01
0:   994    1.450290e+05    1.012497    5.451336e+01
0:   995    1.483064e+05    1.022599    5.574528e+01
0:   996    1.524456e+05    1.027910    5.730111e+01
0:   997    1.609554e+05    1.055822    6.049978e+01
0:   998    1.744020e+05    1.083542    6.555406e+01
0:   999    1.915475e+05    1.098310    7.199868e+01
0:  1000    2.110663e+05    1.101901    7.933539e+01
0: 
0: 
0: =============================================
0: Solve phase times:
0: =============================================
0: PCG Solve:
0:   wall clock time = 0.903729 seconds
0:   wall MFLOPS     = 0.000000
0:   cpu clock time  = 0.946785 seconds
0:   cpu MFLOPS      = 0.000000
0: 
0: 
0: Iterations = 1000
0: Final Relative Residual Norm = 7.933539e+01
0: 
0: Global matrix size: 384 x 384 x 384
0: 125pt 3D Laplacian
0: =============================================
0: Hypre init times:
0: =============================================
0: Hypre init:
0:   wall clock time = 0.140881 seconds
0:   wall MFLOPS     = 0.000000
0:   cpu clock time  = 0.134541 seconds
0:   cpu MFLOPS      = 0.000000
0: 
0: 
0: Using HYPRE_DEVELOP_STRING: v3.1.0-3-g13083b05c (branch v3.1.0_highradixallreduce; not the develop branch)
0: 
0: Running with these driver parameters:
0:   solver ID    = 2
0: 
0:   Laplacian_125pt:
0:     (nx, ny, nz) = (384, 384, 384)
0:     (Px, Py, Pz) = (2, 2, 2)
0: 
0: =============================================
0: Generate Matrix:
0: =============================================
0: Spatial Operator:
0:   wall clock time = 3.820651 seconds
0:   wall MFLOPS     = 0.000000
0:   cpu clock time  = 3.854589 seconds
0:   cpu MFLOPS      = 0.000000
0: 
0:   Number of vector components: 1
0:   RHS vector has unit coefficients
0:   Initial guess is 0
0: =============================================
0: IJ Vector Setup:
0: =============================================
0: RHS and Initial Guess:
0:   wall clock time = 0.068989 seconds
0:   wall MFLOPS     = 0.000000
0:   cpu clock time  = 0.068221 seconds
0:   cpu MFLOPS      = 0.000000
0: 
0: Solver: DS-PCG
0: HYPRE_ParCSRPCGGetPrecond got good precond
0: =============================================
0: Setup phase times:
0: =============================================
0: PCG Setup:
0:   wall clock time = 0.000193 seconds
0:   wall MFLOPS     = 0.000000
0:   cpu clock time  = 0.000193 seconds
0:   cpu MFLOPS      = 0.000000
0: 
0: <b,b>: 5.662310e+07
0: 
0: 
0: Iters       ||r||_2     conv.rate  ||r||_2/||b||_2
0: -----    ------------   ---------  ------------ 
0:     1    1.297322e+05    17.240546    1.724055e+01
0:     2    1.592279e+05    1.227358    2.116032e+01
0:     3    1.705715e+05    1.071242    2.266782e+01
0:     4    1.808909e+05    1.060499    2.403920e+01
0:     5    1.895976e+05    1.048132    2.519625e+01
0:     6    1.940511e+05    1.023490    2.578810e+01
0:     7    1.990978e+05    1.026007    2.645877e+01
0:     8    2.047963e+05    1.028622    2.721607e+01
0:     9    2.094611e+05    1.022778    2.783598e+01
0:    10    2.135310e+05    1.019430    2.837685e+01
0:    11    2.174968e+05    1.018572    2.890387e+01
0:    12    2.212703e+05    1.017350    2.940534e+01
0:    13    2.250771e+05    1.017204    2.991124e+01
0:    14    2.291400e+05    1.018051    3.045118e+01
0:    15    2.332307e+05    1.017852    3.099480e+01
0:    16    2.372859e+05    1.017387    3.153371e+01
0:    17    2.415154e+05    1.017824    3.209578e+01
0:    18    2.461974e+05    1.019386    3.271799e+01
0:    19    2.515314e+05    1.021665    3.342684e+01
0:    20    2.578580e+05    1.025153    3.426761e+01
0:    21    2.656408e+05    1.030183    3.530189e+01
0:    22    2.757435e+05    1.038031    3.664447e+01
0:    23    2.891309e+05    1.048550    3.842356e+01
0:    24    3.069103e+05    1.061493    4.078633e+01
0:    25    3.303504e+05    1.076374    4.390136e+01
0:    26    3.605868e+05    1.091528    4.791958e+01
0:    27    3.980161e+05    1.103801    5.289369e+01
0:    28    4.415896e+05    1.109477    5.868431e+01
0:    29    4.880865e+05    1.105294    6.486344e+01
0:    30    5.317426e+05    1.089443    7.066505e+01
0:    31    5.649632e+05    1.062475    7.507984e+01
0:    32    5.806052e+05    1.027687    7.715855e+01
0: gamma -6.296184e+08alpha -1.061053e-03   33    5.750718e+05    0.990470    7.642320e+01
0:    34    5.502757e+05    0.956882    7.312797e+01
0:    35    5.129069e+05    0.932091    6.816190e+01
0:    36    4.716380e+05    0.919539    6.267754e+01
0:    37    4.342948e+05    0.920822    5.771488e+01
0:    38    4.063814e+05    0.935727    5.400537e+01
0:    39    3.907929e+05    0.961641    5.193377e+01
0:    40    3.882638e+05    0.993528    5.159767e+01
0:    41    3.981022e+05    1.025339    5.290512e+01
0:    42    4.188091e+05    1.052014    5.565693e+01
0:    43    4.482707e+05    1.070346    5.957218e+01
0:    44    4.837107e+05    1.079059    6.428192e+01
0:    45    5.213562e+05    1.077827    6.928476e+01
0:    46    5.562679e+05    1.066963    7.392429e+01
0:    47    5.827044e+05    1.047525    7.743753e+01
0:    48    5.954126e+05    1.021809    7.912636e+01
0: gamma -4.797642e+08alpha -9.131085e-04   49    5.915179e+05    0.993459    7.860878e+01
0:    50    5.721074e+05    0.967185    7.602925e+01
0:    51    5.424205e+05    0.948109    7.208406e+01
0:    52    5.103430e+05    0.940862    6.782118e+01
0:    53    4.839447e+05    0.948273    6.431302e+01
0:    54    4.690916e+05    0.969308    6.233914e+01
0:    55    4.680013e+05    0.997676    6.219425e+01
0:    56    4.792519e+05    1.024040    6.368938e+01
0:    57    4.991020e+05    1.041419    6.632732e+01
0:    58    5.230058e+05    1.047894    6.950398e+01
0:    59    5.466145e+05    1.045140    7.264142e+01
0:    60    5.662229e+05    1.035872    7.524724e+01
0:    61    5.790241e+05    1.022608    7.694844e+01
0:    62    5.833005e+05    1.007385    7.751674e+01
0: gamma -4.033178e+08alpha -3.397125e-03   63    5.785799e+05    0.991907    7.688940e+01
0:    64    5.656922e+05    0.977725    7.517672e+01
0:    65    5.466944e+05    0.966417    7.265203e+01
0:    66    5.246358e+05    0.959651    6.972059e+01
0:    67    5.030650e+05    0.958884    6.685399e+01
0:    68    4.862910e+05    0.966656    6.462483e+01
0:    69    4.825875e+05    0.992384    6.413265e+01
0:    70    5.013721e+05    1.038925    6.662901e+01
0:    71    5.164174e+05    1.030008    6.862843e+01
0:    72    5.521592e+05    1.069211    7.337827e+01
0:    73    5.880740e+05    1.065044    7.815111e+01
0:    74    6.092325e+05    1.035979    8.096293e+01
0:    75    6.184959e+05    1.015205    8.219398e+01
0: gamma -5.932927e+08alpha -2.046729e-03   76    6.127912e+05    0.990776    8.143585e+01
0:    77    5.872235e+05    0.958277    7.803809e+01
0:    78    5.564247e+05    0.947552    7.394512e+01
0:    79    5.251796e+05    0.943847    6.979286e+01
0:    80    4.784151e+05    0.910955    6.357818e+01
0:    81    4.565770e+05    0.954353    6.067603e+01
0:    82    4.259516e+05    0.932924    5.660613e+01
0:    83    3.958913e+05    0.929428    5.261131e+01
0:    84    3.944244e+05    0.996295    5.241637e+01
0:    85    3.818378e+05    0.968089    5.074370e+01
0:    86    3.767695e+05    0.986726    5.007014e+01
0:    87    3.914564e+05    1.038981    5.202194e+01
0:    88    4.113482e+05    1.050815    5.466543e+01
0:    89    4.385334e+05    1.066088    5.827816e+01
0:    90    4.767953e+05    1.087250    6.336292e+01
0:    91    5.227450e+05    1.096372    6.946933e+01
0:    92    5.757072e+05    1.101315    7.650764e+01
0:    93    6.244719e+05    1.084704    8.298815e+01
0:    94    6.562800e+05    1.050936    8.721523e+01
0:    95    6.660238e+05    1.014847    8.851012e+01
0: gamma -1.064758e+09alpha -4.358023e-03   96    6.511408e+05    0.977654    8.653226e+01
0:    97    6.150731e+05    0.944609    8.173911e+01
0:    98    5.719710e+05    0.929924    7.601113e+01
0:    99    5.320106e+05    0.930136    7.070065e+01
0:   100    4.946787e+05    0.929829    6.573950e+01
0:   101    4.585555e+05    0.926976    6.093896e+01
0:   102    4.355152e+05    0.949755    5.787706e+01
0:   103    4.372511e+05    1.003986    5.810775e+01
0:   104    4.605942e+05    1.053386    6.120990e+01
0:   105    4.908891e+05    1.065774    6.523589e+01
0:   106    5.179773e+05    1.055182    6.883573e+01
0:   107    5.464035e+05    1.054879    7.261338e+01
0:   108    5.799469e+05    1.061389    7.707107e+01
0:   109    6.163923e+05    1.062843    8.191442e+01
0:   110    6.476734e+05    1.050749    8.607147e+01
0:   111    6.648034e+05    1.026449    8.834794e+01
0:   112    6.652356e+05    1.000650    8.840538e+01
0: gamma -8.196623e+07alpha -1.102688e-01  113    6.509591e+05    0.978539    8.650812e+01
0:   114    6.240490e+05    0.958661    8.293195e+01
0:   115    5.885806e+05    0.943164    7.821844e+01
0:   116    5.541037e+05    0.941424    7.363668e+01
0:   117    5.316056e+05    0.959397    7.064684e+01
0:   118    5.263086e+05    0.990036    6.994290e+01
0:   119    5.380238e+05    1.022259    7.149976e+01
0:   120    5.630718e+05    1.046556    7.482848e+01
0:   121    5.941531e+05    1.055200    7.895898e+01
0:   122    6.227871e+05    1.048193    8.276425e+01
0:   123    6.438077e+05    1.033752    8.555774e+01
0:   124    6.556358e+05    1.018372    8.712961e+01
0:   125    6.578838e+05    1.003429    8.742837e+01
0: gamma -3.884669e+08alpha -1.047208e-02  126    6.498858e+05    0.987843    8.636548e+01
0:   127    6.314288e+05    0.971600    8.391267e+01
0:   128    6.046242e+05    0.957549    8.035052e+01
0:   129    5.740879e+05    0.949495    7.629245e+01
0:   130    5.449857e+05    0.949307    7.242496e+01
0:   131    5.208871e+05    0.955781    6.922242e+01
0:   132    5.041557e+05    0.967879    6.699893e+01
0:   133    4.963351e+05    0.984488    6.595962e+01
0:   134    4.985265e+05    1.004415    6.625085e+01
0:   135    5.111826e+05    1.025387    6.793276e+01
0:   136    5.355594e+05    1.047687    7.117227e+01
0:   137    5.713698e+05    1.066865    7.593123e+01
0:   138    6.139688e+05    1.074556    8.159236e+01
0:   139    6.537437e+05    1.064783    8.687818e+01
0:   140    6.842616e+05    1.046682    9.093380e+01
0:   141    6.978012e+05    1.019787    9.273312e+01
0: gamma -9.927844e+08alpha -2.603540e-03  142    6.865791e+05    0.983918    9.124178e+01
0:   143    6.569360e+05    0.956825    8.730241e+01
0:   144    6.126643e+05    0.932609    8.141899e+01
0:   145    5.703939e+05    0.931006    7.580154e+01
0:   146    5.276680e+05    0.925094    7.012356e+01
0:   147    4.962091e+05    0.940381    6.594288e+01
0:   148    4.702077e+05    0.947600    6.248746e+01
0:   149    4.519061e+05    0.961078    6.005530e+01
0:   150    4.372864e+05    0.967649    5.811244e+01
0:   151    4.251576e+05    0.972264    5.650061e+01
0:   152    4.181957e+05    0.983625    5.557541e+01
0:   153    4.229189e+05    1.011294    5.620310e+01
0:   154    4.358438e+05    1.030561    5.792073e+01
0:   155    4.665842e+05    1.070531    6.200593e+01
0:   156    5.026046e+05    1.077200    6.679280e+01
0:   157    5.527229e+05    1.099717    7.345318e+01
0:   158    6.050487e+05    1.094669    8.040694e+01
0:   159    6.560079e+05    1.084223    8.717907e+01
0:   160    7.006940e+05    1.068118    9.311755e+01
0:   161    7.291717e+05    1.040642    9.690205e+01
0:   162    7.390411e+05    1.013535    9.821363e+01
0: gamma -1.040314e+09alpha -2.920974e-03  163    7.294015e+05    0.986957    9.693259e+01
0:   164    7.031917e+05    0.964067    9.344949e+01
0:   165    6.634309e+05    0.943457    8.816553e+01
0:   166    6.189016e+05    0.932880    8.224789e+01
0:   167    5.831428e+05    0.942222    7.749579e+01
0:   168    5.585765e+05    0.957873    7.423109e+01
0:   169    5.483685e+05    0.981725    7.287451e+01
0:   170    5.554896e+05    1.012986    7.382086e+01
0:   171    5.734458e+05    1.032325    7.620711e+01
0:   172    5.966826e+05    1.040521    7.929514e+01
0:   173    6.240490e+05    1.045864    8.293194e+01
0:   174    6.517507e+05    1.044390    8.661331e+01
0:   175    6.741402e+05    1.034353    8.958874e+01
0:   176    6.881801e+05    1.020826    9.145454e+01
0:   177    6.923760e+05    1.006097    9.201214e+01
0: gamma -4.641148e+08alpha -4.429133e-03  178    6.864331e+05    0.991417    9.122237e+01
0:   179    6.721181e+05    0.979146    8.932001e+01
0:   180    6.516334e+05    0.969522    8.659773e+01
0:   181    6.263146e+05    0.961146    8.323302e+01
0:   182    5.986112e+05    0.955768    7.955144e+01
0:   183    5.728858e+05    0.957025    7.613270e+01
0:   184    5.506297e+05    0.961151    7.317500e+01
0:   185    5.291939e+05    0.961070    7.032633e+01
0:   186    5.123299e+05    0.968133    6.808523e+01
0:   187    5.090497e+05    0.993597    6.764930e+01
0:   188    5.187991e+05    1.019152    6.894493e+01
0:   189    5.361437e+05    1.033432    7.124992e+01
0:   190    5.645133e+05    1.052914    7.502004e+01
0:   191    6.070241e+05    1.075305    8.066946e+01
0:   192    6.575295e+05    1.083202    8.738128e+01
0:   193    7.039868e+05    1.070654    9.355515e+01
0:   194    7.368663e+05    1.046705    9.792461e+01
0:   195    7.497116e+05    1.017432    9.963166e+01
0: gamma -1.075613e+09alpha -2.692759e-03  196    7.375364e+05    0.983760    9.801367e+01
0:   197    7.029576e+05    0.953116    9.341837e+01
0:   198    6.565175e+05    0.933936    8.724679e+01
0:   199    6.065773e+05    0.923932    8.061007e+01
0:   200    5.570543e+05    0.918357    7.402880e+01
0:   201    5.124006e+05    0.919840    6.809462e+01
0:   202    4.803861e+05    0.937521    6.384011e+01
0:   203    4.659596e+05    0.969969    6.192292e+01
0:   204    4.640133e+05    0.995823    6.166427e+01
0:   205    4.627502e+05    0.997278    6.149642e+01
0:   206    4.620321e+05    0.998448    6.140098e+01
0:   207    4.725404e+05    1.022744    6.279746e+01
0:   208    4.973558e+05    1.052515    6.609526e+01
0:   209    5.249617e+05    1.055505    6.976391e+01
0:   210    5.462400e+05    1.040533    7.259164e+01
0:   211    5.689082e+05    1.041499    7.560411e+01
0:   212    5.990446e+05    1.052972    7.960903e+01
0:   213    6.313880e+05    1.053992    8.390725e+01
0:   214    6.645907e+05    1.052587    8.831966e+01
0:   215    6.953327e+05    1.046257    9.240507e+01
0:   216    7.159860e+05    1.029703    9.514976e+01
0:   217    7.283985e+05    1.017336    9.679929e+01
0:   218    7.287819e+05    1.000526    9.685024e+01
0: gamma -7.279071e+07alpha -8.439947e-02  219    7.172580e+05    0.984188    9.531880e+01
0:   220    6.928259e+05    0.965937    9.207194e+01
0:   221    6.665540e+05    0.962080    8.858058e+01
0:   222    6.360899e+05    0.954296    8.453211e+01
0:   223    6.192674e+05    0.973553    8.229650e+01
0:   224    6.037506e+05    0.974943    8.023443e+01
0:   225    6.125300e+05    1.014541    8.140114e+01
0:   226    6.234452e+05    1.017820    8.285170e+01
0:   227    6.558607e+05    1.051994    8.715951e+01
0:   228    6.849189e+05    1.044305    9.102115e+01
0:   229    7.189200e+05    1.049642    9.553966e+01
0:   230    7.395409e+05    1.028683    9.828004e+01
0:   231    7.461620e+05    1.008953    9.915994e+01
0: gamma -6.502608e+08alpha -3.243961e-03  232    7.393181e+05    0.990828    9.825045e+01
0:   233    7.203981e+05    0.974409    9.573610e+01
0:   234    6.900336e+05    0.957850    9.170086e+01
0:   235    6.593127e+05    0.955479    8.761826e+01
0:   236    6.164808e+05    0.935036    8.192619e+01
0:   237    5.815053e+05    0.943266    7.727818e+01
0:   238    5.519141e+05    0.949113    7.334570e+01
0:   239    5.175003e+05    0.937647    6.877234e+01
0:   240    5.134344e+05    0.992143    6.823201e+01
0:   241    4.800118e+05    0.934904    6.379036e+01
0:   242    4.679195e+05    0.974808    6.218337e+01
0:   243    4.457435e+05    0.952607    5.923634e+01
0:   244    4.099986e+05    0.919808    5.448607e+01
0:   245    4.111861e+05    1.002896    5.464389e+01
0:   246    3.944886e+05    0.959392    5.242490e+01
0:   247    3.910018e+05    0.991161    5.196152e+01
0:   248    4.042662e+05    1.033924    5.372427e+01
0:   249    3.878820e+05    0.959472    5.154693e+01
0:   250    3.949773e+05    1.018292    5.248985e+01
0:   251    4.106076e+05    1.039573    5.456701e+01
0:   252    4.240877e+05    1.032830    5.635842e+01
0:   253    4.712573e+05    1.111226    6.262695e+01
0:   254    5.294038e+05    1.123386    7.035423e+01
0:   255    5.909537e+05    1.116263    7.853380e+01
0:   256    6.651259e+05    1.125513    8.839079e+01
0:   257    7.369039e+05    1.107916    9.792961e+01
0:   258    7.901069e+05    1.072198    1.049999e+02
0:   259    8.220277e+05    1.040401    1.092420e+02
0:   260    8.250003e+05    1.003616    1.096370e+02
0: gamma -5.388079e+08alpha -2.809750e-02  261    7.987656e+05    0.968200    1.061506e+02
0:   262    7.499122e+05    0.938839    9.965832e+01
0:   263    6.876939e+05    0.917033    9.138993e+01
0:   264    6.281443e+05    0.913407    8.347619e+01
0:   265    5.764800e+05    0.917751    7.661035e+01
0:   266    5.334524e+05    0.925361    7.089226e+01
0:   267    5.011662e+05    0.939477    6.660165e+01
0:   268    4.822098e+05    0.962175    6.408247e+01
0:   269    4.621571e+05    0.958415    6.141759e+01
0:   270    4.427753e+05    0.958062    5.884188e+01
0:   271    4.241024e+05    0.957828    5.636038e+01
0:   272    4.042504e+05    0.953190    5.372217e+01
0:   273    3.917464e+05    0.969069    5.206048e+01
0:   274    3.944956e+05    1.007018    5.242583e+01
0:   275    4.043997e+05    1.025106    5.374202e+01
0:   276    4.135672e+05    1.022669    5.496032e+01
0:   277    4.333651e+05    1.047871    5.759133e+01
0:   278    4.587283e+05    1.058526    6.096193e+01
0:   279    4.874316e+05    1.062571    6.477640e+01
0:   280    5.225173e+05    1.071981    6.943906e+01
0:   281    5.775160e+05    1.105257    7.674802e+01
0:   282    6.436109e+05    1.114447    8.553160e+01
0:   283    7.097447e+05    1.102754    9.432033e+01
0:   284    7.681696e+05    1.082318    1.020846e+02
0:   285    8.062529e+05    1.049577    1.071456e+02
0:   286    8.145110e+05    1.010243    1.082431e+02
0: gamma -1.115068e+09alpha -8.583210e-03  287    7.923555e+05    0.972799    1.052988e+02
0:   288    7.514338e+05    0.948354    9.986053e+01
0:   289    6.945409e+05    0.924288    9.229985e+01
0:   290    6.338196e+05    0.912573    8.423039e+01
0:   291    5.749928e+05    0.907187    7.641271e+01
0:   292    5.288002e+05    0.919664    7.027401e+01
0:   293    5.004176e+05    0.946327    6.650216e+01
0:   294    4.615652e+05    0.922360    6.133894e+01
0:   295    4.426794e+05    0.959083    5.882914e+01
0:   296    4.200743e+05    0.948936    5.582507e+01
0:   297    4.407340e+05    1.049181    5.857060e+01
0:   298    4.381808e+05    0.994207    5.823131e+01
0:   299    4.453236e+05    1.016301    5.918054e+01
0:   300    4.299843e+05    0.965555    5.714205e+01
0:   301    4.467174e+05    1.038916    5.936576e+01
0:   302    4.400088e+05    0.984982    5.847424e+01
0:   303    4.326919e+05    0.983371    5.750187e+01
0:   304    4.033967e+05    0.932295    5.360873e+01
0:   305    4.029604e+05    0.998918    5.355074e+01
0:   306    4.067406e+05    1.009381    5.405312e+01
0:   307    4.397524e+05    1.081162    5.844016e+01
0:   308    4.544862e+05    1.033505    6.039818e+01
0:   309    4.933808e+05    1.085579    6.556701e+01
0:   310    5.322884e+05    1.078859    7.073757e+01
0:   311    5.992533e+05    1.125806    7.963677e+01
0:   312    6.637768e+05    1.107673    8.821150e+01
0:   313    7.256551e+05    1.093222    9.643472e+01
0:   314    7.794189e+05    1.074090    1.035796e+02
0:   315    8.118910e+05    1.041662    1.078949e+02
0:   316    8.212638e+05    1.011544    1.091405e+02
0: gamma -1.210024e+09alpha -6.372562e-03  317    8.013228e+05    0.975719    1.064905e+02
0:   318    7.540205e+05    0.940970    1.002043e+02
0:   319    6.933839e+05    0.919582    9.214609e+01
0:   320    6.366935e+05    0.918241    8.461232e+01
0:   321    5.729379e+05    0.899864    7.613962e+01
0:   322    5.236893e+05    0.914042    6.959481e+01
0:   323    4.873410e+05    0.930592    6.476436e+01
0:   324    4.529208e+05    0.929371    6.019015e+01
0:   325    4.635504e+05    1.023469    6.160275e+01
0:   326    4.569412e+05    0.985742    6.072443e+01
0:   327    4.513547e+05    0.987774    5.998202e+01
0:   328    4.520298e+05    1.001496    6.007175e+01
0:   329    4.204715e+05    0.930185    5.587785e+01
0:   330    4.343287e+05    1.032956    5.771939e+01
0:   331    4.423660e+05    1.018505    5.878748e+01
0:   332    4.238000e+05    0.958030    5.632019e+01
0:   333    4.413261e+05    1.041355    5.864930e+01
0:   334    4.178008e+05    0.946694    5.552294e+01
0:   335    4.073482e+05    0.974982    5.413386e+01
0:   336    4.457467e+05    1.094264    5.923676e+01
0:   337    4.335889e+05    0.972725    5.762107e+01
0:   338    4.381194e+05    1.010449    5.822314e+01
0:   339    4.502648e+05    1.027722    5.983719e+01
0:   340    4.061101e+05    0.901936    5.396932e+01
0:   341    3.977761e+05    0.979478    5.286178e+01
0:   342    4.194713e+05    1.054541    5.574494e+01
0:   343    3.955934e+05    0.943076    5.257172e+01
0:   344    3.989737e+05    1.008545    5.302094e+01
0:   345    4.202551e+05    1.053340    5.584910e+01
0:   346    4.044567e+05    0.962408    5.374959e+01
0:   347    4.216952e+05    1.042621    5.604048e+01
0:   348    4.803744e+05    1.139151    6.383855e+01
0:   349    5.274196e+05    1.097935    7.009054e+01
0:   350    5.844006e+05    1.108037    7.766294e+01
0:   351    6.697123e+05    1.145981    8.900029e+01
0:   352    7.448469e+05    1.112189    9.898518e+01
0:   353    7.984527e+05    1.071969    1.061090e+02
0:   354    8.318758e+05    1.041860    1.105507e+02
0:   355    8.344007e+05    1.003035    1.108863e+02
0: gamma -4.815932e+08alpha -4.192415e-02  356    8.030766e+05    0.962459    1.067235e+02
0:   357    7.492721e+05    0.933002    9.957326e+01
0:   358    6.719905e+05    0.896858    8.930306e+01
0:   359    5.978616e+05    0.889688    7.945182e+01
0:   360    5.570987e+05    0.931819    7.403470e+01
0:   361    5.196650e+05    0.932806    6.906001e+01
0:   362    4.681950e+05    0.900955    6.221999e+01
0:   363    4.275726e+05    0.913236    5.682154e+01
0:   364    4.389235e+05    1.026547    5.833001e+01
0:   365    4.335546e+05    0.987768    5.761651e+01
0:   366    4.220376e+05    0.973436    5.608598e+01
0:   367    4.577136e+05    1.084533    6.082708e+01
0:   368    5.046790e+05    1.102609    6.706847e+01
0:   369    5.199262e+05    1.030212    6.909472e+01
0:   370    5.135709e+05    0.987777    6.825015e+01
0:   371    5.619542e+05    1.094210    7.467996e+01
0:   372    6.184493e+05    1.100533    8.218779e+01
0:   373    6.783546e+05    1.096864    9.014880e+01
0:   374    7.418532e+05    1.093607    9.858733e+01
0:   375    8.279291e+05    1.116028    1.100262e+02
0:   376    9.022346e+05    1.089749    1.199009e+02
0:   377    9.432800e+05    1.045493    1.253556e+02
0:   378    9.446186e+05    1.001419    1.255335e+02
0: gamma -3.964294e+08alpha -9.347102e-02  379    9.026997e+05    0.955624    1.199628e+02
0:   380    8.237951e+05    0.912590    1.094769e+02
0:   381    7.381257e+05    0.896006    9.809198e+01
0:   382    6.601189e+05    0.894318    8.772539e+01
0:   383    6.026020e+05    0.912869    8.008178e+01
0:   384    5.322338e+05    0.883226    7.073032e+01
0:   385    4.976435e+05    0.935009    6.613350e+01
0:   386    4.831064e+05    0.970788    6.420161e+01
0:   387    5.022556e+05    1.039638    6.674641e+01
0:   388    4.813552e+05    0.958387    6.396890e+01
0:   389    4.529599e+05    0.941010    6.019535e+01
0:   390    4.468447e+05    0.986499    5.938267e+01
0:   391    4.518841e+05    1.011278    6.005238e+01
0:   392    4.641341e+05    1.027109    6.168033e+01
0:   393    4.485930e+05    0.966516    5.961502e+01
0:   394    4.696849e+05    1.047018    6.241798e+01
0:   395    5.032060e+05    1.071369    6.687272e+01
0:   396    5.517132e+05    1.096396    7.331899e+01
0:   397    6.000391e+05    1.087593    7.974119e+01
0:   398    6.505359e+05    1.084156    8.645188e+01
0:   399    7.162188e+05    1.100967    9.518070e+01
0:   400    7.802584e+05    1.089413    1.036911e+02
0:   401    8.245204e+05    1.056727    1.095733e+02
0:   402    8.351936e+05    1.012945    1.109917e+02
0: gamma -1.657770e+09alpha -7.788807e-03  403    8.101832e+05    0.970054    1.076679e+02
0:   404    7.542474e+05    0.930959    1.002344e+02
0:   405    6.810084e+05    0.902898    9.050147e+01
0:   406    6.140585e+05    0.901690    8.160427e+01
0:   407    5.596521e+05    0.911399    7.437402e+01
0:   408    5.245596e+05    0.937296    6.971047e+01
0:   409    5.030353e+05    0.958967    6.685003e+01
0:   410    4.651561e+05    0.924699    6.181614e+01
0:   411    4.376887e+05    0.940950    5.816590e+01
0:   412    4.285435e+05    0.979106    5.695056e+01
0:   413    4.238413e+05    0.989028    5.632568e+01
0:   414    4.294408e+05    1.013211    5.706981e+01
0:   415    4.179884e+05    0.973332    5.554787e+01
0:   416    4.085697e+05    0.977467    5.429619e+01
0:   417    4.204036e+05    1.028964    5.586883e+01
0:   418    4.330582e+05    1.030101    5.755054e+01
0:   419    4.377621e+05    1.010862    5.817567e+01
0:   420    4.330200e+05    0.989167    5.754547e+01
0:   421    4.112227e+05    0.949662    5.464875e+01
0:   422    4.154717e+05    1.010333    5.521342e+01
0:   423    4.467362e+05    1.075250    5.936825e+01
0:   424    4.642632e+05    1.039234    6.169748e+01
0:   425    4.750542e+05    1.023243    6.313153e+01
0:   426    4.822549e+05    1.015158    6.408846e+01
0:   427    4.773868e+05    0.989905    6.344151e+01
0:   428    4.911555e+05    1.028842    6.527128e+01
0:   429    5.141633e+05    1.046844    6.832886e+01
0:   430    5.022610e+05    0.976851    6.674713e+01
0:   431    5.003025e+05    0.996101    6.648686e+01
0:   432    5.109232e+05    1.021229    6.789828e+01
0:   433    5.411967e+05    1.059253    7.192142e+01
0:   434    5.970370e+05    1.103179    7.934223e+01
0:   435    6.588279e+05    1.103496    8.755383e+01
0:   436    7.343400e+05    1.114616    9.758889e+01
0:   437    8.049953e+05    1.096216    1.069785e+02
0:   438    8.825441e+05    1.096335    1.172842e+02
0:   439    9.447790e+05    1.070518    1.255548e+02
0:   440    9.817195e+05    1.039100    1.304640e+02
0: gamma -4.769233e+08alpha -1.586419e-04  441    9.797254e+05    0.997969    1.301990e+02
0:   442    9.396627e+05    0.959108    1.248749e+02
0:   443    8.715984e+05    0.927565    1.158296e+02
0:   444    7.892250e+05    0.905492    1.048827e+02
0:   445    7.031094e+05    0.890886    9.343854e+01
0:   446    6.246223e+05    0.888371    8.300813e+01
0:   447    5.643715e+05    0.903540    7.500121e+01
0:   448    5.279284e+05    0.935427    7.015816e+01
0:   449    5.103007e+05    0.966610    6.781556e+01
0:   450    5.094836e+05    0.998399    6.770697e+01
0:   451    4.988760e+05    0.979180    6.629729e+01
0:   452    4.833581e+05    0.968894    6.423506e+01
0:   453    4.514759e+05    0.934040    5.999814e+01
0:   454    4.330704e+05    0.959233    5.755217e+01
0:   455    4.192569e+05    0.968103    5.571644e+01
0:   456    4.250281e+05    1.013765    5.648340e+01
0:   457    4.173562e+05    0.981950    5.546385e+01
0:   458    4.109021e+05    0.984536    5.460614e+01
0:   459    4.008275e+05    0.975482    5.326730e+01
0:   460    4.035350e+05    1.006755    5.362710e+01
0:   461    4.115851e+05    1.019949    5.469691e+01
0:   462    4.194384e+05    1.019081    5.574057e+01
0:   463    4.279381e+05    1.020265    5.687012e+01
0:   464    4.140829e+05    0.967623    5.502885e+01
0:   465    4.033862e+05    0.974168    5.360733e+01
0:   466    3.878236e+05    0.961420    5.153916e+01
0:   467    4.052330e+05    1.044890    5.385277e+01
0:   468    4.186927e+05    1.033215    5.564146e+01
0:   469    4.451080e+05    1.063090    5.915188e+01
0:   470    4.599227e+05    1.033283    6.112065e+01
0:   471    4.762717e+05    1.035547    6.329334e+01
0:   472    4.918990e+05    1.032812    6.537009e+01
0:   473    5.054624e+05    1.027574    6.717258e+01
0:   474    5.435225e+05    1.075297    7.223051e+01
0:   475    5.882967e+05    1.082378    7.818070e+01
0:   476    6.477030e+05    1.100980    8.607541e+01
0:   477    7.136025e+05    1.101743    9.483301e+01
0:   478    7.822329e+05    1.096175    1.039535e+02
0:   479    8.557930e+05    1.094039    1.137292e+02
0:   480    9.136213e+05    1.067573    1.214142e+02
0:   481    9.441173e+05    1.033379    1.254669e+02
0: gamma -1.239221e+09alpha -6.452112e-04  482    9.372732e+05    0.992751    1.245574e+02
0:   483    8.954132e+05    0.955338    1.189944e+02
0:   484    8.301230e+05    0.927084    1.103178e+02
0:   485    7.607792e+05    0.916466    1.011025e+02
0:   486    6.978668e+05    0.917305    9.274183e+01
0:   487    6.389709e+05    0.915606    8.491496e+01
0:   488    5.936793e+05    0.929118    7.889602e+01
0:   489    5.512002e+05    0.928448    7.325082e+01
0:   490    5.149359e+05    0.934209    6.843155e+01
0:   491    5.059169e+05    0.982485    6.723298e+01
0:   492    4.956672e+05    0.979740    6.587086e+01
0:   493    4.940558e+05    0.996749    6.565672e+01
0:   494    5.039937e+05    1.020115    6.697740e+01
0:   495    5.169906e+05    1.025788    6.870460e+01
0:   496    5.300238e+05    1.025210    7.043662e+01
0:   497    5.474475e+05    1.032874    7.275212e+01
0:   498    5.718520e+05    1.044579    7.599532e+01
0:   499    6.203774e+05    1.084857    8.244402e+01
0:   500    6.850133e+05    1.104188    9.103370e+01
0:   501    7.590426e+05    1.108070    1.008717e+02
0:   502    8.374926e+05    1.103354    1.112972e+02
0:   503    9.194248e+05    1.097830    1.221854e+02
0:   504    9.922595e+05    1.079218    1.318647e+02
0:   505    1.050362e+06    1.058556    1.395861e+02
0:   506    1.077305e+06    1.025651    1.431667e+02
0: gamma -2.217176e+09alpha -1.040842e-03  507    1.067418e+06    0.990822    1.418527e+02
0:   508    1.016922e+06    0.952693    1.351421e+02
0:   509    9.409192e+05    0.925262    1.250419e+02
0:   510    8.488489e+05    0.902149    1.128064e+02
0:   511    7.659583e+05    0.902349    1.017907e+02
0:   512    6.950322e+05    0.907402    9.236514e+01
0:   513    6.524904e+05    0.938792    8.671162e+01
0:   514    6.200073e+05    0.950217    8.239484e+01
0:   515    6.090793e+05    0.982374    8.094257e+01
0:   516    6.075887e+05    0.997553    8.074449e+01
0:   517    6.289752e+05    1.035199    8.358661e+01
0:   518    6.673722e+05    1.061047    8.868930e+01
0:   519    7.205925e+05    1.079746    9.576193e+01
0:   520    7.815988e+05    1.084661    1.038693e+02
0:   521    8.516924e+05    1.089680    1.131842e+02
0:   522    9.178489e+05    1.077676    1.219760e+02
0:   523    9.700414e+05    1.056864    1.289120e+02
0:   524    9.969263e+05    1.027715    1.324849e+02
0: gamma -9.370579e+08alpha -4.313440e-04  525    9.930968e+05    0.996159    1.319759e+02
0:   526    9.612982e+05    0.967980    1.277501e+02
0:   527    9.065695e+05    0.943068    1.204770e+02
0:   528    8.393432e+05    0.925845    1.115431e+02
0:   529    7.766835e+05    0.925347    1.032160e+02
0:   530    7.314436e+05    0.941753    9.720398e+01
0:   531    7.088206e+05    0.969071    9.419752e+01
0:   532    7.038334e+05    0.992964    9.353476e+01
0:   533    7.240981e+05    1.028792    9.622780e+01
0:   534    7.536883e+05    1.040865    1.001601e+02
0:   535    7.923816e+05    1.051339    1.053022e+02
0:   536    8.302361e+05    1.047773    1.103328e+02
0:   537    8.698743e+05    1.047743    1.156005e+02
0:   538    9.003052e+05    1.034983    1.196446e+02
0:   539    9.189032e+05    1.020657    1.221161e+02
0:   540    9.241792e+05    1.005742    1.228172e+02
0: gamma -1.069304e+09alpha -4.874114e-03  541    9.160668e+05    0.991222    1.217392e+02
0:   542    8.953754e+05    0.977413    1.189894e+02
0:   543    8.655782e+05    0.966721    1.150296e+02
0:   544    8.255891e+05    0.953801    1.097153e+02
0:   545    7.825384e+05    0.947855    1.039941e+02
0:   546    7.394167e+05    0.944895    9.826355e+01
0:   547    6.997127e+05    0.946304    9.298715e+01
0:   548    6.645767e+05    0.949785    8.831780e+01
0:   549    6.266697e+05    0.942961    8.328022e+01
0:   550    5.991849e+05    0.956141    7.962767e+01
0:   551    5.709501e+05    0.952878    7.587546e+01
0:   552    5.455191e+05    0.955458    7.249585e+01
0:   553    5.308630e+05    0.973134    7.054815e+01
0:   554    5.182844e+05    0.976305    6.887654e+01
0:   555    5.213943e+05    1.006000    6.928983e+01
0:   556    5.285451e+05    1.013715    7.024011e+01
0:   557    5.557892e+05    1.051545    7.386067e+01
0:   558    6.005765e+05    1.080583    7.981261e+01
0:   559    6.563210e+05    1.092818    8.722068e+01
0:   560    7.262139e+05    1.106492    9.650898e+01
0:   561    7.962291e+05    1.096411    1.058135e+02
0:   562    8.608870e+05    1.081205    1.144061e+02
0:   563    9.104414e+05    1.057562    1.209916e+02
0:   564    9.318456e+05    1.023510    1.238361e+02
0: gamma -1.512004e+09alpha -1.236352e-03  565    9.228684e+05    0.990366    1.226431e+02
0:   566    8.841186e+05    0.958012    1.174935e+02
0:   567    8.274398e+05    0.935892    1.099612e+02
0:   568    7.617214e+05    0.920576    1.012277e+02
0:   569    7.010212e+05    0.920312    9.316104e+01
0:   570    6.549401e+05    0.934266    8.703717e+01
0:   571    6.166235e+05    0.941496    8.194514e+01
0:   572    5.941222e+05    0.963509    7.895487e+01
0:   573    5.891799e+05    0.991681    7.829808e+01
0:   574    5.954521e+05    1.010646    7.913161e+01
0:   575    6.214780e+05    1.043708    8.259028e+01
0:   576    6.511860e+05    1.047802    8.653828e+01
0:   577    6.876404e+05    1.055982    9.138282e+01
0:   578    7.294695e+05    1.060830    9.694163e+01
0:   579    7.690406e+05    1.054246    1.022004e+02
0:   580    8.066877e+05    1.048953    1.072034e+02
0:   581    8.401401e+05    1.041469    1.116490e+02
0:   582    8.674569e+05    1.032515    1.152792e+02
0:   583    8.835640e+05    1.018568    1.174198e+02
0:   584    8.872883e+05    1.004215    1.179147e+02
0: gamma -6.533035e+08alpha -7.667193e-03  585    8.783371e+05    0.989912    1.167251e+02
0:   586    8.581924e+05    0.977065    1.140480e+02
0:   587    8.302204e+05    0.967406    1.103307e+02
0:   588    7.999314e+05    0.963517    1.063055e+02
0:   589    7.736105e+05    0.967096    1.028077e+02
0:   590    7.547956e+05    0.975679    1.003073e+02
0:   591    7.508731e+05    0.994803    9.978602e+01
0:   592    7.687996e+05    1.023874    1.021683e+02
0:   593    8.039622e+05    1.045737    1.068412e+02
0:   594    8.491112e+05    1.056158    1.128412e+02
0:   595    8.941395e+05    1.053030    1.188252e+02
0:   596    9.262846e+05    1.035951    1.230970e+02
0:   597    9.379828e+05    1.012629    1.246516e+02
0: gamma -1.633747e+09alpha -3.062014e-03  598    9.259027e+05    0.987121    1.230463e+02
0:   599    8.912348e+05    0.962558    1.184392e+02
0:   600    8.404003e+05    0.942962    1.116836e+02
0:   601    7.819467e+05    0.930446    1.039155e+02
0:   602    7.243321e+05    0.926319    9.625890e+01
0:   603    6.748237e+05    0.931650    8.967956e+01
0:   604    6.361986e+05    0.942763    8.454654e+01
0:   605    6.040481e+05    0.949465    8.027396e+01
0:   606    5.849082e+05    0.968314    7.773039e+01
0:   607    5.800983e+05    0.991777    7.709119e+01
0:   608    5.893229e+05    1.015902    7.831708e+01
0:   609    6.110284e+05    1.036831    8.120160e+01
0:   610    6.514085e+05    1.066085    8.656784e+01
0:   611    7.029749e+05    1.079161    9.342067e+01
0:   612    7.666936e+05    1.090642    1.018885e+02
0:   613    8.321704e+05    1.085402    1.105899e+02
0:   614    8.887529e+05    1.067994    1.181093e+02
0:   615    9.212585e+05    1.036574    1.224291e+02
0:   616    9.228749e+05    1.001755    1.226439e+02
0: gamma -3.457534e+08alpha -5.508515e-02  617    8.938367e+05    0.968535    1.187849e+02
0:   618    8.425071e+05    0.942574    1.119636e+02
0:   619    7.806167e+05    0.926540    1.037387e+02
0:   620    7.220486e+05    0.924972    9.595544e+01
0:   621    6.718154e+05    0.930430    8.927978e+01
0:   622    6.424624e+05    0.956308    8.537896e+01
0:   623    6.290400e+05    0.979108    8.359521e+01
0:   624    6.352331e+05    1.009845    8.441824e+01
0:   625    6.571982e+05    1.034578    8.733725e+01
0:   626    6.922346e+05    1.053312    9.199336e+01
0:   627    7.398042e+05    1.068719    9.831504e+01
0:   628    7.961503e+05    1.076163    1.058031e+02
0:   629    8.574662e+05    1.077016    1.139515e+02
0:   630    9.109272e+05    1.062348    1.210561e+02
0:   631    9.470017e+05    1.039602    1.258502e+02
0:   632    9.571647e+05    1.010732    1.272008e+02
0: gamma -1.668717e+09alpha -6.116784e-03  633    9.371361e+05    0.979075    1.245391e+02
0:   634    8.932696e+05    0.953191    1.187096e+02
0:   635    8.392946e+05    0.939576    1.115367e+02
0:   636    7.897635e+05    0.940985    1.049543e+02
0:   637    7.543791e+05    0.955196    1.002519e+02
0:   638    7.401159e+05    0.981093    9.835646e+01
0:   639    7.478604e+05    1.010464    9.938565e+01
0:   640    7.733795e+05    1.034123    1.027770e+02
0:   641    8.141002e+05    1.052653    1.081885e+02
0:   642    8.610151e+05    1.057628    1.144232e+02
0:   643    9.068849e+05    1.053274    1.205189e+02
0:   644    9.468610e+05    1.044081    1.258315e+02
0:   645    9.772828e+05    1.032129    1.298744e+02
0:   646    9.956453e+05    1.018789    1.323146e+02
0:   647    1.000358e+06    1.004733    1.329409e+02
0: gamma -9.743485e+08alpha -5.991544e-03  648    9.915691e+05    0.991215    1.317729e+02
0:   649    9.702489e+05    0.978499    1.289396e+02
0:   650    9.396955e+05    0.968510    1.248793e+02
0:   651    9.019784e+05    0.959862    1.198669e+02
0:   652    8.610487e+05    0.954622    1.144276e+02
0:   653    8.226538e+05    0.955409    1.093252e+02
0:   654    7.834963e+05    0.952401    1.041214e+02
0:   655    7.628138e+05    0.973602    1.013729e+02
0:   656    7.520441e+05    0.985882    9.994165e+01
0:   657    7.640294e+05    1.015937    1.015344e+02
0:   658    7.949123e+05    1.040421    1.056385e+02
0:   659    8.471883e+05    1.065763    1.125857e+02
0:   660    9.168717e+05    1.082252    1.218461e+02
0:   661    9.951720e+05    1.085399    1.322517e+02
0:   662    1.059722e+06    1.064863    1.408300e+02
0:   663    1.100296e+06    1.038287    1.462220e+02
0:   664    1.107591e+06    1.006630    1.471914e+02
0: gamma -1.713200e+09alpha -1.245263e-02  665    1.078811e+06    0.974015    1.433667e+02
0:   666    1.020266e+06    0.945732    1.355865e+02
0:   667    9.421863e+05    0.923472    1.252103e+02
0:   668    8.591189e+05    0.911835    1.141712e+02
0:   669    7.789111e+05    0.906640    1.035121e+02
0:   670    7.135644e+05    0.916105    9.482795e+01
0:   671    6.749793e+05    0.945926    8.970024e+01
0:   672    6.537248e+05    0.968511    8.687566e+01
0:   673    6.469419e+05    0.989624    8.597426e+01
0:   674    6.701973e+05    1.035947    8.906475e+01
0:   675    7.087795e+05    1.057568    9.419206e+01
0:   676    7.701624e+05    1.086604    1.023494e+02
0:   677    8.476931e+05    1.100668    1.126527e+02
0:   678    9.286975e+05    1.095559    1.234177e+02
0:   679    9.986125e+05    1.075283    1.327089e+02
0:   680    1.043381e+06    1.044831    1.386584e+02
0:   681    1.050228e+06    1.006562    1.395683e+02
0: gamma -1.587010e+09alpha -1.575505e-02  682    1.017781e+06    0.969105    1.352563e+02
0:   683    9.535041e+05    0.936846    1.267143e+02
0:   684    8.747421e+05    0.917397    1.162474e+02
0:   685    7.993716e+05    0.913837    1.062311e+02
0:   686    7.382126e+05    0.923491    9.810353e+01
0:   687    6.901435e+05    0.934884    9.171547e+01
0:   688    6.665210e+05    0.965772    8.857619e+01
0:   689    6.535970e+05    0.980610    8.685868e+01
0:   690    6.495876e+05    0.993866    8.632585e+01
0:   691    6.690391e+05    1.029944    8.891083e+01
0:   692    6.954528e+05    1.039480    9.242103e+01
0:   693    7.271812e+05    1.045623    9.663752e+01
0:   694    7.676764e+05    1.055688    1.020191e+02
0:   695    8.205687e+05    1.068899    1.090481e+02
0:   696    8.699382e+05    1.060165    1.156090e+02
0:   697    9.247106e+05    1.062961    1.228879e+02
0:   698    9.750964e+05    1.054488    1.295838e+02
0:   699    1.014881e+06    1.040801    1.348710e+02
0:   700    1.046206e+06    1.030866    1.390338e+02
0:   701    1.067634e+06    1.020481    1.418815e+02
0:   702    1.075244e+06    1.007128    1.428927e+02
0: gamma -1.136586e+09alpha -2.798368e-03  703    1.068582e+06    0.993804    1.420074e+02
0:   704    1.047550e+06    0.980318    1.392124e+02
0:   705    1.014462e+06    0.968414    1.348152e+02
0:   706    9.746568e+05    0.960763    1.295254e+02
0:   707    9.285102e+05    0.952653    1.233928e+02
0:   708    8.827918e+05    0.950762    1.173171e+02
0:   709    8.423837e+05    0.954227    1.119472e+02
0:   710    8.100766e+05    0.961648    1.076538e+02
0:   711    7.893013e+05    0.974354    1.048929e+02
0:   712    7.764226e+05    0.983683    1.031814e+02
0:   713    7.954875e+05    1.024555    1.057150e+02
0:   714    8.406781e+05    1.056809    1.117205e+02
0:   715    8.987767e+05    1.069109    1.194414e+02
0:   716    9.738127e+05    1.083487    1.294132e+02
0:   717    1.054012e+06    1.082356    1.400711e+02
0:   718    1.122282e+06    1.064772    1.491437e+02
0:   719    1.162130e+06    1.035507    1.544394e+02
0:   720    1.165670e+06    1.003046    1.549098e+02
0: gamma -1.040615e+09alpha -2.838615e-02  721    1.131847e+06    0.970984    1.504149e+02
0:   722    1.071563e+06    0.946738    1.424035e+02
0:   723    9.949951e+05    0.928546    1.322282e+02
0:   724    9.088743e+05    0.913446    1.207833e+02
0:   725    8.258714e+05    0.908675    1.097528e+02
0:   726    7.616513e+05    0.922240    1.012184e+02
0:   727    7.137565e+05    0.937117    9.485347e+01
0:   728    6.711139e+05    0.940256    8.918656e+01
0:   729    6.318887e+05    0.941552    8.397378e+01
0:   730    6.159274e+05    0.974740    8.185264e+01
0:   731    6.156961e+05    0.999624    8.182190e+01
0:   732    6.209769e+05    1.008577    8.252368e+01
0:   733    6.564317e+05    1.057095    8.723539e+01
0:   734    7.121667e+05    1.084906    9.464220e+01
0:   735    7.831411e+05    1.099660    1.040742e+02
0:   736    8.616773e+05    1.100284    1.145112e+02
0:   737    9.357484e+05    1.085962    1.243547e+02
0:   738    9.920042e+05    1.060118    1.318307e+02
0:   739    1.012519e+06    1.020680    1.345571e+02
0: gamma -2.825757e+09alpha -3.189748e-03  740    9.913802e+05    0.979122    1.317478e+02
0:   741    9.333894e+05    0.941505    1.240412e+02
0:   742    8.497246e+05    0.910364    1.129227e+02
0:   743    7.634254e+05    0.898439    1.014541e+02
0:   744    6.839749e+05    0.895929    9.089570e+01
0:   745    6.173485e+05    0.902589    8.204150e+01
0:   746    5.644634e+05    0.914335    7.501342e+01
0:   747    5.259996e+05    0.931858    6.990183e+01
0:   748    4.995467e+05    0.949709    6.638642e+01
0:   749    4.914032e+05    0.983698    6.530421e+01
0:   750    4.732870e+05    0.963134    6.289668e+01
0:   751    4.728175e+05    0.999008    6.283428e+01
0:   752    4.920383e+05    1.040652    6.538860e+01
0:   753    5.162922e+05    1.049293    6.861178e+01
0:   754    5.417309e+05    1.049272    7.199242e+01
0:   755    5.859336e+05    1.081595    7.786666e+01
0:   756    6.400525e+05    1.092364    8.505870e+01
0:   757    7.128900e+05    1.113799    9.473832e+01
0:   758    7.928246e+05    1.112128    1.053611e+02
0:   759    8.779664e+05    1.107391    1.166759e+02
0:   760    9.584994e+05    1.091727    1.273782e+02
0:   761    1.023070e+06    1.067366    1.359592e+02
0:   762    1.051708e+06    1.027992    1.397650e+02
0: gamma -2.128817e+09alpha -1.158395e-03  763    1.040856e+06    0.989682    1.383228e+02
0:   764    9.940798e+05    0.955060    1.321066e+02
0:   765    9.223834e+05    0.927877    1.225786e+02
0:   766    8.413852e+05    0.912186    1.118145e+02
0:   767    7.646138e+05    0.908756    1.016121e+02
0:   768    6.963535e+05    0.910726    9.254073e+01
0:   769    6.329692e+05    0.908977    8.411738e+01
0:   770    5.736514e+05    0.906286    7.623444e+01
0:   771    5.424709e+05    0.945646    7.209076e+01
0:   772    5.165110e+05    0.952145    6.864086e+01
0:   773    4.949587e+05    0.958273    6.577670e+01
0:   774    4.793076e+05    0.968379    6.369678e+01
0:   775    4.825477e+05    1.006760    6.412737e+01
0:   776    4.880998e+05    1.011506    6.486521e+01
0:   777    4.997508e+05    1.023870    6.641355e+01
0:   778    5.210063e+05    1.042532    6.923826e+01
0:   779    5.514972e+05    1.058523    7.329029e+01
0:   780    5.988997e+05    1.085952    7.958977e+01
0:   781    6.501596e+05    1.085590    8.640188e+01
0:   782    7.067625e+05    1.087060    9.392401e+01
0:   783    7.719679e+05    1.092259    1.025894e+02
0:   784    8.454283e+05    1.095160    1.123518e+02
0:   785    9.156752e+05    1.083090    1.216871e+02
0:   786    9.653986e+05    1.054302    1.282950e+02
0:   787    9.853069e+05    1.020622    1.309407e+02
0: gamma -2.256569e+09alpha -2.339620e-03  788    9.692207e+05    0.983674    1.288030e+02
0:   789    9.184850e+05    0.947653    1.220605e+02
0:   790    8.449207e+05    0.919907    1.122843e+02
0:   791    7.607007e+05    0.900322    1.010920e+02
0:   792    6.818179e+05    0.896302    9.060905e+01
0:   793    6.116069e+05    0.897024    8.127847e+01
0:   794    5.537861e+05    0.905461    7.359448e+01
0:   795    5.094490e+05    0.919938    6.770237e+01
0:   796    4.789652e+05    0.940163    6.365127e+01
0:   797    4.553184e+05    0.950630    6.050878e+01
0:   798    4.336086e+05    0.952319    5.762368e+01
0:   799    4.206112e+05    0.970025    5.589642e+01
0:   800    4.142133e+05    0.984789    5.504619e+01
0:   801    4.186414e+05    1.010690    5.563465e+01
0:   802    4.203086e+05    1.003982    5.585620e+01
0:   803    4.190790e+05    0.997075    5.569281e+01
0:   804    4.146207e+05    0.989361    5.510032e+01
0:   805    4.142539e+05    0.999115    5.505158e+01
0:   806    4.242126e+05    1.024040    5.637502e+01
0:   807    4.366904e+05    1.029414    5.803324e+01
0:   808    4.454146e+05    1.019978    5.919263e+01
0:   809    4.432884e+05    0.995226    5.891006e+01
0:   810    4.477262e+05    1.010011    5.949983e+01
0:   811    4.599390e+05    1.027277    6.112282e+01
0:   812    4.679578e+05    1.017435    6.218847e+01
0:   813    4.880962e+05    1.043035    6.486472e+01
0:   814    4.998872e+05    1.024157    6.643167e+01
0:   815    5.199501e+05    1.040135    6.909789e+01
0:   816    5.368115e+05    1.032429    7.133866e+01
0:   817    5.487255e+05    1.022194    7.292195e+01
0:   818    5.693820e+05    1.037645    7.566706e+01
0:   819    5.894372e+05    1.035223    7.833227e+01
0:   820    6.258729e+05    1.061814    8.317432e+01
0:   821    6.679866e+05    1.067288    8.877096e+01
0:   822    7.207835e+05    1.079039    9.578731e+01
0:   823    7.813627e+05    1.084046    1.038379e+02
0:   824    8.545996e+05    1.093730    1.135706e+02
0:   825    9.302158e+05    1.088481    1.236195e+02
0:   826    1.001535e+06    1.076670    1.330973e+02
0:   827    1.048396e+06    1.046789    1.393249e+02
0:   828    1.058594e+06    1.009727    1.406801e+02
0: gamma -2.035471e+09alpha -8.191217e-03  829    1.030824e+06    0.973766    1.369896e+02
0:   830    9.705599e+05    0.941538    1.289809e+02
0:   831    8.897134e+05    0.916701    1.182370e+02
0:   832    8.027732e+05    0.902283    1.066832e+02
0:   833    7.224915e+05    0.899995    9.601430e+01
0:   834    6.601440e+05    0.913705    8.772873e+01
0:   835    6.088644e+05    0.922321    8.091402e+01
0:   836    5.751424e+05    0.944615    7.643259e+01
0:   837    5.520147e+05    0.959788    7.335907e+01
0:   838    5.380630e+05    0.974726    7.150498e+01
0:   839    5.348609e+05    0.994049    7.107944e+01
0:   840    5.395279e+05    1.008726    7.169966e+01
0:   841    5.355410e+05    0.992610    7.116983e+01
0:   842    5.401576e+05    1.008620    7.178334e+01
0:   843    5.541936e+05    1.025985    7.364863e+01
0:   844    5.828724e+05    1.051749    7.745986e+01
0:   845    6.247897e+05    1.071915    8.303038e+01
0:   846    6.750233e+05    1.080401    8.970609e+01
0:   847    7.379882e+05    1.093278    9.807370e+01
0:   848    8.114892e+05    1.099596    1.078415e+02
0:   849    8.922660e+05    1.099541    1.185762e+02
0:   850    9.681721e+05    1.085071    1.286636e+02
0:   851    1.024086e+06    1.057752    1.360941e+02
0:   852    1.044130e+06    1.019573    1.387579e+02
0: gamma -2.634701e+09alpha -3.141956e-03  853    1.024134e+06    0.980849    1.361006e+02
0:   854    9.700119e+05    0.947153    1.289081e+02
0:   855    8.946243e+05    0.922282    1.188896e+02
0:   856    8.077152e+05    0.902854    1.073400e+02
0:   857    7.287454e+05    0.902231    9.684540e+01
0:   858    6.643212e+05    0.911596    8.828386e+01
0:   859    6.166247e+05    0.928203    8.194531e+01
0:   860    5.908095e+05    0.958135    7.851463e+01
0:   861    5.722818e+05    0.968640    7.605244e+01
0:   862    5.710835e+05    0.997906    7.589318e+01
0:   863    5.915782e+05    1.035887    7.861680e+01
0:   864    6.289304e+05    1.063140    8.358065e+01
0:   865    6.833588e+05    1.086541    9.081383e+01
0:   866    7.403323e+05    1.083373    9.838522e+01
0:   867    8.167203e+05    1.103181    1.085367e+02
0:   868    9.048237e+05    1.107875    1.202450e+02
0:   869    9.955467e+05    1.100266    1.323015e+02
0:   870    1.078241e+06    1.083064    1.432910e+02
0:   871    1.133595e+06    1.051337    1.506472e+02
0:   872    1.147858e+06    1.012582    1.525426e+02
0: gamma -2.803104e+09alpha -6.456165e-03  873    1.119218e+06    0.975049    1.487365e+02
0:   874    1.055206e+06    0.942807    1.402299e+02
0:   875    9.700950e+05    0.919341    1.289191e+02
0:   876    8.794366e+05    0.906547    1.168712e+02
0:   877    7.931875e+05    0.901927    1.054093e+02
0:   878    7.218672e+05    0.910084    9.593133e+01
0:   879    6.783519e+05    0.939718    9.014844e+01
0:   880    6.456249e+05    0.951755    8.579924e+01
0:   881    6.220893e+05    0.963546    8.267151e+01
0:   882    6.053943e+05    0.973163    8.045286e+01
0:   883    6.055223e+05    1.000211    8.046986e+01
0:   884    6.093984e+05    1.006401    8.098498e+01
0:   885    6.125733e+05    1.005210    8.140690e+01
0:   886    6.345647e+05    1.035900    8.432941e+01
0:   887    6.590133e+05    1.038528    8.757847e+01
0:   888    6.866733e+05    1.041972    9.125430e+01
0:   889    7.343052e+05    1.069366    9.758426e+01
0:   890    7.845447e+05    1.068418    1.042608e+02
0:   891    8.524505e+05    1.086554    1.132850e+02
0:   892    9.325990e+05    1.094021    1.239362e+02
0:   893    1.020548e+06    1.094305    1.356240e+02
0:   894    1.106300e+06    1.084025    1.470198e+02
0:   895    1.179520e+06    1.066185    1.567504e+02
0:   896    1.224959e+06    1.038523    1.627889e+02
0:   897    1.229405e+06    1.003630    1.633798e+02
0: gamma -1.212497e+09alpha -2.846946e-02  898    1.187710e+06    0.966085    1.578387e+02
0:   899    1.108660e+06    0.933443    1.473335e+02
0:   900    1.009904e+06    0.910923    1.342095e+02
0:   901    9.100015e+05    0.901077    1.209331e+02
0:   902    8.259833e+05    0.907672    1.097677e+02
0:   903    7.523312e+05    0.910831    9.997980e+01
0:   904    7.039082e+05    0.935636    9.354469e+01
0:   905    6.720103e+05    0.954685    8.930569e+01
0:   906    6.711295e+05    0.998689    8.918863e+01
0:   907    6.866852e+05    1.023178    9.125587e+01
0:   908    7.261294e+05    1.057441    9.649775e+01
0:   909    7.877234e+05    1.084825    1.046832e+02
0:   910    8.699837e+05    1.104428    1.156150e+02
0:   911    9.560211e+05    1.098895    1.270488e+02
0:   912    1.037697e+06    1.085433    1.379030e+02
0:   913    1.095092e+06    1.055311    1.455305e+02
0:   914    1.111760e+06    1.015220    1.477454e+02
0: gamma -3.217524e+09alpha -5.504733e-03  915    1.081734e+06    0.972993    1.437553e+02
0:   916    1.014472e+06    0.937820    1.348165e+02
0:   917    9.260194e+05    0.912809    1.230618e+02
0:   918    8.347347e+05    0.901422    1.109307e+02
0:   919    7.517664e+05    0.900605    9.990473e+01
0:   920    6.835774e+05    0.909295    9.084287e+01
0:   921    6.286933e+05    0.919711    8.354915e+01
0:   922    5.932128e+05    0.943565    7.883403e+01
0:   923    5.679483e+05    0.957411    7.547653e+01
0:   924    5.557377e+05    0.978501    7.385383e+01
0:   925    5.386107e+05    0.969181    7.157777e+01
0:   926    5.257277e+05    0.976081    6.986570e+01
0:   927    5.281451e+05    1.004598    7.018695e+01
0:   928    5.334191e+05    1.009986    7.088784e+01
0:   929    5.307325e+05    0.994963    7.053081e+01
0:   930    5.347770e+05    1.007620    7.106829e+01
0:   931    5.412957e+05    1.012190    7.193458e+01
0:   932    5.453251e+05    1.007444    7.247006e+01
0:   933    5.644394e+05    1.035051    7.501023e+01
0:   934    5.763458e+05    1.021094    7.659252e+01
0:   935    6.054150e+05    1.050437    8.045561e+01
0:   936    6.464130e+05    1.067719    8.590397e+01
0:   937    7.025876e+05    1.086902    9.336920e+01
0:   938    7.839842e+05    1.115853    1.041863e+02
0:   939    8.765729e+05    1.118100    1.164907e+02
0:   940    9.735663e+05    1.110651    1.293805e+02
0:   941    1.058435e+06    1.087173    1.406589e+02
0:   942    1.119623e+06    1.057810    1.487904e+02
0:   943    1.142767e+06    1.020672    1.518662e+02
0: gamma -3.160119e+09alpha -2.471233e-03  944    1.124116e+06    0.983679    1.493875e+02
0:   945    1.068570e+06    0.950587    1.420058e+02
0:   946    9.928704e+05    0.929158    1.319458e+02
0:   947    9.058611e+05    0.912366    1.203829e+02
0:   948    8.219970e+05    0.907421    1.092379e+02
0:   949    7.492745e+05    0.911530    9.957358e+01
0:   950    6.947901e+05    0.927284    9.233296e+01
0:   951    6.608102e+05    0.951093    8.781727e+01
0:   952    6.399025e+05    0.968360    8.503877e+01
0:   953    6.436114e+05    1.005796    8.553165e+01
0:   954    6.654681e+05    1.033959    8.843627e+01
0:   955    7.089616e+05    1.065358    9.421627e+01
0:   956    7.716568e+05    1.088432    1.025480e+02
0:   957    8.542040e+05    1.106974    1.135180e+02
0:   958    9.426680e+05    1.103563    1.252743e+02
0:   959    1.026183e+06    1.088594    1.363728e+02
0:   960    1.082437e+06    1.054819    1.438487e+02
0:   961    1.096718e+06    1.013193    1.457465e+02
0: gamma -2.984296e+09alpha -6.679058e-03  962    1.065638e+06    0.971661    1.416161e+02
0:   963    9.973486e+05    0.935917    1.325410e+02
0:   964    9.124032e+05    0.914829    1.212523e+02
0:   965    8.290082e+05    0.908599    1.101697e+02
0:   966    7.569466e+05    0.913075    1.005932e+02
0:   967    6.958565e+05    0.919294    9.247468e+01
0:   968    6.516347e+05    0.936450    8.659790e+01
0:   969    6.142501e+05    0.942630    8.162974e+01
0:   970    5.938741e+05    0.966828    7.892191e+01
0:   971    5.745834e+05    0.967517    7.635830e+01
0:   972    5.698019e+05    0.991678    7.572287e+01
0:   973    5.706463e+05    1.001482    7.583509e+01
0:   974    5.707700e+05    1.000217    7.585153e+01
0:   975    5.639960e+05    0.988132    7.495131e+01
0:   976    5.483291e+05    0.972222    7.286928e+01
0:   977    5.332771e+05    0.972549    7.086897e+01
0:   978    5.316335e+05    0.996918    7.065055e+01
0:   979    5.317732e+05    1.000263    7.066911e+01
0:   980    5.408647e+05    1.017097    7.187731e+01
0:   981    5.573446e+05    1.030469    7.406738e+01
0:   982    5.921057e+05    1.062369    7.868689e+01
0:   983    6.444355e+05    1.088379    8.564118e+01
0:   984    7.102430e+05    1.102116    9.438655e+01
0:   985    7.826572e+05    1.101957    1.040099e+02
0:   986    8.638700e+05    1.103765    1.148026e+02
0:   987    9.403968e+05    1.088586    1.249725e+02
0:   988    1.000002e+06    1.063383    1.328935e+02
0:   989    1.024030e+06    1.024029    1.360868e+02
0: gamma -2.687506e+09alpha -2.254884e-03  990    1.006184e+06    0.982573    1.337152e+02
0:   991    9.519267e+05    0.946076    1.265047e+02
0:   992    8.760362e+05    0.920277    1.164194e+02
0:   993    7.924727e+05    0.904612    1.053143e+02
0:   994    7.123937e+05    0.898951    9.467237e+01
0:   995    6.429261e+05    0.902487    8.544058e+01
0:   996    5.859003e+05    0.911303    7.786224e+01
0:   997    5.343277e+05    0.911977    7.100859e+01
0:   998    5.081752e+05    0.951055    6.753309e+01
0:   999    4.912946e+05    0.966782    6.528978e+01
0:  1000    4.908076e+05    0.999009    6.522506e+01
0: 
0: 
0: =============================================
0: Solve phase times:
0: =============================================
0: PCG Solve:
0:   wall clock time = 5.161845 seconds
0:   wall MFLOPS     = 0.000000
0:   cpu clock time  = 5.364812 seconds
0:   cpu MFLOPS      = 0.000000
0: 
0: 
0: Iterations = 1000
0: Final Relative Residual Norm = 6.522506e+01
0: 
