0: 
0: Lmod is automatically replacing "cce/20.0.0" with "rocmcc/7.2.1-magic".
0: 
0: 
0: Due to MODULEPATH changes, the following have been reloaded:
0:   1) cray-libsci/25.09.0
0: 
0: The following have been reloaded with a version change:
0:   1) cray-mpich/9.0.1 => cray-mpich/9.1.0
0: 
0: jobid: f3YpZPh9
0: 0.130s: flux-shell[3]: mpibind: 
0: mpibind: task   0 nths 21 gpus 0 cpus 1-7,9-15,17-23
0: mpibind: task   1 nths 21 gpus 1 cpus 25-31,33-39,41-47
0: mpibind: task   2 nths 21 gpus 2 cpus 49-55,57-63,65-71
0: mpibind: task   3 nths 21 gpus 3 cpus 73-79,81-87,89-95
0: 0.131s: flux-shell[1]: mpibind: 
0: mpibind: task   0 nths 21 gpus 0 cpus 1-7,9-15,17-23
0: mpibind: task   1 nths 21 gpus 1 cpus 25-31,33-39,41-47
0: mpibind: task   2 nths 21 gpus 2 cpus 49-55,57-63,65-71
0: mpibind: task   3 nths 21 gpus 3 cpus 73-79,81-87,89-95
0: 0.135s: flux-shell[4]: mpibind: 
0: mpibind: task   0 nths 21 gpus 0 cpus 1-7,9-15,17-23
0: mpibind: task   1 nths 21 gpus 1 cpus 25-31,33-39,41-47
0: mpibind: task   2 nths 21 gpus 2 cpus 49-55,57-63,65-71
0: mpibind: task   3 nths 21 gpus 3 cpus 73-79,81-87,89-95
0: 0.137s: flux-shell[0]: mpibind: 
0: mpibind: task   0 nths 21 gpus 0 cpus 1-7,9-15,17-23
0: mpibind: task   1 nths 21 gpus 1 cpus 25-31,33-39,41-47
0: mpibind: task   2 nths 21 gpus 2 cpus 49-55,57-63,65-71
0: mpibind: task   3 nths 21 gpus 3 cpus 73-79,81-87,89-95
0: 0.145s: flux-shell[15]: mpibind: 
0: mpibind: task   0 nths 21 gpus 0 cpus 1-7,9-15,17-23
0: mpibind: task   1 nths 21 gpus 1 cpus 25-31,33-39,41-47
0: mpibind: task   2 nths 21 gpus 2 cpus 49-55,57-63,65-71
0: mpibind: task   3 nths 21 gpus 3 cpus 73-79,81-87,89-95
0: 0.135s: flux-shell[5]: mpibind: 
0: mpibind: task   0 nths 21 gpus 0 cpus 1-7,9-15,17-23
0: mpibind: task   1 nths 21 gpus 1 cpus 25-31,33-39,41-47
0: mpibind: task   2 nths 21 gpus 2 cpus 49-55,57-63,65-71
0: mpibind: task   3 nths 21 gpus 3 cpus 73-79,81-87,89-95
0: 0.137s: flux-shell[6]: mpibind: 
0: mpibind: task   0 nths 21 gpus 0 cpus 1-7,9-15,17-23
0: mpibind: task   1 nths 21 gpus 1 cpus 25-31,33-39,41-47
0: mpibind: task   2 nths 21 gpus 2 cpus 49-55,57-63,65-71
0: mpibind: task   3 nths 21 gpus 3 cpus 73-79,81-87,89-95
0: 0.141s: flux-shell[2]: mpibind: 
0: mpibind: task   0 nths 21 gpus 0 cpus 1-7,9-15,17-23
0: mpibind: task   1 nths 21 gpus 1 cpus 25-31,33-39,41-47
0: mpibind: task   2 nths 21 gpus 2 cpus 49-55,57-63,65-71
0: mpibind: task   3 nths 21 gpus 3 cpus 73-79,81-87,89-95
0: 0.139s: flux-shell[7]: mpibind: 
0: mpibind: task   0 nths 21 gpus 0 cpus 1-7,9-15,17-23
0: mpibind: task   1 nths 21 gpus 1 cpus 25-31,33-39,41-47
0: mpibind: task   2 nths 21 gpus 2 cpus 49-55,57-63,65-71
0: mpibind: task   3 nths 21 gpus 3 cpus 73-79,81-87,89-95
0: 0.141s: flux-shell[8]: mpibind: 
0: mpibind: task   0 nths 21 gpus 0 cpus 1-7,9-15,17-23
0: mpibind: task   1 nths 21 gpus 1 cpus 25-31,33-39,41-47
0: mpibind: task   2 nths 21 gpus 2 cpus 49-55,57-63,65-71
0: mpibind: task   3 nths 21 gpus 3 cpus 73-79,81-87,89-95
0: 0.140s: flux-shell[9]: mpibind: 
0: mpibind: task   0 nths 21 gpus 0 cpus 1-7,9-15,17-23
0: mpibind: task   1 nths 21 gpus 1 cpus 25-31,33-39,41-47
0: mpibind: task   2 nths 21 gpus 2 cpus 49-55,57-63,65-71
0: mpibind: task   3 nths 21 gpus 3 cpus 73-79,81-87,89-95
0: 0.143s: flux-shell[10]: mpibind: 
0: mpibind: task   0 nths 21 gpus 0 cpus 1-7,9-15,17-23
0: mpibind: task   1 nths 21 gpus 1 cpus 25-31,33-39,41-47
0: mpibind: task   2 nths 21 gpus 2 cpus 49-55,57-63,65-71
0: mpibind: task   3 nths 21 gpus 3 cpus 73-79,81-87,89-95
0: 0.142s: flux-shell[11]: mpibind: 
0: mpibind: task   0 nths 21 gpus 0 cpus 1-7,9-15,17-23
0: mpibind: task   1 nths 21 gpus 1 cpus 25-31,33-39,41-47
0: mpibind: task   2 nths 21 gpus 2 cpus 49-55,57-63,65-71
0: mpibind: task   3 nths 21 gpus 3 cpus 73-79,81-87,89-95
0: 0.140s: flux-shell[12]: mpibind: 
0: mpibind: task   0 nths 21 gpus 0 cpus 1-7,9-15,17-23
0: mpibind: task   1 nths 21 gpus 1 cpus 25-31,33-39,41-47
0: mpibind: task   2 nths 21 gpus 2 cpus 49-55,57-63,65-71
0: mpibind: task   3 nths 21 gpus 3 cpus 73-79,81-87,89-95
0: 0.145s: flux-shell[14]: mpibind: 
0: mpibind: task   0 nths 21 gpus 0 cpus 1-7,9-15,17-23
0: mpibind: task   1 nths 21 gpus 1 cpus 25-31,33-39,41-47
0: mpibind: task   2 nths 21 gpus 2 cpus 49-55,57-63,65-71
0: mpibind: task   3 nths 21 gpus 3 cpus 73-79,81-87,89-95
0: 0.147s: flux-shell[13]: mpibind: 
0: mpibind: task   0 nths 21 gpus 0 cpus 1-7,9-15,17-23
0: mpibind: task   1 nths 21 gpus 1 cpus 25-31,33-39,41-47
0: mpibind: task   2 nths 21 gpus 2 cpus 49-55,57-63,65-71
0: mpibind: task   3 nths 21 gpus 3 cpus 73-79,81-87,89-95
0: 0.148s: flux-shell[16]: mpibind: 
0: mpibind: task   0 nths 21 gpus 0 cpus 1-7,9-15,17-23
0: mpibind: task   1 nths 21 gpus 1 cpus 25-31,33-39,41-47
0: mpibind: task   2 nths 21 gpus 2 cpus 49-55,57-63,65-71
0: mpibind: task   3 nths 21 gpus 3 cpus 73-79,81-87,89-95
0: 0.144s: flux-shell[17]: mpibind: 
0: mpibind: task   0 nths 21 gpus 0 cpus 1-7,9-15,17-23
0: mpibind: task   1 nths 21 gpus 1 cpus 25-31,33-39,41-47
0: mpibind: task   2 nths 21 gpus 2 cpus 49-55,57-63,65-71
0: mpibind: task   3 nths 21 gpus 3 cpus 73-79,81-87,89-95
0: 0.162s: flux-shell[29]: mpibind: 
0: mpibind: task   0 nths 21 gpus 0 cpus 1-7,9-15,17-23
0: mpibind: task   1 nths 21 gpus 1 cpus 25-31,33-39,41-47
0: mpibind: task   2 nths 21 gpus 2 cpus 49-55,57-63,65-71
0: mpibind: task   3 nths 21 gpus 3 cpus 73-79,81-87,89-95
0: 0.163s: flux-shell[28]: mpibind: 
0: mpibind: task   0 nths 21 gpus 0 cpus 1-7,9-15,17-23
0: mpibind: task   1 nths 21 gpus 1 cpus 25-31,33-39,41-47
0: mpibind: task   2 nths 21 gpus 2 cpus 49-55,57-63,65-71
0: mpibind: task   3 nths 21 gpus 3 cpus 73-79,81-87,89-95
0: 0.168s: flux-shell[27]: mpibind: 
0: mpibind: task   0 nths 21 gpus 0 cpus 1-7,9-15,17-23
0: mpibind: task   1 nths 21 gpus 1 cpus 25-31,33-39,41-47
0: mpibind: task   2 nths 21 gpus 2 cpus 49-55,57-63,65-71
0: mpibind: task   3 nths 21 gpus 3 cpus 73-79,81-87,89-95
0: 0.159s: flux-shell[26]: mpibind: 
0: mpibind: task   0 nths 21 gpus 0 cpus 1-7,9-15,17-23
0: mpibind: task   1 nths 21 gpus 1 cpus 25-31,33-39,41-47
0: mpibind: task   2 nths 21 gpus 2 cpus 49-55,57-63,65-71
0: mpibind: task   3 nths 21 gpus 3 cpus 73-79,81-87,89-95
0: 0.160s: flux-shell[25]: mpibind: 
0: mpibind: task   0 nths 21 gpus 0 cpus 1-7,9-15,17-23
0: mpibind: task   1 nths 21 gpus 1 cpus 25-31,33-39,41-47
0: mpibind: task   2 nths 21 gpus 2 cpus 49-55,57-63,65-71
0: mpibind: task   3 nths 21 gpus 3 cpus 73-79,81-87,89-95
0: 0.143s: flux-shell[18]: mpibind: 
0: mpibind: task   0 nths 21 gpus 0 cpus 1-7,9-15,17-23
0: mpibind: task   1 nths 21 gpus 1 cpus 25-31,33-39,41-47
0: mpibind: task   2 nths 21 gpus 2 cpus 49-55,57-63,65-71
0: mpibind: task   3 nths 21 gpus 3 cpus 73-79,81-87,89-95
0: 0.147s: flux-shell[19]: mpibind: 
0: mpibind: task   0 nths 21 gpus 0 cpus 1-7,9-15,17-23
0: mpibind: task   1 nths 21 gpus 1 cpus 25-31,33-39,41-47
0: mpibind: task   2 nths 21 gpus 2 cpus 49-55,57-63,65-71
0: mpibind: task   3 nths 21 gpus 3 cpus 73-79,81-87,89-95
0: 0.146s: flux-shell[20]: mpibind: 
0: mpibind: task   0 nths 21 gpus 0 cpus 1-7,9-15,17-23
0: mpibind: task   1 nths 21 gpus 1 cpus 25-31,33-39,41-47
0: mpibind: task   2 nths 21 gpus 2 cpus 49-55,57-63,65-71
0: mpibind: task   3 nths 21 gpus 3 cpus 73-79,81-87,89-95
0: 0.148s: flux-shell[21]: mpibind: 
0: mpibind: task   0 nths 21 gpus 0 cpus 1-7,9-15,17-23
0: mpibind: task   1 nths 21 gpus 1 cpus 25-31,33-39,41-47
0: mpibind: task   2 nths 21 gpus 2 cpus 49-55,57-63,65-71
0: mpibind: task   3 nths 21 gpus 3 cpus 73-79,81-87,89-95
0: 0.148s: flux-shell[22]: mpibind: 
0: mpibind: task   0 nths 21 gpus 0 cpus 1-7,9-15,17-23
0: mpibind: task   1 nths 21 gpus 1 cpus 25-31,33-39,41-47
0: mpibind: task   2 nths 21 gpus 2 cpus 49-55,57-63,65-71
0: mpibind: task   3 nths 21 gpus 3 cpus 73-79,81-87,89-95
0: 0.150s: flux-shell[23]: mpibind: 
0: mpibind: task   0 nths 21 gpus 0 cpus 1-7,9-15,17-23
0: mpibind: task   1 nths 21 gpus 1 cpus 25-31,33-39,41-47
0: mpibind: task   2 nths 21 gpus 2 cpus 49-55,57-63,65-71
0: mpibind: task   3 nths 21 gpus 3 cpus 73-79,81-87,89-95
0: 0.146s: flux-shell[24]: mpibind: 
0: mpibind: task   0 nths 21 gpus 0 cpus 1-7,9-15,17-23
0: mpibind: task   1 nths 21 gpus 1 cpus 25-31,33-39,41-47
0: mpibind: task   2 nths 21 gpus 2 cpus 49-55,57-63,65-71
0: mpibind: task   3 nths 21 gpus 3 cpus 73-79,81-87,89-95
0: 0.165s: flux-shell[32]: mpibind: 
0: mpibind: task   0 nths 21 gpus 0 cpus 1-7,9-15,17-23
0: mpibind: task   1 nths 21 gpus 1 cpus 25-31,33-39,41-47
0: mpibind: task   2 nths 21 gpus 2 cpus 49-55,57-63,65-71
0: mpibind: task   3 nths 21 gpus 3 cpus 73-79,81-87,89-95
0: 0.158s: flux-shell[30]: mpibind: 
0: mpibind: task   0 nths 21 gpus 0 cpus 1-7,9-15,17-23
0: mpibind: task   1 nths 21 gpus 1 cpus 25-31,33-39,41-47
0: mpibind: task   2 nths 21 gpus 2 cpus 49-55,57-63,65-71
0: mpibind: task   3 nths 21 gpus 3 cpus 73-79,81-87,89-95
0: 0.164s: flux-shell[31]: mpibind: 
0: mpibind: task   0 nths 21 gpus 0 cpus 1-7,9-15,17-23
0: mpibind: task   1 nths 21 gpus 1 cpus 25-31,33-39,41-47
0: mpibind: task   2 nths 21 gpus 2 cpus 49-55,57-63,65-71
0: mpibind: task   3 nths 21 gpus 3 cpus 73-79,81-87,89-95
0: 0.172s: flux-shell[36]: mpibind: 
0: mpibind: task   0 nths 21 gpus 0 cpus 1-7,9-15,17-23
0: mpibind: task   1 nths 21 gpus 1 cpus 25-31,33-39,41-47
0: mpibind: task   2 nths 21 gpus 2 cpus 49-55,57-63,65-71
0: mpibind: task   3 nths 21 gpus 3 cpus 73-79,81-87,89-95
0: 0.166s: flux-shell[34]: mpibind: 
0: mpibind: task   0 nths 21 gpus 0 cpus 1-7,9-15,17-23
0: mpibind: task   1 nths 21 gpus 1 cpus 25-31,33-39,41-47
0: mpibind: task   2 nths 21 gpus 2 cpus 49-55,57-63,65-71
0: mpibind: task   3 nths 21 gpus 3 cpus 73-79,81-87,89-95
0: 0.166s: flux-shell[33]: mpibind: 
0: mpibind: task   0 nths 21 gpus 0 cpus 1-7,9-15,17-23
0: mpibind: task   1 nths 21 gpus 1 cpus 25-31,33-39,41-47
0: mpibind: task   2 nths 21 gpus 2 cpus 49-55,57-63,65-71
0: mpibind: task   3 nths 21 gpus 3 cpus 73-79,81-87,89-95
0: 0.171s: flux-shell[35]: mpibind: 
0: mpibind: task   0 nths 21 gpus 0 cpus 1-7,9-15,17-23
0: mpibind: task   1 nths 21 gpus 1 cpus 25-31,33-39,41-47
0: mpibind: task   2 nths 21 gpus 2 cpus 49-55,57-63,65-71
0: mpibind: task   3 nths 21 gpus 3 cpus 73-79,81-87,89-95
0: 0.176s: flux-shell[37]: mpibind: 
0: mpibind: task   0 nths 21 gpus 0 cpus 1-7,9-15,17-23
0: mpibind: task   1 nths 21 gpus 1 cpus 25-31,33-39,41-47
0: mpibind: task   2 nths 21 gpus 2 cpus 49-55,57-63,65-71
0: mpibind: task   3 nths 21 gpus 3 cpus 73-79,81-87,89-95
0: 0.170s: flux-shell[38]: mpibind: 
0: mpibind: task   0 nths 21 gpus 0 cpus 1-7,9-15,17-23
0: mpibind: task   1 nths 21 gpus 1 cpus 25-31,33-39,41-47
0: mpibind: task   2 nths 21 gpus 2 cpus 49-55,57-63,65-71
0: mpibind: task   3 nths 21 gpus 3 cpus 73-79,81-87,89-95
0: 0.158s: flux-shell[39]: mpibind: 
0: mpibind: task   0 nths 21 gpus 0 cpus 1-7,9-15,17-23
0: mpibind: task   1 nths 21 gpus 1 cpus 25-31,33-39,41-47
0: mpibind: task   2 nths 21 gpus 2 cpus 49-55,57-63,65-71
0: mpibind: task   3 nths 21 gpus 3 cpus 73-79,81-87,89-95
0: 0.168s: flux-shell[42]: mpibind: 
0: mpibind: task   0 nths 21 gpus 0 cpus 1-7,9-15,17-23
0: mpibind: task   1 nths 21 gpus 1 cpus 25-31,33-39,41-47
0: mpibind: task   2 nths 21 gpus 2 cpus 49-55,57-63,65-71
0: mpibind: task   3 nths 21 gpus 3 cpus 73-79,81-87,89-95
0: 0.176s: flux-shell[40]: mpibind: 
0: mpibind: task   0 nths 21 gpus 0 cpus 1-7,9-15,17-23
0: mpibind: task   1 nths 21 gpus 1 cpus 25-31,33-39,41-47
0: mpibind: task   2 nths 21 gpus 2 cpus 49-55,57-63,65-71
0: mpibind: task   3 nths 21 gpus 3 cpus 73-79,81-87,89-95
0: 0.173s: flux-shell[41]: mpibind: 
0: mpibind: task   0 nths 21 gpus 0 cpus 1-7,9-15,17-23
0: mpibind: task   1 nths 21 gpus 1 cpus 25-31,33-39,41-47
0: mpibind: task   2 nths 21 gpus 2 cpus 49-55,57-63,65-71
0: mpibind: task   3 nths 21 gpus 3 cpus 73-79,81-87,89-95
0: 0.177s: flux-shell[44]: mpibind: 
0: mpibind: task   0 nths 21 gpus 0 cpus 1-7,9-15,17-23
0: mpibind: task   1 nths 21 gpus 1 cpus 25-31,33-39,41-47
0: mpibind: task   2 nths 21 gpus 2 cpus 49-55,57-63,65-71
0: mpibind: task   3 nths 21 gpus 3 cpus 73-79,81-87,89-95
0: 0.178s: flux-shell[45]: mpibind: 
0: mpibind: task   0 nths 21 gpus 0 cpus 1-7,9-15,17-23
0: mpibind: task   1 nths 21 gpus 1 cpus 25-31,33-39,41-47
0: mpibind: task   2 nths 21 gpus 2 cpus 49-55,57-63,65-71
0: mpibind: task   3 nths 21 gpus 3 cpus 73-79,81-87,89-95
0: 0.178s: flux-shell[52]: mpibind: 
0: mpibind: task   0 nths 21 gpus 0 cpus 1-7,9-15,17-23
0: mpibind: task   1 nths 21 gpus 1 cpus 25-31,33-39,41-47
0: mpibind: task   2 nths 21 gpus 2 cpus 49-55,57-63,65-71
0: mpibind: task   3 nths 21 gpus 3 cpus 73-79,81-87,89-95
0: 0.173s: flux-shell[46]: mpibind: 
0: mpibind: task   0 nths 21 gpus 0 cpus 1-7,9-15,17-23
0: mpibind: task   1 nths 21 gpus 1 cpus 25-31,33-39,41-47
0: mpibind: task   2 nths 21 gpus 2 cpus 49-55,57-63,65-71
0: mpibind: task   3 nths 21 gpus 3 cpus 73-79,81-87,89-95
0: 0.180s: flux-shell[49]: mpibind: 
0: mpibind: task   0 nths 21 gpus 0 cpus 1-7,9-15,17-23
0: mpibind: task   1 nths 21 gpus 1 cpus 25-31,33-39,41-47
0: mpibind: task   2 nths 21 gpus 2 cpus 49-55,57-63,65-71
0: mpibind: task   3 nths 21 gpus 3 cpus 73-79,81-87,89-95
0: 0.179s: flux-shell[53]: mpibind: 
0: mpibind: task   0 nths 21 gpus 0 cpus 1-7,9-15,17-23
0: mpibind: task   1 nths 21 gpus 1 cpus 25-31,33-39,41-47
0: mpibind: task   2 nths 21 gpus 2 cpus 49-55,57-63,65-71
0: mpibind: task   3 nths 21 gpus 3 cpus 73-79,81-87,89-95
0: 0.175s: flux-shell[43]: mpibind: 
0: mpibind: task   0 nths 21 gpus 0 cpus 1-7,9-15,17-23
0: mpibind: task   1 nths 21 gpus 1 cpus 25-31,33-39,41-47
0: mpibind: task   2 nths 21 gpus 2 cpus 49-55,57-63,65-71
0: mpibind: task   3 nths 21 gpus 3 cpus 73-79,81-87,89-95
0: 0.181s: flux-shell[54]: mpibind: 
0: mpibind: task   0 nths 21 gpus 0 cpus 1-7,9-15,17-23
0: mpibind: task   1 nths 21 gpus 1 cpus 25-31,33-39,41-47
0: mpibind: task   2 nths 21 gpus 2 cpus 49-55,57-63,65-71
0: mpibind: task   3 nths 21 gpus 3 cpus 73-79,81-87,89-95
0: 0.180s: flux-shell[50]: mpibind: 
0: mpibind: task   0 nths 21 gpus 0 cpus 1-7,9-15,17-23
0: mpibind: task   1 nths 21 gpus 1 cpus 25-31,33-39,41-47
0: mpibind: task   2 nths 21 gpus 2 cpus 49-55,57-63,65-71
0: mpibind: task   3 nths 21 gpus 3 cpus 73-79,81-87,89-95
0: 0.182s: flux-shell[55]: mpibind: 
0: mpibind: task   0 nths 21 gpus 0 cpus 1-7,9-15,17-23
0: mpibind: task   1 nths 21 gpus 1 cpus 25-31,33-39,41-47
0: mpibind: task   2 nths 21 gpus 2 cpus 49-55,57-63,65-71
0: mpibind: task   3 nths 21 gpus 3 cpus 73-79,81-87,89-95
0: 0.176s: flux-shell[48]: mpibind: 
0: mpibind: task   0 nths 21 gpus 0 cpus 1-7,9-15,17-23
0: mpibind: task   1 nths 21 gpus 1 cpus 25-31,33-39,41-47
0: mpibind: task   2 nths 21 gpus 2 cpus 49-55,57-63,65-71
0: mpibind: task   3 nths 21 gpus 3 cpus 73-79,81-87,89-95
0: 0.175s: flux-shell[56]: mpibind: 
0: mpibind: task   0 nths 21 gpus 0 cpus 1-7,9-15,17-23
0: mpibind: task   1 nths 21 gpus 1 cpus 25-31,33-39,41-47
0: mpibind: task   2 nths 21 gpus 2 cpus 49-55,57-63,65-71
0: mpibind: task   3 nths 21 gpus 3 cpus 73-79,81-87,89-95
0: 0.178s: flux-shell[51]: mpibind: 
0: mpibind: task   0 nths 21 gpus 0 cpus 1-7,9-15,17-23
0: mpibind: task   1 nths 21 gpus 1 cpus 25-31,33-39,41-47
0: mpibind: task   2 nths 21 gpus 2 cpus 49-55,57-63,65-71
0: mpibind: task   3 nths 21 gpus 3 cpus 73-79,81-87,89-95
0: 0.178s: flux-shell[57]: mpibind: 
0: mpibind: task   0 nths 21 gpus 0 cpus 1-7,9-15,17-23
0: mpibind: task   1 nths 21 gpus 1 cpus 25-31,33-39,41-47
0: mpibind: task   2 nths 21 gpus 2 cpus 49-55,57-63,65-71
0: mpibind: task   3 nths 21 gpus 3 cpus 73-79,81-87,89-95
0: 0.180s: flux-shell[47]: mpibind: 
0: mpibind: task   0 nths 21 gpus 0 cpus 1-7,9-15,17-23
0: mpibind: task   1 nths 21 gpus 1 cpus 25-31,33-39,41-47
0: mpibind: task   2 nths 21 gpus 2 cpus 49-55,57-63,65-71
0: mpibind: task   3 nths 21 gpus 3 cpus 73-79,81-87,89-95
0: 0.179s: flux-shell[61]: mpibind: 
0: mpibind: task   0 nths 21 gpus 0 cpus 1-7,9-15,17-23
0: mpibind: task   1 nths 21 gpus 1 cpus 25-31,33-39,41-47
0: mpibind: task   2 nths 21 gpus 2 cpus 49-55,57-63,65-71
0: mpibind: task   3 nths 21 gpus 3 cpus 73-79,81-87,89-95
0: 0.176s: flux-shell[58]: mpibind: 
0: mpibind: task   0 nths 21 gpus 0 cpus 1-7,9-15,17-23
0: mpibind: task   1 nths 21 gpus 1 cpus 25-31,33-39,41-47
0: mpibind: task   2 nths 21 gpus 2 cpus 49-55,57-63,65-71
0: mpibind: task   3 nths 21 gpus 3 cpus 73-79,81-87,89-95
0: 0.180s: flux-shell[59]: mpibind: 
0: mpibind: task   0 nths 21 gpus 0 cpus 1-7,9-15,17-23
0: mpibind: task   1 nths 21 gpus 1 cpus 25-31,33-39,41-47
0: mpibind: task   2 nths 21 gpus 2 cpus 49-55,57-63,65-71
0: mpibind: task   3 nths 21 gpus 3 cpus 73-79,81-87,89-95
0: 0.179s: flux-shell[60]: mpibind: 
0: mpibind: task   0 nths 21 gpus 0 cpus 1-7,9-15,17-23
0: mpibind: task   1 nths 21 gpus 1 cpus 25-31,33-39,41-47
0: mpibind: task   2 nths 21 gpus 2 cpus 49-55,57-63,65-71
0: mpibind: task   3 nths 21 gpus 3 cpus 73-79,81-87,89-95
0: 0.179s: flux-shell[62]: mpibind: 
0: mpibind: task   0 nths 21 gpus 0 cpus 1-7,9-15,17-23
0: mpibind: task   1 nths 21 gpus 1 cpus 25-31,33-39,41-47
0: mpibind: task   2 nths 21 gpus 2 cpus 49-55,57-63,65-71
0: mpibind: task   3 nths 21 gpus 3 cpus 73-79,81-87,89-95
0: 0.174s: flux-shell[63]: mpibind: 
0: mpibind: task   0 nths 21 gpus 0 cpus 1-7,9-15,17-23
0: mpibind: task   1 nths 21 gpus 1 cpus 25-31,33-39,41-47
0: mpibind: task   2 nths 21 gpus 2 cpus 49-55,57-63,65-71
0: mpibind: task   3 nths 21 gpus 3 cpus 73-79,81-87,89-95
0: jobid: fLMeP9yq
0: 0.107s: flux-shell[3]: mpibind: 
0: mpibind: task   0 nths 21 gpus 0 cpus 1-7,9-15,17-23
0: mpibind: task   1 nths 21 gpus 1 cpus 25-31,33-39,41-47
0: mpibind: task   2 nths 21 gpus 2 cpus 49-55,57-63,65-71
0: mpibind: task   3 nths 21 gpus 3 cpus 73-79,81-87,89-95
0: 0.103s: flux-shell[1]: mpibind: 
0: mpibind: task   0 nths 21 gpus 0 cpus 1-7,9-15,17-23
0: mpibind: task   1 nths 21 gpus 1 cpus 25-31,33-39,41-47
0: mpibind: task   2 nths 21 gpus 2 cpus 49-55,57-63,65-71
0: mpibind: task   3 nths 21 gpus 3 cpus 73-79,81-87,89-95
0: 0.105s: flux-shell[4]: mpibind: 
0: mpibind: task   0 nths 21 gpus 0 cpus 1-7,9-15,17-23
0: mpibind: task   1 nths 21 gpus 1 cpus 25-31,33-39,41-47
0: mpibind: task   2 nths 21 gpus 2 cpus 49-55,57-63,65-71
0: mpibind: task   3 nths 21 gpus 3 cpus 73-79,81-87,89-95
0: 0.100s: flux-shell[0]: mpibind: 
0: mpibind: task   0 nths 21 gpus 0 cpus 1-7,9-15,17-23
0: mpibind: task   1 nths 21 gpus 1 cpus 25-31,33-39,41-47
0: mpibind: task   2 nths 21 gpus 2 cpus 49-55,57-63,65-71
0: mpibind: task   3 nths 21 gpus 3 cpus 73-79,81-87,89-95
0: 0.114s: flux-shell[6]: mpibind: 
0: mpibind: task   0 nths 21 gpus 0 cpus 1-7,9-15,17-23
0: mpibind: task   1 nths 21 gpus 1 cpus 25-31,33-39,41-47
0: mpibind: task   2 nths 21 gpus 2 cpus 49-55,57-63,65-71
0: mpibind: task   3 nths 21 gpus 3 cpus 73-79,81-87,89-95
0: 0.111s: flux-shell[5]: mpibind: 
0: mpibind: task   0 nths 21 gpus 0 cpus 1-7,9-15,17-23
0: mpibind: task   1 nths 21 gpus 1 cpus 25-31,33-39,41-47
0: mpibind: task   2 nths 21 gpus 2 cpus 49-55,57-63,65-71
0: mpibind: task   3 nths 21 gpus 3 cpus 73-79,81-87,89-95
0: 0.113s: flux-shell[2]: mpibind: 
0: mpibind: task   0 nths 21 gpus 0 cpus 1-7,9-15,17-23
0: mpibind: task   1 nths 21 gpus 1 cpus 25-31,33-39,41-47
0: mpibind: task   2 nths 21 gpus 2 cpus 49-55,57-63,65-71
0: mpibind: task   3 nths 21 gpus 3 cpus 73-79,81-87,89-95
0: 0.114s: flux-shell[7]: mpibind: 
0: mpibind: task   0 nths 21 gpus 0 cpus 1-7,9-15,17-23
0: mpibind: task   1 nths 21 gpus 1 cpus 25-31,33-39,41-47
0: mpibind: task   2 nths 21 gpus 2 cpus 49-55,57-63,65-71
0: mpibind: task   3 nths 21 gpus 3 cpus 73-79,81-87,89-95
0: 0.108s: flux-shell[8]: mpibind: 
0: mpibind: task   0 nths 21 gpus 0 cpus 1-7,9-15,17-23
0: mpibind: task   1 nths 21 gpus 1 cpus 25-31,33-39,41-47
0: mpibind: task   2 nths 21 gpus 2 cpus 49-55,57-63,65-71
0: mpibind: task   3 nths 21 gpus 3 cpus 73-79,81-87,89-95
0: 0.116s: flux-shell[9]: mpibind: 
0: mpibind: task   0 nths 21 gpus 0 cpus 1-7,9-15,17-23
0: mpibind: task   1 nths 21 gpus 1 cpus 25-31,33-39,41-47
0: mpibind: task   2 nths 21 gpus 2 cpus 49-55,57-63,65-71
0: mpibind: task   3 nths 21 gpus 3 cpus 73-79,81-87,89-95
0: 0.111s: flux-shell[10]: mpibind: 
0: mpibind: task   0 nths 21 gpus 0 cpus 1-7,9-15,17-23
0: mpibind: task   1 nths 21 gpus 1 cpus 25-31,33-39,41-47
0: mpibind: task   2 nths 21 gpus 2 cpus 49-55,57-63,65-71
0: mpibind: task   3 nths 21 gpus 3 cpus 73-79,81-87,89-95
0: 0.112s: flux-shell[11]: mpibind: 
0: mpibind: task   0 nths 21 gpus 0 cpus 1-7,9-15,17-23
0: mpibind: task   1 nths 21 gpus 1 cpus 25-31,33-39,41-47
0: mpibind: task   2 nths 21 gpus 2 cpus 49-55,57-63,65-71
0: mpibind: task   3 nths 21 gpus 3 cpus 73-79,81-87,89-95
0: 0.110s: flux-shell[12]: mpibind: 
0: mpibind: task   0 nths 21 gpus 0 cpus 1-7,9-15,17-23
0: mpibind: task   1 nths 21 gpus 1 cpus 25-31,33-39,41-47
0: mpibind: task   2 nths 21 gpus 2 cpus 49-55,57-63,65-71
0: mpibind: task   3 nths 21 gpus 3 cpus 73-79,81-87,89-95
0: 0.118s: flux-shell[13]: mpibind: 
0: mpibind: task   0 nths 21 gpus 0 cpus 1-7,9-15,17-23
0: mpibind: task   1 nths 21 gpus 1 cpus 25-31,33-39,41-47
0: mpibind: task   2 nths 21 gpus 2 cpus 49-55,57-63,65-71
0: mpibind: task   3 nths 21 gpus 3 cpus 73-79,81-87,89-95
0: 0.110s: flux-shell[14]: mpibind: 
0: mpibind: task   0 nths 21 gpus 0 cpus 1-7,9-15,17-23
0: mpibind: task   1 nths 21 gpus 1 cpus 25-31,33-39,41-47
0: mpibind: task   2 nths 21 gpus 2 cpus 49-55,57-63,65-71
0: mpibind: task   3 nths 21 gpus 3 cpus 73-79,81-87,89-95
0: 0.121s: flux-shell[32]: mpibind: 
0: mpibind: task   0 nths 21 gpus 0 cpus 1-7,9-15,17-23
0: mpibind: task   1 nths 21 gpus 1 cpus 25-31,33-39,41-47
0: mpibind: task   2 nths 21 gpus 2 cpus 49-55,57-63,65-71
0: mpibind: task   3 nths 21 gpus 3 cpus 73-79,81-87,89-95
0: 0.116s: flux-shell[31]: mpibind: 
0: mpibind: task   0 nths 21 gpus 0 cpus 1-7,9-15,17-23
0: mpibind: task   1 nths 21 gpus 1 cpus 25-31,33-39,41-47
0: mpibind: task   2 nths 21 gpus 2 cpus 49-55,57-63,65-71
0: mpibind: task   3 nths 21 gpus 3 cpus 73-79,81-87,89-95
0: 0.108s: flux-shell[15]: mpibind: 
0: mpibind: task   0 nths 21 gpus 0 cpus 1-7,9-15,17-23
0: mpibind: task   1 nths 21 gpus 1 cpus 25-31,33-39,41-47
0: mpibind: task   2 nths 21 gpus 2 cpus 49-55,57-63,65-71
0: mpibind: task   3 nths 21 gpus 3 cpus 73-79,81-87,89-95
0: 0.113s: flux-shell[16]: mpibind: 
0: mpibind: task   0 nths 21 gpus 0 cpus 1-7,9-15,17-23
0: mpibind: task   1 nths 21 gpus 1 cpus 25-31,33-39,41-47
0: mpibind: task   2 nths 21 gpus 2 cpus 49-55,57-63,65-71
0: mpibind: task   3 nths 21 gpus 3 cpus 73-79,81-87,89-95
0: 0.116s: flux-shell[17]: mpibind: 
0: mpibind: task   0 nths 21 gpus 0 cpus 1-7,9-15,17-23
0: mpibind: task   1 nths 21 gpus 1 cpus 25-31,33-39,41-47
0: mpibind: task   2 nths 21 gpus 2 cpus 49-55,57-63,65-71
0: mpibind: task   3 nths 21 gpus 3 cpus 73-79,81-87,89-95
0: 0.118s: flux-shell[18]: mpibind: 
0: mpibind: task   0 nths 21 gpus 0 cpus 1-7,9-15,17-23
0: mpibind: task   1 nths 21 gpus 1 cpus 25-31,33-39,41-47
0: mpibind: task   2 nths 21 gpus 2 cpus 49-55,57-63,65-71
0: mpibind: task   3 nths 21 gpus 3 cpus 73-79,81-87,89-95
0: 0.121s: flux-shell[19]: mpibind: 
0: mpibind: task   0 nths 21 gpus 0 cpus 1-7,9-15,17-23
0: mpibind: task   1 nths 21 gpus 1 cpus 25-31,33-39,41-47
0: mpibind: task   2 nths 21 gpus 2 cpus 49-55,57-63,65-71
0: mpibind: task   3 nths 21 gpus 3 cpus 73-79,81-87,89-95
0: 0.113s: flux-shell[20]: mpibind: 
0: mpibind: task   0 nths 21 gpus 0 cpus 1-7,9-15,17-23
0: mpibind: task   1 nths 21 gpus 1 cpus 25-31,33-39,41-47
0: mpibind: task   2 nths 21 gpus 2 cpus 49-55,57-63,65-71
0: mpibind: task   3 nths 21 gpus 3 cpus 73-79,81-87,89-95
0: 0.111s: flux-shell[21]: mpibind: 
0: mpibind: task   0 nths 21 gpus 0 cpus 1-7,9-15,17-23
0: mpibind: task   1 nths 21 gpus 1 cpus 25-31,33-39,41-47
0: mpibind: task   2 nths 21 gpus 2 cpus 49-55,57-63,65-71
0: mpibind: task   3 nths 21 gpus 3 cpus 73-79,81-87,89-95
0: 0.117s: flux-shell[22]: mpibind: 
0: mpibind: task   0 nths 21 gpus 0 cpus 1-7,9-15,17-23
0: mpibind: task   1 nths 21 gpus 1 cpus 25-31,33-39,41-47
0: mpibind: task   2 nths 21 gpus 2 cpus 49-55,57-63,65-71
0: mpibind: task   3 nths 21 gpus 3 cpus 73-79,81-87,89-95
0: 0.116s: flux-shell[23]: mpibind: 
0: mpibind: task   0 nths 21 gpus 0 cpus 1-7,9-15,17-23
0: mpibind: task   1 nths 21 gpus 1 cpus 25-31,33-39,41-47
0: mpibind: task   2 nths 21 gpus 2 cpus 49-55,57-63,65-71
0: mpibind: task   3 nths 21 gpus 3 cpus 73-79,81-87,89-95
0: 0.121s: flux-shell[24]: mpibind: 
0: mpibind: task   0 nths 21 gpus 0 cpus 1-7,9-15,17-23
0: mpibind: task   1 nths 21 gpus 1 cpus 25-31,33-39,41-47
0: mpibind: task   2 nths 21 gpus 2 cpus 49-55,57-63,65-71
0: mpibind: task   3 nths 21 gpus 3 cpus 73-79,81-87,89-95
0: 0.124s: flux-shell[25]: mpibind: 
0: mpibind: task   0 nths 21 gpus 0 cpus 1-7,9-15,17-23
0: mpibind: task   1 nths 21 gpus 1 cpus 25-31,33-39,41-47
0: mpibind: task   2 nths 21 gpus 2 cpus 49-55,57-63,65-71
0: mpibind: task   3 nths 21 gpus 3 cpus 73-79,81-87,89-95
0: 0.113s: flux-shell[26]: mpibind: 
0: mpibind: task   0 nths 21 gpus 0 cpus 1-7,9-15,17-23
0: mpibind: task   1 nths 21 gpus 1 cpus 25-31,33-39,41-47
0: mpibind: task   2 nths 21 gpus 2 cpus 49-55,57-63,65-71
0: mpibind: task   3 nths 21 gpus 3 cpus 73-79,81-87,89-95
0: 0.124s: flux-shell[27]: mpibind: 
0: mpibind: task   0 nths 21 gpus 0 cpus 1-7,9-15,17-23
0: mpibind: task   1 nths 21 gpus 1 cpus 25-31,33-39,41-47
0: mpibind: task   2 nths 21 gpus 2 cpus 49-55,57-63,65-71
0: mpibind: task   3 nths 21 gpus 3 cpus 73-79,81-87,89-95
0: 0.119s: flux-shell[28]: mpibind: 
0: mpibind: task   0 nths 21 gpus 0 cpus 1-7,9-15,17-23
0: mpibind: task   1 nths 21 gpus 1 cpus 25-31,33-39,41-47
0: mpibind: task   2 nths 21 gpus 2 cpus 49-55,57-63,65-71
0: mpibind: task   3 nths 21 gpus 3 cpus 73-79,81-87,89-95
0: 0.122s: flux-shell[29]: mpibind: 
0: mpibind: task   0 nths 21 gpus 0 cpus 1-7,9-15,17-23
0: mpibind: task   1 nths 21 gpus 1 cpus 25-31,33-39,41-47
0: mpibind: task   2 nths 21 gpus 2 cpus 49-55,57-63,65-71
0: mpibind: task   3 nths 21 gpus 3 cpus 73-79,81-87,89-95
0: 0.110s: flux-shell[30]: mpibind: 
0: mpibind: task   0 nths 21 gpus 0 cpus 1-7,9-15,17-23
0: mpibind: task   1 nths 21 gpus 1 cpus 25-31,33-39,41-47
0: mpibind: task   2 nths 21 gpus 2 cpus 49-55,57-63,65-71
0: mpibind: task   3 nths 21 gpus 3 cpus 73-79,81-87,89-95
0: 0.113s: flux-shell[33]: mpibind: 
0: mpibind: task   0 nths 21 gpus 0 cpus 1-7,9-15,17-23
0: mpibind: task   1 nths 21 gpus 1 cpus 25-31,33-39,41-47
0: mpibind: task   2 nths 21 gpus 2 cpus 49-55,57-63,65-71
0: mpibind: task   3 nths 21 gpus 3 cpus 73-79,81-87,89-95
0: 0.118s: flux-shell[34]: mpibind: 
0: mpibind: task   0 nths 21 gpus 0 cpus 1-7,9-15,17-23
0: mpibind: task   1 nths 21 gpus 1 cpus 25-31,33-39,41-47
0: mpibind: task   2 nths 21 gpus 2 cpus 49-55,57-63,65-71
0: mpibind: task   3 nths 21 gpus 3 cpus 73-79,81-87,89-95
0: 0.117s: flux-shell[35]: mpibind: 
0: mpibind: task   0 nths 21 gpus 0 cpus 1-7,9-15,17-23
0: mpibind: task   1 nths 21 gpus 1 cpus 25-31,33-39,41-47
0: mpibind: task   2 nths 21 gpus 2 cpus 49-55,57-63,65-71
0: mpibind: task   3 nths 21 gpus 3 cpus 73-79,81-87,89-95
0: 0.122s: flux-shell[36]: mpibind: 
0: mpibind: task   0 nths 21 gpus 0 cpus 1-7,9-15,17-23
0: mpibind: task   1 nths 21 gpus 1 cpus 25-31,33-39,41-47
0: mpibind: task   2 nths 21 gpus 2 cpus 49-55,57-63,65-71
0: mpibind: task   3 nths 21 gpus 3 cpus 73-79,81-87,89-95
0: 0.118s: flux-shell[37]: mpibind: 
0: mpibind: task   0 nths 21 gpus 0 cpus 1-7,9-15,17-23
0: mpibind: task   1 nths 21 gpus 1 cpus 25-31,33-39,41-47
0: mpibind: task   2 nths 21 gpus 2 cpus 49-55,57-63,65-71
0: mpibind: task   3 nths 21 gpus 3 cpus 73-79,81-87,89-95
0: 0.117s: flux-shell[39]: mpibind: 
0: mpibind: task   0 nths 21 gpus 0 cpus 1-7,9-15,17-23
0: mpibind: task   1 nths 21 gpus 1 cpus 25-31,33-39,41-47
0: mpibind: task   2 nths 21 gpus 2 cpus 49-55,57-63,65-71
0: mpibind: task   3 nths 21 gpus 3 cpus 73-79,81-87,89-95
0: 0.113s: flux-shell[42]: mpibind: 
0: mpibind: task   0 nths 21 gpus 0 cpus 1-7,9-15,17-23
0: mpibind: task   1 nths 21 gpus 1 cpus 25-31,33-39,41-47
0: mpibind: task   2 nths 21 gpus 2 cpus 49-55,57-63,65-71
0: mpibind: task   3 nths 21 gpus 3 cpus 73-79,81-87,89-95
0: 0.112s: flux-shell[53]: mpibind: 
0: mpibind: task   0 nths 21 gpus 0 cpus 1-7,9-15,17-23
0: mpibind: task   1 nths 21 gpus 1 cpus 25-31,33-39,41-47
0: mpibind: task   2 nths 21 gpus 2 cpus 49-55,57-63,65-71
0: mpibind: task   3 nths 21 gpus 3 cpus 73-79,81-87,89-95
0: 0.113s: flux-shell[41]: mpibind: 
0: mpibind: task   0 nths 21 gpus 0 cpus 1-7,9-15,17-23
0: mpibind: task   1 nths 21 gpus 1 cpus 25-31,33-39,41-47
0: mpibind: task   2 nths 21 gpus 2 cpus 49-55,57-63,65-71
0: mpibind: task   3 nths 21 gpus 3 cpus 73-79,81-87,89-95
0: 0.120s: flux-shell[38]: mpibind: 
0: mpibind: task   0 nths 21 gpus 0 cpus 1-7,9-15,17-23
0: mpibind: task   1 nths 21 gpus 1 cpus 25-31,33-39,41-47
0: mpibind: task   2 nths 21 gpus 2 cpus 49-55,57-63,65-71
0: mpibind: task   3 nths 21 gpus 3 cpus 73-79,81-87,89-95
0: 0.121s: flux-shell[44]: mpibind: 
0: mpibind: task   0 nths 21 gpus 0 cpus 1-7,9-15,17-23
0: mpibind: task   1 nths 21 gpus 1 cpus 25-31,33-39,41-47
0: mpibind: task   2 nths 21 gpus 2 cpus 49-55,57-63,65-71
0: mpibind: task   3 nths 21 gpus 3 cpus 73-79,81-87,89-95
0: 0.124s: flux-shell[54]: mpibind: 
0: mpibind: task   0 nths 21 gpus 0 cpus 1-7,9-15,17-23
0: mpibind: task   1 nths 21 gpus 1 cpus 25-31,33-39,41-47
0: mpibind: task   2 nths 21 gpus 2 cpus 49-55,57-63,65-71
0: mpibind: task   3 nths 21 gpus 3 cpus 73-79,81-87,89-95
0: 0.123s: flux-shell[40]: mpibind: 
0: mpibind: task   0 nths 21 gpus 0 cpus 1-7,9-15,17-23
0: mpibind: task   1 nths 21 gpus 1 cpus 25-31,33-39,41-47
0: mpibind: task   2 nths 21 gpus 2 cpus 49-55,57-63,65-71
0: mpibind: task   3 nths 21 gpus 3 cpus 73-79,81-87,89-95
0: 0.120s: flux-shell[45]: mpibind: 
0: mpibind: task   0 nths 21 gpus 0 cpus 1-7,9-15,17-23
0: mpibind: task   1 nths 21 gpus 1 cpus 25-31,33-39,41-47
0: mpibind: task   2 nths 21 gpus 2 cpus 49-55,57-63,65-71
0: mpibind: task   3 nths 21 gpus 3 cpus 73-79,81-87,89-95
0: 0.121s: flux-shell[55]: mpibind: 
0: mpibind: task   0 nths 21 gpus 0 cpus 1-7,9-15,17-23
0: mpibind: task   1 nths 21 gpus 1 cpus 25-31,33-39,41-47
0: mpibind: task   2 nths 21 gpus 2 cpus 49-55,57-63,65-71
0: mpibind: task   3 nths 21 gpus 3 cpus 73-79,81-87,89-95
0: 0.120s: flux-shell[46]: mpibind: 
0: mpibind: task   0 nths 21 gpus 0 cpus 1-7,9-15,17-23
0: mpibind: task   1 nths 21 gpus 1 cpus 25-31,33-39,41-47
0: mpibind: task   2 nths 21 gpus 2 cpus 49-55,57-63,65-71
0: mpibind: task   3 nths 21 gpus 3 cpus 73-79,81-87,89-95
0: 0.122s: flux-shell[43]: mpibind: 
0: mpibind: task   0 nths 21 gpus 0 cpus 1-7,9-15,17-23
0: mpibind: task   1 nths 21 gpus 1 cpus 25-31,33-39,41-47
0: mpibind: task   2 nths 21 gpus 2 cpus 49-55,57-63,65-71
0: mpibind: task   3 nths 21 gpus 3 cpus 73-79,81-87,89-95
0: 0.122s: flux-shell[56]: mpibind: 
0: mpibind: task   0 nths 21 gpus 0 cpus 1-7,9-15,17-23
0: mpibind: task   1 nths 21 gpus 1 cpus 25-31,33-39,41-47
0: mpibind: task   2 nths 21 gpus 2 cpus 49-55,57-63,65-71
0: mpibind: task   3 nths 21 gpus 3 cpus 73-79,81-87,89-95
0: 0.112s: flux-shell[48]: mpibind: 
0: mpibind: task   0 nths 21 gpus 0 cpus 1-7,9-15,17-23
0: mpibind: task   1 nths 21 gpus 1 cpus 25-31,33-39,41-47
0: mpibind: task   2 nths 21 gpus 2 cpus 49-55,57-63,65-71
0: mpibind: task   3 nths 21 gpus 3 cpus 73-79,81-87,89-95
0: 0.122s: flux-shell[57]: mpibind: 
0: mpibind: task   0 nths 21 gpus 0 cpus 1-7,9-15,17-23
0: mpibind: task   1 nths 21 gpus 1 cpus 25-31,33-39,41-47
0: mpibind: task   2 nths 21 gpus 2 cpus 49-55,57-63,65-71
0: mpibind: task   3 nths 21 gpus 3 cpus 73-79,81-87,89-95
0: 0.121s: flux-shell[49]: mpibind: 
0: mpibind: task   0 nths 21 gpus 0 cpus 1-7,9-15,17-23
0: mpibind: task   1 nths 21 gpus 1 cpus 25-31,33-39,41-47
0: mpibind: task   2 nths 21 gpus 2 cpus 49-55,57-63,65-71
0: mpibind: task   3 nths 21 gpus 3 cpus 73-79,81-87,89-95
0: 0.122s: flux-shell[58]: mpibind: 
0: mpibind: task   0 nths 21 gpus 0 cpus 1-7,9-15,17-23
0: mpibind: task   1 nths 21 gpus 1 cpus 25-31,33-39,41-47
0: mpibind: task   2 nths 21 gpus 2 cpus 49-55,57-63,65-71
0: mpibind: task   3 nths 21 gpus 3 cpus 73-79,81-87,89-95
0: 0.117s: flux-shell[50]: mpibind: 
0: mpibind: task   0 nths 21 gpus 0 cpus 1-7,9-15,17-23
0: mpibind: task   1 nths 21 gpus 1 cpus 25-31,33-39,41-47
0: mpibind: task   2 nths 21 gpus 2 cpus 49-55,57-63,65-71
0: mpibind: task   3 nths 21 gpus 3 cpus 73-79,81-87,89-95
0: 0.124s: flux-shell[51]: mpibind: 
0: mpibind: task   0 nths 21 gpus 0 cpus 1-7,9-15,17-23
0: mpibind: task   1 nths 21 gpus 1 cpus 25-31,33-39,41-47
0: mpibind: task   2 nths 21 gpus 2 cpus 49-55,57-63,65-71
0: mpibind: task   3 nths 21 gpus 3 cpus 73-79,81-87,89-95
0: 0.127s: flux-shell[59]: mpibind: 
0: mpibind: task   0 nths 21 gpus 0 cpus 1-7,9-15,17-23
0: mpibind: task   1 nths 21 gpus 1 cpus 25-31,33-39,41-47
0: mpibind: task   2 nths 21 gpus 2 cpus 49-55,57-63,65-71
0: mpibind: task   3 nths 21 gpus 3 cpus 73-79,81-87,89-95
0: 0.120s: flux-shell[60]: mpibind: 
0: mpibind: task   0 nths 21 gpus 0 cpus 1-7,9-15,17-23
0: mpibind: task   1 nths 21 gpus 1 cpus 25-31,33-39,41-47
0: mpibind: task   2 nths 21 gpus 2 cpus 49-55,57-63,65-71
0: mpibind: task   3 nths 21 gpus 3 cpus 73-79,81-87,89-95
0: 0.123s: flux-shell[61]: mpibind: 
0: mpibind: task   0 nths 21 gpus 0 cpus 1-7,9-15,17-23
0: mpibind: task   1 nths 21 gpus 1 cpus 25-31,33-39,41-47
0: mpibind: task   2 nths 21 gpus 2 cpus 49-55,57-63,65-71
0: mpibind: task   3 nths 21 gpus 3 cpus 73-79,81-87,89-95
0: 0.120s: flux-shell[52]: mpibind: 
0: mpibind: task   0 nths 21 gpus 0 cpus 1-7,9-15,17-23
0: mpibind: task   1 nths 21 gpus 1 cpus 25-31,33-39,41-47
0: mpibind: task   2 nths 21 gpus 2 cpus 49-55,57-63,65-71
0: mpibind: task   3 nths 21 gpus 3 cpus 73-79,81-87,89-95
0: 0.116s: flux-shell[47]: mpibind: 
0: mpibind: task   0 nths 21 gpus 0 cpus 1-7,9-15,17-23
0: mpibind: task   1 nths 21 gpus 1 cpus 25-31,33-39,41-47
0: mpibind: task   2 nths 21 gpus 2 cpus 49-55,57-63,65-71
0: mpibind: task   3 nths 21 gpus 3 cpus 73-79,81-87,89-95
0: 0.123s: flux-shell[63]: mpibind: 
0: mpibind: task   0 nths 21 gpus 0 cpus 1-7,9-15,17-23
0: mpibind: task   1 nths 21 gpus 1 cpus 25-31,33-39,41-47
0: mpibind: task   2 nths 21 gpus 2 cpus 49-55,57-63,65-71
0: mpibind: task   3 nths 21 gpus 3 cpus 73-79,81-87,89-95
0: 0.133s: flux-shell[62]: mpibind: 
0: mpibind: task   0 nths 21 gpus 0 cpus 1-7,9-15,17-23
0: mpibind: task   1 nths 21 gpus 1 cpus 25-31,33-39,41-47
0: mpibind: task   2 nths 21 gpus 2 cpus 49-55,57-63,65-71
0: mpibind: task   3 nths 21 gpus 3 cpus 73-79,81-87,89-95
0: jobid: fUpRFQgX
0: 0.105s: flux-shell[3]: mpibind: 
0: mpibind: task   0 nths 21 gpus 0 cpus 1-7,9-15,17-23
0: mpibind: task   1 nths 21 gpus 1 cpus 25-31,33-39,41-47
0: mpibind: task   2 nths 21 gpus 2 cpus 49-55,57-63,65-71
0: mpibind: task   3 nths 21 gpus 3 cpus 73-79,81-87,89-95
0: 0.103s: flux-shell[1]: mpibind: 
0: mpibind: task   0 nths 21 gpus 0 cpus 1-7,9-15,17-23
0: mpibind: task   1 nths 21 gpus 1 cpus 25-31,33-39,41-47
0: mpibind: task   2 nths 21 gpus 2 cpus 49-55,57-63,65-71
0: mpibind: task   3 nths 21 gpus 3 cpus 73-79,81-87,89-95
0: 0.101s: flux-shell[4]: mpibind: 
0: mpibind: task   0 nths 21 gpus 0 cpus 1-7,9-15,17-23
0: mpibind: task   1 nths 21 gpus 1 cpus 25-31,33-39,41-47
0: mpibind: task   2 nths 21 gpus 2 cpus 49-55,57-63,65-71
0: mpibind: task   3 nths 21 gpus 3 cpus 73-79,81-87,89-95
0: 0.103s: flux-shell[5]: mpibind: 
0: mpibind: task   0 nths 21 gpus 0 cpus 1-7,9-15,17-23
0: mpibind: task   1 nths 21 gpus 1 cpus 25-31,33-39,41-47
0: mpibind: task   2 nths 21 gpus 2 cpus 49-55,57-63,65-71
0: mpibind: task   3 nths 21 gpus 3 cpus 73-79,81-87,89-95
0: 0.115s: flux-shell[6]: mpibind: 
0: mpibind: task   0 nths 21 gpus 0 cpus 1-7,9-15,17-23
0: mpibind: task   1 nths 21 gpus 1 cpus 25-31,33-39,41-47
0: mpibind: task   2 nths 21 gpus 2 cpus 49-55,57-63,65-71
0: mpibind: task   3 nths 21 gpus 3 cpus 73-79,81-87,89-95
0: 0.099s: flux-shell[0]: mpibind: 
0: mpibind: task   0 nths 21 gpus 0 cpus 1-7,9-15,17-23
0: mpibind: task   1 nths 21 gpus 1 cpus 25-31,33-39,41-47
0: mpibind: task   2 nths 21 gpus 2 cpus 49-55,57-63,65-71
0: mpibind: task   3 nths 21 gpus 3 cpus 73-79,81-87,89-95
0: 0.109s: flux-shell[15]: mpibind: 
0: mpibind: task   0 nths 21 gpus 0 cpus 1-7,9-15,17-23
0: mpibind: task   1 nths 21 gpus 1 cpus 25-31,33-39,41-47
0: mpibind: task   2 nths 21 gpus 2 cpus 49-55,57-63,65-71
0: mpibind: task   3 nths 21 gpus 3 cpus 73-79,81-87,89-95
0: 0.102s: flux-shell[2]: mpibind: 
0: mpibind: task   0 nths 21 gpus 0 cpus 1-7,9-15,17-23
0: mpibind: task   1 nths 21 gpus 1 cpus 25-31,33-39,41-47
0: mpibind: task   2 nths 21 gpus 2 cpus 49-55,57-63,65-71
0: mpibind: task   3 nths 21 gpus 3 cpus 73-79,81-87,89-95
0: 0.106s: flux-shell[7]: mpibind: 
0: mpibind: task   0 nths 21 gpus 0 cpus 1-7,9-15,17-23
0: mpibind: task   1 nths 21 gpus 1 cpus 25-31,33-39,41-47
0: mpibind: task   2 nths 21 gpus 2 cpus 49-55,57-63,65-71
0: mpibind: task   3 nths 21 gpus 3 cpus 73-79,81-87,89-95
0: 0.103s: flux-shell[8]: mpibind: 
0: mpibind: task   0 nths 21 gpus 0 cpus 1-7,9-15,17-23
0: mpibind: task   1 nths 21 gpus 1 cpus 25-31,33-39,41-47
0: mpibind: task   2 nths 21 gpus 2 cpus 49-55,57-63,65-71
0: mpibind: task   3 nths 21 gpus 3 cpus 73-79,81-87,89-95
0: 0.099s: flux-shell[9]: mpibind: 
0: mpibind: task   0 nths 21 gpus 0 cpus 1-7,9-15,17-23
0: mpibind: task   1 nths 21 gpus 1 cpus 25-31,33-39,41-47
0: mpibind: task   2 nths 21 gpus 2 cpus 49-55,57-63,65-71
0: mpibind: task   3 nths 21 gpus 3 cpus 73-79,81-87,89-95
0: 0.103s: flux-shell[10]: mpibind: 
0: mpibind: task   0 nths 21 gpus 0 cpus 1-7,9-15,17-23
0: mpibind: task   1 nths 21 gpus 1 cpus 25-31,33-39,41-47
0: mpibind: task   2 nths 21 gpus 2 cpus 49-55,57-63,65-71
0: mpibind: task   3 nths 21 gpus 3 cpus 73-79,81-87,89-95
0: 0.102s: flux-shell[11]: mpibind: 
0: mpibind: task   0 nths 21 gpus 0 cpus 1-7,9-15,17-23
0: mpibind: task   1 nths 21 gpus 1 cpus 25-31,33-39,41-47
0: mpibind: task   2 nths 21 gpus 2 cpus 49-55,57-63,65-71
0: mpibind: task   3 nths 21 gpus 3 cpus 73-79,81-87,89-95
0: 0.108s: flux-shell[12]: mpibind: 
0: mpibind: task   0 nths 21 gpus 0 cpus 1-7,9-15,17-23
0: mpibind: task   1 nths 21 gpus 1 cpus 25-31,33-39,41-47
0: mpibind: task   2 nths 21 gpus 2 cpus 49-55,57-63,65-71
0: mpibind: task   3 nths 21 gpus 3 cpus 73-79,81-87,89-95
0: 0.101s: flux-shell[13]: mpibind: 
0: mpibind: task   0 nths 21 gpus 0 cpus 1-7,9-15,17-23
0: mpibind: task   1 nths 21 gpus 1 cpus 25-31,33-39,41-47
0: mpibind: task   2 nths 21 gpus 2 cpus 49-55,57-63,65-71
0: mpibind: task   3 nths 21 gpus 3 cpus 73-79,81-87,89-95
0: 0.112s: flux-shell[14]: mpibind: 
0: mpibind: task   0 nths 21 gpus 0 cpus 1-7,9-15,17-23
0: mpibind: task   1 nths 21 gpus 1 cpus 25-31,33-39,41-47
0: mpibind: task   2 nths 21 gpus 2 cpus 49-55,57-63,65-71
0: mpibind: task   3 nths 21 gpus 3 cpus 73-79,81-87,89-95
0: 0.114s: flux-shell[32]: mpibind: 
0: mpibind: task   0 nths 21 gpus 0 cpus 1-7,9-15,17-23
0: mpibind: task   1 nths 21 gpus 1 cpus 25-31,33-39,41-47
0: mpibind: task   2 nths 21 gpus 2 cpus 49-55,57-63,65-71
0: mpibind: task   3 nths 21 gpus 3 cpus 73-79,81-87,89-95
0: 0.111s: flux-shell[31]: mpibind: 
0: mpibind: task   0 nths 21 gpus 0 cpus 1-7,9-15,17-23
0: mpibind: task   1 nths 21 gpus 1 cpus 25-31,33-39,41-47
0: mpibind: task   2 nths 21 gpus 2 cpus 49-55,57-63,65-71
0: mpibind: task   3 nths 21 gpus 3 cpus 73-79,81-87,89-95
0: 0.110s: flux-shell[30]: mpibind: 
0: mpibind: task   0 nths 21 gpus 0 cpus 1-7,9-15,17-23
0: mpibind: task   1 nths 21 gpus 1 cpus 25-31,33-39,41-47
0: mpibind: task   2 nths 21 gpus 2 cpus 49-55,57-63,65-71
0: mpibind: task   3 nths 21 gpus 3 cpus 73-79,81-87,89-95
0: 0.114s: flux-shell[29]: mpibind: 
0: mpibind: task   0 nths 21 gpus 0 cpus 1-7,9-15,17-23
0: mpibind: task   1 nths 21 gpus 1 cpus 25-31,33-39,41-47
0: mpibind: task   2 nths 21 gpus 2 cpus 49-55,57-63,65-71
0: mpibind: task   3 nths 21 gpus 3 cpus 73-79,81-87,89-95
0: 0.109s: flux-shell[16]: mpibind: 
0: mpibind: task   0 nths 21 gpus 0 cpus 1-7,9-15,17-23
0: mpibind: task   1 nths 21 gpus 1 cpus 25-31,33-39,41-47
0: mpibind: task   2 nths 21 gpus 2 cpus 49-55,57-63,65-71
0: mpibind: task   3 nths 21 gpus 3 cpus 73-79,81-87,89-95
0: 0.115s: flux-shell[17]: mpibind: 
0: mpibind: task   0 nths 21 gpus 0 cpus 1-7,9-15,17-23
0: mpibind: task   1 nths 21 gpus 1 cpus 25-31,33-39,41-47
0: mpibind: task   2 nths 21 gpus 2 cpus 49-55,57-63,65-71
0: mpibind: task   3 nths 21 gpus 3 cpus 73-79,81-87,89-95
0: 0.112s: flux-shell[18]: mpibind: 
0: mpibind: task   0 nths 21 gpus 0 cpus 1-7,9-15,17-23
0: mpibind: task   1 nths 21 gpus 1 cpus 25-31,33-39,41-47
0: mpibind: task   2 nths 21 gpus 2 cpus 49-55,57-63,65-71
0: mpibind: task   3 nths 21 gpus 3 cpus 73-79,81-87,89-95
0: 0.111s: flux-shell[19]: mpibind: 
0: mpibind: task   0 nths 21 gpus 0 cpus 1-7,9-15,17-23
0: mpibind: task   1 nths 21 gpus 1 cpus 25-31,33-39,41-47
0: mpibind: task   2 nths 21 gpus 2 cpus 49-55,57-63,65-71
0: mpibind: task   3 nths 21 gpus 3 cpus 73-79,81-87,89-95
0: 0.109s: flux-shell[20]: mpibind: 
0: mpibind: task   0 nths 21 gpus 0 cpus 1-7,9-15,17-23
0: mpibind: task   1 nths 21 gpus 1 cpus 25-31,33-39,41-47
0: mpibind: task   2 nths 21 gpus 2 cpus 49-55,57-63,65-71
0: mpibind: task   3 nths 21 gpus 3 cpus 73-79,81-87,89-95
0: 0.110s: flux-shell[21]: mpibind: 
0: mpibind: task   0 nths 21 gpus 0 cpus 1-7,9-15,17-23
0: mpibind: task   1 nths 21 gpus 1 cpus 25-31,33-39,41-47
0: mpibind: task   2 nths 21 gpus 2 cpus 49-55,57-63,65-71
0: mpibind: task   3 nths 21 gpus 3 cpus 73-79,81-87,89-95
0: 0.110s: flux-shell[22]: mpibind: 
0: mpibind: task   0 nths 21 gpus 0 cpus 1-7,9-15,17-23
0: mpibind: task   1 nths 21 gpus 1 cpus 25-31,33-39,41-47
0: mpibind: task   2 nths 21 gpus 2 cpus 49-55,57-63,65-71
0: mpibind: task   3 nths 21 gpus 3 cpus 73-79,81-87,89-95
0: 0.115s: flux-shell[23]: mpibind: 
0: mpibind: task   0 nths 21 gpus 0 cpus 1-7,9-15,17-23
0: mpibind: task   1 nths 21 gpus 1 cpus 25-31,33-39,41-47
0: mpibind: task   2 nths 21 gpus 2 cpus 49-55,57-63,65-71
0: mpibind: task   3 nths 21 gpus 3 cpus 73-79,81-87,89-95
0: 0.113s: flux-shell[24]: mpibind: 
0: mpibind: task   0 nths 21 gpus 0 cpus 1-7,9-15,17-23
0: mpibind: task   1 nths 21 gpus 1 cpus 25-31,33-39,41-47
0: mpibind: task   2 nths 21 gpus 2 cpus 49-55,57-63,65-71
0: mpibind: task   3 nths 21 gpus 3 cpus 73-79,81-87,89-95
0: 0.116s: flux-shell[25]: mpibind: 
0: mpibind: task   0 nths 21 gpus 0 cpus 1-7,9-15,17-23
0: mpibind: task   1 nths 21 gpus 1 cpus 25-31,33-39,41-47
0: mpibind: task   2 nths 21 gpus 2 cpus 49-55,57-63,65-71
0: mpibind: task   3 nths 21 gpus 3 cpus 73-79,81-87,89-95
0: 0.115s: flux-shell[26]: mpibind: 
0: mpibind: task   0 nths 21 gpus 0 cpus 1-7,9-15,17-23
0: mpibind: task   1 nths 21 gpus 1 cpus 25-31,33-39,41-47
0: mpibind: task   2 nths 21 gpus 2 cpus 49-55,57-63,65-71
0: mpibind: task   3 nths 21 gpus 3 cpus 73-79,81-87,89-95
0: 0.112s: flux-shell[27]: mpibind: 
0: mpibind: task   0 nths 21 gpus 0 cpus 1-7,9-15,17-23
0: mpibind: task   1 nths 21 gpus 1 cpus 25-31,33-39,41-47
0: mpibind: task   2 nths 21 gpus 2 cpus 49-55,57-63,65-71
0: mpibind: task   3 nths 21 gpus 3 cpus 73-79,81-87,89-95
0: 0.116s: flux-shell[28]: mpibind: 
0: mpibind: task   0 nths 21 gpus 0 cpus 1-7,9-15,17-23
0: mpibind: task   1 nths 21 gpus 1 cpus 25-31,33-39,41-47
0: mpibind: task   2 nths 21 gpus 2 cpus 49-55,57-63,65-71
0: mpibind: task   3 nths 21 gpus 3 cpus 73-79,81-87,89-95
0: 0.113s: flux-shell[38]: mpibind: 
0: mpibind: task   0 nths 21 gpus 0 cpus 1-7,9-15,17-23
0: mpibind: task   1 nths 21 gpus 1 cpus 25-31,33-39,41-47
0: mpibind: task   2 nths 21 gpus 2 cpus 49-55,57-63,65-71
0: mpibind: task   3 nths 21 gpus 3 cpus 73-79,81-87,89-95
0: 0.106s: flux-shell[39]: mpibind: 
0: mpibind: task   0 nths 21 gpus 0 cpus 1-7,9-15,17-23
0: mpibind: task   1 nths 21 gpus 1 cpus 25-31,33-39,41-47
0: mpibind: task   2 nths 21 gpus 2 cpus 49-55,57-63,65-71
0: mpibind: task   3 nths 21 gpus 3 cpus 73-79,81-87,89-95
0: 0.113s: flux-shell[40]: mpibind: 
0: mpibind: task   0 nths 21 gpus 0 cpus 1-7,9-15,17-23
0: mpibind: task   1 nths 21 gpus 1 cpus 25-31,33-39,41-47
0: mpibind: task   2 nths 21 gpus 2 cpus 49-55,57-63,65-71
0: mpibind: task   3 nths 21 gpus 3 cpus 73-79,81-87,89-95
0: 0.111s: flux-shell[33]: mpibind: 
0: mpibind: task   0 nths 21 gpus 0 cpus 1-7,9-15,17-23
0: mpibind: task   1 nths 21 gpus 1 cpus 25-31,33-39,41-47
0: mpibind: task   2 nths 21 gpus 2 cpus 49-55,57-63,65-71
0: mpibind: task   3 nths 21 gpus 3 cpus 73-79,81-87,89-95
0: 0.112s: flux-shell[34]: mpibind: 
0: mpibind: task   0 nths 21 gpus 0 cpus 1-7,9-15,17-23
0: mpibind: task   1 nths 21 gpus 1 cpus 25-31,33-39,41-47
0: mpibind: task   2 nths 21 gpus 2 cpus 49-55,57-63,65-71
0: mpibind: task   3 nths 21 gpus 3 cpus 73-79,81-87,89-95
0: 0.112s: flux-shell[35]: mpibind: 
0: mpibind: task   0 nths 21 gpus 0 cpus 1-7,9-15,17-23
0: mpibind: task   1 nths 21 gpus 1 cpus 25-31,33-39,41-47
0: mpibind: task   2 nths 21 gpus 2 cpus 49-55,57-63,65-71
0: mpibind: task   3 nths 21 gpus 3 cpus 73-79,81-87,89-95
0: 0.109s: flux-shell[36]: mpibind: 
0: mpibind: task   0 nths 21 gpus 0 cpus 1-7,9-15,17-23
0: mpibind: task   1 nths 21 gpus 1 cpus 25-31,33-39,41-47
0: mpibind: task   2 nths 21 gpus 2 cpus 49-55,57-63,65-71
0: mpibind: task   3 nths 21 gpus 3 cpus 73-79,81-87,89-95
0: 0.111s: flux-shell[37]: mpibind: 
0: mpibind: task   0 nths 21 gpus 0 cpus 1-7,9-15,17-23
0: mpibind: task   1 nths 21 gpus 1 cpus 25-31,33-39,41-47
0: mpibind: task   2 nths 21 gpus 2 cpus 49-55,57-63,65-71
0: mpibind: task   3 nths 21 gpus 3 cpus 73-79,81-87,89-95
0: 0.111s: flux-shell[42]: mpibind: 
0: mpibind: task   0 nths 21 gpus 0 cpus 1-7,9-15,17-23
0: mpibind: task   1 nths 21 gpus 1 cpus 25-31,33-39,41-47
0: mpibind: task   2 nths 21 gpus 2 cpus 49-55,57-63,65-71
0: mpibind: task   3 nths 21 gpus 3 cpus 73-79,81-87,89-95
0: 0.113s: flux-shell[46]: mpibind: 
0: mpibind: task   0 nths 21 gpus 0 cpus 1-7,9-15,17-23
0: mpibind: task   1 nths 21 gpus 1 cpus 25-31,33-39,41-47
0: mpibind: task   2 nths 21 gpus 2 cpus 49-55,57-63,65-71
0: mpibind: task   3 nths 21 gpus 3 cpus 73-79,81-87,89-95
0: 0.108s: flux-shell[48]: mpibind: 
0: mpibind: task   0 nths 21 gpus 0 cpus 1-7,9-15,17-23
0: mpibind: task   1 nths 21 gpus 1 cpus 25-31,33-39,41-47
0: mpibind: task   2 nths 21 gpus 2 cpus 49-55,57-63,65-71
0: mpibind: task   3 nths 21 gpus 3 cpus 73-79,81-87,89-95
0: 0.112s: flux-shell[49]: mpibind: 
0: mpibind: task   0 nths 21 gpus 0 cpus 1-7,9-15,17-23
0: mpibind: task   1 nths 21 gpus 1 cpus 25-31,33-39,41-47
0: mpibind: task   2 nths 21 gpus 2 cpus 49-55,57-63,65-71
0: mpibind: task   3 nths 21 gpus 3 cpus 73-79,81-87,89-95
0: 0.116s: flux-shell[50]: mpibind: 
0: mpibind: task   0 nths 21 gpus 0 cpus 1-7,9-15,17-23
0: mpibind: task   1 nths 21 gpus 1 cpus 25-31,33-39,41-47
0: mpibind: task   2 nths 21 gpus 2 cpus 49-55,57-63,65-71
0: mpibind: task   3 nths 21 gpus 3 cpus 73-79,81-87,89-95
0: 0.118s: flux-shell[51]: mpibind: 
0: mpibind: task   0 nths 21 gpus 0 cpus 1-7,9-15,17-23
0: mpibind: task   1 nths 21 gpus 1 cpus 25-31,33-39,41-47
0: mpibind: task   2 nths 21 gpus 2 cpus 49-55,57-63,65-71
0: mpibind: task   3 nths 21 gpus 3 cpus 73-79,81-87,89-95
0: 0.114s: flux-shell[52]: mpibind: 
0: mpibind: task   0 nths 21 gpus 0 cpus 1-7,9-15,17-23
0: mpibind: task   1 nths 21 gpus 1 cpus 25-31,33-39,41-47
0: mpibind: task   2 nths 21 gpus 2 cpus 49-55,57-63,65-71
0: mpibind: task   3 nths 21 gpus 3 cpus 73-79,81-87,89-95
0: 0.118s: flux-shell[41]: mpibind: 
0: mpibind: task   0 nths 21 gpus 0 cpus 1-7,9-15,17-23
0: mpibind: task   1 nths 21 gpus 1 cpus 25-31,33-39,41-47
0: mpibind: task   2 nths 21 gpus 2 cpus 49-55,57-63,65-71
0: mpibind: task   3 nths 21 gpus 3 cpus 73-79,81-87,89-95
0: 0.110s: flux-shell[44]: mpibind: 
0: mpibind: task   0 nths 21 gpus 0 cpus 1-7,9-15,17-23
0: mpibind: task   1 nths 21 gpus 1 cpus 25-31,33-39,41-47
0: mpibind: task   2 nths 21 gpus 2 cpus 49-55,57-63,65-71
0: mpibind: task   3 nths 21 gpus 3 cpus 73-79,81-87,89-95
0: 0.113s: flux-shell[45]: mpibind: 
0: mpibind: task   0 nths 21 gpus 0 cpus 1-7,9-15,17-23
0: mpibind: task   1 nths 21 gpus 1 cpus 25-31,33-39,41-47
0: mpibind: task   2 nths 21 gpus 2 cpus 49-55,57-63,65-71
0: mpibind: task   3 nths 21 gpus 3 cpus 73-79,81-87,89-95
0: 0.114s: flux-shell[43]: mpibind: 
0: mpibind: task   0 nths 21 gpus 0 cpus 1-7,9-15,17-23
0: mpibind: task   1 nths 21 gpus 1 cpus 25-31,33-39,41-47
0: mpibind: task   2 nths 21 gpus 2 cpus 49-55,57-63,65-71
0: mpibind: task   3 nths 21 gpus 3 cpus 73-79,81-87,89-95
0: 0.110s: flux-shell[47]: mpibind: 
0: mpibind: task   0 nths 21 gpus 0 cpus 1-7,9-15,17-23
0: mpibind: task   1 nths 21 gpus 1 cpus 25-31,33-39,41-47
0: mpibind: task   2 nths 21 gpus 2 cpus 49-55,57-63,65-71
0: mpibind: task   3 nths 21 gpus 3 cpus 73-79,81-87,89-95
0: 0.117s: flux-shell[55]: mpibind: 
0: mpibind: task   0 nths 21 gpus 0 cpus 1-7,9-15,17-23
0: mpibind: task   1 nths 21 gpus 1 cpus 25-31,33-39,41-47
0: mpibind: task   2 nths 21 gpus 2 cpus 49-55,57-63,65-71
0: mpibind: task   3 nths 21 gpus 3 cpus 73-79,81-87,89-95
0: 0.115s: flux-shell[53]: mpibind: 
0: mpibind: task   0 nths 21 gpus 0 cpus 1-7,9-15,17-23
0: mpibind: task   1 nths 21 gpus 1 cpus 25-31,33-39,41-47
0: mpibind: task   2 nths 21 gpus 2 cpus 49-55,57-63,65-71
0: mpibind: task   3 nths 21 gpus 3 cpus 73-79,81-87,89-95
0: 0.114s: flux-shell[56]: mpibind: 
0: mpibind: task   0 nths 21 gpus 0 cpus 1-7,9-15,17-23
0: mpibind: task   1 nths 21 gpus 1 cpus 25-31,33-39,41-47
0: mpibind: task   2 nths 21 gpus 2 cpus 49-55,57-63,65-71
0: mpibind: task   3 nths 21 gpus 3 cpus 73-79,81-87,89-95
0: 0.117s: flux-shell[54]: mpibind: 
0: mpibind: task   0 nths 21 gpus 0 cpus 1-7,9-15,17-23
0: mpibind: task   1 nths 21 gpus 1 cpus 25-31,33-39,41-47
0: mpibind: task   2 nths 21 gpus 2 cpus 49-55,57-63,65-71
0: mpibind: task   3 nths 21 gpus 3 cpus 73-79,81-87,89-95
0: 0.113s: flux-shell[57]: mpibind: 
0: mpibind: task   0 nths 21 gpus 0 cpus 1-7,9-15,17-23
0: mpibind: task   1 nths 21 gpus 1 cpus 25-31,33-39,41-47
0: mpibind: task   2 nths 21 gpus 2 cpus 49-55,57-63,65-71
0: mpibind: task   3 nths 21 gpus 3 cpus 73-79,81-87,89-95
0: 0.115s: flux-shell[59]: mpibind: 
0: mpibind: task   0 nths 21 gpus 0 cpus 1-7,9-15,17-23
0: mpibind: task   1 nths 21 gpus 1 cpus 25-31,33-39,41-47
0: mpibind: task   2 nths 21 gpus 2 cpus 49-55,57-63,65-71
0: mpibind: task   3 nths 21 gpus 3 cpus 73-79,81-87,89-95
0: 0.116s: flux-shell[58]: mpibind: 
0: mpibind: task   0 nths 21 gpus 0 cpus 1-7,9-15,17-23
0: mpibind: task   1 nths 21 gpus 1 cpus 25-31,33-39,41-47
0: mpibind: task   2 nths 21 gpus 2 cpus 49-55,57-63,65-71
0: mpibind: task   3 nths 21 gpus 3 cpus 73-79,81-87,89-95
0: 0.112s: flux-shell[60]: mpibind: 
0: mpibind: task   0 nths 21 gpus 0 cpus 1-7,9-15,17-23
0: mpibind: task   1 nths 21 gpus 1 cpus 25-31,33-39,41-47
0: mpibind: task   2 nths 21 gpus 2 cpus 49-55,57-63,65-71
0: mpibind: task   3 nths 21 gpus 3 cpus 73-79,81-87,89-95
0: 0.119s: flux-shell[63]: mpibind: 
0: mpibind: task   0 nths 21 gpus 0 cpus 1-7,9-15,17-23
0: mpibind: task   1 nths 21 gpus 1 cpus 25-31,33-39,41-47
0: mpibind: task   2 nths 21 gpus 2 cpus 49-55,57-63,65-71
0: mpibind: task   3 nths 21 gpus 3 cpus 73-79,81-87,89-95
0: 0.118s: flux-shell[61]: mpibind: 
0: mpibind: task   0 nths 21 gpus 0 cpus 1-7,9-15,17-23
0: mpibind: task   1 nths 21 gpus 1 cpus 25-31,33-39,41-47
0: mpibind: task   2 nths 21 gpus 2 cpus 49-55,57-63,65-71
0: mpibind: task   3 nths 21 gpus 3 cpus 73-79,81-87,89-95
0: 0.121s: flux-shell[62]: mpibind: 
0: mpibind: task   0 nths 21 gpus 0 cpus 1-7,9-15,17-23
0: mpibind: task   1 nths 21 gpus 1 cpus 25-31,33-39,41-47
0: mpibind: task   2 nths 21 gpus 2 cpus 49-55,57-63,65-71
0: mpibind: task   3 nths 21 gpus 3 cpus 73-79,81-87,89-95
0: jobid: fdS35NtX
0: 0.106s: flux-shell[1]: mpibind: 
0: mpibind: task   0 nths 21 gpus 0 cpus 1-7,9-15,17-23
0: mpibind: task   1 nths 21 gpus 1 cpus 25-31,33-39,41-47
0: mpibind: task   2 nths 21 gpus 2 cpus 49-55,57-63,65-71
0: mpibind: task   3 nths 21 gpus 3 cpus 73-79,81-87,89-95
0: 0.112s: flux-shell[3]: mpibind: 
0: mpibind: task   0 nths 21 gpus 0 cpus 1-7,9-15,17-23
0: mpibind: task   1 nths 21 gpus 1 cpus 25-31,33-39,41-47
0: mpibind: task   2 nths 21 gpus 2 cpus 49-55,57-63,65-71
0: mpibind: task   3 nths 21 gpus 3 cpus 73-79,81-87,89-95
0: 0.108s: flux-shell[4]: mpibind: 
0: mpibind: task   0 nths 21 gpus 0 cpus 1-7,9-15,17-23
0: mpibind: task   1 nths 21 gpus 1 cpus 25-31,33-39,41-47
0: mpibind: task   2 nths 21 gpus 2 cpus 49-55,57-63,65-71
0: mpibind: task   3 nths 21 gpus 3 cpus 73-79,81-87,89-95
0: 0.112s: flux-shell[5]: mpibind: 
0: mpibind: task   0 nths 21 gpus 0 cpus 1-7,9-15,17-23
0: mpibind: task   1 nths 21 gpus 1 cpus 25-31,33-39,41-47
0: mpibind: task   2 nths 21 gpus 2 cpus 49-55,57-63,65-71
0: mpibind: task   3 nths 21 gpus 3 cpus 73-79,81-87,89-95
0: 0.111s: flux-shell[6]: mpibind: 
0: mpibind: task   0 nths 21 gpus 0 cpus 1-7,9-15,17-23
0: mpibind: task   1 nths 21 gpus 1 cpus 25-31,33-39,41-47
0: mpibind: task   2 nths 21 gpus 2 cpus 49-55,57-63,65-71
0: mpibind: task   3 nths 21 gpus 3 cpus 73-79,81-87,89-95
0: 0.104s: flux-shell[0]: mpibind: 
0: mpibind: task   0 nths 21 gpus 0 cpus 1-7,9-15,17-23
0: mpibind: task   1 nths 21 gpus 1 cpus 25-31,33-39,41-47
0: mpibind: task   2 nths 21 gpus 2 cpus 49-55,57-63,65-71
0: mpibind: task   3 nths 21 gpus 3 cpus 73-79,81-87,89-95
0: 0.108s: flux-shell[2]: mpibind: 
0: mpibind: task   0 nths 21 gpus 0 cpus 1-7,9-15,17-23
0: mpibind: task   1 nths 21 gpus 1 cpus 25-31,33-39,41-47
0: mpibind: task   2 nths 21 gpus 2 cpus 49-55,57-63,65-71
0: mpibind: task   3 nths 21 gpus 3 cpus 73-79,81-87,89-95
0: 0.107s: flux-shell[7]: mpibind: 
0: mpibind: task   0 nths 21 gpus 0 cpus 1-7,9-15,17-23
0: mpibind: task   1 nths 21 gpus 1 cpus 25-31,33-39,41-47
0: mpibind: task   2 nths 21 gpus 2 cpus 49-55,57-63,65-71
0: mpibind: task   3 nths 21 gpus 3 cpus 73-79,81-87,89-95
0: 0.109s: flux-shell[16]: mpibind: 
0: mpibind: task   0 nths 21 gpus 0 cpus 1-7,9-15,17-23
0: mpibind: task   1 nths 21 gpus 1 cpus 25-31,33-39,41-47
0: mpibind: task   2 nths 21 gpus 2 cpus 49-55,57-63,65-71
0: mpibind: task   3 nths 21 gpus 3 cpus 73-79,81-87,89-95
0: 0.102s: flux-shell[9]: mpibind: 
0: mpibind: task   0 nths 21 gpus 0 cpus 1-7,9-15,17-23
0: mpibind: task   1 nths 21 gpus 1 cpus 25-31,33-39,41-47
0: mpibind: task   2 nths 21 gpus 2 cpus 49-55,57-63,65-71
0: mpibind: task   3 nths 21 gpus 3 cpus 73-79,81-87,89-95
0: 0.114s: flux-shell[8]: mpibind: 
0: mpibind: task   0 nths 21 gpus 0 cpus 1-7,9-15,17-23
0: mpibind: task   1 nths 21 gpus 1 cpus 25-31,33-39,41-47
0: mpibind: task   2 nths 21 gpus 2 cpus 49-55,57-63,65-71
0: mpibind: task   3 nths 21 gpus 3 cpus 73-79,81-87,89-95
0: 0.114s: flux-shell[10]: mpibind: 
0: mpibind: task   0 nths 21 gpus 0 cpus 1-7,9-15,17-23
0: mpibind: task   1 nths 21 gpus 1 cpus 25-31,33-39,41-47
0: mpibind: task   2 nths 21 gpus 2 cpus 49-55,57-63,65-71
0: mpibind: task   3 nths 21 gpus 3 cpus 73-79,81-87,89-95
0: 0.109s: flux-shell[11]: mpibind: 
0: mpibind: task   0 nths 21 gpus 0 cpus 1-7,9-15,17-23
0: mpibind: task   1 nths 21 gpus 1 cpus 25-31,33-39,41-47
0: mpibind: task   2 nths 21 gpus 2 cpus 49-55,57-63,65-71
0: mpibind: task   3 nths 21 gpus 3 cpus 73-79,81-87,89-95
0: 0.110s: flux-shell[12]: mpibind: 
0: mpibind: task   0 nths 21 gpus 0 cpus 1-7,9-15,17-23
0: mpibind: task   1 nths 21 gpus 1 cpus 25-31,33-39,41-47
0: mpibind: task   2 nths 21 gpus 2 cpus 49-55,57-63,65-71
0: mpibind: task   3 nths 21 gpus 3 cpus 73-79,81-87,89-95
0: 0.117s: flux-shell[13]: mpibind: 
0: mpibind: task   0 nths 21 gpus 0 cpus 1-7,9-15,17-23
0: mpibind: task   1 nths 21 gpus 1 cpus 25-31,33-39,41-47
0: mpibind: task   2 nths 21 gpus 2 cpus 49-55,57-63,65-71
0: mpibind: task   3 nths 21 gpus 3 cpus 73-79,81-87,89-95
0: 0.115s: flux-shell[14]: mpibind: 
0: mpibind: task   0 nths 21 gpus 0 cpus 1-7,9-15,17-23
0: mpibind: task   1 nths 21 gpus 1 cpus 25-31,33-39,41-47
0: mpibind: task   2 nths 21 gpus 2 cpus 49-55,57-63,65-71
0: mpibind: task   3 nths 21 gpus 3 cpus 73-79,81-87,89-95
0: 0.111s: flux-shell[15]: mpibind: 
0: mpibind: task   0 nths 21 gpus 0 cpus 1-7,9-15,17-23
0: mpibind: task   1 nths 21 gpus 1 cpus 25-31,33-39,41-47
0: mpibind: task   2 nths 21 gpus 2 cpus 49-55,57-63,65-71
0: mpibind: task   3 nths 21 gpus 3 cpus 73-79,81-87,89-95
0: 0.121s: flux-shell[32]: mpibind: 
0: mpibind: task   0 nths 21 gpus 0 cpus 1-7,9-15,17-23
0: mpibind: task   1 nths 21 gpus 1 cpus 25-31,33-39,41-47
0: mpibind: task   2 nths 21 gpus 2 cpus 49-55,57-63,65-71
0: mpibind: task   3 nths 21 gpus 3 cpus 73-79,81-87,89-95
0: 0.115s: flux-shell[31]: mpibind: 
0: mpibind: task   0 nths 21 gpus 0 cpus 1-7,9-15,17-23
0: mpibind: task   1 nths 21 gpus 1 cpus 25-31,33-39,41-47
0: mpibind: task   2 nths 21 gpus 2 cpus 49-55,57-63,65-71
0: mpibind: task   3 nths 21 gpus 3 cpus 73-79,81-87,89-95
0: 0.113s: flux-shell[30]: mpibind: 
0: mpibind: task   0 nths 21 gpus 0 cpus 1-7,9-15,17-23
0: mpibind: task   1 nths 21 gpus 1 cpus 25-31,33-39,41-47
0: mpibind: task   2 nths 21 gpus 2 cpus 49-55,57-63,65-71
0: mpibind: task   3 nths 21 gpus 3 cpus 73-79,81-87,89-95
0: 0.119s: flux-shell[29]: mpibind: 
0: mpibind: task   0 nths 21 gpus 0 cpus 1-7,9-15,17-23
0: mpibind: task   1 nths 21 gpus 1 cpus 25-31,33-39,41-47
0: mpibind: task   2 nths 21 gpus 2 cpus 49-55,57-63,65-71
0: mpibind: task   3 nths 21 gpus 3 cpus 73-79,81-87,89-95
0: 0.120s: flux-shell[28]: mpibind: 
0: mpibind: task   0 nths 21 gpus 0 cpus 1-7,9-15,17-23
0: mpibind: task   1 nths 21 gpus 1 cpus 25-31,33-39,41-47
0: mpibind: task   2 nths 21 gpus 2 cpus 49-55,57-63,65-71
0: mpibind: task   3 nths 21 gpus 3 cpus 73-79,81-87,89-95
0: 0.109s: flux-shell[17]: mpibind: 
0: mpibind: task   0 nths 21 gpus 0 cpus 1-7,9-15,17-23
0: mpibind: task   1 nths 21 gpus 1 cpus 25-31,33-39,41-47
0: mpibind: task   2 nths 21 gpus 2 cpus 49-55,57-63,65-71
0: mpibind: task   3 nths 21 gpus 3 cpus 73-79,81-87,89-95
0: 0.117s: flux-shell[18]: mpibind: 
0: mpibind: task   0 nths 21 gpus 0 cpus 1-7,9-15,17-23
0: mpibind: task   1 nths 21 gpus 1 cpus 25-31,33-39,41-47
0: mpibind: task   2 nths 21 gpus 2 cpus 49-55,57-63,65-71
0: mpibind: task   3 nths 21 gpus 3 cpus 73-79,81-87,89-95
0: 0.112s: flux-shell[19]: mpibind: 
0: mpibind: task   0 nths 21 gpus 0 cpus 1-7,9-15,17-23
0: mpibind: task   1 nths 21 gpus 1 cpus 25-31,33-39,41-47
0: mpibind: task   2 nths 21 gpus 2 cpus 49-55,57-63,65-71
0: mpibind: task   3 nths 21 gpus 3 cpus 73-79,81-87,89-95
0: 0.116s: flux-shell[20]: mpibind: 
0: mpibind: task   0 nths 21 gpus 0 cpus 1-7,9-15,17-23
0: mpibind: task   1 nths 21 gpus 1 cpus 25-31,33-39,41-47
0: mpibind: task   2 nths 21 gpus 2 cpus 49-55,57-63,65-71
0: mpibind: task   3 nths 21 gpus 3 cpus 73-79,81-87,89-95
0: 0.117s: flux-shell[21]: mpibind: 
0: mpibind: task   0 nths 21 gpus 0 cpus 1-7,9-15,17-23
0: mpibind: task   1 nths 21 gpus 1 cpus 25-31,33-39,41-47
0: mpibind: task   2 nths 21 gpus 2 cpus 49-55,57-63,65-71
0: mpibind: task   3 nths 21 gpus 3 cpus 73-79,81-87,89-95
0: 0.116s: flux-shell[22]: mpibind: 
0: mpibind: task   0 nths 21 gpus 0 cpus 1-7,9-15,17-23
0: mpibind: task   1 nths 21 gpus 1 cpus 25-31,33-39,41-47
0: mpibind: task   2 nths 21 gpus 2 cpus 49-55,57-63,65-71
0: mpibind: task   3 nths 21 gpus 3 cpus 73-79,81-87,89-95
0: 0.121s: flux-shell[23]: mpibind: 
0: mpibind: task   0 nths 21 gpus 0 cpus 1-7,9-15,17-23
0: mpibind: task   1 nths 21 gpus 1 cpus 25-31,33-39,41-47
0: mpibind: task   2 nths 21 gpus 2 cpus 49-55,57-63,65-71
0: mpibind: task   3 nths 21 gpus 3 cpus 73-79,81-87,89-95
0: 0.121s: flux-shell[24]: mpibind: 
0: mpibind: task   0 nths 21 gpus 0 cpus 1-7,9-15,17-23
0: mpibind: task   1 nths 21 gpus 1 cpus 25-31,33-39,41-47
0: mpibind: task   2 nths 21 gpus 2 cpus 49-55,57-63,65-71
0: mpibind: task   3 nths 21 gpus 3 cpus 73-79,81-87,89-95
0: 0.119s: flux-shell[25]: mpibind: 
0: mpibind: task   0 nths 21 gpus 0 cpus 1-7,9-15,17-23
0: mpibind: task   1 nths 21 gpus 1 cpus 25-31,33-39,41-47
0: mpibind: task   2 nths 21 gpus 2 cpus 49-55,57-63,65-71
0: mpibind: task   3 nths 21 gpus 3 cpus 73-79,81-87,89-95
0: 0.119s: flux-shell[26]: mpibind: 
0: mpibind: task   0 nths 21 gpus 0 cpus 1-7,9-15,17-23
0: mpibind: task   1 nths 21 gpus 1 cpus 25-31,33-39,41-47
0: mpibind: task   2 nths 21 gpus 2 cpus 49-55,57-63,65-71
0: mpibind: task   3 nths 21 gpus 3 cpus 73-79,81-87,89-95
0: 0.121s: flux-shell[27]: mpibind: 
0: mpibind: task   0 nths 21 gpus 0 cpus 1-7,9-15,17-23
0: mpibind: task   1 nths 21 gpus 1 cpus 25-31,33-39,41-47
0: mpibind: task   2 nths 21 gpus 2 cpus 49-55,57-63,65-71
0: mpibind: task   3 nths 21 gpus 3 cpus 73-79,81-87,89-95
0: 0.113s: flux-shell[36]: mpibind: 
0: mpibind: task   0 nths 21 gpus 0 cpus 1-7,9-15,17-23
0: mpibind: task   1 nths 21 gpus 1 cpus 25-31,33-39,41-47
0: mpibind: task   2 nths 21 gpus 2 cpus 49-55,57-63,65-71
0: mpibind: task   3 nths 21 gpus 3 cpus 73-79,81-87,89-95
0: 0.118s: flux-shell[38]: mpibind: 
0: mpibind: task   0 nths 21 gpus 0 cpus 1-7,9-15,17-23
0: mpibind: task   1 nths 21 gpus 1 cpus 25-31,33-39,41-47
0: mpibind: task   2 nths 21 gpus 2 cpus 49-55,57-63,65-71
0: mpibind: task   3 nths 21 gpus 3 cpus 73-79,81-87,89-95
0: 0.114s: flux-shell[37]: mpibind: 
0: mpibind: task   0 nths 21 gpus 0 cpus 1-7,9-15,17-23
0: mpibind: task   1 nths 21 gpus 1 cpus 25-31,33-39,41-47
0: mpibind: task   2 nths 21 gpus 2 cpus 49-55,57-63,65-71
0: mpibind: task   3 nths 21 gpus 3 cpus 73-79,81-87,89-95
0: 0.112s: flux-shell[39]: mpibind: 
0: mpibind: task   0 nths 21 gpus 0 cpus 1-7,9-15,17-23
0: mpibind: task   1 nths 21 gpus 1 cpus 25-31,33-39,41-47
0: mpibind: task   2 nths 21 gpus 2 cpus 49-55,57-63,65-71
0: mpibind: task   3 nths 21 gpus 3 cpus 73-79,81-87,89-95
0: 0.110s: flux-shell[40]: mpibind: 
0: mpibind: task   0 nths 21 gpus 0 cpus 1-7,9-15,17-23
0: mpibind: task   1 nths 21 gpus 1 cpus 25-31,33-39,41-47
0: mpibind: task   2 nths 21 gpus 2 cpus 49-55,57-63,65-71
0: mpibind: task   3 nths 21 gpus 3 cpus 73-79,81-87,89-95
0: 0.119s: flux-shell[33]: mpibind: 
0: mpibind: task   0 nths 21 gpus 0 cpus 1-7,9-15,17-23
0: mpibind: task   1 nths 21 gpus 1 cpus 25-31,33-39,41-47
0: mpibind: task   2 nths 21 gpus 2 cpus 49-55,57-63,65-71
0: mpibind: task   3 nths 21 gpus 3 cpus 73-79,81-87,89-95
0: 0.113s: flux-shell[34]: mpibind: 
0: mpibind: task   0 nths 21 gpus 0 cpus 1-7,9-15,17-23
0: mpibind: task   1 nths 21 gpus 1 cpus 25-31,33-39,41-47
0: mpibind: task   2 nths 21 gpus 2 cpus 49-55,57-63,65-71
0: mpibind: task   3 nths 21 gpus 3 cpus 73-79,81-87,89-95
0: 0.113s: flux-shell[35]: mpibind: 
0: mpibind: task   0 nths 21 gpus 0 cpus 1-7,9-15,17-23
0: mpibind: task   1 nths 21 gpus 1 cpus 25-31,33-39,41-47
0: mpibind: task   2 nths 21 gpus 2 cpus 49-55,57-63,65-71
0: mpibind: task   3 nths 21 gpus 3 cpus 73-79,81-87,89-95
0: 0.126s: flux-shell[41]: mpibind: 
0: mpibind: task   0 nths 21 gpus 0 cpus 1-7,9-15,17-23
0: mpibind: task   1 nths 21 gpus 1 cpus 25-31,33-39,41-47
0: mpibind: task   2 nths 21 gpus 2 cpus 49-55,57-63,65-71
0: mpibind: task   3 nths 21 gpus 3 cpus 73-79,81-87,89-95
0: 0.111s: flux-shell[42]: mpibind: 
0: mpibind: task   0 nths 21 gpus 0 cpus 1-7,9-15,17-23
0: mpibind: task   1 nths 21 gpus 1 cpus 25-31,33-39,41-47
0: mpibind: task   2 nths 21 gpus 2 cpus 49-55,57-63,65-71
0: mpibind: task   3 nths 21 gpus 3 cpus 73-79,81-87,89-95
0: 0.115s: flux-shell[43]: mpibind: 
0: mpibind: task   0 nths 21 gpus 0 cpus 1-7,9-15,17-23
0: mpibind: task   1 nths 21 gpus 1 cpus 25-31,33-39,41-47
0: mpibind: task   2 nths 21 gpus 2 cpus 49-55,57-63,65-71
0: mpibind: task   3 nths 21 gpus 3 cpus 73-79,81-87,89-95
0: 0.111s: flux-shell[44]: mpibind: 
0: mpibind: task   0 nths 21 gpus 0 cpus 1-7,9-15,17-23
0: mpibind: task   1 nths 21 gpus 1 cpus 25-31,33-39,41-47
0: mpibind: task   2 nths 21 gpus 2 cpus 49-55,57-63,65-71
0: mpibind: task   3 nths 21 gpus 3 cpus 73-79,81-87,89-95
0: 0.120s: flux-shell[46]: mpibind: 
0: mpibind: task   0 nths 21 gpus 0 cpus 1-7,9-15,17-23
0: mpibind: task   1 nths 21 gpus 1 cpus 25-31,33-39,41-47
0: mpibind: task   2 nths 21 gpus 2 cpus 49-55,57-63,65-71
0: mpibind: task   3 nths 21 gpus 3 cpus 73-79,81-87,89-95
0: 0.116s: flux-shell[48]: mpibind: 
0: mpibind: task   0 nths 21 gpus 0 cpus 1-7,9-15,17-23
0: mpibind: task   1 nths 21 gpus 1 cpus 25-31,33-39,41-47
0: mpibind: task   2 nths 21 gpus 2 cpus 49-55,57-63,65-71
0: mpibind: task   3 nths 21 gpus 3 cpus 73-79,81-87,89-95
0: 0.122s: flux-shell[49]: mpibind: 
0: mpibind: task   0 nths 21 gpus 0 cpus 1-7,9-15,17-23
0: mpibind: task   1 nths 21 gpus 1 cpus 25-31,33-39,41-47
0: mpibind: task   2 nths 21 gpus 2 cpus 49-55,57-63,65-71
0: mpibind: task   3 nths 21 gpus 3 cpus 73-79,81-87,89-95
0: 0.117s: flux-shell[51]: mpibind: 
0: mpibind: task   0 nths 21 gpus 0 cpus 1-7,9-15,17-23
0: mpibind: task   1 nths 21 gpus 1 cpus 25-31,33-39,41-47
0: mpibind: task   2 nths 21 gpus 2 cpus 49-55,57-63,65-71
0: mpibind: task   3 nths 21 gpus 3 cpus 73-79,81-87,89-95
0: 0.115s: flux-shell[50]: mpibind: 
0: mpibind: task   0 nths 21 gpus 0 cpus 1-7,9-15,17-23
0: mpibind: task   1 nths 21 gpus 1 cpus 25-31,33-39,41-47
0: mpibind: task   2 nths 21 gpus 2 cpus 49-55,57-63,65-71
0: mpibind: task   3 nths 21 gpus 3 cpus 73-79,81-87,89-95
0: 0.116s: flux-shell[52]: mpibind: 
0: mpibind: task   0 nths 21 gpus 0 cpus 1-7,9-15,17-23
0: mpibind: task   1 nths 21 gpus 1 cpus 25-31,33-39,41-47
0: mpibind: task   2 nths 21 gpus 2 cpus 49-55,57-63,65-71
0: mpibind: task   3 nths 21 gpus 3 cpus 73-79,81-87,89-95
0: 0.119s: flux-shell[45]: mpibind: 
0: mpibind: task   0 nths 21 gpus 0 cpus 1-7,9-15,17-23
0: mpibind: task   1 nths 21 gpus 1 cpus 25-31,33-39,41-47
0: mpibind: task   2 nths 21 gpus 2 cpus 49-55,57-63,65-71
0: mpibind: task   3 nths 21 gpus 3 cpus 73-79,81-87,89-95
0: 0.114s: flux-shell[47]: mpibind: 
0: mpibind: task   0 nths 21 gpus 0 cpus 1-7,9-15,17-23
0: mpibind: task   1 nths 21 gpus 1 cpus 25-31,33-39,41-47
0: mpibind: task   2 nths 21 gpus 2 cpus 49-55,57-63,65-71
0: mpibind: task   3 nths 21 gpus 3 cpus 73-79,81-87,89-95
0: 0.120s: flux-shell[61]: mpibind: 
0: mpibind: task   0 nths 21 gpus 0 cpus 1-7,9-15,17-23
0: mpibind: task   1 nths 21 gpus 1 cpus 25-31,33-39,41-47
0: mpibind: task   2 nths 21 gpus 2 cpus 49-55,57-63,65-71
0: mpibind: task   3 nths 21 gpus 3 cpus 73-79,81-87,89-95
0: 0.122s: flux-shell[62]: mpibind: 
0: mpibind: task   0 nths 21 gpus 0 cpus 1-7,9-15,17-23
0: mpibind: task   1 nths 21 gpus 1 cpus 25-31,33-39,41-47
0: mpibind: task   2 nths 21 gpus 2 cpus 49-55,57-63,65-71
0: mpibind: task   3 nths 21 gpus 3 cpus 73-79,81-87,89-95
0: 0.118s: flux-shell[63]: mpibind: 
0: mpibind: task   0 nths 21 gpus 0 cpus 1-7,9-15,17-23
0: mpibind: task   1 nths 21 gpus 1 cpus 25-31,33-39,41-47
0: mpibind: task   2 nths 21 gpus 2 cpus 49-55,57-63,65-71
0: mpibind: task   3 nths 21 gpus 3 cpus 73-79,81-87,89-95
0: 0.115s: flux-shell[53]: mpibind: 
0: mpibind: task   0 nths 21 gpus 0 cpus 1-7,9-15,17-23
0: mpibind: task   1 nths 21 gpus 1 cpus 25-31,33-39,41-47
0: mpibind: task   2 nths 21 gpus 2 cpus 49-55,57-63,65-71
0: mpibind: task   3 nths 21 gpus 3 cpus 73-79,81-87,89-95
0: 0.120s: flux-shell[55]: mpibind: 
0: mpibind: task   0 nths 21 gpus 0 cpus 1-7,9-15,17-23
0: mpibind: task   1 nths 21 gpus 1 cpus 25-31,33-39,41-47
0: mpibind: task   2 nths 21 gpus 2 cpus 49-55,57-63,65-71
0: mpibind: task   3 nths 21 gpus 3 cpus 73-79,81-87,89-95
0: 0.121s: flux-shell[54]: mpibind: 
0: mpibind: task   0 nths 21 gpus 0 cpus 1-7,9-15,17-23
0: mpibind: task   1 nths 21 gpus 1 cpus 25-31,33-39,41-47
0: mpibind: task   2 nths 21 gpus 2 cpus 49-55,57-63,65-71
0: mpibind: task   3 nths 21 gpus 3 cpus 73-79,81-87,89-95
0: 0.120s: flux-shell[59]: mpibind: 
0: mpibind: task   0 nths 21 gpus 0 cpus 1-7,9-15,17-23
0: mpibind: task   1 nths 21 gpus 1 cpus 25-31,33-39,41-47
0: mpibind: task   2 nths 21 gpus 2 cpus 49-55,57-63,65-71
0: mpibind: task   3 nths 21 gpus 3 cpus 73-79,81-87,89-95
0: 0.121s: flux-shell[58]: mpibind: 
0: mpibind: task   0 nths 21 gpus 0 cpus 1-7,9-15,17-23
0: mpibind: task   1 nths 21 gpus 1 cpus 25-31,33-39,41-47
0: mpibind: task   2 nths 21 gpus 2 cpus 49-55,57-63,65-71
0: mpibind: task   3 nths 21 gpus 3 cpus 73-79,81-87,89-95
0: 0.114s: flux-shell[57]: mpibind: 
0: mpibind: task   0 nths 21 gpus 0 cpus 1-7,9-15,17-23
0: mpibind: task   1 nths 21 gpus 1 cpus 25-31,33-39,41-47
0: mpibind: task   2 nths 21 gpus 2 cpus 49-55,57-63,65-71
0: mpibind: task   3 nths 21 gpus 3 cpus 73-79,81-87,89-95
0: 0.119s: flux-shell[60]: mpibind: 
0: mpibind: task   0 nths 21 gpus 0 cpus 1-7,9-15,17-23
0: mpibind: task   1 nths 21 gpus 1 cpus 25-31,33-39,41-47
0: mpibind: task   2 nths 21 gpus 2 cpus 49-55,57-63,65-71
0: mpibind: task   3 nths 21 gpus 3 cpus 73-79,81-87,89-95
0: 0.117s: flux-shell[56]: mpibind: 
0: mpibind: task   0 nths 21 gpus 0 cpus 1-7,9-15,17-23
0: mpibind: task   1 nths 21 gpus 1 cpus 25-31,33-39,41-47
0: mpibind: task   2 nths 21 gpus 2 cpus 49-55,57-63,65-71
0: mpibind: task   3 nths 21 gpus 3 cpus 73-79,81-87,89-95
0: jobid: fmpx5W39
0: 0.103s: flux-shell[1]: mpibind: 
0: mpibind: task   0 nths 21 gpus 0 cpus 1-7,9-15,17-23
0: mpibind: task   1 nths 21 gpus 1 cpus 25-31,33-39,41-47
0: mpibind: task   2 nths 21 gpus 2 cpus 49-55,57-63,65-71
0: mpibind: task   3 nths 21 gpus 3 cpus 73-79,81-87,89-95
0: 0.110s: flux-shell[3]: mpibind: 
0: mpibind: task   0 nths 21 gpus 0 cpus 1-7,9-15,17-23
0: mpibind: task   1 nths 21 gpus 1 cpus 25-31,33-39,41-47
0: mpibind: task   2 nths 21 gpus 2 cpus 49-55,57-63,65-71
0: mpibind: task   3 nths 21 gpus 3 cpus 73-79,81-87,89-95
0: 0.108s: flux-shell[4]: mpibind: 
0: mpibind: task   0 nths 21 gpus 0 cpus 1-7,9-15,17-23
0: mpibind: task   1 nths 21 gpus 1 cpus 25-31,33-39,41-47
0: mpibind: task   2 nths 21 gpus 2 cpus 49-55,57-63,65-71
0: mpibind: task   3 nths 21 gpus 3 cpus 73-79,81-87,89-95
0: 0.116s: flux-shell[5]: mpibind: 
0: mpibind: task   0 nths 21 gpus 0 cpus 1-7,9-15,17-23
0: mpibind: task   1 nths 21 gpus 1 cpus 25-31,33-39,41-47
0: mpibind: task   2 nths 21 gpus 2 cpus 49-55,57-63,65-71
0: mpibind: task   3 nths 21 gpus 3 cpus 73-79,81-87,89-95
0: 0.111s: flux-shell[2]: mpibind: 
0: mpibind: task   0 nths 21 gpus 0 cpus 1-7,9-15,17-23
0: mpibind: task   1 nths 21 gpus 1 cpus 25-31,33-39,41-47
0: mpibind: task   2 nths 21 gpus 2 cpus 49-55,57-63,65-71
0: mpibind: task   3 nths 21 gpus 3 cpus 73-79,81-87,89-95
0: 0.101s: flux-shell[6]: mpibind: 
0: mpibind: task   0 nths 21 gpus 0 cpus 1-7,9-15,17-23
0: mpibind: task   1 nths 21 gpus 1 cpus 25-31,33-39,41-47
0: mpibind: task   2 nths 21 gpus 2 cpus 49-55,57-63,65-71
0: mpibind: task   3 nths 21 gpus 3 cpus 73-79,81-87,89-95
0: 0.103s: flux-shell[0]: mpibind: 
0: mpibind: task   0 nths 21 gpus 0 cpus 1-7,9-15,17-23
0: mpibind: task   1 nths 21 gpus 1 cpus 25-31,33-39,41-47
0: mpibind: task   2 nths 21 gpus 2 cpus 49-55,57-63,65-71
0: mpibind: task   3 nths 21 gpus 3 cpus 73-79,81-87,89-95
0: 0.105s: flux-shell[7]: mpibind: 
0: mpibind: task   0 nths 21 gpus 0 cpus 1-7,9-15,17-23
0: mpibind: task   1 nths 21 gpus 1 cpus 25-31,33-39,41-47
0: mpibind: task   2 nths 21 gpus 2 cpus 49-55,57-63,65-71
0: mpibind: task   3 nths 21 gpus 3 cpus 73-79,81-87,89-95
0: 0.114s: flux-shell[8]: mpibind: 
0: mpibind: task   0 nths 21 gpus 0 cpus 1-7,9-15,17-23
0: mpibind: task   1 nths 21 gpus 1 cpus 25-31,33-39,41-47
0: mpibind: task   2 nths 21 gpus 2 cpus 49-55,57-63,65-71
0: mpibind: task   3 nths 21 gpus 3 cpus 73-79,81-87,89-95
0: 0.109s: flux-shell[9]: mpibind: 
0: mpibind: task   0 nths 21 gpus 0 cpus 1-7,9-15,17-23
0: mpibind: task   1 nths 21 gpus 1 cpus 25-31,33-39,41-47
0: mpibind: task   2 nths 21 gpus 2 cpus 49-55,57-63,65-71
0: mpibind: task   3 nths 21 gpus 3 cpus 73-79,81-87,89-95
0: 0.111s: flux-shell[10]: mpibind: 
0: mpibind: task   0 nths 21 gpus 0 cpus 1-7,9-15,17-23
0: mpibind: task   1 nths 21 gpus 1 cpus 25-31,33-39,41-47
0: mpibind: task   2 nths 21 gpus 2 cpus 49-55,57-63,65-71
0: mpibind: task   3 nths 21 gpus 3 cpus 73-79,81-87,89-95
0: 0.109s: flux-shell[12]: mpibind: 
0: mpibind: task   0 nths 21 gpus 0 cpus 1-7,9-15,17-23
0: mpibind: task   1 nths 21 gpus 1 cpus 25-31,33-39,41-47
0: mpibind: task   2 nths 21 gpus 2 cpus 49-55,57-63,65-71
0: mpibind: task   3 nths 21 gpus 3 cpus 73-79,81-87,89-95
0: 0.109s: flux-shell[11]: mpibind: 
0: mpibind: task   0 nths 21 gpus 0 cpus 1-7,9-15,17-23
0: mpibind: task   1 nths 21 gpus 1 cpus 25-31,33-39,41-47
0: mpibind: task   2 nths 21 gpus 2 cpus 49-55,57-63,65-71
0: mpibind: task   3 nths 21 gpus 3 cpus 73-79,81-87,89-95
0: 0.116s: flux-shell[13]: mpibind: 
0: mpibind: task   0 nths 21 gpus 0 cpus 1-7,9-15,17-23
0: mpibind: task   1 nths 21 gpus 1 cpus 25-31,33-39,41-47
0: mpibind: task   2 nths 21 gpus 2 cpus 49-55,57-63,65-71
0: mpibind: task   3 nths 21 gpus 3 cpus 73-79,81-87,89-95
0: 0.109s: flux-shell[14]: mpibind: 
0: mpibind: task   0 nths 21 gpus 0 cpus 1-7,9-15,17-23
0: mpibind: task   1 nths 21 gpus 1 cpus 25-31,33-39,41-47
0: mpibind: task   2 nths 21 gpus 2 cpus 49-55,57-63,65-71
0: mpibind: task   3 nths 21 gpus 3 cpus 73-79,81-87,89-95
0: 0.113s: flux-shell[15]: mpibind: 
0: mpibind: task   0 nths 21 gpus 0 cpus 1-7,9-15,17-23
0: mpibind: task   1 nths 21 gpus 1 cpus 25-31,33-39,41-47
0: mpibind: task   2 nths 21 gpus 2 cpus 49-55,57-63,65-71
0: mpibind: task   3 nths 21 gpus 3 cpus 73-79,81-87,89-95
0: 0.122s: flux-shell[32]: mpibind: 
0: mpibind: task   0 nths 21 gpus 0 cpus 1-7,9-15,17-23
0: mpibind: task   1 nths 21 gpus 1 cpus 25-31,33-39,41-47
0: mpibind: task   2 nths 21 gpus 2 cpus 49-55,57-63,65-71
0: mpibind: task   3 nths 21 gpus 3 cpus 73-79,81-87,89-95
0: 0.115s: flux-shell[31]: mpibind: 
0: mpibind: task   0 nths 21 gpus 0 cpus 1-7,9-15,17-23
0: mpibind: task   1 nths 21 gpus 1 cpus 25-31,33-39,41-47
0: mpibind: task   2 nths 21 gpus 2 cpus 49-55,57-63,65-71
0: mpibind: task   3 nths 21 gpus 3 cpus 73-79,81-87,89-95
0: 0.124s: flux-shell[30]: mpibind: 
0: mpibind: task   0 nths 21 gpus 0 cpus 1-7,9-15,17-23
0: mpibind: task   1 nths 21 gpus 1 cpus 25-31,33-39,41-47
0: mpibind: task   2 nths 21 gpus 2 cpus 49-55,57-63,65-71
0: mpibind: task   3 nths 21 gpus 3 cpus 73-79,81-87,89-95
0: 0.115s: flux-shell[16]: mpibind: 
0: mpibind: task   0 nths 21 gpus 0 cpus 1-7,9-15,17-23
0: mpibind: task   1 nths 21 gpus 1 cpus 25-31,33-39,41-47
0: mpibind: task   2 nths 21 gpus 2 cpus 49-55,57-63,65-71
0: mpibind: task   3 nths 21 gpus 3 cpus 73-79,81-87,89-95
0: 0.114s: flux-shell[17]: mpibind: 
0: mpibind: task   0 nths 21 gpus 0 cpus 1-7,9-15,17-23
0: mpibind: task   1 nths 21 gpus 1 cpus 25-31,33-39,41-47
0: mpibind: task   2 nths 21 gpus 2 cpus 49-55,57-63,65-71
0: mpibind: task   3 nths 21 gpus 3 cpus 73-79,81-87,89-95
0: 0.111s: flux-shell[18]: mpibind: 
0: mpibind: task   0 nths 21 gpus 0 cpus 1-7,9-15,17-23
0: mpibind: task   1 nths 21 gpus 1 cpus 25-31,33-39,41-47
0: mpibind: task   2 nths 21 gpus 2 cpus 49-55,57-63,65-71
0: mpibind: task   3 nths 21 gpus 3 cpus 73-79,81-87,89-95
0: 0.118s: flux-shell[19]: mpibind: 
0: mpibind: task   0 nths 21 gpus 0 cpus 1-7,9-15,17-23
0: mpibind: task   1 nths 21 gpus 1 cpus 25-31,33-39,41-47
0: mpibind: task   2 nths 21 gpus 2 cpus 49-55,57-63,65-71
0: mpibind: task   3 nths 21 gpus 3 cpus 73-79,81-87,89-95
0: 0.111s: flux-shell[20]: mpibind: 
0: mpibind: task   0 nths 21 gpus 0 cpus 1-7,9-15,17-23
0: mpibind: task   1 nths 21 gpus 1 cpus 25-31,33-39,41-47
0: mpibind: task   2 nths 21 gpus 2 cpus 49-55,57-63,65-71
0: mpibind: task   3 nths 21 gpus 3 cpus 73-79,81-87,89-95
0: 0.123s: flux-shell[21]: mpibind: 
0: mpibind: task   0 nths 21 gpus 0 cpus 1-7,9-15,17-23
0: mpibind: task   1 nths 21 gpus 1 cpus 25-31,33-39,41-47
0: mpibind: task   2 nths 21 gpus 2 cpus 49-55,57-63,65-71
0: mpibind: task   3 nths 21 gpus 3 cpus 73-79,81-87,89-95
0: 0.117s: flux-shell[22]: mpibind: 
0: mpibind: task   0 nths 21 gpus 0 cpus 1-7,9-15,17-23
0: mpibind: task   1 nths 21 gpus 1 cpus 25-31,33-39,41-47
0: mpibind: task   2 nths 21 gpus 2 cpus 49-55,57-63,65-71
0: mpibind: task   3 nths 21 gpus 3 cpus 73-79,81-87,89-95
0: 0.116s: flux-shell[23]: mpibind: 
0: mpibind: task   0 nths 21 gpus 0 cpus 1-7,9-15,17-23
0: mpibind: task   1 nths 21 gpus 1 cpus 25-31,33-39,41-47
0: mpibind: task   2 nths 21 gpus 2 cpus 49-55,57-63,65-71
0: mpibind: task   3 nths 21 gpus 3 cpus 73-79,81-87,89-95
0: 0.116s: flux-shell[24]: mpibind: 
0: mpibind: task   0 nths 21 gpus 0 cpus 1-7,9-15,17-23
0: mpibind: task   1 nths 21 gpus 1 cpus 25-31,33-39,41-47
0: mpibind: task   2 nths 21 gpus 2 cpus 49-55,57-63,65-71
0: mpibind: task   3 nths 21 gpus 3 cpus 73-79,81-87,89-95
0: 0.122s: flux-shell[25]: mpibind: 
0: mpibind: task   0 nths 21 gpus 0 cpus 1-7,9-15,17-23
0: mpibind: task   1 nths 21 gpus 1 cpus 25-31,33-39,41-47
0: mpibind: task   2 nths 21 gpus 2 cpus 49-55,57-63,65-71
0: mpibind: task   3 nths 21 gpus 3 cpus 73-79,81-87,89-95
0: 0.119s: flux-shell[26]: mpibind: 
0: mpibind: task   0 nths 21 gpus 0 cpus 1-7,9-15,17-23
0: mpibind: task   1 nths 21 gpus 1 cpus 25-31,33-39,41-47
0: mpibind: task   2 nths 21 gpus 2 cpus 49-55,57-63,65-71
0: mpibind: task   3 nths 21 gpus 3 cpus 73-79,81-87,89-95
0: 0.120s: flux-shell[27]: mpibind: 
0: mpibind: task   0 nths 21 gpus 0 cpus 1-7,9-15,17-23
0: mpibind: task   1 nths 21 gpus 1 cpus 25-31,33-39,41-47
0: mpibind: task   2 nths 21 gpus 2 cpus 49-55,57-63,65-71
0: mpibind: task   3 nths 21 gpus 3 cpus 73-79,81-87,89-95
0: 0.120s: flux-shell[28]: mpibind: 
0: mpibind: task   0 nths 21 gpus 0 cpus 1-7,9-15,17-23
0: mpibind: task   1 nths 21 gpus 1 cpus 25-31,33-39,41-47
0: mpibind: task   2 nths 21 gpus 2 cpus 49-55,57-63,65-71
0: mpibind: task   3 nths 21 gpus 3 cpus 73-79,81-87,89-95
0: 0.119s: flux-shell[29]: mpibind: 
0: mpibind: task   0 nths 21 gpus 0 cpus 1-7,9-15,17-23
0: mpibind: task   1 nths 21 gpus 1 cpus 25-31,33-39,41-47
0: mpibind: task   2 nths 21 gpus 2 cpus 49-55,57-63,65-71
0: mpibind: task   3 nths 21 gpus 3 cpus 73-79,81-87,89-95
0: 0.113s: flux-shell[39]: mpibind: 
0: mpibind: task   0 nths 21 gpus 0 cpus 1-7,9-15,17-23
0: mpibind: task   1 nths 21 gpus 1 cpus 25-31,33-39,41-47
0: mpibind: task   2 nths 21 gpus 2 cpus 49-55,57-63,65-71
0: mpibind: task   3 nths 21 gpus 3 cpus 73-79,81-87,89-95
0: 0.119s: flux-shell[40]: mpibind: 
0: mpibind: task   0 nths 21 gpus 0 cpus 1-7,9-15,17-23
0: mpibind: task   1 nths 21 gpus 1 cpus 25-31,33-39,41-47
0: mpibind: task   2 nths 21 gpus 2 cpus 49-55,57-63,65-71
0: mpibind: task   3 nths 21 gpus 3 cpus 73-79,81-87,89-95
0: 0.119s: flux-shell[41]: mpibind: 
0: mpibind: task   0 nths 21 gpus 0 cpus 1-7,9-15,17-23
0: mpibind: task   1 nths 21 gpus 1 cpus 25-31,33-39,41-47
0: mpibind: task   2 nths 21 gpus 2 cpus 49-55,57-63,65-71
0: mpibind: task   3 nths 21 gpus 3 cpus 73-79,81-87,89-95
0: 0.115s: flux-shell[33]: mpibind: 
0: mpibind: task   0 nths 21 gpus 0 cpus 1-7,9-15,17-23
0: mpibind: task   1 nths 21 gpus 1 cpus 25-31,33-39,41-47
0: mpibind: task   2 nths 21 gpus 2 cpus 49-55,57-63,65-71
0: mpibind: task   3 nths 21 gpus 3 cpus 73-79,81-87,89-95
0: 0.114s: flux-shell[34]: mpibind: 
0: mpibind: task   0 nths 21 gpus 0 cpus 1-7,9-15,17-23
0: mpibind: task   1 nths 21 gpus 1 cpus 25-31,33-39,41-47
0: mpibind: task   2 nths 21 gpus 2 cpus 49-55,57-63,65-71
0: mpibind: task   3 nths 21 gpus 3 cpus 73-79,81-87,89-95
0: 0.118s: flux-shell[35]: mpibind: 
0: mpibind: task   0 nths 21 gpus 0 cpus 1-7,9-15,17-23
0: mpibind: task   1 nths 21 gpus 1 cpus 25-31,33-39,41-47
0: mpibind: task   2 nths 21 gpus 2 cpus 49-55,57-63,65-71
0: mpibind: task   3 nths 21 gpus 3 cpus 73-79,81-87,89-95
0: 0.117s: flux-shell[36]: mpibind: 
0: mpibind: task   0 nths 21 gpus 0 cpus 1-7,9-15,17-23
0: mpibind: task   1 nths 21 gpus 1 cpus 25-31,33-39,41-47
0: mpibind: task   2 nths 21 gpus 2 cpus 49-55,57-63,65-71
0: mpibind: task   3 nths 21 gpus 3 cpus 73-79,81-87,89-95
0: 0.111s: flux-shell[37]: mpibind: 
0: mpibind: task   0 nths 21 gpus 0 cpus 1-7,9-15,17-23
0: mpibind: task   1 nths 21 gpus 1 cpus 25-31,33-39,41-47
0: mpibind: task   2 nths 21 gpus 2 cpus 49-55,57-63,65-71
0: mpibind: task   3 nths 21 gpus 3 cpus 73-79,81-87,89-95
0: 0.122s: flux-shell[38]: mpibind: 
0: mpibind: task   0 nths 21 gpus 0 cpus 1-7,9-15,17-23
0: mpibind: task   1 nths 21 gpus 1 cpus 25-31,33-39,41-47
0: mpibind: task   2 nths 21 gpus 2 cpus 49-55,57-63,65-71
0: mpibind: task   3 nths 21 gpus 3 cpus 73-79,81-87,89-95
0: 0.113s: flux-shell[42]: mpibind: 
0: mpibind: task   0 nths 21 gpus 0 cpus 1-7,9-15,17-23
0: mpibind: task   1 nths 21 gpus 1 cpus 25-31,33-39,41-47
0: mpibind: task   2 nths 21 gpus 2 cpus 49-55,57-63,65-71
0: mpibind: task   3 nths 21 gpus 3 cpus 73-79,81-87,89-95
0: 0.122s: flux-shell[43]: mpibind: 
0: mpibind: task   0 nths 21 gpus 0 cpus 1-7,9-15,17-23
0: mpibind: task   1 nths 21 gpus 1 cpus 25-31,33-39,41-47
0: mpibind: task   2 nths 21 gpus 2 cpus 49-55,57-63,65-71
0: mpibind: task   3 nths 21 gpus 3 cpus 73-79,81-87,89-95
0: 0.120s: flux-shell[58]: mpibind: 
0: mpibind: task   0 nths 21 gpus 0 cpus 1-7,9-15,17-23
0: mpibind: task   1 nths 21 gpus 1 cpus 25-31,33-39,41-47
0: mpibind: task   2 nths 21 gpus 2 cpus 49-55,57-63,65-71
0: mpibind: task   3 nths 21 gpus 3 cpus 73-79,81-87,89-95
0: 0.126s: flux-shell[59]: mpibind: 
0: mpibind: task   0 nths 21 gpus 0 cpus 1-7,9-15,17-23
0: mpibind: task   1 nths 21 gpus 1 cpus 25-31,33-39,41-47
0: mpibind: task   2 nths 21 gpus 2 cpus 49-55,57-63,65-71
0: mpibind: task   3 nths 21 gpus 3 cpus 73-79,81-87,89-95
0: 0.122s: flux-shell[60]: mpibind: 
0: mpibind: task   0 nths 21 gpus 0 cpus 1-7,9-15,17-23
0: mpibind: task   1 nths 21 gpus 1 cpus 25-31,33-39,41-47
0: mpibind: task   2 nths 21 gpus 2 cpus 49-55,57-63,65-71
0: mpibind: task   3 nths 21 gpus 3 cpus 73-79,81-87,89-95
0: 0.121s: flux-shell[61]: mpibind: 
0: mpibind: task   0 nths 21 gpus 0 cpus 1-7,9-15,17-23
0: mpibind: task   1 nths 21 gpus 1 cpus 25-31,33-39,41-47
0: mpibind: task   2 nths 21 gpus 2 cpus 49-55,57-63,65-71
0: mpibind: task   3 nths 21 gpus 3 cpus 73-79,81-87,89-95
0: 0.116s: flux-shell[44]: mpibind: 
0: mpibind: task   0 nths 21 gpus 0 cpus 1-7,9-15,17-23
0: mpibind: task   1 nths 21 gpus 1 cpus 25-31,33-39,41-47
0: mpibind: task   2 nths 21 gpus 2 cpus 49-55,57-63,65-71
0: mpibind: task   3 nths 21 gpus 3 cpus 73-79,81-87,89-95
0: 0.120s: flux-shell[46]: mpibind: 
0: mpibind: task   0 nths 21 gpus 0 cpus 1-7,9-15,17-23
0: mpibind: task   1 nths 21 gpus 1 cpus 25-31,33-39,41-47
0: mpibind: task   2 nths 21 gpus 2 cpus 49-55,57-63,65-71
0: mpibind: task   3 nths 21 gpus 3 cpus 73-79,81-87,89-95
0: 0.119s: flux-shell[49]: mpibind: 
0: mpibind: task   0 nths 21 gpus 0 cpus 1-7,9-15,17-23
0: mpibind: task   1 nths 21 gpus 1 cpus 25-31,33-39,41-47
0: mpibind: task   2 nths 21 gpus 2 cpus 49-55,57-63,65-71
0: mpibind: task   3 nths 21 gpus 3 cpus 73-79,81-87,89-95
0: 0.120s: flux-shell[48]: mpibind: 
0: mpibind: task   0 nths 21 gpus 0 cpus 1-7,9-15,17-23
0: mpibind: task   1 nths 21 gpus 1 cpus 25-31,33-39,41-47
0: mpibind: task   2 nths 21 gpus 2 cpus 49-55,57-63,65-71
0: mpibind: task   3 nths 21 gpus 3 cpus 73-79,81-87,89-95
0: 0.116s: flux-shell[50]: mpibind: 
0: mpibind: task   0 nths 21 gpus 0 cpus 1-7,9-15,17-23
0: mpibind: task   1 nths 21 gpus 1 cpus 25-31,33-39,41-47
0: mpibind: task   2 nths 21 gpus 2 cpus 49-55,57-63,65-71
0: mpibind: task   3 nths 21 gpus 3 cpus 73-79,81-87,89-95
0: 0.122s: flux-shell[51]: mpibind: 
0: mpibind: task   0 nths 21 gpus 0 cpus 1-7,9-15,17-23
0: mpibind: task   1 nths 21 gpus 1 cpus 25-31,33-39,41-47
0: mpibind: task   2 nths 21 gpus 2 cpus 49-55,57-63,65-71
0: mpibind: task   3 nths 21 gpus 3 cpus 73-79,81-87,89-95
0: 0.116s: flux-shell[53]: mpibind: 
0: mpibind: task   0 nths 21 gpus 0 cpus 1-7,9-15,17-23
0: mpibind: task   1 nths 21 gpus 1 cpus 25-31,33-39,41-47
0: mpibind: task   2 nths 21 gpus 2 cpus 49-55,57-63,65-71
0: mpibind: task   3 nths 21 gpus 3 cpus 73-79,81-87,89-95
0: 0.119s: flux-shell[45]: mpibind: 
0: mpibind: task   0 nths 21 gpus 0 cpus 1-7,9-15,17-23
0: mpibind: task   1 nths 21 gpus 1 cpus 25-31,33-39,41-47
0: mpibind: task   2 nths 21 gpus 2 cpus 49-55,57-63,65-71
0: mpibind: task   3 nths 21 gpus 3 cpus 73-79,81-87,89-95
0: 0.124s: flux-shell[55]: mpibind: 
0: mpibind: task   0 nths 21 gpus 0 cpus 1-7,9-15,17-23
0: mpibind: task   1 nths 21 gpus 1 cpus 25-31,33-39,41-47
0: mpibind: task   2 nths 21 gpus 2 cpus 49-55,57-63,65-71
0: mpibind: task   3 nths 21 gpus 3 cpus 73-79,81-87,89-95
0: 0.121s: flux-shell[54]: mpibind: 
0: mpibind: task   0 nths 21 gpus 0 cpus 1-7,9-15,17-23
0: mpibind: task   1 nths 21 gpus 1 cpus 25-31,33-39,41-47
0: mpibind: task   2 nths 21 gpus 2 cpus 49-55,57-63,65-71
0: mpibind: task   3 nths 21 gpus 3 cpus 73-79,81-87,89-95
0: 0.115s: flux-shell[52]: mpibind: 
0: mpibind: task   0 nths 21 gpus 0 cpus 1-7,9-15,17-23
0: mpibind: task   1 nths 21 gpus 1 cpus 25-31,33-39,41-47
0: mpibind: task   2 nths 21 gpus 2 cpus 49-55,57-63,65-71
0: mpibind: task   3 nths 21 gpus 3 cpus 73-79,81-87,89-95
0: 0.119s: flux-shell[47]: mpibind: 
0: mpibind: task   0 nths 21 gpus 0 cpus 1-7,9-15,17-23
0: mpibind: task   1 nths 21 gpus 1 cpus 25-31,33-39,41-47
0: mpibind: task   2 nths 21 gpus 2 cpus 49-55,57-63,65-71
0: mpibind: task   3 nths 21 gpus 3 cpus 73-79,81-87,89-95
0: 0.117s: flux-shell[57]: mpibind: 
0: mpibind: task   0 nths 21 gpus 0 cpus 1-7,9-15,17-23
0: mpibind: task   1 nths 21 gpus 1 cpus 25-31,33-39,41-47
0: mpibind: task   2 nths 21 gpus 2 cpus 49-55,57-63,65-71
0: mpibind: task   3 nths 21 gpus 3 cpus 73-79,81-87,89-95
0: 0.118s: flux-shell[56]: mpibind: 
0: mpibind: task   0 nths 21 gpus 0 cpus 1-7,9-15,17-23
0: mpibind: task   1 nths 21 gpus 1 cpus 25-31,33-39,41-47
0: mpibind: task   2 nths 21 gpus 2 cpus 49-55,57-63,65-71
0: mpibind: task   3 nths 21 gpus 3 cpus 73-79,81-87,89-95
0: 0.130s: flux-shell[63]: mpibind: 
0: mpibind: task   0 nths 21 gpus 0 cpus 1-7,9-15,17-23
0: mpibind: task   1 nths 21 gpus 1 cpus 25-31,33-39,41-47
0: mpibind: task   2 nths 21 gpus 2 cpus 49-55,57-63,65-71
0: mpibind: task   3 nths 21 gpus 3 cpus 73-79,81-87,89-95
0: 0.133s: flux-shell[62]: mpibind: 
0: mpibind: task   0 nths 21 gpus 0 cpus 1-7,9-15,17-23
0: mpibind: task   1 nths 21 gpus 1 cpus 25-31,33-39,41-47
0: mpibind: task   2 nths 21 gpus 2 cpus 49-55,57-63,65-71
0: mpibind: task   3 nths 21 gpus 3 cpus 73-79,81-87,89-95
0: jobid: fvUEGfZZ
0: 0.114s: flux-shell[3]: mpibind: 
0: mpibind: task   0 nths 21 gpus 0 cpus 1-7,9-15,17-23
0: mpibind: task   1 nths 21 gpus 1 cpus 25-31,33-39,41-47
0: mpibind: task   2 nths 21 gpus 2 cpus 49-55,57-63,65-71
0: mpibind: task   3 nths 21 gpus 3 cpus 73-79,81-87,89-95
0: 0.107s: flux-shell[1]: mpibind: 
0: mpibind: task   0 nths 21 gpus 0 cpus 1-7,9-15,17-23
0: mpibind: task   1 nths 21 gpus 1 cpus 25-31,33-39,41-47
0: mpibind: task   2 nths 21 gpus 2 cpus 49-55,57-63,65-71
0: mpibind: task   3 nths 21 gpus 3 cpus 73-79,81-87,89-95
0: 0.113s: flux-shell[5]: mpibind: 
0: mpibind: task   0 nths 21 gpus 0 cpus 1-7,9-15,17-23
0: mpibind: task   1 nths 21 gpus 1 cpus 25-31,33-39,41-47
0: mpibind: task   2 nths 21 gpus 2 cpus 49-55,57-63,65-71
0: mpibind: task   3 nths 21 gpus 3 cpus 73-79,81-87,89-95
0: 0.109s: flux-shell[0]: mpibind: 
0: mpibind: task   0 nths 21 gpus 0 cpus 1-7,9-15,17-23
0: mpibind: task   1 nths 21 gpus 1 cpus 25-31,33-39,41-47
0: mpibind: task   2 nths 21 gpus 2 cpus 49-55,57-63,65-71
0: mpibind: task   3 nths 21 gpus 3 cpus 73-79,81-87,89-95
0: 0.106s: flux-shell[4]: mpibind: 
0: mpibind: task   0 nths 21 gpus 0 cpus 1-7,9-15,17-23
0: mpibind: task   1 nths 21 gpus 1 cpus 25-31,33-39,41-47
0: mpibind: task   2 nths 21 gpus 2 cpus 49-55,57-63,65-71
0: mpibind: task   3 nths 21 gpus 3 cpus 73-79,81-87,89-95
0: 0.113s: flux-shell[6]: mpibind: 
0: mpibind: task   0 nths 21 gpus 0 cpus 1-7,9-15,17-23
0: mpibind: task   1 nths 21 gpus 1 cpus 25-31,33-39,41-47
0: mpibind: task   2 nths 21 gpus 2 cpus 49-55,57-63,65-71
0: mpibind: task   3 nths 21 gpus 3 cpus 73-79,81-87,89-95
0: 0.110s: flux-shell[2]: mpibind: 
0: mpibind: task   0 nths 21 gpus 0 cpus 1-7,9-15,17-23
0: mpibind: task   1 nths 21 gpus 1 cpus 25-31,33-39,41-47
0: mpibind: task   2 nths 21 gpus 2 cpus 49-55,57-63,65-71
0: mpibind: task   3 nths 21 gpus 3 cpus 73-79,81-87,89-95
0: 0.112s: flux-shell[15]: mpibind: 
0: mpibind: task   0 nths 21 gpus 0 cpus 1-7,9-15,17-23
0: mpibind: task   1 nths 21 gpus 1 cpus 25-31,33-39,41-47
0: mpibind: task   2 nths 21 gpus 2 cpus 49-55,57-63,65-71
0: mpibind: task   3 nths 21 gpus 3 cpus 73-79,81-87,89-95
0: 0.118s: flux-shell[7]: mpibind: 
0: mpibind: task   0 nths 21 gpus 0 cpus 1-7,9-15,17-23
0: mpibind: task   1 nths 21 gpus 1 cpus 25-31,33-39,41-47
0: mpibind: task   2 nths 21 gpus 2 cpus 49-55,57-63,65-71
0: mpibind: task   3 nths 21 gpus 3 cpus 73-79,81-87,89-95
0: 0.109s: flux-shell[8]: mpibind: 
0: mpibind: task   0 nths 21 gpus 0 cpus 1-7,9-15,17-23
0: mpibind: task   1 nths 21 gpus 1 cpus 25-31,33-39,41-47
0: mpibind: task   2 nths 21 gpus 2 cpus 49-55,57-63,65-71
0: mpibind: task   3 nths 21 gpus 3 cpus 73-79,81-87,89-95
0: 0.111s: flux-shell[9]: mpibind: 
0: mpibind: task   0 nths 21 gpus 0 cpus 1-7,9-15,17-23
0: mpibind: task   1 nths 21 gpus 1 cpus 25-31,33-39,41-47
0: mpibind: task   2 nths 21 gpus 2 cpus 49-55,57-63,65-71
0: mpibind: task   3 nths 21 gpus 3 cpus 73-79,81-87,89-95
0: 0.115s: flux-shell[10]: mpibind: 
0: mpibind: task   0 nths 21 gpus 0 cpus 1-7,9-15,17-23
0: mpibind: task   1 nths 21 gpus 1 cpus 25-31,33-39,41-47
0: mpibind: task   2 nths 21 gpus 2 cpus 49-55,57-63,65-71
0: mpibind: task   3 nths 21 gpus 3 cpus 73-79,81-87,89-95
0: 0.115s: flux-shell[11]: mpibind: 
0: mpibind: task   0 nths 21 gpus 0 cpus 1-7,9-15,17-23
0: mpibind: task   1 nths 21 gpus 1 cpus 25-31,33-39,41-47
0: mpibind: task   2 nths 21 gpus 2 cpus 49-55,57-63,65-71
0: mpibind: task   3 nths 21 gpus 3 cpus 73-79,81-87,89-95
0: 0.110s: flux-shell[12]: mpibind: 
0: mpibind: task   0 nths 21 gpus 0 cpus 1-7,9-15,17-23
0: mpibind: task   1 nths 21 gpus 1 cpus 25-31,33-39,41-47
0: mpibind: task   2 nths 21 gpus 2 cpus 49-55,57-63,65-71
0: mpibind: task   3 nths 21 gpus 3 cpus 73-79,81-87,89-95
0: 0.120s: flux-shell[13]: mpibind: 
0: mpibind: task   0 nths 21 gpus 0 cpus 1-7,9-15,17-23
0: mpibind: task   1 nths 21 gpus 1 cpus 25-31,33-39,41-47
0: mpibind: task   2 nths 21 gpus 2 cpus 49-55,57-63,65-71
0: mpibind: task   3 nths 21 gpus 3 cpus 73-79,81-87,89-95
0: 0.110s: flux-shell[14]: mpibind: 
0: mpibind: task   0 nths 21 gpus 0 cpus 1-7,9-15,17-23
0: mpibind: task   1 nths 21 gpus 1 cpus 25-31,33-39,41-47
0: mpibind: task   2 nths 21 gpus 2 cpus 49-55,57-63,65-71
0: mpibind: task   3 nths 21 gpus 3 cpus 73-79,81-87,89-95
0: 0.127s: flux-shell[32]: mpibind: 
0: mpibind: task   0 nths 21 gpus 0 cpus 1-7,9-15,17-23
0: mpibind: task   1 nths 21 gpus 1 cpus 25-31,33-39,41-47
0: mpibind: task   2 nths 21 gpus 2 cpus 49-55,57-63,65-71
0: mpibind: task   3 nths 21 gpus 3 cpus 73-79,81-87,89-95
0: 0.119s: flux-shell[31]: mpibind: 
0: mpibind: task   0 nths 21 gpus 0 cpus 1-7,9-15,17-23
0: mpibind: task   1 nths 21 gpus 1 cpus 25-31,33-39,41-47
0: mpibind: task   2 nths 21 gpus 2 cpus 49-55,57-63,65-71
0: mpibind: task   3 nths 21 gpus 3 cpus 73-79,81-87,89-95
0: 0.124s: flux-shell[30]: mpibind: 
0: mpibind: task   0 nths 21 gpus 0 cpus 1-7,9-15,17-23
0: mpibind: task   1 nths 21 gpus 1 cpus 25-31,33-39,41-47
0: mpibind: task   2 nths 21 gpus 2 cpus 49-55,57-63,65-71
0: mpibind: task   3 nths 21 gpus 3 cpus 73-79,81-87,89-95
0: 0.117s: flux-shell[29]: mpibind: 
0: mpibind: task   0 nths 21 gpus 0 cpus 1-7,9-15,17-23
0: mpibind: task   1 nths 21 gpus 1 cpus 25-31,33-39,41-47
0: mpibind: task   2 nths 21 gpus 2 cpus 49-55,57-63,65-71
0: mpibind: task   3 nths 21 gpus 3 cpus 73-79,81-87,89-95
0: 0.116s: flux-shell[16]: mpibind: 
0: mpibind: task   0 nths 21 gpus 0 cpus 1-7,9-15,17-23
0: mpibind: task   1 nths 21 gpus 1 cpus 25-31,33-39,41-47
0: mpibind: task   2 nths 21 gpus 2 cpus 49-55,57-63,65-71
0: mpibind: task   3 nths 21 gpus 3 cpus 73-79,81-87,89-95
0: 0.112s: flux-shell[17]: mpibind: 
0: mpibind: task   0 nths 21 gpus 0 cpus 1-7,9-15,17-23
0: mpibind: task   1 nths 21 gpus 1 cpus 25-31,33-39,41-47
0: mpibind: task   2 nths 21 gpus 2 cpus 49-55,57-63,65-71
0: mpibind: task   3 nths 21 gpus 3 cpus 73-79,81-87,89-95
0: 0.117s: flux-shell[18]: mpibind: 
0: mpibind: task   0 nths 21 gpus 0 cpus 1-7,9-15,17-23
0: mpibind: task   1 nths 21 gpus 1 cpus 25-31,33-39,41-47
0: mpibind: task   2 nths 21 gpus 2 cpus 49-55,57-63,65-71
0: mpibind: task   3 nths 21 gpus 3 cpus 73-79,81-87,89-95
0: 0.115s: flux-shell[19]: mpibind: 
0: mpibind: task   0 nths 21 gpus 0 cpus 1-7,9-15,17-23
0: mpibind: task   1 nths 21 gpus 1 cpus 25-31,33-39,41-47
0: mpibind: task   2 nths 21 gpus 2 cpus 49-55,57-63,65-71
0: mpibind: task   3 nths 21 gpus 3 cpus 73-79,81-87,89-95
0: 0.115s: flux-shell[20]: mpibind: 
0: mpibind: task   0 nths 21 gpus 0 cpus 1-7,9-15,17-23
0: mpibind: task   1 nths 21 gpus 1 cpus 25-31,33-39,41-47
0: mpibind: task   2 nths 21 gpus 2 cpus 49-55,57-63,65-71
0: mpibind: task   3 nths 21 gpus 3 cpus 73-79,81-87,89-95
0: 0.126s: flux-shell[21]: mpibind: 
0: mpibind: task   0 nths 21 gpus 0 cpus 1-7,9-15,17-23
0: mpibind: task   1 nths 21 gpus 1 cpus 25-31,33-39,41-47
0: mpibind: task   2 nths 21 gpus 2 cpus 49-55,57-63,65-71
0: mpibind: task   3 nths 21 gpus 3 cpus 73-79,81-87,89-95
0: 0.119s: flux-shell[22]: mpibind: 
0: mpibind: task   0 nths 21 gpus 0 cpus 1-7,9-15,17-23
0: mpibind: task   1 nths 21 gpus 1 cpus 25-31,33-39,41-47
0: mpibind: task   2 nths 21 gpus 2 cpus 49-55,57-63,65-71
0: mpibind: task   3 nths 21 gpus 3 cpus 73-79,81-87,89-95
0: 0.124s: flux-shell[23]: mpibind: 
0: mpibind: task   0 nths 21 gpus 0 cpus 1-7,9-15,17-23
0: mpibind: task   1 nths 21 gpus 1 cpus 25-31,33-39,41-47
0: mpibind: task   2 nths 21 gpus 2 cpus 49-55,57-63,65-71
0: mpibind: task   3 nths 21 gpus 3 cpus 73-79,81-87,89-95
0: 0.121s: flux-shell[24]: mpibind: 
0: mpibind: task   0 nths 21 gpus 0 cpus 1-7,9-15,17-23
0: mpibind: task   1 nths 21 gpus 1 cpus 25-31,33-39,41-47
0: mpibind: task   2 nths 21 gpus 2 cpus 49-55,57-63,65-71
0: mpibind: task   3 nths 21 gpus 3 cpus 73-79,81-87,89-95
0: 0.123s: flux-shell[25]: mpibind: 
0: mpibind: task   0 nths 21 gpus 0 cpus 1-7,9-15,17-23
0: mpibind: task   1 nths 21 gpus 1 cpus 25-31,33-39,41-47
0: mpibind: task   2 nths 21 gpus 2 cpus 49-55,57-63,65-71
0: mpibind: task   3 nths 21 gpus 3 cpus 73-79,81-87,89-95
0: 0.120s: flux-shell[26]: mpibind: 
0: mpibind: task   0 nths 21 gpus 0 cpus 1-7,9-15,17-23
0: mpibind: task   1 nths 21 gpus 1 cpus 25-31,33-39,41-47
0: mpibind: task   2 nths 21 gpus 2 cpus 49-55,57-63,65-71
0: mpibind: task   3 nths 21 gpus 3 cpus 73-79,81-87,89-95
0: 0.122s: flux-shell[27]: mpibind: 
0: mpibind: task   0 nths 21 gpus 0 cpus 1-7,9-15,17-23
0: mpibind: task   1 nths 21 gpus 1 cpus 25-31,33-39,41-47
0: mpibind: task   2 nths 21 gpus 2 cpus 49-55,57-63,65-71
0: mpibind: task   3 nths 21 gpus 3 cpus 73-79,81-87,89-95
0: 0.123s: flux-shell[28]: mpibind: 
0: mpibind: task   0 nths 21 gpus 0 cpus 1-7,9-15,17-23
0: mpibind: task   1 nths 21 gpus 1 cpus 25-31,33-39,41-47
0: mpibind: task   2 nths 21 gpus 2 cpus 49-55,57-63,65-71
0: mpibind: task   3 nths 21 gpus 3 cpus 73-79,81-87,89-95
0: 0.116s: flux-shell[37]: mpibind: 
0: mpibind: task   0 nths 21 gpus 0 cpus 1-7,9-15,17-23
0: mpibind: task   1 nths 21 gpus 1 cpus 25-31,33-39,41-47
0: mpibind: task   2 nths 21 gpus 2 cpus 49-55,57-63,65-71
0: mpibind: task   3 nths 21 gpus 3 cpus 73-79,81-87,89-95
0: 0.114s: flux-shell[33]: mpibind: 
0: mpibind: task   0 nths 21 gpus 0 cpus 1-7,9-15,17-23
0: mpibind: task   1 nths 21 gpus 1 cpus 25-31,33-39,41-47
0: mpibind: task   2 nths 21 gpus 2 cpus 49-55,57-63,65-71
0: mpibind: task   3 nths 21 gpus 3 cpus 73-79,81-87,89-95
0: 0.116s: flux-shell[34]: mpibind: 
0: mpibind: task   0 nths 21 gpus 0 cpus 1-7,9-15,17-23
0: mpibind: task   1 nths 21 gpus 1 cpus 25-31,33-39,41-47
0: mpibind: task   2 nths 21 gpus 2 cpus 49-55,57-63,65-71
0: mpibind: task   3 nths 21 gpus 3 cpus 73-79,81-87,89-95
0: 0.117s: flux-shell[35]: mpibind: 
0: mpibind: task   0 nths 21 gpus 0 cpus 1-7,9-15,17-23
0: mpibind: task   1 nths 21 gpus 1 cpus 25-31,33-39,41-47
0: mpibind: task   2 nths 21 gpus 2 cpus 49-55,57-63,65-71
0: mpibind: task   3 nths 21 gpus 3 cpus 73-79,81-87,89-95
0: 0.118s: flux-shell[36]: mpibind: 
0: mpibind: task   0 nths 21 gpus 0 cpus 1-7,9-15,17-23
0: mpibind: task   1 nths 21 gpus 1 cpus 25-31,33-39,41-47
0: mpibind: task   2 nths 21 gpus 2 cpus 49-55,57-63,65-71
0: mpibind: task   3 nths 21 gpus 3 cpus 73-79,81-87,89-95
0: 0.118s: flux-shell[38]: mpibind: 
0: mpibind: task   0 nths 21 gpus 0 cpus 1-7,9-15,17-23
0: mpibind: task   1 nths 21 gpus 1 cpus 25-31,33-39,41-47
0: mpibind: task   2 nths 21 gpus 2 cpus 49-55,57-63,65-71
0: mpibind: task   3 nths 21 gpus 3 cpus 73-79,81-87,89-95
0: 0.114s: flux-shell[39]: mpibind: 
0: mpibind: task   0 nths 21 gpus 0 cpus 1-7,9-15,17-23
0: mpibind: task   1 nths 21 gpus 1 cpus 25-31,33-39,41-47
0: mpibind: task   2 nths 21 gpus 2 cpus 49-55,57-63,65-71
0: mpibind: task   3 nths 21 gpus 3 cpus 73-79,81-87,89-95
0: 0.117s: flux-shell[40]: mpibind: 
0: mpibind: task   0 nths 21 gpus 0 cpus 1-7,9-15,17-23
0: mpibind: task   1 nths 21 gpus 1 cpus 25-31,33-39,41-47
0: mpibind: task   2 nths 21 gpus 2 cpus 49-55,57-63,65-71
0: mpibind: task   3 nths 21 gpus 3 cpus 73-79,81-87,89-95
0: 0.127s: flux-shell[41]: mpibind: 
0: mpibind: task   0 nths 21 gpus 0 cpus 1-7,9-15,17-23
0: mpibind: task   1 nths 21 gpus 1 cpus 25-31,33-39,41-47
0: mpibind: task   2 nths 21 gpus 2 cpus 49-55,57-63,65-71
0: mpibind: task   3 nths 21 gpus 3 cpus 73-79,81-87,89-95
0: 0.114s: flux-shell[42]: mpibind: 
0: mpibind: task   0 nths 21 gpus 0 cpus 1-7,9-15,17-23
0: mpibind: task   1 nths 21 gpus 1 cpus 25-31,33-39,41-47
0: mpibind: task   2 nths 21 gpus 2 cpus 49-55,57-63,65-71
0: mpibind: task   3 nths 21 gpus 3 cpus 73-79,81-87,89-95
0: 0.114s: flux-shell[44]: mpibind: 
0: mpibind: task   0 nths 21 gpus 0 cpus 1-7,9-15,17-23
0: mpibind: task   1 nths 21 gpus 1 cpus 25-31,33-39,41-47
0: mpibind: task   2 nths 21 gpus 2 cpus 49-55,57-63,65-71
0: mpibind: task   3 nths 21 gpus 3 cpus 73-79,81-87,89-95
0: 0.124s: flux-shell[46]: mpibind: 
0: mpibind: task   0 nths 21 gpus 0 cpus 1-7,9-15,17-23
0: mpibind: task   1 nths 21 gpus 1 cpus 25-31,33-39,41-47
0: mpibind: task   2 nths 21 gpus 2 cpus 49-55,57-63,65-71
0: mpibind: task   3 nths 21 gpus 3 cpus 73-79,81-87,89-95
0: 0.115s: flux-shell[48]: mpibind: 
0: mpibind: task   0 nths 21 gpus 0 cpus 1-7,9-15,17-23
0: mpibind: task   1 nths 21 gpus 1 cpus 25-31,33-39,41-47
0: mpibind: task   2 nths 21 gpus 2 cpus 49-55,57-63,65-71
0: mpibind: task   3 nths 21 gpus 3 cpus 73-79,81-87,89-95
0: 0.122s: flux-shell[49]: mpibind: 
0: mpibind: task   0 nths 21 gpus 0 cpus 1-7,9-15,17-23
0: mpibind: task   1 nths 21 gpus 1 cpus 25-31,33-39,41-47
0: mpibind: task   2 nths 21 gpus 2 cpus 49-55,57-63,65-71
0: mpibind: task   3 nths 21 gpus 3 cpus 73-79,81-87,89-95
0: 0.121s: flux-shell[50]: mpibind: 
0: mpibind: task   0 nths 21 gpus 0 cpus 1-7,9-15,17-23
0: mpibind: task   1 nths 21 gpus 1 cpus 25-31,33-39,41-47
0: mpibind: task   2 nths 21 gpus 2 cpus 49-55,57-63,65-71
0: mpibind: task   3 nths 21 gpus 3 cpus 73-79,81-87,89-95
0: 0.126s: flux-shell[53]: mpibind: 
0: mpibind: task   0 nths 21 gpus 0 cpus 1-7,9-15,17-23
0: mpibind: task   1 nths 21 gpus 1 cpus 25-31,33-39,41-47
0: mpibind: task   2 nths 21 gpus 2 cpus 49-55,57-63,65-71
0: mpibind: task   3 nths 21 gpus 3 cpus 73-79,81-87,89-95
0: 0.123s: flux-shell[43]: mpibind: 
0: mpibind: task   0 nths 21 gpus 0 cpus 1-7,9-15,17-23
0: mpibind: task   1 nths 21 gpus 1 cpus 25-31,33-39,41-47
0: mpibind: task   2 nths 21 gpus 2 cpus 49-55,57-63,65-71
0: mpibind: task   3 nths 21 gpus 3 cpus 73-79,81-87,89-95
0: 0.119s: flux-shell[45]: mpibind: 
0: mpibind: task   0 nths 21 gpus 0 cpus 1-7,9-15,17-23
0: mpibind: task   1 nths 21 gpus 1 cpus 25-31,33-39,41-47
0: mpibind: task   2 nths 21 gpus 2 cpus 49-55,57-63,65-71
0: mpibind: task   3 nths 21 gpus 3 cpus 73-79,81-87,89-95
0: 0.121s: flux-shell[51]: mpibind: 
0: mpibind: task   0 nths 21 gpus 0 cpus 1-7,9-15,17-23
0: mpibind: task   1 nths 21 gpus 1 cpus 25-31,33-39,41-47
0: mpibind: task   2 nths 21 gpus 2 cpus 49-55,57-63,65-71
0: mpibind: task   3 nths 21 gpus 3 cpus 73-79,81-87,89-95
0: 0.119s: flux-shell[52]: mpibind: 
0: mpibind: task   0 nths 21 gpus 0 cpus 1-7,9-15,17-23
0: mpibind: task   1 nths 21 gpus 1 cpus 25-31,33-39,41-47
0: mpibind: task   2 nths 21 gpus 2 cpus 49-55,57-63,65-71
0: mpibind: task   3 nths 21 gpus 3 cpus 73-79,81-87,89-95
0: 0.120s: flux-shell[47]: mpibind: 
0: mpibind: task   0 nths 21 gpus 0 cpus 1-7,9-15,17-23
0: mpibind: task   1 nths 21 gpus 1 cpus 25-31,33-39,41-47
0: mpibind: task   2 nths 21 gpus 2 cpus 49-55,57-63,65-71
0: mpibind: task   3 nths 21 gpus 3 cpus 73-79,81-87,89-95
0: 0.123s: flux-shell[54]: mpibind: 
0: mpibind: task   0 nths 21 gpus 0 cpus 1-7,9-15,17-23
0: mpibind: task   1 nths 21 gpus 1 cpus 25-31,33-39,41-47
0: mpibind: task   2 nths 21 gpus 2 cpus 49-55,57-63,65-71
0: mpibind: task   3 nths 21 gpus 3 cpus 73-79,81-87,89-95
0: 0.129s: flux-shell[55]: mpibind: 
0: mpibind: task   0 nths 21 gpus 0 cpus 1-7,9-15,17-23
0: mpibind: task   1 nths 21 gpus 1 cpus 25-31,33-39,41-47
0: mpibind: task   2 nths 21 gpus 2 cpus 49-55,57-63,65-71
0: mpibind: task   3 nths 21 gpus 3 cpus 73-79,81-87,89-95
0: 0.118s: flux-shell[60]: mpibind: 
0: mpibind: task   0 nths 21 gpus 0 cpus 1-7,9-15,17-23
0: mpibind: task   1 nths 21 gpus 1 cpus 25-31,33-39,41-47
0: mpibind: task   2 nths 21 gpus 2 cpus 49-55,57-63,65-71
0: mpibind: task   3 nths 21 gpus 3 cpus 73-79,81-87,89-95
0: 0.125s: flux-shell[58]: mpibind: 
0: mpibind: task   0 nths 21 gpus 0 cpus 1-7,9-15,17-23
0: mpibind: task   1 nths 21 gpus 1 cpus 25-31,33-39,41-47
0: mpibind: task   2 nths 21 gpus 2 cpus 49-55,57-63,65-71
0: mpibind: task   3 nths 21 gpus 3 cpus 73-79,81-87,89-95
0: 0.130s: flux-shell[59]: mpibind: 
0: mpibind: task   0 nths 21 gpus 0 cpus 1-7,9-15,17-23
0: mpibind: task   1 nths 21 gpus 1 cpus 25-31,33-39,41-47
0: mpibind: task   2 nths 21 gpus 2 cpus 49-55,57-63,65-71
0: mpibind: task   3 nths 21 gpus 3 cpus 73-79,81-87,89-95
0: 0.116s: flux-shell[56]: mpibind: 
0: mpibind: task   0 nths 21 gpus 0 cpus 1-7,9-15,17-23
0: mpibind: task   1 nths 21 gpus 1 cpus 25-31,33-39,41-47
0: mpibind: task   2 nths 21 gpus 2 cpus 49-55,57-63,65-71
0: mpibind: task   3 nths 21 gpus 3 cpus 73-79,81-87,89-95
0: 0.116s: flux-shell[57]: mpibind: 
0: mpibind: task   0 nths 21 gpus 0 cpus 1-7,9-15,17-23
0: mpibind: task   1 nths 21 gpus 1 cpus 25-31,33-39,41-47
0: mpibind: task   2 nths 21 gpus 2 cpus 49-55,57-63,65-71
0: mpibind: task   3 nths 21 gpus 3 cpus 73-79,81-87,89-95
0: 0.125s: flux-shell[63]: mpibind: 
0: mpibind: task   0 nths 21 gpus 0 cpus 1-7,9-15,17-23
0: mpibind: task   1 nths 21 gpus 1 cpus 25-31,33-39,41-47
0: mpibind: task   2 nths 21 gpus 2 cpus 49-55,57-63,65-71
0: mpibind: task   3 nths 21 gpus 3 cpus 73-79,81-87,89-95
0: 0.118s: flux-shell[61]: mpibind: 
0: mpibind: task   0 nths 21 gpus 0 cpus 1-7,9-15,17-23
0: mpibind: task   1 nths 21 gpus 1 cpus 25-31,33-39,41-47
0: mpibind: task   2 nths 21 gpus 2 cpus 49-55,57-63,65-71
0: mpibind: task   3 nths 21 gpus 3 cpus 73-79,81-87,89-95
0: 0.127s: flux-shell[62]: mpibind: 
0: mpibind: task   0 nths 21 gpus 0 cpus 1-7,9-15,17-23
0: mpibind: task   1 nths 21 gpus 1 cpus 25-31,33-39,41-47
0: mpibind: task   2 nths 21 gpus 2 cpus 49-55,57-63,65-71
0: mpibind: task   3 nths 21 gpus 3 cpus 73-79,81-87,89-95
0: jobid: f24vWy9uh
0: 0.104s: flux-shell[3]: mpibind: 
0: mpibind: task   0 nths 21 gpus 0 cpus 1-7,9-15,17-23
0: mpibind: task   1 nths 21 gpus 1 cpus 25-31,33-39,41-47
0: mpibind: task   2 nths 21 gpus 2 cpus 49-55,57-63,65-71
0: mpibind: task   3 nths 21 gpus 3 cpus 73-79,81-87,89-95
0: 0.102s: flux-shell[1]: mpibind: 
0: mpibind: task   0 nths 21 gpus 0 cpus 1-7,9-15,17-23
0: mpibind: task   1 nths 21 gpus 1 cpus 25-31,33-39,41-47
0: mpibind: task   2 nths 21 gpus 2 cpus 49-55,57-63,65-71
0: mpibind: task   3 nths 21 gpus 3 cpus 73-79,81-87,89-95
0: 0.099s: flux-shell[4]: mpibind: 
0: mpibind: task   0 nths 21 gpus 0 cpus 1-7,9-15,17-23
0: mpibind: task   1 nths 21 gpus 1 cpus 25-31,33-39,41-47
0: mpibind: task   2 nths 21 gpus 2 cpus 49-55,57-63,65-71
0: mpibind: task   3 nths 21 gpus 3 cpus 73-79,81-87,89-95
0: 0.107s: flux-shell[5]: mpibind: 
0: mpibind: task   0 nths 21 gpus 0 cpus 1-7,9-15,17-23
0: mpibind: task   1 nths 21 gpus 1 cpus 25-31,33-39,41-47
0: mpibind: task   2 nths 21 gpus 2 cpus 49-55,57-63,65-71
0: mpibind: task   3 nths 21 gpus 3 cpus 73-79,81-87,89-95
0: 0.099s: flux-shell[6]: mpibind: 
0: mpibind: task   0 nths 21 gpus 0 cpus 1-7,9-15,17-23
0: mpibind: task   1 nths 21 gpus 1 cpus 25-31,33-39,41-47
0: mpibind: task   2 nths 21 gpus 2 cpus 49-55,57-63,65-71
0: mpibind: task   3 nths 21 gpus 3 cpus 73-79,81-87,89-95
0: 0.096s: flux-shell[0]: mpibind: 
0: mpibind: task   0 nths 21 gpus 0 cpus 1-7,9-15,17-23
0: mpibind: task   1 nths 21 gpus 1 cpus 25-31,33-39,41-47
0: mpibind: task   2 nths 21 gpus 2 cpus 49-55,57-63,65-71
0: mpibind: task   3 nths 21 gpus 3 cpus 73-79,81-87,89-95
0: 0.102s: flux-shell[2]: mpibind: 
0: mpibind: task   0 nths 21 gpus 0 cpus 1-7,9-15,17-23
0: mpibind: task   1 nths 21 gpus 1 cpus 25-31,33-39,41-47
0: mpibind: task   2 nths 21 gpus 2 cpus 49-55,57-63,65-71
0: mpibind: task   3 nths 21 gpus 3 cpus 73-79,81-87,89-95
0: 0.100s: flux-shell[8]: mpibind: 
0: mpibind: task   0 nths 21 gpus 0 cpus 1-7,9-15,17-23
0: mpibind: task   1 nths 21 gpus 1 cpus 25-31,33-39,41-47
0: mpibind: task   2 nths 21 gpus 2 cpus 49-55,57-63,65-71
0: mpibind: task   3 nths 21 gpus 3 cpus 73-79,81-87,89-95
0: 0.101s: flux-shell[7]: mpibind: 
0: mpibind: task   0 nths 21 gpus 0 cpus 1-7,9-15,17-23
0: mpibind: task   1 nths 21 gpus 1 cpus 25-31,33-39,41-47
0: mpibind: task   2 nths 21 gpus 2 cpus 49-55,57-63,65-71
0: mpibind: task   3 nths 21 gpus 3 cpus 73-79,81-87,89-95
0: 0.101s: flux-shell[9]: mpibind: 
0: mpibind: task   0 nths 21 gpus 0 cpus 1-7,9-15,17-23
0: mpibind: task   1 nths 21 gpus 1 cpus 25-31,33-39,41-47
0: mpibind: task   2 nths 21 gpus 2 cpus 49-55,57-63,65-71
0: mpibind: task   3 nths 21 gpus 3 cpus 73-79,81-87,89-95
0: 0.099s: flux-shell[10]: mpibind: 
0: mpibind: task   0 nths 21 gpus 0 cpus 1-7,9-15,17-23
0: mpibind: task   1 nths 21 gpus 1 cpus 25-31,33-39,41-47
0: mpibind: task   2 nths 21 gpus 2 cpus 49-55,57-63,65-71
0: mpibind: task   3 nths 21 gpus 3 cpus 73-79,81-87,89-95
0: 0.108s: flux-shell[11]: mpibind: 
0: mpibind: task   0 nths 21 gpus 0 cpus 1-7,9-15,17-23
0: mpibind: task   1 nths 21 gpus 1 cpus 25-31,33-39,41-47
0: mpibind: task   2 nths 21 gpus 2 cpus 49-55,57-63,65-71
0: mpibind: task   3 nths 21 gpus 3 cpus 73-79,81-87,89-95
0: 0.109s: flux-shell[12]: mpibind: 
0: mpibind: task   0 nths 21 gpus 0 cpus 1-7,9-15,17-23
0: mpibind: task   1 nths 21 gpus 1 cpus 25-31,33-39,41-47
0: mpibind: task   2 nths 21 gpus 2 cpus 49-55,57-63,65-71
0: mpibind: task   3 nths 21 gpus 3 cpus 73-79,81-87,89-95
0: 0.111s: flux-shell[13]: mpibind: 
0: mpibind: task   0 nths 21 gpus 0 cpus 1-7,9-15,17-23
0: mpibind: task   1 nths 21 gpus 1 cpus 25-31,33-39,41-47
0: mpibind: task   2 nths 21 gpus 2 cpus 49-55,57-63,65-71
0: mpibind: task   3 nths 21 gpus 3 cpus 73-79,81-87,89-95
0: 0.112s: flux-shell[14]: mpibind: 
0: mpibind: task   0 nths 21 gpus 0 cpus 1-7,9-15,17-23
0: mpibind: task   1 nths 21 gpus 1 cpus 25-31,33-39,41-47
0: mpibind: task   2 nths 21 gpus 2 cpus 49-55,57-63,65-71
0: mpibind: task   3 nths 21 gpus 3 cpus 73-79,81-87,89-95
0: 0.107s: flux-shell[15]: mpibind: 
0: mpibind: task   0 nths 21 gpus 0 cpus 1-7,9-15,17-23
0: mpibind: task   1 nths 21 gpus 1 cpus 25-31,33-39,41-47
0: mpibind: task   2 nths 21 gpus 2 cpus 49-55,57-63,65-71
0: mpibind: task   3 nths 21 gpus 3 cpus 73-79,81-87,89-95
0: 0.114s: flux-shell[32]: mpibind: 
0: mpibind: task   0 nths 21 gpus 0 cpus 1-7,9-15,17-23
0: mpibind: task   1 nths 21 gpus 1 cpus 25-31,33-39,41-47
0: mpibind: task   2 nths 21 gpus 2 cpus 49-55,57-63,65-71
0: mpibind: task   3 nths 21 gpus 3 cpus 73-79,81-87,89-95
0: 0.112s: flux-shell[31]: mpibind: 
0: mpibind: task   0 nths 21 gpus 0 cpus 1-7,9-15,17-23
0: mpibind: task   1 nths 21 gpus 1 cpus 25-31,33-39,41-47
0: mpibind: task   2 nths 21 gpus 2 cpus 49-55,57-63,65-71
0: mpibind: task   3 nths 21 gpus 3 cpus 73-79,81-87,89-95
0: 0.117s: flux-shell[30]: mpibind: 
0: mpibind: task   0 nths 21 gpus 0 cpus 1-7,9-15,17-23
0: mpibind: task   1 nths 21 gpus 1 cpus 25-31,33-39,41-47
0: mpibind: task   2 nths 21 gpus 2 cpus 49-55,57-63,65-71
0: mpibind: task   3 nths 21 gpus 3 cpus 73-79,81-87,89-95
0: 0.114s: flux-shell[29]: mpibind: 
0: mpibind: task   0 nths 21 gpus 0 cpus 1-7,9-15,17-23
0: mpibind: task   1 nths 21 gpus 1 cpus 25-31,33-39,41-47
0: mpibind: task   2 nths 21 gpus 2 cpus 49-55,57-63,65-71
0: mpibind: task   3 nths 21 gpus 3 cpus 73-79,81-87,89-95
0: 0.115s: flux-shell[28]: mpibind: 
0: mpibind: task   0 nths 21 gpus 0 cpus 1-7,9-15,17-23
0: mpibind: task   1 nths 21 gpus 1 cpus 25-31,33-39,41-47
0: mpibind: task   2 nths 21 gpus 2 cpus 49-55,57-63,65-71
0: mpibind: task   3 nths 21 gpus 3 cpus 73-79,81-87,89-95
0: 0.105s: flux-shell[16]: mpibind: 
0: mpibind: task   0 nths 21 gpus 0 cpus 1-7,9-15,17-23
0: mpibind: task   1 nths 21 gpus 1 cpus 25-31,33-39,41-47
0: mpibind: task   2 nths 21 gpus 2 cpus 49-55,57-63,65-71
0: mpibind: task   3 nths 21 gpus 3 cpus 73-79,81-87,89-95
0: 0.103s: flux-shell[17]: mpibind: 
0: mpibind: task   0 nths 21 gpus 0 cpus 1-7,9-15,17-23
0: mpibind: task   1 nths 21 gpus 1 cpus 25-31,33-39,41-47
0: mpibind: task   2 nths 21 gpus 2 cpus 49-55,57-63,65-71
0: mpibind: task   3 nths 21 gpus 3 cpus 73-79,81-87,89-95
0: 0.105s: flux-shell[18]: mpibind: 
0: mpibind: task   0 nths 21 gpus 0 cpus 1-7,9-15,17-23
0: mpibind: task   1 nths 21 gpus 1 cpus 25-31,33-39,41-47
0: mpibind: task   2 nths 21 gpus 2 cpus 49-55,57-63,65-71
0: mpibind: task   3 nths 21 gpus 3 cpus 73-79,81-87,89-95
0: 0.108s: flux-shell[19]: mpibind: 
0: mpibind: task   0 nths 21 gpus 0 cpus 1-7,9-15,17-23
0: mpibind: task   1 nths 21 gpus 1 cpus 25-31,33-39,41-47
0: mpibind: task   2 nths 21 gpus 2 cpus 49-55,57-63,65-71
0: mpibind: task   3 nths 21 gpus 3 cpus 73-79,81-87,89-95
0: 0.110s: flux-shell[20]: mpibind: 
0: mpibind: task   0 nths 21 gpus 0 cpus 1-7,9-15,17-23
0: mpibind: task   1 nths 21 gpus 1 cpus 25-31,33-39,41-47
0: mpibind: task   2 nths 21 gpus 2 cpus 49-55,57-63,65-71
0: mpibind: task   3 nths 21 gpus 3 cpus 73-79,81-87,89-95
0: 0.115s: flux-shell[21]: mpibind: 
0: mpibind: task   0 nths 21 gpus 0 cpus 1-7,9-15,17-23
0: mpibind: task   1 nths 21 gpus 1 cpus 25-31,33-39,41-47
0: mpibind: task   2 nths 21 gpus 2 cpus 49-55,57-63,65-71
0: mpibind: task   3 nths 21 gpus 3 cpus 73-79,81-87,89-95
0: 0.111s: flux-shell[22]: mpibind: 
0: mpibind: task   0 nths 21 gpus 0 cpus 1-7,9-15,17-23
0: mpibind: task   1 nths 21 gpus 1 cpus 25-31,33-39,41-47
0: mpibind: task   2 nths 21 gpus 2 cpus 49-55,57-63,65-71
0: mpibind: task   3 nths 21 gpus 3 cpus 73-79,81-87,89-95
0: 0.113s: flux-shell[23]: mpibind: 
0: mpibind: task   0 nths 21 gpus 0 cpus 1-7,9-15,17-23
0: mpibind: task   1 nths 21 gpus 1 cpus 25-31,33-39,41-47
0: mpibind: task   2 nths 21 gpus 2 cpus 49-55,57-63,65-71
0: mpibind: task   3 nths 21 gpus 3 cpus 73-79,81-87,89-95
0: 0.111s: flux-shell[24]: mpibind: 
0: mpibind: task   0 nths 21 gpus 0 cpus 1-7,9-15,17-23
0: mpibind: task   1 nths 21 gpus 1 cpus 25-31,33-39,41-47
0: mpibind: task   2 nths 21 gpus 2 cpus 49-55,57-63,65-71
0: mpibind: task   3 nths 21 gpus 3 cpus 73-79,81-87,89-95
0: 0.114s: flux-shell[25]: mpibind: 
0: mpibind: task   0 nths 21 gpus 0 cpus 1-7,9-15,17-23
0: mpibind: task   1 nths 21 gpus 1 cpus 25-31,33-39,41-47
0: mpibind: task   2 nths 21 gpus 2 cpus 49-55,57-63,65-71
0: mpibind: task   3 nths 21 gpus 3 cpus 73-79,81-87,89-95
0: 0.113s: flux-shell[26]: mpibind: 
0: mpibind: task   0 nths 21 gpus 0 cpus 1-7,9-15,17-23
0: mpibind: task   1 nths 21 gpus 1 cpus 25-31,33-39,41-47
0: mpibind: task   2 nths 21 gpus 2 cpus 49-55,57-63,65-71
0: mpibind: task   3 nths 21 gpus 3 cpus 73-79,81-87,89-95
0: 0.116s: flux-shell[27]: mpibind: 
0: mpibind: task   0 nths 21 gpus 0 cpus 1-7,9-15,17-23
0: mpibind: task   1 nths 21 gpus 1 cpus 25-31,33-39,41-47
0: mpibind: task   2 nths 21 gpus 2 cpus 49-55,57-63,65-71
0: mpibind: task   3 nths 21 gpus 3 cpus 73-79,81-87,89-95
0: 0.115s: flux-shell[36]: mpibind: 
0: mpibind: task   0 nths 21 gpus 0 cpus 1-7,9-15,17-23
0: mpibind: task   1 nths 21 gpus 1 cpus 25-31,33-39,41-47
0: mpibind: task   2 nths 21 gpus 2 cpus 49-55,57-63,65-71
0: mpibind: task   3 nths 21 gpus 3 cpus 73-79,81-87,89-95
0: 0.111s: flux-shell[34]: mpibind: 
0: mpibind: task   0 nths 21 gpus 0 cpus 1-7,9-15,17-23
0: mpibind: task   1 nths 21 gpus 1 cpus 25-31,33-39,41-47
0: mpibind: task   2 nths 21 gpus 2 cpus 49-55,57-63,65-71
0: mpibind: task   3 nths 21 gpus 3 cpus 73-79,81-87,89-95
0: 0.108s: flux-shell[33]: mpibind: 
0: mpibind: task   0 nths 21 gpus 0 cpus 1-7,9-15,17-23
0: mpibind: task   1 nths 21 gpus 1 cpus 25-31,33-39,41-47
0: mpibind: task   2 nths 21 gpus 2 cpus 49-55,57-63,65-71
0: mpibind: task   3 nths 21 gpus 3 cpus 73-79,81-87,89-95
0: 0.110s: flux-shell[37]: mpibind: 
0: mpibind: task   0 nths 21 gpus 0 cpus 1-7,9-15,17-23
0: mpibind: task   1 nths 21 gpus 1 cpus 25-31,33-39,41-47
0: mpibind: task   2 nths 21 gpus 2 cpus 49-55,57-63,65-71
0: mpibind: task   3 nths 21 gpus 3 cpus 73-79,81-87,89-95
0: 0.106s: flux-shell[35]: mpibind: 
0: mpibind: task   0 nths 21 gpus 0 cpus 1-7,9-15,17-23
0: mpibind: task   1 nths 21 gpus 1 cpus 25-31,33-39,41-47
0: mpibind: task   2 nths 21 gpus 2 cpus 49-55,57-63,65-71
0: mpibind: task   3 nths 21 gpus 3 cpus 73-79,81-87,89-95
0: 0.110s: flux-shell[38]: mpibind: 
0: mpibind: task   0 nths 21 gpus 0 cpus 1-7,9-15,17-23
0: mpibind: task   1 nths 21 gpus 1 cpus 25-31,33-39,41-47
0: mpibind: task   2 nths 21 gpus 2 cpus 49-55,57-63,65-71
0: mpibind: task   3 nths 21 gpus 3 cpus 73-79,81-87,89-95
0: 0.111s: flux-shell[39]: mpibind: 
0: mpibind: task   0 nths 21 gpus 0 cpus 1-7,9-15,17-23
0: mpibind: task   1 nths 21 gpus 1 cpus 25-31,33-39,41-47
0: mpibind: task   2 nths 21 gpus 2 cpus 49-55,57-63,65-71
0: mpibind: task   3 nths 21 gpus 3 cpus 73-79,81-87,89-95
0: 0.111s: flux-shell[40]: mpibind: 
0: mpibind: task   0 nths 21 gpus 0 cpus 1-7,9-15,17-23
0: mpibind: task   1 nths 21 gpus 1 cpus 25-31,33-39,41-47
0: mpibind: task   2 nths 21 gpus 2 cpus 49-55,57-63,65-71
0: mpibind: task   3 nths 21 gpus 3 cpus 73-79,81-87,89-95
0: 0.115s: flux-shell[41]: mpibind: 
0: mpibind: task   0 nths 21 gpus 0 cpus 1-7,9-15,17-23
0: mpibind: task   1 nths 21 gpus 1 cpus 25-31,33-39,41-47
0: mpibind: task   2 nths 21 gpus 2 cpus 49-55,57-63,65-71
0: mpibind: task   3 nths 21 gpus 3 cpus 73-79,81-87,89-95
0: 0.106s: flux-shell[42]: mpibind: 
0: mpibind: task   0 nths 21 gpus 0 cpus 1-7,9-15,17-23
0: mpibind: task   1 nths 21 gpus 1 cpus 25-31,33-39,41-47
0: mpibind: task   2 nths 21 gpus 2 cpus 49-55,57-63,65-71
0: mpibind: task   3 nths 21 gpus 3 cpus 73-79,81-87,89-95
0: 0.106s: flux-shell[44]: mpibind: 
0: mpibind: task   0 nths 21 gpus 0 cpus 1-7,9-15,17-23
0: mpibind: task   1 nths 21 gpus 1 cpus 25-31,33-39,41-47
0: mpibind: task   2 nths 21 gpus 2 cpus 49-55,57-63,65-71
0: mpibind: task   3 nths 21 gpus 3 cpus 73-79,81-87,89-95
0: 0.119s: flux-shell[46]: mpibind: 
0: mpibind: task   0 nths 21 gpus 0 cpus 1-7,9-15,17-23
0: mpibind: task   1 nths 21 gpus 1 cpus 25-31,33-39,41-47
0: mpibind: task   2 nths 21 gpus 2 cpus 49-55,57-63,65-71
0: mpibind: task   3 nths 21 gpus 3 cpus 73-79,81-87,89-95
0: 0.112s: flux-shell[48]: mpibind: 
0: mpibind: task   0 nths 21 gpus 0 cpus 1-7,9-15,17-23
0: mpibind: task   1 nths 21 gpus 1 cpus 25-31,33-39,41-47
0: mpibind: task   2 nths 21 gpus 2 cpus 49-55,57-63,65-71
0: mpibind: task   3 nths 21 gpus 3 cpus 73-79,81-87,89-95
0: 0.119s: flux-shell[49]: mpibind: 
0: mpibind: task   0 nths 21 gpus 0 cpus 1-7,9-15,17-23
0: mpibind: task   1 nths 21 gpus 1 cpus 25-31,33-39,41-47
0: mpibind: task   2 nths 21 gpus 2 cpus 49-55,57-63,65-71
0: mpibind: task   3 nths 21 gpus 3 cpus 73-79,81-87,89-95
0: 0.116s: flux-shell[50]: mpibind: 
0: mpibind: task   0 nths 21 gpus 0 cpus 1-7,9-15,17-23
0: mpibind: task   1 nths 21 gpus 1 cpus 25-31,33-39,41-47
0: mpibind: task   2 nths 21 gpus 2 cpus 49-55,57-63,65-71
0: mpibind: task   3 nths 21 gpus 3 cpus 73-79,81-87,89-95
0: 0.115s: flux-shell[51]: mpibind: 
0: mpibind: task   0 nths 21 gpus 0 cpus 1-7,9-15,17-23
0: mpibind: task   1 nths 21 gpus 1 cpus 25-31,33-39,41-47
0: mpibind: task   2 nths 21 gpus 2 cpus 49-55,57-63,65-71
0: mpibind: task   3 nths 21 gpus 3 cpus 73-79,81-87,89-95
0: 0.119s: flux-shell[53]: mpibind: 
0: mpibind: task   0 nths 21 gpus 0 cpus 1-7,9-15,17-23
0: mpibind: task   1 nths 21 gpus 1 cpus 25-31,33-39,41-47
0: mpibind: task   2 nths 21 gpus 2 cpus 49-55,57-63,65-71
0: mpibind: task   3 nths 21 gpus 3 cpus 73-79,81-87,89-95
0: 0.115s: flux-shell[54]: mpibind: 
0: mpibind: task   0 nths 21 gpus 0 cpus 1-7,9-15,17-23
0: mpibind: task   1 nths 21 gpus 1 cpus 25-31,33-39,41-47
0: mpibind: task   2 nths 21 gpus 2 cpus 49-55,57-63,65-71
0: mpibind: task   3 nths 21 gpus 3 cpus 73-79,81-87,89-95
0: 0.109s: flux-shell[43]: mpibind: 
0: mpibind: task   0 nths 21 gpus 0 cpus 1-7,9-15,17-23
0: mpibind: task   1 nths 21 gpus 1 cpus 25-31,33-39,41-47
0: mpibind: task   2 nths 21 gpus 2 cpus 49-55,57-63,65-71
0: mpibind: task   3 nths 21 gpus 3 cpus 73-79,81-87,89-95
0: 0.110s: flux-shell[45]: mpibind: 
0: mpibind: task   0 nths 21 gpus 0 cpus 1-7,9-15,17-23
0: mpibind: task   1 nths 21 gpus 1 cpus 25-31,33-39,41-47
0: mpibind: task   2 nths 21 gpus 2 cpus 49-55,57-63,65-71
0: mpibind: task   3 nths 21 gpus 3 cpus 73-79,81-87,89-95
0: 0.115s: flux-shell[55]: mpibind: 
0: mpibind: task   0 nths 21 gpus 0 cpus 1-7,9-15,17-23
0: mpibind: task   1 nths 21 gpus 1 cpus 25-31,33-39,41-47
0: mpibind: task   2 nths 21 gpus 2 cpus 49-55,57-63,65-71
0: mpibind: task   3 nths 21 gpus 3 cpus 73-79,81-87,89-95
0: 0.116s: flux-shell[52]: mpibind: 
0: mpibind: task   0 nths 21 gpus 0 cpus 1-7,9-15,17-23
0: mpibind: task   1 nths 21 gpus 1 cpus 25-31,33-39,41-47
0: mpibind: task   2 nths 21 gpus 2 cpus 49-55,57-63,65-71
0: mpibind: task   3 nths 21 gpus 3 cpus 73-79,81-87,89-95
0: 0.107s: flux-shell[47]: mpibind: 
0: mpibind: task   0 nths 21 gpus 0 cpus 1-7,9-15,17-23
0: mpibind: task   1 nths 21 gpus 1 cpus 25-31,33-39,41-47
0: mpibind: task   2 nths 21 gpus 2 cpus 49-55,57-63,65-71
0: mpibind: task   3 nths 21 gpus 3 cpus 73-79,81-87,89-95
0: 0.112s: flux-shell[58]: mpibind: 
0: mpibind: task   0 nths 21 gpus 0 cpus 1-7,9-15,17-23
0: mpibind: task   1 nths 21 gpus 1 cpus 25-31,33-39,41-47
0: mpibind: task   2 nths 21 gpus 2 cpus 49-55,57-63,65-71
0: mpibind: task   3 nths 21 gpus 3 cpus 73-79,81-87,89-95
0: 0.116s: flux-shell[56]: mpibind: 
0: mpibind: task   0 nths 21 gpus 0 cpus 1-7,9-15,17-23
0: mpibind: task   1 nths 21 gpus 1 cpus 25-31,33-39,41-47
0: mpibind: task   2 nths 21 gpus 2 cpus 49-55,57-63,65-71
0: mpibind: task   3 nths 21 gpus 3 cpus 73-79,81-87,89-95
0: 0.109s: flux-shell[60]: mpibind: 
0: mpibind: task   0 nths 21 gpus 0 cpus 1-7,9-15,17-23
0: mpibind: task   1 nths 21 gpus 1 cpus 25-31,33-39,41-47
0: mpibind: task   2 nths 21 gpus 2 cpus 49-55,57-63,65-71
0: mpibind: task   3 nths 21 gpus 3 cpus 73-79,81-87,89-95
0: 0.119s: flux-shell[59]: mpibind: 
0: mpibind: task   0 nths 21 gpus 0 cpus 1-7,9-15,17-23
0: mpibind: task   1 nths 21 gpus 1 cpus 25-31,33-39,41-47
0: mpibind: task   2 nths 21 gpus 2 cpus 49-55,57-63,65-71
0: mpibind: task   3 nths 21 gpus 3 cpus 73-79,81-87,89-95
0: 0.110s: flux-shell[57]: mpibind: 
0: mpibind: task   0 nths 21 gpus 0 cpus 1-7,9-15,17-23
0: mpibind: task   1 nths 21 gpus 1 cpus 25-31,33-39,41-47
0: mpibind: task   2 nths 21 gpus 2 cpus 49-55,57-63,65-71
0: mpibind: task   3 nths 21 gpus 3 cpus 73-79,81-87,89-95
0: 0.114s: flux-shell[63]: mpibind: 
0: mpibind: task   0 nths 21 gpus 0 cpus 1-7,9-15,17-23
0: mpibind: task   1 nths 21 gpus 1 cpus 25-31,33-39,41-47
0: mpibind: task   2 nths 21 gpus 2 cpus 49-55,57-63,65-71
0: mpibind: task   3 nths 21 gpus 3 cpus 73-79,81-87,89-95
0: 0.116s: flux-shell[61]: mpibind: 
0: mpibind: task   0 nths 21 gpus 0 cpus 1-7,9-15,17-23
0: mpibind: task   1 nths 21 gpus 1 cpus 25-31,33-39,41-47
0: mpibind: task   2 nths 21 gpus 2 cpus 49-55,57-63,65-71
0: mpibind: task   3 nths 21 gpus 3 cpus 73-79,81-87,89-95
0: 0.119s: flux-shell[62]: mpibind: 
0: mpibind: task   0 nths 21 gpus 0 cpus 1-7,9-15,17-23
0: mpibind: task   1 nths 21 gpus 1 cpus 25-31,33-39,41-47
0: mpibind: task   2 nths 21 gpus 2 cpus 49-55,57-63,65-71
0: mpibind: task   3 nths 21 gpus 3 cpus 73-79,81-87,89-95
0: jobid: f2DKCdPXD
0: 0.101s: flux-shell[4]: mpibind: 
0: mpibind: task   0 nths 21 gpus 0 cpus 1-7,9-15,17-23
0: mpibind: task   1 nths 21 gpus 1 cpus 25-31,33-39,41-47
0: mpibind: task   2 nths 21 gpus 2 cpus 49-55,57-63,65-71
0: mpibind: task   3 nths 21 gpus 3 cpus 73-79,81-87,89-95
0: 0.099s: flux-shell[2]: mpibind: 
0: mpibind: task   0 nths 21 gpus 0 cpus 1-7,9-15,17-23
0: mpibind: task   1 nths 21 gpus 1 cpus 25-31,33-39,41-47
0: mpibind: task   2 nths 21 gpus 2 cpus 49-55,57-63,65-71
0: mpibind: task   3 nths 21 gpus 3 cpus 73-79,81-87,89-95
0: 0.095s: flux-shell[0]: mpibind: 
0: mpibind: task   0 nths 21 gpus 0 cpus 1-7,9-15,17-23
0: mpibind: task   1 nths 21 gpus 1 cpus 25-31,33-39,41-47
0: mpibind: task   2 nths 21 gpus 2 cpus 49-55,57-63,65-71
0: mpibind: task   3 nths 21 gpus 3 cpus 73-79,81-87,89-95
0: 0.096s: flux-shell[1]: mpibind: 
0: mpibind: task   0 nths 21 gpus 0 cpus 1-7,9-15,17-23
0: mpibind: task   1 nths 21 gpus 1 cpus 25-31,33-39,41-47
0: mpibind: task   2 nths 21 gpus 2 cpus 49-55,57-63,65-71
0: mpibind: task   3 nths 21 gpus 3 cpus 73-79,81-87,89-95
0: 0.106s: flux-shell[6]: mpibind: 
0: mpibind: task   0 nths 21 gpus 0 cpus 1-7,9-15,17-23
0: mpibind: task   1 nths 21 gpus 1 cpus 25-31,33-39,41-47
0: mpibind: task   2 nths 21 gpus 2 cpus 49-55,57-63,65-71
0: mpibind: task   3 nths 21 gpus 3 cpus 73-79,81-87,89-95
0: 0.095s: flux-shell[5]: mpibind: 
0: mpibind: task   0 nths 21 gpus 0 cpus 1-7,9-15,17-23
0: mpibind: task   1 nths 21 gpus 1 cpus 25-31,33-39,41-47
0: mpibind: task   2 nths 21 gpus 2 cpus 49-55,57-63,65-71
0: mpibind: task   3 nths 21 gpus 3 cpus 73-79,81-87,89-95
0: 0.101s: flux-shell[7]: mpibind: 
0: mpibind: task   0 nths 21 gpus 0 cpus 1-7,9-15,17-23
0: mpibind: task   1 nths 21 gpus 1 cpus 25-31,33-39,41-47
0: mpibind: task   2 nths 21 gpus 2 cpus 49-55,57-63,65-71
0: mpibind: task   3 nths 21 gpus 3 cpus 73-79,81-87,89-95
0: 0.105s: flux-shell[16]: mpibind: 
0: mpibind: task   0 nths 21 gpus 0 cpus 1-7,9-15,17-23
0: mpibind: task   1 nths 21 gpus 1 cpus 25-31,33-39,41-47
0: mpibind: task   2 nths 21 gpus 2 cpus 49-55,57-63,65-71
0: mpibind: task   3 nths 21 gpus 3 cpus 73-79,81-87,89-95
0: 0.099s: flux-shell[3]: mpibind: 
0: mpibind: task   0 nths 21 gpus 0 cpus 1-7,9-15,17-23
0: mpibind: task   1 nths 21 gpus 1 cpus 25-31,33-39,41-47
0: mpibind: task   2 nths 21 gpus 2 cpus 49-55,57-63,65-71
0: mpibind: task   3 nths 21 gpus 3 cpus 73-79,81-87,89-95
0: 0.094s: flux-shell[8]: mpibind: 
0: mpibind: task   0 nths 21 gpus 0 cpus 1-7,9-15,17-23
0: mpibind: task   1 nths 21 gpus 1 cpus 25-31,33-39,41-47
0: mpibind: task   2 nths 21 gpus 2 cpus 49-55,57-63,65-71
0: mpibind: task   3 nths 21 gpus 3 cpus 73-79,81-87,89-95
0: 0.092s: flux-shell[9]: mpibind: 
0: mpibind: task   0 nths 21 gpus 0 cpus 1-7,9-15,17-23
0: mpibind: task   1 nths 21 gpus 1 cpus 25-31,33-39,41-47
0: mpibind: task   2 nths 21 gpus 2 cpus 49-55,57-63,65-71
0: mpibind: task   3 nths 21 gpus 3 cpus 73-79,81-87,89-95
0: 0.094s: flux-shell[10]: mpibind: 
0: mpibind: task   0 nths 21 gpus 0 cpus 1-7,9-15,17-23
0: mpibind: task   1 nths 21 gpus 1 cpus 25-31,33-39,41-47
0: mpibind: task   2 nths 21 gpus 2 cpus 49-55,57-63,65-71
0: mpibind: task   3 nths 21 gpus 3 cpus 73-79,81-87,89-95
0: 0.099s: flux-shell[11]: mpibind: 
0: mpibind: task   0 nths 21 gpus 0 cpus 1-7,9-15,17-23
0: mpibind: task   1 nths 21 gpus 1 cpus 25-31,33-39,41-47
0: mpibind: task   2 nths 21 gpus 2 cpus 49-55,57-63,65-71
0: mpibind: task   3 nths 21 gpus 3 cpus 73-79,81-87,89-95
0: 0.099s: flux-shell[12]: mpibind: 
0: mpibind: task   0 nths 21 gpus 0 cpus 1-7,9-15,17-23
0: mpibind: task   1 nths 21 gpus 1 cpus 25-31,33-39,41-47
0: mpibind: task   2 nths 21 gpus 2 cpus 49-55,57-63,65-71
0: mpibind: task   3 nths 21 gpus 3 cpus 73-79,81-87,89-95
0: 0.104s: flux-shell[14]: mpibind: 
0: mpibind: task   0 nths 21 gpus 0 cpus 1-7,9-15,17-23
0: mpibind: task   1 nths 21 gpus 1 cpus 25-31,33-39,41-47
0: mpibind: task   2 nths 21 gpus 2 cpus 49-55,57-63,65-71
0: mpibind: task   3 nths 21 gpus 3 cpus 73-79,81-87,89-95
0: 0.105s: flux-shell[13]: mpibind: 
0: mpibind: task   0 nths 21 gpus 0 cpus 1-7,9-15,17-23
0: mpibind: task   1 nths 21 gpus 1 cpus 25-31,33-39,41-47
0: mpibind: task   2 nths 21 gpus 2 cpus 49-55,57-63,65-71
0: mpibind: task   3 nths 21 gpus 3 cpus 73-79,81-87,89-95
0: 0.101s: flux-shell[15]: mpibind: 
0: mpibind: task   0 nths 21 gpus 0 cpus 1-7,9-15,17-23
0: mpibind: task   1 nths 21 gpus 1 cpus 25-31,33-39,41-47
0: mpibind: task   2 nths 21 gpus 2 cpus 49-55,57-63,65-71
0: mpibind: task   3 nths 21 gpus 3 cpus 73-79,81-87,89-95
0: 0.108s: flux-shell[32]: mpibind: 
0: mpibind: task   0 nths 21 gpus 0 cpus 1-7,9-15,17-23
0: mpibind: task   1 nths 21 gpus 1 cpus 25-31,33-39,41-47
0: mpibind: task   2 nths 21 gpus 2 cpus 49-55,57-63,65-71
0: mpibind: task   3 nths 21 gpus 3 cpus 73-79,81-87,89-95
0: 0.107s: flux-shell[31]: mpibind: 
0: mpibind: task   0 nths 21 gpus 0 cpus 1-7,9-15,17-23
0: mpibind: task   1 nths 21 gpus 1 cpus 25-31,33-39,41-47
0: mpibind: task   2 nths 21 gpus 2 cpus 49-55,57-63,65-71
0: mpibind: task   3 nths 21 gpus 3 cpus 73-79,81-87,89-95
0: 0.109s: flux-shell[30]: mpibind: 
0: mpibind: task   0 nths 21 gpus 0 cpus 1-7,9-15,17-23
0: mpibind: task   1 nths 21 gpus 1 cpus 25-31,33-39,41-47
0: mpibind: task   2 nths 21 gpus 2 cpus 49-55,57-63,65-71
0: mpibind: task   3 nths 21 gpus 3 cpus 73-79,81-87,89-95
0: 0.108s: flux-shell[29]: mpibind: 
0: mpibind: task   0 nths 21 gpus 0 cpus 1-7,9-15,17-23
0: mpibind: task   1 nths 21 gpus 1 cpus 25-31,33-39,41-47
0: mpibind: task   2 nths 21 gpus 2 cpus 49-55,57-63,65-71
0: mpibind: task   3 nths 21 gpus 3 cpus 73-79,81-87,89-95
0: 0.111s: flux-shell[28]: mpibind: 
0: mpibind: task   0 nths 21 gpus 0 cpus 1-7,9-15,17-23
0: mpibind: task   1 nths 21 gpus 1 cpus 25-31,33-39,41-47
0: mpibind: task   2 nths 21 gpus 2 cpus 49-55,57-63,65-71
0: mpibind: task   3 nths 21 gpus 3 cpus 73-79,81-87,89-95
0: 0.107s: flux-shell[17]: mpibind: 
0: mpibind: task   0 nths 21 gpus 0 cpus 1-7,9-15,17-23
0: mpibind: task   1 nths 21 gpus 1 cpus 25-31,33-39,41-47
0: mpibind: task   2 nths 21 gpus 2 cpus 49-55,57-63,65-71
0: mpibind: task   3 nths 21 gpus 3 cpus 73-79,81-87,89-95
0: 0.107s: flux-shell[18]: mpibind: 
0: mpibind: task   0 nths 21 gpus 0 cpus 1-7,9-15,17-23
0: mpibind: task   1 nths 21 gpus 1 cpus 25-31,33-39,41-47
0: mpibind: task   2 nths 21 gpus 2 cpus 49-55,57-63,65-71
0: mpibind: task   3 nths 21 gpus 3 cpus 73-79,81-87,89-95
0: 0.099s: flux-shell[19]: mpibind: 
0: mpibind: task   0 nths 21 gpus 0 cpus 1-7,9-15,17-23
0: mpibind: task   1 nths 21 gpus 1 cpus 25-31,33-39,41-47
0: mpibind: task   2 nths 21 gpus 2 cpus 49-55,57-63,65-71
0: mpibind: task   3 nths 21 gpus 3 cpus 73-79,81-87,89-95
0: 0.106s: flux-shell[20]: mpibind: 
0: mpibind: task   0 nths 21 gpus 0 cpus 1-7,9-15,17-23
0: mpibind: task   1 nths 21 gpus 1 cpus 25-31,33-39,41-47
0: mpibind: task   2 nths 21 gpus 2 cpus 49-55,57-63,65-71
0: mpibind: task   3 nths 21 gpus 3 cpus 73-79,81-87,89-95
0: 0.113s: flux-shell[21]: mpibind: 
0: mpibind: task   0 nths 21 gpus 0 cpus 1-7,9-15,17-23
0: mpibind: task   1 nths 21 gpus 1 cpus 25-31,33-39,41-47
0: mpibind: task   2 nths 21 gpus 2 cpus 49-55,57-63,65-71
0: mpibind: task   3 nths 21 gpus 3 cpus 73-79,81-87,89-95
0: 0.107s: flux-shell[22]: mpibind: 
0: mpibind: task   0 nths 21 gpus 0 cpus 1-7,9-15,17-23
0: mpibind: task   1 nths 21 gpus 1 cpus 25-31,33-39,41-47
0: mpibind: task   2 nths 21 gpus 2 cpus 49-55,57-63,65-71
0: mpibind: task   3 nths 21 gpus 3 cpus 73-79,81-87,89-95
0: 0.105s: flux-shell[23]: mpibind: 
0: mpibind: task   0 nths 21 gpus 0 cpus 1-7,9-15,17-23
0: mpibind: task   1 nths 21 gpus 1 cpus 25-31,33-39,41-47
0: mpibind: task   2 nths 21 gpus 2 cpus 49-55,57-63,65-71
0: mpibind: task   3 nths 21 gpus 3 cpus 73-79,81-87,89-95
0: 0.102s: flux-shell[24]: mpibind: 
0: mpibind: task   0 nths 21 gpus 0 cpus 1-7,9-15,17-23
0: mpibind: task   1 nths 21 gpus 1 cpus 25-31,33-39,41-47
0: mpibind: task   2 nths 21 gpus 2 cpus 49-55,57-63,65-71
0: mpibind: task   3 nths 21 gpus 3 cpus 73-79,81-87,89-95
0: 0.110s: flux-shell[25]: mpibind: 
0: mpibind: task   0 nths 21 gpus 0 cpus 1-7,9-15,17-23
0: mpibind: task   1 nths 21 gpus 1 cpus 25-31,33-39,41-47
0: mpibind: task   2 nths 21 gpus 2 cpus 49-55,57-63,65-71
0: mpibind: task   3 nths 21 gpus 3 cpus 73-79,81-87,89-95
0: 0.109s: flux-shell[26]: mpibind: 
0: mpibind: task   0 nths 21 gpus 0 cpus 1-7,9-15,17-23
0: mpibind: task   1 nths 21 gpus 1 cpus 25-31,33-39,41-47
0: mpibind: task   2 nths 21 gpus 2 cpus 49-55,57-63,65-71
0: mpibind: task   3 nths 21 gpus 3 cpus 73-79,81-87,89-95
0: 0.109s: flux-shell[27]: mpibind: 
0: mpibind: task   0 nths 21 gpus 0 cpus 1-7,9-15,17-23
0: mpibind: task   1 nths 21 gpus 1 cpus 25-31,33-39,41-47
0: mpibind: task   2 nths 21 gpus 2 cpus 49-55,57-63,65-71
0: mpibind: task   3 nths 21 gpus 3 cpus 73-79,81-87,89-95
0: 0.108s: flux-shell[35]: mpibind: 
0: mpibind: task   0 nths 21 gpus 0 cpus 1-7,9-15,17-23
0: mpibind: task   1 nths 21 gpus 1 cpus 25-31,33-39,41-47
0: mpibind: task   2 nths 21 gpus 2 cpus 49-55,57-63,65-71
0: mpibind: task   3 nths 21 gpus 3 cpus 73-79,81-87,89-95
0: 0.107s: flux-shell[36]: mpibind: 
0: mpibind: task   0 nths 21 gpus 0 cpus 1-7,9-15,17-23
0: mpibind: task   1 nths 21 gpus 1 cpus 25-31,33-39,41-47
0: mpibind: task   2 nths 21 gpus 2 cpus 49-55,57-63,65-71
0: mpibind: task   3 nths 21 gpus 3 cpus 73-79,81-87,89-95
0: 0.102s: flux-shell[37]: mpibind: 
0: mpibind: task   0 nths 21 gpus 0 cpus 1-7,9-15,17-23
0: mpibind: task   1 nths 21 gpus 1 cpus 25-31,33-39,41-47
0: mpibind: task   2 nths 21 gpus 2 cpus 49-55,57-63,65-71
0: mpibind: task   3 nths 21 gpus 3 cpus 73-79,81-87,89-95
0: 0.106s: flux-shell[33]: mpibind: 
0: mpibind: task   0 nths 21 gpus 0 cpus 1-7,9-15,17-23
0: mpibind: task   1 nths 21 gpus 1 cpus 25-31,33-39,41-47
0: mpibind: task   2 nths 21 gpus 2 cpus 49-55,57-63,65-71
0: mpibind: task   3 nths 21 gpus 3 cpus 73-79,81-87,89-95
0: 0.111s: flux-shell[38]: mpibind: 
0: mpibind: task   0 nths 21 gpus 0 cpus 1-7,9-15,17-23
0: mpibind: task   1 nths 21 gpus 1 cpus 25-31,33-39,41-47
0: mpibind: task   2 nths 21 gpus 2 cpus 49-55,57-63,65-71
0: mpibind: task   3 nths 21 gpus 3 cpus 73-79,81-87,89-95
0: 0.101s: flux-shell[39]: mpibind: 
0: mpibind: task   0 nths 21 gpus 0 cpus 1-7,9-15,17-23
0: mpibind: task   1 nths 21 gpus 1 cpus 25-31,33-39,41-47
0: mpibind: task   2 nths 21 gpus 2 cpus 49-55,57-63,65-71
0: mpibind: task   3 nths 21 gpus 3 cpus 73-79,81-87,89-95
0: 0.110s: flux-shell[34]: mpibind: 
0: mpibind: task   0 nths 21 gpus 0 cpus 1-7,9-15,17-23
0: mpibind: task   1 nths 21 gpus 1 cpus 25-31,33-39,41-47
0: mpibind: task   2 nths 21 gpus 2 cpus 49-55,57-63,65-71
0: mpibind: task   3 nths 21 gpus 3 cpus 73-79,81-87,89-95
0: 0.107s: flux-shell[40]: mpibind: 
0: mpibind: task   0 nths 21 gpus 0 cpus 1-7,9-15,17-23
0: mpibind: task   1 nths 21 gpus 1 cpus 25-31,33-39,41-47
0: mpibind: task   2 nths 21 gpus 2 cpus 49-55,57-63,65-71
0: mpibind: task   3 nths 21 gpus 3 cpus 73-79,81-87,89-95
0: 0.112s: flux-shell[41]: mpibind: 
0: mpibind: task   0 nths 21 gpus 0 cpus 1-7,9-15,17-23
0: mpibind: task   1 nths 21 gpus 1 cpus 25-31,33-39,41-47
0: mpibind: task   2 nths 21 gpus 2 cpus 49-55,57-63,65-71
0: mpibind: task   3 nths 21 gpus 3 cpus 73-79,81-87,89-95
0: 0.107s: flux-shell[42]: mpibind: 
0: mpibind: task   0 nths 21 gpus 0 cpus 1-7,9-15,17-23
0: mpibind: task   1 nths 21 gpus 1 cpus 25-31,33-39,41-47
0: mpibind: task   2 nths 21 gpus 2 cpus 49-55,57-63,65-71
0: mpibind: task   3 nths 21 gpus 3 cpus 73-79,81-87,89-95
0: 0.104s: flux-shell[44]: mpibind: 
0: mpibind: task   0 nths 21 gpus 0 cpus 1-7,9-15,17-23
0: mpibind: task   1 nths 21 gpus 1 cpus 25-31,33-39,41-47
0: mpibind: task   2 nths 21 gpus 2 cpus 49-55,57-63,65-71
0: mpibind: task   3 nths 21 gpus 3 cpus 73-79,81-87,89-95
0: 0.108s: flux-shell[46]: mpibind: 
0: mpibind: task   0 nths 21 gpus 0 cpus 1-7,9-15,17-23
0: mpibind: task   1 nths 21 gpus 1 cpus 25-31,33-39,41-47
0: mpibind: task   2 nths 21 gpus 2 cpus 49-55,57-63,65-71
0: mpibind: task   3 nths 21 gpus 3 cpus 73-79,81-87,89-95
0: 0.111s: flux-shell[48]: mpibind: 
0: mpibind: task   0 nths 21 gpus 0 cpus 1-7,9-15,17-23
0: mpibind: task   1 nths 21 gpus 1 cpus 25-31,33-39,41-47
0: mpibind: task   2 nths 21 gpus 2 cpus 49-55,57-63,65-71
0: mpibind: task   3 nths 21 gpus 3 cpus 73-79,81-87,89-95
0: 0.109s: flux-shell[49]: mpibind: 
0: mpibind: task   0 nths 21 gpus 0 cpus 1-7,9-15,17-23
0: mpibind: task   1 nths 21 gpus 1 cpus 25-31,33-39,41-47
0: mpibind: task   2 nths 21 gpus 2 cpus 49-55,57-63,65-71
0: mpibind: task   3 nths 21 gpus 3 cpus 73-79,81-87,89-95
0: 0.111s: flux-shell[50]: mpibind: 
0: mpibind: task   0 nths 21 gpus 0 cpus 1-7,9-15,17-23
0: mpibind: task   1 nths 21 gpus 1 cpus 25-31,33-39,41-47
0: mpibind: task   2 nths 21 gpus 2 cpus 49-55,57-63,65-71
0: mpibind: task   3 nths 21 gpus 3 cpus 73-79,81-87,89-95
0: 0.120s: flux-shell[59]: mpibind: 
0: mpibind: task   0 nths 21 gpus 0 cpus 1-7,9-15,17-23
0: mpibind: task   1 nths 21 gpus 1 cpus 25-31,33-39,41-47
0: mpibind: task   2 nths 21 gpus 2 cpus 49-55,57-63,65-71
0: mpibind: task   3 nths 21 gpus 3 cpus 73-79,81-87,89-95
0: 0.114s: flux-shell[60]: mpibind: 
0: mpibind: task   0 nths 21 gpus 0 cpus 1-7,9-15,17-23
0: mpibind: task   1 nths 21 gpus 1 cpus 25-31,33-39,41-47
0: mpibind: task   2 nths 21 gpus 2 cpus 49-55,57-63,65-71
0: mpibind: task   3 nths 21 gpus 3 cpus 73-79,81-87,89-95
0: 0.112s: flux-shell[51]: mpibind: 
0: mpibind: task   0 nths 21 gpus 0 cpus 1-7,9-15,17-23
0: mpibind: task   1 nths 21 gpus 1 cpus 25-31,33-39,41-47
0: mpibind: task   2 nths 21 gpus 2 cpus 49-55,57-63,65-71
0: mpibind: task   3 nths 21 gpus 3 cpus 73-79,81-87,89-95
0: 0.112s: flux-shell[54]: mpibind: 
0: mpibind: task   0 nths 21 gpus 0 cpus 1-7,9-15,17-23
0: mpibind: task   1 nths 21 gpus 1 cpus 25-31,33-39,41-47
0: mpibind: task   2 nths 21 gpus 2 cpus 49-55,57-63,65-71
0: mpibind: task   3 nths 21 gpus 3 cpus 73-79,81-87,89-95
0: 0.114s: flux-shell[53]: mpibind: 
0: mpibind: task   0 nths 21 gpus 0 cpus 1-7,9-15,17-23
0: mpibind: task   1 nths 21 gpus 1 cpus 25-31,33-39,41-47
0: mpibind: task   2 nths 21 gpus 2 cpus 49-55,57-63,65-71
0: mpibind: task   3 nths 21 gpus 3 cpus 73-79,81-87,89-95
0: 0.113s: flux-shell[61]: mpibind: 
0: mpibind: task   0 nths 21 gpus 0 cpus 1-7,9-15,17-23
0: mpibind: task   1 nths 21 gpus 1 cpus 25-31,33-39,41-47
0: mpibind: task   2 nths 21 gpus 2 cpus 49-55,57-63,65-71
0: mpibind: task   3 nths 21 gpus 3 cpus 73-79,81-87,89-95
0: 0.108s: flux-shell[43]: mpibind: 
0: mpibind: task   0 nths 21 gpus 0 cpus 1-7,9-15,17-23
0: mpibind: task   1 nths 21 gpus 1 cpus 25-31,33-39,41-47
0: mpibind: task   2 nths 21 gpus 2 cpus 49-55,57-63,65-71
0: mpibind: task   3 nths 21 gpus 3 cpus 73-79,81-87,89-95
0: 0.120s: flux-shell[62]: mpibind: 
0: mpibind: task   0 nths 21 gpus 0 cpus 1-7,9-15,17-23
0: mpibind: task   1 nths 21 gpus 1 cpus 25-31,33-39,41-47
0: mpibind: task   2 nths 21 gpus 2 cpus 49-55,57-63,65-71
0: mpibind: task   3 nths 21 gpus 3 cpus 73-79,81-87,89-95
0: 0.107s: flux-shell[52]: mpibind: 
0: mpibind: task   0 nths 21 gpus 0 cpus 1-7,9-15,17-23
0: mpibind: task   1 nths 21 gpus 1 cpus 25-31,33-39,41-47
0: mpibind: task   2 nths 21 gpus 2 cpus 49-55,57-63,65-71
0: mpibind: task   3 nths 21 gpus 3 cpus 73-79,81-87,89-95
0: 0.114s: flux-shell[55]: mpibind: 
0: mpibind: task   0 nths 21 gpus 0 cpus 1-7,9-15,17-23
0: mpibind: task   1 nths 21 gpus 1 cpus 25-31,33-39,41-47
0: mpibind: task   2 nths 21 gpus 2 cpus 49-55,57-63,65-71
0: mpibind: task   3 nths 21 gpus 3 cpus 73-79,81-87,89-95
0: 0.112s: flux-shell[45]: mpibind: 
0: mpibind: task   0 nths 21 gpus 0 cpus 1-7,9-15,17-23
0: mpibind: task   1 nths 21 gpus 1 cpus 25-31,33-39,41-47
0: mpibind: task   2 nths 21 gpus 2 cpus 49-55,57-63,65-71
0: mpibind: task   3 nths 21 gpus 3 cpus 73-79,81-87,89-95
0: 0.111s: flux-shell[47]: mpibind: 
0: mpibind: task   0 nths 21 gpus 0 cpus 1-7,9-15,17-23
0: mpibind: task   1 nths 21 gpus 1 cpus 25-31,33-39,41-47
0: mpibind: task   2 nths 21 gpus 2 cpus 49-55,57-63,65-71
0: mpibind: task   3 nths 21 gpus 3 cpus 73-79,81-87,89-95
0: 0.112s: flux-shell[58]: mpibind: 
0: mpibind: task   0 nths 21 gpus 0 cpus 1-7,9-15,17-23
0: mpibind: task   1 nths 21 gpus 1 cpus 25-31,33-39,41-47
0: mpibind: task   2 nths 21 gpus 2 cpus 49-55,57-63,65-71
0: mpibind: task   3 nths 21 gpus 3 cpus 73-79,81-87,89-95
0: 0.110s: flux-shell[56]: mpibind: 
0: mpibind: task   0 nths 21 gpus 0 cpus 1-7,9-15,17-23
0: mpibind: task   1 nths 21 gpus 1 cpus 25-31,33-39,41-47
0: mpibind: task   2 nths 21 gpus 2 cpus 49-55,57-63,65-71
0: mpibind: task   3 nths 21 gpus 3 cpus 73-79,81-87,89-95
0: 0.112s: flux-shell[57]: mpibind: 
0: mpibind: task   0 nths 21 gpus 0 cpus 1-7,9-15,17-23
0: mpibind: task   1 nths 21 gpus 1 cpus 25-31,33-39,41-47
0: mpibind: task   2 nths 21 gpus 2 cpus 49-55,57-63,65-71
0: mpibind: task   3 nths 21 gpus 3 cpus 73-79,81-87,89-95
0: 0.116s: flux-shell[63]: mpibind: 
0: mpibind: task   0 nths 21 gpus 0 cpus 1-7,9-15,17-23
0: mpibind: task   1 nths 21 gpus 1 cpus 25-31,33-39,41-47
0: mpibind: task   2 nths 21 gpus 2 cpus 49-55,57-63,65-71
0: mpibind: task   3 nths 21 gpus 3 cpus 73-79,81-87,89-95
0: jobid: f2MkDCVn7
0: 0.095s: flux-shell[1]: mpibind: 
0: mpibind: task   0 nths 21 gpus 0 cpus 1-7,9-15,17-23
0: mpibind: task   1 nths 21 gpus 1 cpus 25-31,33-39,41-47
0: mpibind: task   2 nths 21 gpus 2 cpus 49-55,57-63,65-71
0: mpibind: task   3 nths 21 gpus 3 cpus 73-79,81-87,89-95
0: 0.091s: flux-shell[0]: mpibind: 
0: mpibind: task   0 nths 21 gpus 0 cpus 1-7,9-15,17-23
0: mpibind: task   1 nths 21 gpus 1 cpus 25-31,33-39,41-47
0: mpibind: task   2 nths 21 gpus 2 cpus 49-55,57-63,65-71
0: mpibind: task   3 nths 21 gpus 3 cpus 73-79,81-87,89-95
0: 0.102s: flux-shell[5]: mpibind: 
0: mpibind: task   0 nths 21 gpus 0 cpus 1-7,9-15,17-23
0: mpibind: task   1 nths 21 gpus 1 cpus 25-31,33-39,41-47
0: mpibind: task   2 nths 21 gpus 2 cpus 49-55,57-63,65-71
0: mpibind: task   3 nths 21 gpus 3 cpus 73-79,81-87,89-95
0: 0.107s: flux-shell[2]: mpibind: 
0: mpibind: task   0 nths 21 gpus 0 cpus 1-7,9-15,17-23
0: mpibind: task   1 nths 21 gpus 1 cpus 25-31,33-39,41-47
0: mpibind: task   2 nths 21 gpus 2 cpus 49-55,57-63,65-71
0: mpibind: task   3 nths 21 gpus 3 cpus 73-79,81-87,89-95
0: 0.103s: flux-shell[6]: mpibind: 
0: mpibind: task   0 nths 21 gpus 0 cpus 1-7,9-15,17-23
0: mpibind: task   1 nths 21 gpus 1 cpus 25-31,33-39,41-47
0: mpibind: task   2 nths 21 gpus 2 cpus 49-55,57-63,65-71
0: mpibind: task   3 nths 21 gpus 3 cpus 73-79,81-87,89-95
0: 0.095s: flux-shell[4]: mpibind: 
0: mpibind: task   0 nths 21 gpus 0 cpus 1-7,9-15,17-23
0: mpibind: task   1 nths 21 gpus 1 cpus 25-31,33-39,41-47
0: mpibind: task   2 nths 21 gpus 2 cpus 49-55,57-63,65-71
0: mpibind: task   3 nths 21 gpus 3 cpus 73-79,81-87,89-95
0: 0.097s: flux-shell[15]: mpibind: 
0: mpibind: task   0 nths 21 gpus 0 cpus 1-7,9-15,17-23
0: mpibind: task   1 nths 21 gpus 1 cpus 25-31,33-39,41-47
0: mpibind: task   2 nths 21 gpus 2 cpus 49-55,57-63,65-71
0: mpibind: task   3 nths 21 gpus 3 cpus 73-79,81-87,89-95
0: 0.098s: flux-shell[7]: mpibind: 
0: mpibind: task   0 nths 21 gpus 0 cpus 1-7,9-15,17-23
0: mpibind: task   1 nths 21 gpus 1 cpus 25-31,33-39,41-47
0: mpibind: task   2 nths 21 gpus 2 cpus 49-55,57-63,65-71
0: mpibind: task   3 nths 21 gpus 3 cpus 73-79,81-87,89-95
0: 0.091s: flux-shell[8]: mpibind: 
0: mpibind: task   0 nths 21 gpus 0 cpus 1-7,9-15,17-23
0: mpibind: task   1 nths 21 gpus 1 cpus 25-31,33-39,41-47
0: mpibind: task   2 nths 21 gpus 2 cpus 49-55,57-63,65-71
0: mpibind: task   3 nths 21 gpus 3 cpus 73-79,81-87,89-95
0: 0.095s: flux-shell[3]: mpibind: 
0: mpibind: task   0 nths 21 gpus 0 cpus 1-7,9-15,17-23
0: mpibind: task   1 nths 21 gpus 1 cpus 25-31,33-39,41-47
0: mpibind: task   2 nths 21 gpus 2 cpus 49-55,57-63,65-71
0: mpibind: task   3 nths 21 gpus 3 cpus 73-79,81-87,89-95
0: 0.093s: flux-shell[9]: mpibind: 
0: mpibind: task   0 nths 21 gpus 0 cpus 1-7,9-15,17-23
0: mpibind: task   1 nths 21 gpus 1 cpus 25-31,33-39,41-47
0: mpibind: task   2 nths 21 gpus 2 cpus 49-55,57-63,65-71
0: mpibind: task   3 nths 21 gpus 3 cpus 73-79,81-87,89-95
0: 0.092s: flux-shell[10]: mpibind: 
0: mpibind: task   0 nths 21 gpus 0 cpus 1-7,9-15,17-23
0: mpibind: task   1 nths 21 gpus 1 cpus 25-31,33-39,41-47
0: mpibind: task   2 nths 21 gpus 2 cpus 49-55,57-63,65-71
0: mpibind: task   3 nths 21 gpus 3 cpus 73-79,81-87,89-95
0: 0.102s: flux-shell[11]: mpibind: 
0: mpibind: task   0 nths 21 gpus 0 cpus 1-7,9-15,17-23
0: mpibind: task   1 nths 21 gpus 1 cpus 25-31,33-39,41-47
0: mpibind: task   2 nths 21 gpus 2 cpus 49-55,57-63,65-71
0: mpibind: task   3 nths 21 gpus 3 cpus 73-79,81-87,89-95
0: 0.110s: flux-shell[12]: mpibind: 
0: mpibind: task   0 nths 21 gpus 0 cpus 1-7,9-15,17-23
0: mpibind: task   1 nths 21 gpus 1 cpus 25-31,33-39,41-47
0: mpibind: task   2 nths 21 gpus 2 cpus 49-55,57-63,65-71
0: mpibind: task   3 nths 21 gpus 3 cpus 73-79,81-87,89-95
0: 0.102s: flux-shell[13]: mpibind: 
0: mpibind: task   0 nths 21 gpus 0 cpus 1-7,9-15,17-23
0: mpibind: task   1 nths 21 gpus 1 cpus 25-31,33-39,41-47
0: mpibind: task   2 nths 21 gpus 2 cpus 49-55,57-63,65-71
0: mpibind: task   3 nths 21 gpus 3 cpus 73-79,81-87,89-95
0: 0.107s: flux-shell[14]: mpibind: 
0: mpibind: task   0 nths 21 gpus 0 cpus 1-7,9-15,17-23
0: mpibind: task   1 nths 21 gpus 1 cpus 25-31,33-39,41-47
0: mpibind: task   2 nths 21 gpus 2 cpus 49-55,57-63,65-71
0: mpibind: task   3 nths 21 gpus 3 cpus 73-79,81-87,89-95
0: 0.109s: flux-shell[32]: mpibind: 
0: mpibind: task   0 nths 21 gpus 0 cpus 1-7,9-15,17-23
0: mpibind: task   1 nths 21 gpus 1 cpus 25-31,33-39,41-47
0: mpibind: task   2 nths 21 gpus 2 cpus 49-55,57-63,65-71
0: mpibind: task   3 nths 21 gpus 3 cpus 73-79,81-87,89-95
0: 0.106s: flux-shell[31]: mpibind: 
0: mpibind: task   0 nths 21 gpus 0 cpus 1-7,9-15,17-23
0: mpibind: task   1 nths 21 gpus 1 cpus 25-31,33-39,41-47
0: mpibind: task   2 nths 21 gpus 2 cpus 49-55,57-63,65-71
0: mpibind: task   3 nths 21 gpus 3 cpus 73-79,81-87,89-95
0: 0.111s: flux-shell[30]: mpibind: 
0: mpibind: task   0 nths 21 gpus 0 cpus 1-7,9-15,17-23
0: mpibind: task   1 nths 21 gpus 1 cpus 25-31,33-39,41-47
0: mpibind: task   2 nths 21 gpus 2 cpus 49-55,57-63,65-71
0: mpibind: task   3 nths 21 gpus 3 cpus 73-79,81-87,89-95
0: 0.110s: flux-shell[29]: mpibind: 
0: mpibind: task   0 nths 21 gpus 0 cpus 1-7,9-15,17-23
0: mpibind: task   1 nths 21 gpus 1 cpus 25-31,33-39,41-47
0: mpibind: task   2 nths 21 gpus 2 cpus 49-55,57-63,65-71
0: mpibind: task   3 nths 21 gpus 3 cpus 73-79,81-87,89-95
0: 0.104s: flux-shell[16]: mpibind: 
0: mpibind: task   0 nths 21 gpus 0 cpus 1-7,9-15,17-23
0: mpibind: task   1 nths 21 gpus 1 cpus 25-31,33-39,41-47
0: mpibind: task   2 nths 21 gpus 2 cpus 49-55,57-63,65-71
0: mpibind: task   3 nths 21 gpus 3 cpus 73-79,81-87,89-95
0: 0.104s: flux-shell[17]: mpibind: 
0: mpibind: task   0 nths 21 gpus 0 cpus 1-7,9-15,17-23
0: mpibind: task   1 nths 21 gpus 1 cpus 25-31,33-39,41-47
0: mpibind: task   2 nths 21 gpus 2 cpus 49-55,57-63,65-71
0: mpibind: task   3 nths 21 gpus 3 cpus 73-79,81-87,89-95
0: 0.106s: flux-shell[18]: mpibind: 
0: mpibind: task   0 nths 21 gpus 0 cpus 1-7,9-15,17-23
0: mpibind: task   1 nths 21 gpus 1 cpus 25-31,33-39,41-47
0: mpibind: task   2 nths 21 gpus 2 cpus 49-55,57-63,65-71
0: mpibind: task   3 nths 21 gpus 3 cpus 73-79,81-87,89-95
0: 0.098s: flux-shell[19]: mpibind: 
0: mpibind: task   0 nths 21 gpus 0 cpus 1-7,9-15,17-23
0: mpibind: task   1 nths 21 gpus 1 cpus 25-31,33-39,41-47
0: mpibind: task   2 nths 21 gpus 2 cpus 49-55,57-63,65-71
0: mpibind: task   3 nths 21 gpus 3 cpus 73-79,81-87,89-95
0: 0.110s: flux-shell[20]: mpibind: 
0: mpibind: task   0 nths 21 gpus 0 cpus 1-7,9-15,17-23
0: mpibind: task   1 nths 21 gpus 1 cpus 25-31,33-39,41-47
0: mpibind: task   2 nths 21 gpus 2 cpus 49-55,57-63,65-71
0: mpibind: task   3 nths 21 gpus 3 cpus 73-79,81-87,89-95
0: 0.110s: flux-shell[21]: mpibind: 
0: mpibind: task   0 nths 21 gpus 0 cpus 1-7,9-15,17-23
0: mpibind: task   1 nths 21 gpus 1 cpus 25-31,33-39,41-47
0: mpibind: task   2 nths 21 gpus 2 cpus 49-55,57-63,65-71
0: mpibind: task   3 nths 21 gpus 3 cpus 73-79,81-87,89-95
0: 0.110s: flux-shell[22]: mpibind: 
0: mpibind: task   0 nths 21 gpus 0 cpus 1-7,9-15,17-23
0: mpibind: task   1 nths 21 gpus 1 cpus 25-31,33-39,41-47
0: mpibind: task   2 nths 21 gpus 2 cpus 49-55,57-63,65-71
0: mpibind: task   3 nths 21 gpus 3 cpus 73-79,81-87,89-95
0: 0.110s: flux-shell[23]: mpibind: 
0: mpibind: task   0 nths 21 gpus 0 cpus 1-7,9-15,17-23
0: mpibind: task   1 nths 21 gpus 1 cpus 25-31,33-39,41-47
0: mpibind: task   2 nths 21 gpus 2 cpus 49-55,57-63,65-71
0: mpibind: task   3 nths 21 gpus 3 cpus 73-79,81-87,89-95
0: 0.100s: flux-shell[24]: mpibind: 
0: mpibind: task   0 nths 21 gpus 0 cpus 1-7,9-15,17-23
0: mpibind: task   1 nths 21 gpus 1 cpus 25-31,33-39,41-47
0: mpibind: task   2 nths 21 gpus 2 cpus 49-55,57-63,65-71
0: mpibind: task   3 nths 21 gpus 3 cpus 73-79,81-87,89-95
0: 0.107s: flux-shell[25]: mpibind: 
0: mpibind: task   0 nths 21 gpus 0 cpus 1-7,9-15,17-23
0: mpibind: task   1 nths 21 gpus 1 cpus 25-31,33-39,41-47
0: mpibind: task   2 nths 21 gpus 2 cpus 49-55,57-63,65-71
0: mpibind: task   3 nths 21 gpus 3 cpus 73-79,81-87,89-95
0: 0.105s: flux-shell[26]: mpibind: 
0: mpibind: task   0 nths 21 gpus 0 cpus 1-7,9-15,17-23
0: mpibind: task   1 nths 21 gpus 1 cpus 25-31,33-39,41-47
0: mpibind: task   2 nths 21 gpus 2 cpus 49-55,57-63,65-71
0: mpibind: task   3 nths 21 gpus 3 cpus 73-79,81-87,89-95
0: 0.106s: flux-shell[27]: mpibind: 
0: mpibind: task   0 nths 21 gpus 0 cpus 1-7,9-15,17-23
0: mpibind: task   1 nths 21 gpus 1 cpus 25-31,33-39,41-47
0: mpibind: task   2 nths 21 gpus 2 cpus 49-55,57-63,65-71
0: mpibind: task   3 nths 21 gpus 3 cpus 73-79,81-87,89-95
0: 0.107s: flux-shell[28]: mpibind: 
0: mpibind: task   0 nths 21 gpus 0 cpus 1-7,9-15,17-23
0: mpibind: task   1 nths 21 gpus 1 cpus 25-31,33-39,41-47
0: mpibind: task   2 nths 21 gpus 2 cpus 49-55,57-63,65-71
0: mpibind: task   3 nths 21 gpus 3 cpus 73-79,81-87,89-95
0: 0.102s: flux-shell[33]: mpibind: 
0: mpibind: task   0 nths 21 gpus 0 cpus 1-7,9-15,17-23
0: mpibind: task   1 nths 21 gpus 1 cpus 25-31,33-39,41-47
0: mpibind: task   2 nths 21 gpus 2 cpus 49-55,57-63,65-71
0: mpibind: task   3 nths 21 gpus 3 cpus 73-79,81-87,89-95
0: 0.104s: flux-shell[36]: mpibind: 
0: mpibind: task   0 nths 21 gpus 0 cpus 1-7,9-15,17-23
0: mpibind: task   1 nths 21 gpus 1 cpus 25-31,33-39,41-47
0: mpibind: task   2 nths 21 gpus 2 cpus 49-55,57-63,65-71
0: mpibind: task   3 nths 21 gpus 3 cpus 73-79,81-87,89-95
0: 0.103s: flux-shell[37]: mpibind: 
0: mpibind: task   0 nths 21 gpus 0 cpus 1-7,9-15,17-23
0: mpibind: task   1 nths 21 gpus 1 cpus 25-31,33-39,41-47
0: mpibind: task   2 nths 21 gpus 2 cpus 49-55,57-63,65-71
0: mpibind: task   3 nths 21 gpus 3 cpus 73-79,81-87,89-95
0: 0.100s: flux-shell[34]: mpibind: 
0: mpibind: task   0 nths 21 gpus 0 cpus 1-7,9-15,17-23
0: mpibind: task   1 nths 21 gpus 1 cpus 25-31,33-39,41-47
0: mpibind: task   2 nths 21 gpus 2 cpus 49-55,57-63,65-71
0: mpibind: task   3 nths 21 gpus 3 cpus 73-79,81-87,89-95
0: 0.105s: flux-shell[38]: mpibind: 
0: mpibind: task   0 nths 21 gpus 0 cpus 1-7,9-15,17-23
0: mpibind: task   1 nths 21 gpus 1 cpus 25-31,33-39,41-47
0: mpibind: task   2 nths 21 gpus 2 cpus 49-55,57-63,65-71
0: mpibind: task   3 nths 21 gpus 3 cpus 73-79,81-87,89-95
0: 0.101s: flux-shell[35]: mpibind: 
0: mpibind: task   0 nths 21 gpus 0 cpus 1-7,9-15,17-23
0: mpibind: task   1 nths 21 gpus 1 cpus 25-31,33-39,41-47
0: mpibind: task   2 nths 21 gpus 2 cpus 49-55,57-63,65-71
0: mpibind: task   3 nths 21 gpus 3 cpus 73-79,81-87,89-95
0: 0.099s: flux-shell[39]: mpibind: 
0: mpibind: task   0 nths 21 gpus 0 cpus 1-7,9-15,17-23
0: mpibind: task   1 nths 21 gpus 1 cpus 25-31,33-39,41-47
0: mpibind: task   2 nths 21 gpus 2 cpus 49-55,57-63,65-71
0: mpibind: task   3 nths 21 gpus 3 cpus 73-79,81-87,89-95
0: 0.103s: flux-shell[41]: mpibind: 
0: mpibind: task   0 nths 21 gpus 0 cpus 1-7,9-15,17-23
0: mpibind: task   1 nths 21 gpus 1 cpus 25-31,33-39,41-47
0: mpibind: task   2 nths 21 gpus 2 cpus 49-55,57-63,65-71
0: mpibind: task   3 nths 21 gpus 3 cpus 73-79,81-87,89-95
0: 0.108s: flux-shell[40]: mpibind: 
0: mpibind: task   0 nths 21 gpus 0 cpus 1-7,9-15,17-23
0: mpibind: task   1 nths 21 gpus 1 cpus 25-31,33-39,41-47
0: mpibind: task   2 nths 21 gpus 2 cpus 49-55,57-63,65-71
0: mpibind: task   3 nths 21 gpus 3 cpus 73-79,81-87,89-95
0: 0.104s: flux-shell[42]: mpibind: 
0: mpibind: task   0 nths 21 gpus 0 cpus 1-7,9-15,17-23
0: mpibind: task   1 nths 21 gpus 1 cpus 25-31,33-39,41-47
0: mpibind: task   2 nths 21 gpus 2 cpus 49-55,57-63,65-71
0: mpibind: task   3 nths 21 gpus 3 cpus 73-79,81-87,89-95
0: 0.103s: flux-shell[44]: mpibind: 
0: mpibind: task   0 nths 21 gpus 0 cpus 1-7,9-15,17-23
0: mpibind: task   1 nths 21 gpus 1 cpus 25-31,33-39,41-47
0: mpibind: task   2 nths 21 gpus 2 cpus 49-55,57-63,65-71
0: mpibind: task   3 nths 21 gpus 3 cpus 73-79,81-87,89-95
0: 0.109s: flux-shell[46]: mpibind: 
0: mpibind: task   0 nths 21 gpus 0 cpus 1-7,9-15,17-23
0: mpibind: task   1 nths 21 gpus 1 cpus 25-31,33-39,41-47
0: mpibind: task   2 nths 21 gpus 2 cpus 49-55,57-63,65-71
0: mpibind: task   3 nths 21 gpus 3 cpus 73-79,81-87,89-95
0: 0.108s: flux-shell[43]: mpibind: 
0: mpibind: task   0 nths 21 gpus 0 cpus 1-7,9-15,17-23
0: mpibind: task   1 nths 21 gpus 1 cpus 25-31,33-39,41-47
0: mpibind: task   2 nths 21 gpus 2 cpus 49-55,57-63,65-71
0: mpibind: task   3 nths 21 gpus 3 cpus 73-79,81-87,89-95
0: 0.112s: flux-shell[49]: mpibind: 
0: mpibind: task   0 nths 21 gpus 0 cpus 1-7,9-15,17-23
0: mpibind: task   1 nths 21 gpus 1 cpus 25-31,33-39,41-47
0: mpibind: task   2 nths 21 gpus 2 cpus 49-55,57-63,65-71
0: mpibind: task   3 nths 21 gpus 3 cpus 73-79,81-87,89-95
0: 0.110s: flux-shell[48]: mpibind: 
0: mpibind: task   0 nths 21 gpus 0 cpus 1-7,9-15,17-23
0: mpibind: task   1 nths 21 gpus 1 cpus 25-31,33-39,41-47
0: mpibind: task   2 nths 21 gpus 2 cpus 49-55,57-63,65-71
0: mpibind: task   3 nths 21 gpus 3 cpus 73-79,81-87,89-95
0: 0.109s: flux-shell[45]: mpibind: 
0: mpibind: task   0 nths 21 gpus 0 cpus 1-7,9-15,17-23
0: mpibind: task   1 nths 21 gpus 1 cpus 25-31,33-39,41-47
0: mpibind: task   2 nths 21 gpus 2 cpus 49-55,57-63,65-71
0: mpibind: task   3 nths 21 gpus 3 cpus 73-79,81-87,89-95
0: 0.111s: flux-shell[50]: mpibind: 
0: mpibind: task   0 nths 21 gpus 0 cpus 1-7,9-15,17-23
0: mpibind: task   1 nths 21 gpus 1 cpus 25-31,33-39,41-47
0: mpibind: task   2 nths 21 gpus 2 cpus 49-55,57-63,65-71
0: mpibind: task   3 nths 21 gpus 3 cpus 73-79,81-87,89-95
0: 0.102s: flux-shell[47]: mpibind: 
0: mpibind: task   0 nths 21 gpus 0 cpus 1-7,9-15,17-23
0: mpibind: task   1 nths 21 gpus 1 cpus 25-31,33-39,41-47
0: mpibind: task   2 nths 21 gpus 2 cpus 49-55,57-63,65-71
0: mpibind: task   3 nths 21 gpus 3 cpus 73-79,81-87,89-95
0: 0.113s: flux-shell[51]: mpibind: 
0: mpibind: task   0 nths 21 gpus 0 cpus 1-7,9-15,17-23
0: mpibind: task   1 nths 21 gpus 1 cpus 25-31,33-39,41-47
0: mpibind: task   2 nths 21 gpus 2 cpus 49-55,57-63,65-71
0: mpibind: task   3 nths 21 gpus 3 cpus 73-79,81-87,89-95
0: 0.105s: flux-shell[53]: mpibind: 
0: mpibind: task   0 nths 21 gpus 0 cpus 1-7,9-15,17-23
0: mpibind: task   1 nths 21 gpus 1 cpus 25-31,33-39,41-47
0: mpibind: task   2 nths 21 gpus 2 cpus 49-55,57-63,65-71
0: mpibind: task   3 nths 21 gpus 3 cpus 73-79,81-87,89-95
0: 0.105s: flux-shell[57]: mpibind: 
0: mpibind: task   0 nths 21 gpus 0 cpus 1-7,9-15,17-23
0: mpibind: task   1 nths 21 gpus 1 cpus 25-31,33-39,41-47
0: mpibind: task   2 nths 21 gpus 2 cpus 49-55,57-63,65-71
0: mpibind: task   3 nths 21 gpus 3 cpus 73-79,81-87,89-95
0: 0.112s: flux-shell[52]: mpibind: 
0: mpibind: task   0 nths 21 gpus 0 cpus 1-7,9-15,17-23
0: mpibind: task   1 nths 21 gpus 1 cpus 25-31,33-39,41-47
0: mpibind: task   2 nths 21 gpus 2 cpus 49-55,57-63,65-71
0: mpibind: task   3 nths 21 gpus 3 cpus 73-79,81-87,89-95
0: 0.112s: flux-shell[58]: mpibind: 
0: mpibind: task   0 nths 21 gpus 0 cpus 1-7,9-15,17-23
0: mpibind: task   1 nths 21 gpus 1 cpus 25-31,33-39,41-47
0: mpibind: task   2 nths 21 gpus 2 cpus 49-55,57-63,65-71
0: mpibind: task   3 nths 21 gpus 3 cpus 73-79,81-87,89-95
0: 0.112s: flux-shell[54]: mpibind: 
0: mpibind: task   0 nths 21 gpus 0 cpus 1-7,9-15,17-23
0: mpibind: task   1 nths 21 gpus 1 cpus 25-31,33-39,41-47
0: mpibind: task   2 nths 21 gpus 2 cpus 49-55,57-63,65-71
0: mpibind: task   3 nths 21 gpus 3 cpus 73-79,81-87,89-95
0: 0.113s: flux-shell[55]: mpibind: 
0: mpibind: task   0 nths 21 gpus 0 cpus 1-7,9-15,17-23
0: mpibind: task   1 nths 21 gpus 1 cpus 25-31,33-39,41-47
0: mpibind: task   2 nths 21 gpus 2 cpus 49-55,57-63,65-71
0: mpibind: task   3 nths 21 gpus 3 cpus 73-79,81-87,89-95
0: 0.110s: flux-shell[56]: mpibind: 
0: mpibind: task   0 nths 21 gpus 0 cpus 1-7,9-15,17-23
0: mpibind: task   1 nths 21 gpus 1 cpus 25-31,33-39,41-47
0: mpibind: task   2 nths 21 gpus 2 cpus 49-55,57-63,65-71
0: mpibind: task   3 nths 21 gpus 3 cpus 73-79,81-87,89-95
0: 0.107s: flux-shell[63]: mpibind: 
0: mpibind: task   0 nths 21 gpus 0 cpus 1-7,9-15,17-23
0: mpibind: task   1 nths 21 gpus 1 cpus 25-31,33-39,41-47
0: mpibind: task   2 nths 21 gpus 2 cpus 49-55,57-63,65-71
0: mpibind: task   3 nths 21 gpus 3 cpus 73-79,81-87,89-95
0: 0.113s: flux-shell[62]: mpibind: 
0: mpibind: task   0 nths 21 gpus 0 cpus 1-7,9-15,17-23
0: mpibind: task   1 nths 21 gpus 1 cpus 25-31,33-39,41-47
0: mpibind: task   2 nths 21 gpus 2 cpus 49-55,57-63,65-71
0: mpibind: task   3 nths 21 gpus 3 cpus 73-79,81-87,89-95
0: 0.111s: flux-shell[61]: mpibind: 
0: mpibind: task   0 nths 21 gpus 0 cpus 1-7,9-15,17-23
0: mpibind: task   1 nths 21 gpus 1 cpus 25-31,33-39,41-47
0: mpibind: task   2 nths 21 gpus 2 cpus 49-55,57-63,65-71
0: mpibind: task   3 nths 21 gpus 3 cpus 73-79,81-87,89-95
0: 0.112s: flux-shell[60]: mpibind: 
0: mpibind: task   0 nths 21 gpus 0 cpus 1-7,9-15,17-23
0: mpibind: task   1 nths 21 gpus 1 cpus 25-31,33-39,41-47
0: mpibind: task   2 nths 21 gpus 2 cpus 49-55,57-63,65-71
0: mpibind: task   3 nths 21 gpus 3 cpus 73-79,81-87,89-95
0: 0.110s: flux-shell[59]: mpibind: 
0: mpibind: task   0 nths 21 gpus 0 cpus 1-7,9-15,17-23
0: mpibind: task   1 nths 21 gpus 1 cpus 25-31,33-39,41-47
0: mpibind: task   2 nths 21 gpus 2 cpus 49-55,57-63,65-71
0: mpibind: task   3 nths 21 gpus 3 cpus 73-79,81-87,89-95
0: jobid: f2W8Jm1uh
0: 0.102s: flux-shell[0]: mpibind: 
0: mpibind: task   0 nths 21 gpus 0 cpus 1-7,9-15,17-23
0: mpibind: task   1 nths 21 gpus 1 cpus 25-31,33-39,41-47
0: mpibind: task   2 nths 21 gpus 2 cpus 49-55,57-63,65-71
0: mpibind: task   3 nths 21 gpus 3 cpus 73-79,81-87,89-95
0: 0.114s: flux-shell[4]: mpibind: 
0: mpibind: task   0 nths 21 gpus 0 cpus 1-7,9-15,17-23
0: mpibind: task   1 nths 21 gpus 1 cpus 25-31,33-39,41-47
0: mpibind: task   2 nths 21 gpus 2 cpus 49-55,57-63,65-71
0: mpibind: task   3 nths 21 gpus 3 cpus 73-79,81-87,89-95
0: 0.113s: flux-shell[5]: mpibind: 
0: mpibind: task   0 nths 21 gpus 0 cpus 1-7,9-15,17-23
0: mpibind: task   1 nths 21 gpus 1 cpus 25-31,33-39,41-47
0: mpibind: task   2 nths 21 gpus 2 cpus 49-55,57-63,65-71
0: mpibind: task   3 nths 21 gpus 3 cpus 73-79,81-87,89-95
0: 0.118s: flux-shell[14]: mpibind: 
0: mpibind: task   0 nths 21 gpus 0 cpus 1-7,9-15,17-23
0: mpibind: task   1 nths 21 gpus 1 cpus 25-31,33-39,41-47
0: mpibind: task   2 nths 21 gpus 2 cpus 49-55,57-63,65-71
0: mpibind: task   3 nths 21 gpus 3 cpus 73-79,81-87,89-95
0: 0.108s: flux-shell[1]: mpibind: 
0: mpibind: task   0 nths 21 gpus 0 cpus 1-7,9-15,17-23
0: mpibind: task   1 nths 21 gpus 1 cpus 25-31,33-39,41-47
0: mpibind: task   2 nths 21 gpus 2 cpus 49-55,57-63,65-71
0: mpibind: task   3 nths 21 gpus 3 cpus 73-79,81-87,89-95
0: 0.117s: flux-shell[2]: mpibind: 
0: mpibind: task   0 nths 21 gpus 0 cpus 1-7,9-15,17-23
0: mpibind: task   1 nths 21 gpus 1 cpus 25-31,33-39,41-47
0: mpibind: task   2 nths 21 gpus 2 cpus 49-55,57-63,65-71
0: mpibind: task   3 nths 21 gpus 3 cpus 73-79,81-87,89-95
0: 0.112s: flux-shell[6]: mpibind: 
0: mpibind: task   0 nths 21 gpus 0 cpus 1-7,9-15,17-23
0: mpibind: task   1 nths 21 gpus 1 cpus 25-31,33-39,41-47
0: mpibind: task   2 nths 21 gpus 2 cpus 49-55,57-63,65-71
0: mpibind: task   3 nths 21 gpus 3 cpus 73-79,81-87,89-95
0: 0.108s: flux-shell[3]: mpibind: 
0: mpibind: task   0 nths 21 gpus 0 cpus 1-7,9-15,17-23
0: mpibind: task   1 nths 21 gpus 1 cpus 25-31,33-39,41-47
0: mpibind: task   2 nths 21 gpus 2 cpus 49-55,57-63,65-71
0: mpibind: task   3 nths 21 gpus 3 cpus 73-79,81-87,89-95
0: 0.119s: flux-shell[7]: mpibind: 
0: mpibind: task   0 nths 21 gpus 0 cpus 1-7,9-15,17-23
0: mpibind: task   1 nths 21 gpus 1 cpus 25-31,33-39,41-47
0: mpibind: task   2 nths 21 gpus 2 cpus 49-55,57-63,65-71
0: mpibind: task   3 nths 21 gpus 3 cpus 73-79,81-87,89-95
0: 0.108s: flux-shell[8]: mpibind: 
0: mpibind: task   0 nths 21 gpus 0 cpus 1-7,9-15,17-23
0: mpibind: task   1 nths 21 gpus 1 cpus 25-31,33-39,41-47
0: mpibind: task   2 nths 21 gpus 2 cpus 49-55,57-63,65-71
0: mpibind: task   3 nths 21 gpus 3 cpus 73-79,81-87,89-95
0: 0.108s: flux-shell[9]: mpibind: 
0: mpibind: task   0 nths 21 gpus 0 cpus 1-7,9-15,17-23
0: mpibind: task   1 nths 21 gpus 1 cpus 25-31,33-39,41-47
0: mpibind: task   2 nths 21 gpus 2 cpus 49-55,57-63,65-71
0: mpibind: task   3 nths 21 gpus 3 cpus 73-79,81-87,89-95
0: 0.111s: flux-shell[10]: mpibind: 
0: mpibind: task   0 nths 21 gpus 0 cpus 1-7,9-15,17-23
0: mpibind: task   1 nths 21 gpus 1 cpus 25-31,33-39,41-47
0: mpibind: task   2 nths 21 gpus 2 cpus 49-55,57-63,65-71
0: mpibind: task   3 nths 21 gpus 3 cpus 73-79,81-87,89-95
0: 0.116s: flux-shell[11]: mpibind: 
0: mpibind: task   0 nths 21 gpus 0 cpus 1-7,9-15,17-23
0: mpibind: task   1 nths 21 gpus 1 cpus 25-31,33-39,41-47
0: mpibind: task   2 nths 21 gpus 2 cpus 49-55,57-63,65-71
0: mpibind: task   3 nths 21 gpus 3 cpus 73-79,81-87,89-95
0: 0.110s: flux-shell[12]: mpibind: 
0: mpibind: task   0 nths 21 gpus 0 cpus 1-7,9-15,17-23
0: mpibind: task   1 nths 21 gpus 1 cpus 25-31,33-39,41-47
0: mpibind: task   2 nths 21 gpus 2 cpus 49-55,57-63,65-71
0: mpibind: task   3 nths 21 gpus 3 cpus 73-79,81-87,89-95
0: 0.117s: flux-shell[13]: mpibind: 
0: mpibind: task   0 nths 21 gpus 0 cpus 1-7,9-15,17-23
0: mpibind: task   1 nths 21 gpus 1 cpus 25-31,33-39,41-47
0: mpibind: task   2 nths 21 gpus 2 cpus 49-55,57-63,65-71
0: mpibind: task   3 nths 21 gpus 3 cpus 73-79,81-87,89-95
0: 0.126s: flux-shell[32]: mpibind: 
0: mpibind: task   0 nths 21 gpus 0 cpus 1-7,9-15,17-23
0: mpibind: task   1 nths 21 gpus 1 cpus 25-31,33-39,41-47
0: mpibind: task   2 nths 21 gpus 2 cpus 49-55,57-63,65-71
0: mpibind: task   3 nths 21 gpus 3 cpus 73-79,81-87,89-95
0: 0.113s: flux-shell[15]: mpibind: 
0: mpibind: task   0 nths 21 gpus 0 cpus 1-7,9-15,17-23
0: mpibind: task   1 nths 21 gpus 1 cpus 25-31,33-39,41-47
0: mpibind: task   2 nths 21 gpus 2 cpus 49-55,57-63,65-71
0: mpibind: task   3 nths 21 gpus 3 cpus 73-79,81-87,89-95
0: 0.119s: flux-shell[16]: mpibind: 
0: mpibind: task   0 nths 21 gpus 0 cpus 1-7,9-15,17-23
0: mpibind: task   1 nths 21 gpus 1 cpus 25-31,33-39,41-47
0: mpibind: task   2 nths 21 gpus 2 cpus 49-55,57-63,65-71
0: mpibind: task   3 nths 21 gpus 3 cpus 73-79,81-87,89-95
0: 0.116s: flux-shell[17]: mpibind: 
0: mpibind: task   0 nths 21 gpus 0 cpus 1-7,9-15,17-23
0: mpibind: task   1 nths 21 gpus 1 cpus 25-31,33-39,41-47
0: mpibind: task   2 nths 21 gpus 2 cpus 49-55,57-63,65-71
0: mpibind: task   3 nths 21 gpus 3 cpus 73-79,81-87,89-95
0: 0.121s: flux-shell[18]: mpibind: 
0: mpibind: task   0 nths 21 gpus 0 cpus 1-7,9-15,17-23
0: mpibind: task   1 nths 21 gpus 1 cpus 25-31,33-39,41-47
0: mpibind: task   2 nths 21 gpus 2 cpus 49-55,57-63,65-71
0: mpibind: task   3 nths 21 gpus 3 cpus 73-79,81-87,89-95
0: 0.118s: flux-shell[19]: mpibind: 
0: mpibind: task   0 nths 21 gpus 0 cpus 1-7,9-15,17-23
0: mpibind: task   1 nths 21 gpus 1 cpus 25-31,33-39,41-47
0: mpibind: task   2 nths 21 gpus 2 cpus 49-55,57-63,65-71
0: mpibind: task   3 nths 21 gpus 3 cpus 73-79,81-87,89-95
0: 0.121s: flux-shell[20]: mpibind: 
0: mpibind: task   0 nths 21 gpus 0 cpus 1-7,9-15,17-23
0: mpibind: task   1 nths 21 gpus 1 cpus 25-31,33-39,41-47
0: mpibind: task   2 nths 21 gpus 2 cpus 49-55,57-63,65-71
0: mpibind: task   3 nths 21 gpus 3 cpus 73-79,81-87,89-95
0: 0.126s: flux-shell[21]: mpibind: 
0: mpibind: task   0 nths 21 gpus 0 cpus 1-7,9-15,17-23
0: mpibind: task   1 nths 21 gpus 1 cpus 25-31,33-39,41-47
0: mpibind: task   2 nths 21 gpus 2 cpus 49-55,57-63,65-71
0: mpibind: task   3 nths 21 gpus 3 cpus 73-79,81-87,89-95
0: 0.126s: flux-shell[22]: mpibind: 
0: mpibind: task   0 nths 21 gpus 0 cpus 1-7,9-15,17-23
0: mpibind: task   1 nths 21 gpus 1 cpus 25-31,33-39,41-47
0: mpibind: task   2 nths 21 gpus 2 cpus 49-55,57-63,65-71
0: mpibind: task   3 nths 21 gpus 3 cpus 73-79,81-87,89-95
0: 0.118s: flux-shell[23]: mpibind: 
0: mpibind: task   0 nths 21 gpus 0 cpus 1-7,9-15,17-23
0: mpibind: task   1 nths 21 gpus 1 cpus 25-31,33-39,41-47
0: mpibind: task   2 nths 21 gpus 2 cpus 49-55,57-63,65-71
0: mpibind: task   3 nths 21 gpus 3 cpus 73-79,81-87,89-95
0: 0.116s: flux-shell[24]: mpibind: 
0: mpibind: task   0 nths 21 gpus 0 cpus 1-7,9-15,17-23
0: mpibind: task   1 nths 21 gpus 1 cpus 25-31,33-39,41-47
0: mpibind: task   2 nths 21 gpus 2 cpus 49-55,57-63,65-71
0: mpibind: task   3 nths 21 gpus 3 cpus 73-79,81-87,89-95
0: 0.122s: flux-shell[25]: mpibind: 
0: mpibind: task   0 nths 21 gpus 0 cpus 1-7,9-15,17-23
0: mpibind: task   1 nths 21 gpus 1 cpus 25-31,33-39,41-47
0: mpibind: task   2 nths 21 gpus 2 cpus 49-55,57-63,65-71
0: mpibind: task   3 nths 21 gpus 3 cpus 73-79,81-87,89-95
0: 0.120s: flux-shell[26]: mpibind: 
0: mpibind: task   0 nths 21 gpus 0 cpus 1-7,9-15,17-23
0: mpibind: task   1 nths 21 gpus 1 cpus 25-31,33-39,41-47
0: mpibind: task   2 nths 21 gpus 2 cpus 49-55,57-63,65-71
0: mpibind: task   3 nths 21 gpus 3 cpus 73-79,81-87,89-95
0: 0.124s: flux-shell[27]: mpibind: 
0: mpibind: task   0 nths 21 gpus 0 cpus 1-7,9-15,17-23
0: mpibind: task   1 nths 21 gpus 1 cpus 25-31,33-39,41-47
0: mpibind: task   2 nths 21 gpus 2 cpus 49-55,57-63,65-71
0: mpibind: task   3 nths 21 gpus 3 cpus 73-79,81-87,89-95
0: 0.123s: flux-shell[28]: mpibind: 
0: mpibind: task   0 nths 21 gpus 0 cpus 1-7,9-15,17-23
0: mpibind: task   1 nths 21 gpus 1 cpus 25-31,33-39,41-47
0: mpibind: task   2 nths 21 gpus 2 cpus 49-55,57-63,65-71
0: mpibind: task   3 nths 21 gpus 3 cpus 73-79,81-87,89-95
0: 0.124s: flux-shell[29]: mpibind: 
0: mpibind: task   0 nths 21 gpus 0 cpus 1-7,9-15,17-23
0: mpibind: task   1 nths 21 gpus 1 cpus 25-31,33-39,41-47
0: mpibind: task   2 nths 21 gpus 2 cpus 49-55,57-63,65-71
0: mpibind: task   3 nths 21 gpus 3 cpus 73-79,81-87,89-95
0: 0.122s: flux-shell[30]: mpibind: 
0: mpibind: task   0 nths 21 gpus 0 cpus 1-7,9-15,17-23
0: mpibind: task   1 nths 21 gpus 1 cpus 25-31,33-39,41-47
0: mpibind: task   2 nths 21 gpus 2 cpus 49-55,57-63,65-71
0: mpibind: task   3 nths 21 gpus 3 cpus 73-79,81-87,89-95
0: 0.118s: flux-shell[31]: mpibind: 
0: mpibind: task   0 nths 21 gpus 0 cpus 1-7,9-15,17-23
0: mpibind: task   1 nths 21 gpus 1 cpus 25-31,33-39,41-47
0: mpibind: task   2 nths 21 gpus 2 cpus 49-55,57-63,65-71
0: mpibind: task   3 nths 21 gpus 3 cpus 73-79,81-87,89-95
0: 0.117s: flux-shell[33]: mpibind: 
0: mpibind: task   0 nths 21 gpus 0 cpus 1-7,9-15,17-23
0: mpibind: task   1 nths 21 gpus 1 cpus 25-31,33-39,41-47
0: mpibind: task   2 nths 21 gpus 2 cpus 49-55,57-63,65-71
0: mpibind: task   3 nths 21 gpus 3 cpus 73-79,81-87,89-95
0: 0.123s: flux-shell[34]: mpibind: 
0: mpibind: task   0 nths 21 gpus 0 cpus 1-7,9-15,17-23
0: mpibind: task   1 nths 21 gpus 1 cpus 25-31,33-39,41-47
0: mpibind: task   2 nths 21 gpus 2 cpus 49-55,57-63,65-71
0: mpibind: task   3 nths 21 gpus 3 cpus 73-79,81-87,89-95
0: 0.118s: flux-shell[36]: mpibind: 
0: mpibind: task   0 nths 21 gpus 0 cpus 1-7,9-15,17-23
0: mpibind: task   1 nths 21 gpus 1 cpus 25-31,33-39,41-47
0: mpibind: task   2 nths 21 gpus 2 cpus 49-55,57-63,65-71
0: mpibind: task   3 nths 21 gpus 3 cpus 73-79,81-87,89-95
0: 0.116s: flux-shell[35]: mpibind: 
0: mpibind: task   0 nths 21 gpus 0 cpus 1-7,9-15,17-23
0: mpibind: task   1 nths 21 gpus 1 cpus 25-31,33-39,41-47
0: mpibind: task   2 nths 21 gpus 2 cpus 49-55,57-63,65-71
0: mpibind: task   3 nths 21 gpus 3 cpus 73-79,81-87,89-95
0: 0.127s: flux-shell[38]: mpibind: 
0: mpibind: task   0 nths 21 gpus 0 cpus 1-7,9-15,17-23
0: mpibind: task   1 nths 21 gpus 1 cpus 25-31,33-39,41-47
0: mpibind: task   2 nths 21 gpus 2 cpus 49-55,57-63,65-71
0: mpibind: task   3 nths 21 gpus 3 cpus 73-79,81-87,89-95
0: 0.122s: flux-shell[37]: mpibind: 
0: mpibind: task   0 nths 21 gpus 0 cpus 1-7,9-15,17-23
0: mpibind: task   1 nths 21 gpus 1 cpus 25-31,33-39,41-47
0: mpibind: task   2 nths 21 gpus 2 cpus 49-55,57-63,65-71
0: mpibind: task   3 nths 21 gpus 3 cpus 73-79,81-87,89-95
0: 0.119s: flux-shell[39]: mpibind: 
0: mpibind: task   0 nths 21 gpus 0 cpus 1-7,9-15,17-23
0: mpibind: task   1 nths 21 gpus 1 cpus 25-31,33-39,41-47
0: mpibind: task   2 nths 21 gpus 2 cpus 49-55,57-63,65-71
0: mpibind: task   3 nths 21 gpus 3 cpus 73-79,81-87,89-95
0: 0.127s: flux-shell[40]: mpibind: 
0: mpibind: task   0 nths 21 gpus 0 cpus 1-7,9-15,17-23
0: mpibind: task   1 nths 21 gpus 1 cpus 25-31,33-39,41-47
0: mpibind: task   2 nths 21 gpus 2 cpus 49-55,57-63,65-71
0: mpibind: task   3 nths 21 gpus 3 cpus 73-79,81-87,89-95
0: 0.120s: flux-shell[41]: mpibind: 
0: mpibind: task   0 nths 21 gpus 0 cpus 1-7,9-15,17-23
0: mpibind: task   1 nths 21 gpus 1 cpus 25-31,33-39,41-47
0: mpibind: task   2 nths 21 gpus 2 cpus 49-55,57-63,65-71
0: mpibind: task   3 nths 21 gpus 3 cpus 73-79,81-87,89-95
0: 0.122s: flux-shell[42]: mpibind: 
0: mpibind: task   0 nths 21 gpus 0 cpus 1-7,9-15,17-23
0: mpibind: task   1 nths 21 gpus 1 cpus 25-31,33-39,41-47
0: mpibind: task   2 nths 21 gpus 2 cpus 49-55,57-63,65-71
0: mpibind: task   3 nths 21 gpus 3 cpus 73-79,81-87,89-95
0: 0.126s: flux-shell[44]: mpibind: 
0: mpibind: task   0 nths 21 gpus 0 cpus 1-7,9-15,17-23
0: mpibind: task   1 nths 21 gpus 1 cpus 25-31,33-39,41-47
0: mpibind: task   2 nths 21 gpus 2 cpus 49-55,57-63,65-71
0: mpibind: task   3 nths 21 gpus 3 cpus 73-79,81-87,89-95
0: 0.122s: flux-shell[46]: mpibind: 
0: mpibind: task   0 nths 21 gpus 0 cpus 1-7,9-15,17-23
0: mpibind: task   1 nths 21 gpus 1 cpus 25-31,33-39,41-47
0: mpibind: task   2 nths 21 gpus 2 cpus 49-55,57-63,65-71
0: mpibind: task   3 nths 21 gpus 3 cpus 73-79,81-87,89-95
0: 0.120s: flux-shell[58]: mpibind: 
0: mpibind: task   0 nths 21 gpus 0 cpus 1-7,9-15,17-23
0: mpibind: task   1 nths 21 gpus 1 cpus 25-31,33-39,41-47
0: mpibind: task   2 nths 21 gpus 2 cpus 49-55,57-63,65-71
0: mpibind: task   3 nths 21 gpus 3 cpus 73-79,81-87,89-95
0: 0.122s: flux-shell[43]: mpibind: 
0: mpibind: task   0 nths 21 gpus 0 cpus 1-7,9-15,17-23
0: mpibind: task   1 nths 21 gpus 1 cpus 25-31,33-39,41-47
0: mpibind: task   2 nths 21 gpus 2 cpus 49-55,57-63,65-71
0: mpibind: task   3 nths 21 gpus 3 cpus 73-79,81-87,89-95
0: 0.129s: flux-shell[48]: mpibind: 
0: mpibind: task   0 nths 21 gpus 0 cpus 1-7,9-15,17-23
0: mpibind: task   1 nths 21 gpus 1 cpus 25-31,33-39,41-47
0: mpibind: task   2 nths 21 gpus 2 cpus 49-55,57-63,65-71
0: mpibind: task   3 nths 21 gpus 3 cpus 73-79,81-87,89-95
0: 0.118s: flux-shell[45]: mpibind: 
0: mpibind: task   0 nths 21 gpus 0 cpus 1-7,9-15,17-23
0: mpibind: task   1 nths 21 gpus 1 cpus 25-31,33-39,41-47
0: mpibind: task   2 nths 21 gpus 2 cpus 49-55,57-63,65-71
0: mpibind: task   3 nths 21 gpus 3 cpus 73-79,81-87,89-95
0: 0.126s: flux-shell[47]: mpibind: 
0: mpibind: task   0 nths 21 gpus 0 cpus 1-7,9-15,17-23
0: mpibind: task   1 nths 21 gpus 1 cpus 25-31,33-39,41-47
0: mpibind: task   2 nths 21 gpus 2 cpus 49-55,57-63,65-71
0: mpibind: task   3 nths 21 gpus 3 cpus 73-79,81-87,89-95
0: 0.126s: flux-shell[49]: mpibind: 
0: mpibind: task   0 nths 21 gpus 0 cpus 1-7,9-15,17-23
0: mpibind: task   1 nths 21 gpus 1 cpus 25-31,33-39,41-47
0: mpibind: task   2 nths 21 gpus 2 cpus 49-55,57-63,65-71
0: mpibind: task   3 nths 21 gpus 3 cpus 73-79,81-87,89-95
0: 0.128s: flux-shell[50]: mpibind: 
0: mpibind: task   0 nths 21 gpus 0 cpus 1-7,9-15,17-23
0: mpibind: task   1 nths 21 gpus 1 cpus 25-31,33-39,41-47
0: mpibind: task   2 nths 21 gpus 2 cpus 49-55,57-63,65-71
0: mpibind: task   3 nths 21 gpus 3 cpus 73-79,81-87,89-95
0: 0.131s: flux-shell[51]: mpibind: 
0: mpibind: task   0 nths 21 gpus 0 cpus 1-7,9-15,17-23
0: mpibind: task   1 nths 21 gpus 1 cpus 25-31,33-39,41-47
0: mpibind: task   2 nths 21 gpus 2 cpus 49-55,57-63,65-71
0: mpibind: task   3 nths 21 gpus 3 cpus 73-79,81-87,89-95
0: 0.120s: flux-shell[53]: mpibind: 
0: mpibind: task   0 nths 21 gpus 0 cpus 1-7,9-15,17-23
0: mpibind: task   1 nths 21 gpus 1 cpus 25-31,33-39,41-47
0: mpibind: task   2 nths 21 gpus 2 cpus 49-55,57-63,65-71
0: mpibind: task   3 nths 21 gpus 3 cpus 73-79,81-87,89-95
0: 0.127s: flux-shell[52]: mpibind: 
0: mpibind: task   0 nths 21 gpus 0 cpus 1-7,9-15,17-23
0: mpibind: task   1 nths 21 gpus 1 cpus 25-31,33-39,41-47
0: mpibind: task   2 nths 21 gpus 2 cpus 49-55,57-63,65-71
0: mpibind: task   3 nths 21 gpus 3 cpus 73-79,81-87,89-95
0: 0.129s: flux-shell[54]: mpibind: 
0: mpibind: task   0 nths 21 gpus 0 cpus 1-7,9-15,17-23
0: mpibind: task   1 nths 21 gpus 1 cpus 25-31,33-39,41-47
0: mpibind: task   2 nths 21 gpus 2 cpus 49-55,57-63,65-71
0: mpibind: task   3 nths 21 gpus 3 cpus 73-79,81-87,89-95
0: 0.129s: flux-shell[55]: mpibind: 
0: mpibind: task   0 nths 21 gpus 0 cpus 1-7,9-15,17-23
0: mpibind: task   1 nths 21 gpus 1 cpus 25-31,33-39,41-47
0: mpibind: task   2 nths 21 gpus 2 cpus 49-55,57-63,65-71
0: mpibind: task   3 nths 21 gpus 3 cpus 73-79,81-87,89-95
0: 0.125s: flux-shell[57]: mpibind: 
0: mpibind: task   0 nths 21 gpus 0 cpus 1-7,9-15,17-23
0: mpibind: task   1 nths 21 gpus 1 cpus 25-31,33-39,41-47
0: mpibind: task   2 nths 21 gpus 2 cpus 49-55,57-63,65-71
0: mpibind: task   3 nths 21 gpus 3 cpus 73-79,81-87,89-95
0: 0.124s: flux-shell[56]: mpibind: 
0: mpibind: task   0 nths 21 gpus 0 cpus 1-7,9-15,17-23
0: mpibind: task   1 nths 21 gpus 1 cpus 25-31,33-39,41-47
0: mpibind: task   2 nths 21 gpus 2 cpus 49-55,57-63,65-71
0: mpibind: task   3 nths 21 gpus 3 cpus 73-79,81-87,89-95
0: 0.129s: flux-shell[59]: mpibind: 
0: mpibind: task   0 nths 21 gpus 0 cpus 1-7,9-15,17-23
0: mpibind: task   1 nths 21 gpus 1 cpus 25-31,33-39,41-47
0: mpibind: task   2 nths 21 gpus 2 cpus 49-55,57-63,65-71
0: mpibind: task   3 nths 21 gpus 3 cpus 73-79,81-87,89-95
0: 0.128s: flux-shell[61]: mpibind: 
0: mpibind: task   0 nths 21 gpus 0 cpus 1-7,9-15,17-23
0: mpibind: task   1 nths 21 gpus 1 cpus 25-31,33-39,41-47
0: mpibind: task   2 nths 21 gpus 2 cpus 49-55,57-63,65-71
0: mpibind: task   3 nths 21 gpus 3 cpus 73-79,81-87,89-95
0: 0.123s: flux-shell[60]: mpibind: 
0: mpibind: task   0 nths 21 gpus 0 cpus 1-7,9-15,17-23
0: mpibind: task   1 nths 21 gpus 1 cpus 25-31,33-39,41-47
0: mpibind: task   2 nths 21 gpus 2 cpus 49-55,57-63,65-71
0: mpibind: task   3 nths 21 gpus 3 cpus 73-79,81-87,89-95
0: 0.127s: flux-shell[63]: mpibind: 
0: mpibind: task   0 nths 21 gpus 0 cpus 1-7,9-15,17-23
0: mpibind: task   1 nths 21 gpus 1 cpus 25-31,33-39,41-47
0: mpibind: task   2 nths 21 gpus 2 cpus 49-55,57-63,65-71
0: mpibind: task   3 nths 21 gpus 3 cpus 73-79,81-87,89-95
0: 0.133s: flux-shell[62]: mpibind: 
0: mpibind: task   0 nths 21 gpus 0 cpus 1-7,9-15,17-23
0: mpibind: task   1 nths 21 gpus 1 cpus 25-31,33-39,41-47
0: mpibind: task   2 nths 21 gpus 2 cpus 49-55,57-63,65-71
0: mpibind: task   3 nths 21 gpus 3 cpus 73-79,81-87,89-95
0: jobid: f2f5FPdAP
0: 0.100s: flux-shell[1]: mpibind: 
0: mpibind: task   0 nths 21 gpus 0 cpus 1-7,9-15,17-23
0: mpibind: task   1 nths 21 gpus 1 cpus 25-31,33-39,41-47
0: mpibind: task   2 nths 21 gpus 2 cpus 49-55,57-63,65-71
0: mpibind: task   3 nths 21 gpus 3 cpus 73-79,81-87,89-95
0: 0.098s: flux-shell[4]: mpibind: 
0: mpibind: task   0 nths 21 gpus 0 cpus 1-7,9-15,17-23
0: mpibind: task   1 nths 21 gpus 1 cpus 25-31,33-39,41-47
0: mpibind: task   2 nths 21 gpus 2 cpus 49-55,57-63,65-71
0: mpibind: task   3 nths 21 gpus 3 cpus 73-79,81-87,89-95
0: 0.112s: flux-shell[2]: mpibind: 
0: mpibind: task   0 nths 21 gpus 0 cpus 1-7,9-15,17-23
0: mpibind: task   1 nths 21 gpus 1 cpus 25-31,33-39,41-47
0: mpibind: task   2 nths 21 gpus 2 cpus 49-55,57-63,65-71
0: mpibind: task   3 nths 21 gpus 3 cpus 73-79,81-87,89-95
0: 0.105s: flux-shell[6]: mpibind: 
0: mpibind: task   0 nths 21 gpus 0 cpus 1-7,9-15,17-23
0: mpibind: task   1 nths 21 gpus 1 cpus 25-31,33-39,41-47
0: mpibind: task   2 nths 21 gpus 2 cpus 49-55,57-63,65-71
0: mpibind: task   3 nths 21 gpus 3 cpus 73-79,81-87,89-95
0: 0.097s: flux-shell[0]: mpibind: 
0: mpibind: task   0 nths 21 gpus 0 cpus 1-7,9-15,17-23
0: mpibind: task   1 nths 21 gpus 1 cpus 25-31,33-39,41-47
0: mpibind: task   2 nths 21 gpus 2 cpus 49-55,57-63,65-71
0: mpibind: task   3 nths 21 gpus 3 cpus 73-79,81-87,89-95
0: 0.102s: flux-shell[5]: mpibind: 
0: mpibind: task   0 nths 21 gpus 0 cpus 1-7,9-15,17-23
0: mpibind: task   1 nths 21 gpus 1 cpus 25-31,33-39,41-47
0: mpibind: task   2 nths 21 gpus 2 cpus 49-55,57-63,65-71
0: mpibind: task   3 nths 21 gpus 3 cpus 73-79,81-87,89-95
0: 0.101s: flux-shell[7]: mpibind: 
0: mpibind: task   0 nths 21 gpus 0 cpus 1-7,9-15,17-23
0: mpibind: task   1 nths 21 gpus 1 cpus 25-31,33-39,41-47
0: mpibind: task   2 nths 21 gpus 2 cpus 49-55,57-63,65-71
0: mpibind: task   3 nths 21 gpus 3 cpus 73-79,81-87,89-95
0: 0.101s: flux-shell[3]: mpibind: 
0: mpibind: task   0 nths 21 gpus 0 cpus 1-7,9-15,17-23
0: mpibind: task   1 nths 21 gpus 1 cpus 25-31,33-39,41-47
0: mpibind: task   2 nths 21 gpus 2 cpus 49-55,57-63,65-71
0: mpibind: task   3 nths 21 gpus 3 cpus 73-79,81-87,89-95
0: 0.108s: flux-shell[8]: mpibind: 
0: mpibind: task   0 nths 21 gpus 0 cpus 1-7,9-15,17-23
0: mpibind: task   1 nths 21 gpus 1 cpus 25-31,33-39,41-47
0: mpibind: task   2 nths 21 gpus 2 cpus 49-55,57-63,65-71
0: mpibind: task   3 nths 21 gpus 3 cpus 73-79,81-87,89-95
0: 0.095s: flux-shell[9]: mpibind: 
0: mpibind: task   0 nths 21 gpus 0 cpus 1-7,9-15,17-23
0: mpibind: task   1 nths 21 gpus 1 cpus 25-31,33-39,41-47
0: mpibind: task   2 nths 21 gpus 2 cpus 49-55,57-63,65-71
0: mpibind: task   3 nths 21 gpus 3 cpus 73-79,81-87,89-95
0: 0.098s: flux-shell[11]: mpibind: 
0: mpibind: task   0 nths 21 gpus 0 cpus 1-7,9-15,17-23
0: mpibind: task   1 nths 21 gpus 1 cpus 25-31,33-39,41-47
0: mpibind: task   2 nths 21 gpus 2 cpus 49-55,57-63,65-71
0: mpibind: task   3 nths 21 gpus 3 cpus 73-79,81-87,89-95
0: 0.100s: flux-shell[10]: mpibind: 
0: mpibind: task   0 nths 21 gpus 0 cpus 1-7,9-15,17-23
0: mpibind: task   1 nths 21 gpus 1 cpus 25-31,33-39,41-47
0: mpibind: task   2 nths 21 gpus 2 cpus 49-55,57-63,65-71
0: mpibind: task   3 nths 21 gpus 3 cpus 73-79,81-87,89-95
0: 0.105s: flux-shell[12]: mpibind: 
0: mpibind: task   0 nths 21 gpus 0 cpus 1-7,9-15,17-23
0: mpibind: task   1 nths 21 gpus 1 cpus 25-31,33-39,41-47
0: mpibind: task   2 nths 21 gpus 2 cpus 49-55,57-63,65-71
0: mpibind: task   3 nths 21 gpus 3 cpus 73-79,81-87,89-95
0: 0.108s: flux-shell[13]: mpibind: 
0: mpibind: task   0 nths 21 gpus 0 cpus 1-7,9-15,17-23
0: mpibind: task   1 nths 21 gpus 1 cpus 25-31,33-39,41-47
0: mpibind: task   2 nths 21 gpus 2 cpus 49-55,57-63,65-71
0: mpibind: task   3 nths 21 gpus 3 cpus 73-79,81-87,89-95
0: 0.106s: flux-shell[14]: mpibind: 
0: mpibind: task   0 nths 21 gpus 0 cpus 1-7,9-15,17-23
0: mpibind: task   1 nths 21 gpus 1 cpus 25-31,33-39,41-47
0: mpibind: task   2 nths 21 gpus 2 cpus 49-55,57-63,65-71
0: mpibind: task   3 nths 21 gpus 3 cpus 73-79,81-87,89-95
0: 0.102s: flux-shell[15]: mpibind: 
0: mpibind: task   0 nths 21 gpus 0 cpus 1-7,9-15,17-23
0: mpibind: task   1 nths 21 gpus 1 cpus 25-31,33-39,41-47
0: mpibind: task   2 nths 21 gpus 2 cpus 49-55,57-63,65-71
0: mpibind: task   3 nths 21 gpus 3 cpus 73-79,81-87,89-95
0: 0.115s: flux-shell[32]: mpibind: 
0: mpibind: task   0 nths 21 gpus 0 cpus 1-7,9-15,17-23
0: mpibind: task   1 nths 21 gpus 1 cpus 25-31,33-39,41-47
0: mpibind: task   2 nths 21 gpus 2 cpus 49-55,57-63,65-71
0: mpibind: task   3 nths 21 gpus 3 cpus 73-79,81-87,89-95
0: 0.108s: flux-shell[31]: mpibind: 
0: mpibind: task   0 nths 21 gpus 0 cpus 1-7,9-15,17-23
0: mpibind: task   1 nths 21 gpus 1 cpus 25-31,33-39,41-47
0: mpibind: task   2 nths 21 gpus 2 cpus 49-55,57-63,65-71
0: mpibind: task   3 nths 21 gpus 3 cpus 73-79,81-87,89-95
0: 0.111s: flux-shell[30]: mpibind: 
0: mpibind: task   0 nths 21 gpus 0 cpus 1-7,9-15,17-23
0: mpibind: task   1 nths 21 gpus 1 cpus 25-31,33-39,41-47
0: mpibind: task   2 nths 21 gpus 2 cpus 49-55,57-63,65-71
0: mpibind: task   3 nths 21 gpus 3 cpus 73-79,81-87,89-95
0: 0.113s: flux-shell[29]: mpibind: 
0: mpibind: task   0 nths 21 gpus 0 cpus 1-7,9-15,17-23
0: mpibind: task   1 nths 21 gpus 1 cpus 25-31,33-39,41-47
0: mpibind: task   2 nths 21 gpus 2 cpus 49-55,57-63,65-71
0: mpibind: task   3 nths 21 gpus 3 cpus 73-79,81-87,89-95
0: 0.110s: flux-shell[16]: mpibind: 
0: mpibind: task   0 nths 21 gpus 0 cpus 1-7,9-15,17-23
0: mpibind: task   1 nths 21 gpus 1 cpus 25-31,33-39,41-47
0: mpibind: task   2 nths 21 gpus 2 cpus 49-55,57-63,65-71
0: mpibind: task   3 nths 21 gpus 3 cpus 73-79,81-87,89-95
0: 0.103s: flux-shell[17]: mpibind: 
0: mpibind: task   0 nths 21 gpus 0 cpus 1-7,9-15,17-23
0: mpibind: task   1 nths 21 gpus 1 cpus 25-31,33-39,41-47
0: mpibind: task   2 nths 21 gpus 2 cpus 49-55,57-63,65-71
0: mpibind: task   3 nths 21 gpus 3 cpus 73-79,81-87,89-95
0: 0.107s: flux-shell[18]: mpibind: 
0: mpibind: task   0 nths 21 gpus 0 cpus 1-7,9-15,17-23
0: mpibind: task   1 nths 21 gpus 1 cpus 25-31,33-39,41-47
0: mpibind: task   2 nths 21 gpus 2 cpus 49-55,57-63,65-71
0: mpibind: task   3 nths 21 gpus 3 cpus 73-79,81-87,89-95
0: 0.105s: flux-shell[19]: mpibind: 
0: mpibind: task   0 nths 21 gpus 0 cpus 1-7,9-15,17-23
0: mpibind: task   1 nths 21 gpus 1 cpus 25-31,33-39,41-47
0: mpibind: task   2 nths 21 gpus 2 cpus 49-55,57-63,65-71
0: mpibind: task   3 nths 21 gpus 3 cpus 73-79,81-87,89-95
0: 0.105s: flux-shell[20]: mpibind: 
0: mpibind: task   0 nths 21 gpus 0 cpus 1-7,9-15,17-23
0: mpibind: task   1 nths 21 gpus 1 cpus 25-31,33-39,41-47
0: mpibind: task   2 nths 21 gpus 2 cpus 49-55,57-63,65-71
0: mpibind: task   3 nths 21 gpus 3 cpus 73-79,81-87,89-95
0: 0.114s: flux-shell[21]: mpibind: 
0: mpibind: task   0 nths 21 gpus 0 cpus 1-7,9-15,17-23
0: mpibind: task   1 nths 21 gpus 1 cpus 25-31,33-39,41-47
0: mpibind: task   2 nths 21 gpus 2 cpus 49-55,57-63,65-71
0: mpibind: task   3 nths 21 gpus 3 cpus 73-79,81-87,89-95
0: 0.107s: flux-shell[22]: mpibind: 
0: mpibind: task   0 nths 21 gpus 0 cpus 1-7,9-15,17-23
0: mpibind: task   1 nths 21 gpus 1 cpus 25-31,33-39,41-47
0: mpibind: task   2 nths 21 gpus 2 cpus 49-55,57-63,65-71
0: mpibind: task   3 nths 21 gpus 3 cpus 73-79,81-87,89-95
0: 0.113s: flux-shell[23]: mpibind: 
0: mpibind: task   0 nths 21 gpus 0 cpus 1-7,9-15,17-23
0: mpibind: task   1 nths 21 gpus 1 cpus 25-31,33-39,41-47
0: mpibind: task   2 nths 21 gpus 2 cpus 49-55,57-63,65-71
0: mpibind: task   3 nths 21 gpus 3 cpus 73-79,81-87,89-95
0: 0.110s: flux-shell[24]: mpibind: 
0: mpibind: task   0 nths 21 gpus 0 cpus 1-7,9-15,17-23
0: mpibind: task   1 nths 21 gpus 1 cpus 25-31,33-39,41-47
0: mpibind: task   2 nths 21 gpus 2 cpus 49-55,57-63,65-71
0: mpibind: task   3 nths 21 gpus 3 cpus 73-79,81-87,89-95
0: 0.110s: flux-shell[25]: mpibind: 
0: mpibind: task   0 nths 21 gpus 0 cpus 1-7,9-15,17-23
0: mpibind: task   1 nths 21 gpus 1 cpus 25-31,33-39,41-47
0: mpibind: task   2 nths 21 gpus 2 cpus 49-55,57-63,65-71
0: mpibind: task   3 nths 21 gpus 3 cpus 73-79,81-87,89-95
0: 0.111s: flux-shell[26]: mpibind: 
0: mpibind: task   0 nths 21 gpus 0 cpus 1-7,9-15,17-23
0: mpibind: task   1 nths 21 gpus 1 cpus 25-31,33-39,41-47
0: mpibind: task   2 nths 21 gpus 2 cpus 49-55,57-63,65-71
0: mpibind: task   3 nths 21 gpus 3 cpus 73-79,81-87,89-95
0: 0.113s: flux-shell[27]: mpibind: 
0: mpibind: task   0 nths 21 gpus 0 cpus 1-7,9-15,17-23
0: mpibind: task   1 nths 21 gpus 1 cpus 25-31,33-39,41-47
0: mpibind: task   2 nths 21 gpus 2 cpus 49-55,57-63,65-71
0: mpibind: task   3 nths 21 gpus 3 cpus 73-79,81-87,89-95
0: 0.114s: flux-shell[28]: mpibind: 
0: mpibind: task   0 nths 21 gpus 0 cpus 1-7,9-15,17-23
0: mpibind: task   1 nths 21 gpus 1 cpus 25-31,33-39,41-47
0: mpibind: task   2 nths 21 gpus 2 cpus 49-55,57-63,65-71
0: mpibind: task   3 nths 21 gpus 3 cpus 73-79,81-87,89-95
0: 0.109s: flux-shell[33]: mpibind: 
0: mpibind: task   0 nths 21 gpus 0 cpus 1-7,9-15,17-23
0: mpibind: task   1 nths 21 gpus 1 cpus 25-31,33-39,41-47
0: mpibind: task   2 nths 21 gpus 2 cpus 49-55,57-63,65-71
0: mpibind: task   3 nths 21 gpus 3 cpus 73-79,81-87,89-95
0: 0.109s: flux-shell[34]: mpibind: 
0: mpibind: task   0 nths 21 gpus 0 cpus 1-7,9-15,17-23
0: mpibind: task   1 nths 21 gpus 1 cpus 25-31,33-39,41-47
0: mpibind: task   2 nths 21 gpus 2 cpus 49-55,57-63,65-71
0: mpibind: task   3 nths 21 gpus 3 cpus 73-79,81-87,89-95
0: 0.107s: flux-shell[37]: mpibind: 
0: mpibind: task   0 nths 21 gpus 0 cpus 1-7,9-15,17-23
0: mpibind: task   1 nths 21 gpus 1 cpus 25-31,33-39,41-47
0: mpibind: task   2 nths 21 gpus 2 cpus 49-55,57-63,65-71
0: mpibind: task   3 nths 21 gpus 3 cpus 73-79,81-87,89-95
0: 0.110s: flux-shell[36]: mpibind: 
0: mpibind: task   0 nths 21 gpus 0 cpus 1-7,9-15,17-23
0: mpibind: task   1 nths 21 gpus 1 cpus 25-31,33-39,41-47
0: mpibind: task   2 nths 21 gpus 2 cpus 49-55,57-63,65-71
0: mpibind: task   3 nths 21 gpus 3 cpus 73-79,81-87,89-95
0: 0.103s: flux-shell[35]: mpibind: 
0: mpibind: task   0 nths 21 gpus 0 cpus 1-7,9-15,17-23
0: mpibind: task   1 nths 21 gpus 1 cpus 25-31,33-39,41-47
0: mpibind: task   2 nths 21 gpus 2 cpus 49-55,57-63,65-71
0: mpibind: task   3 nths 21 gpus 3 cpus 73-79,81-87,89-95
0: 0.109s: flux-shell[38]: mpibind: 
0: mpibind: task   0 nths 21 gpus 0 cpus 1-7,9-15,17-23
0: mpibind: task   1 nths 21 gpus 1 cpus 25-31,33-39,41-47
0: mpibind: task   2 nths 21 gpus 2 cpus 49-55,57-63,65-71
0: mpibind: task   3 nths 21 gpus 3 cpus 73-79,81-87,89-95
0: 0.104s: flux-shell[39]: mpibind: 
0: mpibind: task   0 nths 21 gpus 0 cpus 1-7,9-15,17-23
0: mpibind: task   1 nths 21 gpus 1 cpus 25-31,33-39,41-47
0: mpibind: task   2 nths 21 gpus 2 cpus 49-55,57-63,65-71
0: mpibind: task   3 nths 21 gpus 3 cpus 73-79,81-87,89-95
0: 0.110s: flux-shell[40]: mpibind: 
0: mpibind: task   0 nths 21 gpus 0 cpus 1-7,9-15,17-23
0: mpibind: task   1 nths 21 gpus 1 cpus 25-31,33-39,41-47
0: mpibind: task   2 nths 21 gpus 2 cpus 49-55,57-63,65-71
0: mpibind: task   3 nths 21 gpus 3 cpus 73-79,81-87,89-95
0: 0.104s: flux-shell[41]: mpibind: 
0: mpibind: task   0 nths 21 gpus 0 cpus 1-7,9-15,17-23
0: mpibind: task   1 nths 21 gpus 1 cpus 25-31,33-39,41-47
0: mpibind: task   2 nths 21 gpus 2 cpus 49-55,57-63,65-71
0: mpibind: task   3 nths 21 gpus 3 cpus 73-79,81-87,89-95
0: 0.110s: flux-shell[42]: mpibind: 
0: mpibind: task   0 nths 21 gpus 0 cpus 1-7,9-15,17-23
0: mpibind: task   1 nths 21 gpus 1 cpus 25-31,33-39,41-47
0: mpibind: task   2 nths 21 gpus 2 cpus 49-55,57-63,65-71
0: mpibind: task   3 nths 21 gpus 3 cpus 73-79,81-87,89-95
0: 0.112s: flux-shell[44]: mpibind: 
0: mpibind: task   0 nths 21 gpus 0 cpus 1-7,9-15,17-23
0: mpibind: task   1 nths 21 gpus 1 cpus 25-31,33-39,41-47
0: mpibind: task   2 nths 21 gpus 2 cpus 49-55,57-63,65-71
0: mpibind: task   3 nths 21 gpus 3 cpus 73-79,81-87,89-95
0: 0.116s: flux-shell[46]: mpibind: 
0: mpibind: task   0 nths 21 gpus 0 cpus 1-7,9-15,17-23
0: mpibind: task   1 nths 21 gpus 1 cpus 25-31,33-39,41-47
0: mpibind: task   2 nths 21 gpus 2 cpus 49-55,57-63,65-71
0: mpibind: task   3 nths 21 gpus 3 cpus 73-79,81-87,89-95
0: 0.112s: flux-shell[48]: mpibind: 
0: mpibind: task   0 nths 21 gpus 0 cpus 1-7,9-15,17-23
0: mpibind: task   1 nths 21 gpus 1 cpus 25-31,33-39,41-47
0: mpibind: task   2 nths 21 gpus 2 cpus 49-55,57-63,65-71
0: mpibind: task   3 nths 21 gpus 3 cpus 73-79,81-87,89-95
0: 0.115s: flux-shell[49]: mpibind: 
0: mpibind: task   0 nths 21 gpus 0 cpus 1-7,9-15,17-23
0: mpibind: task   1 nths 21 gpus 1 cpus 25-31,33-39,41-47
0: mpibind: task   2 nths 21 gpus 2 cpus 49-55,57-63,65-71
0: mpibind: task   3 nths 21 gpus 3 cpus 73-79,81-87,89-95
0: 0.115s: flux-shell[50]: mpibind: 
0: mpibind: task   0 nths 21 gpus 0 cpus 1-7,9-15,17-23
0: mpibind: task   1 nths 21 gpus 1 cpus 25-31,33-39,41-47
0: mpibind: task   2 nths 21 gpus 2 cpus 49-55,57-63,65-71
0: mpibind: task   3 nths 21 gpus 3 cpus 73-79,81-87,89-95
0: 0.109s: flux-shell[53]: mpibind: 
0: mpibind: task   0 nths 21 gpus 0 cpus 1-7,9-15,17-23
0: mpibind: task   1 nths 21 gpus 1 cpus 25-31,33-39,41-47
0: mpibind: task   2 nths 21 gpus 2 cpus 49-55,57-63,65-71
0: mpibind: task   3 nths 21 gpus 3 cpus 73-79,81-87,89-95
0: 0.114s: flux-shell[51]: mpibind: 
0: mpibind: task   0 nths 21 gpus 0 cpus 1-7,9-15,17-23
0: mpibind: task   1 nths 21 gpus 1 cpus 25-31,33-39,41-47
0: mpibind: task   2 nths 21 gpus 2 cpus 49-55,57-63,65-71
0: mpibind: task   3 nths 21 gpus 3 cpus 73-79,81-87,89-95
0: 0.116s: flux-shell[54]: mpibind: 
0: mpibind: task   0 nths 21 gpus 0 cpus 1-7,9-15,17-23
0: mpibind: task   1 nths 21 gpus 1 cpus 25-31,33-39,41-47
0: mpibind: task   2 nths 21 gpus 2 cpus 49-55,57-63,65-71
0: mpibind: task   3 nths 21 gpus 3 cpus 73-79,81-87,89-95
0: 0.110s: flux-shell[45]: mpibind: 
0: mpibind: task   0 nths 21 gpus 0 cpus 1-7,9-15,17-23
0: mpibind: task   1 nths 21 gpus 1 cpus 25-31,33-39,41-47
0: mpibind: task   2 nths 21 gpus 2 cpus 49-55,57-63,65-71
0: mpibind: task   3 nths 21 gpus 3 cpus 73-79,81-87,89-95
0: 0.116s: flux-shell[43]: mpibind: 
0: mpibind: task   0 nths 21 gpus 0 cpus 1-7,9-15,17-23
0: mpibind: task   1 nths 21 gpus 1 cpus 25-31,33-39,41-47
0: mpibind: task   2 nths 21 gpus 2 cpus 49-55,57-63,65-71
0: mpibind: task   3 nths 21 gpus 3 cpus 73-79,81-87,89-95
0: 0.115s: flux-shell[58]: mpibind: 
0: mpibind: task   0 nths 21 gpus 0 cpus 1-7,9-15,17-23
0: mpibind: task   1 nths 21 gpus 1 cpus 25-31,33-39,41-47
0: mpibind: task   2 nths 21 gpus 2 cpus 49-55,57-63,65-71
0: mpibind: task   3 nths 21 gpus 3 cpus 73-79,81-87,89-95
0: 0.118s: flux-shell[55]: mpibind: 
0: mpibind: task   0 nths 21 gpus 0 cpus 1-7,9-15,17-23
0: mpibind: task   1 nths 21 gpus 1 cpus 25-31,33-39,41-47
0: mpibind: task   2 nths 21 gpus 2 cpus 49-55,57-63,65-71
0: mpibind: task   3 nths 21 gpus 3 cpus 73-79,81-87,89-95
0: 0.116s: flux-shell[47]: mpibind: 
0: mpibind: task   0 nths 21 gpus 0 cpus 1-7,9-15,17-23
0: mpibind: task   1 nths 21 gpus 1 cpus 25-31,33-39,41-47
0: mpibind: task   2 nths 21 gpus 2 cpus 49-55,57-63,65-71
0: mpibind: task   3 nths 21 gpus 3 cpus 73-79,81-87,89-95
0: 0.109s: flux-shell[57]: mpibind: 
0: mpibind: task   0 nths 21 gpus 0 cpus 1-7,9-15,17-23
0: mpibind: task   1 nths 21 gpus 1 cpus 25-31,33-39,41-47
0: mpibind: task   2 nths 21 gpus 2 cpus 49-55,57-63,65-71
0: mpibind: task   3 nths 21 gpus 3 cpus 73-79,81-87,89-95
0: 0.112s: flux-shell[52]: mpibind: 
0: mpibind: task   0 nths 21 gpus 0 cpus 1-7,9-15,17-23
0: mpibind: task   1 nths 21 gpus 1 cpus 25-31,33-39,41-47
0: mpibind: task   2 nths 21 gpus 2 cpus 49-55,57-63,65-71
0: mpibind: task   3 nths 21 gpus 3 cpus 73-79,81-87,89-95
0: 0.111s: flux-shell[56]: mpibind: 
0: mpibind: task   0 nths 21 gpus 0 cpus 1-7,9-15,17-23
0: mpibind: task   1 nths 21 gpus 1 cpus 25-31,33-39,41-47
0: mpibind: task   2 nths 21 gpus 2 cpus 49-55,57-63,65-71
0: mpibind: task   3 nths 21 gpus 3 cpus 73-79,81-87,89-95
0: 0.115s: flux-shell[61]: mpibind: 
0: mpibind: task   0 nths 21 gpus 0 cpus 1-7,9-15,17-23
0: mpibind: task   1 nths 21 gpus 1 cpus 25-31,33-39,41-47
0: mpibind: task   2 nths 21 gpus 2 cpus 49-55,57-63,65-71
0: mpibind: task   3 nths 21 gpus 3 cpus 73-79,81-87,89-95
0: 0.117s: flux-shell[59]: mpibind: 
0: mpibind: task   0 nths 21 gpus 0 cpus 1-7,9-15,17-23
0: mpibind: task   1 nths 21 gpus 1 cpus 25-31,33-39,41-47
0: mpibind: task   2 nths 21 gpus 2 cpus 49-55,57-63,65-71
0: mpibind: task   3 nths 21 gpus 3 cpus 73-79,81-87,89-95
0: 0.107s: flux-shell[60]: mpibind: 
0: mpibind: task   0 nths 21 gpus 0 cpus 1-7,9-15,17-23
0: mpibind: task   1 nths 21 gpus 1 cpus 25-31,33-39,41-47
0: mpibind: task   2 nths 21 gpus 2 cpus 49-55,57-63,65-71
0: mpibind: task   3 nths 21 gpus 3 cpus 73-79,81-87,89-95
0: 0.118s: flux-shell[63]: mpibind: 
0: mpibind: task   0 nths 21 gpus 0 cpus 1-7,9-15,17-23
0: mpibind: task   1 nths 21 gpus 1 cpus 25-31,33-39,41-47
0: mpibind: task   2 nths 21 gpus 2 cpus 49-55,57-63,65-71
0: mpibind: task   3 nths 21 gpus 3 cpus 73-79,81-87,89-95
0: 0.121s: flux-shell[62]: mpibind: 
0: mpibind: task   0 nths 21 gpus 0 cpus 1-7,9-15,17-23
0: mpibind: task   1 nths 21 gpus 1 cpus 25-31,33-39,41-47
0: mpibind: task   2 nths 21 gpus 2 cpus 49-55,57-63,65-71
0: mpibind: task   3 nths 21 gpus 3 cpus 73-79,81-87,89-95
0: jobid: f2oLDKbfm
0: 0.100s: flux-shell[0]: mpibind: 
0: mpibind: task   0 nths 21 gpus 0 cpus 1-7,9-15,17-23
0: mpibind: task   1 nths 21 gpus 1 cpus 25-31,33-39,41-47
0: mpibind: task   2 nths 21 gpus 2 cpus 49-55,57-63,65-71
0: mpibind: task   3 nths 21 gpus 3 cpus 73-79,81-87,89-95
0: 0.107s: flux-shell[13]: mpibind: 
0: mpibind: task   0 nths 21 gpus 0 cpus 1-7,9-15,17-23
0: mpibind: task   1 nths 21 gpus 1 cpus 25-31,33-39,41-47
0: mpibind: task   2 nths 21 gpus 2 cpus 49-55,57-63,65-71
0: mpibind: task   3 nths 21 gpus 3 cpus 73-79,81-87,89-95
0: 0.106s: flux-shell[1]: mpibind: 
0: mpibind: task   0 nths 21 gpus 0 cpus 1-7,9-15,17-23
0: mpibind: task   1 nths 21 gpus 1 cpus 25-31,33-39,41-47
0: mpibind: task   2 nths 21 gpus 2 cpus 49-55,57-63,65-71
0: mpibind: task   3 nths 21 gpus 3 cpus 73-79,81-87,89-95
0: 0.107s: flux-shell[2]: mpibind: 
0: mpibind: task   0 nths 21 gpus 0 cpus 1-7,9-15,17-23
0: mpibind: task   1 nths 21 gpus 1 cpus 25-31,33-39,41-47
0: mpibind: task   2 nths 21 gpus 2 cpus 49-55,57-63,65-71
0: mpibind: task   3 nths 21 gpus 3 cpus 73-79,81-87,89-95
0: 0.113s: flux-shell[3]: mpibind: 
0: mpibind: task   0 nths 21 gpus 0 cpus 1-7,9-15,17-23
0: mpibind: task   1 nths 21 gpus 1 cpus 25-31,33-39,41-47
0: mpibind: task   2 nths 21 gpus 2 cpus 49-55,57-63,65-71
0: mpibind: task   3 nths 21 gpus 3 cpus 73-79,81-87,89-95
0: 0.103s: flux-shell[4]: mpibind: 
0: mpibind: task   0 nths 21 gpus 0 cpus 1-7,9-15,17-23
0: mpibind: task   1 nths 21 gpus 1 cpus 25-31,33-39,41-47
0: mpibind: task   2 nths 21 gpus 2 cpus 49-55,57-63,65-71
0: mpibind: task   3 nths 21 gpus 3 cpus 73-79,81-87,89-95
0: 0.114s: flux-shell[6]: mpibind: 
0: mpibind: task   0 nths 21 gpus 0 cpus 1-7,9-15,17-23
0: mpibind: task   1 nths 21 gpus 1 cpus 25-31,33-39,41-47
0: mpibind: task   2 nths 21 gpus 2 cpus 49-55,57-63,65-71
0: mpibind: task   3 nths 21 gpus 3 cpus 73-79,81-87,89-95
0: 0.103s: flux-shell[5]: mpibind: 
0: mpibind: task   0 nths 21 gpus 0 cpus 1-7,9-15,17-23
0: mpibind: task   1 nths 21 gpus 1 cpus 25-31,33-39,41-47
0: mpibind: task   2 nths 21 gpus 2 cpus 49-55,57-63,65-71
0: mpibind: task   3 nths 21 gpus 3 cpus 73-79,81-87,89-95
0: 0.111s: flux-shell[7]: mpibind: 
0: mpibind: task   0 nths 21 gpus 0 cpus 1-7,9-15,17-23
0: mpibind: task   1 nths 21 gpus 1 cpus 25-31,33-39,41-47
0: mpibind: task   2 nths 21 gpus 2 cpus 49-55,57-63,65-71
0: mpibind: task   3 nths 21 gpus 3 cpus 73-79,81-87,89-95
0: 0.104s: flux-shell[8]: mpibind: 
0: mpibind: task   0 nths 21 gpus 0 cpus 1-7,9-15,17-23
0: mpibind: task   1 nths 21 gpus 1 cpus 25-31,33-39,41-47
0: mpibind: task   2 nths 21 gpus 2 cpus 49-55,57-63,65-71
0: mpibind: task   3 nths 21 gpus 3 cpus 73-79,81-87,89-95
0: 0.106s: flux-shell[9]: mpibind: 
0: mpibind: task   0 nths 21 gpus 0 cpus 1-7,9-15,17-23
0: mpibind: task   1 nths 21 gpus 1 cpus 25-31,33-39,41-47
0: mpibind: task   2 nths 21 gpus 2 cpus 49-55,57-63,65-71
0: mpibind: task   3 nths 21 gpus 3 cpus 73-79,81-87,89-95
0: 0.100s: flux-shell[10]: mpibind: 
0: mpibind: task   0 nths 21 gpus 0 cpus 1-7,9-15,17-23
0: mpibind: task   1 nths 21 gpus 1 cpus 25-31,33-39,41-47
0: mpibind: task   2 nths 21 gpus 2 cpus 49-55,57-63,65-71
0: mpibind: task   3 nths 21 gpus 3 cpus 73-79,81-87,89-95
0: 0.116s: flux-shell[11]: mpibind: 
0: mpibind: task   0 nths 21 gpus 0 cpus 1-7,9-15,17-23
0: mpibind: task   1 nths 21 gpus 1 cpus 25-31,33-39,41-47
0: mpibind: task   2 nths 21 gpus 2 cpus 49-55,57-63,65-71
0: mpibind: task   3 nths 21 gpus 3 cpus 73-79,81-87,89-95
0: 0.110s: flux-shell[12]: mpibind: 
0: mpibind: task   0 nths 21 gpus 0 cpus 1-7,9-15,17-23
0: mpibind: task   1 nths 21 gpus 1 cpus 25-31,33-39,41-47
0: mpibind: task   2 nths 21 gpus 2 cpus 49-55,57-63,65-71
0: mpibind: task   3 nths 21 gpus 3 cpus 73-79,81-87,89-95
0: 0.118s: flux-shell[32]: mpibind: 
0: mpibind: task   0 nths 21 gpus 0 cpus 1-7,9-15,17-23
0: mpibind: task   1 nths 21 gpus 1 cpus 25-31,33-39,41-47
0: mpibind: task   2 nths 21 gpus 2 cpus 49-55,57-63,65-71
0: mpibind: task   3 nths 21 gpus 3 cpus 73-79,81-87,89-95
0: 0.117s: flux-shell[14]: mpibind: 
0: mpibind: task   0 nths 21 gpus 0 cpus 1-7,9-15,17-23
0: mpibind: task   1 nths 21 gpus 1 cpus 25-31,33-39,41-47
0: mpibind: task   2 nths 21 gpus 2 cpus 49-55,57-63,65-71
0: mpibind: task   3 nths 21 gpus 3 cpus 73-79,81-87,89-95
0: 0.105s: flux-shell[15]: mpibind: 
0: mpibind: task   0 nths 21 gpus 0 cpus 1-7,9-15,17-23
0: mpibind: task   1 nths 21 gpus 1 cpus 25-31,33-39,41-47
0: mpibind: task   2 nths 21 gpus 2 cpus 49-55,57-63,65-71
0: mpibind: task   3 nths 21 gpus 3 cpus 73-79,81-87,89-95
0: 0.116s: flux-shell[16]: mpibind: 
0: mpibind: task   0 nths 21 gpus 0 cpus 1-7,9-15,17-23
0: mpibind: task   1 nths 21 gpus 1 cpus 25-31,33-39,41-47
0: mpibind: task   2 nths 21 gpus 2 cpus 49-55,57-63,65-71
0: mpibind: task   3 nths 21 gpus 3 cpus 73-79,81-87,89-95
0: 0.112s: flux-shell[17]: mpibind: 
0: mpibind: task   0 nths 21 gpus 0 cpus 1-7,9-15,17-23
0: mpibind: task   1 nths 21 gpus 1 cpus 25-31,33-39,41-47
0: mpibind: task   2 nths 21 gpus 2 cpus 49-55,57-63,65-71
0: mpibind: task   3 nths 21 gpus 3 cpus 73-79,81-87,89-95
0: 0.112s: flux-shell[18]: mpibind: 
0: mpibind: task   0 nths 21 gpus 0 cpus 1-7,9-15,17-23
0: mpibind: task   1 nths 21 gpus 1 cpus 25-31,33-39,41-47
0: mpibind: task   2 nths 21 gpus 2 cpus 49-55,57-63,65-71
0: mpibind: task   3 nths 21 gpus 3 cpus 73-79,81-87,89-95
0: 0.114s: flux-shell[19]: mpibind: 
0: mpibind: task   0 nths 21 gpus 0 cpus 1-7,9-15,17-23
0: mpibind: task   1 nths 21 gpus 1 cpus 25-31,33-39,41-47
0: mpibind: task   2 nths 21 gpus 2 cpus 49-55,57-63,65-71
0: mpibind: task   3 nths 21 gpus 3 cpus 73-79,81-87,89-95
0: 0.114s: flux-shell[20]: mpibind: 
0: mpibind: task   0 nths 21 gpus 0 cpus 1-7,9-15,17-23
0: mpibind: task   1 nths 21 gpus 1 cpus 25-31,33-39,41-47
0: mpibind: task   2 nths 21 gpus 2 cpus 49-55,57-63,65-71
0: mpibind: task   3 nths 21 gpus 3 cpus 73-79,81-87,89-95
0: 0.121s: flux-shell[21]: mpibind: 
0: mpibind: task   0 nths 21 gpus 0 cpus 1-7,9-15,17-23
0: mpibind: task   1 nths 21 gpus 1 cpus 25-31,33-39,41-47
0: mpibind: task   2 nths 21 gpus 2 cpus 49-55,57-63,65-71
0: mpibind: task   3 nths 21 gpus 3 cpus 73-79,81-87,89-95
0: 0.117s: flux-shell[22]: mpibind: 
0: mpibind: task   0 nths 21 gpus 0 cpus 1-7,9-15,17-23
0: mpibind: task   1 nths 21 gpus 1 cpus 25-31,33-39,41-47
0: mpibind: task   2 nths 21 gpus 2 cpus 49-55,57-63,65-71
0: mpibind: task   3 nths 21 gpus 3 cpus 73-79,81-87,89-95
0: 0.116s: flux-shell[23]: mpibind: 
0: mpibind: task   0 nths 21 gpus 0 cpus 1-7,9-15,17-23
0: mpibind: task   1 nths 21 gpus 1 cpus 25-31,33-39,41-47
0: mpibind: task   2 nths 21 gpus 2 cpus 49-55,57-63,65-71
0: mpibind: task   3 nths 21 gpus 3 cpus 73-79,81-87,89-95
0: 0.118s: flux-shell[24]: mpibind: 
0: mpibind: task   0 nths 21 gpus 0 cpus 1-7,9-15,17-23
0: mpibind: task   1 nths 21 gpus 1 cpus 25-31,33-39,41-47
0: mpibind: task   2 nths 21 gpus 2 cpus 49-55,57-63,65-71
0: mpibind: task   3 nths 21 gpus 3 cpus 73-79,81-87,89-95
0: 0.116s: flux-shell[25]: mpibind: 
0: mpibind: task   0 nths 21 gpus 0 cpus 1-7,9-15,17-23
0: mpibind: task   1 nths 21 gpus 1 cpus 25-31,33-39,41-47
0: mpibind: task   2 nths 21 gpus 2 cpus 49-55,57-63,65-71
0: mpibind: task   3 nths 21 gpus 3 cpus 73-79,81-87,89-95
0: 0.112s: flux-shell[26]: mpibind: 
0: mpibind: task   0 nths 21 gpus 0 cpus 1-7,9-15,17-23
0: mpibind: task   1 nths 21 gpus 1 cpus 25-31,33-39,41-47
0: mpibind: task   2 nths 21 gpus 2 cpus 49-55,57-63,65-71
0: mpibind: task   3 nths 21 gpus 3 cpus 73-79,81-87,89-95
0: 0.118s: flux-shell[27]: mpibind: 
0: mpibind: task   0 nths 21 gpus 0 cpus 1-7,9-15,17-23
0: mpibind: task   1 nths 21 gpus 1 cpus 25-31,33-39,41-47
0: mpibind: task   2 nths 21 gpus 2 cpus 49-55,57-63,65-71
0: mpibind: task   3 nths 21 gpus 3 cpus 73-79,81-87,89-95
0: 0.118s: flux-shell[28]: mpibind: 
0: mpibind: task   0 nths 21 gpus 0 cpus 1-7,9-15,17-23
0: mpibind: task   1 nths 21 gpus 1 cpus 25-31,33-39,41-47
0: mpibind: task   2 nths 21 gpus 2 cpus 49-55,57-63,65-71
0: mpibind: task   3 nths 21 gpus 3 cpus 73-79,81-87,89-95
0: 0.117s: flux-shell[29]: mpibind: 
0: mpibind: task   0 nths 21 gpus 0 cpus 1-7,9-15,17-23
0: mpibind: task   1 nths 21 gpus 1 cpus 25-31,33-39,41-47
0: mpibind: task   2 nths 21 gpus 2 cpus 49-55,57-63,65-71
0: mpibind: task   3 nths 21 gpus 3 cpus 73-79,81-87,89-95
0: 0.112s: flux-shell[30]: mpibind: 
0: mpibind: task   0 nths 21 gpus 0 cpus 1-7,9-15,17-23
0: mpibind: task   1 nths 21 gpus 1 cpus 25-31,33-39,41-47
0: mpibind: task   2 nths 21 gpus 2 cpus 49-55,57-63,65-71
0: mpibind: task   3 nths 21 gpus 3 cpus 73-79,81-87,89-95
0: 0.113s: flux-shell[31]: mpibind: 
0: mpibind: task   0 nths 21 gpus 0 cpus 1-7,9-15,17-23
0: mpibind: task   1 nths 21 gpus 1 cpus 25-31,33-39,41-47
0: mpibind: task   2 nths 21 gpus 2 cpus 49-55,57-63,65-71
0: mpibind: task   3 nths 21 gpus 3 cpus 73-79,81-87,89-95
0: 0.129s: flux-shell[41]: mpibind: 
0: mpibind: task   0 nths 21 gpus 0 cpus 1-7,9-15,17-23
0: mpibind: task   1 nths 21 gpus 1 cpus 25-31,33-39,41-47
0: mpibind: task   2 nths 21 gpus 2 cpus 49-55,57-63,65-71
0: mpibind: task   3 nths 21 gpus 3 cpus 73-79,81-87,89-95
0: 0.119s: flux-shell[42]: mpibind: 
0: mpibind: task   0 nths 21 gpus 0 cpus 1-7,9-15,17-23
0: mpibind: task   1 nths 21 gpus 1 cpus 25-31,33-39,41-47
0: mpibind: task   2 nths 21 gpus 2 cpus 49-55,57-63,65-71
0: mpibind: task   3 nths 21 gpus 3 cpus 73-79,81-87,89-95
0: 0.109s: flux-shell[34]: mpibind: 
0: mpibind: task   0 nths 21 gpus 0 cpus 1-7,9-15,17-23
0: mpibind: task   1 nths 21 gpus 1 cpus 25-31,33-39,41-47
0: mpibind: task   2 nths 21 gpus 2 cpus 49-55,57-63,65-71
0: mpibind: task   3 nths 21 gpus 3 cpus 73-79,81-87,89-95
0: 0.115s: flux-shell[36]: mpibind: 
0: mpibind: task   0 nths 21 gpus 0 cpus 1-7,9-15,17-23
0: mpibind: task   1 nths 21 gpus 1 cpus 25-31,33-39,41-47
0: mpibind: task   2 nths 21 gpus 2 cpus 49-55,57-63,65-71
0: mpibind: task   3 nths 21 gpus 3 cpus 73-79,81-87,89-95
0: 0.118s: flux-shell[43]: mpibind: 
0: mpibind: task   0 nths 21 gpus 0 cpus 1-7,9-15,17-23
0: mpibind: task   1 nths 21 gpus 1 cpus 25-31,33-39,41-47
0: mpibind: task   2 nths 21 gpus 2 cpus 49-55,57-63,65-71
0: mpibind: task   3 nths 21 gpus 3 cpus 73-79,81-87,89-95
0: 0.112s: flux-shell[33]: mpibind: 
0: mpibind: task   0 nths 21 gpus 0 cpus 1-7,9-15,17-23
0: mpibind: task   1 nths 21 gpus 1 cpus 25-31,33-39,41-47
0: mpibind: task   2 nths 21 gpus 2 cpus 49-55,57-63,65-71
0: mpibind: task   3 nths 21 gpus 3 cpus 73-79,81-87,89-95
0: 0.111s: flux-shell[44]: mpibind: 
0: mpibind: task   0 nths 21 gpus 0 cpus 1-7,9-15,17-23
0: mpibind: task   1 nths 21 gpus 1 cpus 25-31,33-39,41-47
0: mpibind: task   2 nths 21 gpus 2 cpus 49-55,57-63,65-71
0: mpibind: task   3 nths 21 gpus 3 cpus 73-79,81-87,89-95
0: 0.109s: flux-shell[35]: mpibind: 
0: mpibind: task   0 nths 21 gpus 0 cpus 1-7,9-15,17-23
0: mpibind: task   1 nths 21 gpus 1 cpus 25-31,33-39,41-47
0: mpibind: task   2 nths 21 gpus 2 cpus 49-55,57-63,65-71
0: mpibind: task   3 nths 21 gpus 3 cpus 73-79,81-87,89-95
0: 0.123s: flux-shell[45]: mpibind: 
0: mpibind: task   0 nths 21 gpus 0 cpus 1-7,9-15,17-23
0: mpibind: task   1 nths 21 gpus 1 cpus 25-31,33-39,41-47
0: mpibind: task   2 nths 21 gpus 2 cpus 49-55,57-63,65-71
0: mpibind: task   3 nths 21 gpus 3 cpus 73-79,81-87,89-95
0: 0.116s: flux-shell[38]: mpibind: 
0: mpibind: task   0 nths 21 gpus 0 cpus 1-7,9-15,17-23
0: mpibind: task   1 nths 21 gpus 1 cpus 25-31,33-39,41-47
0: mpibind: task   2 nths 21 gpus 2 cpus 49-55,57-63,65-71
0: mpibind: task   3 nths 21 gpus 3 cpus 73-79,81-87,89-95
0: 0.125s: flux-shell[46]: mpibind: 
0: mpibind: task   0 nths 21 gpus 0 cpus 1-7,9-15,17-23
0: mpibind: task   1 nths 21 gpus 1 cpus 25-31,33-39,41-47
0: mpibind: task   2 nths 21 gpus 2 cpus 49-55,57-63,65-71
0: mpibind: task   3 nths 21 gpus 3 cpus 73-79,81-87,89-95
0: 0.119s: flux-shell[37]: mpibind: 
0: mpibind: task   0 nths 21 gpus 0 cpus 1-7,9-15,17-23
0: mpibind: task   1 nths 21 gpus 1 cpus 25-31,33-39,41-47
0: mpibind: task   2 nths 21 gpus 2 cpus 49-55,57-63,65-71
0: mpibind: task   3 nths 21 gpus 3 cpus 73-79,81-87,89-95
0: 0.116s: flux-shell[47]: mpibind: 
0: mpibind: task   0 nths 21 gpus 0 cpus 1-7,9-15,17-23
0: mpibind: task   1 nths 21 gpus 1 cpus 25-31,33-39,41-47
0: mpibind: task   2 nths 21 gpus 2 cpus 49-55,57-63,65-71
0: mpibind: task   3 nths 21 gpus 3 cpus 73-79,81-87,89-95
0: 0.119s: flux-shell[48]: mpibind: 
0: mpibind: task   0 nths 21 gpus 0 cpus 1-7,9-15,17-23
0: mpibind: task   1 nths 21 gpus 1 cpus 25-31,33-39,41-47
0: mpibind: task   2 nths 21 gpus 2 cpus 49-55,57-63,65-71
0: mpibind: task   3 nths 21 gpus 3 cpus 73-79,81-87,89-95
0: 0.112s: flux-shell[39]: mpibind: 
0: mpibind: task   0 nths 21 gpus 0 cpus 1-7,9-15,17-23
0: mpibind: task   1 nths 21 gpus 1 cpus 25-31,33-39,41-47
0: mpibind: task   2 nths 21 gpus 2 cpus 49-55,57-63,65-71
0: mpibind: task   3 nths 21 gpus 3 cpus 73-79,81-87,89-95
0: 0.124s: flux-shell[49]: mpibind: 
0: mpibind: task   0 nths 21 gpus 0 cpus 1-7,9-15,17-23
0: mpibind: task   1 nths 21 gpus 1 cpus 25-31,33-39,41-47
0: mpibind: task   2 nths 21 gpus 2 cpus 49-55,57-63,65-71
0: mpibind: task   3 nths 21 gpus 3 cpus 73-79,81-87,89-95
0: 0.117s: flux-shell[40]: mpibind: 
0: mpibind: task   0 nths 21 gpus 0 cpus 1-7,9-15,17-23
0: mpibind: task   1 nths 21 gpus 1 cpus 25-31,33-39,41-47
0: mpibind: task   2 nths 21 gpus 2 cpus 49-55,57-63,65-71
0: mpibind: task   3 nths 21 gpus 3 cpus 73-79,81-87,89-95
0: 0.123s: flux-shell[50]: mpibind: 
0: mpibind: task   0 nths 21 gpus 0 cpus 1-7,9-15,17-23
0: mpibind: task   1 nths 21 gpus 1 cpus 25-31,33-39,41-47
0: mpibind: task   2 nths 21 gpus 2 cpus 49-55,57-63,65-71
0: mpibind: task   3 nths 21 gpus 3 cpus 73-79,81-87,89-95
0: 0.122s: flux-shell[51]: mpibind: 
0: mpibind: task   0 nths 21 gpus 0 cpus 1-7,9-15,17-23
0: mpibind: task   1 nths 21 gpus 1 cpus 25-31,33-39,41-47
0: mpibind: task   2 nths 21 gpus 2 cpus 49-55,57-63,65-71
0: mpibind: task   3 nths 21 gpus 3 cpus 73-79,81-87,89-95
0: 0.120s: flux-shell[52]: mpibind: 
0: mpibind: task   0 nths 21 gpus 0 cpus 1-7,9-15,17-23
0: mpibind: task   1 nths 21 gpus 1 cpus 25-31,33-39,41-47
0: mpibind: task   2 nths 21 gpus 2 cpus 49-55,57-63,65-71
0: mpibind: task   3 nths 21 gpus 3 cpus 73-79,81-87,89-95
0: 0.120s: flux-shell[53]: mpibind: 
0: mpibind: task   0 nths 21 gpus 0 cpus 1-7,9-15,17-23
0: mpibind: task   1 nths 21 gpus 1 cpus 25-31,33-39,41-47
0: mpibind: task   2 nths 21 gpus 2 cpus 49-55,57-63,65-71
0: mpibind: task   3 nths 21 gpus 3 cpus 73-79,81-87,89-95
0: 0.128s: flux-shell[54]: mpibind: 
0: mpibind: task   0 nths 21 gpus 0 cpus 1-7,9-15,17-23
0: mpibind: task   1 nths 21 gpus 1 cpus 25-31,33-39,41-47
0: mpibind: task   2 nths 21 gpus 2 cpus 49-55,57-63,65-71
0: mpibind: task   3 nths 21 gpus 3 cpus 73-79,81-87,89-95
0: 0.124s: flux-shell[55]: mpibind: 
0: mpibind: task   0 nths 21 gpus 0 cpus 1-7,9-15,17-23
0: mpibind: task   1 nths 21 gpus 1 cpus 25-31,33-39,41-47
0: mpibind: task   2 nths 21 gpus 2 cpus 49-55,57-63,65-71
0: mpibind: task   3 nths 21 gpus 3 cpus 73-79,81-87,89-95
0: 0.118s: flux-shell[56]: mpibind: 
0: mpibind: task   0 nths 21 gpus 0 cpus 1-7,9-15,17-23
0: mpibind: task   1 nths 21 gpus 1 cpus 25-31,33-39,41-47
0: mpibind: task   2 nths 21 gpus 2 cpus 49-55,57-63,65-71
0: mpibind: task   3 nths 21 gpus 3 cpus 73-79,81-87,89-95
0: 0.116s: flux-shell[57]: mpibind: 
0: mpibind: task   0 nths 21 gpus 0 cpus 1-7,9-15,17-23
0: mpibind: task   1 nths 21 gpus 1 cpus 25-31,33-39,41-47
0: mpibind: task   2 nths 21 gpus 2 cpus 49-55,57-63,65-71
0: mpibind: task   3 nths 21 gpus 3 cpus 73-79,81-87,89-95
0: 0.125s: flux-shell[58]: mpibind: 
0: mpibind: task   0 nths 21 gpus 0 cpus 1-7,9-15,17-23
0: mpibind: task   1 nths 21 gpus 1 cpus 25-31,33-39,41-47
0: mpibind: task   2 nths 21 gpus 2 cpus 49-55,57-63,65-71
0: mpibind: task   3 nths 21 gpus 3 cpus 73-79,81-87,89-95
0: 0.129s: flux-shell[59]: mpibind: 
0: mpibind: task   0 nths 21 gpus 0 cpus 1-7,9-15,17-23
0: mpibind: task   1 nths 21 gpus 1 cpus 25-31,33-39,41-47
0: mpibind: task   2 nths 21 gpus 2 cpus 49-55,57-63,65-71
0: mpibind: task   3 nths 21 gpus 3 cpus 73-79,81-87,89-95
0: 0.126s: flux-shell[60]: mpibind: 
0: mpibind: task   0 nths 21 gpus 0 cpus 1-7,9-15,17-23
0: mpibind: task   1 nths 21 gpus 1 cpus 25-31,33-39,41-47
0: mpibind: task   2 nths 21 gpus 2 cpus 49-55,57-63,65-71
0: mpibind: task   3 nths 21 gpus 3 cpus 73-79,81-87,89-95
0: 0.123s: flux-shell[61]: mpibind: 
0: mpibind: task   0 nths 21 gpus 0 cpus 1-7,9-15,17-23
0: mpibind: task   1 nths 21 gpus 1 cpus 25-31,33-39,41-47
0: mpibind: task   2 nths 21 gpus 2 cpus 49-55,57-63,65-71
0: mpibind: task   3 nths 21 gpus 3 cpus 73-79,81-87,89-95
0: 0.124s: flux-shell[63]: mpibind: 
0: mpibind: task   0 nths 21 gpus 0 cpus 1-7,9-15,17-23
0: mpibind: task   1 nths 21 gpus 1 cpus 25-31,33-39,41-47
0: mpibind: task   2 nths 21 gpus 2 cpus 49-55,57-63,65-71
0: mpibind: task   3 nths 21 gpus 3 cpus 73-79,81-87,89-95
0: 0.123s: flux-shell[62]: mpibind: 
0: mpibind: task   0 nths 21 gpus 0 cpus 1-7,9-15,17-23
0: mpibind: task   1 nths 21 gpus 1 cpus 25-31,33-39,41-47
0: mpibind: task   2 nths 21 gpus 2 cpus 49-55,57-63,65-71
0: mpibind: task   3 nths 21 gpus 3 cpus 73-79,81-87,89-95
0: jobid: f2watwi5M
0: 0.109s: flux-shell[1]: mpibind: 
0: mpibind: task   0 nths 21 gpus 0 cpus 1-7,9-15,17-23
0: mpibind: task   1 nths 21 gpus 1 cpus 25-31,33-39,41-47
0: mpibind: task   2 nths 21 gpus 2 cpus 49-55,57-63,65-71
0: mpibind: task   3 nths 21 gpus 3 cpus 73-79,81-87,89-95
0: 0.105s: flux-shell[4]: mpibind: 
0: mpibind: task   0 nths 21 gpus 0 cpus 1-7,9-15,17-23
0: mpibind: task   1 nths 21 gpus 1 cpus 25-31,33-39,41-47
0: mpibind: task   2 nths 21 gpus 2 cpus 49-55,57-63,65-71
0: mpibind: task   3 nths 21 gpus 3 cpus 73-79,81-87,89-95
0: 0.104s: flux-shell[0]: mpibind: 
0: mpibind: task   0 nths 21 gpus 0 cpus 1-7,9-15,17-23
0: mpibind: task   1 nths 21 gpus 1 cpus 25-31,33-39,41-47
0: mpibind: task   2 nths 21 gpus 2 cpus 49-55,57-63,65-71
0: mpibind: task   3 nths 21 gpus 3 cpus 73-79,81-87,89-95
0: 0.115s: flux-shell[2]: mpibind: 
0: mpibind: task   0 nths 21 gpus 0 cpus 1-7,9-15,17-23
0: mpibind: task   1 nths 21 gpus 1 cpus 25-31,33-39,41-47
0: mpibind: task   2 nths 21 gpus 2 cpus 49-55,57-63,65-71
0: mpibind: task   3 nths 21 gpus 3 cpus 73-79,81-87,89-95
0: 0.111s: flux-shell[15]: mpibind: 
0: mpibind: task   0 nths 21 gpus 0 cpus 1-7,9-15,17-23
0: mpibind: task   1 nths 21 gpus 1 cpus 25-31,33-39,41-47
0: mpibind: task   2 nths 21 gpus 2 cpus 49-55,57-63,65-71
0: mpibind: task   3 nths 21 gpus 3 cpus 73-79,81-87,89-95
0: 0.101s: flux-shell[6]: mpibind: 
0: mpibind: task   0 nths 21 gpus 0 cpus 1-7,9-15,17-23
0: mpibind: task   1 nths 21 gpus 1 cpus 25-31,33-39,41-47
0: mpibind: task   2 nths 21 gpus 2 cpus 49-55,57-63,65-71
0: mpibind: task   3 nths 21 gpus 3 cpus 73-79,81-87,89-95
0: 0.111s: flux-shell[5]: mpibind: 
0: mpibind: task   0 nths 21 gpus 0 cpus 1-7,9-15,17-23
0: mpibind: task   1 nths 21 gpus 1 cpus 25-31,33-39,41-47
0: mpibind: task   2 nths 21 gpus 2 cpus 49-55,57-63,65-71
0: mpibind: task   3 nths 21 gpus 3 cpus 73-79,81-87,89-95
0: 0.103s: flux-shell[3]: mpibind: 
0: mpibind: task   0 nths 21 gpus 0 cpus 1-7,9-15,17-23
0: mpibind: task   1 nths 21 gpus 1 cpus 25-31,33-39,41-47
0: mpibind: task   2 nths 21 gpus 2 cpus 49-55,57-63,65-71
0: mpibind: task   3 nths 21 gpus 3 cpus 73-79,81-87,89-95
0: 0.112s: flux-shell[8]: mpibind: 
0: mpibind: task   0 nths 21 gpus 0 cpus 1-7,9-15,17-23
0: mpibind: task   1 nths 21 gpus 1 cpus 25-31,33-39,41-47
0: mpibind: task   2 nths 21 gpus 2 cpus 49-55,57-63,65-71
0: mpibind: task   3 nths 21 gpus 3 cpus 73-79,81-87,89-95
0: 0.117s: flux-shell[7]: mpibind: 
0: mpibind: task   0 nths 21 gpus 0 cpus 1-7,9-15,17-23
0: mpibind: task   1 nths 21 gpus 1 cpus 25-31,33-39,41-47
0: mpibind: task   2 nths 21 gpus 2 cpus 49-55,57-63,65-71
0: mpibind: task   3 nths 21 gpus 3 cpus 73-79,81-87,89-95
0: 0.106s: flux-shell[9]: mpibind: 
0: mpibind: task   0 nths 21 gpus 0 cpus 1-7,9-15,17-23
0: mpibind: task   1 nths 21 gpus 1 cpus 25-31,33-39,41-47
0: mpibind: task   2 nths 21 gpus 2 cpus 49-55,57-63,65-71
0: mpibind: task   3 nths 21 gpus 3 cpus 73-79,81-87,89-95
0: 0.112s: flux-shell[10]: mpibind: 
0: mpibind: task   0 nths 21 gpus 0 cpus 1-7,9-15,17-23
0: mpibind: task   1 nths 21 gpus 1 cpus 25-31,33-39,41-47
0: mpibind: task   2 nths 21 gpus 2 cpus 49-55,57-63,65-71
0: mpibind: task   3 nths 21 gpus 3 cpus 73-79,81-87,89-95
0: 0.106s: flux-shell[11]: mpibind: 
0: mpibind: task   0 nths 21 gpus 0 cpus 1-7,9-15,17-23
0: mpibind: task   1 nths 21 gpus 1 cpus 25-31,33-39,41-47
0: mpibind: task   2 nths 21 gpus 2 cpus 49-55,57-63,65-71
0: mpibind: task   3 nths 21 gpus 3 cpus 73-79,81-87,89-95
0: 0.114s: flux-shell[12]: mpibind: 
0: mpibind: task   0 nths 21 gpus 0 cpus 1-7,9-15,17-23
0: mpibind: task   1 nths 21 gpus 1 cpus 25-31,33-39,41-47
0: mpibind: task   2 nths 21 gpus 2 cpus 49-55,57-63,65-71
0: mpibind: task   3 nths 21 gpus 3 cpus 73-79,81-87,89-95
0: 0.110s: flux-shell[13]: mpibind: 
0: mpibind: task   0 nths 21 gpus 0 cpus 1-7,9-15,17-23
0: mpibind: task   1 nths 21 gpus 1 cpus 25-31,33-39,41-47
0: mpibind: task   2 nths 21 gpus 2 cpus 49-55,57-63,65-71
0: mpibind: task   3 nths 21 gpus 3 cpus 73-79,81-87,89-95
0: 0.116s: flux-shell[14]: mpibind: 
0: mpibind: task   0 nths 21 gpus 0 cpus 1-7,9-15,17-23
0: mpibind: task   1 nths 21 gpus 1 cpus 25-31,33-39,41-47
0: mpibind: task   2 nths 21 gpus 2 cpus 49-55,57-63,65-71
0: mpibind: task   3 nths 21 gpus 3 cpus 73-79,81-87,89-95
0: 0.121s: flux-shell[32]: mpibind: 
0: mpibind: task   0 nths 21 gpus 0 cpus 1-7,9-15,17-23
0: mpibind: task   1 nths 21 gpus 1 cpus 25-31,33-39,41-47
0: mpibind: task   2 nths 21 gpus 2 cpus 49-55,57-63,65-71
0: mpibind: task   3 nths 21 gpus 3 cpus 73-79,81-87,89-95
0: 0.112s: flux-shell[31]: mpibind: 
0: mpibind: task   0 nths 21 gpus 0 cpus 1-7,9-15,17-23
0: mpibind: task   1 nths 21 gpus 1 cpus 25-31,33-39,41-47
0: mpibind: task   2 nths 21 gpus 2 cpus 49-55,57-63,65-71
0: mpibind: task   3 nths 21 gpus 3 cpus 73-79,81-87,89-95
0: 0.113s: flux-shell[16]: mpibind: 
0: mpibind: task   0 nths 21 gpus 0 cpus 1-7,9-15,17-23
0: mpibind: task   1 nths 21 gpus 1 cpus 25-31,33-39,41-47
0: mpibind: task   2 nths 21 gpus 2 cpus 49-55,57-63,65-71
0: mpibind: task   3 nths 21 gpus 3 cpus 73-79,81-87,89-95
0: 0.104s: flux-shell[17]: mpibind: 
0: mpibind: task   0 nths 21 gpus 0 cpus 1-7,9-15,17-23
0: mpibind: task   1 nths 21 gpus 1 cpus 25-31,33-39,41-47
0: mpibind: task   2 nths 21 gpus 2 cpus 49-55,57-63,65-71
0: mpibind: task   3 nths 21 gpus 3 cpus 73-79,81-87,89-95
0: 0.110s: flux-shell[18]: mpibind: 
0: mpibind: task   0 nths 21 gpus 0 cpus 1-7,9-15,17-23
0: mpibind: task   1 nths 21 gpus 1 cpus 25-31,33-39,41-47
0: mpibind: task   2 nths 21 gpus 2 cpus 49-55,57-63,65-71
0: mpibind: task   3 nths 21 gpus 3 cpus 73-79,81-87,89-95
0: 0.110s: flux-shell[19]: mpibind: 
0: mpibind: task   0 nths 21 gpus 0 cpus 1-7,9-15,17-23
0: mpibind: task   1 nths 21 gpus 1 cpus 25-31,33-39,41-47
0: mpibind: task   2 nths 21 gpus 2 cpus 49-55,57-63,65-71
0: mpibind: task   3 nths 21 gpus 3 cpus 73-79,81-87,89-95
0: 0.111s: flux-shell[20]: mpibind: 
0: mpibind: task   0 nths 21 gpus 0 cpus 1-7,9-15,17-23
0: mpibind: task   1 nths 21 gpus 1 cpus 25-31,33-39,41-47
0: mpibind: task   2 nths 21 gpus 2 cpus 49-55,57-63,65-71
0: mpibind: task   3 nths 21 gpus 3 cpus 73-79,81-87,89-95
0: 0.117s: flux-shell[21]: mpibind: 
0: mpibind: task   0 nths 21 gpus 0 cpus 1-7,9-15,17-23
0: mpibind: task   1 nths 21 gpus 1 cpus 25-31,33-39,41-47
0: mpibind: task   2 nths 21 gpus 2 cpus 49-55,57-63,65-71
0: mpibind: task   3 nths 21 gpus 3 cpus 73-79,81-87,89-95
0: 0.117s: flux-shell[22]: mpibind: 
0: mpibind: task   0 nths 21 gpus 0 cpus 1-7,9-15,17-23
0: mpibind: task   1 nths 21 gpus 1 cpus 25-31,33-39,41-47
0: mpibind: task   2 nths 21 gpus 2 cpus 49-55,57-63,65-71
0: mpibind: task   3 nths 21 gpus 3 cpus 73-79,81-87,89-95
0: 0.121s: flux-shell[23]: mpibind: 
0: mpibind: task   0 nths 21 gpus 0 cpus 1-7,9-15,17-23
0: mpibind: task   1 nths 21 gpus 1 cpus 25-31,33-39,41-47
0: mpibind: task   2 nths 21 gpus 2 cpus 49-55,57-63,65-71
0: mpibind: task   3 nths 21 gpus 3 cpus 73-79,81-87,89-95
0: 0.120s: flux-shell[24]: mpibind: 
0: mpibind: task   0 nths 21 gpus 0 cpus 1-7,9-15,17-23
0: mpibind: task   1 nths 21 gpus 1 cpus 25-31,33-39,41-47
0: mpibind: task   2 nths 21 gpus 2 cpus 49-55,57-63,65-71
0: mpibind: task   3 nths 21 gpus 3 cpus 73-79,81-87,89-95
0: 0.120s: flux-shell[25]: mpibind: 
0: mpibind: task   0 nths 21 gpus 0 cpus 1-7,9-15,17-23
0: mpibind: task   1 nths 21 gpus 1 cpus 25-31,33-39,41-47
0: mpibind: task   2 nths 21 gpus 2 cpus 49-55,57-63,65-71
0: mpibind: task   3 nths 21 gpus 3 cpus 73-79,81-87,89-95
0: 0.113s: flux-shell[26]: mpibind: 
0: mpibind: task   0 nths 21 gpus 0 cpus 1-7,9-15,17-23
0: mpibind: task   1 nths 21 gpus 1 cpus 25-31,33-39,41-47
0: mpibind: task   2 nths 21 gpus 2 cpus 49-55,57-63,65-71
0: mpibind: task   3 nths 21 gpus 3 cpus 73-79,81-87,89-95
0: 0.118s: flux-shell[27]: mpibind: 
0: mpibind: task   0 nths 21 gpus 0 cpus 1-7,9-15,17-23
0: mpibind: task   1 nths 21 gpus 1 cpus 25-31,33-39,41-47
0: mpibind: task   2 nths 21 gpus 2 cpus 49-55,57-63,65-71
0: mpibind: task   3 nths 21 gpus 3 cpus 73-79,81-87,89-95
0: 0.119s: flux-shell[28]: mpibind: 
0: mpibind: task   0 nths 21 gpus 0 cpus 1-7,9-15,17-23
0: mpibind: task   1 nths 21 gpus 1 cpus 25-31,33-39,41-47
0: mpibind: task   2 nths 21 gpus 2 cpus 49-55,57-63,65-71
0: mpibind: task   3 nths 21 gpus 3 cpus 73-79,81-87,89-95
0: 0.118s: flux-shell[29]: mpibind: 
0: mpibind: task   0 nths 21 gpus 0 cpus 1-7,9-15,17-23
0: mpibind: task   1 nths 21 gpus 1 cpus 25-31,33-39,41-47
0: mpibind: task   2 nths 21 gpus 2 cpus 49-55,57-63,65-71
0: mpibind: task   3 nths 21 gpus 3 cpus 73-79,81-87,89-95
0: 0.115s: flux-shell[30]: mpibind: 
0: mpibind: task   0 nths 21 gpus 0 cpus 1-7,9-15,17-23
0: mpibind: task   1 nths 21 gpus 1 cpus 25-31,33-39,41-47
0: mpibind: task   2 nths 21 gpus 2 cpus 49-55,57-63,65-71
0: mpibind: task   3 nths 21 gpus 3 cpus 73-79,81-87,89-95
0: 0.113s: flux-shell[33]: mpibind: 
0: mpibind: task   0 nths 21 gpus 0 cpus 1-7,9-15,17-23
0: mpibind: task   1 nths 21 gpus 1 cpus 25-31,33-39,41-47
0: mpibind: task   2 nths 21 gpus 2 cpus 49-55,57-63,65-71
0: mpibind: task   3 nths 21 gpus 3 cpus 73-79,81-87,89-95
0: 0.110s: flux-shell[36]: mpibind: 
0: mpibind: task   0 nths 21 gpus 0 cpus 1-7,9-15,17-23
0: mpibind: task   1 nths 21 gpus 1 cpus 25-31,33-39,41-47
0: mpibind: task   2 nths 21 gpus 2 cpus 49-55,57-63,65-71
0: mpibind: task   3 nths 21 gpus 3 cpus 73-79,81-87,89-95
0: 0.114s: flux-shell[38]: mpibind: 
0: mpibind: task   0 nths 21 gpus 0 cpus 1-7,9-15,17-23
0: mpibind: task   1 nths 21 gpus 1 cpus 25-31,33-39,41-47
0: mpibind: task   2 nths 21 gpus 2 cpus 49-55,57-63,65-71
0: mpibind: task   3 nths 21 gpus 3 cpus 73-79,81-87,89-95
0: 0.109s: flux-shell[39]: mpibind: 
0: mpibind: task   0 nths 21 gpus 0 cpus 1-7,9-15,17-23
0: mpibind: task   1 nths 21 gpus 1 cpus 25-31,33-39,41-47
0: mpibind: task   2 nths 21 gpus 2 cpus 49-55,57-63,65-71
0: mpibind: task   3 nths 21 gpus 3 cpus 73-79,81-87,89-95
0: 0.107s: flux-shell[34]: mpibind: 
0: mpibind: task   0 nths 21 gpus 0 cpus 1-7,9-15,17-23
0: mpibind: task   1 nths 21 gpus 1 cpus 25-31,33-39,41-47
0: mpibind: task   2 nths 21 gpus 2 cpus 49-55,57-63,65-71
0: mpibind: task   3 nths 21 gpus 3 cpus 73-79,81-87,89-95
0: 0.113s: flux-shell[35]: mpibind: 
0: mpibind: task   0 nths 21 gpus 0 cpus 1-7,9-15,17-23
0: mpibind: task   1 nths 21 gpus 1 cpus 25-31,33-39,41-47
0: mpibind: task   2 nths 21 gpus 2 cpus 49-55,57-63,65-71
0: mpibind: task   3 nths 21 gpus 3 cpus 73-79,81-87,89-95
0: 0.111s: flux-shell[37]: mpibind: 
0: mpibind: task   0 nths 21 gpus 0 cpus 1-7,9-15,17-23
0: mpibind: task   1 nths 21 gpus 1 cpus 25-31,33-39,41-47
0: mpibind: task   2 nths 21 gpus 2 cpus 49-55,57-63,65-71
0: mpibind: task   3 nths 21 gpus 3 cpus 73-79,81-87,89-95
0: 0.116s: flux-shell[40]: mpibind: 
0: mpibind: task   0 nths 21 gpus 0 cpus 1-7,9-15,17-23
0: mpibind: task   1 nths 21 gpus 1 cpus 25-31,33-39,41-47
0: mpibind: task   2 nths 21 gpus 2 cpus 49-55,57-63,65-71
0: mpibind: task   3 nths 21 gpus 3 cpus 73-79,81-87,89-95
0: 0.119s: flux-shell[41]: mpibind: 
0: mpibind: task   0 nths 21 gpus 0 cpus 1-7,9-15,17-23
0: mpibind: task   1 nths 21 gpus 1 cpus 25-31,33-39,41-47
0: mpibind: task   2 nths 21 gpus 2 cpus 49-55,57-63,65-71
0: mpibind: task   3 nths 21 gpus 3 cpus 73-79,81-87,89-95
0: 0.113s: flux-shell[42]: mpibind: 
0: mpibind: task   0 nths 21 gpus 0 cpus 1-7,9-15,17-23
0: mpibind: task   1 nths 21 gpus 1 cpus 25-31,33-39,41-47
0: mpibind: task   2 nths 21 gpus 2 cpus 49-55,57-63,65-71
0: mpibind: task   3 nths 21 gpus 3 cpus 73-79,81-87,89-95
0: 0.124s: flux-shell[46]: mpibind: 
0: mpibind: task   0 nths 21 gpus 0 cpus 1-7,9-15,17-23
0: mpibind: task   1 nths 21 gpus 1 cpus 25-31,33-39,41-47
0: mpibind: task   2 nths 21 gpus 2 cpus 49-55,57-63,65-71
0: mpibind: task   3 nths 21 gpus 3 cpus 73-79,81-87,89-95
0: 0.112s: flux-shell[44]: mpibind: 
0: mpibind: task   0 nths 21 gpus 0 cpus 1-7,9-15,17-23
0: mpibind: task   1 nths 21 gpus 1 cpus 25-31,33-39,41-47
0: mpibind: task   2 nths 21 gpus 2 cpus 49-55,57-63,65-71
0: mpibind: task   3 nths 21 gpus 3 cpus 73-79,81-87,89-95
0: 0.120s: flux-shell[48]: mpibind: 
0: mpibind: task   0 nths 21 gpus 0 cpus 1-7,9-15,17-23
0: mpibind: task   1 nths 21 gpus 1 cpus 25-31,33-39,41-47
0: mpibind: task   2 nths 21 gpus 2 cpus 49-55,57-63,65-71
0: mpibind: task   3 nths 21 gpus 3 cpus 73-79,81-87,89-95
0: 0.121s: flux-shell[43]: mpibind: 
0: mpibind: task   0 nths 21 gpus 0 cpus 1-7,9-15,17-23
0: mpibind: task   1 nths 21 gpus 1 cpus 25-31,33-39,41-47
0: mpibind: task   2 nths 21 gpus 2 cpus 49-55,57-63,65-71
0: mpibind: task   3 nths 21 gpus 3 cpus 73-79,81-87,89-95
0: 0.122s: flux-shell[50]: mpibind: 
0: mpibind: task   0 nths 21 gpus 0 cpus 1-7,9-15,17-23
0: mpibind: task   1 nths 21 gpus 1 cpus 25-31,33-39,41-47
0: mpibind: task   2 nths 21 gpus 2 cpus 49-55,57-63,65-71
0: mpibind: task   3 nths 21 gpus 3 cpus 73-79,81-87,89-95
0: 0.121s: flux-shell[49]: mpibind: 
0: mpibind: task   0 nths 21 gpus 0 cpus 1-7,9-15,17-23
0: mpibind: task   1 nths 21 gpus 1 cpus 25-31,33-39,41-47
0: mpibind: task   2 nths 21 gpus 2 cpus 49-55,57-63,65-71
0: mpibind: task   3 nths 21 gpus 3 cpus 73-79,81-87,89-95
0: 0.117s: flux-shell[45]: mpibind: 
0: mpibind: task   0 nths 21 gpus 0 cpus 1-7,9-15,17-23
0: mpibind: task   1 nths 21 gpus 1 cpus 25-31,33-39,41-47
0: mpibind: task   2 nths 21 gpus 2 cpus 49-55,57-63,65-71
0: mpibind: task   3 nths 21 gpus 3 cpus 73-79,81-87,89-95
0: 0.119s: flux-shell[51]: mpibind: 
0: mpibind: task   0 nths 21 gpus 0 cpus 1-7,9-15,17-23
0: mpibind: task   1 nths 21 gpus 1 cpus 25-31,33-39,41-47
0: mpibind: task   2 nths 21 gpus 2 cpus 49-55,57-63,65-71
0: mpibind: task   3 nths 21 gpus 3 cpus 73-79,81-87,89-95
0: 0.118s: flux-shell[56]: mpibind: 
0: mpibind: task   0 nths 21 gpus 0 cpus 1-7,9-15,17-23
0: mpibind: task   1 nths 21 gpus 1 cpus 25-31,33-39,41-47
0: mpibind: task   2 nths 21 gpus 2 cpus 49-55,57-63,65-71
0: mpibind: task   3 nths 21 gpus 3 cpus 73-79,81-87,89-95
0: 0.116s: flux-shell[57]: mpibind: 
0: mpibind: task   0 nths 21 gpus 0 cpus 1-7,9-15,17-23
0: mpibind: task   1 nths 21 gpus 1 cpus 25-31,33-39,41-47
0: mpibind: task   2 nths 21 gpus 2 cpus 49-55,57-63,65-71
0: mpibind: task   3 nths 21 gpus 3 cpus 73-79,81-87,89-95
0: 0.116s: flux-shell[47]: mpibind: 
0: mpibind: task   0 nths 21 gpus 0 cpus 1-7,9-15,17-23
0: mpibind: task   1 nths 21 gpus 1 cpus 25-31,33-39,41-47
0: mpibind: task   2 nths 21 gpus 2 cpus 49-55,57-63,65-71
0: mpibind: task   3 nths 21 gpus 3 cpus 73-79,81-87,89-95
0: 0.122s: flux-shell[52]: mpibind: 
0: mpibind: task   0 nths 21 gpus 0 cpus 1-7,9-15,17-23
0: mpibind: task   1 nths 21 gpus 1 cpus 25-31,33-39,41-47
0: mpibind: task   2 nths 21 gpus 2 cpus 49-55,57-63,65-71
0: mpibind: task   3 nths 21 gpus 3 cpus 73-79,81-87,89-95
0: 0.115s: flux-shell[53]: mpibind: 
0: mpibind: task   0 nths 21 gpus 0 cpus 1-7,9-15,17-23
0: mpibind: task   1 nths 21 gpus 1 cpus 25-31,33-39,41-47
0: mpibind: task   2 nths 21 gpus 2 cpus 49-55,57-63,65-71
0: mpibind: task   3 nths 21 gpus 3 cpus 73-79,81-87,89-95
0: 0.119s: flux-shell[54]: mpibind: 
0: mpibind: task   0 nths 21 gpus 0 cpus 1-7,9-15,17-23
0: mpibind: task   1 nths 21 gpus 1 cpus 25-31,33-39,41-47
0: mpibind: task   2 nths 21 gpus 2 cpus 49-55,57-63,65-71
0: mpibind: task   3 nths 21 gpus 3 cpus 73-79,81-87,89-95
0: 0.124s: flux-shell[55]: mpibind: 
0: mpibind: task   0 nths 21 gpus 0 cpus 1-7,9-15,17-23
0: mpibind: task   1 nths 21 gpus 1 cpus 25-31,33-39,41-47
0: mpibind: task   2 nths 21 gpus 2 cpus 49-55,57-63,65-71
0: mpibind: task   3 nths 21 gpus 3 cpus 73-79,81-87,89-95
0: 0.121s: flux-shell[58]: mpibind: 
0: mpibind: task   0 nths 21 gpus 0 cpus 1-7,9-15,17-23
0: mpibind: task   1 nths 21 gpus 1 cpus 25-31,33-39,41-47
0: mpibind: task   2 nths 21 gpus 2 cpus 49-55,57-63,65-71
0: mpibind: task   3 nths 21 gpus 3 cpus 73-79,81-87,89-95
0: 0.128s: flux-shell[63]: mpibind: 
0: mpibind: task   0 nths 21 gpus 0 cpus 1-7,9-15,17-23
0: mpibind: task   1 nths 21 gpus 1 cpus 25-31,33-39,41-47
0: mpibind: task   2 nths 21 gpus 2 cpus 49-55,57-63,65-71
0: mpibind: task   3 nths 21 gpus 3 cpus 73-79,81-87,89-95
0: 0.126s: flux-shell[62]: mpibind: 
0: mpibind: task   0 nths 21 gpus 0 cpus 1-7,9-15,17-23
0: mpibind: task   1 nths 21 gpus 1 cpus 25-31,33-39,41-47
0: mpibind: task   2 nths 21 gpus 2 cpus 49-55,57-63,65-71
0: mpibind: task   3 nths 21 gpus 3 cpus 73-79,81-87,89-95
0: 0.121s: flux-shell[61]: mpibind: 
0: mpibind: task   0 nths 21 gpus 0 cpus 1-7,9-15,17-23
0: mpibind: task   1 nths 21 gpus 1 cpus 25-31,33-39,41-47
0: mpibind: task   2 nths 21 gpus 2 cpus 49-55,57-63,65-71
0: mpibind: task   3 nths 21 gpus 3 cpus 73-79,81-87,89-95
0: 0.121s: flux-shell[60]: mpibind: 
0: mpibind: task   0 nths 21 gpus 0 cpus 1-7,9-15,17-23
0: mpibind: task   1 nths 21 gpus 1 cpus 25-31,33-39,41-47
0: mpibind: task   2 nths 21 gpus 2 cpus 49-55,57-63,65-71
0: mpibind: task   3 nths 21 gpus 3 cpus 73-79,81-87,89-95
0: 0.122s: flux-shell[59]: mpibind: 
0: mpibind: task   0 nths 21 gpus 0 cpus 1-7,9-15,17-23
0: mpibind: task   1 nths 21 gpus 1 cpus 25-31,33-39,41-47
0: mpibind: task   2 nths 21 gpus 2 cpus 49-55,57-63,65-71
0: mpibind: task   3 nths 21 gpus 3 cpus 73-79,81-87,89-95
0: jobid: f35viZL8F
0: 0.106s: flux-shell[1]: mpibind: 
0: mpibind: task   0 nths 21 gpus 0 cpus 1-7,9-15,17-23
0: mpibind: task   1 nths 21 gpus 1 cpus 25-31,33-39,41-47
0: mpibind: task   2 nths 21 gpus 2 cpus 49-55,57-63,65-71
0: mpibind: task   3 nths 21 gpus 3 cpus 73-79,81-87,89-95
0: 0.110s: flux-shell[3]: mpibind: 
0: mpibind: task   0 nths 21 gpus 0 cpus 1-7,9-15,17-23
0: mpibind: task   1 nths 21 gpus 1 cpus 25-31,33-39,41-47
0: mpibind: task   2 nths 21 gpus 2 cpus 49-55,57-63,65-71
0: mpibind: task   3 nths 21 gpus 3 cpus 73-79,81-87,89-95
0: 0.109s: flux-shell[4]: mpibind: 
0: mpibind: task   0 nths 21 gpus 0 cpus 1-7,9-15,17-23
0: mpibind: task   1 nths 21 gpus 1 cpus 25-31,33-39,41-47
0: mpibind: task   2 nths 21 gpus 2 cpus 49-55,57-63,65-71
0: mpibind: task   3 nths 21 gpus 3 cpus 73-79,81-87,89-95
0: 0.098s: flux-shell[0]: mpibind: 
0: mpibind: task   0 nths 21 gpus 0 cpus 1-7,9-15,17-23
0: mpibind: task   1 nths 21 gpus 1 cpus 25-31,33-39,41-47
0: mpibind: task   2 nths 21 gpus 2 cpus 49-55,57-63,65-71
0: mpibind: task   3 nths 21 gpus 3 cpus 73-79,81-87,89-95
0: 0.103s: flux-shell[6]: mpibind: 
0: mpibind: task   0 nths 21 gpus 0 cpus 1-7,9-15,17-23
0: mpibind: task   1 nths 21 gpus 1 cpus 25-31,33-39,41-47
0: mpibind: task   2 nths 21 gpus 2 cpus 49-55,57-63,65-71
0: mpibind: task   3 nths 21 gpus 3 cpus 73-79,81-87,89-95
0: 0.106s: flux-shell[2]: mpibind: 
0: mpibind: task   0 nths 21 gpus 0 cpus 1-7,9-15,17-23
0: mpibind: task   1 nths 21 gpus 1 cpus 25-31,33-39,41-47
0: mpibind: task   2 nths 21 gpus 2 cpus 49-55,57-63,65-71
0: mpibind: task   3 nths 21 gpus 3 cpus 73-79,81-87,89-95
0: 0.107s: flux-shell[15]: mpibind: 
0: mpibind: task   0 nths 21 gpus 0 cpus 1-7,9-15,17-23
0: mpibind: task   1 nths 21 gpus 1 cpus 25-31,33-39,41-47
0: mpibind: task   2 nths 21 gpus 2 cpus 49-55,57-63,65-71
0: mpibind: task   3 nths 21 gpus 3 cpus 73-79,81-87,89-95
0: 0.114s: flux-shell[5]: mpibind: 
0: mpibind: task   0 nths 21 gpus 0 cpus 1-7,9-15,17-23
0: mpibind: task   1 nths 21 gpus 1 cpus 25-31,33-39,41-47
0: mpibind: task   2 nths 21 gpus 2 cpus 49-55,57-63,65-71
0: mpibind: task   3 nths 21 gpus 3 cpus 73-79,81-87,89-95
0: 0.109s: flux-shell[7]: mpibind: 
0: mpibind: task   0 nths 21 gpus 0 cpus 1-7,9-15,17-23
0: mpibind: task   1 nths 21 gpus 1 cpus 25-31,33-39,41-47
0: mpibind: task   2 nths 21 gpus 2 cpus 49-55,57-63,65-71
0: mpibind: task   3 nths 21 gpus 3 cpus 73-79,81-87,89-95
0: 0.113s: flux-shell[8]: mpibind: 
0: mpibind: task   0 nths 21 gpus 0 cpus 1-7,9-15,17-23
0: mpibind: task   1 nths 21 gpus 1 cpus 25-31,33-39,41-47
0: mpibind: task   2 nths 21 gpus 2 cpus 49-55,57-63,65-71
0: mpibind: task   3 nths 21 gpus 3 cpus 73-79,81-87,89-95
0: 0.101s: flux-shell[9]: mpibind: 
0: mpibind: task   0 nths 21 gpus 0 cpus 1-7,9-15,17-23
0: mpibind: task   1 nths 21 gpus 1 cpus 25-31,33-39,41-47
0: mpibind: task   2 nths 21 gpus 2 cpus 49-55,57-63,65-71
0: mpibind: task   3 nths 21 gpus 3 cpus 73-79,81-87,89-95
0: 0.108s: flux-shell[10]: mpibind: 
0: mpibind: task   0 nths 21 gpus 0 cpus 1-7,9-15,17-23
0: mpibind: task   1 nths 21 gpus 1 cpus 25-31,33-39,41-47
0: mpibind: task   2 nths 21 gpus 2 cpus 49-55,57-63,65-71
0: mpibind: task   3 nths 21 gpus 3 cpus 73-79,81-87,89-95
0: 0.104s: flux-shell[11]: mpibind: 
0: mpibind: task   0 nths 21 gpus 0 cpus 1-7,9-15,17-23
0: mpibind: task   1 nths 21 gpus 1 cpus 25-31,33-39,41-47
0: mpibind: task   2 nths 21 gpus 2 cpus 49-55,57-63,65-71
0: mpibind: task   3 nths 21 gpus 3 cpus 73-79,81-87,89-95
0: 0.113s: flux-shell[12]: mpibind: 
0: mpibind: task   0 nths 21 gpus 0 cpus 1-7,9-15,17-23
0: mpibind: task   1 nths 21 gpus 1 cpus 25-31,33-39,41-47
0: mpibind: task   2 nths 21 gpus 2 cpus 49-55,57-63,65-71
0: mpibind: task   3 nths 21 gpus 3 cpus 73-79,81-87,89-95
0: 0.110s: flux-shell[13]: mpibind: 
0: mpibind: task   0 nths 21 gpus 0 cpus 1-7,9-15,17-23
0: mpibind: task   1 nths 21 gpus 1 cpus 25-31,33-39,41-47
0: mpibind: task   2 nths 21 gpus 2 cpus 49-55,57-63,65-71
0: mpibind: task   3 nths 21 gpus 3 cpus 73-79,81-87,89-95
0: 0.114s: flux-shell[14]: mpibind: 
0: mpibind: task   0 nths 21 gpus 0 cpus 1-7,9-15,17-23
0: mpibind: task   1 nths 21 gpus 1 cpus 25-31,33-39,41-47
0: mpibind: task   2 nths 21 gpus 2 cpus 49-55,57-63,65-71
0: mpibind: task   3 nths 21 gpus 3 cpus 73-79,81-87,89-95
0: 0.121s: flux-shell[32]: mpibind: 
0: mpibind: task   0 nths 21 gpus 0 cpus 1-7,9-15,17-23
0: mpibind: task   1 nths 21 gpus 1 cpus 25-31,33-39,41-47
0: mpibind: task   2 nths 21 gpus 2 cpus 49-55,57-63,65-71
0: mpibind: task   3 nths 21 gpus 3 cpus 73-79,81-87,89-95
0: 0.113s: flux-shell[31]: mpibind: 
0: mpibind: task   0 nths 21 gpus 0 cpus 1-7,9-15,17-23
0: mpibind: task   1 nths 21 gpus 1 cpus 25-31,33-39,41-47
0: mpibind: task   2 nths 21 gpus 2 cpus 49-55,57-63,65-71
0: mpibind: task   3 nths 21 gpus 3 cpus 73-79,81-87,89-95
0: 0.116s: flux-shell[30]: mpibind: 
0: mpibind: task   0 nths 21 gpus 0 cpus 1-7,9-15,17-23
0: mpibind: task   1 nths 21 gpus 1 cpus 25-31,33-39,41-47
0: mpibind: task   2 nths 21 gpus 2 cpus 49-55,57-63,65-71
0: mpibind: task   3 nths 21 gpus 3 cpus 73-79,81-87,89-95
0: 0.113s: flux-shell[29]: mpibind: 
0: mpibind: task   0 nths 21 gpus 0 cpus 1-7,9-15,17-23
0: mpibind: task   1 nths 21 gpus 1 cpus 25-31,33-39,41-47
0: mpibind: task   2 nths 21 gpus 2 cpus 49-55,57-63,65-71
0: mpibind: task   3 nths 21 gpus 3 cpus 73-79,81-87,89-95
0: 0.119s: flux-shell[28]: mpibind: 
0: mpibind: task   0 nths 21 gpus 0 cpus 1-7,9-15,17-23
0: mpibind: task   1 nths 21 gpus 1 cpus 25-31,33-39,41-47
0: mpibind: task   2 nths 21 gpus 2 cpus 49-55,57-63,65-71
0: mpibind: task   3 nths 21 gpus 3 cpus 73-79,81-87,89-95
0: 0.118s: flux-shell[27]: mpibind: 
0: mpibind: task   0 nths 21 gpus 0 cpus 1-7,9-15,17-23
0: mpibind: task   1 nths 21 gpus 1 cpus 25-31,33-39,41-47
0: mpibind: task   2 nths 21 gpus 2 cpus 49-55,57-63,65-71
0: mpibind: task   3 nths 21 gpus 3 cpus 73-79,81-87,89-95
0: 0.115s: flux-shell[16]: mpibind: 
0: mpibind: task   0 nths 21 gpus 0 cpus 1-7,9-15,17-23
0: mpibind: task   1 nths 21 gpus 1 cpus 25-31,33-39,41-47
0: mpibind: task   2 nths 21 gpus 2 cpus 49-55,57-63,65-71
0: mpibind: task   3 nths 21 gpus 3 cpus 73-79,81-87,89-95
0: 0.107s: flux-shell[17]: mpibind: 
0: mpibind: task   0 nths 21 gpus 0 cpus 1-7,9-15,17-23
0: mpibind: task   1 nths 21 gpus 1 cpus 25-31,33-39,41-47
0: mpibind: task   2 nths 21 gpus 2 cpus 49-55,57-63,65-71
0: mpibind: task   3 nths 21 gpus 3 cpus 73-79,81-87,89-95
0: 0.105s: flux-shell[18]: mpibind: 
0: mpibind: task   0 nths 21 gpus 0 cpus 1-7,9-15,17-23
0: mpibind: task   1 nths 21 gpus 1 cpus 25-31,33-39,41-47
0: mpibind: task   2 nths 21 gpus 2 cpus 49-55,57-63,65-71
0: mpibind: task   3 nths 21 gpus 3 cpus 73-79,81-87,89-95
0: 0.106s: flux-shell[19]: mpibind: 
0: mpibind: task   0 nths 21 gpus 0 cpus 1-7,9-15,17-23
0: mpibind: task   1 nths 21 gpus 1 cpus 25-31,33-39,41-47
0: mpibind: task   2 nths 21 gpus 2 cpus 49-55,57-63,65-71
0: mpibind: task   3 nths 21 gpus 3 cpus 73-79,81-87,89-95
0: 0.111s: flux-shell[20]: mpibind: 
0: mpibind: task   0 nths 21 gpus 0 cpus 1-7,9-15,17-23
0: mpibind: task   1 nths 21 gpus 1 cpus 25-31,33-39,41-47
0: mpibind: task   2 nths 21 gpus 2 cpus 49-55,57-63,65-71
0: mpibind: task   3 nths 21 gpus 3 cpus 73-79,81-87,89-95
0: 0.112s: flux-shell[21]: mpibind: 
0: mpibind: task   0 nths 21 gpus 0 cpus 1-7,9-15,17-23
0: mpibind: task   1 nths 21 gpus 1 cpus 25-31,33-39,41-47
0: mpibind: task   2 nths 21 gpus 2 cpus 49-55,57-63,65-71
0: mpibind: task   3 nths 21 gpus 3 cpus 73-79,81-87,89-95
0: 0.115s: flux-shell[22]: mpibind: 
0: mpibind: task   0 nths 21 gpus 0 cpus 1-7,9-15,17-23
0: mpibind: task   1 nths 21 gpus 1 cpus 25-31,33-39,41-47
0: mpibind: task   2 nths 21 gpus 2 cpus 49-55,57-63,65-71
0: mpibind: task   3 nths 21 gpus 3 cpus 73-79,81-87,89-95
0: 0.113s: flux-shell[23]: mpibind: 
0: mpibind: task   0 nths 21 gpus 0 cpus 1-7,9-15,17-23
0: mpibind: task   1 nths 21 gpus 1 cpus 25-31,33-39,41-47
0: mpibind: task   2 nths 21 gpus 2 cpus 49-55,57-63,65-71
0: mpibind: task   3 nths 21 gpus 3 cpus 73-79,81-87,89-95
0: 0.112s: flux-shell[24]: mpibind: 
0: mpibind: task   0 nths 21 gpus 0 cpus 1-7,9-15,17-23
0: mpibind: task   1 nths 21 gpus 1 cpus 25-31,33-39,41-47
0: mpibind: task   2 nths 21 gpus 2 cpus 49-55,57-63,65-71
0: mpibind: task   3 nths 21 gpus 3 cpus 73-79,81-87,89-95
0: 0.116s: flux-shell[25]: mpibind: 
0: mpibind: task   0 nths 21 gpus 0 cpus 1-7,9-15,17-23
0: mpibind: task   1 nths 21 gpus 1 cpus 25-31,33-39,41-47
0: mpibind: task   2 nths 21 gpus 2 cpus 49-55,57-63,65-71
0: mpibind: task   3 nths 21 gpus 3 cpus 73-79,81-87,89-95
0: 0.111s: flux-shell[26]: mpibind: 
0: mpibind: task   0 nths 21 gpus 0 cpus 1-7,9-15,17-23
0: mpibind: task   1 nths 21 gpus 1 cpus 25-31,33-39,41-47
0: mpibind: task   2 nths 21 gpus 2 cpus 49-55,57-63,65-71
0: mpibind: task   3 nths 21 gpus 3 cpus 73-79,81-87,89-95
0: 0.117s: flux-shell[33]: mpibind: 
0: mpibind: task   0 nths 21 gpus 0 cpus 1-7,9-15,17-23
0: mpibind: task   1 nths 21 gpus 1 cpus 25-31,33-39,41-47
0: mpibind: task   2 nths 21 gpus 2 cpus 49-55,57-63,65-71
0: mpibind: task   3 nths 21 gpus 3 cpus 73-79,81-87,89-95
0: 0.108s: flux-shell[34]: mpibind: 
0: mpibind: task   0 nths 21 gpus 0 cpus 1-7,9-15,17-23
0: mpibind: task   1 nths 21 gpus 1 cpus 25-31,33-39,41-47
0: mpibind: task   2 nths 21 gpus 2 cpus 49-55,57-63,65-71
0: mpibind: task   3 nths 21 gpus 3 cpus 73-79,81-87,89-95
0: 0.112s: flux-shell[35]: mpibind: 
0: mpibind: task   0 nths 21 gpus 0 cpus 1-7,9-15,17-23
0: mpibind: task   1 nths 21 gpus 1 cpus 25-31,33-39,41-47
0: mpibind: task   2 nths 21 gpus 2 cpus 49-55,57-63,65-71
0: mpibind: task   3 nths 21 gpus 3 cpus 73-79,81-87,89-95
0: 0.110s: flux-shell[36]: mpibind: 
0: mpibind: task   0 nths 21 gpus 0 cpus 1-7,9-15,17-23
0: mpibind: task   1 nths 21 gpus 1 cpus 25-31,33-39,41-47
0: mpibind: task   2 nths 21 gpus 2 cpus 49-55,57-63,65-71
0: mpibind: task   3 nths 21 gpus 3 cpus 73-79,81-87,89-95
0: 0.111s: flux-shell[37]: mpibind: 
0: mpibind: task   0 nths 21 gpus 0 cpus 1-7,9-15,17-23
0: mpibind: task   1 nths 21 gpus 1 cpus 25-31,33-39,41-47
0: mpibind: task   2 nths 21 gpus 2 cpus 49-55,57-63,65-71
0: mpibind: task   3 nths 21 gpus 3 cpus 73-79,81-87,89-95
0: 0.115s: flux-shell[38]: mpibind: 
0: mpibind: task   0 nths 21 gpus 0 cpus 1-7,9-15,17-23
0: mpibind: task   1 nths 21 gpus 1 cpus 25-31,33-39,41-47
0: mpibind: task   2 nths 21 gpus 2 cpus 49-55,57-63,65-71
0: mpibind: task   3 nths 21 gpus 3 cpus 73-79,81-87,89-95
0: 0.107s: flux-shell[39]: mpibind: 
0: mpibind: task   0 nths 21 gpus 0 cpus 1-7,9-15,17-23
0: mpibind: task   1 nths 21 gpus 1 cpus 25-31,33-39,41-47
0: mpibind: task   2 nths 21 gpus 2 cpus 49-55,57-63,65-71
0: mpibind: task   3 nths 21 gpus 3 cpus 73-79,81-87,89-95
0: 0.116s: flux-shell[40]: mpibind: 
0: mpibind: task   0 nths 21 gpus 0 cpus 1-7,9-15,17-23
0: mpibind: task   1 nths 21 gpus 1 cpus 25-31,33-39,41-47
0: mpibind: task   2 nths 21 gpus 2 cpus 49-55,57-63,65-71
0: mpibind: task   3 nths 21 gpus 3 cpus 73-79,81-87,89-95
0: 0.120s: flux-shell[41]: mpibind: 
0: mpibind: task   0 nths 21 gpus 0 cpus 1-7,9-15,17-23
0: mpibind: task   1 nths 21 gpus 1 cpus 25-31,33-39,41-47
0: mpibind: task   2 nths 21 gpus 2 cpus 49-55,57-63,65-71
0: mpibind: task   3 nths 21 gpus 3 cpus 73-79,81-87,89-95
0: 0.116s: flux-shell[42]: mpibind: 
0: mpibind: task   0 nths 21 gpus 0 cpus 1-7,9-15,17-23
0: mpibind: task   1 nths 21 gpus 1 cpus 25-31,33-39,41-47
0: mpibind: task   2 nths 21 gpus 2 cpus 49-55,57-63,65-71
0: mpibind: task   3 nths 21 gpus 3 cpus 73-79,81-87,89-95
0: 0.118s: flux-shell[44]: mpibind: 
0: mpibind: task   0 nths 21 gpus 0 cpus 1-7,9-15,17-23
0: mpibind: task   1 nths 21 gpus 1 cpus 25-31,33-39,41-47
0: mpibind: task   2 nths 21 gpus 2 cpus 49-55,57-63,65-71
0: mpibind: task   3 nths 21 gpus 3 cpus 73-79,81-87,89-95
0: 0.114s: flux-shell[46]: mpibind: 
0: mpibind: task   0 nths 21 gpus 0 cpus 1-7,9-15,17-23
0: mpibind: task   1 nths 21 gpus 1 cpus 25-31,33-39,41-47
0: mpibind: task   2 nths 21 gpus 2 cpus 49-55,57-63,65-71
0: mpibind: task   3 nths 21 gpus 3 cpus 73-79,81-87,89-95
0: 0.122s: flux-shell[48]: mpibind: 
0: mpibind: task   0 nths 21 gpus 0 cpus 1-7,9-15,17-23
0: mpibind: task   1 nths 21 gpus 1 cpus 25-31,33-39,41-47
0: mpibind: task   2 nths 21 gpus 2 cpus 49-55,57-63,65-71
0: mpibind: task   3 nths 21 gpus 3 cpus 73-79,81-87,89-95
0: 0.123s: flux-shell[50]: mpibind: 
0: mpibind: task   0 nths 21 gpus 0 cpus 1-7,9-15,17-23
0: mpibind: task   1 nths 21 gpus 1 cpus 25-31,33-39,41-47
0: mpibind: task   2 nths 21 gpus 2 cpus 49-55,57-63,65-71
0: mpibind: task   3 nths 21 gpus 3 cpus 73-79,81-87,89-95
0: 0.117s: flux-shell[53]: mpibind: 
0: mpibind: task   0 nths 21 gpus 0 cpus 1-7,9-15,17-23
0: mpibind: task   1 nths 21 gpus 1 cpus 25-31,33-39,41-47
0: mpibind: task   2 nths 21 gpus 2 cpus 49-55,57-63,65-71
0: mpibind: task   3 nths 21 gpus 3 cpus 73-79,81-87,89-95
0: 0.121s: flux-shell[51]: mpibind: 
0: mpibind: task   0 nths 21 gpus 0 cpus 1-7,9-15,17-23
0: mpibind: task   1 nths 21 gpus 1 cpus 25-31,33-39,41-47
0: mpibind: task   2 nths 21 gpus 2 cpus 49-55,57-63,65-71
0: mpibind: task   3 nths 21 gpus 3 cpus 73-79,81-87,89-95
0: 0.120s: flux-shell[54]: mpibind: 
0: mpibind: task   0 nths 21 gpus 0 cpus 1-7,9-15,17-23
0: mpibind: task   1 nths 21 gpus 1 cpus 25-31,33-39,41-47
0: mpibind: task   2 nths 21 gpus 2 cpus 49-55,57-63,65-71
0: mpibind: task   3 nths 21 gpus 3 cpus 73-79,81-87,89-95
0: 0.120s: flux-shell[49]: mpibind: 
0: mpibind: task   0 nths 21 gpus 0 cpus 1-7,9-15,17-23
0: mpibind: task   1 nths 21 gpus 1 cpus 25-31,33-39,41-47
0: mpibind: task   2 nths 21 gpus 2 cpus 49-55,57-63,65-71
0: mpibind: task   3 nths 21 gpus 3 cpus 73-79,81-87,89-95
0: 0.121s: flux-shell[52]: mpibind: 
0: mpibind: task   0 nths 21 gpus 0 cpus 1-7,9-15,17-23
0: mpibind: task   1 nths 21 gpus 1 cpus 25-31,33-39,41-47
0: mpibind: task   2 nths 21 gpus 2 cpus 49-55,57-63,65-71
0: mpibind: task   3 nths 21 gpus 3 cpus 73-79,81-87,89-95
0: 0.119s: flux-shell[61]: mpibind: 
0: mpibind: task   0 nths 21 gpus 0 cpus 1-7,9-15,17-23
0: mpibind: task   1 nths 21 gpus 1 cpus 25-31,33-39,41-47
0: mpibind: task   2 nths 21 gpus 2 cpus 49-55,57-63,65-71
0: mpibind: task   3 nths 21 gpus 3 cpus 73-79,81-87,89-95
0: 0.118s: flux-shell[56]: mpibind: 
0: mpibind: task   0 nths 21 gpus 0 cpus 1-7,9-15,17-23
0: mpibind: task   1 nths 21 gpus 1 cpus 25-31,33-39,41-47
0: mpibind: task   2 nths 21 gpus 2 cpus 49-55,57-63,65-71
0: mpibind: task   3 nths 21 gpus 3 cpus 73-79,81-87,89-95
0: 0.122s: flux-shell[43]: mpibind: 
0: mpibind: task   0 nths 21 gpus 0 cpus 1-7,9-15,17-23
0: mpibind: task   1 nths 21 gpus 1 cpus 25-31,33-39,41-47
0: mpibind: task   2 nths 21 gpus 2 cpus 49-55,57-63,65-71
0: mpibind: task   3 nths 21 gpus 3 cpus 73-79,81-87,89-95
0: 0.121s: flux-shell[55]: mpibind: 
0: mpibind: task   0 nths 21 gpus 0 cpus 1-7,9-15,17-23
0: mpibind: task   1 nths 21 gpus 1 cpus 25-31,33-39,41-47
0: mpibind: task   2 nths 21 gpus 2 cpus 49-55,57-63,65-71
0: mpibind: task   3 nths 21 gpus 3 cpus 73-79,81-87,89-95
0: 0.123s: flux-shell[62]: mpibind: 
0: mpibind: task   0 nths 21 gpus 0 cpus 1-7,9-15,17-23
0: mpibind: task   1 nths 21 gpus 1 cpus 25-31,33-39,41-47
0: mpibind: task   2 nths 21 gpus 2 cpus 49-55,57-63,65-71
0: mpibind: task   3 nths 21 gpus 3 cpus 73-79,81-87,89-95
0: 0.118s: flux-shell[47]: mpibind: 
0: mpibind: task   0 nths 21 gpus 0 cpus 1-7,9-15,17-23
0: mpibind: task   1 nths 21 gpus 1 cpus 25-31,33-39,41-47
0: mpibind: task   2 nths 21 gpus 2 cpus 49-55,57-63,65-71
0: mpibind: task   3 nths 21 gpus 3 cpus 73-79,81-87,89-95
0: 0.122s: flux-shell[63]: mpibind: 
0: mpibind: task   0 nths 21 gpus 0 cpus 1-7,9-15,17-23
0: mpibind: task   1 nths 21 gpus 1 cpus 25-31,33-39,41-47
0: mpibind: task   2 nths 21 gpus 2 cpus 49-55,57-63,65-71
0: mpibind: task   3 nths 21 gpus 3 cpus 73-79,81-87,89-95
0: 0.118s: flux-shell[45]: mpibind: 
0: mpibind: task   0 nths 21 gpus 0 cpus 1-7,9-15,17-23
0: mpibind: task   1 nths 21 gpus 1 cpus 25-31,33-39,41-47
0: mpibind: task   2 nths 21 gpus 2 cpus 49-55,57-63,65-71
0: mpibind: task   3 nths 21 gpus 3 cpus 73-79,81-87,89-95
0: 0.118s: flux-shell[58]: mpibind: 
0: mpibind: task   0 nths 21 gpus 0 cpus 1-7,9-15,17-23
0: mpibind: task   1 nths 21 gpus 1 cpus 25-31,33-39,41-47
0: mpibind: task   2 nths 21 gpus 2 cpus 49-55,57-63,65-71
0: mpibind: task   3 nths 21 gpus 3 cpus 73-79,81-87,89-95
0: 0.126s: flux-shell[60]: mpibind: 
0: mpibind: task   0 nths 21 gpus 0 cpus 1-7,9-15,17-23
0: mpibind: task   1 nths 21 gpus 1 cpus 25-31,33-39,41-47
0: mpibind: task   2 nths 21 gpus 2 cpus 49-55,57-63,65-71
0: mpibind: task   3 nths 21 gpus 3 cpus 73-79,81-87,89-95
0: 0.117s: flux-shell[57]: mpibind: 
0: mpibind: task   0 nths 21 gpus 0 cpus 1-7,9-15,17-23
0: mpibind: task   1 nths 21 gpus 1 cpus 25-31,33-39,41-47
0: mpibind: task   2 nths 21 gpus 2 cpus 49-55,57-63,65-71
0: mpibind: task   3 nths 21 gpus 3 cpus 73-79,81-87,89-95
0: 0.125s: flux-shell[59]: mpibind: 
0: mpibind: task   0 nths 21 gpus 0 cpus 1-7,9-15,17-23
0: mpibind: task   1 nths 21 gpus 1 cpus 25-31,33-39,41-47
0: mpibind: task   2 nths 21 gpus 2 cpus 49-55,57-63,65-71
0: mpibind: task   3 nths 21 gpus 3 cpus 73-79,81-87,89-95
0: jobid: f3ESmBzu5
0: 0.099s: flux-shell[1]: mpibind: 
0: mpibind: task   0 nths 21 gpus 0 cpus 1-7,9-15,17-23
0: mpibind: task   1 nths 21 gpus 1 cpus 25-31,33-39,41-47
0: mpibind: task   2 nths 21 gpus 2 cpus 49-55,57-63,65-71
0: mpibind: task   3 nths 21 gpus 3 cpus 73-79,81-87,89-95
0: 0.103s: flux-shell[3]: mpibind: 
0: mpibind: task   0 nths 21 gpus 0 cpus 1-7,9-15,17-23
0: mpibind: task   1 nths 21 gpus 1 cpus 25-31,33-39,41-47
0: mpibind: task   2 nths 21 gpus 2 cpus 49-55,57-63,65-71
0: mpibind: task   3 nths 21 gpus 3 cpus 73-79,81-87,89-95
0: 0.093s: flux-shell[0]: mpibind: 
0: mpibind: task   0 nths 21 gpus 0 cpus 1-7,9-15,17-23
0: mpibind: task   1 nths 21 gpus 1 cpus 25-31,33-39,41-47
0: mpibind: task   2 nths 21 gpus 2 cpus 49-55,57-63,65-71
0: mpibind: task   3 nths 21 gpus 3 cpus 73-79,81-87,89-95
0: 0.093s: flux-shell[2]: mpibind: 
0: mpibind: task   0 nths 21 gpus 0 cpus 1-7,9-15,17-23
0: mpibind: task   1 nths 21 gpus 1 cpus 25-31,33-39,41-47
0: mpibind: task   2 nths 21 gpus 2 cpus 49-55,57-63,65-71
0: mpibind: task   3 nths 21 gpus 3 cpus 73-79,81-87,89-95
0: 0.100s: flux-shell[4]: mpibind: 
0: mpibind: task   0 nths 21 gpus 0 cpus 1-7,9-15,17-23
0: mpibind: task   1 nths 21 gpus 1 cpus 25-31,33-39,41-47
0: mpibind: task   2 nths 21 gpus 2 cpus 49-55,57-63,65-71
0: mpibind: task   3 nths 21 gpus 3 cpus 73-79,81-87,89-95
0: 0.096s: flux-shell[6]: mpibind: 
0: mpibind: task   0 nths 21 gpus 0 cpus 1-7,9-15,17-23
0: mpibind: task   1 nths 21 gpus 1 cpus 25-31,33-39,41-47
0: mpibind: task   2 nths 21 gpus 2 cpus 49-55,57-63,65-71
0: mpibind: task   3 nths 21 gpus 3 cpus 73-79,81-87,89-95
0: 0.101s: flux-shell[5]: mpibind: 
0: mpibind: task   0 nths 21 gpus 0 cpus 1-7,9-15,17-23
0: mpibind: task   1 nths 21 gpus 1 cpus 25-31,33-39,41-47
0: mpibind: task   2 nths 21 gpus 2 cpus 49-55,57-63,65-71
0: mpibind: task   3 nths 21 gpus 3 cpus 73-79,81-87,89-95
0: 0.094s: flux-shell[7]: mpibind: 
0: mpibind: task   0 nths 21 gpus 0 cpus 1-7,9-15,17-23
0: mpibind: task   1 nths 21 gpus 1 cpus 25-31,33-39,41-47
0: mpibind: task   2 nths 21 gpus 2 cpus 49-55,57-63,65-71
0: mpibind: task   3 nths 21 gpus 3 cpus 73-79,81-87,89-95
0: 0.099s: flux-shell[8]: mpibind: 
0: mpibind: task   0 nths 21 gpus 0 cpus 1-7,9-15,17-23
0: mpibind: task   1 nths 21 gpus 1 cpus 25-31,33-39,41-47
0: mpibind: task   2 nths 21 gpus 2 cpus 49-55,57-63,65-71
0: mpibind: task   3 nths 21 gpus 3 cpus 73-79,81-87,89-95
0: 0.090s: flux-shell[9]: mpibind: 
0: mpibind: task   0 nths 21 gpus 0 cpus 1-7,9-15,17-23
0: mpibind: task   1 nths 21 gpus 1 cpus 25-31,33-39,41-47
0: mpibind: task   2 nths 21 gpus 2 cpus 49-55,57-63,65-71
0: mpibind: task   3 nths 21 gpus 3 cpus 73-79,81-87,89-95
0: 0.099s: flux-shell[10]: mpibind: 
0: mpibind: task   0 nths 21 gpus 0 cpus 1-7,9-15,17-23
0: mpibind: task   1 nths 21 gpus 1 cpus 25-31,33-39,41-47
0: mpibind: task   2 nths 21 gpus 2 cpus 49-55,57-63,65-71
0: mpibind: task   3 nths 21 gpus 3 cpus 73-79,81-87,89-95
0: 0.096s: flux-shell[11]: mpibind: 
0: mpibind: task   0 nths 21 gpus 0 cpus 1-7,9-15,17-23
0: mpibind: task   1 nths 21 gpus 1 cpus 25-31,33-39,41-47
0: mpibind: task   2 nths 21 gpus 2 cpus 49-55,57-63,65-71
0: mpibind: task   3 nths 21 gpus 3 cpus 73-79,81-87,89-95
0: 0.105s: flux-shell[12]: mpibind: 
0: mpibind: task   0 nths 21 gpus 0 cpus 1-7,9-15,17-23
0: mpibind: task   1 nths 21 gpus 1 cpus 25-31,33-39,41-47
0: mpibind: task   2 nths 21 gpus 2 cpus 49-55,57-63,65-71
0: mpibind: task   3 nths 21 gpus 3 cpus 73-79,81-87,89-95
0: 0.111s: flux-shell[32]: mpibind: 
0: mpibind: task   0 nths 21 gpus 0 cpus 1-7,9-15,17-23
0: mpibind: task   1 nths 21 gpus 1 cpus 25-31,33-39,41-47
0: mpibind: task   2 nths 21 gpus 2 cpus 49-55,57-63,65-71
0: mpibind: task   3 nths 21 gpus 3 cpus 73-79,81-87,89-95
0: 0.095s: flux-shell[13]: mpibind: 
0: mpibind: task   0 nths 21 gpus 0 cpus 1-7,9-15,17-23
0: mpibind: task   1 nths 21 gpus 1 cpus 25-31,33-39,41-47
0: mpibind: task   2 nths 21 gpus 2 cpus 49-55,57-63,65-71
0: mpibind: task   3 nths 21 gpus 3 cpus 73-79,81-87,89-95
0: 0.102s: flux-shell[31]: mpibind: 
0: mpibind: task   0 nths 21 gpus 0 cpus 1-7,9-15,17-23
0: mpibind: task   1 nths 21 gpus 1 cpus 25-31,33-39,41-47
0: mpibind: task   2 nths 21 gpus 2 cpus 49-55,57-63,65-71
0: mpibind: task   3 nths 21 gpus 3 cpus 73-79,81-87,89-95
0: 0.100s: flux-shell[30]: mpibind: 
0: mpibind: task   0 nths 21 gpus 0 cpus 1-7,9-15,17-23
0: mpibind: task   1 nths 21 gpus 1 cpus 25-31,33-39,41-47
0: mpibind: task   2 nths 21 gpus 2 cpus 49-55,57-63,65-71
0: mpibind: task   3 nths 21 gpus 3 cpus 73-79,81-87,89-95
0: 0.107s: flux-shell[14]: mpibind: 
0: mpibind: task   0 nths 21 gpus 0 cpus 1-7,9-15,17-23
0: mpibind: task   1 nths 21 gpus 1 cpus 25-31,33-39,41-47
0: mpibind: task   2 nths 21 gpus 2 cpus 49-55,57-63,65-71
0: mpibind: task   3 nths 21 gpus 3 cpus 73-79,81-87,89-95
0: 0.098s: flux-shell[15]: mpibind: 
0: mpibind: task   0 nths 21 gpus 0 cpus 1-7,9-15,17-23
0: mpibind: task   1 nths 21 gpus 1 cpus 25-31,33-39,41-47
0: mpibind: task   2 nths 21 gpus 2 cpus 49-55,57-63,65-71
0: mpibind: task   3 nths 21 gpus 3 cpus 73-79,81-87,89-95
0: 0.103s: flux-shell[16]: mpibind: 
0: mpibind: task   0 nths 21 gpus 0 cpus 1-7,9-15,17-23
0: mpibind: task   1 nths 21 gpus 1 cpus 25-31,33-39,41-47
0: mpibind: task   2 nths 21 gpus 2 cpus 49-55,57-63,65-71
0: mpibind: task   3 nths 21 gpus 3 cpus 73-79,81-87,89-95
0: 0.101s: flux-shell[17]: mpibind: 
0: mpibind: task   0 nths 21 gpus 0 cpus 1-7,9-15,17-23
0: mpibind: task   1 nths 21 gpus 1 cpus 25-31,33-39,41-47
0: mpibind: task   2 nths 21 gpus 2 cpus 49-55,57-63,65-71
0: mpibind: task   3 nths 21 gpus 3 cpus 73-79,81-87,89-95
0: 0.098s: flux-shell[18]: mpibind: 
0: mpibind: task   0 nths 21 gpus 0 cpus 1-7,9-15,17-23
0: mpibind: task   1 nths 21 gpus 1 cpus 25-31,33-39,41-47
0: mpibind: task   2 nths 21 gpus 2 cpus 49-55,57-63,65-71
0: mpibind: task   3 nths 21 gpus 3 cpus 73-79,81-87,89-95
0: 0.100s: flux-shell[19]: mpibind: 
0: mpibind: task   0 nths 21 gpus 0 cpus 1-7,9-15,17-23
0: mpibind: task   1 nths 21 gpus 1 cpus 25-31,33-39,41-47
0: mpibind: task   2 nths 21 gpus 2 cpus 49-55,57-63,65-71
0: mpibind: task   3 nths 21 gpus 3 cpus 73-79,81-87,89-95
0: 0.102s: flux-shell[20]: mpibind: 
0: mpibind: task   0 nths 21 gpus 0 cpus 1-7,9-15,17-23
0: mpibind: task   1 nths 21 gpus 1 cpus 25-31,33-39,41-47
0: mpibind: task   2 nths 21 gpus 2 cpus 49-55,57-63,65-71
0: mpibind: task   3 nths 21 gpus 3 cpus 73-79,81-87,89-95
0: 0.105s: flux-shell[21]: mpibind: 
0: mpibind: task   0 nths 21 gpus 0 cpus 1-7,9-15,17-23
0: mpibind: task   1 nths 21 gpus 1 cpus 25-31,33-39,41-47
0: mpibind: task   2 nths 21 gpus 2 cpus 49-55,57-63,65-71
0: mpibind: task   3 nths 21 gpus 3 cpus 73-79,81-87,89-95
0: 0.107s: flux-shell[22]: mpibind: 
0: mpibind: task   0 nths 21 gpus 0 cpus 1-7,9-15,17-23
0: mpibind: task   1 nths 21 gpus 1 cpus 25-31,33-39,41-47
0: mpibind: task   2 nths 21 gpus 2 cpus 49-55,57-63,65-71
0: mpibind: task   3 nths 21 gpus 3 cpus 73-79,81-87,89-95
0: 0.106s: flux-shell[23]: mpibind: 
0: mpibind: task   0 nths 21 gpus 0 cpus 1-7,9-15,17-23
0: mpibind: task   1 nths 21 gpus 1 cpus 25-31,33-39,41-47
0: mpibind: task   2 nths 21 gpus 2 cpus 49-55,57-63,65-71
0: mpibind: task   3 nths 21 gpus 3 cpus 73-79,81-87,89-95
0: 0.102s: flux-shell[24]: mpibind: 
0: mpibind: task   0 nths 21 gpus 0 cpus 1-7,9-15,17-23
0: mpibind: task   1 nths 21 gpus 1 cpus 25-31,33-39,41-47
0: mpibind: task   2 nths 21 gpus 2 cpus 49-55,57-63,65-71
0: mpibind: task   3 nths 21 gpus 3 cpus 73-79,81-87,89-95
0: 0.105s: flux-shell[25]: mpibind: 
0: mpibind: task   0 nths 21 gpus 0 cpus 1-7,9-15,17-23
0: mpibind: task   1 nths 21 gpus 1 cpus 25-31,33-39,41-47
0: mpibind: task   2 nths 21 gpus 2 cpus 49-55,57-63,65-71
0: mpibind: task   3 nths 21 gpus 3 cpus 73-79,81-87,89-95
0: 0.103s: flux-shell[26]: mpibind: 
0: mpibind: task   0 nths 21 gpus 0 cpus 1-7,9-15,17-23
0: mpibind: task   1 nths 21 gpus 1 cpus 25-31,33-39,41-47
0: mpibind: task   2 nths 21 gpus 2 cpus 49-55,57-63,65-71
0: mpibind: task   3 nths 21 gpus 3 cpus 73-79,81-87,89-95
0: 0.108s: flux-shell[27]: mpibind: 
0: mpibind: task   0 nths 21 gpus 0 cpus 1-7,9-15,17-23
0: mpibind: task   1 nths 21 gpus 1 cpus 25-31,33-39,41-47
0: mpibind: task   2 nths 21 gpus 2 cpus 49-55,57-63,65-71
0: mpibind: task   3 nths 21 gpus 3 cpus 73-79,81-87,89-95
0: 0.108s: flux-shell[28]: mpibind: 
0: mpibind: task   0 nths 21 gpus 0 cpus 1-7,9-15,17-23
0: mpibind: task   1 nths 21 gpus 1 cpus 25-31,33-39,41-47
0: mpibind: task   2 nths 21 gpus 2 cpus 49-55,57-63,65-71
0: mpibind: task   3 nths 21 gpus 3 cpus 73-79,81-87,89-95
0: 0.108s: flux-shell[29]: mpibind: 
0: mpibind: task   0 nths 21 gpus 0 cpus 1-7,9-15,17-23
0: mpibind: task   1 nths 21 gpus 1 cpus 25-31,33-39,41-47
0: mpibind: task   2 nths 21 gpus 2 cpus 49-55,57-63,65-71
0: mpibind: task   3 nths 21 gpus 3 cpus 73-79,81-87,89-95
0: 0.106s: flux-shell[33]: mpibind: 
0: mpibind: task   0 nths 21 gpus 0 cpus 1-7,9-15,17-23
0: mpibind: task   1 nths 21 gpus 1 cpus 25-31,33-39,41-47
0: mpibind: task   2 nths 21 gpus 2 cpus 49-55,57-63,65-71
0: mpibind: task   3 nths 21 gpus 3 cpus 73-79,81-87,89-95
0: 0.098s: flux-shell[34]: mpibind: 
0: mpibind: task   0 nths 21 gpus 0 cpus 1-7,9-15,17-23
0: mpibind: task   1 nths 21 gpus 1 cpus 25-31,33-39,41-47
0: mpibind: task   2 nths 21 gpus 2 cpus 49-55,57-63,65-71
0: mpibind: task   3 nths 21 gpus 3 cpus 73-79,81-87,89-95
0: 0.108s: flux-shell[35]: mpibind: 
0: mpibind: task   0 nths 21 gpus 0 cpus 1-7,9-15,17-23
0: mpibind: task   1 nths 21 gpus 1 cpus 25-31,33-39,41-47
0: mpibind: task   2 nths 21 gpus 2 cpus 49-55,57-63,65-71
0: mpibind: task   3 nths 21 gpus 3 cpus 73-79,81-87,89-95
0: 0.107s: flux-shell[36]: mpibind: 
0: mpibind: task   0 nths 21 gpus 0 cpus 1-7,9-15,17-23
0: mpibind: task   1 nths 21 gpus 1 cpus 25-31,33-39,41-47
0: mpibind: task   2 nths 21 gpus 2 cpus 49-55,57-63,65-71
0: mpibind: task   3 nths 21 gpus 3 cpus 73-79,81-87,89-95
0: 0.111s: flux-shell[37]: mpibind: 
0: mpibind: task   0 nths 21 gpus 0 cpus 1-7,9-15,17-23
0: mpibind: task   1 nths 21 gpus 1 cpus 25-31,33-39,41-47
0: mpibind: task   2 nths 21 gpus 2 cpus 49-55,57-63,65-71
0: mpibind: task   3 nths 21 gpus 3 cpus 73-79,81-87,89-95
0: 0.102s: flux-shell[38]: mpibind: 
0: mpibind: task   0 nths 21 gpus 0 cpus 1-7,9-15,17-23
0: mpibind: task   1 nths 21 gpus 1 cpus 25-31,33-39,41-47
0: mpibind: task   2 nths 21 gpus 2 cpus 49-55,57-63,65-71
0: mpibind: task   3 nths 21 gpus 3 cpus 73-79,81-87,89-95
0: 0.108s: flux-shell[39]: mpibind: 
0: mpibind: task   0 nths 21 gpus 0 cpus 1-7,9-15,17-23
0: mpibind: task   1 nths 21 gpus 1 cpus 25-31,33-39,41-47
0: mpibind: task   2 nths 21 gpus 2 cpus 49-55,57-63,65-71
0: mpibind: task   3 nths 21 gpus 3 cpus 73-79,81-87,89-95
0: 0.099s: flux-shell[40]: mpibind: 
0: mpibind: task   0 nths 21 gpus 0 cpus 1-7,9-15,17-23
0: mpibind: task   1 nths 21 gpus 1 cpus 25-31,33-39,41-47
0: mpibind: task   2 nths 21 gpus 2 cpus 49-55,57-63,65-71
0: mpibind: task   3 nths 21 gpus 3 cpus 73-79,81-87,89-95
0: 0.102s: flux-shell[41]: mpibind: 
0: mpibind: task   0 nths 21 gpus 0 cpus 1-7,9-15,17-23
0: mpibind: task   1 nths 21 gpus 1 cpus 25-31,33-39,41-47
0: mpibind: task   2 nths 21 gpus 2 cpus 49-55,57-63,65-71
0: mpibind: task   3 nths 21 gpus 3 cpus 73-79,81-87,89-95
0: 0.104s: flux-shell[42]: mpibind: 
0: mpibind: task   0 nths 21 gpus 0 cpus 1-7,9-15,17-23
0: mpibind: task   1 nths 21 gpus 1 cpus 25-31,33-39,41-47
0: mpibind: task   2 nths 21 gpus 2 cpus 49-55,57-63,65-71
0: mpibind: task   3 nths 21 gpus 3 cpus 73-79,81-87,89-95
0: 0.112s: flux-shell[44]: mpibind: 
0: mpibind: task   0 nths 21 gpus 0 cpus 1-7,9-15,17-23
0: mpibind: task   1 nths 21 gpus 1 cpus 25-31,33-39,41-47
0: mpibind: task   2 nths 21 gpus 2 cpus 49-55,57-63,65-71
0: mpibind: task   3 nths 21 gpus 3 cpus 73-79,81-87,89-95
0: 0.106s: flux-shell[46]: mpibind: 
0: mpibind: task   0 nths 21 gpus 0 cpus 1-7,9-15,17-23
0: mpibind: task   1 nths 21 gpus 1 cpus 25-31,33-39,41-47
0: mpibind: task   2 nths 21 gpus 2 cpus 49-55,57-63,65-71
0: mpibind: task   3 nths 21 gpus 3 cpus 73-79,81-87,89-95
0: 0.106s: flux-shell[43]: mpibind: 
0: mpibind: task   0 nths 21 gpus 0 cpus 1-7,9-15,17-23
0: mpibind: task   1 nths 21 gpus 1 cpus 25-31,33-39,41-47
0: mpibind: task   2 nths 21 gpus 2 cpus 49-55,57-63,65-71
0: mpibind: task   3 nths 21 gpus 3 cpus 73-79,81-87,89-95
0: 0.111s: flux-shell[45]: mpibind: 
0: mpibind: task   0 nths 21 gpus 0 cpus 1-7,9-15,17-23
0: mpibind: task   1 nths 21 gpus 1 cpus 25-31,33-39,41-47
0: mpibind: task   2 nths 21 gpus 2 cpus 49-55,57-63,65-71
0: mpibind: task   3 nths 21 gpus 3 cpus 73-79,81-87,89-95
0: 0.107s: flux-shell[47]: mpibind: 
0: mpibind: task   0 nths 21 gpus 0 cpus 1-7,9-15,17-23
0: mpibind: task   1 nths 21 gpus 1 cpus 25-31,33-39,41-47
0: mpibind: task   2 nths 21 gpus 2 cpus 49-55,57-63,65-71
0: mpibind: task   3 nths 21 gpus 3 cpus 73-79,81-87,89-95
0: 0.111s: flux-shell[48]: mpibind: 
0: mpibind: task   0 nths 21 gpus 0 cpus 1-7,9-15,17-23
0: mpibind: task   1 nths 21 gpus 1 cpus 25-31,33-39,41-47
0: mpibind: task   2 nths 21 gpus 2 cpus 49-55,57-63,65-71
0: mpibind: task   3 nths 21 gpus 3 cpus 73-79,81-87,89-95
0: 0.110s: flux-shell[49]: mpibind: 
0: mpibind: task   0 nths 21 gpus 0 cpus 1-7,9-15,17-23
0: mpibind: task   1 nths 21 gpus 1 cpus 25-31,33-39,41-47
0: mpibind: task   2 nths 21 gpus 2 cpus 49-55,57-63,65-71
0: mpibind: task   3 nths 21 gpus 3 cpus 73-79,81-87,89-95
0: 0.106s: flux-shell[50]: mpibind: 
0: mpibind: task   0 nths 21 gpus 0 cpus 1-7,9-15,17-23
0: mpibind: task   1 nths 21 gpus 1 cpus 25-31,33-39,41-47
0: mpibind: task   2 nths 21 gpus 2 cpus 49-55,57-63,65-71
0: mpibind: task   3 nths 21 gpus 3 cpus 73-79,81-87,89-95
0: 0.109s: flux-shell[51]: mpibind: 
0: mpibind: task   0 nths 21 gpus 0 cpus 1-7,9-15,17-23
0: mpibind: task   1 nths 21 gpus 1 cpus 25-31,33-39,41-47
0: mpibind: task   2 nths 21 gpus 2 cpus 49-55,57-63,65-71
0: mpibind: task   3 nths 21 gpus 3 cpus 73-79,81-87,89-95
0: 0.112s: flux-shell[52]: mpibind: 
0: mpibind: task   0 nths 21 gpus 0 cpus 1-7,9-15,17-23
0: mpibind: task   1 nths 21 gpus 1 cpus 25-31,33-39,41-47
0: mpibind: task   2 nths 21 gpus 2 cpus 49-55,57-63,65-71
0: mpibind: task   3 nths 21 gpus 3 cpus 73-79,81-87,89-95
0: 0.112s: flux-shell[53]: mpibind: 
0: mpibind: task   0 nths 21 gpus 0 cpus 1-7,9-15,17-23
0: mpibind: task   1 nths 21 gpus 1 cpus 25-31,33-39,41-47
0: mpibind: task   2 nths 21 gpus 2 cpus 49-55,57-63,65-71
0: mpibind: task   3 nths 21 gpus 3 cpus 73-79,81-87,89-95
0: 0.111s: flux-shell[63]: mpibind: 
0: mpibind: task   0 nths 21 gpus 0 cpus 1-7,9-15,17-23
0: mpibind: task   1 nths 21 gpus 1 cpus 25-31,33-39,41-47
0: mpibind: task   2 nths 21 gpus 2 cpus 49-55,57-63,65-71
0: mpibind: task   3 nths 21 gpus 3 cpus 73-79,81-87,89-95
0: 0.109s: flux-shell[61]: mpibind: 
0: mpibind: task   0 nths 21 gpus 0 cpus 1-7,9-15,17-23
0: mpibind: task   1 nths 21 gpus 1 cpus 25-31,33-39,41-47
0: mpibind: task   2 nths 21 gpus 2 cpus 49-55,57-63,65-71
0: mpibind: task   3 nths 21 gpus 3 cpus 73-79,81-87,89-95
0: 0.109s: flux-shell[62]: mpibind: 
0: mpibind: task   0 nths 21 gpus 0 cpus 1-7,9-15,17-23
0: mpibind: task   1 nths 21 gpus 1 cpus 25-31,33-39,41-47
0: mpibind: task   2 nths 21 gpus 2 cpus 49-55,57-63,65-71
0: mpibind: task   3 nths 21 gpus 3 cpus 73-79,81-87,89-95
0: 0.115s: flux-shell[59]: mpibind: 
0: mpibind: task   0 nths 21 gpus 0 cpus 1-7,9-15,17-23
0: mpibind: task   1 nths 21 gpus 1 cpus 25-31,33-39,41-47
0: mpibind: task   2 nths 21 gpus 2 cpus 49-55,57-63,65-71
0: mpibind: task   3 nths 21 gpus 3 cpus 73-79,81-87,89-95
0: 0.111s: flux-shell[60]: mpibind: 
0: mpibind: task   0 nths 21 gpus 0 cpus 1-7,9-15,17-23
0: mpibind: task   1 nths 21 gpus 1 cpus 25-31,33-39,41-47
0: mpibind: task   2 nths 21 gpus 2 cpus 49-55,57-63,65-71
0: mpibind: task   3 nths 21 gpus 3 cpus 73-79,81-87,89-95
0: 0.108s: flux-shell[58]: mpibind: 
0: mpibind: task   0 nths 21 gpus 0 cpus 1-7,9-15,17-23
0: mpibind: task   1 nths 21 gpus 1 cpus 25-31,33-39,41-47
0: mpibind: task   2 nths 21 gpus 2 cpus 49-55,57-63,65-71
0: mpibind: task   3 nths 21 gpus 3 cpus 73-79,81-87,89-95
0: 0.109s: flux-shell[57]: mpibind: 
0: mpibind: task   0 nths 21 gpus 0 cpus 1-7,9-15,17-23
0: mpibind: task   1 nths 21 gpus 1 cpus 25-31,33-39,41-47
0: mpibind: task   2 nths 21 gpus 2 cpus 49-55,57-63,65-71
0: mpibind: task   3 nths 21 gpus 3 cpus 73-79,81-87,89-95
0: 0.112s: flux-shell[56]: mpibind: 
0: mpibind: task   0 nths 21 gpus 0 cpus 1-7,9-15,17-23
0: mpibind: task   1 nths 21 gpus 1 cpus 25-31,33-39,41-47
0: mpibind: task   2 nths 21 gpus 2 cpus 49-55,57-63,65-71
0: mpibind: task   3 nths 21 gpus 3 cpus 73-79,81-87,89-95
0: 0.108s: flux-shell[55]: mpibind: 
0: mpibind: task   0 nths 21 gpus 0 cpus 1-7,9-15,17-23
0: mpibind: task   1 nths 21 gpus 1 cpus 25-31,33-39,41-47
0: mpibind: task   2 nths 21 gpus 2 cpus 49-55,57-63,65-71
0: mpibind: task   3 nths 21 gpus 3 cpus 73-79,81-87,89-95
0: 0.113s: flux-shell[54]: mpibind: 
0: mpibind: task   0 nths 21 gpus 0 cpus 1-7,9-15,17-23
0: mpibind: task   1 nths 21 gpus 1 cpus 25-31,33-39,41-47
0: mpibind: task   2 nths 21 gpus 2 cpus 49-55,57-63,65-71
0: mpibind: task   3 nths 21 gpus 3 cpus 73-79,81-87,89-95
0: jobid: f3NsuB3Zh
0: 0.100s: flux-shell[1]: mpibind: 
0: mpibind: task   0 nths 21 gpus 0 cpus 1-7,9-15,17-23
0: mpibind: task   1 nths 21 gpus 1 cpus 25-31,33-39,41-47
0: mpibind: task   2 nths 21 gpus 2 cpus 49-55,57-63,65-71
0: mpibind: task   3 nths 21 gpus 3 cpus 73-79,81-87,89-95
0: 0.107s: flux-shell[3]: mpibind: 
0: mpibind: task   0 nths 21 gpus 0 cpus 1-7,9-15,17-23
0: mpibind: task   1 nths 21 gpus 1 cpus 25-31,33-39,41-47
0: mpibind: task   2 nths 21 gpus 2 cpus 49-55,57-63,65-71
0: mpibind: task   3 nths 21 gpus 3 cpus 73-79,81-87,89-95
0: 0.098s: flux-shell[5]: mpibind: 
0: mpibind: task   0 nths 21 gpus 0 cpus 1-7,9-15,17-23
0: mpibind: task   1 nths 21 gpus 1 cpus 25-31,33-39,41-47
0: mpibind: task   2 nths 21 gpus 2 cpus 49-55,57-63,65-71
0: mpibind: task   3 nths 21 gpus 3 cpus 73-79,81-87,89-95
0: 0.103s: flux-shell[2]: mpibind: 
0: mpibind: task   0 nths 21 gpus 0 cpus 1-7,9-15,17-23
0: mpibind: task   1 nths 21 gpus 1 cpus 25-31,33-39,41-47
0: mpibind: task   2 nths 21 gpus 2 cpus 49-55,57-63,65-71
0: mpibind: task   3 nths 21 gpus 3 cpus 73-79,81-87,89-95
0: 0.099s: flux-shell[4]: mpibind: 
0: mpibind: task   0 nths 21 gpus 0 cpus 1-7,9-15,17-23
0: mpibind: task   1 nths 21 gpus 1 cpus 25-31,33-39,41-47
0: mpibind: task   2 nths 21 gpus 2 cpus 49-55,57-63,65-71
0: mpibind: task   3 nths 21 gpus 3 cpus 73-79,81-87,89-95
0: 0.102s: flux-shell[6]: mpibind: 
0: mpibind: task   0 nths 21 gpus 0 cpus 1-7,9-15,17-23
0: mpibind: task   1 nths 21 gpus 1 cpus 25-31,33-39,41-47
0: mpibind: task   2 nths 21 gpus 2 cpus 49-55,57-63,65-71
0: mpibind: task   3 nths 21 gpus 3 cpus 73-79,81-87,89-95
0: 0.096s: flux-shell[0]: mpibind: 
0: mpibind: task   0 nths 21 gpus 0 cpus 1-7,9-15,17-23
0: mpibind: task   1 nths 21 gpus 1 cpus 25-31,33-39,41-47
0: mpibind: task   2 nths 21 gpus 2 cpus 49-55,57-63,65-71
0: mpibind: task   3 nths 21 gpus 3 cpus 73-79,81-87,89-95
0: 0.098s: flux-shell[7]: mpibind: 
0: mpibind: task   0 nths 21 gpus 0 cpus 1-7,9-15,17-23
0: mpibind: task   1 nths 21 gpus 1 cpus 25-31,33-39,41-47
0: mpibind: task   2 nths 21 gpus 2 cpus 49-55,57-63,65-71
0: mpibind: task   3 nths 21 gpus 3 cpus 73-79,81-87,89-95
0: 0.095s: flux-shell[8]: mpibind: 
0: mpibind: task   0 nths 21 gpus 0 cpus 1-7,9-15,17-23
0: mpibind: task   1 nths 21 gpus 1 cpus 25-31,33-39,41-47
0: mpibind: task   2 nths 21 gpus 2 cpus 49-55,57-63,65-71
0: mpibind: task   3 nths 21 gpus 3 cpus 73-79,81-87,89-95
0: 0.098s: flux-shell[9]: mpibind: 
0: mpibind: task   0 nths 21 gpus 0 cpus 1-7,9-15,17-23
0: mpibind: task   1 nths 21 gpus 1 cpus 25-31,33-39,41-47
0: mpibind: task   2 nths 21 gpus 2 cpus 49-55,57-63,65-71
0: mpibind: task   3 nths 21 gpus 3 cpus 73-79,81-87,89-95
0: 0.102s: flux-shell[10]: mpibind: 
0: mpibind: task   0 nths 21 gpus 0 cpus 1-7,9-15,17-23
0: mpibind: task   1 nths 21 gpus 1 cpus 25-31,33-39,41-47
0: mpibind: task   2 nths 21 gpus 2 cpus 49-55,57-63,65-71
0: mpibind: task   3 nths 21 gpus 3 cpus 73-79,81-87,89-95
0: 0.096s: flux-shell[11]: mpibind: 
0: mpibind: task   0 nths 21 gpus 0 cpus 1-7,9-15,17-23
0: mpibind: task   1 nths 21 gpus 1 cpus 25-31,33-39,41-47
0: mpibind: task   2 nths 21 gpus 2 cpus 49-55,57-63,65-71
0: mpibind: task   3 nths 21 gpus 3 cpus 73-79,81-87,89-95
0: 0.098s: flux-shell[12]: mpibind: 
0: mpibind: task   0 nths 21 gpus 0 cpus 1-7,9-15,17-23
0: mpibind: task   1 nths 21 gpus 1 cpus 25-31,33-39,41-47
0: mpibind: task   2 nths 21 gpus 2 cpus 49-55,57-63,65-71
0: mpibind: task   3 nths 21 gpus 3 cpus 73-79,81-87,89-95
0: 0.104s: flux-shell[13]: mpibind: 
0: mpibind: task   0 nths 21 gpus 0 cpus 1-7,9-15,17-23
0: mpibind: task   1 nths 21 gpus 1 cpus 25-31,33-39,41-47
0: mpibind: task   2 nths 21 gpus 2 cpus 49-55,57-63,65-71
0: mpibind: task   3 nths 21 gpus 3 cpus 73-79,81-87,89-95
0: 0.101s: flux-shell[14]: mpibind: 
0: mpibind: task   0 nths 21 gpus 0 cpus 1-7,9-15,17-23
0: mpibind: task   1 nths 21 gpus 1 cpus 25-31,33-39,41-47
0: mpibind: task   2 nths 21 gpus 2 cpus 49-55,57-63,65-71
0: mpibind: task   3 nths 21 gpus 3 cpus 73-79,81-87,89-95
0: 0.106s: flux-shell[28]: mpibind: 
0: mpibind: task   0 nths 21 gpus 0 cpus 1-7,9-15,17-23
0: mpibind: task   1 nths 21 gpus 1 cpus 25-31,33-39,41-47
0: mpibind: task   2 nths 21 gpus 2 cpus 49-55,57-63,65-71
0: mpibind: task   3 nths 21 gpus 3 cpus 73-79,81-87,89-95
0: 0.111s: flux-shell[27]: mpibind: 
0: mpibind: task   0 nths 21 gpus 0 cpus 1-7,9-15,17-23
0: mpibind: task   1 nths 21 gpus 1 cpus 25-31,33-39,41-47
0: mpibind: task   2 nths 21 gpus 2 cpus 49-55,57-63,65-71
0: mpibind: task   3 nths 21 gpus 3 cpus 73-79,81-87,89-95
0: 0.109s: flux-shell[25]: mpibind: 
0: mpibind: task   0 nths 21 gpus 0 cpus 1-7,9-15,17-23
0: mpibind: task   1 nths 21 gpus 1 cpus 25-31,33-39,41-47
0: mpibind: task   2 nths 21 gpus 2 cpus 49-55,57-63,65-71
0: mpibind: task   3 nths 21 gpus 3 cpus 73-79,81-87,89-95
0: 0.112s: flux-shell[24]: mpibind: 
0: mpibind: task   0 nths 21 gpus 0 cpus 1-7,9-15,17-23
0: mpibind: task   1 nths 21 gpus 1 cpus 25-31,33-39,41-47
0: mpibind: task   2 nths 21 gpus 2 cpus 49-55,57-63,65-71
0: mpibind: task   3 nths 21 gpus 3 cpus 73-79,81-87,89-95
0: 0.109s: flux-shell[23]: mpibind: 
0: mpibind: task   0 nths 21 gpus 0 cpus 1-7,9-15,17-23
0: mpibind: task   1 nths 21 gpus 1 cpus 25-31,33-39,41-47
0: mpibind: task   2 nths 21 gpus 2 cpus 49-55,57-63,65-71
0: mpibind: task   3 nths 21 gpus 3 cpus 73-79,81-87,89-95
0: 0.109s: flux-shell[22]: mpibind: 
0: mpibind: task   0 nths 21 gpus 0 cpus 1-7,9-15,17-23
0: mpibind: task   1 nths 21 gpus 1 cpus 25-31,33-39,41-47
0: mpibind: task   2 nths 21 gpus 2 cpus 49-55,57-63,65-71
0: mpibind: task   3 nths 21 gpus 3 cpus 73-79,81-87,89-95
0: 0.108s: flux-shell[15]: mpibind: 
0: mpibind: task   0 nths 21 gpus 0 cpus 1-7,9-15,17-23
0: mpibind: task   1 nths 21 gpus 1 cpus 25-31,33-39,41-47
0: mpibind: task   2 nths 21 gpus 2 cpus 49-55,57-63,65-71
0: mpibind: task   3 nths 21 gpus 3 cpus 73-79,81-87,89-95
0: 0.105s: flux-shell[16]: mpibind: 
0: mpibind: task   0 nths 21 gpus 0 cpus 1-7,9-15,17-23
0: mpibind: task   1 nths 21 gpus 1 cpus 25-31,33-39,41-47
0: mpibind: task   2 nths 21 gpus 2 cpus 49-55,57-63,65-71
0: mpibind: task   3 nths 21 gpus 3 cpus 73-79,81-87,89-95
0: 0.107s: flux-shell[17]: mpibind: 
0: mpibind: task   0 nths 21 gpus 0 cpus 1-7,9-15,17-23
0: mpibind: task   1 nths 21 gpus 1 cpus 25-31,33-39,41-47
0: mpibind: task   2 nths 21 gpus 2 cpus 49-55,57-63,65-71
0: mpibind: task   3 nths 21 gpus 3 cpus 73-79,81-87,89-95
0: 0.112s: flux-shell[18]: mpibind: 
0: mpibind: task   0 nths 21 gpus 0 cpus 1-7,9-15,17-23
0: mpibind: task   1 nths 21 gpus 1 cpus 25-31,33-39,41-47
0: mpibind: task   2 nths 21 gpus 2 cpus 49-55,57-63,65-71
0: mpibind: task   3 nths 21 gpus 3 cpus 73-79,81-87,89-95
0: 0.107s: flux-shell[19]: mpibind: 
0: mpibind: task   0 nths 21 gpus 0 cpus 1-7,9-15,17-23
0: mpibind: task   1 nths 21 gpus 1 cpus 25-31,33-39,41-47
0: mpibind: task   2 nths 21 gpus 2 cpus 49-55,57-63,65-71
0: mpibind: task   3 nths 21 gpus 3 cpus 73-79,81-87,89-95
0: 0.104s: flux-shell[20]: mpibind: 
0: mpibind: task   0 nths 21 gpus 0 cpus 1-7,9-15,17-23
0: mpibind: task   1 nths 21 gpus 1 cpus 25-31,33-39,41-47
0: mpibind: task   2 nths 21 gpus 2 cpus 49-55,57-63,65-71
0: mpibind: task   3 nths 21 gpus 3 cpus 73-79,81-87,89-95
0: 0.109s: flux-shell[21]: mpibind: 
0: mpibind: task   0 nths 21 gpus 0 cpus 1-7,9-15,17-23
0: mpibind: task   1 nths 21 gpus 1 cpus 25-31,33-39,41-47
0: mpibind: task   2 nths 21 gpus 2 cpus 49-55,57-63,65-71
0: mpibind: task   3 nths 21 gpus 3 cpus 73-79,81-87,89-95
0: 0.105s: flux-shell[26]: mpibind: 
0: mpibind: task   0 nths 21 gpus 0 cpus 1-7,9-15,17-23
0: mpibind: task   1 nths 21 gpus 1 cpus 25-31,33-39,41-47
0: mpibind: task   2 nths 21 gpus 2 cpus 49-55,57-63,65-71
0: mpibind: task   3 nths 21 gpus 3 cpus 73-79,81-87,89-95
0: 0.108s: flux-shell[30]: mpibind: 
0: mpibind: task   0 nths 21 gpus 0 cpus 1-7,9-15,17-23
0: mpibind: task   1 nths 21 gpus 1 cpus 25-31,33-39,41-47
0: mpibind: task   2 nths 21 gpus 2 cpus 49-55,57-63,65-71
0: mpibind: task   3 nths 21 gpus 3 cpus 73-79,81-87,89-95
0: 0.113s: flux-shell[29]: mpibind: 
0: mpibind: task   0 nths 21 gpus 0 cpus 1-7,9-15,17-23
0: mpibind: task   1 nths 21 gpus 1 cpus 25-31,33-39,41-47
0: mpibind: task   2 nths 21 gpus 2 cpus 49-55,57-63,65-71
0: mpibind: task   3 nths 21 gpus 3 cpus 73-79,81-87,89-95
0: 0.103s: flux-shell[31]: mpibind: 
0: mpibind: task   0 nths 21 gpus 0 cpus 1-7,9-15,17-23
0: mpibind: task   1 nths 21 gpus 1 cpus 25-31,33-39,41-47
0: mpibind: task   2 nths 21 gpus 2 cpus 49-55,57-63,65-71
0: mpibind: task   3 nths 21 gpus 3 cpus 73-79,81-87,89-95
0: 0.113s: flux-shell[32]: mpibind: 
0: mpibind: task   0 nths 21 gpus 0 cpus 1-7,9-15,17-23
0: mpibind: task   1 nths 21 gpus 1 cpus 25-31,33-39,41-47
0: mpibind: task   2 nths 21 gpus 2 cpus 49-55,57-63,65-71
0: mpibind: task   3 nths 21 gpus 3 cpus 73-79,81-87,89-95
0: 0.105s: flux-shell[33]: mpibind: 
0: mpibind: task   0 nths 21 gpus 0 cpus 1-7,9-15,17-23
0: mpibind: task   1 nths 21 gpus 1 cpus 25-31,33-39,41-47
0: mpibind: task   2 nths 21 gpus 2 cpus 49-55,57-63,65-71
0: mpibind: task   3 nths 21 gpus 3 cpus 73-79,81-87,89-95
0: 0.108s: flux-shell[36]: mpibind: 
0: mpibind: task   0 nths 21 gpus 0 cpus 1-7,9-15,17-23
0: mpibind: task   1 nths 21 gpus 1 cpus 25-31,33-39,41-47
0: mpibind: task   2 nths 21 gpus 2 cpus 49-55,57-63,65-71
0: mpibind: task   3 nths 21 gpus 3 cpus 73-79,81-87,89-95
0: 0.102s: flux-shell[34]: mpibind: 
0: mpibind: task   0 nths 21 gpus 0 cpus 1-7,9-15,17-23
0: mpibind: task   1 nths 21 gpus 1 cpus 25-31,33-39,41-47
0: mpibind: task   2 nths 21 gpus 2 cpus 49-55,57-63,65-71
0: mpibind: task   3 nths 21 gpus 3 cpus 73-79,81-87,89-95
0: 0.106s: flux-shell[35]: mpibind: 
0: mpibind: task   0 nths 21 gpus 0 cpus 1-7,9-15,17-23
0: mpibind: task   1 nths 21 gpus 1 cpus 25-31,33-39,41-47
0: mpibind: task   2 nths 21 gpus 2 cpus 49-55,57-63,65-71
0: mpibind: task   3 nths 21 gpus 3 cpus 73-79,81-87,89-95
0: 0.104s: flux-shell[37]: mpibind: 
0: mpibind: task   0 nths 21 gpus 0 cpus 1-7,9-15,17-23
0: mpibind: task   1 nths 21 gpus 1 cpus 25-31,33-39,41-47
0: mpibind: task   2 nths 21 gpus 2 cpus 49-55,57-63,65-71
0: mpibind: task   3 nths 21 gpus 3 cpus 73-79,81-87,89-95
0: 0.111s: flux-shell[38]: mpibind: 
0: mpibind: task   0 nths 21 gpus 0 cpus 1-7,9-15,17-23
0: mpibind: task   1 nths 21 gpus 1 cpus 25-31,33-39,41-47
0: mpibind: task   2 nths 21 gpus 2 cpus 49-55,57-63,65-71
0: mpibind: task   3 nths 21 gpus 3 cpus 73-79,81-87,89-95
0: 0.107s: flux-shell[39]: mpibind: 
0: mpibind: task   0 nths 21 gpus 0 cpus 1-7,9-15,17-23
0: mpibind: task   1 nths 21 gpus 1 cpus 25-31,33-39,41-47
0: mpibind: task   2 nths 21 gpus 2 cpus 49-55,57-63,65-71
0: mpibind: task   3 nths 21 gpus 3 cpus 73-79,81-87,89-95
0: 0.114s: flux-shell[41]: mpibind: 
0: mpibind: task   0 nths 21 gpus 0 cpus 1-7,9-15,17-23
0: mpibind: task   1 nths 21 gpus 1 cpus 25-31,33-39,41-47
0: mpibind: task   2 nths 21 gpus 2 cpus 49-55,57-63,65-71
0: mpibind: task   3 nths 21 gpus 3 cpus 73-79,81-87,89-95
0: 0.106s: flux-shell[42]: mpibind: 
0: mpibind: task   0 nths 21 gpus 0 cpus 1-7,9-15,17-23
0: mpibind: task   1 nths 21 gpus 1 cpus 25-31,33-39,41-47
0: mpibind: task   2 nths 21 gpus 2 cpus 49-55,57-63,65-71
0: mpibind: task   3 nths 21 gpus 3 cpus 73-79,81-87,89-95
0: 0.111s: flux-shell[43]: mpibind: 
0: mpibind: task   0 nths 21 gpus 0 cpus 1-7,9-15,17-23
0: mpibind: task   1 nths 21 gpus 1 cpus 25-31,33-39,41-47
0: mpibind: task   2 nths 21 gpus 2 cpus 49-55,57-63,65-71
0: mpibind: task   3 nths 21 gpus 3 cpus 73-79,81-87,89-95
0: 0.115s: flux-shell[44]: mpibind: 
0: mpibind: task   0 nths 21 gpus 0 cpus 1-7,9-15,17-23
0: mpibind: task   1 nths 21 gpus 1 cpus 25-31,33-39,41-47
0: mpibind: task   2 nths 21 gpus 2 cpus 49-55,57-63,65-71
0: mpibind: task   3 nths 21 gpus 3 cpus 73-79,81-87,89-95
0: 0.110s: flux-shell[46]: mpibind: 
0: mpibind: task   0 nths 21 gpus 0 cpus 1-7,9-15,17-23
0: mpibind: task   1 nths 21 gpus 1 cpus 25-31,33-39,41-47
0: mpibind: task   2 nths 21 gpus 2 cpus 49-55,57-63,65-71
0: mpibind: task   3 nths 21 gpus 3 cpus 73-79,81-87,89-95
0: 0.108s: flux-shell[47]: mpibind: 
0: mpibind: task   0 nths 21 gpus 0 cpus 1-7,9-15,17-23
0: mpibind: task   1 nths 21 gpus 1 cpus 25-31,33-39,41-47
0: mpibind: task   2 nths 21 gpus 2 cpus 49-55,57-63,65-71
0: mpibind: task   3 nths 21 gpus 3 cpus 73-79,81-87,89-95
0: 0.105s: flux-shell[48]: mpibind: 
0: mpibind: task   0 nths 21 gpus 0 cpus 1-7,9-15,17-23
0: mpibind: task   1 nths 21 gpus 1 cpus 25-31,33-39,41-47
0: mpibind: task   2 nths 21 gpus 2 cpus 49-55,57-63,65-71
0: mpibind: task   3 nths 21 gpus 3 cpus 73-79,81-87,89-95
0: 0.113s: flux-shell[45]: mpibind: 
0: mpibind: task   0 nths 21 gpus 0 cpus 1-7,9-15,17-23
0: mpibind: task   1 nths 21 gpus 1 cpus 25-31,33-39,41-47
0: mpibind: task   2 nths 21 gpus 2 cpus 49-55,57-63,65-71
0: mpibind: task   3 nths 21 gpus 3 cpus 73-79,81-87,89-95
0: 0.112s: flux-shell[40]: mpibind: 
0: mpibind: task   0 nths 21 gpus 0 cpus 1-7,9-15,17-23
0: mpibind: task   1 nths 21 gpus 1 cpus 25-31,33-39,41-47
0: mpibind: task   2 nths 21 gpus 2 cpus 49-55,57-63,65-71
0: mpibind: task   3 nths 21 gpus 3 cpus 73-79,81-87,89-95
0: 0.113s: flux-shell[49]: mpibind: 
0: mpibind: task   0 nths 21 gpus 0 cpus 1-7,9-15,17-23
0: mpibind: task   1 nths 21 gpus 1 cpus 25-31,33-39,41-47
0: mpibind: task   2 nths 21 gpus 2 cpus 49-55,57-63,65-71
0: mpibind: task   3 nths 21 gpus 3 cpus 73-79,81-87,89-95
0: 0.110s: flux-shell[50]: mpibind: 
0: mpibind: task   0 nths 21 gpus 0 cpus 1-7,9-15,17-23
0: mpibind: task   1 nths 21 gpus 1 cpus 25-31,33-39,41-47
0: mpibind: task   2 nths 21 gpus 2 cpus 49-55,57-63,65-71
0: mpibind: task   3 nths 21 gpus 3 cpus 73-79,81-87,89-95
0: 0.114s: flux-shell[51]: mpibind: 
0: mpibind: task   0 nths 21 gpus 0 cpus 1-7,9-15,17-23
0: mpibind: task   1 nths 21 gpus 1 cpus 25-31,33-39,41-47
0: mpibind: task   2 nths 21 gpus 2 cpus 49-55,57-63,65-71
0: mpibind: task   3 nths 21 gpus 3 cpus 73-79,81-87,89-95
0: 0.115s: flux-shell[52]: mpibind: 
0: mpibind: task   0 nths 21 gpus 0 cpus 1-7,9-15,17-23
0: mpibind: task   1 nths 21 gpus 1 cpus 25-31,33-39,41-47
0: mpibind: task   2 nths 21 gpus 2 cpus 49-55,57-63,65-71
0: mpibind: task   3 nths 21 gpus 3 cpus 73-79,81-87,89-95
0: 0.110s: flux-shell[53]: mpibind: 
0: mpibind: task   0 nths 21 gpus 0 cpus 1-7,9-15,17-23
0: mpibind: task   1 nths 21 gpus 1 cpus 25-31,33-39,41-47
0: mpibind: task   2 nths 21 gpus 2 cpus 49-55,57-63,65-71
0: mpibind: task   3 nths 21 gpus 3 cpus 73-79,81-87,89-95
0: 0.111s: flux-shell[54]: mpibind: 
0: mpibind: task   0 nths 21 gpus 0 cpus 1-7,9-15,17-23
0: mpibind: task   1 nths 21 gpus 1 cpus 25-31,33-39,41-47
0: mpibind: task   2 nths 21 gpus 2 cpus 49-55,57-63,65-71
0: mpibind: task   3 nths 21 gpus 3 cpus 73-79,81-87,89-95
0: 0.114s: flux-shell[55]: mpibind: 
0: mpibind: task   0 nths 21 gpus 0 cpus 1-7,9-15,17-23
0: mpibind: task   1 nths 21 gpus 1 cpus 25-31,33-39,41-47
0: mpibind: task   2 nths 21 gpus 2 cpus 49-55,57-63,65-71
0: mpibind: task   3 nths 21 gpus 3 cpus 73-79,81-87,89-95
0: 0.114s: flux-shell[56]: mpibind: 
0: mpibind: task   0 nths 21 gpus 0 cpus 1-7,9-15,17-23
0: mpibind: task   1 nths 21 gpus 1 cpus 25-31,33-39,41-47
0: mpibind: task   2 nths 21 gpus 2 cpus 49-55,57-63,65-71
0: mpibind: task   3 nths 21 gpus 3 cpus 73-79,81-87,89-95
0: 0.113s: flux-shell[57]: mpibind: 
0: mpibind: task   0 nths 21 gpus 0 cpus 1-7,9-15,17-23
0: mpibind: task   1 nths 21 gpus 1 cpus 25-31,33-39,41-47
0: mpibind: task   2 nths 21 gpus 2 cpus 49-55,57-63,65-71
0: mpibind: task   3 nths 21 gpus 3 cpus 73-79,81-87,89-95
0: 0.113s: flux-shell[58]: mpibind: 
0: mpibind: task   0 nths 21 gpus 0 cpus 1-7,9-15,17-23
0: mpibind: task   1 nths 21 gpus 1 cpus 25-31,33-39,41-47
0: mpibind: task   2 nths 21 gpus 2 cpus 49-55,57-63,65-71
0: mpibind: task   3 nths 21 gpus 3 cpus 73-79,81-87,89-95
0: 0.117s: flux-shell[59]: mpibind: 
0: mpibind: task   0 nths 21 gpus 0 cpus 1-7,9-15,17-23
0: mpibind: task   1 nths 21 gpus 1 cpus 25-31,33-39,41-47
0: mpibind: task   2 nths 21 gpus 2 cpus 49-55,57-63,65-71
0: mpibind: task   3 nths 21 gpus 3 cpus 73-79,81-87,89-95
0: 0.112s: flux-shell[60]: mpibind: 
0: mpibind: task   0 nths 21 gpus 0 cpus 1-7,9-15,17-23
0: mpibind: task   1 nths 21 gpus 1 cpus 25-31,33-39,41-47
0: mpibind: task   2 nths 21 gpus 2 cpus 49-55,57-63,65-71
0: mpibind: task   3 nths 21 gpus 3 cpus 73-79,81-87,89-95
0: 0.116s: flux-shell[61]: mpibind: 
0: mpibind: task   0 nths 21 gpus 0 cpus 1-7,9-15,17-23
0: mpibind: task   1 nths 21 gpus 1 cpus 25-31,33-39,41-47
0: mpibind: task   2 nths 21 gpus 2 cpus 49-55,57-63,65-71
0: mpibind: task   3 nths 21 gpus 3 cpus 73-79,81-87,89-95
0: 0.120s: flux-shell[62]: mpibind: 
0: mpibind: task   0 nths 21 gpus 0 cpus 1-7,9-15,17-23
0: mpibind: task   1 nths 21 gpus 1 cpus 25-31,33-39,41-47
0: mpibind: task   2 nths 21 gpus 2 cpus 49-55,57-63,65-71
0: mpibind: task   3 nths 21 gpus 3 cpus 73-79,81-87,89-95
0: 0.118s: flux-shell[63]: mpibind: 
0: mpibind: task   0 nths 21 gpus 0 cpus 1-7,9-15,17-23
0: mpibind: task   1 nths 21 gpus 1 cpus 25-31,33-39,41-47
0: mpibind: task   2 nths 21 gpus 2 cpus 49-55,57-63,65-71
0: mpibind: task   3 nths 21 gpus 3 cpus 73-79,81-87,89-95
0: jobid: f3XfHLHRR
0: 0.101s: flux-shell[1]: mpibind: 
0: mpibind: task   0 nths 21 gpus 0 cpus 1-7,9-15,17-23
0: mpibind: task   1 nths 21 gpus 1 cpus 25-31,33-39,41-47
0: mpibind: task   2 nths 21 gpus 2 cpus 49-55,57-63,65-71
0: mpibind: task   3 nths 21 gpus 3 cpus 73-79,81-87,89-95
0: 0.112s: flux-shell[3]: mpibind: 
0: mpibind: task   0 nths 21 gpus 0 cpus 1-7,9-15,17-23
0: mpibind: task   1 nths 21 gpus 1 cpus 25-31,33-39,41-47
0: mpibind: task   2 nths 21 gpus 2 cpus 49-55,57-63,65-71
0: mpibind: task   3 nths 21 gpus 3 cpus 73-79,81-87,89-95
0: 0.098s: flux-shell[6]: mpibind: 
0: mpibind: task   0 nths 21 gpus 0 cpus 1-7,9-15,17-23
0: mpibind: task   1 nths 21 gpus 1 cpus 25-31,33-39,41-47
0: mpibind: task   2 nths 21 gpus 2 cpus 49-55,57-63,65-71
0: mpibind: task   3 nths 21 gpus 3 cpus 73-79,81-87,89-95
0: 0.105s: flux-shell[2]: mpibind: 
0: mpibind: task   0 nths 21 gpus 0 cpus 1-7,9-15,17-23
0: mpibind: task   1 nths 21 gpus 1 cpus 25-31,33-39,41-47
0: mpibind: task   2 nths 21 gpus 2 cpus 49-55,57-63,65-71
0: mpibind: task   3 nths 21 gpus 3 cpus 73-79,81-87,89-95
0: 0.102s: flux-shell[5]: mpibind: 
0: mpibind: task   0 nths 21 gpus 0 cpus 1-7,9-15,17-23
0: mpibind: task   1 nths 21 gpus 1 cpus 25-31,33-39,41-47
0: mpibind: task   2 nths 21 gpus 2 cpus 49-55,57-63,65-71
0: mpibind: task   3 nths 21 gpus 3 cpus 73-79,81-87,89-95
0: 0.100s: flux-shell[0]: mpibind: 
0: mpibind: task   0 nths 21 gpus 0 cpus 1-7,9-15,17-23
0: mpibind: task   1 nths 21 gpus 1 cpus 25-31,33-39,41-47
0: mpibind: task   2 nths 21 gpus 2 cpus 49-55,57-63,65-71
0: mpibind: task   3 nths 21 gpus 3 cpus 73-79,81-87,89-95
0: 0.104s: flux-shell[4]: mpibind: 
0: mpibind: task   0 nths 21 gpus 0 cpus 1-7,9-15,17-23
0: mpibind: task   1 nths 21 gpus 1 cpus 25-31,33-39,41-47
0: mpibind: task   2 nths 21 gpus 2 cpus 49-55,57-63,65-71
0: mpibind: task   3 nths 21 gpus 3 cpus 73-79,81-87,89-95
0: 0.105s: flux-shell[7]: mpibind: 
0: mpibind: task   0 nths 21 gpus 0 cpus 1-7,9-15,17-23
0: mpibind: task   1 nths 21 gpus 1 cpus 25-31,33-39,41-47
0: mpibind: task   2 nths 21 gpus 2 cpus 49-55,57-63,65-71
0: mpibind: task   3 nths 21 gpus 3 cpus 73-79,81-87,89-95
0: 0.098s: flux-shell[8]: mpibind: 
0: mpibind: task   0 nths 21 gpus 0 cpus 1-7,9-15,17-23
0: mpibind: task   1 nths 21 gpus 1 cpus 25-31,33-39,41-47
0: mpibind: task   2 nths 21 gpus 2 cpus 49-55,57-63,65-71
0: mpibind: task   3 nths 21 gpus 3 cpus 73-79,81-87,89-95
0: 0.105s: flux-shell[9]: mpibind: 
0: mpibind: task   0 nths 21 gpus 0 cpus 1-7,9-15,17-23
0: mpibind: task   1 nths 21 gpus 1 cpus 25-31,33-39,41-47
0: mpibind: task   2 nths 21 gpus 2 cpus 49-55,57-63,65-71
0: mpibind: task   3 nths 21 gpus 3 cpus 73-79,81-87,89-95
0: 0.100s: flux-shell[10]: mpibind: 
0: mpibind: task   0 nths 21 gpus 0 cpus 1-7,9-15,17-23
0: mpibind: task   1 nths 21 gpus 1 cpus 25-31,33-39,41-47
0: mpibind: task   2 nths 21 gpus 2 cpus 49-55,57-63,65-71
0: mpibind: task   3 nths 21 gpus 3 cpus 73-79,81-87,89-95
0: 0.104s: flux-shell[11]: mpibind: 
0: mpibind: task   0 nths 21 gpus 0 cpus 1-7,9-15,17-23
0: mpibind: task   1 nths 21 gpus 1 cpus 25-31,33-39,41-47
0: mpibind: task   2 nths 21 gpus 2 cpus 49-55,57-63,65-71
0: mpibind: task   3 nths 21 gpus 3 cpus 73-79,81-87,89-95
0: 0.106s: flux-shell[12]: mpibind: 
0: mpibind: task   0 nths 21 gpus 0 cpus 1-7,9-15,17-23
0: mpibind: task   1 nths 21 gpus 1 cpus 25-31,33-39,41-47
0: mpibind: task   2 nths 21 gpus 2 cpus 49-55,57-63,65-71
0: mpibind: task   3 nths 21 gpus 3 cpus 73-79,81-87,89-95
0: 0.111s: flux-shell[13]: mpibind: 
0: mpibind: task   0 nths 21 gpus 0 cpus 1-7,9-15,17-23
0: mpibind: task   1 nths 21 gpus 1 cpus 25-31,33-39,41-47
0: mpibind: task   2 nths 21 gpus 2 cpus 49-55,57-63,65-71
0: mpibind: task   3 nths 21 gpus 3 cpus 73-79,81-87,89-95
0: 0.103s: flux-shell[14]: mpibind: 
0: mpibind: task   0 nths 21 gpus 0 cpus 1-7,9-15,17-23
0: mpibind: task   1 nths 21 gpus 1 cpus 25-31,33-39,41-47
0: mpibind: task   2 nths 21 gpus 2 cpus 49-55,57-63,65-71
0: mpibind: task   3 nths 21 gpus 3 cpus 73-79,81-87,89-95
0: 0.113s: flux-shell[31]: mpibind: 
0: mpibind: task   0 nths 21 gpus 0 cpus 1-7,9-15,17-23
0: mpibind: task   1 nths 21 gpus 1 cpus 25-31,33-39,41-47
0: mpibind: task   2 nths 21 gpus 2 cpus 49-55,57-63,65-71
0: mpibind: task   3 nths 21 gpus 3 cpus 73-79,81-87,89-95
0: 0.108s: flux-shell[30]: mpibind: 
0: mpibind: task   0 nths 21 gpus 0 cpus 1-7,9-15,17-23
0: mpibind: task   1 nths 21 gpus 1 cpus 25-31,33-39,41-47
0: mpibind: task   2 nths 21 gpus 2 cpus 49-55,57-63,65-71
0: mpibind: task   3 nths 21 gpus 3 cpus 73-79,81-87,89-95
0: 0.116s: flux-shell[29]: mpibind: 
0: mpibind: task   0 nths 21 gpus 0 cpus 1-7,9-15,17-23
0: mpibind: task   1 nths 21 gpus 1 cpus 25-31,33-39,41-47
0: mpibind: task   2 nths 21 gpus 2 cpus 49-55,57-63,65-71
0: mpibind: task   3 nths 21 gpus 3 cpus 73-79,81-87,89-95
0: 0.114s: flux-shell[28]: mpibind: 
0: mpibind: task   0 nths 21 gpus 0 cpus 1-7,9-15,17-23
0: mpibind: task   1 nths 21 gpus 1 cpus 25-31,33-39,41-47
0: mpibind: task   2 nths 21 gpus 2 cpus 49-55,57-63,65-71
0: mpibind: task   3 nths 21 gpus 3 cpus 73-79,81-87,89-95
0: 0.115s: flux-shell[27]: mpibind: 
0: mpibind: task   0 nths 21 gpus 0 cpus 1-7,9-15,17-23
0: mpibind: task   1 nths 21 gpus 1 cpus 25-31,33-39,41-47
0: mpibind: task   2 nths 21 gpus 2 cpus 49-55,57-63,65-71
0: mpibind: task   3 nths 21 gpus 3 cpus 73-79,81-87,89-95
0: 0.110s: flux-shell[15]: mpibind: 
0: mpibind: task   0 nths 21 gpus 0 cpus 1-7,9-15,17-23
0: mpibind: task   1 nths 21 gpus 1 cpus 25-31,33-39,41-47
0: mpibind: task   2 nths 21 gpus 2 cpus 49-55,57-63,65-71
0: mpibind: task   3 nths 21 gpus 3 cpus 73-79,81-87,89-95
0: 0.111s: flux-shell[16]: mpibind: 
0: mpibind: task   0 nths 21 gpus 0 cpus 1-7,9-15,17-23
0: mpibind: task   1 nths 21 gpus 1 cpus 25-31,33-39,41-47
0: mpibind: task   2 nths 21 gpus 2 cpus 49-55,57-63,65-71
0: mpibind: task   3 nths 21 gpus 3 cpus 73-79,81-87,89-95
0: 0.106s: flux-shell[17]: mpibind: 
0: mpibind: task   0 nths 21 gpus 0 cpus 1-7,9-15,17-23
0: mpibind: task   1 nths 21 gpus 1 cpus 25-31,33-39,41-47
0: mpibind: task   2 nths 21 gpus 2 cpus 49-55,57-63,65-71
0: mpibind: task   3 nths 21 gpus 3 cpus 73-79,81-87,89-95
0: 0.118s: flux-shell[18]: mpibind: 
0: mpibind: task   0 nths 21 gpus 0 cpus 1-7,9-15,17-23
0: mpibind: task   1 nths 21 gpus 1 cpus 25-31,33-39,41-47
0: mpibind: task   2 nths 21 gpus 2 cpus 49-55,57-63,65-71
0: mpibind: task   3 nths 21 gpus 3 cpus 73-79,81-87,89-95
0: 0.106s: flux-shell[19]: mpibind: 
0: mpibind: task   0 nths 21 gpus 0 cpus 1-7,9-15,17-23
0: mpibind: task   1 nths 21 gpus 1 cpus 25-31,33-39,41-47
0: mpibind: task   2 nths 21 gpus 2 cpus 49-55,57-63,65-71
0: mpibind: task   3 nths 21 gpus 3 cpus 73-79,81-87,89-95
0: 0.111s: flux-shell[20]: mpibind: 
0: mpibind: task   0 nths 21 gpus 0 cpus 1-7,9-15,17-23
0: mpibind: task   1 nths 21 gpus 1 cpus 25-31,33-39,41-47
0: mpibind: task   2 nths 21 gpus 2 cpus 49-55,57-63,65-71
0: mpibind: task   3 nths 21 gpus 3 cpus 73-79,81-87,89-95
0: 0.115s: flux-shell[21]: mpibind: 
0: mpibind: task   0 nths 21 gpus 0 cpus 1-7,9-15,17-23
0: mpibind: task   1 nths 21 gpus 1 cpus 25-31,33-39,41-47
0: mpibind: task   2 nths 21 gpus 2 cpus 49-55,57-63,65-71
0: mpibind: task   3 nths 21 gpus 3 cpus 73-79,81-87,89-95
0: 0.114s: flux-shell[22]: mpibind: 
0: mpibind: task   0 nths 21 gpus 0 cpus 1-7,9-15,17-23
0: mpibind: task   1 nths 21 gpus 1 cpus 25-31,33-39,41-47
0: mpibind: task   2 nths 21 gpus 2 cpus 49-55,57-63,65-71
0: mpibind: task   3 nths 21 gpus 3 cpus 73-79,81-87,89-95
0: 0.109s: flux-shell[23]: mpibind: 
0: mpibind: task   0 nths 21 gpus 0 cpus 1-7,9-15,17-23
0: mpibind: task   1 nths 21 gpus 1 cpus 25-31,33-39,41-47
0: mpibind: task   2 nths 21 gpus 2 cpus 49-55,57-63,65-71
0: mpibind: task   3 nths 21 gpus 3 cpus 73-79,81-87,89-95
0: 0.112s: flux-shell[24]: mpibind: 
0: mpibind: task   0 nths 21 gpus 0 cpus 1-7,9-15,17-23
0: mpibind: task   1 nths 21 gpus 1 cpus 25-31,33-39,41-47
0: mpibind: task   2 nths 21 gpus 2 cpus 49-55,57-63,65-71
0: mpibind: task   3 nths 21 gpus 3 cpus 73-79,81-87,89-95
0: 0.114s: flux-shell[25]: mpibind: 
0: mpibind: task   0 nths 21 gpus 0 cpus 1-7,9-15,17-23
0: mpibind: task   1 nths 21 gpus 1 cpus 25-31,33-39,41-47
0: mpibind: task   2 nths 21 gpus 2 cpus 49-55,57-63,65-71
0: mpibind: task   3 nths 21 gpus 3 cpus 73-79,81-87,89-95
0: 0.111s: flux-shell[26]: mpibind: 
0: mpibind: task   0 nths 21 gpus 0 cpus 1-7,9-15,17-23
0: mpibind: task   1 nths 21 gpus 1 cpus 25-31,33-39,41-47
0: mpibind: task   2 nths 21 gpus 2 cpus 49-55,57-63,65-71
0: mpibind: task   3 nths 21 gpus 3 cpus 73-79,81-87,89-95
0: 0.117s: flux-shell[32]: mpibind: 
0: mpibind: task   0 nths 21 gpus 0 cpus 1-7,9-15,17-23
0: mpibind: task   1 nths 21 gpus 1 cpus 25-31,33-39,41-47
0: mpibind: task   2 nths 21 gpus 2 cpus 49-55,57-63,65-71
0: mpibind: task   3 nths 21 gpus 3 cpus 73-79,81-87,89-95
0: 0.115s: flux-shell[33]: mpibind: 
0: mpibind: task   0 nths 21 gpus 0 cpus 1-7,9-15,17-23
0: mpibind: task   1 nths 21 gpus 1 cpus 25-31,33-39,41-47
0: mpibind: task   2 nths 21 gpus 2 cpus 49-55,57-63,65-71
0: mpibind: task   3 nths 21 gpus 3 cpus 73-79,81-87,89-95
0: 0.107s: flux-shell[35]: mpibind: 
0: mpibind: task   0 nths 21 gpus 0 cpus 1-7,9-15,17-23
0: mpibind: task   1 nths 21 gpus 1 cpus 25-31,33-39,41-47
0: mpibind: task   2 nths 21 gpus 2 cpus 49-55,57-63,65-71
0: mpibind: task   3 nths 21 gpus 3 cpus 73-79,81-87,89-95
0: 0.110s: flux-shell[34]: mpibind: 
0: mpibind: task   0 nths 21 gpus 0 cpus 1-7,9-15,17-23
0: mpibind: task   1 nths 21 gpus 1 cpus 25-31,33-39,41-47
0: mpibind: task   2 nths 21 gpus 2 cpus 49-55,57-63,65-71
0: mpibind: task   3 nths 21 gpus 3 cpus 73-79,81-87,89-95
0: 0.107s: flux-shell[36]: mpibind: 
0: mpibind: task   0 nths 21 gpus 0 cpus 1-7,9-15,17-23
0: mpibind: task   1 nths 21 gpus 1 cpus 25-31,33-39,41-47
0: mpibind: task   2 nths 21 gpus 2 cpus 49-55,57-63,65-71
0: mpibind: task   3 nths 21 gpus 3 cpus 73-79,81-87,89-95
0: 0.107s: flux-shell[37]: mpibind: 
0: mpibind: task   0 nths 21 gpus 0 cpus 1-7,9-15,17-23
0: mpibind: task   1 nths 21 gpus 1 cpus 25-31,33-39,41-47
0: mpibind: task   2 nths 21 gpus 2 cpus 49-55,57-63,65-71
0: mpibind: task   3 nths 21 gpus 3 cpus 73-79,81-87,89-95
0: 0.113s: flux-shell[38]: mpibind: 
0: mpibind: task   0 nths 21 gpus 0 cpus 1-7,9-15,17-23
0: mpibind: task   1 nths 21 gpus 1 cpus 25-31,33-39,41-47
0: mpibind: task   2 nths 21 gpus 2 cpus 49-55,57-63,65-71
0: mpibind: task   3 nths 21 gpus 3 cpus 73-79,81-87,89-95
0: 0.104s: flux-shell[39]: mpibind: 
0: mpibind: task   0 nths 21 gpus 0 cpus 1-7,9-15,17-23
0: mpibind: task   1 nths 21 gpus 1 cpus 25-31,33-39,41-47
0: mpibind: task   2 nths 21 gpus 2 cpus 49-55,57-63,65-71
0: mpibind: task   3 nths 21 gpus 3 cpus 73-79,81-87,89-95
0: 0.115s: flux-shell[40]: mpibind: 
0: mpibind: task   0 nths 21 gpus 0 cpus 1-7,9-15,17-23
0: mpibind: task   1 nths 21 gpus 1 cpus 25-31,33-39,41-47
0: mpibind: task   2 nths 21 gpus 2 cpus 49-55,57-63,65-71
0: mpibind: task   3 nths 21 gpus 3 cpus 73-79,81-87,89-95
0: 0.114s: flux-shell[41]: mpibind: 
0: mpibind: task   0 nths 21 gpus 0 cpus 1-7,9-15,17-23
0: mpibind: task   1 nths 21 gpus 1 cpus 25-31,33-39,41-47
0: mpibind: task   2 nths 21 gpus 2 cpus 49-55,57-63,65-71
0: mpibind: task   3 nths 21 gpus 3 cpus 73-79,81-87,89-95
0: 0.108s: flux-shell[42]: mpibind: 
0: mpibind: task   0 nths 21 gpus 0 cpus 1-7,9-15,17-23
0: mpibind: task   1 nths 21 gpus 1 cpus 25-31,33-39,41-47
0: mpibind: task   2 nths 21 gpus 2 cpus 49-55,57-63,65-71
0: mpibind: task   3 nths 21 gpus 3 cpus 73-79,81-87,89-95
0: 0.113s: flux-shell[43]: mpibind: 
0: mpibind: task   0 nths 21 gpus 0 cpus 1-7,9-15,17-23
0: mpibind: task   1 nths 21 gpus 1 cpus 25-31,33-39,41-47
0: mpibind: task   2 nths 21 gpus 2 cpus 49-55,57-63,65-71
0: mpibind: task   3 nths 21 gpus 3 cpus 73-79,81-87,89-95
0: 0.118s: flux-shell[44]: mpibind: 
0: mpibind: task   0 nths 21 gpus 0 cpus 1-7,9-15,17-23
0: mpibind: task   1 nths 21 gpus 1 cpus 25-31,33-39,41-47
0: mpibind: task   2 nths 21 gpus 2 cpus 49-55,57-63,65-71
0: mpibind: task   3 nths 21 gpus 3 cpus 73-79,81-87,89-95
0: 0.112s: flux-shell[45]: mpibind: 
0: mpibind: task   0 nths 21 gpus 0 cpus 1-7,9-15,17-23
0: mpibind: task   1 nths 21 gpus 1 cpus 25-31,33-39,41-47
0: mpibind: task   2 nths 21 gpus 2 cpus 49-55,57-63,65-71
0: mpibind: task   3 nths 21 gpus 3 cpus 73-79,81-87,89-95
0: 0.114s: flux-shell[46]: mpibind: 
0: mpibind: task   0 nths 21 gpus 0 cpus 1-7,9-15,17-23
0: mpibind: task   1 nths 21 gpus 1 cpus 25-31,33-39,41-47
0: mpibind: task   2 nths 21 gpus 2 cpus 49-55,57-63,65-71
0: mpibind: task   3 nths 21 gpus 3 cpus 73-79,81-87,89-95
0: 0.108s: flux-shell[47]: mpibind: 
0: mpibind: task   0 nths 21 gpus 0 cpus 1-7,9-15,17-23
0: mpibind: task   1 nths 21 gpus 1 cpus 25-31,33-39,41-47
0: mpibind: task   2 nths 21 gpus 2 cpus 49-55,57-63,65-71
0: mpibind: task   3 nths 21 gpus 3 cpus 73-79,81-87,89-95
0: 0.106s: flux-shell[48]: mpibind: 
0: mpibind: task   0 nths 21 gpus 0 cpus 1-7,9-15,17-23
0: mpibind: task   1 nths 21 gpus 1 cpus 25-31,33-39,41-47
0: mpibind: task   2 nths 21 gpus 2 cpus 49-55,57-63,65-71
0: mpibind: task   3 nths 21 gpus 3 cpus 73-79,81-87,89-95
0: 0.117s: flux-shell[49]: mpibind: 
0: mpibind: task   0 nths 21 gpus 0 cpus 1-7,9-15,17-23
0: mpibind: task   1 nths 21 gpus 1 cpus 25-31,33-39,41-47
0: mpibind: task   2 nths 21 gpus 2 cpus 49-55,57-63,65-71
0: mpibind: task   3 nths 21 gpus 3 cpus 73-79,81-87,89-95
0: 0.114s: flux-shell[50]: mpibind: 
0: mpibind: task   0 nths 21 gpus 0 cpus 1-7,9-15,17-23
0: mpibind: task   1 nths 21 gpus 1 cpus 25-31,33-39,41-47
0: mpibind: task   2 nths 21 gpus 2 cpus 49-55,57-63,65-71
0: mpibind: task   3 nths 21 gpus 3 cpus 73-79,81-87,89-95
0: 0.115s: flux-shell[51]: mpibind: 
0: mpibind: task   0 nths 21 gpus 0 cpus 1-7,9-15,17-23
0: mpibind: task   1 nths 21 gpus 1 cpus 25-31,33-39,41-47
0: mpibind: task   2 nths 21 gpus 2 cpus 49-55,57-63,65-71
0: mpibind: task   3 nths 21 gpus 3 cpus 73-79,81-87,89-95
0: 0.116s: flux-shell[52]: mpibind: 
0: mpibind: task   0 nths 21 gpus 0 cpus 1-7,9-15,17-23
0: mpibind: task   1 nths 21 gpus 1 cpus 25-31,33-39,41-47
0: mpibind: task   2 nths 21 gpus 2 cpus 49-55,57-63,65-71
0: mpibind: task   3 nths 21 gpus 3 cpus 73-79,81-87,89-95
0: 0.110s: flux-shell[53]: mpibind: 
0: mpibind: task   0 nths 21 gpus 0 cpus 1-7,9-15,17-23
0: mpibind: task   1 nths 21 gpus 1 cpus 25-31,33-39,41-47
0: mpibind: task   2 nths 21 gpus 2 cpus 49-55,57-63,65-71
0: mpibind: task   3 nths 21 gpus 3 cpus 73-79,81-87,89-95
0: 0.120s: flux-shell[54]: mpibind: 
0: mpibind: task   0 nths 21 gpus 0 cpus 1-7,9-15,17-23
0: mpibind: task   1 nths 21 gpus 1 cpus 25-31,33-39,41-47
0: mpibind: task   2 nths 21 gpus 2 cpus 49-55,57-63,65-71
0: mpibind: task   3 nths 21 gpus 3 cpus 73-79,81-87,89-95
0: 0.114s: flux-shell[55]: mpibind: 
0: mpibind: task   0 nths 21 gpus 0 cpus 1-7,9-15,17-23
0: mpibind: task   1 nths 21 gpus 1 cpus 25-31,33-39,41-47
0: mpibind: task   2 nths 21 gpus 2 cpus 49-55,57-63,65-71
0: mpibind: task   3 nths 21 gpus 3 cpus 73-79,81-87,89-95
0: 0.117s: flux-shell[56]: mpibind: 
0: mpibind: task   0 nths 21 gpus 0 cpus 1-7,9-15,17-23
0: mpibind: task   1 nths 21 gpus 1 cpus 25-31,33-39,41-47
0: mpibind: task   2 nths 21 gpus 2 cpus 49-55,57-63,65-71
0: mpibind: task   3 nths 21 gpus 3 cpus 73-79,81-87,89-95
0: 0.114s: flux-shell[57]: mpibind: 
0: mpibind: task   0 nths 21 gpus 0 cpus 1-7,9-15,17-23
0: mpibind: task   1 nths 21 gpus 1 cpus 25-31,33-39,41-47
0: mpibind: task   2 nths 21 gpus 2 cpus 49-55,57-63,65-71
0: mpibind: task   3 nths 21 gpus 3 cpus 73-79,81-87,89-95
0: 0.114s: flux-shell[58]: mpibind: 
0: mpibind: task   0 nths 21 gpus 0 cpus 1-7,9-15,17-23
0: mpibind: task   1 nths 21 gpus 1 cpus 25-31,33-39,41-47
0: mpibind: task   2 nths 21 gpus 2 cpus 49-55,57-63,65-71
0: mpibind: task   3 nths 21 gpus 3 cpus 73-79,81-87,89-95
0: 0.117s: flux-shell[59]: mpibind: 
0: mpibind: task   0 nths 21 gpus 0 cpus 1-7,9-15,17-23
0: mpibind: task   1 nths 21 gpus 1 cpus 25-31,33-39,41-47
0: mpibind: task   2 nths 21 gpus 2 cpus 49-55,57-63,65-71
0: mpibind: task   3 nths 21 gpus 3 cpus 73-79,81-87,89-95
0: 0.114s: flux-shell[60]: mpibind: 
0: mpibind: task   0 nths 21 gpus 0 cpus 1-7,9-15,17-23
0: mpibind: task   1 nths 21 gpus 1 cpus 25-31,33-39,41-47
0: mpibind: task   2 nths 21 gpus 2 cpus 49-55,57-63,65-71
0: mpibind: task   3 nths 21 gpus 3 cpus 73-79,81-87,89-95
0: 0.116s: flux-shell[61]: mpibind: 
0: mpibind: task   0 nths 21 gpus 0 cpus 1-7,9-15,17-23
0: mpibind: task   1 nths 21 gpus 1 cpus 25-31,33-39,41-47
0: mpibind: task   2 nths 21 gpus 2 cpus 49-55,57-63,65-71
0: mpibind: task   3 nths 21 gpus 3 cpus 73-79,81-87,89-95
0: 0.121s: flux-shell[62]: mpibind: 
0: mpibind: task   0 nths 21 gpus 0 cpus 1-7,9-15,17-23
0: mpibind: task   1 nths 21 gpus 1 cpus 25-31,33-39,41-47
0: mpibind: task   2 nths 21 gpus 2 cpus 49-55,57-63,65-71
0: mpibind: task   3 nths 21 gpus 3 cpus 73-79,81-87,89-95
0: 0.120s: flux-shell[63]: mpibind: 
0: mpibind: task   0 nths 21 gpus 0 cpus 1-7,9-15,17-23
0: mpibind: task   1 nths 21 gpus 1 cpus 25-31,33-39,41-47
0: mpibind: task   2 nths 21 gpus 2 cpus 49-55,57-63,65-71
0: mpibind: task   3 nths 21 gpus 3 cpus 73-79,81-87,89-95
0: jobid: f3gCFLWLf
0: 0.107s: flux-shell[1]: mpibind: 
0: mpibind: task   0 nths 21 gpus 0 cpus 1-7,9-15,17-23
0: mpibind: task   1 nths 21 gpus 1 cpus 25-31,33-39,41-47
0: mpibind: task   2 nths 21 gpus 2 cpus 49-55,57-63,65-71
0: mpibind: task   3 nths 21 gpus 3 cpus 73-79,81-87,89-95
0: 0.111s: flux-shell[3]: mpibind: 
0: mpibind: task   0 nths 21 gpus 0 cpus 1-7,9-15,17-23
0: mpibind: task   1 nths 21 gpus 1 cpus 25-31,33-39,41-47
0: mpibind: task   2 nths 21 gpus 2 cpus 49-55,57-63,65-71
0: mpibind: task   3 nths 21 gpus 3 cpus 73-79,81-87,89-95
0: 0.107s: flux-shell[4]: mpibind: 
0: mpibind: task   0 nths 21 gpus 0 cpus 1-7,9-15,17-23
0: mpibind: task   1 nths 21 gpus 1 cpus 25-31,33-39,41-47
0: mpibind: task   2 nths 21 gpus 2 cpus 49-55,57-63,65-71
0: mpibind: task   3 nths 21 gpus 3 cpus 73-79,81-87,89-95
0: 0.116s: flux-shell[6]: mpibind: 
0: mpibind: task   0 nths 21 gpus 0 cpus 1-7,9-15,17-23
0: mpibind: task   1 nths 21 gpus 1 cpus 25-31,33-39,41-47
0: mpibind: task   2 nths 21 gpus 2 cpus 49-55,57-63,65-71
0: mpibind: task   3 nths 21 gpus 3 cpus 73-79,81-87,89-95
0: 0.108s: flux-shell[2]: mpibind: 
0: mpibind: task   0 nths 21 gpus 0 cpus 1-7,9-15,17-23
0: mpibind: task   1 nths 21 gpus 1 cpus 25-31,33-39,41-47
0: mpibind: task   2 nths 21 gpus 2 cpus 49-55,57-63,65-71
0: mpibind: task   3 nths 21 gpus 3 cpus 73-79,81-87,89-95
0: 0.105s: flux-shell[5]: mpibind: 
0: mpibind: task   0 nths 21 gpus 0 cpus 1-7,9-15,17-23
0: mpibind: task   1 nths 21 gpus 1 cpus 25-31,33-39,41-47
0: mpibind: task   2 nths 21 gpus 2 cpus 49-55,57-63,65-71
0: mpibind: task   3 nths 21 gpus 3 cpus 73-79,81-87,89-95
0: 0.103s: flux-shell[0]: mpibind: 
0: mpibind: task   0 nths 21 gpus 0 cpus 1-7,9-15,17-23
0: mpibind: task   1 nths 21 gpus 1 cpus 25-31,33-39,41-47
0: mpibind: task   2 nths 21 gpus 2 cpus 49-55,57-63,65-71
0: mpibind: task   3 nths 21 gpus 3 cpus 73-79,81-87,89-95
0: 0.105s: flux-shell[7]: mpibind: 
0: mpibind: task   0 nths 21 gpus 0 cpus 1-7,9-15,17-23
0: mpibind: task   1 nths 21 gpus 1 cpus 25-31,33-39,41-47
0: mpibind: task   2 nths 21 gpus 2 cpus 49-55,57-63,65-71
0: mpibind: task   3 nths 21 gpus 3 cpus 73-79,81-87,89-95
0: 0.105s: flux-shell[8]: mpibind: 
0: mpibind: task   0 nths 21 gpus 0 cpus 1-7,9-15,17-23
0: mpibind: task   1 nths 21 gpus 1 cpus 25-31,33-39,41-47
0: mpibind: task   2 nths 21 gpus 2 cpus 49-55,57-63,65-71
0: mpibind: task   3 nths 21 gpus 3 cpus 73-79,81-87,89-95
0: 0.111s: flux-shell[9]: mpibind: 
0: mpibind: task   0 nths 21 gpus 0 cpus 1-7,9-15,17-23
0: mpibind: task   1 nths 21 gpus 1 cpus 25-31,33-39,41-47
0: mpibind: task   2 nths 21 gpus 2 cpus 49-55,57-63,65-71
0: mpibind: task   3 nths 21 gpus 3 cpus 73-79,81-87,89-95
0: 0.107s: flux-shell[10]: mpibind: 
0: mpibind: task   0 nths 21 gpus 0 cpus 1-7,9-15,17-23
0: mpibind: task   1 nths 21 gpus 1 cpus 25-31,33-39,41-47
0: mpibind: task   2 nths 21 gpus 2 cpus 49-55,57-63,65-71
0: mpibind: task   3 nths 21 gpus 3 cpus 73-79,81-87,89-95
0: 0.115s: flux-shell[11]: mpibind: 
0: mpibind: task   0 nths 21 gpus 0 cpus 1-7,9-15,17-23
0: mpibind: task   1 nths 21 gpus 1 cpus 25-31,33-39,41-47
0: mpibind: task   2 nths 21 gpus 2 cpus 49-55,57-63,65-71
0: mpibind: task   3 nths 21 gpus 3 cpus 73-79,81-87,89-95
0: 0.116s: flux-shell[12]: mpibind: 
0: mpibind: task   0 nths 21 gpus 0 cpus 1-7,9-15,17-23
0: mpibind: task   1 nths 21 gpus 1 cpus 25-31,33-39,41-47
0: mpibind: task   2 nths 21 gpus 2 cpus 49-55,57-63,65-71
0: mpibind: task   3 nths 21 gpus 3 cpus 73-79,81-87,89-95
0: 0.120s: flux-shell[13]: mpibind: 
0: mpibind: task   0 nths 21 gpus 0 cpus 1-7,9-15,17-23
0: mpibind: task   1 nths 21 gpus 1 cpus 25-31,33-39,41-47
0: mpibind: task   2 nths 21 gpus 2 cpus 49-55,57-63,65-71
0: mpibind: task   3 nths 21 gpus 3 cpus 73-79,81-87,89-95
0: 0.112s: flux-shell[14]: mpibind: 
0: mpibind: task   0 nths 21 gpus 0 cpus 1-7,9-15,17-23
0: mpibind: task   1 nths 21 gpus 1 cpus 25-31,33-39,41-47
0: mpibind: task   2 nths 21 gpus 2 cpus 49-55,57-63,65-71
0: mpibind: task   3 nths 21 gpus 3 cpus 73-79,81-87,89-95
0: 0.123s: flux-shell[28]: mpibind: 
0: mpibind: task   0 nths 21 gpus 0 cpus 1-7,9-15,17-23
0: mpibind: task   1 nths 21 gpus 1 cpus 25-31,33-39,41-47
0: mpibind: task   2 nths 21 gpus 2 cpus 49-55,57-63,65-71
0: mpibind: task   3 nths 21 gpus 3 cpus 73-79,81-87,89-95
0: 0.121s: flux-shell[27]: mpibind: 
0: mpibind: task   0 nths 21 gpus 0 cpus 1-7,9-15,17-23
0: mpibind: task   1 nths 21 gpus 1 cpus 25-31,33-39,41-47
0: mpibind: task   2 nths 21 gpus 2 cpus 49-55,57-63,65-71
0: mpibind: task   3 nths 21 gpus 3 cpus 73-79,81-87,89-95
0: 0.110s: flux-shell[26]: mpibind: 
0: mpibind: task   0 nths 21 gpus 0 cpus 1-7,9-15,17-23
0: mpibind: task   1 nths 21 gpus 1 cpus 25-31,33-39,41-47
0: mpibind: task   2 nths 21 gpus 2 cpus 49-55,57-63,65-71
0: mpibind: task   3 nths 21 gpus 3 cpus 73-79,81-87,89-95
0: 0.122s: flux-shell[25]: mpibind: 
0: mpibind: task   0 nths 21 gpus 0 cpus 1-7,9-15,17-23
0: mpibind: task   1 nths 21 gpus 1 cpus 25-31,33-39,41-47
0: mpibind: task   2 nths 21 gpus 2 cpus 49-55,57-63,65-71
0: mpibind: task   3 nths 21 gpus 3 cpus 73-79,81-87,89-95
0: 0.113s: flux-shell[24]: mpibind: 
0: mpibind: task   0 nths 21 gpus 0 cpus 1-7,9-15,17-23
0: mpibind: task   1 nths 21 gpus 1 cpus 25-31,33-39,41-47
0: mpibind: task   2 nths 21 gpus 2 cpus 49-55,57-63,65-71
0: mpibind: task   3 nths 21 gpus 3 cpus 73-79,81-87,89-95
0: 0.117s: flux-shell[21]: mpibind: 
0: mpibind: task   0 nths 21 gpus 0 cpus 1-7,9-15,17-23
0: mpibind: task   1 nths 21 gpus 1 cpus 25-31,33-39,41-47
0: mpibind: task   2 nths 21 gpus 2 cpus 49-55,57-63,65-71
0: mpibind: task   3 nths 21 gpus 3 cpus 73-79,81-87,89-95
0: 0.112s: flux-shell[15]: mpibind: 
0: mpibind: task   0 nths 21 gpus 0 cpus 1-7,9-15,17-23
0: mpibind: task   1 nths 21 gpus 1 cpus 25-31,33-39,41-47
0: mpibind: task   2 nths 21 gpus 2 cpus 49-55,57-63,65-71
0: mpibind: task   3 nths 21 gpus 3 cpus 73-79,81-87,89-95
0: 0.108s: flux-shell[16]: mpibind: 
0: mpibind: task   0 nths 21 gpus 0 cpus 1-7,9-15,17-23
0: mpibind: task   1 nths 21 gpus 1 cpus 25-31,33-39,41-47
0: mpibind: task   2 nths 21 gpus 2 cpus 49-55,57-63,65-71
0: mpibind: task   3 nths 21 gpus 3 cpus 73-79,81-87,89-95
0: 0.117s: flux-shell[17]: mpibind: 
0: mpibind: task   0 nths 21 gpus 0 cpus 1-7,9-15,17-23
0: mpibind: task   1 nths 21 gpus 1 cpus 25-31,33-39,41-47
0: mpibind: task   2 nths 21 gpus 2 cpus 49-55,57-63,65-71
0: mpibind: task   3 nths 21 gpus 3 cpus 73-79,81-87,89-95
0: 0.118s: flux-shell[18]: mpibind: 
0: mpibind: task   0 nths 21 gpus 0 cpus 1-7,9-15,17-23
0: mpibind: task   1 nths 21 gpus 1 cpus 25-31,33-39,41-47
0: mpibind: task   2 nths 21 gpus 2 cpus 49-55,57-63,65-71
0: mpibind: task   3 nths 21 gpus 3 cpus 73-79,81-87,89-95
0: 0.106s: flux-shell[19]: mpibind: 
0: mpibind: task   0 nths 21 gpus 0 cpus 1-7,9-15,17-23
0: mpibind: task   1 nths 21 gpus 1 cpus 25-31,33-39,41-47
0: mpibind: task   2 nths 21 gpus 2 cpus 49-55,57-63,65-71
0: mpibind: task   3 nths 21 gpus 3 cpus 73-79,81-87,89-95
0: 0.119s: flux-shell[20]: mpibind: 
0: mpibind: task   0 nths 21 gpus 0 cpus 1-7,9-15,17-23
0: mpibind: task   1 nths 21 gpus 1 cpus 25-31,33-39,41-47
0: mpibind: task   2 nths 21 gpus 2 cpus 49-55,57-63,65-71
0: mpibind: task   3 nths 21 gpus 3 cpus 73-79,81-87,89-95
0: 0.118s: flux-shell[23]: mpibind: 
0: mpibind: task   0 nths 21 gpus 0 cpus 1-7,9-15,17-23
0: mpibind: task   1 nths 21 gpus 1 cpus 25-31,33-39,41-47
0: mpibind: task   2 nths 21 gpus 2 cpus 49-55,57-63,65-71
0: mpibind: task   3 nths 21 gpus 3 cpus 73-79,81-87,89-95
0: 0.119s: flux-shell[32]: mpibind: 
0: mpibind: task   0 nths 21 gpus 0 cpus 1-7,9-15,17-23
0: mpibind: task   1 nths 21 gpus 1 cpus 25-31,33-39,41-47
0: mpibind: task   2 nths 21 gpus 2 cpus 49-55,57-63,65-71
0: mpibind: task   3 nths 21 gpus 3 cpus 73-79,81-87,89-95
0: 0.117s: flux-shell[30]: mpibind: 
0: mpibind: task   0 nths 21 gpus 0 cpus 1-7,9-15,17-23
0: mpibind: task   1 nths 21 gpus 1 cpus 25-31,33-39,41-47
0: mpibind: task   2 nths 21 gpus 2 cpus 49-55,57-63,65-71
0: mpibind: task   3 nths 21 gpus 3 cpus 73-79,81-87,89-95
0: 0.119s: flux-shell[31]: mpibind: 
0: mpibind: task   0 nths 21 gpus 0 cpus 1-7,9-15,17-23
0: mpibind: task   1 nths 21 gpus 1 cpus 25-31,33-39,41-47
0: mpibind: task   2 nths 21 gpus 2 cpus 49-55,57-63,65-71
0: mpibind: task   3 nths 21 gpus 3 cpus 73-79,81-87,89-95
0: 0.118s: flux-shell[29]: mpibind: 
0: mpibind: task   0 nths 21 gpus 0 cpus 1-7,9-15,17-23
0: mpibind: task   1 nths 21 gpus 1 cpus 25-31,33-39,41-47
0: mpibind: task   2 nths 21 gpus 2 cpus 49-55,57-63,65-71
0: mpibind: task   3 nths 21 gpus 3 cpus 73-79,81-87,89-95
0: 0.124s: flux-shell[22]: mpibind: 
0: mpibind: task   0 nths 21 gpus 0 cpus 1-7,9-15,17-23
0: mpibind: task   1 nths 21 gpus 1 cpus 25-31,33-39,41-47
0: mpibind: task   2 nths 21 gpus 2 cpus 49-55,57-63,65-71
0: mpibind: task   3 nths 21 gpus 3 cpus 73-79,81-87,89-95
0: 0.109s: flux-shell[33]: mpibind: 
0: mpibind: task   0 nths 21 gpus 0 cpus 1-7,9-15,17-23
0: mpibind: task   1 nths 21 gpus 1 cpus 25-31,33-39,41-47
0: mpibind: task   2 nths 21 gpus 2 cpus 49-55,57-63,65-71
0: mpibind: task   3 nths 21 gpus 3 cpus 73-79,81-87,89-95
0: 0.110s: flux-shell[36]: mpibind: 
0: mpibind: task   0 nths 21 gpus 0 cpus 1-7,9-15,17-23
0: mpibind: task   1 nths 21 gpus 1 cpus 25-31,33-39,41-47
0: mpibind: task   2 nths 21 gpus 2 cpus 49-55,57-63,65-71
0: mpibind: task   3 nths 21 gpus 3 cpus 73-79,81-87,89-95
0: 0.116s: flux-shell[38]: mpibind: 
0: mpibind: task   0 nths 21 gpus 0 cpus 1-7,9-15,17-23
0: mpibind: task   1 nths 21 gpus 1 cpus 25-31,33-39,41-47
0: mpibind: task   2 nths 21 gpus 2 cpus 49-55,57-63,65-71
0: mpibind: task   3 nths 21 gpus 3 cpus 73-79,81-87,89-95
0: 0.111s: flux-shell[34]: mpibind: 
0: mpibind: task   0 nths 21 gpus 0 cpus 1-7,9-15,17-23
0: mpibind: task   1 nths 21 gpus 1 cpus 25-31,33-39,41-47
0: mpibind: task   2 nths 21 gpus 2 cpus 49-55,57-63,65-71
0: mpibind: task   3 nths 21 gpus 3 cpus 73-79,81-87,89-95
0: 0.119s: flux-shell[37]: mpibind: 
0: mpibind: task   0 nths 21 gpus 0 cpus 1-7,9-15,17-23
0: mpibind: task   1 nths 21 gpus 1 cpus 25-31,33-39,41-47
0: mpibind: task   2 nths 21 gpus 2 cpus 49-55,57-63,65-71
0: mpibind: task   3 nths 21 gpus 3 cpus 73-79,81-87,89-95
0: 0.112s: flux-shell[35]: mpibind: 
0: mpibind: task   0 nths 21 gpus 0 cpus 1-7,9-15,17-23
0: mpibind: task   1 nths 21 gpus 1 cpus 25-31,33-39,41-47
0: mpibind: task   2 nths 21 gpus 2 cpus 49-55,57-63,65-71
0: mpibind: task   3 nths 21 gpus 3 cpus 73-79,81-87,89-95
0: 0.112s: flux-shell[39]: mpibind: 
0: mpibind: task   0 nths 21 gpus 0 cpus 1-7,9-15,17-23
0: mpibind: task   1 nths 21 gpus 1 cpus 25-31,33-39,41-47
0: mpibind: task   2 nths 21 gpus 2 cpus 49-55,57-63,65-71
0: mpibind: task   3 nths 21 gpus 3 cpus 73-79,81-87,89-95
0: 0.116s: flux-shell[40]: mpibind: 
0: mpibind: task   0 nths 21 gpus 0 cpus 1-7,9-15,17-23
0: mpibind: task   1 nths 21 gpus 1 cpus 25-31,33-39,41-47
0: mpibind: task   2 nths 21 gpus 2 cpus 49-55,57-63,65-71
0: mpibind: task   3 nths 21 gpus 3 cpus 73-79,81-87,89-95
0: 0.112s: flux-shell[41]: mpibind: 
0: mpibind: task   0 nths 21 gpus 0 cpus 1-7,9-15,17-23
0: mpibind: task   1 nths 21 gpus 1 cpus 25-31,33-39,41-47
0: mpibind: task   2 nths 21 gpus 2 cpus 49-55,57-63,65-71
0: mpibind: task   3 nths 21 gpus 3 cpus 73-79,81-87,89-95
0: 0.110s: flux-shell[44]: mpibind: 
0: mpibind: task   0 nths 21 gpus 0 cpus 1-7,9-15,17-23
0: mpibind: task   1 nths 21 gpus 1 cpus 25-31,33-39,41-47
0: mpibind: task   2 nths 21 gpus 2 cpus 49-55,57-63,65-71
0: mpibind: task   3 nths 21 gpus 3 cpus 73-79,81-87,89-95
0: 0.114s: flux-shell[42]: mpibind: 
0: mpibind: task   0 nths 21 gpus 0 cpus 1-7,9-15,17-23
0: mpibind: task   1 nths 21 gpus 1 cpus 25-31,33-39,41-47
0: mpibind: task   2 nths 21 gpus 2 cpus 49-55,57-63,65-71
0: mpibind: task   3 nths 21 gpus 3 cpus 73-79,81-87,89-95
0: 0.117s: flux-shell[51]: mpibind: 
0: mpibind: task   0 nths 21 gpus 0 cpus 1-7,9-15,17-23
0: mpibind: task   1 nths 21 gpus 1 cpus 25-31,33-39,41-47
0: mpibind: task   2 nths 21 gpus 2 cpus 49-55,57-63,65-71
0: mpibind: task   3 nths 21 gpus 3 cpus 73-79,81-87,89-95
0: 0.116s: flux-shell[46]: mpibind: 
0: mpibind: task   0 nths 21 gpus 0 cpus 1-7,9-15,17-23
0: mpibind: task   1 nths 21 gpus 1 cpus 25-31,33-39,41-47
0: mpibind: task   2 nths 21 gpus 2 cpus 49-55,57-63,65-71
0: mpibind: task   3 nths 21 gpus 3 cpus 73-79,81-87,89-95
0: 0.121s: flux-shell[43]: mpibind: 
0: mpibind: task   0 nths 21 gpus 0 cpus 1-7,9-15,17-23
0: mpibind: task   1 nths 21 gpus 1 cpus 25-31,33-39,41-47
0: mpibind: task   2 nths 21 gpus 2 cpus 49-55,57-63,65-71
0: mpibind: task   3 nths 21 gpus 3 cpus 73-79,81-87,89-95
0: 0.117s: flux-shell[52]: mpibind: 
0: mpibind: task   0 nths 21 gpus 0 cpus 1-7,9-15,17-23
0: mpibind: task   1 nths 21 gpus 1 cpus 25-31,33-39,41-47
0: mpibind: task   2 nths 21 gpus 2 cpus 49-55,57-63,65-71
0: mpibind: task   3 nths 21 gpus 3 cpus 73-79,81-87,89-95
0: 0.114s: flux-shell[53]: mpibind: 
0: mpibind: task   0 nths 21 gpus 0 cpus 1-7,9-15,17-23
0: mpibind: task   1 nths 21 gpus 1 cpus 25-31,33-39,41-47
0: mpibind: task   2 nths 21 gpus 2 cpus 49-55,57-63,65-71
0: mpibind: task   3 nths 21 gpus 3 cpus 73-79,81-87,89-95
0: 0.123s: flux-shell[54]: mpibind: 
0: mpibind: task   0 nths 21 gpus 0 cpus 1-7,9-15,17-23
0: mpibind: task   1 nths 21 gpus 1 cpus 25-31,33-39,41-47
0: mpibind: task   2 nths 21 gpus 2 cpus 49-55,57-63,65-71
0: mpibind: task   3 nths 21 gpus 3 cpus 73-79,81-87,89-95
0: 0.123s: flux-shell[55]: mpibind: 
0: mpibind: task   0 nths 21 gpus 0 cpus 1-7,9-15,17-23
0: mpibind: task   1 nths 21 gpus 1 cpus 25-31,33-39,41-47
0: mpibind: task   2 nths 21 gpus 2 cpus 49-55,57-63,65-71
0: mpibind: task   3 nths 21 gpus 3 cpus 73-79,81-87,89-95
0: 0.120s: flux-shell[49]: mpibind: 
0: mpibind: task   0 nths 21 gpus 0 cpus 1-7,9-15,17-23
0: mpibind: task   1 nths 21 gpus 1 cpus 25-31,33-39,41-47
0: mpibind: task   2 nths 21 gpus 2 cpus 49-55,57-63,65-71
0: mpibind: task   3 nths 21 gpus 3 cpus 73-79,81-87,89-95
0: 0.112s: flux-shell[48]: mpibind: 
0: mpibind: task   0 nths 21 gpus 0 cpus 1-7,9-15,17-23
0: mpibind: task   1 nths 21 gpus 1 cpus 25-31,33-39,41-47
0: mpibind: task   2 nths 21 gpus 2 cpus 49-55,57-63,65-71
0: mpibind: task   3 nths 21 gpus 3 cpus 73-79,81-87,89-95
0: 0.117s: flux-shell[56]: mpibind: 
0: mpibind: task   0 nths 21 gpus 0 cpus 1-7,9-15,17-23
0: mpibind: task   1 nths 21 gpus 1 cpus 25-31,33-39,41-47
0: mpibind: task   2 nths 21 gpus 2 cpus 49-55,57-63,65-71
0: mpibind: task   3 nths 21 gpus 3 cpus 73-79,81-87,89-95
0: 0.113s: flux-shell[57]: mpibind: 
0: mpibind: task   0 nths 21 gpus 0 cpus 1-7,9-15,17-23
0: mpibind: task   1 nths 21 gpus 1 cpus 25-31,33-39,41-47
0: mpibind: task   2 nths 21 gpus 2 cpus 49-55,57-63,65-71
0: mpibind: task   3 nths 21 gpus 3 cpus 73-79,81-87,89-95
0: 0.120s: flux-shell[58]: mpibind: 
0: mpibind: task   0 nths 21 gpus 0 cpus 1-7,9-15,17-23
0: mpibind: task   1 nths 21 gpus 1 cpus 25-31,33-39,41-47
0: mpibind: task   2 nths 21 gpus 2 cpus 49-55,57-63,65-71
0: mpibind: task   3 nths 21 gpus 3 cpus 73-79,81-87,89-95
0: 0.121s: flux-shell[50]: mpibind: 
0: mpibind: task   0 nths 21 gpus 0 cpus 1-7,9-15,17-23
0: mpibind: task   1 nths 21 gpus 1 cpus 25-31,33-39,41-47
0: mpibind: task   2 nths 21 gpus 2 cpus 49-55,57-63,65-71
0: mpibind: task   3 nths 21 gpus 3 cpus 73-79,81-87,89-95
0: 0.115s: flux-shell[47]: mpibind: 
0: mpibind: task   0 nths 21 gpus 0 cpus 1-7,9-15,17-23
0: mpibind: task   1 nths 21 gpus 1 cpus 25-31,33-39,41-47
0: mpibind: task   2 nths 21 gpus 2 cpus 49-55,57-63,65-71
0: mpibind: task   3 nths 21 gpus 3 cpus 73-79,81-87,89-95
0: 0.124s: flux-shell[59]: mpibind: 
0: mpibind: task   0 nths 21 gpus 0 cpus 1-7,9-15,17-23
0: mpibind: task   1 nths 21 gpus 1 cpus 25-31,33-39,41-47
0: mpibind: task   2 nths 21 gpus 2 cpus 49-55,57-63,65-71
0: mpibind: task   3 nths 21 gpus 3 cpus 73-79,81-87,89-95
0: 0.114s: flux-shell[45]: mpibind: 
0: mpibind: task   0 nths 21 gpus 0 cpus 1-7,9-15,17-23
0: mpibind: task   1 nths 21 gpus 1 cpus 25-31,33-39,41-47
0: mpibind: task   2 nths 21 gpus 2 cpus 49-55,57-63,65-71
0: mpibind: task   3 nths 21 gpus 3 cpus 73-79,81-87,89-95
0: 0.118s: flux-shell[61]: mpibind: 
0: mpibind: task   0 nths 21 gpus 0 cpus 1-7,9-15,17-23
0: mpibind: task   1 nths 21 gpus 1 cpus 25-31,33-39,41-47
0: mpibind: task   2 nths 21 gpus 2 cpus 49-55,57-63,65-71
0: mpibind: task   3 nths 21 gpus 3 cpus 73-79,81-87,89-95
0: 0.120s: flux-shell[60]: mpibind: 
0: mpibind: task   0 nths 21 gpus 0 cpus 1-7,9-15,17-23
0: mpibind: task   1 nths 21 gpus 1 cpus 25-31,33-39,41-47
0: mpibind: task   2 nths 21 gpus 2 cpus 49-55,57-63,65-71
0: mpibind: task   3 nths 21 gpus 3 cpus 73-79,81-87,89-95
0: 0.132s: flux-shell[63]: mpibind: 
0: mpibind: task   0 nths 21 gpus 0 cpus 1-7,9-15,17-23
0: mpibind: task   1 nths 21 gpus 1 cpus 25-31,33-39,41-47
0: mpibind: task   2 nths 21 gpus 2 cpus 49-55,57-63,65-71
0: mpibind: task   3 nths 21 gpus 3 cpus 73-79,81-87,89-95
0: 0.121s: flux-shell[62]: mpibind: 
0: mpibind: task   0 nths 21 gpus 0 cpus 1-7,9-15,17-23
0: mpibind: task   1 nths 21 gpus 1 cpus 25-31,33-39,41-47
0: mpibind: task   2 nths 21 gpus 2 cpus 49-55,57-63,65-71
0: mpibind: task   3 nths 21 gpus 3 cpus 73-79,81-87,89-95
