0: 
0: Lmod is automatically replacing "cce/20.0.0" with "rocmcc/7.2.1-magic".
0: 
0: 
0: Due to MODULEPATH changes, the following have been reloaded:
0:   1) cray-libsci/25.09.0
0: 
0: The following have been reloaded with a version change:
0:   1) cray-mpich/9.0.1 => cray-mpich/9.1.0
0: 
0: jobid: f2jKzQ6T
0: 0.136s: flux-shell[2]: mpibind: 
0: mpibind: task   0 nths  3 gpus 0 cpus 1-4
0: mpibind: task   1 nths  3 gpus 1 cpus 5-7,9
0: mpibind: task   2 nths  3 gpus 2 cpus 10-13
0: mpibind: task   3 nths  3 gpus 3 cpus 14-15,17
0: mpibind: task   4 nths  3 gpus 4 cpus 18-20
0: mpibind: task   5 nths  3 gpus 5 cpus 21-23
0: mpibind: task   6 nths  3 gpus 6 cpus 25-28
0: mpibind: task   7 nths  3 gpus 7 cpus 29-31,33
0: mpibind: task   8 nths  3 gpus 8 cpus 34-37
0: mpibind: task   9 nths  3 gpus 9 cpus 38-39,41
0: mpibind: task  10 nths  3 gpus 10 cpus 42-44
0: mpibind: task  11 nths  3 gpus 11 cpus 45-47
0: mpibind: task  12 nths  3 gpus 12 cpus 49-52
0: mpibind: task  13 nths  3 gpus 13 cpus 53-55,57
0: mpibind: task  14 nths  3 gpus 14 cpus 58-61
0: mpibind: task  15 nths  3 gpus 15 cpus 62-63,65
0: mpibind: task  16 nths  3 gpus 16 cpus 66-68
0: mpibind: task  17 nths  3 gpus 17 cpus 69-71
0: mpibind: task  18 nths  3 gpus 18 cpus 73-76
0: mpibind: task  19 nths  3 gpus 19 cpus 77-79,81
0: mpibind: task  20 nths  3 gpus 20 cpus 82-85
0: mpibind: task  21 nths  3 gpus 21 cpus 86-87,89
0: mpibind: task  22 nths  3 gpus 22 cpus 90-92
0: mpibind: task  23 nths  3 gpus 23 cpus 93-95
0: 0.132s: flux-shell[1]: mpibind: 
0: mpibind: task   0 nths  3 gpus 0 cpus 1-4
0: mpibind: task   1 nths  3 gpus 1 cpus 5-7,9
0: mpibind: task   2 nths  3 gpus 2 cpus 10-13
0: mpibind: task   3 nths  3 gpus 3 cpus 14-15,17
0: mpibind: task   4 nths  3 gpus 4 cpus 18-20
0: mpibind: task   5 nths  3 gpus 5 cpus 21-23
0: mpibind: task   6 nths  3 gpus 6 cpus 25-28
0: mpibind: task   7 nths  3 gpus 7 cpus 29-31,33
0: mpibind: task   8 nths  3 gpus 8 cpus 34-37
0: mpibind: task   9 nths  3 gpus 9 cpus 38-39,41
0: mpibind: task  10 nths  3 gpus 10 cpus 42-44
0: mpibind: task  11 nths  3 gpus 11 cpus 45-47
0: mpibind: task  12 nths  3 gpus 12 cpus 49-52
0: mpibind: task  13 nths  3 gpus 13 cpus 53-55,57
0: mpibind: task  14 nths  3 gpus 14 cpus 58-61
0: mpibind: task  15 nths  3 gpus 15 cpus 62-63,65
0: mpibind: task  16 nths  3 gpus 16 cpus 66-68
0: mpibind: task  17 nths  3 gpus 17 cpus 69-71
0: mpibind: task  18 nths  3 gpus 18 cpus 73-76
0: mpibind: task  19 nths  3 gpus 19 cpus 77-79,81
0: mpibind: task  20 nths  3 gpus 20 cpus 82-85
0: mpibind: task  21 nths  3 gpus 21 cpus 86-87,89
0: mpibind: task  22 nths  3 gpus 22 cpus 90-92
0: mpibind: task  23 nths  3 gpus 23 cpus 93-95
0: 0.125s: flux-shell[0]: mpibind: 
0: mpibind: task   0 nths  3 gpus 0 cpus 1-4
0: mpibind: task   1 nths  3 gpus 1 cpus 5-7,9
0: mpibind: task   2 nths  3 gpus 2 cpus 10-13
0: mpibind: task   3 nths  3 gpus 3 cpus 14-15,17
0: mpibind: task   4 nths  3 gpus 4 cpus 18-20
0: mpibind: task   5 nths  3 gpus 5 cpus 21-23
0: mpibind: task   6 nths  3 gpus 6 cpus 25-28
0: mpibind: task   7 nths  3 gpus 7 cpus 29-31,33
0: mpibind: task   8 nths  3 gpus 8 cpus 34-37
0: mpibind: task   9 nths  3 gpus 9 cpus 38-39,41
0: mpibind: task  10 nths  3 gpus 10 cpus 42-44
0: mpibind: task  11 nths  3 gpus 11 cpus 45-47
0: mpibind: task  12 nths  3 gpus 12 cpus 49-52
0: mpibind: task  13 nths  3 gpus 13 cpus 53-55,57
0: mpibind: task  14 nths  3 gpus 14 cpus 58-61
0: mpibind: task  15 nths  3 gpus 15 cpus 62-63,65
0: mpibind: task  16 nths  3 gpus 16 cpus 66-68
0: mpibind: task  17 nths  3 gpus 17 cpus 69-71
0: mpibind: task  18 nths  3 gpus 18 cpus 73-76
0: mpibind: task  19 nths  3 gpus 19 cpus 77-79,81
0: mpibind: task  20 nths  3 gpus 20 cpus 82-85
0: mpibind: task  21 nths  3 gpus 21 cpus 86-87,89
0: mpibind: task  22 nths  3 gpus 22 cpus 90-92
0: mpibind: task  23 nths  3 gpus 23 cpus 93-95
0: 0.138s: flux-shell[4]: mpibind: 
0: mpibind: task   0 nths  3 gpus 0 cpus 1-4
0: mpibind: task   1 nths  3 gpus 1 cpus 5-7,9
0: mpibind: task   2 nths  3 gpus 2 cpus 10-13
0: mpibind: task   3 nths  3 gpus 3 cpus 14-15,17
0: mpibind: task   4 nths  3 gpus 4 cpus 18-20
0: mpibind: task   5 nths  3 gpus 5 cpus 21-23
0: mpibind: task   6 nths  3 gpus 6 cpus 25-28
0: mpibind: task   7 nths  3 gpus 7 cpus 29-31,33
0: mpibind: task   8 nths  3 gpus 8 cpus 34-37
0: mpibind: task   9 nths  3 gpus 9 cpus 38-39,41
0: mpibind: task  10 nths  3 gpus 10 cpus 42-44
0: mpibind: task  11 nths  3 gpus 11 cpus 45-47
0: mpibind: task  12 nths  3 gpus 12 cpus 49-52
0: mpibind: task  13 nths  3 gpus 13 cpus 53-55,57
0: mpibind: task  14 nths  3 gpus 14 cpus 58-61
0: mpibind: task  15 nths  3 gpus 15 cpus 62-63,65
0: mpibind: task  16 nths  3 gpus 16 cpus 66-68
0: mpibind: task  17 nths  3 gpus 17 cpus 69-71
0: mpibind: task  18 nths  3 gpus 18 cpus 73-76
0: mpibind: task  19 nths  3 gpus 19 cpus 77-79,81
0: mpibind: task  20 nths  3 gpus 20 cpus 82-85
0: mpibind: task  21 nths  3 gpus 21 cpus 86-87,89
0: mpibind: task  22 nths  3 gpus 22 cpus 90-92
0: mpibind: task  23 nths  3 gpus 23 cpus 93-95
0: 0.140s: flux-shell[3]: mpibind: 
0: mpibind: task   0 nths  3 gpus 0 cpus 1-4
0: mpibind: task   1 nths  3 gpus 1 cpus 5-7,9
0: mpibind: task   2 nths  3 gpus 2 cpus 10-13
0: mpibind: task   3 nths  3 gpus 3 cpus 14-15,17
0: mpibind: task   4 nths  3 gpus 4 cpus 18-20
0: mpibind: task   5 nths  3 gpus 5 cpus 21-23
0: mpibind: task   6 nths  3 gpus 6 cpus 25-28
0: mpibind: task   7 nths  3 gpus 7 cpus 29-31,33
0: mpibind: task   8 nths  3 gpus 8 cpus 34-37
0: mpibind: task   9 nths  3 gpus 9 cpus 38-39,41
0: mpibind: task  10 nths  3 gpus 10 cpus 42-44
0: mpibind: task  11 nths  3 gpus 11 cpus 45-47
0: mpibind: task  12 nths  3 gpus 12 cpus 49-52
0: mpibind: task  13 nths  3 gpus 13 cpus 53-55,57
0: mpibind: task  14 nths  3 gpus 14 cpus 58-61
0: mpibind: task  15 nths  3 gpus 15 cpus 62-63,65
0: mpibind: task  16 nths  3 gpus 16 cpus 66-68
0: mpibind: task  17 nths  3 gpus 17 cpus 69-71
0: mpibind: task  18 nths  3 gpus 18 cpus 73-76
0: mpibind: task  19 nths  3 gpus 19 cpus 77-79,81
0: mpibind: task  20 nths  3 gpus 20 cpus 82-85
0: mpibind: task  21 nths  3 gpus 21 cpus 86-87,89
0: mpibind: task  22 nths  3 gpus 22 cpus 90-92
0: mpibind: task  23 nths  3 gpus 23 cpus 93-95
0: 0.143s: flux-shell[5]: mpibind: 
0: mpibind: task   0 nths  3 gpus 0 cpus 1-4
0: mpibind: task   1 nths  3 gpus 1 cpus 5-7,9
0: mpibind: task   2 nths  3 gpus 2 cpus 10-13
0: mpibind: task   3 nths  3 gpus 3 cpus 14-15,17
0: mpibind: task   4 nths  3 gpus 4 cpus 18-20
0: mpibind: task   5 nths  3 gpus 5 cpus 21-23
0: mpibind: task   6 nths  3 gpus 6 cpus 25-28
0: mpibind: task   7 nths  3 gpus 7 cpus 29-31,33
0: mpibind: task   8 nths  3 gpus 8 cpus 34-37
0: mpibind: task   9 nths  3 gpus 9 cpus 38-39,41
0: mpibind: task  10 nths  3 gpus 10 cpus 42-44
0: mpibind: task  11 nths  3 gpus 11 cpus 45-47
0: mpibind: task  12 nths  3 gpus 12 cpus 49-52
0: mpibind: task  13 nths  3 gpus 13 cpus 53-55,57
0: mpibind: task  14 nths  3 gpus 14 cpus 58-61
0: mpibind: task  15 nths  3 gpus 15 cpus 62-63,65
0: mpibind: task  16 nths  3 gpus 16 cpus 66-68
0: mpibind: task  17 nths  3 gpus 17 cpus 69-71
0: mpibind: task  18 nths  3 gpus 18 cpus 73-76
0: mpibind: task  19 nths  3 gpus 19 cpus 77-79,81
0: mpibind: task  20 nths  3 gpus 20 cpus 82-85
0: mpibind: task  21 nths  3 gpus 21 cpus 86-87,89
0: mpibind: task  22 nths  3 gpus 22 cpus 90-92
0: mpibind: task  23 nths  3 gpus 23 cpus 93-95
0: 0.136s: flux-shell[6]: mpibind: 
0: mpibind: task   0 nths  3 gpus 0 cpus 1-4
0: mpibind: task   1 nths  3 gpus 1 cpus 5-7,9
0: mpibind: task   2 nths  3 gpus 2 cpus 10-13
0: mpibind: task   3 nths  3 gpus 3 cpus 14-15,17
0: mpibind: task   4 nths  3 gpus 4 cpus 18-20
0: mpibind: task   5 nths  3 gpus 5 cpus 21-23
0: mpibind: task   6 nths  3 gpus 6 cpus 25-28
0: mpibind: task   7 nths  3 gpus 7 cpus 29-31,33
0: mpibind: task   8 nths  3 gpus 8 cpus 34-37
0: mpibind: task   9 nths  3 gpus 9 cpus 38-39,41
0: mpibind: task  10 nths  3 gpus 10 cpus 42-44
0: mpibind: task  11 nths  3 gpus 11 cpus 45-47
0: mpibind: task  12 nths  3 gpus 12 cpus 49-52
0: mpibind: task  13 nths  3 gpus 13 cpus 53-55,57
0: mpibind: task  14 nths  3 gpus 14 cpus 58-61
0: mpibind: task  15 nths  3 gpus 15 cpus 62-63,65
0: mpibind: task  16 nths  3 gpus 16 cpus 66-68
0: mpibind: task  17 nths  3 gpus 17 cpus 69-71
0: mpibind: task  18 nths  3 gpus 18 cpus 73-76
0: mpibind: task  19 nths  3 gpus 19 cpus 77-79,81
0: mpibind: task  20 nths  3 gpus 20 cpus 82-85
0: mpibind: task  21 nths  3 gpus 21 cpus 86-87,89
0: mpibind: task  22 nths  3 gpus 22 cpus 90-92
0: mpibind: task  23 nths  3 gpus 23 cpus 93-95
0: 0.141s: flux-shell[7]: mpibind: 
0: mpibind: task   0 nths  3 gpus 0 cpus 1-4
0: mpibind: task   1 nths  3 gpus 1 cpus 5-7,9
0: mpibind: task   2 nths  3 gpus 2 cpus 10-13
0: mpibind: task   3 nths  3 gpus 3 cpus 14-15,17
0: mpibind: task   4 nths  3 gpus 4 cpus 18-20
0: mpibind: task   5 nths  3 gpus 5 cpus 21-23
0: mpibind: task   6 nths  3 gpus 6 cpus 25-28
0: mpibind: task   7 nths  3 gpus 7 cpus 29-31,33
0: mpibind: task   8 nths  3 gpus 8 cpus 34-37
0: mpibind: task   9 nths  3 gpus 9 cpus 38-39,41
0: mpibind: task  10 nths  3 gpus 10 cpus 42-44
0: mpibind: task  11 nths  3 gpus 11 cpus 45-47
0: mpibind: task  12 nths  3 gpus 12 cpus 49-52
0: mpibind: task  13 nths  3 gpus 13 cpus 53-55,57
0: mpibind: task  14 nths  3 gpus 14 cpus 58-61
0: mpibind: task  15 nths  3 gpus 15 cpus 62-63,65
0: mpibind: task  16 nths  3 gpus 16 cpus 66-68
0: mpibind: task  17 nths  3 gpus 17 cpus 69-71
0: mpibind: task  18 nths  3 gpus 18 cpus 73-76
0: mpibind: task  19 nths  3 gpus 19 cpus 77-79,81
0: mpibind: task  20 nths  3 gpus 20 cpus 82-85
0: mpibind: task  21 nths  3 gpus 21 cpus 86-87,89
0: mpibind: task  22 nths  3 gpus 22 cpus 90-92
0: mpibind: task  23 nths  3 gpus 23 cpus 93-95
0: 0.139s: flux-shell[8]: mpibind: 
0: mpibind: task   0 nths  3 gpus 0 cpus 1-4
0: mpibind: task   1 nths  3 gpus 1 cpus 5-7,9
0: mpibind: task   2 nths  3 gpus 2 cpus 10-13
0: mpibind: task   3 nths  3 gpus 3 cpus 14-15,17
0: mpibind: task   4 nths  3 gpus 4 cpus 18-20
0: mpibind: task   5 nths  3 gpus 5 cpus 21-23
0: mpibind: task   6 nths  3 gpus 6 cpus 25-28
0: mpibind: task   7 nths  3 gpus 7 cpus 29-31,33
0: mpibind: task   8 nths  3 gpus 8 cpus 34-37
0: mpibind: task   9 nths  3 gpus 9 cpus 38-39,41
0: mpibind: task  10 nths  3 gpus 10 cpus 42-44
0: mpibind: task  11 nths  3 gpus 11 cpus 45-47
0: mpibind: task  12 nths  3 gpus 12 cpus 49-52
0: mpibind: task  13 nths  3 gpus 13 cpus 53-55,57
0: mpibind: task  14 nths  3 gpus 14 cpus 58-61
0: mpibind: task  15 nths  3 gpus 15 cpus 62-63,65
0: mpibind: task  16 nths  3 gpus 16 cpus 66-68
0: mpibind: task  17 nths  3 gpus 17 cpus 69-71
0: mpibind: task  18 nths  3 gpus 18 cpus 73-76
0: mpibind: task  19 nths  3 gpus 19 cpus 77-79,81
0: mpibind: task  20 nths  3 gpus 20 cpus 82-85
0: mpibind: task  21 nths  3 gpus 21 cpus 86-87,89
0: mpibind: task  22 nths  3 gpus 22 cpus 90-92
0: mpibind: task  23 nths  3 gpus 23 cpus 93-95
0: 0.137s: flux-shell[9]: mpibind: 
0: mpibind: task   0 nths  3 gpus 0 cpus 1-4
0: mpibind: task   1 nths  3 gpus 1 cpus 5-7,9
0: mpibind: task   2 nths  3 gpus 2 cpus 10-13
0: mpibind: task   3 nths  3 gpus 3 cpus 14-15,17
0: mpibind: task   4 nths  3 gpus 4 cpus 18-20
0: mpibind: task   5 nths  3 gpus 5 cpus 21-23
0: mpibind: task   6 nths  3 gpus 6 cpus 25-28
0: mpibind: task   7 nths  3 gpus 7 cpus 29-31,33
0: mpibind: task   8 nths  3 gpus 8 cpus 34-37
0: mpibind: task   9 nths  3 gpus 9 cpus 38-39,41
0: mpibind: task  10 nths  3 gpus 10 cpus 42-44
0: mpibind: task  11 nths  3 gpus 11 cpus 45-47
0: mpibind: task  12 nths  3 gpus 12 cpus 49-52
0: mpibind: task  13 nths  3 gpus 13 cpus 53-55,57
0: mpibind: task  14 nths  3 gpus 14 cpus 58-61
0: mpibind: task  15 nths  3 gpus 15 cpus 62-63,65
0: mpibind: task  16 nths  3 gpus 16 cpus 66-68
0: mpibind: task  17 nths  3 gpus 17 cpus 69-71
0: mpibind: task  18 nths  3 gpus 18 cpus 73-76
0: mpibind: task  19 nths  3 gpus 19 cpus 77-79,81
0: mpibind: task  20 nths  3 gpus 20 cpus 82-85
0: mpibind: task  21 nths  3 gpus 21 cpus 86-87,89
0: mpibind: task  22 nths  3 gpus 22 cpus 90-92
0: mpibind: task  23 nths  3 gpus 23 cpus 93-95
0: 0.136s: flux-shell[10]: mpibind: 
0: mpibind: task   0 nths  3 gpus 0 cpus 1-4
0: mpibind: task   1 nths  3 gpus 1 cpus 5-7,9
0: mpibind: task   2 nths  3 gpus 2 cpus 10-13
0: mpibind: task   3 nths  3 gpus 3 cpus 14-15,17
0: mpibind: task   4 nths  3 gpus 4 cpus 18-20
0: mpibind: task   5 nths  3 gpus 5 cpus 21-23
0: mpibind: task   6 nths  3 gpus 6 cpus 25-28
0: mpibind: task   7 nths  3 gpus 7 cpus 29-31,33
0: mpibind: task   8 nths  3 gpus 8 cpus 34-37
0: mpibind: task   9 nths  3 gpus 9 cpus 38-39,41
0: mpibind: task  10 nths  3 gpus 10 cpus 42-44
0: mpibind: task  11 nths  3 gpus 11 cpus 45-47
0: mpibind: task  12 nths  3 gpus 12 cpus 49-52
0: mpibind: task  13 nths  3 gpus 13 cpus 53-55,57
0: mpibind: task  14 nths  3 gpus 14 cpus 58-61
0: mpibind: task  15 nths  3 gpus 15 cpus 62-63,65
0: mpibind: task  16 nths  3 gpus 16 cpus 66-68
0: mpibind: task  17 nths  3 gpus 17 cpus 69-71
0: mpibind: task  18 nths  3 gpus 18 cpus 73-76
0: mpibind: task  19 nths  3 gpus 19 cpus 77-79,81
0: mpibind: task  20 nths  3 gpus 20 cpus 82-85
0: mpibind: task  21 nths  3 gpus 21 cpus 86-87,89
0: mpibind: task  22 nths  3 gpus 22 cpus 90-92
0: mpibind: task  23 nths  3 gpus 23 cpus 93-95
0: 0.144s: flux-shell[11]: mpibind: 
0: mpibind: task   0 nths  3 gpus 0 cpus 1-4
0: mpibind: task   1 nths  3 gpus 1 cpus 5-7,9
0: mpibind: task   2 nths  3 gpus 2 cpus 10-13
0: mpibind: task   3 nths  3 gpus 3 cpus 14-15,17
0: mpibind: task   4 nths  3 gpus 4 cpus 18-20
0: mpibind: task   5 nths  3 gpus 5 cpus 21-23
0: mpibind: task   6 nths  3 gpus 6 cpus 25-28
0: mpibind: task   7 nths  3 gpus 7 cpus 29-31,33
0: mpibind: task   8 nths  3 gpus 8 cpus 34-37
0: mpibind: task   9 nths  3 gpus 9 cpus 38-39,41
0: mpibind: task  10 nths  3 gpus 10 cpus 42-44
0: mpibind: task  11 nths  3 gpus 11 cpus 45-47
0: mpibind: task  12 nths  3 gpus 12 cpus 49-52
0: mpibind: task  13 nths  3 gpus 13 cpus 53-55,57
0: mpibind: task  14 nths  3 gpus 14 cpus 58-61
0: mpibind: task  15 nths  3 gpus 15 cpus 62-63,65
0: mpibind: task  16 nths  3 gpus 16 cpus 66-68
0: mpibind: task  17 nths  3 gpus 17 cpus 69-71
0: mpibind: task  18 nths  3 gpus 18 cpus 73-76
0: mpibind: task  19 nths  3 gpus 19 cpus 77-79,81
0: mpibind: task  20 nths  3 gpus 20 cpus 82-85
0: mpibind: task  21 nths  3 gpus 21 cpus 86-87,89
0: mpibind: task  22 nths  3 gpus 22 cpus 90-92
0: mpibind: task  23 nths  3 gpus 23 cpus 93-95
0: 0.140s: flux-shell[12]: mpibind: 
0: mpibind: task   0 nths  3 gpus 0 cpus 1-4
0: mpibind: task   1 nths  3 gpus 1 cpus 5-7,9
0: mpibind: task   2 nths  3 gpus 2 cpus 10-13
0: mpibind: task   3 nths  3 gpus 3 cpus 14-15,17
0: mpibind: task   4 nths  3 gpus 4 cpus 18-20
0: mpibind: task   5 nths  3 gpus 5 cpus 21-23
0: mpibind: task   6 nths  3 gpus 6 cpus 25-28
0: mpibind: task   7 nths  3 gpus 7 cpus 29-31,33
0: mpibind: task   8 nths  3 gpus 8 cpus 34-37
0: mpibind: task   9 nths  3 gpus 9 cpus 38-39,41
0: mpibind: task  10 nths  3 gpus 10 cpus 42-44
0: mpibind: task  11 nths  3 gpus 11 cpus 45-47
0: mpibind: task  12 nths  3 gpus 12 cpus 49-52
0: mpibind: task  13 nths  3 gpus 13 cpus 53-55,57
0: mpibind: task  14 nths  3 gpus 14 cpus 58-61
0: mpibind: task  15 nths  3 gpus 15 cpus 62-63,65
0: mpibind: task  16 nths  3 gpus 16 cpus 66-68
0: mpibind: task  17 nths  3 gpus 17 cpus 69-71
0: mpibind: task  18 nths  3 gpus 18 cpus 73-76
0: mpibind: task  19 nths  3 gpus 19 cpus 77-79,81
0: mpibind: task  20 nths  3 gpus 20 cpus 82-85
0: mpibind: task  21 nths  3 gpus 21 cpus 86-87,89
0: mpibind: task  22 nths  3 gpus 22 cpus 90-92
0: mpibind: task  23 nths  3 gpus 23 cpus 93-95
0: 0.142s: flux-shell[13]: mpibind: 
0: mpibind: task   0 nths  3 gpus 0 cpus 1-4
0: mpibind: task   1 nths  3 gpus 1 cpus 5-7,9
0: mpibind: task   2 nths  3 gpus 2 cpus 10-13
0: mpibind: task   3 nths  3 gpus 3 cpus 14-15,17
0: mpibind: task   4 nths  3 gpus 4 cpus 18-20
0: mpibind: task   5 nths  3 gpus 5 cpus 21-23
0: mpibind: task   6 nths  3 gpus 6 cpus 25-28
0: mpibind: task   7 nths  3 gpus 7 cpus 29-31,33
0: mpibind: task   8 nths  3 gpus 8 cpus 34-37
0: mpibind: task   9 nths  3 gpus 9 cpus 38-39,41
0: mpibind: task  10 nths  3 gpus 10 cpus 42-44
0: mpibind: task  11 nths  3 gpus 11 cpus 45-47
0: mpibind: task  12 nths  3 gpus 12 cpus 49-52
0: mpibind: task  13 nths  3 gpus 13 cpus 53-55,57
0: mpibind: task  14 nths  3 gpus 14 cpus 58-61
0: mpibind: task  15 nths  3 gpus 15 cpus 62-63,65
0: mpibind: task  16 nths  3 gpus 16 cpus 66-68
0: mpibind: task  17 nths  3 gpus 17 cpus 69-71
0: mpibind: task  18 nths  3 gpus 18 cpus 73-76
0: mpibind: task  19 nths  3 gpus 19 cpus 77-79,81
0: mpibind: task  20 nths  3 gpus 20 cpus 82-85
0: mpibind: task  21 nths  3 gpus 21 cpus 86-87,89
0: mpibind: task  22 nths  3 gpus 22 cpus 90-92
0: mpibind: task  23 nths  3 gpus 23 cpus 93-95
0: 0.143s: flux-shell[14]: mpibind: 
0: mpibind: task   0 nths  3 gpus 0 cpus 1-4
0: mpibind: task   1 nths  3 gpus 1 cpus 5-7,9
0: mpibind: task   2 nths  3 gpus 2 cpus 10-13
0: mpibind: task   3 nths  3 gpus 3 cpus 14-15,17
0: mpibind: task   4 nths  3 gpus 4 cpus 18-20
0: mpibind: task   5 nths  3 gpus 5 cpus 21-23
0: mpibind: task   6 nths  3 gpus 6 cpus 25-28
0: mpibind: task   7 nths  3 gpus 7 cpus 29-31,33
0: mpibind: task   8 nths  3 gpus 8 cpus 34-37
0: mpibind: task   9 nths  3 gpus 9 cpus 38-39,41
0: mpibind: task  10 nths  3 gpus 10 cpus 42-44
0: mpibind: task  11 nths  3 gpus 11 cpus 45-47
0: mpibind: task  12 nths  3 gpus 12 cpus 49-52
0: mpibind: task  13 nths  3 gpus 13 cpus 53-55,57
0: mpibind: task  14 nths  3 gpus 14 cpus 58-61
0: mpibind: task  15 nths  3 gpus 15 cpus 62-63,65
0: mpibind: task  16 nths  3 gpus 16 cpus 66-68
0: mpibind: task  17 nths  3 gpus 17 cpus 69-71
0: mpibind: task  18 nths  3 gpus 18 cpus 73-76
0: mpibind: task  19 nths  3 gpus 19 cpus 77-79,81
0: mpibind: task  20 nths  3 gpus 20 cpus 82-85
0: mpibind: task  21 nths  3 gpus 21 cpus 86-87,89
0: mpibind: task  22 nths  3 gpus 22 cpus 90-92
0: mpibind: task  23 nths  3 gpus 23 cpus 93-95
0: 0.142s: flux-shell[15]: mpibind: 
0: mpibind: task   0 nths  3 gpus 0 cpus 1-4
0: mpibind: task   1 nths  3 gpus 1 cpus 5-7,9
0: mpibind: task   2 nths  3 gpus 2 cpus 10-13
0: mpibind: task   3 nths  3 gpus 3 cpus 14-15,17
0: mpibind: task   4 nths  3 gpus 4 cpus 18-20
0: mpibind: task   5 nths  3 gpus 5 cpus 21-23
0: mpibind: task   6 nths  3 gpus 6 cpus 25-28
0: mpibind: task   7 nths  3 gpus 7 cpus 29-31,33
0: mpibind: task   8 nths  3 gpus 8 cpus 34-37
0: mpibind: task   9 nths  3 gpus 9 cpus 38-39,41
0: mpibind: task  10 nths  3 gpus 10 cpus 42-44
0: mpibind: task  11 nths  3 gpus 11 cpus 45-47
0: mpibind: task  12 nths  3 gpus 12 cpus 49-52
0: mpibind: task  13 nths  3 gpus 13 cpus 53-55,57
0: mpibind: task  14 nths  3 gpus 14 cpus 58-61
0: mpibind: task  15 nths  3 gpus 15 cpus 62-63,65
0: mpibind: task  16 nths  3 gpus 16 cpus 66-68
0: mpibind: task  17 nths  3 gpus 17 cpus 69-71
0: mpibind: task  18 nths  3 gpus 18 cpus 73-76
0: mpibind: task  19 nths  3 gpus 19 cpus 77-79,81
0: mpibind: task  20 nths  3 gpus 20 cpus 82-85
0: mpibind: task  21 nths  3 gpus 21 cpus 86-87,89
0: mpibind: task  22 nths  3 gpus 22 cpus 90-92
0: mpibind: task  23 nths  3 gpus 23 cpus 93-95
0: jobid: fNMA1CU7
0: 0.113s: flux-shell[1]: mpibind: 
0: mpibind: task   0 nths  3 gpus 0 cpus 1-4
0: mpibind: task   1 nths  3 gpus 1 cpus 5-7,9
0: mpibind: task   2 nths  3 gpus 2 cpus 10-13
0: mpibind: task   3 nths  3 gpus 3 cpus 14-15,17
0: mpibind: task   4 nths  3 gpus 4 cpus 18-20
0: mpibind: task   5 nths  3 gpus 5 cpus 21-23
0: mpibind: task   6 nths  3 gpus 6 cpus 25-28
0: mpibind: task   7 nths  3 gpus 7 cpus 29-31,33
0: mpibind: task   8 nths  3 gpus 8 cpus 34-37
0: mpibind: task   9 nths  3 gpus 9 cpus 38-39,41
0: mpibind: task  10 nths  3 gpus 10 cpus 42-44
0: mpibind: task  11 nths  3 gpus 11 cpus 45-47
0: mpibind: task  12 nths  3 gpus 12 cpus 49-52
0: mpibind: task  13 nths  3 gpus 13 cpus 53-55,57
0: mpibind: task  14 nths  3 gpus 14 cpus 58-61
0: mpibind: task  15 nths  3 gpus 15 cpus 62-63,65
0: mpibind: task  16 nths  3 gpus 16 cpus 66-68
0: mpibind: task  17 nths  3 gpus 17 cpus 69-71
0: mpibind: task  18 nths  3 gpus 18 cpus 73-76
0: mpibind: task  19 nths  3 gpus 19 cpus 77-79,81
0: mpibind: task  20 nths  3 gpus 20 cpus 82-85
0: mpibind: task  21 nths  3 gpus 21 cpus 86-87,89
0: mpibind: task  22 nths  3 gpus 22 cpus 90-92
0: mpibind: task  23 nths  3 gpus 23 cpus 93-95
0: 0.112s: flux-shell[2]: mpibind: 
0: mpibind: task   0 nths  3 gpus 0 cpus 1-4
0: mpibind: task   1 nths  3 gpus 1 cpus 5-7,9
0: mpibind: task   2 nths  3 gpus 2 cpus 10-13
0: mpibind: task   3 nths  3 gpus 3 cpus 14-15,17
0: mpibind: task   4 nths  3 gpus 4 cpus 18-20
0: mpibind: task   5 nths  3 gpus 5 cpus 21-23
0: mpibind: task   6 nths  3 gpus 6 cpus 25-28
0: mpibind: task   7 nths  3 gpus 7 cpus 29-31,33
0: mpibind: task   8 nths  3 gpus 8 cpus 34-37
0: mpibind: task   9 nths  3 gpus 9 cpus 38-39,41
0: mpibind: task  10 nths  3 gpus 10 cpus 42-44
0: mpibind: task  11 nths  3 gpus 11 cpus 45-47
0: mpibind: task  12 nths  3 gpus 12 cpus 49-52
0: mpibind: task  13 nths  3 gpus 13 cpus 53-55,57
0: mpibind: task  14 nths  3 gpus 14 cpus 58-61
0: mpibind: task  15 nths  3 gpus 15 cpus 62-63,65
0: mpibind: task  16 nths  3 gpus 16 cpus 66-68
0: mpibind: task  17 nths  3 gpus 17 cpus 69-71
0: mpibind: task  18 nths  3 gpus 18 cpus 73-76
0: mpibind: task  19 nths  3 gpus 19 cpus 77-79,81
0: mpibind: task  20 nths  3 gpus 20 cpus 82-85
0: mpibind: task  21 nths  3 gpus 21 cpus 86-87,89
0: mpibind: task  22 nths  3 gpus 22 cpus 90-92
0: mpibind: task  23 nths  3 gpus 23 cpus 93-95
0: 0.116s: flux-shell[3]: mpibind: 
0: mpibind: task   0 nths  3 gpus 0 cpus 1-4
0: mpibind: task   1 nths  3 gpus 1 cpus 5-7,9
0: mpibind: task   2 nths  3 gpus 2 cpus 10-13
0: mpibind: task   3 nths  3 gpus 3 cpus 14-15,17
0: mpibind: task   4 nths  3 gpus 4 cpus 18-20
0: mpibind: task   5 nths  3 gpus 5 cpus 21-23
0: mpibind: task   6 nths  3 gpus 6 cpus 25-28
0: mpibind: task   7 nths  3 gpus 7 cpus 29-31,33
0: mpibind: task   8 nths  3 gpus 8 cpus 34-37
0: mpibind: task   9 nths  3 gpus 9 cpus 38-39,41
0: mpibind: task  10 nths  3 gpus 10 cpus 42-44
0: mpibind: task  11 nths  3 gpus 11 cpus 45-47
0: mpibind: task  12 nths  3 gpus 12 cpus 49-52
0: mpibind: task  13 nths  3 gpus 13 cpus 53-55,57
0: mpibind: task  14 nths  3 gpus 14 cpus 58-61
0: mpibind: task  15 nths  3 gpus 15 cpus 62-63,65
0: mpibind: task  16 nths  3 gpus 16 cpus 66-68
0: mpibind: task  17 nths  3 gpus 17 cpus 69-71
0: mpibind: task  18 nths  3 gpus 18 cpus 73-76
0: mpibind: task  19 nths  3 gpus 19 cpus 77-79,81
0: mpibind: task  20 nths  3 gpus 20 cpus 82-85
0: mpibind: task  21 nths  3 gpus 21 cpus 86-87,89
0: mpibind: task  22 nths  3 gpus 22 cpus 90-92
0: mpibind: task  23 nths  3 gpus 23 cpus 93-95
0: 0.114s: flux-shell[4]: mpibind: 
0: mpibind: task   0 nths  3 gpus 0 cpus 1-4
0: mpibind: task   1 nths  3 gpus 1 cpus 5-7,9
0: mpibind: task   2 nths  3 gpus 2 cpus 10-13
0: mpibind: task   3 nths  3 gpus 3 cpus 14-15,17
0: mpibind: task   4 nths  3 gpus 4 cpus 18-20
0: mpibind: task   5 nths  3 gpus 5 cpus 21-23
0: mpibind: task   6 nths  3 gpus 6 cpus 25-28
0: mpibind: task   7 nths  3 gpus 7 cpus 29-31,33
0: mpibind: task   8 nths  3 gpus 8 cpus 34-37
0: mpibind: task   9 nths  3 gpus 9 cpus 38-39,41
0: mpibind: task  10 nths  3 gpus 10 cpus 42-44
0: mpibind: task  11 nths  3 gpus 11 cpus 45-47
0: mpibind: task  12 nths  3 gpus 12 cpus 49-52
0: mpibind: task  13 nths  3 gpus 13 cpus 53-55,57
0: mpibind: task  14 nths  3 gpus 14 cpus 58-61
0: mpibind: task  15 nths  3 gpus 15 cpus 62-63,65
0: mpibind: task  16 nths  3 gpus 16 cpus 66-68
0: mpibind: task  17 nths  3 gpus 17 cpus 69-71
0: mpibind: task  18 nths  3 gpus 18 cpus 73-76
0: mpibind: task  19 nths  3 gpus 19 cpus 77-79,81
0: mpibind: task  20 nths  3 gpus 20 cpus 82-85
0: mpibind: task  21 nths  3 gpus 21 cpus 86-87,89
0: mpibind: task  22 nths  3 gpus 22 cpus 90-92
0: mpibind: task  23 nths  3 gpus 23 cpus 93-95
0: 0.114s: flux-shell[5]: mpibind: 
0: mpibind: task   0 nths  3 gpus 0 cpus 1-4
0: mpibind: task   1 nths  3 gpus 1 cpus 5-7,9
0: mpibind: task   2 nths  3 gpus 2 cpus 10-13
0: mpibind: task   3 nths  3 gpus 3 cpus 14-15,17
0: mpibind: task   4 nths  3 gpus 4 cpus 18-20
0: mpibind: task   5 nths  3 gpus 5 cpus 21-23
0: mpibind: task   6 nths  3 gpus 6 cpus 25-28
0: mpibind: task   7 nths  3 gpus 7 cpus 29-31,33
0: mpibind: task   8 nths  3 gpus 8 cpus 34-37
0: mpibind: task   9 nths  3 gpus 9 cpus 38-39,41
0: mpibind: task  10 nths  3 gpus 10 cpus 42-44
0: mpibind: task  11 nths  3 gpus 11 cpus 45-47
0: mpibind: task  12 nths  3 gpus 12 cpus 49-52
0: mpibind: task  13 nths  3 gpus 13 cpus 53-55,57
0: mpibind: task  14 nths  3 gpus 14 cpus 58-61
0: mpibind: task  15 nths  3 gpus 15 cpus 62-63,65
0: mpibind: task  16 nths  3 gpus 16 cpus 66-68
0: mpibind: task  17 nths  3 gpus 17 cpus 69-71
0: mpibind: task  18 nths  3 gpus 18 cpus 73-76
0: mpibind: task  19 nths  3 gpus 19 cpus 77-79,81
0: mpibind: task  20 nths  3 gpus 20 cpus 82-85
0: mpibind: task  21 nths  3 gpus 21 cpus 86-87,89
0: mpibind: task  22 nths  3 gpus 22 cpus 90-92
0: mpibind: task  23 nths  3 gpus 23 cpus 93-95
0: 0.116s: flux-shell[7]: mpibind: 
0: mpibind: task   0 nths  3 gpus 0 cpus 1-4
0: mpibind: task   1 nths  3 gpus 1 cpus 5-7,9
0: mpibind: task   2 nths  3 gpus 2 cpus 10-13
0: mpibind: task   3 nths  3 gpus 3 cpus 14-15,17
0: mpibind: task   4 nths  3 gpus 4 cpus 18-20
0: mpibind: task   5 nths  3 gpus 5 cpus 21-23
0: mpibind: task   6 nths  3 gpus 6 cpus 25-28
0: mpibind: task   7 nths  3 gpus 7 cpus 29-31,33
0: mpibind: task   8 nths  3 gpus 8 cpus 34-37
0: mpibind: task   9 nths  3 gpus 9 cpus 38-39,41
0: mpibind: task  10 nths  3 gpus 10 cpus 42-44
0: mpibind: task  11 nths  3 gpus 11 cpus 45-47
0: mpibind: task  12 nths  3 gpus 12 cpus 49-52
0: mpibind: task  13 nths  3 gpus 13 cpus 53-55,57
0: mpibind: task  14 nths  3 gpus 14 cpus 58-61
0: mpibind: task  15 nths  3 gpus 15 cpus 62-63,65
0: mpibind: task  16 nths  3 gpus 16 cpus 66-68
0: mpibind: task  17 nths  3 gpus 17 cpus 69-71
0: mpibind: task  18 nths  3 gpus 18 cpus 73-76
0: mpibind: task  19 nths  3 gpus 19 cpus 77-79,81
0: mpibind: task  20 nths  3 gpus 20 cpus 82-85
0: mpibind: task  21 nths  3 gpus 21 cpus 86-87,89
0: mpibind: task  22 nths  3 gpus 22 cpus 90-92
0: mpibind: task  23 nths  3 gpus 23 cpus 93-95
0: 0.106s: flux-shell[0]: mpibind: 
0: mpibind: task   0 nths  3 gpus 0 cpus 1-4
0: mpibind: task   1 nths  3 gpus 1 cpus 5-7,9
0: mpibind: task   2 nths  3 gpus 2 cpus 10-13
0: mpibind: task   3 nths  3 gpus 3 cpus 14-15,17
0: mpibind: task   4 nths  3 gpus 4 cpus 18-20
0: mpibind: task   5 nths  3 gpus 5 cpus 21-23
0: mpibind: task   6 nths  3 gpus 6 cpus 25-28
0: mpibind: task   7 nths  3 gpus 7 cpus 29-31,33
0: mpibind: task   8 nths  3 gpus 8 cpus 34-37
0: mpibind: task   9 nths  3 gpus 9 cpus 38-39,41
0: mpibind: task  10 nths  3 gpus 10 cpus 42-44
0: mpibind: task  11 nths  3 gpus 11 cpus 45-47
0: mpibind: task  12 nths  3 gpus 12 cpus 49-52
0: mpibind: task  13 nths  3 gpus 13 cpus 53-55,57
0: mpibind: task  14 nths  3 gpus 14 cpus 58-61
0: mpibind: task  15 nths  3 gpus 15 cpus 62-63,65
0: mpibind: task  16 nths  3 gpus 16 cpus 66-68
0: mpibind: task  17 nths  3 gpus 17 cpus 69-71
0: mpibind: task  18 nths  3 gpus 18 cpus 73-76
0: mpibind: task  19 nths  3 gpus 19 cpus 77-79,81
0: mpibind: task  20 nths  3 gpus 20 cpus 82-85
0: mpibind: task  21 nths  3 gpus 21 cpus 86-87,89
0: mpibind: task  22 nths  3 gpus 22 cpus 90-92
0: mpibind: task  23 nths  3 gpus 23 cpus 93-95
0: 0.111s: flux-shell[10]: mpibind: 
0: mpibind: task   0 nths  3 gpus 0 cpus 1-4
0: mpibind: task   1 nths  3 gpus 1 cpus 5-7,9
0: mpibind: task   2 nths  3 gpus 2 cpus 10-13
0: mpibind: task   3 nths  3 gpus 3 cpus 14-15,17
0: mpibind: task   4 nths  3 gpus 4 cpus 18-20
0: mpibind: task   5 nths  3 gpus 5 cpus 21-23
0: mpibind: task   6 nths  3 gpus 6 cpus 25-28
0: mpibind: task   7 nths  3 gpus 7 cpus 29-31,33
0: mpibind: task   8 nths  3 gpus 8 cpus 34-37
0: mpibind: task   9 nths  3 gpus 9 cpus 38-39,41
0: mpibind: task  10 nths  3 gpus 10 cpus 42-44
0: mpibind: task  11 nths  3 gpus 11 cpus 45-47
0: mpibind: task  12 nths  3 gpus 12 cpus 49-52
0: mpibind: task  13 nths  3 gpus 13 cpus 53-55,57
0: mpibind: task  14 nths  3 gpus 14 cpus 58-61
0: mpibind: task  15 nths  3 gpus 15 cpus 62-63,65
0: mpibind: task  16 nths  3 gpus 16 cpus 66-68
0: mpibind: task  17 nths  3 gpus 17 cpus 69-71
0: mpibind: task  18 nths  3 gpus 18 cpus 73-76
0: mpibind: task  19 nths  3 gpus 19 cpus 77-79,81
0: mpibind: task  20 nths  3 gpus 20 cpus 82-85
0: mpibind: task  21 nths  3 gpus 21 cpus 86-87,89
0: mpibind: task  22 nths  3 gpus 22 cpus 90-92
0: mpibind: task  23 nths  3 gpus 23 cpus 93-95
0: 0.114s: flux-shell[6]: mpibind: 
0: mpibind: task   0 nths  3 gpus 0 cpus 1-4
0: mpibind: task   1 nths  3 gpus 1 cpus 5-7,9
0: mpibind: task   2 nths  3 gpus 2 cpus 10-13
0: mpibind: task   3 nths  3 gpus 3 cpus 14-15,17
0: mpibind: task   4 nths  3 gpus 4 cpus 18-20
0: mpibind: task   5 nths  3 gpus 5 cpus 21-23
0: mpibind: task   6 nths  3 gpus 6 cpus 25-28
0: mpibind: task   7 nths  3 gpus 7 cpus 29-31,33
0: mpibind: task   8 nths  3 gpus 8 cpus 34-37
0: mpibind: task   9 nths  3 gpus 9 cpus 38-39,41
0: mpibind: task  10 nths  3 gpus 10 cpus 42-44
0: mpibind: task  11 nths  3 gpus 11 cpus 45-47
0: mpibind: task  12 nths  3 gpus 12 cpus 49-52
0: mpibind: task  13 nths  3 gpus 13 cpus 53-55,57
0: mpibind: task  14 nths  3 gpus 14 cpus 58-61
0: mpibind: task  15 nths  3 gpus 15 cpus 62-63,65
0: mpibind: task  16 nths  3 gpus 16 cpus 66-68
0: mpibind: task  17 nths  3 gpus 17 cpus 69-71
0: mpibind: task  18 nths  3 gpus 18 cpus 73-76
0: mpibind: task  19 nths  3 gpus 19 cpus 77-79,81
0: mpibind: task  20 nths  3 gpus 20 cpus 82-85
0: mpibind: task  21 nths  3 gpus 21 cpus 86-87,89
0: mpibind: task  22 nths  3 gpus 22 cpus 90-92
0: mpibind: task  23 nths  3 gpus 23 cpus 93-95
0: 0.115s: flux-shell[8]: mpibind: 
0: mpibind: task   0 nths  3 gpus 0 cpus 1-4
0: mpibind: task   1 nths  3 gpus 1 cpus 5-7,9
0: mpibind: task   2 nths  3 gpus 2 cpus 10-13
0: mpibind: task   3 nths  3 gpus 3 cpus 14-15,17
0: mpibind: task   4 nths  3 gpus 4 cpus 18-20
0: mpibind: task   5 nths  3 gpus 5 cpus 21-23
0: mpibind: task   6 nths  3 gpus 6 cpus 25-28
0: mpibind: task   7 nths  3 gpus 7 cpus 29-31,33
0: mpibind: task   8 nths  3 gpus 8 cpus 34-37
0: mpibind: task   9 nths  3 gpus 9 cpus 38-39,41
0: mpibind: task  10 nths  3 gpus 10 cpus 42-44
0: mpibind: task  11 nths  3 gpus 11 cpus 45-47
0: mpibind: task  12 nths  3 gpus 12 cpus 49-52
0: mpibind: task  13 nths  3 gpus 13 cpus 53-55,57
0: mpibind: task  14 nths  3 gpus 14 cpus 58-61
0: mpibind: task  15 nths  3 gpus 15 cpus 62-63,65
0: mpibind: task  16 nths  3 gpus 16 cpus 66-68
0: mpibind: task  17 nths  3 gpus 17 cpus 69-71
0: mpibind: task  18 nths  3 gpus 18 cpus 73-76
0: mpibind: task  19 nths  3 gpus 19 cpus 77-79,81
0: mpibind: task  20 nths  3 gpus 20 cpus 82-85
0: mpibind: task  21 nths  3 gpus 21 cpus 86-87,89
0: mpibind: task  22 nths  3 gpus 22 cpus 90-92
0: mpibind: task  23 nths  3 gpus 23 cpus 93-95
0: 0.119s: flux-shell[9]: mpibind: 
0: mpibind: task   0 nths  3 gpus 0 cpus 1-4
0: mpibind: task   1 nths  3 gpus 1 cpus 5-7,9
0: mpibind: task   2 nths  3 gpus 2 cpus 10-13
0: mpibind: task   3 nths  3 gpus 3 cpus 14-15,17
0: mpibind: task   4 nths  3 gpus 4 cpus 18-20
0: mpibind: task   5 nths  3 gpus 5 cpus 21-23
0: mpibind: task   6 nths  3 gpus 6 cpus 25-28
0: mpibind: task   7 nths  3 gpus 7 cpus 29-31,33
0: mpibind: task   8 nths  3 gpus 8 cpus 34-37
0: mpibind: task   9 nths  3 gpus 9 cpus 38-39,41
0: mpibind: task  10 nths  3 gpus 10 cpus 42-44
0: mpibind: task  11 nths  3 gpus 11 cpus 45-47
0: mpibind: task  12 nths  3 gpus 12 cpus 49-52
0: mpibind: task  13 nths  3 gpus 13 cpus 53-55,57
0: mpibind: task  14 nths  3 gpus 14 cpus 58-61
0: mpibind: task  15 nths  3 gpus 15 cpus 62-63,65
0: mpibind: task  16 nths  3 gpus 16 cpus 66-68
0: mpibind: task  17 nths  3 gpus 17 cpus 69-71
0: mpibind: task  18 nths  3 gpus 18 cpus 73-76
0: mpibind: task  19 nths  3 gpus 19 cpus 77-79,81
0: mpibind: task  20 nths  3 gpus 20 cpus 82-85
0: mpibind: task  21 nths  3 gpus 21 cpus 86-87,89
0: mpibind: task  22 nths  3 gpus 22 cpus 90-92
0: mpibind: task  23 nths  3 gpus 23 cpus 93-95
0: 0.113s: flux-shell[12]: mpibind: 
0: mpibind: task   0 nths  3 gpus 0 cpus 1-4
0: mpibind: task   1 nths  3 gpus 1 cpus 5-7,9
0: mpibind: task   2 nths  3 gpus 2 cpus 10-13
0: mpibind: task   3 nths  3 gpus 3 cpus 14-15,17
0: mpibind: task   4 nths  3 gpus 4 cpus 18-20
0: mpibind: task   5 nths  3 gpus 5 cpus 21-23
0: mpibind: task   6 nths  3 gpus 6 cpus 25-28
0: mpibind: task   7 nths  3 gpus 7 cpus 29-31,33
0: mpibind: task   8 nths  3 gpus 8 cpus 34-37
0: mpibind: task   9 nths  3 gpus 9 cpus 38-39,41
0: mpibind: task  10 nths  3 gpus 10 cpus 42-44
0: mpibind: task  11 nths  3 gpus 11 cpus 45-47
0: mpibind: task  12 nths  3 gpus 12 cpus 49-52
0: mpibind: task  13 nths  3 gpus 13 cpus 53-55,57
0: mpibind: task  14 nths  3 gpus 14 cpus 58-61
0: mpibind: task  15 nths  3 gpus 15 cpus 62-63,65
0: mpibind: task  16 nths  3 gpus 16 cpus 66-68
0: mpibind: task  17 nths  3 gpus 17 cpus 69-71
0: mpibind: task  18 nths  3 gpus 18 cpus 73-76
0: mpibind: task  19 nths  3 gpus 19 cpus 77-79,81
0: mpibind: task  20 nths  3 gpus 20 cpus 82-85
0: mpibind: task  21 nths  3 gpus 21 cpus 86-87,89
0: mpibind: task  22 nths  3 gpus 22 cpus 90-92
0: mpibind: task  23 nths  3 gpus 23 cpus 93-95
0: 0.117s: flux-shell[13]: mpibind: 
0: mpibind: task   0 nths  3 gpus 0 cpus 1-4
0: mpibind: task   1 nths  3 gpus 1 cpus 5-7,9
0: mpibind: task   2 nths  3 gpus 2 cpus 10-13
0: mpibind: task   3 nths  3 gpus 3 cpus 14-15,17
0: mpibind: task   4 nths  3 gpus 4 cpus 18-20
0: mpibind: task   5 nths  3 gpus 5 cpus 21-23
0: mpibind: task   6 nths  3 gpus 6 cpus 25-28
0: mpibind: task   7 nths  3 gpus 7 cpus 29-31,33
0: mpibind: task   8 nths  3 gpus 8 cpus 34-37
0: mpibind: task   9 nths  3 gpus 9 cpus 38-39,41
0: mpibind: task  10 nths  3 gpus 10 cpus 42-44
0: mpibind: task  11 nths  3 gpus 11 cpus 45-47
0: mpibind: task  12 nths  3 gpus 12 cpus 49-52
0: mpibind: task  13 nths  3 gpus 13 cpus 53-55,57
0: mpibind: task  14 nths  3 gpus 14 cpus 58-61
0: mpibind: task  15 nths  3 gpus 15 cpus 62-63,65
0: mpibind: task  16 nths  3 gpus 16 cpus 66-68
0: mpibind: task  17 nths  3 gpus 17 cpus 69-71
0: mpibind: task  18 nths  3 gpus 18 cpus 73-76
0: mpibind: task  19 nths  3 gpus 19 cpus 77-79,81
0: mpibind: task  20 nths  3 gpus 20 cpus 82-85
0: mpibind: task  21 nths  3 gpus 21 cpus 86-87,89
0: mpibind: task  22 nths  3 gpus 22 cpus 90-92
0: mpibind: task  23 nths  3 gpus 23 cpus 93-95
0: 0.118s: flux-shell[11]: mpibind: 
0: mpibind: task   0 nths  3 gpus 0 cpus 1-4
0: mpibind: task   1 nths  3 gpus 1 cpus 5-7,9
0: mpibind: task   2 nths  3 gpus 2 cpus 10-13
0: mpibind: task   3 nths  3 gpus 3 cpus 14-15,17
0: mpibind: task   4 nths  3 gpus 4 cpus 18-20
0: mpibind: task   5 nths  3 gpus 5 cpus 21-23
0: mpibind: task   6 nths  3 gpus 6 cpus 25-28
0: mpibind: task   7 nths  3 gpus 7 cpus 29-31,33
0: mpibind: task   8 nths  3 gpus 8 cpus 34-37
0: mpibind: task   9 nths  3 gpus 9 cpus 38-39,41
0: mpibind: task  10 nths  3 gpus 10 cpus 42-44
0: mpibind: task  11 nths  3 gpus 11 cpus 45-47
0: mpibind: task  12 nths  3 gpus 12 cpus 49-52
0: mpibind: task  13 nths  3 gpus 13 cpus 53-55,57
0: mpibind: task  14 nths  3 gpus 14 cpus 58-61
0: mpibind: task  15 nths  3 gpus 15 cpus 62-63,65
0: mpibind: task  16 nths  3 gpus 16 cpus 66-68
0: mpibind: task  17 nths  3 gpus 17 cpus 69-71
0: mpibind: task  18 nths  3 gpus 18 cpus 73-76
0: mpibind: task  19 nths  3 gpus 19 cpus 77-79,81
0: mpibind: task  20 nths  3 gpus 20 cpus 82-85
0: mpibind: task  21 nths  3 gpus 21 cpus 86-87,89
0: mpibind: task  22 nths  3 gpus 22 cpus 90-92
0: mpibind: task  23 nths  3 gpus 23 cpus 93-95
0: 0.114s: flux-shell[15]: mpibind: 
0: mpibind: task   0 nths  3 gpus 0 cpus 1-4
0: mpibind: task   1 nths  3 gpus 1 cpus 5-7,9
0: mpibind: task   2 nths  3 gpus 2 cpus 10-13
0: mpibind: task   3 nths  3 gpus 3 cpus 14-15,17
0: mpibind: task   4 nths  3 gpus 4 cpus 18-20
0: mpibind: task   5 nths  3 gpus 5 cpus 21-23
0: mpibind: task   6 nths  3 gpus 6 cpus 25-28
0: mpibind: task   7 nths  3 gpus 7 cpus 29-31,33
0: mpibind: task   8 nths  3 gpus 8 cpus 34-37
0: mpibind: task   9 nths  3 gpus 9 cpus 38-39,41
0: mpibind: task  10 nths  3 gpus 10 cpus 42-44
0: mpibind: task  11 nths  3 gpus 11 cpus 45-47
0: mpibind: task  12 nths  3 gpus 12 cpus 49-52
0: mpibind: task  13 nths  3 gpus 13 cpus 53-55,57
0: mpibind: task  14 nths  3 gpus 14 cpus 58-61
0: mpibind: task  15 nths  3 gpus 15 cpus 62-63,65
0: mpibind: task  16 nths  3 gpus 16 cpus 66-68
0: mpibind: task  17 nths  3 gpus 17 cpus 69-71
0: mpibind: task  18 nths  3 gpus 18 cpus 73-76
0: mpibind: task  19 nths  3 gpus 19 cpus 77-79,81
0: mpibind: task  20 nths  3 gpus 20 cpus 82-85
0: mpibind: task  21 nths  3 gpus 21 cpus 86-87,89
0: mpibind: task  22 nths  3 gpus 22 cpus 90-92
0: mpibind: task  23 nths  3 gpus 23 cpus 93-95
0: 0.115s: flux-shell[14]: mpibind: 
0: mpibind: task   0 nths  3 gpus 0 cpus 1-4
0: mpibind: task   1 nths  3 gpus 1 cpus 5-7,9
0: mpibind: task   2 nths  3 gpus 2 cpus 10-13
0: mpibind: task   3 nths  3 gpus 3 cpus 14-15,17
0: mpibind: task   4 nths  3 gpus 4 cpus 18-20
0: mpibind: task   5 nths  3 gpus 5 cpus 21-23
0: mpibind: task   6 nths  3 gpus 6 cpus 25-28
0: mpibind: task   7 nths  3 gpus 7 cpus 29-31,33
0: mpibind: task   8 nths  3 gpus 8 cpus 34-37
0: mpibind: task   9 nths  3 gpus 9 cpus 38-39,41
0: mpibind: task  10 nths  3 gpus 10 cpus 42-44
0: mpibind: task  11 nths  3 gpus 11 cpus 45-47
0: mpibind: task  12 nths  3 gpus 12 cpus 49-52
0: mpibind: task  13 nths  3 gpus 13 cpus 53-55,57
0: mpibind: task  14 nths  3 gpus 14 cpus 58-61
0: mpibind: task  15 nths  3 gpus 15 cpus 62-63,65
0: mpibind: task  16 nths  3 gpus 16 cpus 66-68
0: mpibind: task  17 nths  3 gpus 17 cpus 69-71
0: mpibind: task  18 nths  3 gpus 18 cpus 73-76
0: mpibind: task  19 nths  3 gpus 19 cpus 77-79,81
0: mpibind: task  20 nths  3 gpus 20 cpus 82-85
0: mpibind: task  21 nths  3 gpus 21 cpus 86-87,89
0: mpibind: task  22 nths  3 gpus 22 cpus 90-92
0: mpibind: task  23 nths  3 gpus 23 cpus 93-95
0: jobid: fXPeM7sd
0: 0.106s: flux-shell[1]: mpibind: 
0: mpibind: task   0 nths  3 gpus 0 cpus 1-4
0: mpibind: task   1 nths  3 gpus 1 cpus 5-7,9
0: mpibind: task   2 nths  3 gpus 2 cpus 10-13
0: mpibind: task   3 nths  3 gpus 3 cpus 14-15,17
0: mpibind: task   4 nths  3 gpus 4 cpus 18-20
0: mpibind: task   5 nths  3 gpus 5 cpus 21-23
0: mpibind: task   6 nths  3 gpus 6 cpus 25-28
0: mpibind: task   7 nths  3 gpus 7 cpus 29-31,33
0: mpibind: task   8 nths  3 gpus 8 cpus 34-37
0: mpibind: task   9 nths  3 gpus 9 cpus 38-39,41
0: mpibind: task  10 nths  3 gpus 10 cpus 42-44
0: mpibind: task  11 nths  3 gpus 11 cpus 45-47
0: mpibind: task  12 nths  3 gpus 12 cpus 49-52
0: mpibind: task  13 nths  3 gpus 13 cpus 53-55,57
0: mpibind: task  14 nths  3 gpus 14 cpus 58-61
0: mpibind: task  15 nths  3 gpus 15 cpus 62-63,65
0: mpibind: task  16 nths  3 gpus 16 cpus 66-68
0: mpibind: task  17 nths  3 gpus 17 cpus 69-71
0: mpibind: task  18 nths  3 gpus 18 cpus 73-76
0: mpibind: task  19 nths  3 gpus 19 cpus 77-79,81
0: mpibind: task  20 nths  3 gpus 20 cpus 82-85
0: mpibind: task  21 nths  3 gpus 21 cpus 86-87,89
0: mpibind: task  22 nths  3 gpus 22 cpus 90-92
0: mpibind: task  23 nths  3 gpus 23 cpus 93-95
0: 0.101s: flux-shell[2]: mpibind: 
0: mpibind: task   0 nths  3 gpus 0 cpus 1-4
0: mpibind: task   1 nths  3 gpus 1 cpus 5-7,9
0: mpibind: task   2 nths  3 gpus 2 cpus 10-13
0: mpibind: task   3 nths  3 gpus 3 cpus 14-15,17
0: mpibind: task   4 nths  3 gpus 4 cpus 18-20
0: mpibind: task   5 nths  3 gpus 5 cpus 21-23
0: mpibind: task   6 nths  3 gpus 6 cpus 25-28
0: mpibind: task   7 nths  3 gpus 7 cpus 29-31,33
0: mpibind: task   8 nths  3 gpus 8 cpus 34-37
0: mpibind: task   9 nths  3 gpus 9 cpus 38-39,41
0: mpibind: task  10 nths  3 gpus 10 cpus 42-44
0: mpibind: task  11 nths  3 gpus 11 cpus 45-47
0: mpibind: task  12 nths  3 gpus 12 cpus 49-52
0: mpibind: task  13 nths  3 gpus 13 cpus 53-55,57
0: mpibind: task  14 nths  3 gpus 14 cpus 58-61
0: mpibind: task  15 nths  3 gpus 15 cpus 62-63,65
0: mpibind: task  16 nths  3 gpus 16 cpus 66-68
0: mpibind: task  17 nths  3 gpus 17 cpus 69-71
0: mpibind: task  18 nths  3 gpus 18 cpus 73-76
0: mpibind: task  19 nths  3 gpus 19 cpus 77-79,81
0: mpibind: task  20 nths  3 gpus 20 cpus 82-85
0: mpibind: task  21 nths  3 gpus 21 cpus 86-87,89
0: mpibind: task  22 nths  3 gpus 22 cpus 90-92
0: mpibind: task  23 nths  3 gpus 23 cpus 93-95
0: 0.105s: flux-shell[3]: mpibind: 
0: mpibind: task   0 nths  3 gpus 0 cpus 1-4
0: mpibind: task   1 nths  3 gpus 1 cpus 5-7,9
0: mpibind: task   2 nths  3 gpus 2 cpus 10-13
0: mpibind: task   3 nths  3 gpus 3 cpus 14-15,17
0: mpibind: task   4 nths  3 gpus 4 cpus 18-20
0: mpibind: task   5 nths  3 gpus 5 cpus 21-23
0: mpibind: task   6 nths  3 gpus 6 cpus 25-28
0: mpibind: task   7 nths  3 gpus 7 cpus 29-31,33
0: mpibind: task   8 nths  3 gpus 8 cpus 34-37
0: mpibind: task   9 nths  3 gpus 9 cpus 38-39,41
0: mpibind: task  10 nths  3 gpus 10 cpus 42-44
0: mpibind: task  11 nths  3 gpus 11 cpus 45-47
0: mpibind: task  12 nths  3 gpus 12 cpus 49-52
0: mpibind: task  13 nths  3 gpus 13 cpus 53-55,57
0: mpibind: task  14 nths  3 gpus 14 cpus 58-61
0: mpibind: task  15 nths  3 gpus 15 cpus 62-63,65
0: mpibind: task  16 nths  3 gpus 16 cpus 66-68
0: mpibind: task  17 nths  3 gpus 17 cpus 69-71
0: mpibind: task  18 nths  3 gpus 18 cpus 73-76
0: mpibind: task  19 nths  3 gpus 19 cpus 77-79,81
0: mpibind: task  20 nths  3 gpus 20 cpus 82-85
0: mpibind: task  21 nths  3 gpus 21 cpus 86-87,89
0: mpibind: task  22 nths  3 gpus 22 cpus 90-92
0: mpibind: task  23 nths  3 gpus 23 cpus 93-95
0: 0.103s: flux-shell[4]: mpibind: 
0: mpibind: task   0 nths  3 gpus 0 cpus 1-4
0: mpibind: task   1 nths  3 gpus 1 cpus 5-7,9
0: mpibind: task   2 nths  3 gpus 2 cpus 10-13
0: mpibind: task   3 nths  3 gpus 3 cpus 14-15,17
0: mpibind: task   4 nths  3 gpus 4 cpus 18-20
0: mpibind: task   5 nths  3 gpus 5 cpus 21-23
0: mpibind: task   6 nths  3 gpus 6 cpus 25-28
0: mpibind: task   7 nths  3 gpus 7 cpus 29-31,33
0: mpibind: task   8 nths  3 gpus 8 cpus 34-37
0: mpibind: task   9 nths  3 gpus 9 cpus 38-39,41
0: mpibind: task  10 nths  3 gpus 10 cpus 42-44
0: mpibind: task  11 nths  3 gpus 11 cpus 45-47
0: mpibind: task  12 nths  3 gpus 12 cpus 49-52
0: mpibind: task  13 nths  3 gpus 13 cpus 53-55,57
0: mpibind: task  14 nths  3 gpus 14 cpus 58-61
0: mpibind: task  15 nths  3 gpus 15 cpus 62-63,65
0: mpibind: task  16 nths  3 gpus 16 cpus 66-68
0: mpibind: task  17 nths  3 gpus 17 cpus 69-71
0: mpibind: task  18 nths  3 gpus 18 cpus 73-76
0: mpibind: task  19 nths  3 gpus 19 cpus 77-79,81
0: mpibind: task  20 nths  3 gpus 20 cpus 82-85
0: mpibind: task  21 nths  3 gpus 21 cpus 86-87,89
0: mpibind: task  22 nths  3 gpus 22 cpus 90-92
0: mpibind: task  23 nths  3 gpus 23 cpus 93-95
0: 0.100s: flux-shell[5]: mpibind: 
0: mpibind: task   0 nths  3 gpus 0 cpus 1-4
0: mpibind: task   1 nths  3 gpus 1 cpus 5-7,9
0: mpibind: task   2 nths  3 gpus 2 cpus 10-13
0: mpibind: task   3 nths  3 gpus 3 cpus 14-15,17
0: mpibind: task   4 nths  3 gpus 4 cpus 18-20
0: mpibind: task   5 nths  3 gpus 5 cpus 21-23
0: mpibind: task   6 nths  3 gpus 6 cpus 25-28
0: mpibind: task   7 nths  3 gpus 7 cpus 29-31,33
0: mpibind: task   8 nths  3 gpus 8 cpus 34-37
0: mpibind: task   9 nths  3 gpus 9 cpus 38-39,41
0: mpibind: task  10 nths  3 gpus 10 cpus 42-44
0: mpibind: task  11 nths  3 gpus 11 cpus 45-47
0: mpibind: task  12 nths  3 gpus 12 cpus 49-52
0: mpibind: task  13 nths  3 gpus 13 cpus 53-55,57
0: mpibind: task  14 nths  3 gpus 14 cpus 58-61
0: mpibind: task  15 nths  3 gpus 15 cpus 62-63,65
0: mpibind: task  16 nths  3 gpus 16 cpus 66-68
0: mpibind: task  17 nths  3 gpus 17 cpus 69-71
0: mpibind: task  18 nths  3 gpus 18 cpus 73-76
0: mpibind: task  19 nths  3 gpus 19 cpus 77-79,81
0: mpibind: task  20 nths  3 gpus 20 cpus 82-85
0: mpibind: task  21 nths  3 gpus 21 cpus 86-87,89
0: mpibind: task  22 nths  3 gpus 22 cpus 90-92
0: mpibind: task  23 nths  3 gpus 23 cpus 93-95
0: 0.105s: flux-shell[7]: mpibind: 
0: mpibind: task   0 nths  3 gpus 0 cpus 1-4
0: mpibind: task   1 nths  3 gpus 1 cpus 5-7,9
0: mpibind: task   2 nths  3 gpus 2 cpus 10-13
0: mpibind: task   3 nths  3 gpus 3 cpus 14-15,17
0: mpibind: task   4 nths  3 gpus 4 cpus 18-20
0: mpibind: task   5 nths  3 gpus 5 cpus 21-23
0: mpibind: task   6 nths  3 gpus 6 cpus 25-28
0: mpibind: task   7 nths  3 gpus 7 cpus 29-31,33
0: mpibind: task   8 nths  3 gpus 8 cpus 34-37
0: mpibind: task   9 nths  3 gpus 9 cpus 38-39,41
0: mpibind: task  10 nths  3 gpus 10 cpus 42-44
0: mpibind: task  11 nths  3 gpus 11 cpus 45-47
0: mpibind: task  12 nths  3 gpus 12 cpus 49-52
0: mpibind: task  13 nths  3 gpus 13 cpus 53-55,57
0: mpibind: task  14 nths  3 gpus 14 cpus 58-61
0: mpibind: task  15 nths  3 gpus 15 cpus 62-63,65
0: mpibind: task  16 nths  3 gpus 16 cpus 66-68
0: mpibind: task  17 nths  3 gpus 17 cpus 69-71
0: mpibind: task  18 nths  3 gpus 18 cpus 73-76
0: mpibind: task  19 nths  3 gpus 19 cpus 77-79,81
0: mpibind: task  20 nths  3 gpus 20 cpus 82-85
0: mpibind: task  21 nths  3 gpus 21 cpus 86-87,89
0: mpibind: task  22 nths  3 gpus 22 cpus 90-92
0: mpibind: task  23 nths  3 gpus 23 cpus 93-95
0: 0.097s: flux-shell[0]: mpibind: 
0: mpibind: task   0 nths  3 gpus 0 cpus 1-4
0: mpibind: task   1 nths  3 gpus 1 cpus 5-7,9
0: mpibind: task   2 nths  3 gpus 2 cpus 10-13
0: mpibind: task   3 nths  3 gpus 3 cpus 14-15,17
0: mpibind: task   4 nths  3 gpus 4 cpus 18-20
0: mpibind: task   5 nths  3 gpus 5 cpus 21-23
0: mpibind: task   6 nths  3 gpus 6 cpus 25-28
0: mpibind: task   7 nths  3 gpus 7 cpus 29-31,33
0: mpibind: task   8 nths  3 gpus 8 cpus 34-37
0: mpibind: task   9 nths  3 gpus 9 cpus 38-39,41
0: mpibind: task  10 nths  3 gpus 10 cpus 42-44
0: mpibind: task  11 nths  3 gpus 11 cpus 45-47
0: mpibind: task  12 nths  3 gpus 12 cpus 49-52
0: mpibind: task  13 nths  3 gpus 13 cpus 53-55,57
0: mpibind: task  14 nths  3 gpus 14 cpus 58-61
0: mpibind: task  15 nths  3 gpus 15 cpus 62-63,65
0: mpibind: task  16 nths  3 gpus 16 cpus 66-68
0: mpibind: task  17 nths  3 gpus 17 cpus 69-71
0: mpibind: task  18 nths  3 gpus 18 cpus 73-76
0: mpibind: task  19 nths  3 gpus 19 cpus 77-79,81
0: mpibind: task  20 nths  3 gpus 20 cpus 82-85
0: mpibind: task  21 nths  3 gpus 21 cpus 86-87,89
0: mpibind: task  22 nths  3 gpus 22 cpus 90-92
0: mpibind: task  23 nths  3 gpus 23 cpus 93-95
0: 0.106s: flux-shell[12]: mpibind: 
0: mpibind: task   0 nths  3 gpus 0 cpus 1-4
0: mpibind: task   1 nths  3 gpus 1 cpus 5-7,9
0: mpibind: task   2 nths  3 gpus 2 cpus 10-13
0: mpibind: task   3 nths  3 gpus 3 cpus 14-15,17
0: mpibind: task   4 nths  3 gpus 4 cpus 18-20
0: mpibind: task   5 nths  3 gpus 5 cpus 21-23
0: mpibind: task   6 nths  3 gpus 6 cpus 25-28
0: mpibind: task   7 nths  3 gpus 7 cpus 29-31,33
0: mpibind: task   8 nths  3 gpus 8 cpus 34-37
0: mpibind: task   9 nths  3 gpus 9 cpus 38-39,41
0: mpibind: task  10 nths  3 gpus 10 cpus 42-44
0: mpibind: task  11 nths  3 gpus 11 cpus 45-47
0: mpibind: task  12 nths  3 gpus 12 cpus 49-52
0: mpibind: task  13 nths  3 gpus 13 cpus 53-55,57
0: mpibind: task  14 nths  3 gpus 14 cpus 58-61
0: mpibind: task  15 nths  3 gpus 15 cpus 62-63,65
0: mpibind: task  16 nths  3 gpus 16 cpus 66-68
0: mpibind: task  17 nths  3 gpus 17 cpus 69-71
0: mpibind: task  18 nths  3 gpus 18 cpus 73-76
0: mpibind: task  19 nths  3 gpus 19 cpus 77-79,81
0: mpibind: task  20 nths  3 gpus 20 cpus 82-85
0: mpibind: task  21 nths  3 gpus 21 cpus 86-87,89
0: mpibind: task  22 nths  3 gpus 22 cpus 90-92
0: mpibind: task  23 nths  3 gpus 23 cpus 93-95
0: 0.105s: flux-shell[10]: mpibind: 
0: mpibind: task   0 nths  3 gpus 0 cpus 1-4
0: mpibind: task   1 nths  3 gpus 1 cpus 5-7,9
0: mpibind: task   2 nths  3 gpus 2 cpus 10-13
0: mpibind: task   3 nths  3 gpus 3 cpus 14-15,17
0: mpibind: task   4 nths  3 gpus 4 cpus 18-20
0: mpibind: task   5 nths  3 gpus 5 cpus 21-23
0: mpibind: task   6 nths  3 gpus 6 cpus 25-28
0: mpibind: task   7 nths  3 gpus 7 cpus 29-31,33
0: mpibind: task   8 nths  3 gpus 8 cpus 34-37
0: mpibind: task   9 nths  3 gpus 9 cpus 38-39,41
0: mpibind: task  10 nths  3 gpus 10 cpus 42-44
0: mpibind: task  11 nths  3 gpus 11 cpus 45-47
0: mpibind: task  12 nths  3 gpus 12 cpus 49-52
0: mpibind: task  13 nths  3 gpus 13 cpus 53-55,57
0: mpibind: task  14 nths  3 gpus 14 cpus 58-61
0: mpibind: task  15 nths  3 gpus 15 cpus 62-63,65
0: mpibind: task  16 nths  3 gpus 16 cpus 66-68
0: mpibind: task  17 nths  3 gpus 17 cpus 69-71
0: mpibind: task  18 nths  3 gpus 18 cpus 73-76
0: mpibind: task  19 nths  3 gpus 19 cpus 77-79,81
0: mpibind: task  20 nths  3 gpus 20 cpus 82-85
0: mpibind: task  21 nths  3 gpus 21 cpus 86-87,89
0: mpibind: task  22 nths  3 gpus 22 cpus 90-92
0: mpibind: task  23 nths  3 gpus 23 cpus 93-95
0: 0.107s: flux-shell[9]: mpibind: 
0: mpibind: task   0 nths  3 gpus 0 cpus 1-4
0: mpibind: task   1 nths  3 gpus 1 cpus 5-7,9
0: mpibind: task   2 nths  3 gpus 2 cpus 10-13
0: mpibind: task   3 nths  3 gpus 3 cpus 14-15,17
0: mpibind: task   4 nths  3 gpus 4 cpus 18-20
0: mpibind: task   5 nths  3 gpus 5 cpus 21-23
0: mpibind: task   6 nths  3 gpus 6 cpus 25-28
0: mpibind: task   7 nths  3 gpus 7 cpus 29-31,33
0: mpibind: task   8 nths  3 gpus 8 cpus 34-37
0: mpibind: task   9 nths  3 gpus 9 cpus 38-39,41
0: mpibind: task  10 nths  3 gpus 10 cpus 42-44
0: mpibind: task  11 nths  3 gpus 11 cpus 45-47
0: mpibind: task  12 nths  3 gpus 12 cpus 49-52
0: mpibind: task  13 nths  3 gpus 13 cpus 53-55,57
0: mpibind: task  14 nths  3 gpus 14 cpus 58-61
0: mpibind: task  15 nths  3 gpus 15 cpus 62-63,65
0: mpibind: task  16 nths  3 gpus 16 cpus 66-68
0: mpibind: task  17 nths  3 gpus 17 cpus 69-71
0: mpibind: task  18 nths  3 gpus 18 cpus 73-76
0: mpibind: task  19 nths  3 gpus 19 cpus 77-79,81
0: mpibind: task  20 nths  3 gpus 20 cpus 82-85
0: mpibind: task  21 nths  3 gpus 21 cpus 86-87,89
0: mpibind: task  22 nths  3 gpus 22 cpus 90-92
0: mpibind: task  23 nths  3 gpus 23 cpus 93-95
0: 0.102s: flux-shell[6]: mpibind: 
0: mpibind: task   0 nths  3 gpus 0 cpus 1-4
0: mpibind: task   1 nths  3 gpus 1 cpus 5-7,9
0: mpibind: task   2 nths  3 gpus 2 cpus 10-13
0: mpibind: task   3 nths  3 gpus 3 cpus 14-15,17
0: mpibind: task   4 nths  3 gpus 4 cpus 18-20
0: mpibind: task   5 nths  3 gpus 5 cpus 21-23
0: mpibind: task   6 nths  3 gpus 6 cpus 25-28
0: mpibind: task   7 nths  3 gpus 7 cpus 29-31,33
0: mpibind: task   8 nths  3 gpus 8 cpus 34-37
0: mpibind: task   9 nths  3 gpus 9 cpus 38-39,41
0: mpibind: task  10 nths  3 gpus 10 cpus 42-44
0: mpibind: task  11 nths  3 gpus 11 cpus 45-47
0: mpibind: task  12 nths  3 gpus 12 cpus 49-52
0: mpibind: task  13 nths  3 gpus 13 cpus 53-55,57
0: mpibind: task  14 nths  3 gpus 14 cpus 58-61
0: mpibind: task  15 nths  3 gpus 15 cpus 62-63,65
0: mpibind: task  16 nths  3 gpus 16 cpus 66-68
0: mpibind: task  17 nths  3 gpus 17 cpus 69-71
0: mpibind: task  18 nths  3 gpus 18 cpus 73-76
0: mpibind: task  19 nths  3 gpus 19 cpus 77-79,81
0: mpibind: task  20 nths  3 gpus 20 cpus 82-85
0: mpibind: task  21 nths  3 gpus 21 cpus 86-87,89
0: mpibind: task  22 nths  3 gpus 22 cpus 90-92
0: mpibind: task  23 nths  3 gpus 23 cpus 93-95
0: 0.107s: flux-shell[8]: mpibind: 
0: mpibind: task   0 nths  3 gpus 0 cpus 1-4
0: mpibind: task   1 nths  3 gpus 1 cpus 5-7,9
0: mpibind: task   2 nths  3 gpus 2 cpus 10-13
0: mpibind: task   3 nths  3 gpus 3 cpus 14-15,17
0: mpibind: task   4 nths  3 gpus 4 cpus 18-20
0: mpibind: task   5 nths  3 gpus 5 cpus 21-23
0: mpibind: task   6 nths  3 gpus 6 cpus 25-28
0: mpibind: task   7 nths  3 gpus 7 cpus 29-31,33
0: mpibind: task   8 nths  3 gpus 8 cpus 34-37
0: mpibind: task   9 nths  3 gpus 9 cpus 38-39,41
0: mpibind: task  10 nths  3 gpus 10 cpus 42-44
0: mpibind: task  11 nths  3 gpus 11 cpus 45-47
0: mpibind: task  12 nths  3 gpus 12 cpus 49-52
0: mpibind: task  13 nths  3 gpus 13 cpus 53-55,57
0: mpibind: task  14 nths  3 gpus 14 cpus 58-61
0: mpibind: task  15 nths  3 gpus 15 cpus 62-63,65
0: mpibind: task  16 nths  3 gpus 16 cpus 66-68
0: mpibind: task  17 nths  3 gpus 17 cpus 69-71
0: mpibind: task  18 nths  3 gpus 18 cpus 73-76
0: mpibind: task  19 nths  3 gpus 19 cpus 77-79,81
0: mpibind: task  20 nths  3 gpus 20 cpus 82-85
0: mpibind: task  21 nths  3 gpus 21 cpus 86-87,89
0: mpibind: task  22 nths  3 gpus 22 cpus 90-92
0: mpibind: task  23 nths  3 gpus 23 cpus 93-95
0: 0.108s: flux-shell[13]: mpibind: 
0: mpibind: task   0 nths  3 gpus 0 cpus 1-4
0: mpibind: task   1 nths  3 gpus 1 cpus 5-7,9
0: mpibind: task   2 nths  3 gpus 2 cpus 10-13
0: mpibind: task   3 nths  3 gpus 3 cpus 14-15,17
0: mpibind: task   4 nths  3 gpus 4 cpus 18-20
0: mpibind: task   5 nths  3 gpus 5 cpus 21-23
0: mpibind: task   6 nths  3 gpus 6 cpus 25-28
0: mpibind: task   7 nths  3 gpus 7 cpus 29-31,33
0: mpibind: task   8 nths  3 gpus 8 cpus 34-37
0: mpibind: task   9 nths  3 gpus 9 cpus 38-39,41
0: mpibind: task  10 nths  3 gpus 10 cpus 42-44
0: mpibind: task  11 nths  3 gpus 11 cpus 45-47
0: mpibind: task  12 nths  3 gpus 12 cpus 49-52
0: mpibind: task  13 nths  3 gpus 13 cpus 53-55,57
0: mpibind: task  14 nths  3 gpus 14 cpus 58-61
0: mpibind: task  15 nths  3 gpus 15 cpus 62-63,65
0: mpibind: task  16 nths  3 gpus 16 cpus 66-68
0: mpibind: task  17 nths  3 gpus 17 cpus 69-71
0: mpibind: task  18 nths  3 gpus 18 cpus 73-76
0: mpibind: task  19 nths  3 gpus 19 cpus 77-79,81
0: mpibind: task  20 nths  3 gpus 20 cpus 82-85
0: mpibind: task  21 nths  3 gpus 21 cpus 86-87,89
0: mpibind: task  22 nths  3 gpus 22 cpus 90-92
0: mpibind: task  23 nths  3 gpus 23 cpus 93-95
0: 0.110s: flux-shell[11]: mpibind: 
0: mpibind: task   0 nths  3 gpus 0 cpus 1-4
0: mpibind: task   1 nths  3 gpus 1 cpus 5-7,9
0: mpibind: task   2 nths  3 gpus 2 cpus 10-13
0: mpibind: task   3 nths  3 gpus 3 cpus 14-15,17
0: mpibind: task   4 nths  3 gpus 4 cpus 18-20
0: mpibind: task   5 nths  3 gpus 5 cpus 21-23
0: mpibind: task   6 nths  3 gpus 6 cpus 25-28
0: mpibind: task   7 nths  3 gpus 7 cpus 29-31,33
0: mpibind: task   8 nths  3 gpus 8 cpus 34-37
0: mpibind: task   9 nths  3 gpus 9 cpus 38-39,41
0: mpibind: task  10 nths  3 gpus 10 cpus 42-44
0: mpibind: task  11 nths  3 gpus 11 cpus 45-47
0: mpibind: task  12 nths  3 gpus 12 cpus 49-52
0: mpibind: task  13 nths  3 gpus 13 cpus 53-55,57
0: mpibind: task  14 nths  3 gpus 14 cpus 58-61
0: mpibind: task  15 nths  3 gpus 15 cpus 62-63,65
0: mpibind: task  16 nths  3 gpus 16 cpus 66-68
0: mpibind: task  17 nths  3 gpus 17 cpus 69-71
0: mpibind: task  18 nths  3 gpus 18 cpus 73-76
0: mpibind: task  19 nths  3 gpus 19 cpus 77-79,81
0: mpibind: task  20 nths  3 gpus 20 cpus 82-85
0: mpibind: task  21 nths  3 gpus 21 cpus 86-87,89
0: mpibind: task  22 nths  3 gpus 22 cpus 90-92
0: mpibind: task  23 nths  3 gpus 23 cpus 93-95
0: 0.108s: flux-shell[15]: mpibind: 
0: mpibind: task   0 nths  3 gpus 0 cpus 1-4
0: mpibind: task   1 nths  3 gpus 1 cpus 5-7,9
0: mpibind: task   2 nths  3 gpus 2 cpus 10-13
0: mpibind: task   3 nths  3 gpus 3 cpus 14-15,17
0: mpibind: task   4 nths  3 gpus 4 cpus 18-20
0: mpibind: task   5 nths  3 gpus 5 cpus 21-23
0: mpibind: task   6 nths  3 gpus 6 cpus 25-28
0: mpibind: task   7 nths  3 gpus 7 cpus 29-31,33
0: mpibind: task   8 nths  3 gpus 8 cpus 34-37
0: mpibind: task   9 nths  3 gpus 9 cpus 38-39,41
0: mpibind: task  10 nths  3 gpus 10 cpus 42-44
0: mpibind: task  11 nths  3 gpus 11 cpus 45-47
0: mpibind: task  12 nths  3 gpus 12 cpus 49-52
0: mpibind: task  13 nths  3 gpus 13 cpus 53-55,57
0: mpibind: task  14 nths  3 gpus 14 cpus 58-61
0: mpibind: task  15 nths  3 gpus 15 cpus 62-63,65
0: mpibind: task  16 nths  3 gpus 16 cpus 66-68
0: mpibind: task  17 nths  3 gpus 17 cpus 69-71
0: mpibind: task  18 nths  3 gpus 18 cpus 73-76
0: mpibind: task  19 nths  3 gpus 19 cpus 77-79,81
0: mpibind: task  20 nths  3 gpus 20 cpus 82-85
0: mpibind: task  21 nths  3 gpus 21 cpus 86-87,89
0: mpibind: task  22 nths  3 gpus 22 cpus 90-92
0: mpibind: task  23 nths  3 gpus 23 cpus 93-95
0: 0.107s: flux-shell[14]: mpibind: 
0: mpibind: task   0 nths  3 gpus 0 cpus 1-4
0: mpibind: task   1 nths  3 gpus 1 cpus 5-7,9
0: mpibind: task   2 nths  3 gpus 2 cpus 10-13
0: mpibind: task   3 nths  3 gpus 3 cpus 14-15,17
0: mpibind: task   4 nths  3 gpus 4 cpus 18-20
0: mpibind: task   5 nths  3 gpus 5 cpus 21-23
0: mpibind: task   6 nths  3 gpus 6 cpus 25-28
0: mpibind: task   7 nths  3 gpus 7 cpus 29-31,33
0: mpibind: task   8 nths  3 gpus 8 cpus 34-37
0: mpibind: task   9 nths  3 gpus 9 cpus 38-39,41
0: mpibind: task  10 nths  3 gpus 10 cpus 42-44
0: mpibind: task  11 nths  3 gpus 11 cpus 45-47
0: mpibind: task  12 nths  3 gpus 12 cpus 49-52
0: mpibind: task  13 nths  3 gpus 13 cpus 53-55,57
0: mpibind: task  14 nths  3 gpus 14 cpus 58-61
0: mpibind: task  15 nths  3 gpus 15 cpus 62-63,65
0: mpibind: task  16 nths  3 gpus 16 cpus 66-68
0: mpibind: task  17 nths  3 gpus 17 cpus 69-71
0: mpibind: task  18 nths  3 gpus 18 cpus 73-76
0: mpibind: task  19 nths  3 gpus 19 cpus 77-79,81
0: mpibind: task  20 nths  3 gpus 20 cpus 82-85
0: mpibind: task  21 nths  3 gpus 21 cpus 86-87,89
0: mpibind: task  22 nths  3 gpus 22 cpus 90-92
0: mpibind: task  23 nths  3 gpus 23 cpus 93-95
0: jobid: fhpaG58K
0: 0.100s: flux-shell[1]: mpibind: 
0: mpibind: task   0 nths  3 gpus 0 cpus 1-4
0: mpibind: task   1 nths  3 gpus 1 cpus 5-7,9
0: mpibind: task   2 nths  3 gpus 2 cpus 10-13
0: mpibind: task   3 nths  3 gpus 3 cpus 14-15,17
0: mpibind: task   4 nths  3 gpus 4 cpus 18-20
0: mpibind: task   5 nths  3 gpus 5 cpus 21-23
0: mpibind: task   6 nths  3 gpus 6 cpus 25-28
0: mpibind: task   7 nths  3 gpus 7 cpus 29-31,33
0: mpibind: task   8 nths  3 gpus 8 cpus 34-37
0: mpibind: task   9 nths  3 gpus 9 cpus 38-39,41
0: mpibind: task  10 nths  3 gpus 10 cpus 42-44
0: mpibind: task  11 nths  3 gpus 11 cpus 45-47
0: mpibind: task  12 nths  3 gpus 12 cpus 49-52
0: mpibind: task  13 nths  3 gpus 13 cpus 53-55,57
0: mpibind: task  14 nths  3 gpus 14 cpus 58-61
0: mpibind: task  15 nths  3 gpus 15 cpus 62-63,65
0: mpibind: task  16 nths  3 gpus 16 cpus 66-68
0: mpibind: task  17 nths  3 gpus 17 cpus 69-71
0: mpibind: task  18 nths  3 gpus 18 cpus 73-76
0: mpibind: task  19 nths  3 gpus 19 cpus 77-79,81
0: mpibind: task  20 nths  3 gpus 20 cpus 82-85
0: mpibind: task  21 nths  3 gpus 21 cpus 86-87,89
0: mpibind: task  22 nths  3 gpus 22 cpus 90-92
0: mpibind: task  23 nths  3 gpus 23 cpus 93-95
0: 0.101s: flux-shell[2]: mpibind: 
0: mpibind: task   0 nths  3 gpus 0 cpus 1-4
0: mpibind: task   1 nths  3 gpus 1 cpus 5-7,9
0: mpibind: task   2 nths  3 gpus 2 cpus 10-13
0: mpibind: task   3 nths  3 gpus 3 cpus 14-15,17
0: mpibind: task   4 nths  3 gpus 4 cpus 18-20
0: mpibind: task   5 nths  3 gpus 5 cpus 21-23
0: mpibind: task   6 nths  3 gpus 6 cpus 25-28
0: mpibind: task   7 nths  3 gpus 7 cpus 29-31,33
0: mpibind: task   8 nths  3 gpus 8 cpus 34-37
0: mpibind: task   9 nths  3 gpus 9 cpus 38-39,41
0: mpibind: task  10 nths  3 gpus 10 cpus 42-44
0: mpibind: task  11 nths  3 gpus 11 cpus 45-47
0: mpibind: task  12 nths  3 gpus 12 cpus 49-52
0: mpibind: task  13 nths  3 gpus 13 cpus 53-55,57
0: mpibind: task  14 nths  3 gpus 14 cpus 58-61
0: mpibind: task  15 nths  3 gpus 15 cpus 62-63,65
0: mpibind: task  16 nths  3 gpus 16 cpus 66-68
0: mpibind: task  17 nths  3 gpus 17 cpus 69-71
0: mpibind: task  18 nths  3 gpus 18 cpus 73-76
0: mpibind: task  19 nths  3 gpus 19 cpus 77-79,81
0: mpibind: task  20 nths  3 gpus 20 cpus 82-85
0: mpibind: task  21 nths  3 gpus 21 cpus 86-87,89
0: mpibind: task  22 nths  3 gpus 22 cpus 90-92
0: mpibind: task  23 nths  3 gpus 23 cpus 93-95
0: 0.103s: flux-shell[3]: mpibind: 
0: mpibind: task   0 nths  3 gpus 0 cpus 1-4
0: mpibind: task   1 nths  3 gpus 1 cpus 5-7,9
0: mpibind: task   2 nths  3 gpus 2 cpus 10-13
0: mpibind: task   3 nths  3 gpus 3 cpus 14-15,17
0: mpibind: task   4 nths  3 gpus 4 cpus 18-20
0: mpibind: task   5 nths  3 gpus 5 cpus 21-23
0: mpibind: task   6 nths  3 gpus 6 cpus 25-28
0: mpibind: task   7 nths  3 gpus 7 cpus 29-31,33
0: mpibind: task   8 nths  3 gpus 8 cpus 34-37
0: mpibind: task   9 nths  3 gpus 9 cpus 38-39,41
0: mpibind: task  10 nths  3 gpus 10 cpus 42-44
0: mpibind: task  11 nths  3 gpus 11 cpus 45-47
0: mpibind: task  12 nths  3 gpus 12 cpus 49-52
0: mpibind: task  13 nths  3 gpus 13 cpus 53-55,57
0: mpibind: task  14 nths  3 gpus 14 cpus 58-61
0: mpibind: task  15 nths  3 gpus 15 cpus 62-63,65
0: mpibind: task  16 nths  3 gpus 16 cpus 66-68
0: mpibind: task  17 nths  3 gpus 17 cpus 69-71
0: mpibind: task  18 nths  3 gpus 18 cpus 73-76
0: mpibind: task  19 nths  3 gpus 19 cpus 77-79,81
0: mpibind: task  20 nths  3 gpus 20 cpus 82-85
0: mpibind: task  21 nths  3 gpus 21 cpus 86-87,89
0: mpibind: task  22 nths  3 gpus 22 cpus 90-92
0: mpibind: task  23 nths  3 gpus 23 cpus 93-95
0: 0.103s: flux-shell[4]: mpibind: 
0: mpibind: task   0 nths  3 gpus 0 cpus 1-4
0: mpibind: task   1 nths  3 gpus 1 cpus 5-7,9
0: mpibind: task   2 nths  3 gpus 2 cpus 10-13
0: mpibind: task   3 nths  3 gpus 3 cpus 14-15,17
0: mpibind: task   4 nths  3 gpus 4 cpus 18-20
0: mpibind: task   5 nths  3 gpus 5 cpus 21-23
0: mpibind: task   6 nths  3 gpus 6 cpus 25-28
0: mpibind: task   7 nths  3 gpus 7 cpus 29-31,33
0: mpibind: task   8 nths  3 gpus 8 cpus 34-37
0: mpibind: task   9 nths  3 gpus 9 cpus 38-39,41
0: mpibind: task  10 nths  3 gpus 10 cpus 42-44
0: mpibind: task  11 nths  3 gpus 11 cpus 45-47
0: mpibind: task  12 nths  3 gpus 12 cpus 49-52
0: mpibind: task  13 nths  3 gpus 13 cpus 53-55,57
0: mpibind: task  14 nths  3 gpus 14 cpus 58-61
0: mpibind: task  15 nths  3 gpus 15 cpus 62-63,65
0: mpibind: task  16 nths  3 gpus 16 cpus 66-68
0: mpibind: task  17 nths  3 gpus 17 cpus 69-71
0: mpibind: task  18 nths  3 gpus 18 cpus 73-76
0: mpibind: task  19 nths  3 gpus 19 cpus 77-79,81
0: mpibind: task  20 nths  3 gpus 20 cpus 82-85
0: mpibind: task  21 nths  3 gpus 21 cpus 86-87,89
0: mpibind: task  22 nths  3 gpus 22 cpus 90-92
0: mpibind: task  23 nths  3 gpus 23 cpus 93-95
0: 0.101s: flux-shell[5]: mpibind: 
0: mpibind: task   0 nths  3 gpus 0 cpus 1-4
0: mpibind: task   1 nths  3 gpus 1 cpus 5-7,9
0: mpibind: task   2 nths  3 gpus 2 cpus 10-13
0: mpibind: task   3 nths  3 gpus 3 cpus 14-15,17
0: mpibind: task   4 nths  3 gpus 4 cpus 18-20
0: mpibind: task   5 nths  3 gpus 5 cpus 21-23
0: mpibind: task   6 nths  3 gpus 6 cpus 25-28
0: mpibind: task   7 nths  3 gpus 7 cpus 29-31,33
0: mpibind: task   8 nths  3 gpus 8 cpus 34-37
0: mpibind: task   9 nths  3 gpus 9 cpus 38-39,41
0: mpibind: task  10 nths  3 gpus 10 cpus 42-44
0: mpibind: task  11 nths  3 gpus 11 cpus 45-47
0: mpibind: task  12 nths  3 gpus 12 cpus 49-52
0: mpibind: task  13 nths  3 gpus 13 cpus 53-55,57
0: mpibind: task  14 nths  3 gpus 14 cpus 58-61
0: mpibind: task  15 nths  3 gpus 15 cpus 62-63,65
0: mpibind: task  16 nths  3 gpus 16 cpus 66-68
0: mpibind: task  17 nths  3 gpus 17 cpus 69-71
0: mpibind: task  18 nths  3 gpus 18 cpus 73-76
0: mpibind: task  19 nths  3 gpus 19 cpus 77-79,81
0: mpibind: task  20 nths  3 gpus 20 cpus 82-85
0: mpibind: task  21 nths  3 gpus 21 cpus 86-87,89
0: mpibind: task  22 nths  3 gpus 22 cpus 90-92
0: mpibind: task  23 nths  3 gpus 23 cpus 93-95
0: 0.105s: flux-shell[7]: mpibind: 
0: mpibind: task   0 nths  3 gpus 0 cpus 1-4
0: mpibind: task   1 nths  3 gpus 1 cpus 5-7,9
0: mpibind: task   2 nths  3 gpus 2 cpus 10-13
0: mpibind: task   3 nths  3 gpus 3 cpus 14-15,17
0: mpibind: task   4 nths  3 gpus 4 cpus 18-20
0: mpibind: task   5 nths  3 gpus 5 cpus 21-23
0: mpibind: task   6 nths  3 gpus 6 cpus 25-28
0: mpibind: task   7 nths  3 gpus 7 cpus 29-31,33
0: mpibind: task   8 nths  3 gpus 8 cpus 34-37
0: mpibind: task   9 nths  3 gpus 9 cpus 38-39,41
0: mpibind: task  10 nths  3 gpus 10 cpus 42-44
0: mpibind: task  11 nths  3 gpus 11 cpus 45-47
0: mpibind: task  12 nths  3 gpus 12 cpus 49-52
0: mpibind: task  13 nths  3 gpus 13 cpus 53-55,57
0: mpibind: task  14 nths  3 gpus 14 cpus 58-61
0: mpibind: task  15 nths  3 gpus 15 cpus 62-63,65
0: mpibind: task  16 nths  3 gpus 16 cpus 66-68
0: mpibind: task  17 nths  3 gpus 17 cpus 69-71
0: mpibind: task  18 nths  3 gpus 18 cpus 73-76
0: mpibind: task  19 nths  3 gpus 19 cpus 77-79,81
0: mpibind: task  20 nths  3 gpus 20 cpus 82-85
0: mpibind: task  21 nths  3 gpus 21 cpus 86-87,89
0: mpibind: task  22 nths  3 gpus 22 cpus 90-92
0: mpibind: task  23 nths  3 gpus 23 cpus 93-95
0: 0.100s: flux-shell[0]: mpibind: 
0: mpibind: task   0 nths  3 gpus 0 cpus 1-4
0: mpibind: task   1 nths  3 gpus 1 cpus 5-7,9
0: mpibind: task   2 nths  3 gpus 2 cpus 10-13
0: mpibind: task   3 nths  3 gpus 3 cpus 14-15,17
0: mpibind: task   4 nths  3 gpus 4 cpus 18-20
0: mpibind: task   5 nths  3 gpus 5 cpus 21-23
0: mpibind: task   6 nths  3 gpus 6 cpus 25-28
0: mpibind: task   7 nths  3 gpus 7 cpus 29-31,33
0: mpibind: task   8 nths  3 gpus 8 cpus 34-37
0: mpibind: task   9 nths  3 gpus 9 cpus 38-39,41
0: mpibind: task  10 nths  3 gpus 10 cpus 42-44
0: mpibind: task  11 nths  3 gpus 11 cpus 45-47
0: mpibind: task  12 nths  3 gpus 12 cpus 49-52
0: mpibind: task  13 nths  3 gpus 13 cpus 53-55,57
0: mpibind: task  14 nths  3 gpus 14 cpus 58-61
0: mpibind: task  15 nths  3 gpus 15 cpus 62-63,65
0: mpibind: task  16 nths  3 gpus 16 cpus 66-68
0: mpibind: task  17 nths  3 gpus 17 cpus 69-71
0: mpibind: task  18 nths  3 gpus 18 cpus 73-76
0: mpibind: task  19 nths  3 gpus 19 cpus 77-79,81
0: mpibind: task  20 nths  3 gpus 20 cpus 82-85
0: mpibind: task  21 nths  3 gpus 21 cpus 86-87,89
0: mpibind: task  22 nths  3 gpus 22 cpus 90-92
0: mpibind: task  23 nths  3 gpus 23 cpus 93-95
0: 0.103s: flux-shell[15]: mpibind: 
0: mpibind: task   0 nths  3 gpus 0 cpus 1-4
0: mpibind: task   1 nths  3 gpus 1 cpus 5-7,9
0: mpibind: task   2 nths  3 gpus 2 cpus 10-13
0: mpibind: task   3 nths  3 gpus 3 cpus 14-15,17
0: mpibind: task   4 nths  3 gpus 4 cpus 18-20
0: mpibind: task   5 nths  3 gpus 5 cpus 21-23
0: mpibind: task   6 nths  3 gpus 6 cpus 25-28
0: mpibind: task   7 nths  3 gpus 7 cpus 29-31,33
0: mpibind: task   8 nths  3 gpus 8 cpus 34-37
0: mpibind: task   9 nths  3 gpus 9 cpus 38-39,41
0: mpibind: task  10 nths  3 gpus 10 cpus 42-44
0: mpibind: task  11 nths  3 gpus 11 cpus 45-47
0: mpibind: task  12 nths  3 gpus 12 cpus 49-52
0: mpibind: task  13 nths  3 gpus 13 cpus 53-55,57
0: mpibind: task  14 nths  3 gpus 14 cpus 58-61
0: mpibind: task  15 nths  3 gpus 15 cpus 62-63,65
0: mpibind: task  16 nths  3 gpus 16 cpus 66-68
0: mpibind: task  17 nths  3 gpus 17 cpus 69-71
0: mpibind: task  18 nths  3 gpus 18 cpus 73-76
0: mpibind: task  19 nths  3 gpus 19 cpus 77-79,81
0: mpibind: task  20 nths  3 gpus 20 cpus 82-85
0: mpibind: task  21 nths  3 gpus 21 cpus 86-87,89
0: mpibind: task  22 nths  3 gpus 22 cpus 90-92
0: mpibind: task  23 nths  3 gpus 23 cpus 93-95
0: 0.102s: flux-shell[6]: mpibind: 
0: mpibind: task   0 nths  3 gpus 0 cpus 1-4
0: mpibind: task   1 nths  3 gpus 1 cpus 5-7,9
0: mpibind: task   2 nths  3 gpus 2 cpus 10-13
0: mpibind: task   3 nths  3 gpus 3 cpus 14-15,17
0: mpibind: task   4 nths  3 gpus 4 cpus 18-20
0: mpibind: task   5 nths  3 gpus 5 cpus 21-23
0: mpibind: task   6 nths  3 gpus 6 cpus 25-28
0: mpibind: task   7 nths  3 gpus 7 cpus 29-31,33
0: mpibind: task   8 nths  3 gpus 8 cpus 34-37
0: mpibind: task   9 nths  3 gpus 9 cpus 38-39,41
0: mpibind: task  10 nths  3 gpus 10 cpus 42-44
0: mpibind: task  11 nths  3 gpus 11 cpus 45-47
0: mpibind: task  12 nths  3 gpus 12 cpus 49-52
0: mpibind: task  13 nths  3 gpus 13 cpus 53-55,57
0: mpibind: task  14 nths  3 gpus 14 cpus 58-61
0: mpibind: task  15 nths  3 gpus 15 cpus 62-63,65
0: mpibind: task  16 nths  3 gpus 16 cpus 66-68
0: mpibind: task  17 nths  3 gpus 17 cpus 69-71
0: mpibind: task  18 nths  3 gpus 18 cpus 73-76
0: mpibind: task  19 nths  3 gpus 19 cpus 77-79,81
0: mpibind: task  20 nths  3 gpus 20 cpus 82-85
0: mpibind: task  21 nths  3 gpus 21 cpus 86-87,89
0: mpibind: task  22 nths  3 gpus 22 cpus 90-92
0: mpibind: task  23 nths  3 gpus 23 cpus 93-95
0: 0.108s: flux-shell[9]: mpibind: 
0: mpibind: task   0 nths  3 gpus 0 cpus 1-4
0: mpibind: task   1 nths  3 gpus 1 cpus 5-7,9
0: mpibind: task   2 nths  3 gpus 2 cpus 10-13
0: mpibind: task   3 nths  3 gpus 3 cpus 14-15,17
0: mpibind: task   4 nths  3 gpus 4 cpus 18-20
0: mpibind: task   5 nths  3 gpus 5 cpus 21-23
0: mpibind: task   6 nths  3 gpus 6 cpus 25-28
0: mpibind: task   7 nths  3 gpus 7 cpus 29-31,33
0: mpibind: task   8 nths  3 gpus 8 cpus 34-37
0: mpibind: task   9 nths  3 gpus 9 cpus 38-39,41
0: mpibind: task  10 nths  3 gpus 10 cpus 42-44
0: mpibind: task  11 nths  3 gpus 11 cpus 45-47
0: mpibind: task  12 nths  3 gpus 12 cpus 49-52
0: mpibind: task  13 nths  3 gpus 13 cpus 53-55,57
0: mpibind: task  14 nths  3 gpus 14 cpus 58-61
0: mpibind: task  15 nths  3 gpus 15 cpus 62-63,65
0: mpibind: task  16 nths  3 gpus 16 cpus 66-68
0: mpibind: task  17 nths  3 gpus 17 cpus 69-71
0: mpibind: task  18 nths  3 gpus 18 cpus 73-76
0: mpibind: task  19 nths  3 gpus 19 cpus 77-79,81
0: mpibind: task  20 nths  3 gpus 20 cpus 82-85
0: mpibind: task  21 nths  3 gpus 21 cpus 86-87,89
0: mpibind: task  22 nths  3 gpus 22 cpus 90-92
0: mpibind: task  23 nths  3 gpus 23 cpus 93-95
0: 0.105s: flux-shell[10]: mpibind: 
0: mpibind: task   0 nths  3 gpus 0 cpus 1-4
0: mpibind: task   1 nths  3 gpus 1 cpus 5-7,9
0: mpibind: task   2 nths  3 gpus 2 cpus 10-13
0: mpibind: task   3 nths  3 gpus 3 cpus 14-15,17
0: mpibind: task   4 nths  3 gpus 4 cpus 18-20
0: mpibind: task   5 nths  3 gpus 5 cpus 21-23
0: mpibind: task   6 nths  3 gpus 6 cpus 25-28
0: mpibind: task   7 nths  3 gpus 7 cpus 29-31,33
0: mpibind: task   8 nths  3 gpus 8 cpus 34-37
0: mpibind: task   9 nths  3 gpus 9 cpus 38-39,41
0: mpibind: task  10 nths  3 gpus 10 cpus 42-44
0: mpibind: task  11 nths  3 gpus 11 cpus 45-47
0: mpibind: task  12 nths  3 gpus 12 cpus 49-52
0: mpibind: task  13 nths  3 gpus 13 cpus 53-55,57
0: mpibind: task  14 nths  3 gpus 14 cpus 58-61
0: mpibind: task  15 nths  3 gpus 15 cpus 62-63,65
0: mpibind: task  16 nths  3 gpus 16 cpus 66-68
0: mpibind: task  17 nths  3 gpus 17 cpus 69-71
0: mpibind: task  18 nths  3 gpus 18 cpus 73-76
0: mpibind: task  19 nths  3 gpus 19 cpus 77-79,81
0: mpibind: task  20 nths  3 gpus 20 cpus 82-85
0: mpibind: task  21 nths  3 gpus 21 cpus 86-87,89
0: mpibind: task  22 nths  3 gpus 22 cpus 90-92
0: mpibind: task  23 nths  3 gpus 23 cpus 93-95
0: 0.107s: flux-shell[8]: mpibind: 
0: mpibind: task   0 nths  3 gpus 0 cpus 1-4
0: mpibind: task   1 nths  3 gpus 1 cpus 5-7,9
0: mpibind: task   2 nths  3 gpus 2 cpus 10-13
0: mpibind: task   3 nths  3 gpus 3 cpus 14-15,17
0: mpibind: task   4 nths  3 gpus 4 cpus 18-20
0: mpibind: task   5 nths  3 gpus 5 cpus 21-23
0: mpibind: task   6 nths  3 gpus 6 cpus 25-28
0: mpibind: task   7 nths  3 gpus 7 cpus 29-31,33
0: mpibind: task   8 nths  3 gpus 8 cpus 34-37
0: mpibind: task   9 nths  3 gpus 9 cpus 38-39,41
0: mpibind: task  10 nths  3 gpus 10 cpus 42-44
0: mpibind: task  11 nths  3 gpus 11 cpus 45-47
0: mpibind: task  12 nths  3 gpus 12 cpus 49-52
0: mpibind: task  13 nths  3 gpus 13 cpus 53-55,57
0: mpibind: task  14 nths  3 gpus 14 cpus 58-61
0: mpibind: task  15 nths  3 gpus 15 cpus 62-63,65
0: mpibind: task  16 nths  3 gpus 16 cpus 66-68
0: mpibind: task  17 nths  3 gpus 17 cpus 69-71
0: mpibind: task  18 nths  3 gpus 18 cpus 73-76
0: mpibind: task  19 nths  3 gpus 19 cpus 77-79,81
0: mpibind: task  20 nths  3 gpus 20 cpus 82-85
0: mpibind: task  21 nths  3 gpus 21 cpus 86-87,89
0: mpibind: task  22 nths  3 gpus 22 cpus 90-92
0: mpibind: task  23 nths  3 gpus 23 cpus 93-95
0: 0.106s: flux-shell[13]: mpibind: 
0: mpibind: task   0 nths  3 gpus 0 cpus 1-4
0: mpibind: task   1 nths  3 gpus 1 cpus 5-7,9
0: mpibind: task   2 nths  3 gpus 2 cpus 10-13
0: mpibind: task   3 nths  3 gpus 3 cpus 14-15,17
0: mpibind: task   4 nths  3 gpus 4 cpus 18-20
0: mpibind: task   5 nths  3 gpus 5 cpus 21-23
0: mpibind: task   6 nths  3 gpus 6 cpus 25-28
0: mpibind: task   7 nths  3 gpus 7 cpus 29-31,33
0: mpibind: task   8 nths  3 gpus 8 cpus 34-37
0: mpibind: task   9 nths  3 gpus 9 cpus 38-39,41
0: mpibind: task  10 nths  3 gpus 10 cpus 42-44
0: mpibind: task  11 nths  3 gpus 11 cpus 45-47
0: mpibind: task  12 nths  3 gpus 12 cpus 49-52
0: mpibind: task  13 nths  3 gpus 13 cpus 53-55,57
0: mpibind: task  14 nths  3 gpus 14 cpus 58-61
0: mpibind: task  15 nths  3 gpus 15 cpus 62-63,65
0: mpibind: task  16 nths  3 gpus 16 cpus 66-68
0: mpibind: task  17 nths  3 gpus 17 cpus 69-71
0: mpibind: task  18 nths  3 gpus 18 cpus 73-76
0: mpibind: task  19 nths  3 gpus 19 cpus 77-79,81
0: mpibind: task  20 nths  3 gpus 20 cpus 82-85
0: mpibind: task  21 nths  3 gpus 21 cpus 86-87,89
0: mpibind: task  22 nths  3 gpus 22 cpus 90-92
0: mpibind: task  23 nths  3 gpus 23 cpus 93-95
0: 0.104s: flux-shell[12]: mpibind: 
0: mpibind: task   0 nths  3 gpus 0 cpus 1-4
0: mpibind: task   1 nths  3 gpus 1 cpus 5-7,9
0: mpibind: task   2 nths  3 gpus 2 cpus 10-13
0: mpibind: task   3 nths  3 gpus 3 cpus 14-15,17
0: mpibind: task   4 nths  3 gpus 4 cpus 18-20
0: mpibind: task   5 nths  3 gpus 5 cpus 21-23
0: mpibind: task   6 nths  3 gpus 6 cpus 25-28
0: mpibind: task   7 nths  3 gpus 7 cpus 29-31,33
0: mpibind: task   8 nths  3 gpus 8 cpus 34-37
0: mpibind: task   9 nths  3 gpus 9 cpus 38-39,41
0: mpibind: task  10 nths  3 gpus 10 cpus 42-44
0: mpibind: task  11 nths  3 gpus 11 cpus 45-47
0: mpibind: task  12 nths  3 gpus 12 cpus 49-52
0: mpibind: task  13 nths  3 gpus 13 cpus 53-55,57
0: mpibind: task  14 nths  3 gpus 14 cpus 58-61
0: mpibind: task  15 nths  3 gpus 15 cpus 62-63,65
0: mpibind: task  16 nths  3 gpus 16 cpus 66-68
0: mpibind: task  17 nths  3 gpus 17 cpus 69-71
0: mpibind: task  18 nths  3 gpus 18 cpus 73-76
0: mpibind: task  19 nths  3 gpus 19 cpus 77-79,81
0: mpibind: task  20 nths  3 gpus 20 cpus 82-85
0: mpibind: task  21 nths  3 gpus 21 cpus 86-87,89
0: mpibind: task  22 nths  3 gpus 22 cpus 90-92
0: mpibind: task  23 nths  3 gpus 23 cpus 93-95
0: 0.109s: flux-shell[11]: mpibind: 
0: mpibind: task   0 nths  3 gpus 0 cpus 1-4
0: mpibind: task   1 nths  3 gpus 1 cpus 5-7,9
0: mpibind: task   2 nths  3 gpus 2 cpus 10-13
0: mpibind: task   3 nths  3 gpus 3 cpus 14-15,17
0: mpibind: task   4 nths  3 gpus 4 cpus 18-20
0: mpibind: task   5 nths  3 gpus 5 cpus 21-23
0: mpibind: task   6 nths  3 gpus 6 cpus 25-28
0: mpibind: task   7 nths  3 gpus 7 cpus 29-31,33
0: mpibind: task   8 nths  3 gpus 8 cpus 34-37
0: mpibind: task   9 nths  3 gpus 9 cpus 38-39,41
0: mpibind: task  10 nths  3 gpus 10 cpus 42-44
0: mpibind: task  11 nths  3 gpus 11 cpus 45-47
0: mpibind: task  12 nths  3 gpus 12 cpus 49-52
0: mpibind: task  13 nths  3 gpus 13 cpus 53-55,57
0: mpibind: task  14 nths  3 gpus 14 cpus 58-61
0: mpibind: task  15 nths  3 gpus 15 cpus 62-63,65
0: mpibind: task  16 nths  3 gpus 16 cpus 66-68
0: mpibind: task  17 nths  3 gpus 17 cpus 69-71
0: mpibind: task  18 nths  3 gpus 18 cpus 73-76
0: mpibind: task  19 nths  3 gpus 19 cpus 77-79,81
0: mpibind: task  20 nths  3 gpus 20 cpus 82-85
0: mpibind: task  21 nths  3 gpus 21 cpus 86-87,89
0: mpibind: task  22 nths  3 gpus 22 cpus 90-92
0: mpibind: task  23 nths  3 gpus 23 cpus 93-95
0: 0.108s: flux-shell[14]: mpibind: 
0: mpibind: task   0 nths  3 gpus 0 cpus 1-4
0: mpibind: task   1 nths  3 gpus 1 cpus 5-7,9
0: mpibind: task   2 nths  3 gpus 2 cpus 10-13
0: mpibind: task   3 nths  3 gpus 3 cpus 14-15,17
0: mpibind: task   4 nths  3 gpus 4 cpus 18-20
0: mpibind: task   5 nths  3 gpus 5 cpus 21-23
0: mpibind: task   6 nths  3 gpus 6 cpus 25-28
0: mpibind: task   7 nths  3 gpus 7 cpus 29-31,33
0: mpibind: task   8 nths  3 gpus 8 cpus 34-37
0: mpibind: task   9 nths  3 gpus 9 cpus 38-39,41
0: mpibind: task  10 nths  3 gpus 10 cpus 42-44
0: mpibind: task  11 nths  3 gpus 11 cpus 45-47
0: mpibind: task  12 nths  3 gpus 12 cpus 49-52
0: mpibind: task  13 nths  3 gpus 13 cpus 53-55,57
0: mpibind: task  14 nths  3 gpus 14 cpus 58-61
0: mpibind: task  15 nths  3 gpus 15 cpus 62-63,65
0: mpibind: task  16 nths  3 gpus 16 cpus 66-68
0: mpibind: task  17 nths  3 gpus 17 cpus 69-71
0: mpibind: task  18 nths  3 gpus 18 cpus 73-76
0: mpibind: task  19 nths  3 gpus 19 cpus 77-79,81
0: mpibind: task  20 nths  3 gpus 20 cpus 82-85
0: mpibind: task  21 nths  3 gpus 21 cpus 86-87,89
0: mpibind: task  22 nths  3 gpus 22 cpus 90-92
0: mpibind: task  23 nths  3 gpus 23 cpus 93-95
0: jobid: frn42RJF
0: 0.105s: flux-shell[2]: mpibind: 
0: mpibind: task   0 nths  3 gpus 0 cpus 1-4
0: mpibind: task   1 nths  3 gpus 1 cpus 5-7,9
0: mpibind: task   2 nths  3 gpus 2 cpus 10-13
0: mpibind: task   3 nths  3 gpus 3 cpus 14-15,17
0: mpibind: task   4 nths  3 gpus 4 cpus 18-20
0: mpibind: task   5 nths  3 gpus 5 cpus 21-23
0: mpibind: task   6 nths  3 gpus 6 cpus 25-28
0: mpibind: task   7 nths  3 gpus 7 cpus 29-31,33
0: mpibind: task   8 nths  3 gpus 8 cpus 34-37
0: mpibind: task   9 nths  3 gpus 9 cpus 38-39,41
0: mpibind: task  10 nths  3 gpus 10 cpus 42-44
0: mpibind: task  11 nths  3 gpus 11 cpus 45-47
0: mpibind: task  12 nths  3 gpus 12 cpus 49-52
0: mpibind: task  13 nths  3 gpus 13 cpus 53-55,57
0: mpibind: task  14 nths  3 gpus 14 cpus 58-61
0: mpibind: task  15 nths  3 gpus 15 cpus 62-63,65
0: mpibind: task  16 nths  3 gpus 16 cpus 66-68
0: mpibind: task  17 nths  3 gpus 17 cpus 69-71
0: mpibind: task  18 nths  3 gpus 18 cpus 73-76
0: mpibind: task  19 nths  3 gpus 19 cpus 77-79,81
0: mpibind: task  20 nths  3 gpus 20 cpus 82-85
0: mpibind: task  21 nths  3 gpus 21 cpus 86-87,89
0: mpibind: task  22 nths  3 gpus 22 cpus 90-92
0: mpibind: task  23 nths  3 gpus 23 cpus 93-95
0: 0.110s: flux-shell[1]: mpibind: 
0: mpibind: task   0 nths  3 gpus 0 cpus 1-4
0: mpibind: task   1 nths  3 gpus 1 cpus 5-7,9
0: mpibind: task   2 nths  3 gpus 2 cpus 10-13
0: mpibind: task   3 nths  3 gpus 3 cpus 14-15,17
0: mpibind: task   4 nths  3 gpus 4 cpus 18-20
0: mpibind: task   5 nths  3 gpus 5 cpus 21-23
0: mpibind: task   6 nths  3 gpus 6 cpus 25-28
0: mpibind: task   7 nths  3 gpus 7 cpus 29-31,33
0: mpibind: task   8 nths  3 gpus 8 cpus 34-37
0: mpibind: task   9 nths  3 gpus 9 cpus 38-39,41
0: mpibind: task  10 nths  3 gpus 10 cpus 42-44
0: mpibind: task  11 nths  3 gpus 11 cpus 45-47
0: mpibind: task  12 nths  3 gpus 12 cpus 49-52
0: mpibind: task  13 nths  3 gpus 13 cpus 53-55,57
0: mpibind: task  14 nths  3 gpus 14 cpus 58-61
0: mpibind: task  15 nths  3 gpus 15 cpus 62-63,65
0: mpibind: task  16 nths  3 gpus 16 cpus 66-68
0: mpibind: task  17 nths  3 gpus 17 cpus 69-71
0: mpibind: task  18 nths  3 gpus 18 cpus 73-76
0: mpibind: task  19 nths  3 gpus 19 cpus 77-79,81
0: mpibind: task  20 nths  3 gpus 20 cpus 82-85
0: mpibind: task  21 nths  3 gpus 21 cpus 86-87,89
0: mpibind: task  22 nths  3 gpus 22 cpus 90-92
0: mpibind: task  23 nths  3 gpus 23 cpus 93-95
0: 0.110s: flux-shell[4]: mpibind: 
0: mpibind: task   0 nths  3 gpus 0 cpus 1-4
0: mpibind: task   1 nths  3 gpus 1 cpus 5-7,9
0: mpibind: task   2 nths  3 gpus 2 cpus 10-13
0: mpibind: task   3 nths  3 gpus 3 cpus 14-15,17
0: mpibind: task   4 nths  3 gpus 4 cpus 18-20
0: mpibind: task   5 nths  3 gpus 5 cpus 21-23
0: mpibind: task   6 nths  3 gpus 6 cpus 25-28
0: mpibind: task   7 nths  3 gpus 7 cpus 29-31,33
0: mpibind: task   8 nths  3 gpus 8 cpus 34-37
0: mpibind: task   9 nths  3 gpus 9 cpus 38-39,41
0: mpibind: task  10 nths  3 gpus 10 cpus 42-44
0: mpibind: task  11 nths  3 gpus 11 cpus 45-47
0: mpibind: task  12 nths  3 gpus 12 cpus 49-52
0: mpibind: task  13 nths  3 gpus 13 cpus 53-55,57
0: mpibind: task  14 nths  3 gpus 14 cpus 58-61
0: mpibind: task  15 nths  3 gpus 15 cpus 62-63,65
0: mpibind: task  16 nths  3 gpus 16 cpus 66-68
0: mpibind: task  17 nths  3 gpus 17 cpus 69-71
0: mpibind: task  18 nths  3 gpus 18 cpus 73-76
0: mpibind: task  19 nths  3 gpus 19 cpus 77-79,81
0: mpibind: task  20 nths  3 gpus 20 cpus 82-85
0: mpibind: task  21 nths  3 gpus 21 cpus 86-87,89
0: mpibind: task  22 nths  3 gpus 22 cpus 90-92
0: mpibind: task  23 nths  3 gpus 23 cpus 93-95
0: 0.099s: flux-shell[0]: mpibind: 
0: mpibind: task   0 nths  3 gpus 0 cpus 1-4
0: mpibind: task   1 nths  3 gpus 1 cpus 5-7,9
0: mpibind: task   2 nths  3 gpus 2 cpus 10-13
0: mpibind: task   3 nths  3 gpus 3 cpus 14-15,17
0: mpibind: task   4 nths  3 gpus 4 cpus 18-20
0: mpibind: task   5 nths  3 gpus 5 cpus 21-23
0: mpibind: task   6 nths  3 gpus 6 cpus 25-28
0: mpibind: task   7 nths  3 gpus 7 cpus 29-31,33
0: mpibind: task   8 nths  3 gpus 8 cpus 34-37
0: mpibind: task   9 nths  3 gpus 9 cpus 38-39,41
0: mpibind: task  10 nths  3 gpus 10 cpus 42-44
0: mpibind: task  11 nths  3 gpus 11 cpus 45-47
0: mpibind: task  12 nths  3 gpus 12 cpus 49-52
0: mpibind: task  13 nths  3 gpus 13 cpus 53-55,57
0: mpibind: task  14 nths  3 gpus 14 cpus 58-61
0: mpibind: task  15 nths  3 gpus 15 cpus 62-63,65
0: mpibind: task  16 nths  3 gpus 16 cpus 66-68
0: mpibind: task  17 nths  3 gpus 17 cpus 69-71
0: mpibind: task  18 nths  3 gpus 18 cpus 73-76
0: mpibind: task  19 nths  3 gpus 19 cpus 77-79,81
0: mpibind: task  20 nths  3 gpus 20 cpus 82-85
0: mpibind: task  21 nths  3 gpus 21 cpus 86-87,89
0: mpibind: task  22 nths  3 gpus 22 cpus 90-92
0: mpibind: task  23 nths  3 gpus 23 cpus 93-95
0: 0.117s: flux-shell[11]: mpibind: 
0: mpibind: task   0 nths  3 gpus 0 cpus 1-4
0: mpibind: task   1 nths  3 gpus 1 cpus 5-7,9
0: mpibind: task   2 nths  3 gpus 2 cpus 10-13
0: mpibind: task   3 nths  3 gpus 3 cpus 14-15,17
0: mpibind: task   4 nths  3 gpus 4 cpus 18-20
0: mpibind: task   5 nths  3 gpus 5 cpus 21-23
0: mpibind: task   6 nths  3 gpus 6 cpus 25-28
0: mpibind: task   7 nths  3 gpus 7 cpus 29-31,33
0: mpibind: task   8 nths  3 gpus 8 cpus 34-37
0: mpibind: task   9 nths  3 gpus 9 cpus 38-39,41
0: mpibind: task  10 nths  3 gpus 10 cpus 42-44
0: mpibind: task  11 nths  3 gpus 11 cpus 45-47
0: mpibind: task  12 nths  3 gpus 12 cpus 49-52
0: mpibind: task  13 nths  3 gpus 13 cpus 53-55,57
0: mpibind: task  14 nths  3 gpus 14 cpus 58-61
0: mpibind: task  15 nths  3 gpus 15 cpus 62-63,65
0: mpibind: task  16 nths  3 gpus 16 cpus 66-68
0: mpibind: task  17 nths  3 gpus 17 cpus 69-71
0: mpibind: task  18 nths  3 gpus 18 cpus 73-76
0: mpibind: task  19 nths  3 gpus 19 cpus 77-79,81
0: mpibind: task  20 nths  3 gpus 20 cpus 82-85
0: mpibind: task  21 nths  3 gpus 21 cpus 86-87,89
0: mpibind: task  22 nths  3 gpus 22 cpus 90-92
0: mpibind: task  23 nths  3 gpus 23 cpus 93-95
0: 0.109s: flux-shell[3]: mpibind: 
0: mpibind: task   0 nths  3 gpus 0 cpus 1-4
0: mpibind: task   1 nths  3 gpus 1 cpus 5-7,9
0: mpibind: task   2 nths  3 gpus 2 cpus 10-13
0: mpibind: task   3 nths  3 gpus 3 cpus 14-15,17
0: mpibind: task   4 nths  3 gpus 4 cpus 18-20
0: mpibind: task   5 nths  3 gpus 5 cpus 21-23
0: mpibind: task   6 nths  3 gpus 6 cpus 25-28
0: mpibind: task   7 nths  3 gpus 7 cpus 29-31,33
0: mpibind: task   8 nths  3 gpus 8 cpus 34-37
0: mpibind: task   9 nths  3 gpus 9 cpus 38-39,41
0: mpibind: task  10 nths  3 gpus 10 cpus 42-44
0: mpibind: task  11 nths  3 gpus 11 cpus 45-47
0: mpibind: task  12 nths  3 gpus 12 cpus 49-52
0: mpibind: task  13 nths  3 gpus 13 cpus 53-55,57
0: mpibind: task  14 nths  3 gpus 14 cpus 58-61
0: mpibind: task  15 nths  3 gpus 15 cpus 62-63,65
0: mpibind: task  16 nths  3 gpus 16 cpus 66-68
0: mpibind: task  17 nths  3 gpus 17 cpus 69-71
0: mpibind: task  18 nths  3 gpus 18 cpus 73-76
0: mpibind: task  19 nths  3 gpus 19 cpus 77-79,81
0: mpibind: task  20 nths  3 gpus 20 cpus 82-85
0: mpibind: task  21 nths  3 gpus 21 cpus 86-87,89
0: mpibind: task  22 nths  3 gpus 22 cpus 90-92
0: mpibind: task  23 nths  3 gpus 23 cpus 93-95
0: 0.114s: flux-shell[5]: mpibind: 
0: mpibind: task   0 nths  3 gpus 0 cpus 1-4
0: mpibind: task   1 nths  3 gpus 1 cpus 5-7,9
0: mpibind: task   2 nths  3 gpus 2 cpus 10-13
0: mpibind: task   3 nths  3 gpus 3 cpus 14-15,17
0: mpibind: task   4 nths  3 gpus 4 cpus 18-20
0: mpibind: task   5 nths  3 gpus 5 cpus 21-23
0: mpibind: task   6 nths  3 gpus 6 cpus 25-28
0: mpibind: task   7 nths  3 gpus 7 cpus 29-31,33
0: mpibind: task   8 nths  3 gpus 8 cpus 34-37
0: mpibind: task   9 nths  3 gpus 9 cpus 38-39,41
0: mpibind: task  10 nths  3 gpus 10 cpus 42-44
0: mpibind: task  11 nths  3 gpus 11 cpus 45-47
0: mpibind: task  12 nths  3 gpus 12 cpus 49-52
0: mpibind: task  13 nths  3 gpus 13 cpus 53-55,57
0: mpibind: task  14 nths  3 gpus 14 cpus 58-61
0: mpibind: task  15 nths  3 gpus 15 cpus 62-63,65
0: mpibind: task  16 nths  3 gpus 16 cpus 66-68
0: mpibind: task  17 nths  3 gpus 17 cpus 69-71
0: mpibind: task  18 nths  3 gpus 18 cpus 73-76
0: mpibind: task  19 nths  3 gpus 19 cpus 77-79,81
0: mpibind: task  20 nths  3 gpus 20 cpus 82-85
0: mpibind: task  21 nths  3 gpus 21 cpus 86-87,89
0: mpibind: task  22 nths  3 gpus 22 cpus 90-92
0: mpibind: task  23 nths  3 gpus 23 cpus 93-95
0: 0.110s: flux-shell[8]: mpibind: 
0: mpibind: task   0 nths  3 gpus 0 cpus 1-4
0: mpibind: task   1 nths  3 gpus 1 cpus 5-7,9
0: mpibind: task   2 nths  3 gpus 2 cpus 10-13
0: mpibind: task   3 nths  3 gpus 3 cpus 14-15,17
0: mpibind: task   4 nths  3 gpus 4 cpus 18-20
0: mpibind: task   5 nths  3 gpus 5 cpus 21-23
0: mpibind: task   6 nths  3 gpus 6 cpus 25-28
0: mpibind: task   7 nths  3 gpus 7 cpus 29-31,33
0: mpibind: task   8 nths  3 gpus 8 cpus 34-37
0: mpibind: task   9 nths  3 gpus 9 cpus 38-39,41
0: mpibind: task  10 nths  3 gpus 10 cpus 42-44
0: mpibind: task  11 nths  3 gpus 11 cpus 45-47
0: mpibind: task  12 nths  3 gpus 12 cpus 49-52
0: mpibind: task  13 nths  3 gpus 13 cpus 53-55,57
0: mpibind: task  14 nths  3 gpus 14 cpus 58-61
0: mpibind: task  15 nths  3 gpus 15 cpus 62-63,65
0: mpibind: task  16 nths  3 gpus 16 cpus 66-68
0: mpibind: task  17 nths  3 gpus 17 cpus 69-71
0: mpibind: task  18 nths  3 gpus 18 cpus 73-76
0: mpibind: task  19 nths  3 gpus 19 cpus 77-79,81
0: mpibind: task  20 nths  3 gpus 20 cpus 82-85
0: mpibind: task  21 nths  3 gpus 21 cpus 86-87,89
0: mpibind: task  22 nths  3 gpus 22 cpus 90-92
0: mpibind: task  23 nths  3 gpus 23 cpus 93-95
0: 0.114s: flux-shell[7]: mpibind: 
0: mpibind: task   0 nths  3 gpus 0 cpus 1-4
0: mpibind: task   1 nths  3 gpus 1 cpus 5-7,9
0: mpibind: task   2 nths  3 gpus 2 cpus 10-13
0: mpibind: task   3 nths  3 gpus 3 cpus 14-15,17
0: mpibind: task   4 nths  3 gpus 4 cpus 18-20
0: mpibind: task   5 nths  3 gpus 5 cpus 21-23
0: mpibind: task   6 nths  3 gpus 6 cpus 25-28
0: mpibind: task   7 nths  3 gpus 7 cpus 29-31,33
0: mpibind: task   8 nths  3 gpus 8 cpus 34-37
0: mpibind: task   9 nths  3 gpus 9 cpus 38-39,41
0: mpibind: task  10 nths  3 gpus 10 cpus 42-44
0: mpibind: task  11 nths  3 gpus 11 cpus 45-47
0: mpibind: task  12 nths  3 gpus 12 cpus 49-52
0: mpibind: task  13 nths  3 gpus 13 cpus 53-55,57
0: mpibind: task  14 nths  3 gpus 14 cpus 58-61
0: mpibind: task  15 nths  3 gpus 15 cpus 62-63,65
0: mpibind: task  16 nths  3 gpus 16 cpus 66-68
0: mpibind: task  17 nths  3 gpus 17 cpus 69-71
0: mpibind: task  18 nths  3 gpus 18 cpus 73-76
0: mpibind: task  19 nths  3 gpus 19 cpus 77-79,81
0: mpibind: task  20 nths  3 gpus 20 cpus 82-85
0: mpibind: task  21 nths  3 gpus 21 cpus 86-87,89
0: mpibind: task  22 nths  3 gpus 22 cpus 90-92
0: mpibind: task  23 nths  3 gpus 23 cpus 93-95
0: 0.111s: flux-shell[6]: mpibind: 
0: mpibind: task   0 nths  3 gpus 0 cpus 1-4
0: mpibind: task   1 nths  3 gpus 1 cpus 5-7,9
0: mpibind: task   2 nths  3 gpus 2 cpus 10-13
0: mpibind: task   3 nths  3 gpus 3 cpus 14-15,17
0: mpibind: task   4 nths  3 gpus 4 cpus 18-20
0: mpibind: task   5 nths  3 gpus 5 cpus 21-23
0: mpibind: task   6 nths  3 gpus 6 cpus 25-28
0: mpibind: task   7 nths  3 gpus 7 cpus 29-31,33
0: mpibind: task   8 nths  3 gpus 8 cpus 34-37
0: mpibind: task   9 nths  3 gpus 9 cpus 38-39,41
0: mpibind: task  10 nths  3 gpus 10 cpus 42-44
0: mpibind: task  11 nths  3 gpus 11 cpus 45-47
0: mpibind: task  12 nths  3 gpus 12 cpus 49-52
0: mpibind: task  13 nths  3 gpus 13 cpus 53-55,57
0: mpibind: task  14 nths  3 gpus 14 cpus 58-61
0: mpibind: task  15 nths  3 gpus 15 cpus 62-63,65
0: mpibind: task  16 nths  3 gpus 16 cpus 66-68
0: mpibind: task  17 nths  3 gpus 17 cpus 69-71
0: mpibind: task  18 nths  3 gpus 18 cpus 73-76
0: mpibind: task  19 nths  3 gpus 19 cpus 77-79,81
0: mpibind: task  20 nths  3 gpus 20 cpus 82-85
0: mpibind: task  21 nths  3 gpus 21 cpus 86-87,89
0: mpibind: task  22 nths  3 gpus 22 cpus 90-92
0: mpibind: task  23 nths  3 gpus 23 cpus 93-95
0: 0.114s: flux-shell[9]: mpibind: 
0: mpibind: task   0 nths  3 gpus 0 cpus 1-4
0: mpibind: task   1 nths  3 gpus 1 cpus 5-7,9
0: mpibind: task   2 nths  3 gpus 2 cpus 10-13
0: mpibind: task   3 nths  3 gpus 3 cpus 14-15,17
0: mpibind: task   4 nths  3 gpus 4 cpus 18-20
0: mpibind: task   5 nths  3 gpus 5 cpus 21-23
0: mpibind: task   6 nths  3 gpus 6 cpus 25-28
0: mpibind: task   7 nths  3 gpus 7 cpus 29-31,33
0: mpibind: task   8 nths  3 gpus 8 cpus 34-37
0: mpibind: task   9 nths  3 gpus 9 cpus 38-39,41
0: mpibind: task  10 nths  3 gpus 10 cpus 42-44
0: mpibind: task  11 nths  3 gpus 11 cpus 45-47
0: mpibind: task  12 nths  3 gpus 12 cpus 49-52
0: mpibind: task  13 nths  3 gpus 13 cpus 53-55,57
0: mpibind: task  14 nths  3 gpus 14 cpus 58-61
0: mpibind: task  15 nths  3 gpus 15 cpus 62-63,65
0: mpibind: task  16 nths  3 gpus 16 cpus 66-68
0: mpibind: task  17 nths  3 gpus 17 cpus 69-71
0: mpibind: task  18 nths  3 gpus 18 cpus 73-76
0: mpibind: task  19 nths  3 gpus 19 cpus 77-79,81
0: mpibind: task  20 nths  3 gpus 20 cpus 82-85
0: mpibind: task  21 nths  3 gpus 21 cpus 86-87,89
0: mpibind: task  22 nths  3 gpus 22 cpus 90-92
0: mpibind: task  23 nths  3 gpus 23 cpus 93-95
0: 0.104s: flux-shell[10]: mpibind: 
0: mpibind: task   0 nths  3 gpus 0 cpus 1-4
0: mpibind: task   1 nths  3 gpus 1 cpus 5-7,9
0: mpibind: task   2 nths  3 gpus 2 cpus 10-13
0: mpibind: task   3 nths  3 gpus 3 cpus 14-15,17
0: mpibind: task   4 nths  3 gpus 4 cpus 18-20
0: mpibind: task   5 nths  3 gpus 5 cpus 21-23
0: mpibind: task   6 nths  3 gpus 6 cpus 25-28
0: mpibind: task   7 nths  3 gpus 7 cpus 29-31,33
0: mpibind: task   8 nths  3 gpus 8 cpus 34-37
0: mpibind: task   9 nths  3 gpus 9 cpus 38-39,41
0: mpibind: task  10 nths  3 gpus 10 cpus 42-44
0: mpibind: task  11 nths  3 gpus 11 cpus 45-47
0: mpibind: task  12 nths  3 gpus 12 cpus 49-52
0: mpibind: task  13 nths  3 gpus 13 cpus 53-55,57
0: mpibind: task  14 nths  3 gpus 14 cpus 58-61
0: mpibind: task  15 nths  3 gpus 15 cpus 62-63,65
0: mpibind: task  16 nths  3 gpus 16 cpus 66-68
0: mpibind: task  17 nths  3 gpus 17 cpus 69-71
0: mpibind: task  18 nths  3 gpus 18 cpus 73-76
0: mpibind: task  19 nths  3 gpus 19 cpus 77-79,81
0: mpibind: task  20 nths  3 gpus 20 cpus 82-85
0: mpibind: task  21 nths  3 gpus 21 cpus 86-87,89
0: mpibind: task  22 nths  3 gpus 22 cpus 90-92
0: mpibind: task  23 nths  3 gpus 23 cpus 93-95
0: 0.115s: flux-shell[13]: mpibind: 
0: mpibind: task   0 nths  3 gpus 0 cpus 1-4
0: mpibind: task   1 nths  3 gpus 1 cpus 5-7,9
0: mpibind: task   2 nths  3 gpus 2 cpus 10-13
0: mpibind: task   3 nths  3 gpus 3 cpus 14-15,17
0: mpibind: task   4 nths  3 gpus 4 cpus 18-20
0: mpibind: task   5 nths  3 gpus 5 cpus 21-23
0: mpibind: task   6 nths  3 gpus 6 cpus 25-28
0: mpibind: task   7 nths  3 gpus 7 cpus 29-31,33
0: mpibind: task   8 nths  3 gpus 8 cpus 34-37
0: mpibind: task   9 nths  3 gpus 9 cpus 38-39,41
0: mpibind: task  10 nths  3 gpus 10 cpus 42-44
0: mpibind: task  11 nths  3 gpus 11 cpus 45-47
0: mpibind: task  12 nths  3 gpus 12 cpus 49-52
0: mpibind: task  13 nths  3 gpus 13 cpus 53-55,57
0: mpibind: task  14 nths  3 gpus 14 cpus 58-61
0: mpibind: task  15 nths  3 gpus 15 cpus 62-63,65
0: mpibind: task  16 nths  3 gpus 16 cpus 66-68
0: mpibind: task  17 nths  3 gpus 17 cpus 69-71
0: mpibind: task  18 nths  3 gpus 18 cpus 73-76
0: mpibind: task  19 nths  3 gpus 19 cpus 77-79,81
0: mpibind: task  20 nths  3 gpus 20 cpus 82-85
0: mpibind: task  21 nths  3 gpus 21 cpus 86-87,89
0: mpibind: task  22 nths  3 gpus 22 cpus 90-92
0: mpibind: task  23 nths  3 gpus 23 cpus 93-95
0: 0.113s: flux-shell[12]: mpibind: 
0: mpibind: task   0 nths  3 gpus 0 cpus 1-4
0: mpibind: task   1 nths  3 gpus 1 cpus 5-7,9
0: mpibind: task   2 nths  3 gpus 2 cpus 10-13
0: mpibind: task   3 nths  3 gpus 3 cpus 14-15,17
0: mpibind: task   4 nths  3 gpus 4 cpus 18-20
0: mpibind: task   5 nths  3 gpus 5 cpus 21-23
0: mpibind: task   6 nths  3 gpus 6 cpus 25-28
0: mpibind: task   7 nths  3 gpus 7 cpus 29-31,33
0: mpibind: task   8 nths  3 gpus 8 cpus 34-37
0: mpibind: task   9 nths  3 gpus 9 cpus 38-39,41
0: mpibind: task  10 nths  3 gpus 10 cpus 42-44
0: mpibind: task  11 nths  3 gpus 11 cpus 45-47
0: mpibind: task  12 nths  3 gpus 12 cpus 49-52
0: mpibind: task  13 nths  3 gpus 13 cpus 53-55,57
0: mpibind: task  14 nths  3 gpus 14 cpus 58-61
0: mpibind: task  15 nths  3 gpus 15 cpus 62-63,65
0: mpibind: task  16 nths  3 gpus 16 cpus 66-68
0: mpibind: task  17 nths  3 gpus 17 cpus 69-71
0: mpibind: task  18 nths  3 gpus 18 cpus 73-76
0: mpibind: task  19 nths  3 gpus 19 cpus 77-79,81
0: mpibind: task  20 nths  3 gpus 20 cpus 82-85
0: mpibind: task  21 nths  3 gpus 21 cpus 86-87,89
0: mpibind: task  22 nths  3 gpus 22 cpus 90-92
0: mpibind: task  23 nths  3 gpus 23 cpus 93-95
0: 0.110s: flux-shell[15]: mpibind: 
0: mpibind: task   0 nths  3 gpus 0 cpus 1-4
0: mpibind: task   1 nths  3 gpus 1 cpus 5-7,9
0: mpibind: task   2 nths  3 gpus 2 cpus 10-13
0: mpibind: task   3 nths  3 gpus 3 cpus 14-15,17
0: mpibind: task   4 nths  3 gpus 4 cpus 18-20
0: mpibind: task   5 nths  3 gpus 5 cpus 21-23
0: mpibind: task   6 nths  3 gpus 6 cpus 25-28
0: mpibind: task   7 nths  3 gpus 7 cpus 29-31,33
0: mpibind: task   8 nths  3 gpus 8 cpus 34-37
0: mpibind: task   9 nths  3 gpus 9 cpus 38-39,41
0: mpibind: task  10 nths  3 gpus 10 cpus 42-44
0: mpibind: task  11 nths  3 gpus 11 cpus 45-47
0: mpibind: task  12 nths  3 gpus 12 cpus 49-52
0: mpibind: task  13 nths  3 gpus 13 cpus 53-55,57
0: mpibind: task  14 nths  3 gpus 14 cpus 58-61
0: mpibind: task  15 nths  3 gpus 15 cpus 62-63,65
0: mpibind: task  16 nths  3 gpus 16 cpus 66-68
0: mpibind: task  17 nths  3 gpus 17 cpus 69-71
0: mpibind: task  18 nths  3 gpus 18 cpus 73-76
0: mpibind: task  19 nths  3 gpus 19 cpus 77-79,81
0: mpibind: task  20 nths  3 gpus 20 cpus 82-85
0: mpibind: task  21 nths  3 gpus 21 cpus 86-87,89
0: mpibind: task  22 nths  3 gpus 22 cpus 90-92
0: mpibind: task  23 nths  3 gpus 23 cpus 93-95
0: 0.111s: flux-shell[14]: mpibind: 
0: mpibind: task   0 nths  3 gpus 0 cpus 1-4
0: mpibind: task   1 nths  3 gpus 1 cpus 5-7,9
0: mpibind: task   2 nths  3 gpus 2 cpus 10-13
0: mpibind: task   3 nths  3 gpus 3 cpus 14-15,17
0: mpibind: task   4 nths  3 gpus 4 cpus 18-20
0: mpibind: task   5 nths  3 gpus 5 cpus 21-23
0: mpibind: task   6 nths  3 gpus 6 cpus 25-28
0: mpibind: task   7 nths  3 gpus 7 cpus 29-31,33
0: mpibind: task   8 nths  3 gpus 8 cpus 34-37
0: mpibind: task   9 nths  3 gpus 9 cpus 38-39,41
0: mpibind: task  10 nths  3 gpus 10 cpus 42-44
0: mpibind: task  11 nths  3 gpus 11 cpus 45-47
0: mpibind: task  12 nths  3 gpus 12 cpus 49-52
0: mpibind: task  13 nths  3 gpus 13 cpus 53-55,57
0: mpibind: task  14 nths  3 gpus 14 cpus 58-61
0: mpibind: task  15 nths  3 gpus 15 cpus 62-63,65
0: mpibind: task  16 nths  3 gpus 16 cpus 66-68
0: mpibind: task  17 nths  3 gpus 17 cpus 69-71
0: mpibind: task  18 nths  3 gpus 18 cpus 73-76
0: mpibind: task  19 nths  3 gpus 19 cpus 77-79,81
0: mpibind: task  20 nths  3 gpus 20 cpus 82-85
0: mpibind: task  21 nths  3 gpus 21 cpus 86-87,89
0: mpibind: task  22 nths  3 gpus 22 cpus 90-92
0: mpibind: task  23 nths  3 gpus 23 cpus 93-95
0: jobid: f21NHo4Hd
0: 0.103s: flux-shell[1]: mpibind: 
0: mpibind: task   0 nths  3 gpus 0 cpus 1-4
0: mpibind: task   1 nths  3 gpus 1 cpus 5-7,9
0: mpibind: task   2 nths  3 gpus 2 cpus 10-13
0: mpibind: task   3 nths  3 gpus 3 cpus 14-15,17
0: mpibind: task   4 nths  3 gpus 4 cpus 18-20
0: mpibind: task   5 nths  3 gpus 5 cpus 21-23
0: mpibind: task   6 nths  3 gpus 6 cpus 25-28
0: mpibind: task   7 nths  3 gpus 7 cpus 29-31,33
0: mpibind: task   8 nths  3 gpus 8 cpus 34-37
0: mpibind: task   9 nths  3 gpus 9 cpus 38-39,41
0: mpibind: task  10 nths  3 gpus 10 cpus 42-44
0: mpibind: task  11 nths  3 gpus 11 cpus 45-47
0: mpibind: task  12 nths  3 gpus 12 cpus 49-52
0: mpibind: task  13 nths  3 gpus 13 cpus 53-55,57
0: mpibind: task  14 nths  3 gpus 14 cpus 58-61
0: mpibind: task  15 nths  3 gpus 15 cpus 62-63,65
0: mpibind: task  16 nths  3 gpus 16 cpus 66-68
0: mpibind: task  17 nths  3 gpus 17 cpus 69-71
0: mpibind: task  18 nths  3 gpus 18 cpus 73-76
0: mpibind: task  19 nths  3 gpus 19 cpus 77-79,81
0: mpibind: task  20 nths  3 gpus 20 cpus 82-85
0: mpibind: task  21 nths  3 gpus 21 cpus 86-87,89
0: mpibind: task  22 nths  3 gpus 22 cpus 90-92
0: mpibind: task  23 nths  3 gpus 23 cpus 93-95
0: 0.105s: flux-shell[2]: mpibind: 
0: mpibind: task   0 nths  3 gpus 0 cpus 1-4
0: mpibind: task   1 nths  3 gpus 1 cpus 5-7,9
0: mpibind: task   2 nths  3 gpus 2 cpus 10-13
0: mpibind: task   3 nths  3 gpus 3 cpus 14-15,17
0: mpibind: task   4 nths  3 gpus 4 cpus 18-20
0: mpibind: task   5 nths  3 gpus 5 cpus 21-23
0: mpibind: task   6 nths  3 gpus 6 cpus 25-28
0: mpibind: task   7 nths  3 gpus 7 cpus 29-31,33
0: mpibind: task   8 nths  3 gpus 8 cpus 34-37
0: mpibind: task   9 nths  3 gpus 9 cpus 38-39,41
0: mpibind: task  10 nths  3 gpus 10 cpus 42-44
0: mpibind: task  11 nths  3 gpus 11 cpus 45-47
0: mpibind: task  12 nths  3 gpus 12 cpus 49-52
0: mpibind: task  13 nths  3 gpus 13 cpus 53-55,57
0: mpibind: task  14 nths  3 gpus 14 cpus 58-61
0: mpibind: task  15 nths  3 gpus 15 cpus 62-63,65
0: mpibind: task  16 nths  3 gpus 16 cpus 66-68
0: mpibind: task  17 nths  3 gpus 17 cpus 69-71
0: mpibind: task  18 nths  3 gpus 18 cpus 73-76
0: mpibind: task  19 nths  3 gpus 19 cpus 77-79,81
0: mpibind: task  20 nths  3 gpus 20 cpus 82-85
0: mpibind: task  21 nths  3 gpus 21 cpus 86-87,89
0: mpibind: task  22 nths  3 gpus 22 cpus 90-92
0: mpibind: task  23 nths  3 gpus 23 cpus 93-95
0: 0.105s: flux-shell[10]: mpibind: 
0: mpibind: task   0 nths  3 gpus 0 cpus 1-4
0: mpibind: task   1 nths  3 gpus 1 cpus 5-7,9
0: mpibind: task   2 nths  3 gpus 2 cpus 10-13
0: mpibind: task   3 nths  3 gpus 3 cpus 14-15,17
0: mpibind: task   4 nths  3 gpus 4 cpus 18-20
0: mpibind: task   5 nths  3 gpus 5 cpus 21-23
0: mpibind: task   6 nths  3 gpus 6 cpus 25-28
0: mpibind: task   7 nths  3 gpus 7 cpus 29-31,33
0: mpibind: task   8 nths  3 gpus 8 cpus 34-37
0: mpibind: task   9 nths  3 gpus 9 cpus 38-39,41
0: mpibind: task  10 nths  3 gpus 10 cpus 42-44
0: mpibind: task  11 nths  3 gpus 11 cpus 45-47
0: mpibind: task  12 nths  3 gpus 12 cpus 49-52
0: mpibind: task  13 nths  3 gpus 13 cpus 53-55,57
0: mpibind: task  14 nths  3 gpus 14 cpus 58-61
0: mpibind: task  15 nths  3 gpus 15 cpus 62-63,65
0: mpibind: task  16 nths  3 gpus 16 cpus 66-68
0: mpibind: task  17 nths  3 gpus 17 cpus 69-71
0: mpibind: task  18 nths  3 gpus 18 cpus 73-76
0: mpibind: task  19 nths  3 gpus 19 cpus 77-79,81
0: mpibind: task  20 nths  3 gpus 20 cpus 82-85
0: mpibind: task  21 nths  3 gpus 21 cpus 86-87,89
0: mpibind: task  22 nths  3 gpus 22 cpus 90-92
0: mpibind: task  23 nths  3 gpus 23 cpus 93-95
0: 0.100s: flux-shell[0]: mpibind: 
0: mpibind: task   0 nths  3 gpus 0 cpus 1-4
0: mpibind: task   1 nths  3 gpus 1 cpus 5-7,9
0: mpibind: task   2 nths  3 gpus 2 cpus 10-13
0: mpibind: task   3 nths  3 gpus 3 cpus 14-15,17
0: mpibind: task   4 nths  3 gpus 4 cpus 18-20
0: mpibind: task   5 nths  3 gpus 5 cpus 21-23
0: mpibind: task   6 nths  3 gpus 6 cpus 25-28
0: mpibind: task   7 nths  3 gpus 7 cpus 29-31,33
0: mpibind: task   8 nths  3 gpus 8 cpus 34-37
0: mpibind: task   9 nths  3 gpus 9 cpus 38-39,41
0: mpibind: task  10 nths  3 gpus 10 cpus 42-44
0: mpibind: task  11 nths  3 gpus 11 cpus 45-47
0: mpibind: task  12 nths  3 gpus 12 cpus 49-52
0: mpibind: task  13 nths  3 gpus 13 cpus 53-55,57
0: mpibind: task  14 nths  3 gpus 14 cpus 58-61
0: mpibind: task  15 nths  3 gpus 15 cpus 62-63,65
0: mpibind: task  16 nths  3 gpus 16 cpus 66-68
0: mpibind: task  17 nths  3 gpus 17 cpus 69-71
0: mpibind: task  18 nths  3 gpus 18 cpus 73-76
0: mpibind: task  19 nths  3 gpus 19 cpus 77-79,81
0: mpibind: task  20 nths  3 gpus 20 cpus 82-85
0: mpibind: task  21 nths  3 gpus 21 cpus 86-87,89
0: mpibind: task  22 nths  3 gpus 22 cpus 90-92
0: mpibind: task  23 nths  3 gpus 23 cpus 93-95
0: 0.105s: flux-shell[3]: mpibind: 
0: mpibind: task   0 nths  3 gpus 0 cpus 1-4
0: mpibind: task   1 nths  3 gpus 1 cpus 5-7,9
0: mpibind: task   2 nths  3 gpus 2 cpus 10-13
0: mpibind: task   3 nths  3 gpus 3 cpus 14-15,17
0: mpibind: task   4 nths  3 gpus 4 cpus 18-20
0: mpibind: task   5 nths  3 gpus 5 cpus 21-23
0: mpibind: task   6 nths  3 gpus 6 cpus 25-28
0: mpibind: task   7 nths  3 gpus 7 cpus 29-31,33
0: mpibind: task   8 nths  3 gpus 8 cpus 34-37
0: mpibind: task   9 nths  3 gpus 9 cpus 38-39,41
0: mpibind: task  10 nths  3 gpus 10 cpus 42-44
0: mpibind: task  11 nths  3 gpus 11 cpus 45-47
0: mpibind: task  12 nths  3 gpus 12 cpus 49-52
0: mpibind: task  13 nths  3 gpus 13 cpus 53-55,57
0: mpibind: task  14 nths  3 gpus 14 cpus 58-61
0: mpibind: task  15 nths  3 gpus 15 cpus 62-63,65
0: mpibind: task  16 nths  3 gpus 16 cpus 66-68
0: mpibind: task  17 nths  3 gpus 17 cpus 69-71
0: mpibind: task  18 nths  3 gpus 18 cpus 73-76
0: mpibind: task  19 nths  3 gpus 19 cpus 77-79,81
0: mpibind: task  20 nths  3 gpus 20 cpus 82-85
0: mpibind: task  21 nths  3 gpus 21 cpus 86-87,89
0: mpibind: task  22 nths  3 gpus 22 cpus 90-92
0: mpibind: task  23 nths  3 gpus 23 cpus 93-95
0: 0.103s: flux-shell[4]: mpibind: 
0: mpibind: task   0 nths  3 gpus 0 cpus 1-4
0: mpibind: task   1 nths  3 gpus 1 cpus 5-7,9
0: mpibind: task   2 nths  3 gpus 2 cpus 10-13
0: mpibind: task   3 nths  3 gpus 3 cpus 14-15,17
0: mpibind: task   4 nths  3 gpus 4 cpus 18-20
0: mpibind: task   5 nths  3 gpus 5 cpus 21-23
0: mpibind: task   6 nths  3 gpus 6 cpus 25-28
0: mpibind: task   7 nths  3 gpus 7 cpus 29-31,33
0: mpibind: task   8 nths  3 gpus 8 cpus 34-37
0: mpibind: task   9 nths  3 gpus 9 cpus 38-39,41
0: mpibind: task  10 nths  3 gpus 10 cpus 42-44
0: mpibind: task  11 nths  3 gpus 11 cpus 45-47
0: mpibind: task  12 nths  3 gpus 12 cpus 49-52
0: mpibind: task  13 nths  3 gpus 13 cpus 53-55,57
0: mpibind: task  14 nths  3 gpus 14 cpus 58-61
0: mpibind: task  15 nths  3 gpus 15 cpus 62-63,65
0: mpibind: task  16 nths  3 gpus 16 cpus 66-68
0: mpibind: task  17 nths  3 gpus 17 cpus 69-71
0: mpibind: task  18 nths  3 gpus 18 cpus 73-76
0: mpibind: task  19 nths  3 gpus 19 cpus 77-79,81
0: mpibind: task  20 nths  3 gpus 20 cpus 82-85
0: mpibind: task  21 nths  3 gpus 21 cpus 86-87,89
0: mpibind: task  22 nths  3 gpus 22 cpus 90-92
0: mpibind: task  23 nths  3 gpus 23 cpus 93-95
0: 0.107s: flux-shell[5]: mpibind: 
0: mpibind: task   0 nths  3 gpus 0 cpus 1-4
0: mpibind: task   1 nths  3 gpus 1 cpus 5-7,9
0: mpibind: task   2 nths  3 gpus 2 cpus 10-13
0: mpibind: task   3 nths  3 gpus 3 cpus 14-15,17
0: mpibind: task   4 nths  3 gpus 4 cpus 18-20
0: mpibind: task   5 nths  3 gpus 5 cpus 21-23
0: mpibind: task   6 nths  3 gpus 6 cpus 25-28
0: mpibind: task   7 nths  3 gpus 7 cpus 29-31,33
0: mpibind: task   8 nths  3 gpus 8 cpus 34-37
0: mpibind: task   9 nths  3 gpus 9 cpus 38-39,41
0: mpibind: task  10 nths  3 gpus 10 cpus 42-44
0: mpibind: task  11 nths  3 gpus 11 cpus 45-47
0: mpibind: task  12 nths  3 gpus 12 cpus 49-52
0: mpibind: task  13 nths  3 gpus 13 cpus 53-55,57
0: mpibind: task  14 nths  3 gpus 14 cpus 58-61
0: mpibind: task  15 nths  3 gpus 15 cpus 62-63,65
0: mpibind: task  16 nths  3 gpus 16 cpus 66-68
0: mpibind: task  17 nths  3 gpus 17 cpus 69-71
0: mpibind: task  18 nths  3 gpus 18 cpus 73-76
0: mpibind: task  19 nths  3 gpus 19 cpus 77-79,81
0: mpibind: task  20 nths  3 gpus 20 cpus 82-85
0: mpibind: task  21 nths  3 gpus 21 cpus 86-87,89
0: mpibind: task  22 nths  3 gpus 22 cpus 90-92
0: mpibind: task  23 nths  3 gpus 23 cpus 93-95
0: 0.107s: flux-shell[7]: mpibind: 
0: mpibind: task   0 nths  3 gpus 0 cpus 1-4
0: mpibind: task   1 nths  3 gpus 1 cpus 5-7,9
0: mpibind: task   2 nths  3 gpus 2 cpus 10-13
0: mpibind: task   3 nths  3 gpus 3 cpus 14-15,17
0: mpibind: task   4 nths  3 gpus 4 cpus 18-20
0: mpibind: task   5 nths  3 gpus 5 cpus 21-23
0: mpibind: task   6 nths  3 gpus 6 cpus 25-28
0: mpibind: task   7 nths  3 gpus 7 cpus 29-31,33
0: mpibind: task   8 nths  3 gpus 8 cpus 34-37
0: mpibind: task   9 nths  3 gpus 9 cpus 38-39,41
0: mpibind: task  10 nths  3 gpus 10 cpus 42-44
0: mpibind: task  11 nths  3 gpus 11 cpus 45-47
0: mpibind: task  12 nths  3 gpus 12 cpus 49-52
0: mpibind: task  13 nths  3 gpus 13 cpus 53-55,57
0: mpibind: task  14 nths  3 gpus 14 cpus 58-61
0: mpibind: task  15 nths  3 gpus 15 cpus 62-63,65
0: mpibind: task  16 nths  3 gpus 16 cpus 66-68
0: mpibind: task  17 nths  3 gpus 17 cpus 69-71
0: mpibind: task  18 nths  3 gpus 18 cpus 73-76
0: mpibind: task  19 nths  3 gpus 19 cpus 77-79,81
0: mpibind: task  20 nths  3 gpus 20 cpus 82-85
0: mpibind: task  21 nths  3 gpus 21 cpus 86-87,89
0: mpibind: task  22 nths  3 gpus 22 cpus 90-92
0: mpibind: task  23 nths  3 gpus 23 cpus 93-95
0: 0.105s: flux-shell[8]: mpibind: 
0: mpibind: task   0 nths  3 gpus 0 cpus 1-4
0: mpibind: task   1 nths  3 gpus 1 cpus 5-7,9
0: mpibind: task   2 nths  3 gpus 2 cpus 10-13
0: mpibind: task   3 nths  3 gpus 3 cpus 14-15,17
0: mpibind: task   4 nths  3 gpus 4 cpus 18-20
0: mpibind: task   5 nths  3 gpus 5 cpus 21-23
0: mpibind: task   6 nths  3 gpus 6 cpus 25-28
0: mpibind: task   7 nths  3 gpus 7 cpus 29-31,33
0: mpibind: task   8 nths  3 gpus 8 cpus 34-37
0: mpibind: task   9 nths  3 gpus 9 cpus 38-39,41
0: mpibind: task  10 nths  3 gpus 10 cpus 42-44
0: mpibind: task  11 nths  3 gpus 11 cpus 45-47
0: mpibind: task  12 nths  3 gpus 12 cpus 49-52
0: mpibind: task  13 nths  3 gpus 13 cpus 53-55,57
0: mpibind: task  14 nths  3 gpus 14 cpus 58-61
0: mpibind: task  15 nths  3 gpus 15 cpus 62-63,65
0: mpibind: task  16 nths  3 gpus 16 cpus 66-68
0: mpibind: task  17 nths  3 gpus 17 cpus 69-71
0: mpibind: task  18 nths  3 gpus 18 cpus 73-76
0: mpibind: task  19 nths  3 gpus 19 cpus 77-79,81
0: mpibind: task  20 nths  3 gpus 20 cpus 82-85
0: mpibind: task  21 nths  3 gpus 21 cpus 86-87,89
0: mpibind: task  22 nths  3 gpus 22 cpus 90-92
0: mpibind: task  23 nths  3 gpus 23 cpus 93-95
0: 0.105s: flux-shell[9]: mpibind: 
0: mpibind: task   0 nths  3 gpus 0 cpus 1-4
0: mpibind: task   1 nths  3 gpus 1 cpus 5-7,9
0: mpibind: task   2 nths  3 gpus 2 cpus 10-13
0: mpibind: task   3 nths  3 gpus 3 cpus 14-15,17
0: mpibind: task   4 nths  3 gpus 4 cpus 18-20
0: mpibind: task   5 nths  3 gpus 5 cpus 21-23
0: mpibind: task   6 nths  3 gpus 6 cpus 25-28
0: mpibind: task   7 nths  3 gpus 7 cpus 29-31,33
0: mpibind: task   8 nths  3 gpus 8 cpus 34-37
0: mpibind: task   9 nths  3 gpus 9 cpus 38-39,41
0: mpibind: task  10 nths  3 gpus 10 cpus 42-44
0: mpibind: task  11 nths  3 gpus 11 cpus 45-47
0: mpibind: task  12 nths  3 gpus 12 cpus 49-52
0: mpibind: task  13 nths  3 gpus 13 cpus 53-55,57
0: mpibind: task  14 nths  3 gpus 14 cpus 58-61
0: mpibind: task  15 nths  3 gpus 15 cpus 62-63,65
0: mpibind: task  16 nths  3 gpus 16 cpus 66-68
0: mpibind: task  17 nths  3 gpus 17 cpus 69-71
0: mpibind: task  18 nths  3 gpus 18 cpus 73-76
0: mpibind: task  19 nths  3 gpus 19 cpus 77-79,81
0: mpibind: task  20 nths  3 gpus 20 cpus 82-85
0: mpibind: task  21 nths  3 gpus 21 cpus 86-87,89
0: mpibind: task  22 nths  3 gpus 22 cpus 90-92
0: mpibind: task  23 nths  3 gpus 23 cpus 93-95
0: 0.104s: flux-shell[6]: mpibind: 
0: mpibind: task   0 nths  3 gpus 0 cpus 1-4
0: mpibind: task   1 nths  3 gpus 1 cpus 5-7,9
0: mpibind: task   2 nths  3 gpus 2 cpus 10-13
0: mpibind: task   3 nths  3 gpus 3 cpus 14-15,17
0: mpibind: task   4 nths  3 gpus 4 cpus 18-20
0: mpibind: task   5 nths  3 gpus 5 cpus 21-23
0: mpibind: task   6 nths  3 gpus 6 cpus 25-28
0: mpibind: task   7 nths  3 gpus 7 cpus 29-31,33
0: mpibind: task   8 nths  3 gpus 8 cpus 34-37
0: mpibind: task   9 nths  3 gpus 9 cpus 38-39,41
0: mpibind: task  10 nths  3 gpus 10 cpus 42-44
0: mpibind: task  11 nths  3 gpus 11 cpus 45-47
0: mpibind: task  12 nths  3 gpus 12 cpus 49-52
0: mpibind: task  13 nths  3 gpus 13 cpus 53-55,57
0: mpibind: task  14 nths  3 gpus 14 cpus 58-61
0: mpibind: task  15 nths  3 gpus 15 cpus 62-63,65
0: mpibind: task  16 nths  3 gpus 16 cpus 66-68
0: mpibind: task  17 nths  3 gpus 17 cpus 69-71
0: mpibind: task  18 nths  3 gpus 18 cpus 73-76
0: mpibind: task  19 nths  3 gpus 19 cpus 77-79,81
0: mpibind: task  20 nths  3 gpus 20 cpus 82-85
0: mpibind: task  21 nths  3 gpus 21 cpus 86-87,89
0: mpibind: task  22 nths  3 gpus 22 cpus 90-92
0: mpibind: task  23 nths  3 gpus 23 cpus 93-95
0: 0.107s: flux-shell[11]: mpibind: 
0: mpibind: task   0 nths  3 gpus 0 cpus 1-4
0: mpibind: task   1 nths  3 gpus 1 cpus 5-7,9
0: mpibind: task   2 nths  3 gpus 2 cpus 10-13
0: mpibind: task   3 nths  3 gpus 3 cpus 14-15,17
0: mpibind: task   4 nths  3 gpus 4 cpus 18-20
0: mpibind: task   5 nths  3 gpus 5 cpus 21-23
0: mpibind: task   6 nths  3 gpus 6 cpus 25-28
0: mpibind: task   7 nths  3 gpus 7 cpus 29-31,33
0: mpibind: task   8 nths  3 gpus 8 cpus 34-37
0: mpibind: task   9 nths  3 gpus 9 cpus 38-39,41
0: mpibind: task  10 nths  3 gpus 10 cpus 42-44
0: mpibind: task  11 nths  3 gpus 11 cpus 45-47
0: mpibind: task  12 nths  3 gpus 12 cpus 49-52
0: mpibind: task  13 nths  3 gpus 13 cpus 53-55,57
0: mpibind: task  14 nths  3 gpus 14 cpus 58-61
0: mpibind: task  15 nths  3 gpus 15 cpus 62-63,65
0: mpibind: task  16 nths  3 gpus 16 cpus 66-68
0: mpibind: task  17 nths  3 gpus 17 cpus 69-71
0: mpibind: task  18 nths  3 gpus 18 cpus 73-76
0: mpibind: task  19 nths  3 gpus 19 cpus 77-79,81
0: mpibind: task  20 nths  3 gpus 20 cpus 82-85
0: mpibind: task  21 nths  3 gpus 21 cpus 86-87,89
0: mpibind: task  22 nths  3 gpus 22 cpus 90-92
0: mpibind: task  23 nths  3 gpus 23 cpus 93-95
0: 0.106s: flux-shell[12]: mpibind: 
0: mpibind: task   0 nths  3 gpus 0 cpus 1-4
0: mpibind: task   1 nths  3 gpus 1 cpus 5-7,9
0: mpibind: task   2 nths  3 gpus 2 cpus 10-13
0: mpibind: task   3 nths  3 gpus 3 cpus 14-15,17
0: mpibind: task   4 nths  3 gpus 4 cpus 18-20
0: mpibind: task   5 nths  3 gpus 5 cpus 21-23
0: mpibind: task   6 nths  3 gpus 6 cpus 25-28
0: mpibind: task   7 nths  3 gpus 7 cpus 29-31,33
0: mpibind: task   8 nths  3 gpus 8 cpus 34-37
0: mpibind: task   9 nths  3 gpus 9 cpus 38-39,41
0: mpibind: task  10 nths  3 gpus 10 cpus 42-44
0: mpibind: task  11 nths  3 gpus 11 cpus 45-47
0: mpibind: task  12 nths  3 gpus 12 cpus 49-52
0: mpibind: task  13 nths  3 gpus 13 cpus 53-55,57
0: mpibind: task  14 nths  3 gpus 14 cpus 58-61
0: mpibind: task  15 nths  3 gpus 15 cpus 62-63,65
0: mpibind: task  16 nths  3 gpus 16 cpus 66-68
0: mpibind: task  17 nths  3 gpus 17 cpus 69-71
0: mpibind: task  18 nths  3 gpus 18 cpus 73-76
0: mpibind: task  19 nths  3 gpus 19 cpus 77-79,81
0: mpibind: task  20 nths  3 gpus 20 cpus 82-85
0: mpibind: task  21 nths  3 gpus 21 cpus 86-87,89
0: mpibind: task  22 nths  3 gpus 22 cpus 90-92
0: mpibind: task  23 nths  3 gpus 23 cpus 93-95
0: 0.109s: flux-shell[13]: mpibind: 
0: mpibind: task   0 nths  3 gpus 0 cpus 1-4
0: mpibind: task   1 nths  3 gpus 1 cpus 5-7,9
0: mpibind: task   2 nths  3 gpus 2 cpus 10-13
0: mpibind: task   3 nths  3 gpus 3 cpus 14-15,17
0: mpibind: task   4 nths  3 gpus 4 cpus 18-20
0: mpibind: task   5 nths  3 gpus 5 cpus 21-23
0: mpibind: task   6 nths  3 gpus 6 cpus 25-28
0: mpibind: task   7 nths  3 gpus 7 cpus 29-31,33
0: mpibind: task   8 nths  3 gpus 8 cpus 34-37
0: mpibind: task   9 nths  3 gpus 9 cpus 38-39,41
0: mpibind: task  10 nths  3 gpus 10 cpus 42-44
0: mpibind: task  11 nths  3 gpus 11 cpus 45-47
0: mpibind: task  12 nths  3 gpus 12 cpus 49-52
0: mpibind: task  13 nths  3 gpus 13 cpus 53-55,57
0: mpibind: task  14 nths  3 gpus 14 cpus 58-61
0: mpibind: task  15 nths  3 gpus 15 cpus 62-63,65
0: mpibind: task  16 nths  3 gpus 16 cpus 66-68
0: mpibind: task  17 nths  3 gpus 17 cpus 69-71
0: mpibind: task  18 nths  3 gpus 18 cpus 73-76
0: mpibind: task  19 nths  3 gpus 19 cpus 77-79,81
0: mpibind: task  20 nths  3 gpus 20 cpus 82-85
0: mpibind: task  21 nths  3 gpus 21 cpus 86-87,89
0: mpibind: task  22 nths  3 gpus 22 cpus 90-92
0: mpibind: task  23 nths  3 gpus 23 cpus 93-95
0: 0.107s: flux-shell[15]: mpibind: 
0: mpibind: task   0 nths  3 gpus 0 cpus 1-4
0: mpibind: task   1 nths  3 gpus 1 cpus 5-7,9
0: mpibind: task   2 nths  3 gpus 2 cpus 10-13
0: mpibind: task   3 nths  3 gpus 3 cpus 14-15,17
0: mpibind: task   4 nths  3 gpus 4 cpus 18-20
0: mpibind: task   5 nths  3 gpus 5 cpus 21-23
0: mpibind: task   6 nths  3 gpus 6 cpus 25-28
0: mpibind: task   7 nths  3 gpus 7 cpus 29-31,33
0: mpibind: task   8 nths  3 gpus 8 cpus 34-37
0: mpibind: task   9 nths  3 gpus 9 cpus 38-39,41
0: mpibind: task  10 nths  3 gpus 10 cpus 42-44
0: mpibind: task  11 nths  3 gpus 11 cpus 45-47
0: mpibind: task  12 nths  3 gpus 12 cpus 49-52
0: mpibind: task  13 nths  3 gpus 13 cpus 53-55,57
0: mpibind: task  14 nths  3 gpus 14 cpus 58-61
0: mpibind: task  15 nths  3 gpus 15 cpus 62-63,65
0: mpibind: task  16 nths  3 gpus 16 cpus 66-68
0: mpibind: task  17 nths  3 gpus 17 cpus 69-71
0: mpibind: task  18 nths  3 gpus 18 cpus 73-76
0: mpibind: task  19 nths  3 gpus 19 cpus 77-79,81
0: mpibind: task  20 nths  3 gpus 20 cpus 82-85
0: mpibind: task  21 nths  3 gpus 21 cpus 86-87,89
0: mpibind: task  22 nths  3 gpus 22 cpus 90-92
0: mpibind: task  23 nths  3 gpus 23 cpus 93-95
0: 0.108s: flux-shell[14]: mpibind: 
0: mpibind: task   0 nths  3 gpus 0 cpus 1-4
0: mpibind: task   1 nths  3 gpus 1 cpus 5-7,9
0: mpibind: task   2 nths  3 gpus 2 cpus 10-13
0: mpibind: task   3 nths  3 gpus 3 cpus 14-15,17
0: mpibind: task   4 nths  3 gpus 4 cpus 18-20
0: mpibind: task   5 nths  3 gpus 5 cpus 21-23
0: mpibind: task   6 nths  3 gpus 6 cpus 25-28
0: mpibind: task   7 nths  3 gpus 7 cpus 29-31,33
0: mpibind: task   8 nths  3 gpus 8 cpus 34-37
0: mpibind: task   9 nths  3 gpus 9 cpus 38-39,41
0: mpibind: task  10 nths  3 gpus 10 cpus 42-44
0: mpibind: task  11 nths  3 gpus 11 cpus 45-47
0: mpibind: task  12 nths  3 gpus 12 cpus 49-52
0: mpibind: task  13 nths  3 gpus 13 cpus 53-55,57
0: mpibind: task  14 nths  3 gpus 14 cpus 58-61
0: mpibind: task  15 nths  3 gpus 15 cpus 62-63,65
0: mpibind: task  16 nths  3 gpus 16 cpus 66-68
0: mpibind: task  17 nths  3 gpus 17 cpus 69-71
0: mpibind: task  18 nths  3 gpus 18 cpus 73-76
0: mpibind: task  19 nths  3 gpus 19 cpus 77-79,81
0: mpibind: task  20 nths  3 gpus 20 cpus 82-85
0: mpibind: task  21 nths  3 gpus 21 cpus 86-87,89
0: mpibind: task  22 nths  3 gpus 22 cpus 90-92
0: mpibind: task  23 nths  3 gpus 23 cpus 93-95
0: jobid: f2B9WxGsh
0: 0.101s: flux-shell[3]: mpibind: 
0: mpibind: task   0 nths  3 gpus 0 cpus 1-4
0: mpibind: task   1 nths  3 gpus 1 cpus 5-7,9
0: mpibind: task   2 nths  3 gpus 2 cpus 10-13
0: mpibind: task   3 nths  3 gpus 3 cpus 14-15,17
0: mpibind: task   4 nths  3 gpus 4 cpus 18-20
0: mpibind: task   5 nths  3 gpus 5 cpus 21-23
0: mpibind: task   6 nths  3 gpus 6 cpus 25-28
0: mpibind: task   7 nths  3 gpus 7 cpus 29-31,33
0: mpibind: task   8 nths  3 gpus 8 cpus 34-37
0: mpibind: task   9 nths  3 gpus 9 cpus 38-39,41
0: mpibind: task  10 nths  3 gpus 10 cpus 42-44
0: mpibind: task  11 nths  3 gpus 11 cpus 45-47
0: mpibind: task  12 nths  3 gpus 12 cpus 49-52
0: mpibind: task  13 nths  3 gpus 13 cpus 53-55,57
0: mpibind: task  14 nths  3 gpus 14 cpus 58-61
0: mpibind: task  15 nths  3 gpus 15 cpus 62-63,65
0: mpibind: task  16 nths  3 gpus 16 cpus 66-68
0: mpibind: task  17 nths  3 gpus 17 cpus 69-71
0: mpibind: task  18 nths  3 gpus 18 cpus 73-76
0: mpibind: task  19 nths  3 gpus 19 cpus 77-79,81
0: mpibind: task  20 nths  3 gpus 20 cpus 82-85
0: mpibind: task  21 nths  3 gpus 21 cpus 86-87,89
0: mpibind: task  22 nths  3 gpus 22 cpus 90-92
0: mpibind: task  23 nths  3 gpus 23 cpus 93-95
0: 0.100s: flux-shell[2]: mpibind: 
0: mpibind: task   0 nths  3 gpus 0 cpus 1-4
0: mpibind: task   1 nths  3 gpus 1 cpus 5-7,9
0: mpibind: task   2 nths  3 gpus 2 cpus 10-13
0: mpibind: task   3 nths  3 gpus 3 cpus 14-15,17
0: mpibind: task   4 nths  3 gpus 4 cpus 18-20
0: mpibind: task   5 nths  3 gpus 5 cpus 21-23
0: mpibind: task   6 nths  3 gpus 6 cpus 25-28
0: mpibind: task   7 nths  3 gpus 7 cpus 29-31,33
0: mpibind: task   8 nths  3 gpus 8 cpus 34-37
0: mpibind: task   9 nths  3 gpus 9 cpus 38-39,41
0: mpibind: task  10 nths  3 gpus 10 cpus 42-44
0: mpibind: task  11 nths  3 gpus 11 cpus 45-47
0: mpibind: task  12 nths  3 gpus 12 cpus 49-52
0: mpibind: task  13 nths  3 gpus 13 cpus 53-55,57
0: mpibind: task  14 nths  3 gpus 14 cpus 58-61
0: mpibind: task  15 nths  3 gpus 15 cpus 62-63,65
0: mpibind: task  16 nths  3 gpus 16 cpus 66-68
0: mpibind: task  17 nths  3 gpus 17 cpus 69-71
0: mpibind: task  18 nths  3 gpus 18 cpus 73-76
0: mpibind: task  19 nths  3 gpus 19 cpus 77-79,81
0: mpibind: task  20 nths  3 gpus 20 cpus 82-85
0: mpibind: task  21 nths  3 gpus 21 cpus 86-87,89
0: mpibind: task  22 nths  3 gpus 22 cpus 90-92
0: mpibind: task  23 nths  3 gpus 23 cpus 93-95
0: 0.108s: flux-shell[6]: mpibind: 
0: mpibind: task   0 nths  3 gpus 0 cpus 1-4
0: mpibind: task   1 nths  3 gpus 1 cpus 5-7,9
0: mpibind: task   2 nths  3 gpus 2 cpus 10-13
0: mpibind: task   3 nths  3 gpus 3 cpus 14-15,17
0: mpibind: task   4 nths  3 gpus 4 cpus 18-20
0: mpibind: task   5 nths  3 gpus 5 cpus 21-23
0: mpibind: task   6 nths  3 gpus 6 cpus 25-28
0: mpibind: task   7 nths  3 gpus 7 cpus 29-31,33
0: mpibind: task   8 nths  3 gpus 8 cpus 34-37
0: mpibind: task   9 nths  3 gpus 9 cpus 38-39,41
0: mpibind: task  10 nths  3 gpus 10 cpus 42-44
0: mpibind: task  11 nths  3 gpus 11 cpus 45-47
0: mpibind: task  12 nths  3 gpus 12 cpus 49-52
0: mpibind: task  13 nths  3 gpus 13 cpus 53-55,57
0: mpibind: task  14 nths  3 gpus 14 cpus 58-61
0: mpibind: task  15 nths  3 gpus 15 cpus 62-63,65
0: mpibind: task  16 nths  3 gpus 16 cpus 66-68
0: mpibind: task  17 nths  3 gpus 17 cpus 69-71
0: mpibind: task  18 nths  3 gpus 18 cpus 73-76
0: mpibind: task  19 nths  3 gpus 19 cpus 77-79,81
0: mpibind: task  20 nths  3 gpus 20 cpus 82-85
0: mpibind: task  21 nths  3 gpus 21 cpus 86-87,89
0: mpibind: task  22 nths  3 gpus 22 cpus 90-92
0: mpibind: task  23 nths  3 gpus 23 cpus 93-95
0: 0.102s: flux-shell[1]: mpibind: 
0: mpibind: task   0 nths  3 gpus 0 cpus 1-4
0: mpibind: task   1 nths  3 gpus 1 cpus 5-7,9
0: mpibind: task   2 nths  3 gpus 2 cpus 10-13
0: mpibind: task   3 nths  3 gpus 3 cpus 14-15,17
0: mpibind: task   4 nths  3 gpus 4 cpus 18-20
0: mpibind: task   5 nths  3 gpus 5 cpus 21-23
0: mpibind: task   6 nths  3 gpus 6 cpus 25-28
0: mpibind: task   7 nths  3 gpus 7 cpus 29-31,33
0: mpibind: task   8 nths  3 gpus 8 cpus 34-37
0: mpibind: task   9 nths  3 gpus 9 cpus 38-39,41
0: mpibind: task  10 nths  3 gpus 10 cpus 42-44
0: mpibind: task  11 nths  3 gpus 11 cpus 45-47
0: mpibind: task  12 nths  3 gpus 12 cpus 49-52
0: mpibind: task  13 nths  3 gpus 13 cpus 53-55,57
0: mpibind: task  14 nths  3 gpus 14 cpus 58-61
0: mpibind: task  15 nths  3 gpus 15 cpus 62-63,65
0: mpibind: task  16 nths  3 gpus 16 cpus 66-68
0: mpibind: task  17 nths  3 gpus 17 cpus 69-71
0: mpibind: task  18 nths  3 gpus 18 cpus 73-76
0: mpibind: task  19 nths  3 gpus 19 cpus 77-79,81
0: mpibind: task  20 nths  3 gpus 20 cpus 82-85
0: mpibind: task  21 nths  3 gpus 21 cpus 86-87,89
0: mpibind: task  22 nths  3 gpus 22 cpus 90-92
0: mpibind: task  23 nths  3 gpus 23 cpus 93-95
0: 0.102s: flux-shell[4]: mpibind: 
0: mpibind: task   0 nths  3 gpus 0 cpus 1-4
0: mpibind: task   1 nths  3 gpus 1 cpus 5-7,9
0: mpibind: task   2 nths  3 gpus 2 cpus 10-13
0: mpibind: task   3 nths  3 gpus 3 cpus 14-15,17
0: mpibind: task   4 nths  3 gpus 4 cpus 18-20
0: mpibind: task   5 nths  3 gpus 5 cpus 21-23
0: mpibind: task   6 nths  3 gpus 6 cpus 25-28
0: mpibind: task   7 nths  3 gpus 7 cpus 29-31,33
0: mpibind: task   8 nths  3 gpus 8 cpus 34-37
0: mpibind: task   9 nths  3 gpus 9 cpus 38-39,41
0: mpibind: task  10 nths  3 gpus 10 cpus 42-44
0: mpibind: task  11 nths  3 gpus 11 cpus 45-47
0: mpibind: task  12 nths  3 gpus 12 cpus 49-52
0: mpibind: task  13 nths  3 gpus 13 cpus 53-55,57
0: mpibind: task  14 nths  3 gpus 14 cpus 58-61
0: mpibind: task  15 nths  3 gpus 15 cpus 62-63,65
0: mpibind: task  16 nths  3 gpus 16 cpus 66-68
0: mpibind: task  17 nths  3 gpus 17 cpus 69-71
0: mpibind: task  18 nths  3 gpus 18 cpus 73-76
0: mpibind: task  19 nths  3 gpus 19 cpus 77-79,81
0: mpibind: task  20 nths  3 gpus 20 cpus 82-85
0: mpibind: task  21 nths  3 gpus 21 cpus 86-87,89
0: mpibind: task  22 nths  3 gpus 22 cpus 90-92
0: mpibind: task  23 nths  3 gpus 23 cpus 93-95
0: 0.100s: flux-shell[7]: mpibind: 
0: mpibind: task   0 nths  3 gpus 0 cpus 1-4
0: mpibind: task   1 nths  3 gpus 1 cpus 5-7,9
0: mpibind: task   2 nths  3 gpus 2 cpus 10-13
0: mpibind: task   3 nths  3 gpus 3 cpus 14-15,17
0: mpibind: task   4 nths  3 gpus 4 cpus 18-20
0: mpibind: task   5 nths  3 gpus 5 cpus 21-23
0: mpibind: task   6 nths  3 gpus 6 cpus 25-28
0: mpibind: task   7 nths  3 gpus 7 cpus 29-31,33
0: mpibind: task   8 nths  3 gpus 8 cpus 34-37
0: mpibind: task   9 nths  3 gpus 9 cpus 38-39,41
0: mpibind: task  10 nths  3 gpus 10 cpus 42-44
0: mpibind: task  11 nths  3 gpus 11 cpus 45-47
0: mpibind: task  12 nths  3 gpus 12 cpus 49-52
0: mpibind: task  13 nths  3 gpus 13 cpus 53-55,57
0: mpibind: task  14 nths  3 gpus 14 cpus 58-61
0: mpibind: task  15 nths  3 gpus 15 cpus 62-63,65
0: mpibind: task  16 nths  3 gpus 16 cpus 66-68
0: mpibind: task  17 nths  3 gpus 17 cpus 69-71
0: mpibind: task  18 nths  3 gpus 18 cpus 73-76
0: mpibind: task  19 nths  3 gpus 19 cpus 77-79,81
0: mpibind: task  20 nths  3 gpus 20 cpus 82-85
0: mpibind: task  21 nths  3 gpus 21 cpus 86-87,89
0: mpibind: task  22 nths  3 gpus 22 cpus 90-92
0: mpibind: task  23 nths  3 gpus 23 cpus 93-95
0: 0.108s: flux-shell[5]: mpibind: 
0: mpibind: task   0 nths  3 gpus 0 cpus 1-4
0: mpibind: task   1 nths  3 gpus 1 cpus 5-7,9
0: mpibind: task   2 nths  3 gpus 2 cpus 10-13
0: mpibind: task   3 nths  3 gpus 3 cpus 14-15,17
0: mpibind: task   4 nths  3 gpus 4 cpus 18-20
0: mpibind: task   5 nths  3 gpus 5 cpus 21-23
0: mpibind: task   6 nths  3 gpus 6 cpus 25-28
0: mpibind: task   7 nths  3 gpus 7 cpus 29-31,33
0: mpibind: task   8 nths  3 gpus 8 cpus 34-37
0: mpibind: task   9 nths  3 gpus 9 cpus 38-39,41
0: mpibind: task  10 nths  3 gpus 10 cpus 42-44
0: mpibind: task  11 nths  3 gpus 11 cpus 45-47
0: mpibind: task  12 nths  3 gpus 12 cpus 49-52
0: mpibind: task  13 nths  3 gpus 13 cpus 53-55,57
0: mpibind: task  14 nths  3 gpus 14 cpus 58-61
0: mpibind: task  15 nths  3 gpus 15 cpus 62-63,65
0: mpibind: task  16 nths  3 gpus 16 cpus 66-68
0: mpibind: task  17 nths  3 gpus 17 cpus 69-71
0: mpibind: task  18 nths  3 gpus 18 cpus 73-76
0: mpibind: task  19 nths  3 gpus 19 cpus 77-79,81
0: mpibind: task  20 nths  3 gpus 20 cpus 82-85
0: mpibind: task  21 nths  3 gpus 21 cpus 86-87,89
0: mpibind: task  22 nths  3 gpus 22 cpus 90-92
0: mpibind: task  23 nths  3 gpus 23 cpus 93-95
0: 0.098s: flux-shell[0]: mpibind: 
0: mpibind: task   0 nths  3 gpus 0 cpus 1-4
0: mpibind: task   1 nths  3 gpus 1 cpus 5-7,9
0: mpibind: task   2 nths  3 gpus 2 cpus 10-13
0: mpibind: task   3 nths  3 gpus 3 cpus 14-15,17
0: mpibind: task   4 nths  3 gpus 4 cpus 18-20
0: mpibind: task   5 nths  3 gpus 5 cpus 21-23
0: mpibind: task   6 nths  3 gpus 6 cpus 25-28
0: mpibind: task   7 nths  3 gpus 7 cpus 29-31,33
0: mpibind: task   8 nths  3 gpus 8 cpus 34-37
0: mpibind: task   9 nths  3 gpus 9 cpus 38-39,41
0: mpibind: task  10 nths  3 gpus 10 cpus 42-44
0: mpibind: task  11 nths  3 gpus 11 cpus 45-47
0: mpibind: task  12 nths  3 gpus 12 cpus 49-52
0: mpibind: task  13 nths  3 gpus 13 cpus 53-55,57
0: mpibind: task  14 nths  3 gpus 14 cpus 58-61
0: mpibind: task  15 nths  3 gpus 15 cpus 62-63,65
0: mpibind: task  16 nths  3 gpus 16 cpus 66-68
0: mpibind: task  17 nths  3 gpus 17 cpus 69-71
0: mpibind: task  18 nths  3 gpus 18 cpus 73-76
0: mpibind: task  19 nths  3 gpus 19 cpus 77-79,81
0: mpibind: task  20 nths  3 gpus 20 cpus 82-85
0: mpibind: task  21 nths  3 gpus 21 cpus 86-87,89
0: mpibind: task  22 nths  3 gpus 22 cpus 90-92
0: mpibind: task  23 nths  3 gpus 23 cpus 93-95
0: 0.110s: flux-shell[9]: mpibind: 
0: mpibind: task   0 nths  3 gpus 0 cpus 1-4
0: mpibind: task   1 nths  3 gpus 1 cpus 5-7,9
0: mpibind: task   2 nths  3 gpus 2 cpus 10-13
0: mpibind: task   3 nths  3 gpus 3 cpus 14-15,17
0: mpibind: task   4 nths  3 gpus 4 cpus 18-20
0: mpibind: task   5 nths  3 gpus 5 cpus 21-23
0: mpibind: task   6 nths  3 gpus 6 cpus 25-28
0: mpibind: task   7 nths  3 gpus 7 cpus 29-31,33
0: mpibind: task   8 nths  3 gpus 8 cpus 34-37
0: mpibind: task   9 nths  3 gpus 9 cpus 38-39,41
0: mpibind: task  10 nths  3 gpus 10 cpus 42-44
0: mpibind: task  11 nths  3 gpus 11 cpus 45-47
0: mpibind: task  12 nths  3 gpus 12 cpus 49-52
0: mpibind: task  13 nths  3 gpus 13 cpus 53-55,57
0: mpibind: task  14 nths  3 gpus 14 cpus 58-61
0: mpibind: task  15 nths  3 gpus 15 cpus 62-63,65
0: mpibind: task  16 nths  3 gpus 16 cpus 66-68
0: mpibind: task  17 nths  3 gpus 17 cpus 69-71
0: mpibind: task  18 nths  3 gpus 18 cpus 73-76
0: mpibind: task  19 nths  3 gpus 19 cpus 77-79,81
0: mpibind: task  20 nths  3 gpus 20 cpus 82-85
0: mpibind: task  21 nths  3 gpus 21 cpus 86-87,89
0: mpibind: task  22 nths  3 gpus 22 cpus 90-92
0: mpibind: task  23 nths  3 gpus 23 cpus 93-95
0: 0.103s: flux-shell[8]: mpibind: 
0: mpibind: task   0 nths  3 gpus 0 cpus 1-4
0: mpibind: task   1 nths  3 gpus 1 cpus 5-7,9
0: mpibind: task   2 nths  3 gpus 2 cpus 10-13
0: mpibind: task   3 nths  3 gpus 3 cpus 14-15,17
0: mpibind: task   4 nths  3 gpus 4 cpus 18-20
0: mpibind: task   5 nths  3 gpus 5 cpus 21-23
0: mpibind: task   6 nths  3 gpus 6 cpus 25-28
0: mpibind: task   7 nths  3 gpus 7 cpus 29-31,33
0: mpibind: task   8 nths  3 gpus 8 cpus 34-37
0: mpibind: task   9 nths  3 gpus 9 cpus 38-39,41
0: mpibind: task  10 nths  3 gpus 10 cpus 42-44
0: mpibind: task  11 nths  3 gpus 11 cpus 45-47
0: mpibind: task  12 nths  3 gpus 12 cpus 49-52
0: mpibind: task  13 nths  3 gpus 13 cpus 53-55,57
0: mpibind: task  14 nths  3 gpus 14 cpus 58-61
0: mpibind: task  15 nths  3 gpus 15 cpus 62-63,65
0: mpibind: task  16 nths  3 gpus 16 cpus 66-68
0: mpibind: task  17 nths  3 gpus 17 cpus 69-71
0: mpibind: task  18 nths  3 gpus 18 cpus 73-76
0: mpibind: task  19 nths  3 gpus 19 cpus 77-79,81
0: mpibind: task  20 nths  3 gpus 20 cpus 82-85
0: mpibind: task  21 nths  3 gpus 21 cpus 86-87,89
0: mpibind: task  22 nths  3 gpus 22 cpus 90-92
0: mpibind: task  23 nths  3 gpus 23 cpus 93-95
0: 0.109s: flux-shell[11]: mpibind: 
0: mpibind: task   0 nths  3 gpus 0 cpus 1-4
0: mpibind: task   1 nths  3 gpus 1 cpus 5-7,9
0: mpibind: task   2 nths  3 gpus 2 cpus 10-13
0: mpibind: task   3 nths  3 gpus 3 cpus 14-15,17
0: mpibind: task   4 nths  3 gpus 4 cpus 18-20
0: mpibind: task   5 nths  3 gpus 5 cpus 21-23
0: mpibind: task   6 nths  3 gpus 6 cpus 25-28
0: mpibind: task   7 nths  3 gpus 7 cpus 29-31,33
0: mpibind: task   8 nths  3 gpus 8 cpus 34-37
0: mpibind: task   9 nths  3 gpus 9 cpus 38-39,41
0: mpibind: task  10 nths  3 gpus 10 cpus 42-44
0: mpibind: task  11 nths  3 gpus 11 cpus 45-47
0: mpibind: task  12 nths  3 gpus 12 cpus 49-52
0: mpibind: task  13 nths  3 gpus 13 cpus 53-55,57
0: mpibind: task  14 nths  3 gpus 14 cpus 58-61
0: mpibind: task  15 nths  3 gpus 15 cpus 62-63,65
0: mpibind: task  16 nths  3 gpus 16 cpus 66-68
0: mpibind: task  17 nths  3 gpus 17 cpus 69-71
0: mpibind: task  18 nths  3 gpus 18 cpus 73-76
0: mpibind: task  19 nths  3 gpus 19 cpus 77-79,81
0: mpibind: task  20 nths  3 gpus 20 cpus 82-85
0: mpibind: task  21 nths  3 gpus 21 cpus 86-87,89
0: mpibind: task  22 nths  3 gpus 22 cpus 90-92
0: mpibind: task  23 nths  3 gpus 23 cpus 93-95
0: 0.106s: flux-shell[12]: mpibind: 
0: mpibind: task   0 nths  3 gpus 0 cpus 1-4
0: mpibind: task   1 nths  3 gpus 1 cpus 5-7,9
0: mpibind: task   2 nths  3 gpus 2 cpus 10-13
0: mpibind: task   3 nths  3 gpus 3 cpus 14-15,17
0: mpibind: task   4 nths  3 gpus 4 cpus 18-20
0: mpibind: task   5 nths  3 gpus 5 cpus 21-23
0: mpibind: task   6 nths  3 gpus 6 cpus 25-28
0: mpibind: task   7 nths  3 gpus 7 cpus 29-31,33
0: mpibind: task   8 nths  3 gpus 8 cpus 34-37
0: mpibind: task   9 nths  3 gpus 9 cpus 38-39,41
0: mpibind: task  10 nths  3 gpus 10 cpus 42-44
0: mpibind: task  11 nths  3 gpus 11 cpus 45-47
0: mpibind: task  12 nths  3 gpus 12 cpus 49-52
0: mpibind: task  13 nths  3 gpus 13 cpus 53-55,57
0: mpibind: task  14 nths  3 gpus 14 cpus 58-61
0: mpibind: task  15 nths  3 gpus 15 cpus 62-63,65
0: mpibind: task  16 nths  3 gpus 16 cpus 66-68
0: mpibind: task  17 nths  3 gpus 17 cpus 69-71
0: mpibind: task  18 nths  3 gpus 18 cpus 73-76
0: mpibind: task  19 nths  3 gpus 19 cpus 77-79,81
0: mpibind: task  20 nths  3 gpus 20 cpus 82-85
0: mpibind: task  21 nths  3 gpus 21 cpus 86-87,89
0: mpibind: task  22 nths  3 gpus 22 cpus 90-92
0: mpibind: task  23 nths  3 gpus 23 cpus 93-95
0: 0.109s: flux-shell[13]: mpibind: 
0: mpibind: task   0 nths  3 gpus 0 cpus 1-4
0: mpibind: task   1 nths  3 gpus 1 cpus 5-7,9
0: mpibind: task   2 nths  3 gpus 2 cpus 10-13
0: mpibind: task   3 nths  3 gpus 3 cpus 14-15,17
0: mpibind: task   4 nths  3 gpus 4 cpus 18-20
0: mpibind: task   5 nths  3 gpus 5 cpus 21-23
0: mpibind: task   6 nths  3 gpus 6 cpus 25-28
0: mpibind: task   7 nths  3 gpus 7 cpus 29-31,33
0: mpibind: task   8 nths  3 gpus 8 cpus 34-37
0: mpibind: task   9 nths  3 gpus 9 cpus 38-39,41
0: mpibind: task  10 nths  3 gpus 10 cpus 42-44
0: mpibind: task  11 nths  3 gpus 11 cpus 45-47
0: mpibind: task  12 nths  3 gpus 12 cpus 49-52
0: mpibind: task  13 nths  3 gpus 13 cpus 53-55,57
0: mpibind: task  14 nths  3 gpus 14 cpus 58-61
0: mpibind: task  15 nths  3 gpus 15 cpus 62-63,65
0: mpibind: task  16 nths  3 gpus 16 cpus 66-68
0: mpibind: task  17 nths  3 gpus 17 cpus 69-71
0: mpibind: task  18 nths  3 gpus 18 cpus 73-76
0: mpibind: task  19 nths  3 gpus 19 cpus 77-79,81
0: mpibind: task  20 nths  3 gpus 20 cpus 82-85
0: mpibind: task  21 nths  3 gpus 21 cpus 86-87,89
0: mpibind: task  22 nths  3 gpus 22 cpus 90-92
0: mpibind: task  23 nths  3 gpus 23 cpus 93-95
0: 0.105s: flux-shell[10]: mpibind: 
0: mpibind: task   0 nths  3 gpus 0 cpus 1-4
0: mpibind: task   1 nths  3 gpus 1 cpus 5-7,9
0: mpibind: task   2 nths  3 gpus 2 cpus 10-13
0: mpibind: task   3 nths  3 gpus 3 cpus 14-15,17
0: mpibind: task   4 nths  3 gpus 4 cpus 18-20
0: mpibind: task   5 nths  3 gpus 5 cpus 21-23
0: mpibind: task   6 nths  3 gpus 6 cpus 25-28
0: mpibind: task   7 nths  3 gpus 7 cpus 29-31,33
0: mpibind: task   8 nths  3 gpus 8 cpus 34-37
0: mpibind: task   9 nths  3 gpus 9 cpus 38-39,41
0: mpibind: task  10 nths  3 gpus 10 cpus 42-44
0: mpibind: task  11 nths  3 gpus 11 cpus 45-47
0: mpibind: task  12 nths  3 gpus 12 cpus 49-52
0: mpibind: task  13 nths  3 gpus 13 cpus 53-55,57
0: mpibind: task  14 nths  3 gpus 14 cpus 58-61
0: mpibind: task  15 nths  3 gpus 15 cpus 62-63,65
0: mpibind: task  16 nths  3 gpus 16 cpus 66-68
0: mpibind: task  17 nths  3 gpus 17 cpus 69-71
0: mpibind: task  18 nths  3 gpus 18 cpus 73-76
0: mpibind: task  19 nths  3 gpus 19 cpus 77-79,81
0: mpibind: task  20 nths  3 gpus 20 cpus 82-85
0: mpibind: task  21 nths  3 gpus 21 cpus 86-87,89
0: mpibind: task  22 nths  3 gpus 22 cpus 90-92
0: mpibind: task  23 nths  3 gpus 23 cpus 93-95
0: 0.110s: flux-shell[15]: mpibind: 
0: mpibind: task   0 nths  3 gpus 0 cpus 1-4
0: mpibind: task   1 nths  3 gpus 1 cpus 5-7,9
0: mpibind: task   2 nths  3 gpus 2 cpus 10-13
0: mpibind: task   3 nths  3 gpus 3 cpus 14-15,17
0: mpibind: task   4 nths  3 gpus 4 cpus 18-20
0: mpibind: task   5 nths  3 gpus 5 cpus 21-23
0: mpibind: task   6 nths  3 gpus 6 cpus 25-28
0: mpibind: task   7 nths  3 gpus 7 cpus 29-31,33
0: mpibind: task   8 nths  3 gpus 8 cpus 34-37
0: mpibind: task   9 nths  3 gpus 9 cpus 38-39,41
0: mpibind: task  10 nths  3 gpus 10 cpus 42-44
0: mpibind: task  11 nths  3 gpus 11 cpus 45-47
0: mpibind: task  12 nths  3 gpus 12 cpus 49-52
0: mpibind: task  13 nths  3 gpus 13 cpus 53-55,57
0: mpibind: task  14 nths  3 gpus 14 cpus 58-61
0: mpibind: task  15 nths  3 gpus 15 cpus 62-63,65
0: mpibind: task  16 nths  3 gpus 16 cpus 66-68
0: mpibind: task  17 nths  3 gpus 17 cpus 69-71
0: mpibind: task  18 nths  3 gpus 18 cpus 73-76
0: mpibind: task  19 nths  3 gpus 19 cpus 77-79,81
0: mpibind: task  20 nths  3 gpus 20 cpus 82-85
0: mpibind: task  21 nths  3 gpus 21 cpus 86-87,89
0: mpibind: task  22 nths  3 gpus 22 cpus 90-92
0: mpibind: task  23 nths  3 gpus 23 cpus 93-95
0: 0.103s: flux-shell[14]: mpibind: 
0: mpibind: task   0 nths  3 gpus 0 cpus 1-4
0: mpibind: task   1 nths  3 gpus 1 cpus 5-7,9
0: mpibind: task   2 nths  3 gpus 2 cpus 10-13
0: mpibind: task   3 nths  3 gpus 3 cpus 14-15,17
0: mpibind: task   4 nths  3 gpus 4 cpus 18-20
0: mpibind: task   5 nths  3 gpus 5 cpus 21-23
0: mpibind: task   6 nths  3 gpus 6 cpus 25-28
0: mpibind: task   7 nths  3 gpus 7 cpus 29-31,33
0: mpibind: task   8 nths  3 gpus 8 cpus 34-37
0: mpibind: task   9 nths  3 gpus 9 cpus 38-39,41
0: mpibind: task  10 nths  3 gpus 10 cpus 42-44
0: mpibind: task  11 nths  3 gpus 11 cpus 45-47
0: mpibind: task  12 nths  3 gpus 12 cpus 49-52
0: mpibind: task  13 nths  3 gpus 13 cpus 53-55,57
0: mpibind: task  14 nths  3 gpus 14 cpus 58-61
0: mpibind: task  15 nths  3 gpus 15 cpus 62-63,65
0: mpibind: task  16 nths  3 gpus 16 cpus 66-68
0: mpibind: task  17 nths  3 gpus 17 cpus 69-71
0: mpibind: task  18 nths  3 gpus 18 cpus 73-76
0: mpibind: task  19 nths  3 gpus 19 cpus 77-79,81
0: mpibind: task  20 nths  3 gpus 20 cpus 82-85
0: mpibind: task  21 nths  3 gpus 21 cpus 86-87,89
0: mpibind: task  22 nths  3 gpus 22 cpus 90-92
0: mpibind: task  23 nths  3 gpus 23 cpus 93-95
0: jobid: f2L4vddDh
0: 0.107s: flux-shell[1]: mpibind: 
0: mpibind: task   0 nths  3 gpus 0 cpus 1-4
0: mpibind: task   1 nths  3 gpus 1 cpus 5-7,9
0: mpibind: task   2 nths  3 gpus 2 cpus 10-13
0: mpibind: task   3 nths  3 gpus 3 cpus 14-15,17
0: mpibind: task   4 nths  3 gpus 4 cpus 18-20
0: mpibind: task   5 nths  3 gpus 5 cpus 21-23
0: mpibind: task   6 nths  3 gpus 6 cpus 25-28
0: mpibind: task   7 nths  3 gpus 7 cpus 29-31,33
0: mpibind: task   8 nths  3 gpus 8 cpus 34-37
0: mpibind: task   9 nths  3 gpus 9 cpus 38-39,41
0: mpibind: task  10 nths  3 gpus 10 cpus 42-44
0: mpibind: task  11 nths  3 gpus 11 cpus 45-47
0: mpibind: task  12 nths  3 gpus 12 cpus 49-52
0: mpibind: task  13 nths  3 gpus 13 cpus 53-55,57
0: mpibind: task  14 nths  3 gpus 14 cpus 58-61
0: mpibind: task  15 nths  3 gpus 15 cpus 62-63,65
0: mpibind: task  16 nths  3 gpus 16 cpus 66-68
0: mpibind: task  17 nths  3 gpus 17 cpus 69-71
0: mpibind: task  18 nths  3 gpus 18 cpus 73-76
0: mpibind: task  19 nths  3 gpus 19 cpus 77-79,81
0: mpibind: task  20 nths  3 gpus 20 cpus 82-85
0: mpibind: task  21 nths  3 gpus 21 cpus 86-87,89
0: mpibind: task  22 nths  3 gpus 22 cpus 90-92
0: mpibind: task  23 nths  3 gpus 23 cpus 93-95
0: 0.103s: flux-shell[6]: mpibind: 
0: mpibind: task   0 nths  3 gpus 0 cpus 1-4
0: mpibind: task   1 nths  3 gpus 1 cpus 5-7,9
0: mpibind: task   2 nths  3 gpus 2 cpus 10-13
0: mpibind: task   3 nths  3 gpus 3 cpus 14-15,17
0: mpibind: task   4 nths  3 gpus 4 cpus 18-20
0: mpibind: task   5 nths  3 gpus 5 cpus 21-23
0: mpibind: task   6 nths  3 gpus 6 cpus 25-28
0: mpibind: task   7 nths  3 gpus 7 cpus 29-31,33
0: mpibind: task   8 nths  3 gpus 8 cpus 34-37
0: mpibind: task   9 nths  3 gpus 9 cpus 38-39,41
0: mpibind: task  10 nths  3 gpus 10 cpus 42-44
0: mpibind: task  11 nths  3 gpus 11 cpus 45-47
0: mpibind: task  12 nths  3 gpus 12 cpus 49-52
0: mpibind: task  13 nths  3 gpus 13 cpus 53-55,57
0: mpibind: task  14 nths  3 gpus 14 cpus 58-61
0: mpibind: task  15 nths  3 gpus 15 cpus 62-63,65
0: mpibind: task  16 nths  3 gpus 16 cpus 66-68
0: mpibind: task  17 nths  3 gpus 17 cpus 69-71
0: mpibind: task  18 nths  3 gpus 18 cpus 73-76
0: mpibind: task  19 nths  3 gpus 19 cpus 77-79,81
0: mpibind: task  20 nths  3 gpus 20 cpus 82-85
0: mpibind: task  21 nths  3 gpus 21 cpus 86-87,89
0: mpibind: task  22 nths  3 gpus 22 cpus 90-92
0: mpibind: task  23 nths  3 gpus 23 cpus 93-95
0: 0.110s: flux-shell[2]: mpibind: 
0: mpibind: task   0 nths  3 gpus 0 cpus 1-4
0: mpibind: task   1 nths  3 gpus 1 cpus 5-7,9
0: mpibind: task   2 nths  3 gpus 2 cpus 10-13
0: mpibind: task   3 nths  3 gpus 3 cpus 14-15,17
0: mpibind: task   4 nths  3 gpus 4 cpus 18-20
0: mpibind: task   5 nths  3 gpus 5 cpus 21-23
0: mpibind: task   6 nths  3 gpus 6 cpus 25-28
0: mpibind: task   7 nths  3 gpus 7 cpus 29-31,33
0: mpibind: task   8 nths  3 gpus 8 cpus 34-37
0: mpibind: task   9 nths  3 gpus 9 cpus 38-39,41
0: mpibind: task  10 nths  3 gpus 10 cpus 42-44
0: mpibind: task  11 nths  3 gpus 11 cpus 45-47
0: mpibind: task  12 nths  3 gpus 12 cpus 49-52
0: mpibind: task  13 nths  3 gpus 13 cpus 53-55,57
0: mpibind: task  14 nths  3 gpus 14 cpus 58-61
0: mpibind: task  15 nths  3 gpus 15 cpus 62-63,65
0: mpibind: task  16 nths  3 gpus 16 cpus 66-68
0: mpibind: task  17 nths  3 gpus 17 cpus 69-71
0: mpibind: task  18 nths  3 gpus 18 cpus 73-76
0: mpibind: task  19 nths  3 gpus 19 cpus 77-79,81
0: mpibind: task  20 nths  3 gpus 20 cpus 82-85
0: mpibind: task  21 nths  3 gpus 21 cpus 86-87,89
0: mpibind: task  22 nths  3 gpus 22 cpus 90-92
0: mpibind: task  23 nths  3 gpus 23 cpus 93-95
0: 0.113s: flux-shell[3]: mpibind: 
0: mpibind: task   0 nths  3 gpus 0 cpus 1-4
0: mpibind: task   1 nths  3 gpus 1 cpus 5-7,9
0: mpibind: task   2 nths  3 gpus 2 cpus 10-13
0: mpibind: task   3 nths  3 gpus 3 cpus 14-15,17
0: mpibind: task   4 nths  3 gpus 4 cpus 18-20
0: mpibind: task   5 nths  3 gpus 5 cpus 21-23
0: mpibind: task   6 nths  3 gpus 6 cpus 25-28
0: mpibind: task   7 nths  3 gpus 7 cpus 29-31,33
0: mpibind: task   8 nths  3 gpus 8 cpus 34-37
0: mpibind: task   9 nths  3 gpus 9 cpus 38-39,41
0: mpibind: task  10 nths  3 gpus 10 cpus 42-44
0: mpibind: task  11 nths  3 gpus 11 cpus 45-47
0: mpibind: task  12 nths  3 gpus 12 cpus 49-52
0: mpibind: task  13 nths  3 gpus 13 cpus 53-55,57
0: mpibind: task  14 nths  3 gpus 14 cpus 58-61
0: mpibind: task  15 nths  3 gpus 15 cpus 62-63,65
0: mpibind: task  16 nths  3 gpus 16 cpus 66-68
0: mpibind: task  17 nths  3 gpus 17 cpus 69-71
0: mpibind: task  18 nths  3 gpus 18 cpus 73-76
0: mpibind: task  19 nths  3 gpus 19 cpus 77-79,81
0: mpibind: task  20 nths  3 gpus 20 cpus 82-85
0: mpibind: task  21 nths  3 gpus 21 cpus 86-87,89
0: mpibind: task  22 nths  3 gpus 22 cpus 90-92
0: mpibind: task  23 nths  3 gpus 23 cpus 93-95
0: 0.110s: flux-shell[5]: mpibind: 
0: mpibind: task   0 nths  3 gpus 0 cpus 1-4
0: mpibind: task   1 nths  3 gpus 1 cpus 5-7,9
0: mpibind: task   2 nths  3 gpus 2 cpus 10-13
0: mpibind: task   3 nths  3 gpus 3 cpus 14-15,17
0: mpibind: task   4 nths  3 gpus 4 cpus 18-20
0: mpibind: task   5 nths  3 gpus 5 cpus 21-23
0: mpibind: task   6 nths  3 gpus 6 cpus 25-28
0: mpibind: task   7 nths  3 gpus 7 cpus 29-31,33
0: mpibind: task   8 nths  3 gpus 8 cpus 34-37
0: mpibind: task   9 nths  3 gpus 9 cpus 38-39,41
0: mpibind: task  10 nths  3 gpus 10 cpus 42-44
0: mpibind: task  11 nths  3 gpus 11 cpus 45-47
0: mpibind: task  12 nths  3 gpus 12 cpus 49-52
0: mpibind: task  13 nths  3 gpus 13 cpus 53-55,57
0: mpibind: task  14 nths  3 gpus 14 cpus 58-61
0: mpibind: task  15 nths  3 gpus 15 cpus 62-63,65
0: mpibind: task  16 nths  3 gpus 16 cpus 66-68
0: mpibind: task  17 nths  3 gpus 17 cpus 69-71
0: mpibind: task  18 nths  3 gpus 18 cpus 73-76
0: mpibind: task  19 nths  3 gpus 19 cpus 77-79,81
0: mpibind: task  20 nths  3 gpus 20 cpus 82-85
0: mpibind: task  21 nths  3 gpus 21 cpus 86-87,89
0: mpibind: task  22 nths  3 gpus 22 cpus 90-92
0: mpibind: task  23 nths  3 gpus 23 cpus 93-95
0: 0.110s: flux-shell[4]: mpibind: 
0: mpibind: task   0 nths  3 gpus 0 cpus 1-4
0: mpibind: task   1 nths  3 gpus 1 cpus 5-7,9
0: mpibind: task   2 nths  3 gpus 2 cpus 10-13
0: mpibind: task   3 nths  3 gpus 3 cpus 14-15,17
0: mpibind: task   4 nths  3 gpus 4 cpus 18-20
0: mpibind: task   5 nths  3 gpus 5 cpus 21-23
0: mpibind: task   6 nths  3 gpus 6 cpus 25-28
0: mpibind: task   7 nths  3 gpus 7 cpus 29-31,33
0: mpibind: task   8 nths  3 gpus 8 cpus 34-37
0: mpibind: task   9 nths  3 gpus 9 cpus 38-39,41
0: mpibind: task  10 nths  3 gpus 10 cpus 42-44
0: mpibind: task  11 nths  3 gpus 11 cpus 45-47
0: mpibind: task  12 nths  3 gpus 12 cpus 49-52
0: mpibind: task  13 nths  3 gpus 13 cpus 53-55,57
0: mpibind: task  14 nths  3 gpus 14 cpus 58-61
0: mpibind: task  15 nths  3 gpus 15 cpus 62-63,65
0: mpibind: task  16 nths  3 gpus 16 cpus 66-68
0: mpibind: task  17 nths  3 gpus 17 cpus 69-71
0: mpibind: task  18 nths  3 gpus 18 cpus 73-76
0: mpibind: task  19 nths  3 gpus 19 cpus 77-79,81
0: mpibind: task  20 nths  3 gpus 20 cpus 82-85
0: mpibind: task  21 nths  3 gpus 21 cpus 86-87,89
0: mpibind: task  22 nths  3 gpus 22 cpus 90-92
0: mpibind: task  23 nths  3 gpus 23 cpus 93-95
0: 0.108s: flux-shell[7]: mpibind: 
0: mpibind: task   0 nths  3 gpus 0 cpus 1-4
0: mpibind: task   1 nths  3 gpus 1 cpus 5-7,9
0: mpibind: task   2 nths  3 gpus 2 cpus 10-13
0: mpibind: task   3 nths  3 gpus 3 cpus 14-15,17
0: mpibind: task   4 nths  3 gpus 4 cpus 18-20
0: mpibind: task   5 nths  3 gpus 5 cpus 21-23
0: mpibind: task   6 nths  3 gpus 6 cpus 25-28
0: mpibind: task   7 nths  3 gpus 7 cpus 29-31,33
0: mpibind: task   8 nths  3 gpus 8 cpus 34-37
0: mpibind: task   9 nths  3 gpus 9 cpus 38-39,41
0: mpibind: task  10 nths  3 gpus 10 cpus 42-44
0: mpibind: task  11 nths  3 gpus 11 cpus 45-47
0: mpibind: task  12 nths  3 gpus 12 cpus 49-52
0: mpibind: task  13 nths  3 gpus 13 cpus 53-55,57
0: mpibind: task  14 nths  3 gpus 14 cpus 58-61
0: mpibind: task  15 nths  3 gpus 15 cpus 62-63,65
0: mpibind: task  16 nths  3 gpus 16 cpus 66-68
0: mpibind: task  17 nths  3 gpus 17 cpus 69-71
0: mpibind: task  18 nths  3 gpus 18 cpus 73-76
0: mpibind: task  19 nths  3 gpus 19 cpus 77-79,81
0: mpibind: task  20 nths  3 gpus 20 cpus 82-85
0: mpibind: task  21 nths  3 gpus 21 cpus 86-87,89
0: mpibind: task  22 nths  3 gpus 22 cpus 90-92
0: mpibind: task  23 nths  3 gpus 23 cpus 93-95
0: 0.106s: flux-shell[9]: mpibind: 
0: mpibind: task   0 nths  3 gpus 0 cpus 1-4
0: mpibind: task   1 nths  3 gpus 1 cpus 5-7,9
0: mpibind: task   2 nths  3 gpus 2 cpus 10-13
0: mpibind: task   3 nths  3 gpus 3 cpus 14-15,17
0: mpibind: task   4 nths  3 gpus 4 cpus 18-20
0: mpibind: task   5 nths  3 gpus 5 cpus 21-23
0: mpibind: task   6 nths  3 gpus 6 cpus 25-28
0: mpibind: task   7 nths  3 gpus 7 cpus 29-31,33
0: mpibind: task   8 nths  3 gpus 8 cpus 34-37
0: mpibind: task   9 nths  3 gpus 9 cpus 38-39,41
0: mpibind: task  10 nths  3 gpus 10 cpus 42-44
0: mpibind: task  11 nths  3 gpus 11 cpus 45-47
0: mpibind: task  12 nths  3 gpus 12 cpus 49-52
0: mpibind: task  13 nths  3 gpus 13 cpus 53-55,57
0: mpibind: task  14 nths  3 gpus 14 cpus 58-61
0: mpibind: task  15 nths  3 gpus 15 cpus 62-63,65
0: mpibind: task  16 nths  3 gpus 16 cpus 66-68
0: mpibind: task  17 nths  3 gpus 17 cpus 69-71
0: mpibind: task  18 nths  3 gpus 18 cpus 73-76
0: mpibind: task  19 nths  3 gpus 19 cpus 77-79,81
0: mpibind: task  20 nths  3 gpus 20 cpus 82-85
0: mpibind: task  21 nths  3 gpus 21 cpus 86-87,89
0: mpibind: task  22 nths  3 gpus 22 cpus 90-92
0: mpibind: task  23 nths  3 gpus 23 cpus 93-95
0: 0.098s: flux-shell[0]: mpibind: 
0: mpibind: task   0 nths  3 gpus 0 cpus 1-4
0: mpibind: task   1 nths  3 gpus 1 cpus 5-7,9
0: mpibind: task   2 nths  3 gpus 2 cpus 10-13
0: mpibind: task   3 nths  3 gpus 3 cpus 14-15,17
0: mpibind: task   4 nths  3 gpus 4 cpus 18-20
0: mpibind: task   5 nths  3 gpus 5 cpus 21-23
0: mpibind: task   6 nths  3 gpus 6 cpus 25-28
0: mpibind: task   7 nths  3 gpus 7 cpus 29-31,33
0: mpibind: task   8 nths  3 gpus 8 cpus 34-37
0: mpibind: task   9 nths  3 gpus 9 cpus 38-39,41
0: mpibind: task  10 nths  3 gpus 10 cpus 42-44
0: mpibind: task  11 nths  3 gpus 11 cpus 45-47
0: mpibind: task  12 nths  3 gpus 12 cpus 49-52
0: mpibind: task  13 nths  3 gpus 13 cpus 53-55,57
0: mpibind: task  14 nths  3 gpus 14 cpus 58-61
0: mpibind: task  15 nths  3 gpus 15 cpus 62-63,65
0: mpibind: task  16 nths  3 gpus 16 cpus 66-68
0: mpibind: task  17 nths  3 gpus 17 cpus 69-71
0: mpibind: task  18 nths  3 gpus 18 cpus 73-76
0: mpibind: task  19 nths  3 gpus 19 cpus 77-79,81
0: mpibind: task  20 nths  3 gpus 20 cpus 82-85
0: mpibind: task  21 nths  3 gpus 21 cpus 86-87,89
0: mpibind: task  22 nths  3 gpus 22 cpus 90-92
0: mpibind: task  23 nths  3 gpus 23 cpus 93-95
0: 0.113s: flux-shell[8]: mpibind: 
0: mpibind: task   0 nths  3 gpus 0 cpus 1-4
0: mpibind: task   1 nths  3 gpus 1 cpus 5-7,9
0: mpibind: task   2 nths  3 gpus 2 cpus 10-13
0: mpibind: task   3 nths  3 gpus 3 cpus 14-15,17
0: mpibind: task   4 nths  3 gpus 4 cpus 18-20
0: mpibind: task   5 nths  3 gpus 5 cpus 21-23
0: mpibind: task   6 nths  3 gpus 6 cpus 25-28
0: mpibind: task   7 nths  3 gpus 7 cpus 29-31,33
0: mpibind: task   8 nths  3 gpus 8 cpus 34-37
0: mpibind: task   9 nths  3 gpus 9 cpus 38-39,41
0: mpibind: task  10 nths  3 gpus 10 cpus 42-44
0: mpibind: task  11 nths  3 gpus 11 cpus 45-47
0: mpibind: task  12 nths  3 gpus 12 cpus 49-52
0: mpibind: task  13 nths  3 gpus 13 cpus 53-55,57
0: mpibind: task  14 nths  3 gpus 14 cpus 58-61
0: mpibind: task  15 nths  3 gpus 15 cpus 62-63,65
0: mpibind: task  16 nths  3 gpus 16 cpus 66-68
0: mpibind: task  17 nths  3 gpus 17 cpus 69-71
0: mpibind: task  18 nths  3 gpus 18 cpus 73-76
0: mpibind: task  19 nths  3 gpus 19 cpus 77-79,81
0: mpibind: task  20 nths  3 gpus 20 cpus 82-85
0: mpibind: task  21 nths  3 gpus 21 cpus 86-87,89
0: mpibind: task  22 nths  3 gpus 22 cpus 90-92
0: mpibind: task  23 nths  3 gpus 23 cpus 93-95
0: 0.113s: flux-shell[12]: mpibind: 
0: mpibind: task   0 nths  3 gpus 0 cpus 1-4
0: mpibind: task   1 nths  3 gpus 1 cpus 5-7,9
0: mpibind: task   2 nths  3 gpus 2 cpus 10-13
0: mpibind: task   3 nths  3 gpus 3 cpus 14-15,17
0: mpibind: task   4 nths  3 gpus 4 cpus 18-20
0: mpibind: task   5 nths  3 gpus 5 cpus 21-23
0: mpibind: task   6 nths  3 gpus 6 cpus 25-28
0: mpibind: task   7 nths  3 gpus 7 cpus 29-31,33
0: mpibind: task   8 nths  3 gpus 8 cpus 34-37
0: mpibind: task   9 nths  3 gpus 9 cpus 38-39,41
0: mpibind: task  10 nths  3 gpus 10 cpus 42-44
0: mpibind: task  11 nths  3 gpus 11 cpus 45-47
0: mpibind: task  12 nths  3 gpus 12 cpus 49-52
0: mpibind: task  13 nths  3 gpus 13 cpus 53-55,57
0: mpibind: task  14 nths  3 gpus 14 cpus 58-61
0: mpibind: task  15 nths  3 gpus 15 cpus 62-63,65
0: mpibind: task  16 nths  3 gpus 16 cpus 66-68
0: mpibind: task  17 nths  3 gpus 17 cpus 69-71
0: mpibind: task  18 nths  3 gpus 18 cpus 73-76
0: mpibind: task  19 nths  3 gpus 19 cpus 77-79,81
0: mpibind: task  20 nths  3 gpus 20 cpus 82-85
0: mpibind: task  21 nths  3 gpus 21 cpus 86-87,89
0: mpibind: task  22 nths  3 gpus 22 cpus 90-92
0: mpibind: task  23 nths  3 gpus 23 cpus 93-95
0: 0.112s: flux-shell[11]: mpibind: 
0: mpibind: task   0 nths  3 gpus 0 cpus 1-4
0: mpibind: task   1 nths  3 gpus 1 cpus 5-7,9
0: mpibind: task   2 nths  3 gpus 2 cpus 10-13
0: mpibind: task   3 nths  3 gpus 3 cpus 14-15,17
0: mpibind: task   4 nths  3 gpus 4 cpus 18-20
0: mpibind: task   5 nths  3 gpus 5 cpus 21-23
0: mpibind: task   6 nths  3 gpus 6 cpus 25-28
0: mpibind: task   7 nths  3 gpus 7 cpus 29-31,33
0: mpibind: task   8 nths  3 gpus 8 cpus 34-37
0: mpibind: task   9 nths  3 gpus 9 cpus 38-39,41
0: mpibind: task  10 nths  3 gpus 10 cpus 42-44
0: mpibind: task  11 nths  3 gpus 11 cpus 45-47
0: mpibind: task  12 nths  3 gpus 12 cpus 49-52
0: mpibind: task  13 nths  3 gpus 13 cpus 53-55,57
0: mpibind: task  14 nths  3 gpus 14 cpus 58-61
0: mpibind: task  15 nths  3 gpus 15 cpus 62-63,65
0: mpibind: task  16 nths  3 gpus 16 cpus 66-68
0: mpibind: task  17 nths  3 gpus 17 cpus 69-71
0: mpibind: task  18 nths  3 gpus 18 cpus 73-76
0: mpibind: task  19 nths  3 gpus 19 cpus 77-79,81
0: mpibind: task  20 nths  3 gpus 20 cpus 82-85
0: mpibind: task  21 nths  3 gpus 21 cpus 86-87,89
0: mpibind: task  22 nths  3 gpus 22 cpus 90-92
0: mpibind: task  23 nths  3 gpus 23 cpus 93-95
0: 0.108s: flux-shell[10]: mpibind: 
0: mpibind: task   0 nths  3 gpus 0 cpus 1-4
0: mpibind: task   1 nths  3 gpus 1 cpus 5-7,9
0: mpibind: task   2 nths  3 gpus 2 cpus 10-13
0: mpibind: task   3 nths  3 gpus 3 cpus 14-15,17
0: mpibind: task   4 nths  3 gpus 4 cpus 18-20
0: mpibind: task   5 nths  3 gpus 5 cpus 21-23
0: mpibind: task   6 nths  3 gpus 6 cpus 25-28
0: mpibind: task   7 nths  3 gpus 7 cpus 29-31,33
0: mpibind: task   8 nths  3 gpus 8 cpus 34-37
0: mpibind: task   9 nths  3 gpus 9 cpus 38-39,41
0: mpibind: task  10 nths  3 gpus 10 cpus 42-44
0: mpibind: task  11 nths  3 gpus 11 cpus 45-47
0: mpibind: task  12 nths  3 gpus 12 cpus 49-52
0: mpibind: task  13 nths  3 gpus 13 cpus 53-55,57
0: mpibind: task  14 nths  3 gpus 14 cpus 58-61
0: mpibind: task  15 nths  3 gpus 15 cpus 62-63,65
0: mpibind: task  16 nths  3 gpus 16 cpus 66-68
0: mpibind: task  17 nths  3 gpus 17 cpus 69-71
0: mpibind: task  18 nths  3 gpus 18 cpus 73-76
0: mpibind: task  19 nths  3 gpus 19 cpus 77-79,81
0: mpibind: task  20 nths  3 gpus 20 cpus 82-85
0: mpibind: task  21 nths  3 gpus 21 cpus 86-87,89
0: mpibind: task  22 nths  3 gpus 22 cpus 90-92
0: mpibind: task  23 nths  3 gpus 23 cpus 93-95
0: 0.113s: flux-shell[13]: mpibind: 
0: mpibind: task   0 nths  3 gpus 0 cpus 1-4
0: mpibind: task   1 nths  3 gpus 1 cpus 5-7,9
0: mpibind: task   2 nths  3 gpus 2 cpus 10-13
0: mpibind: task   3 nths  3 gpus 3 cpus 14-15,17
0: mpibind: task   4 nths  3 gpus 4 cpus 18-20
0: mpibind: task   5 nths  3 gpus 5 cpus 21-23
0: mpibind: task   6 nths  3 gpus 6 cpus 25-28
0: mpibind: task   7 nths  3 gpus 7 cpus 29-31,33
0: mpibind: task   8 nths  3 gpus 8 cpus 34-37
0: mpibind: task   9 nths  3 gpus 9 cpus 38-39,41
0: mpibind: task  10 nths  3 gpus 10 cpus 42-44
0: mpibind: task  11 nths  3 gpus 11 cpus 45-47
0: mpibind: task  12 nths  3 gpus 12 cpus 49-52
0: mpibind: task  13 nths  3 gpus 13 cpus 53-55,57
0: mpibind: task  14 nths  3 gpus 14 cpus 58-61
0: mpibind: task  15 nths  3 gpus 15 cpus 62-63,65
0: mpibind: task  16 nths  3 gpus 16 cpus 66-68
0: mpibind: task  17 nths  3 gpus 17 cpus 69-71
0: mpibind: task  18 nths  3 gpus 18 cpus 73-76
0: mpibind: task  19 nths  3 gpus 19 cpus 77-79,81
0: mpibind: task  20 nths  3 gpus 20 cpus 82-85
0: mpibind: task  21 nths  3 gpus 21 cpus 86-87,89
0: mpibind: task  22 nths  3 gpus 22 cpus 90-92
0: mpibind: task  23 nths  3 gpus 23 cpus 93-95
0: 0.114s: flux-shell[15]: mpibind: 
0: mpibind: task   0 nths  3 gpus 0 cpus 1-4
0: mpibind: task   1 nths  3 gpus 1 cpus 5-7,9
0: mpibind: task   2 nths  3 gpus 2 cpus 10-13
0: mpibind: task   3 nths  3 gpus 3 cpus 14-15,17
0: mpibind: task   4 nths  3 gpus 4 cpus 18-20
0: mpibind: task   5 nths  3 gpus 5 cpus 21-23
0: mpibind: task   6 nths  3 gpus 6 cpus 25-28
0: mpibind: task   7 nths  3 gpus 7 cpus 29-31,33
0: mpibind: task   8 nths  3 gpus 8 cpus 34-37
0: mpibind: task   9 nths  3 gpus 9 cpus 38-39,41
0: mpibind: task  10 nths  3 gpus 10 cpus 42-44
0: mpibind: task  11 nths  3 gpus 11 cpus 45-47
0: mpibind: task  12 nths  3 gpus 12 cpus 49-52
0: mpibind: task  13 nths  3 gpus 13 cpus 53-55,57
0: mpibind: task  14 nths  3 gpus 14 cpus 58-61
0: mpibind: task  15 nths  3 gpus 15 cpus 62-63,65
0: mpibind: task  16 nths  3 gpus 16 cpus 66-68
0: mpibind: task  17 nths  3 gpus 17 cpus 69-71
0: mpibind: task  18 nths  3 gpus 18 cpus 73-76
0: mpibind: task  19 nths  3 gpus 19 cpus 77-79,81
0: mpibind: task  20 nths  3 gpus 20 cpus 82-85
0: mpibind: task  21 nths  3 gpus 21 cpus 86-87,89
0: mpibind: task  22 nths  3 gpus 22 cpus 90-92
0: mpibind: task  23 nths  3 gpus 23 cpus 93-95
0: 0.111s: flux-shell[14]: mpibind: 
0: mpibind: task   0 nths  3 gpus 0 cpus 1-4
0: mpibind: task   1 nths  3 gpus 1 cpus 5-7,9
0: mpibind: task   2 nths  3 gpus 2 cpus 10-13
0: mpibind: task   3 nths  3 gpus 3 cpus 14-15,17
0: mpibind: task   4 nths  3 gpus 4 cpus 18-20
0: mpibind: task   5 nths  3 gpus 5 cpus 21-23
0: mpibind: task   6 nths  3 gpus 6 cpus 25-28
0: mpibind: task   7 nths  3 gpus 7 cpus 29-31,33
0: mpibind: task   8 nths  3 gpus 8 cpus 34-37
0: mpibind: task   9 nths  3 gpus 9 cpus 38-39,41
0: mpibind: task  10 nths  3 gpus 10 cpus 42-44
0: mpibind: task  11 nths  3 gpus 11 cpus 45-47
0: mpibind: task  12 nths  3 gpus 12 cpus 49-52
0: mpibind: task  13 nths  3 gpus 13 cpus 53-55,57
0: mpibind: task  14 nths  3 gpus 14 cpus 58-61
0: mpibind: task  15 nths  3 gpus 15 cpus 62-63,65
0: mpibind: task  16 nths  3 gpus 16 cpus 66-68
0: mpibind: task  17 nths  3 gpus 17 cpus 69-71
0: mpibind: task  18 nths  3 gpus 18 cpus 73-76
0: mpibind: task  19 nths  3 gpus 19 cpus 77-79,81
0: mpibind: task  20 nths  3 gpus 20 cpus 82-85
0: mpibind: task  21 nths  3 gpus 21 cpus 86-87,89
0: mpibind: task  22 nths  3 gpus 22 cpus 90-92
0: mpibind: task  23 nths  3 gpus 23 cpus 93-95
0: jobid: f2UyyZ9cs
0: 0.103s: flux-shell[1]: mpibind: 
0: mpibind: task   0 nths  3 gpus 0 cpus 1-4
0: mpibind: task   1 nths  3 gpus 1 cpus 5-7,9
0: mpibind: task   2 nths  3 gpus 2 cpus 10-13
0: mpibind: task   3 nths  3 gpus 3 cpus 14-15,17
0: mpibind: task   4 nths  3 gpus 4 cpus 18-20
0: mpibind: task   5 nths  3 gpus 5 cpus 21-23
0: mpibind: task   6 nths  3 gpus 6 cpus 25-28
0: mpibind: task   7 nths  3 gpus 7 cpus 29-31,33
0: mpibind: task   8 nths  3 gpus 8 cpus 34-37
0: mpibind: task   9 nths  3 gpus 9 cpus 38-39,41
0: mpibind: task  10 nths  3 gpus 10 cpus 42-44
0: mpibind: task  11 nths  3 gpus 11 cpus 45-47
0: mpibind: task  12 nths  3 gpus 12 cpus 49-52
0: mpibind: task  13 nths  3 gpus 13 cpus 53-55,57
0: mpibind: task  14 nths  3 gpus 14 cpus 58-61
0: mpibind: task  15 nths  3 gpus 15 cpus 62-63,65
0: mpibind: task  16 nths  3 gpus 16 cpus 66-68
0: mpibind: task  17 nths  3 gpus 17 cpus 69-71
0: mpibind: task  18 nths  3 gpus 18 cpus 73-76
0: mpibind: task  19 nths  3 gpus 19 cpus 77-79,81
0: mpibind: task  20 nths  3 gpus 20 cpus 82-85
0: mpibind: task  21 nths  3 gpus 21 cpus 86-87,89
0: mpibind: task  22 nths  3 gpus 22 cpus 90-92
0: mpibind: task  23 nths  3 gpus 23 cpus 93-95
0: 0.100s: flux-shell[2]: mpibind: 
0: mpibind: task   0 nths  3 gpus 0 cpus 1-4
0: mpibind: task   1 nths  3 gpus 1 cpus 5-7,9
0: mpibind: task   2 nths  3 gpus 2 cpus 10-13
0: mpibind: task   3 nths  3 gpus 3 cpus 14-15,17
0: mpibind: task   4 nths  3 gpus 4 cpus 18-20
0: mpibind: task   5 nths  3 gpus 5 cpus 21-23
0: mpibind: task   6 nths  3 gpus 6 cpus 25-28
0: mpibind: task   7 nths  3 gpus 7 cpus 29-31,33
0: mpibind: task   8 nths  3 gpus 8 cpus 34-37
0: mpibind: task   9 nths  3 gpus 9 cpus 38-39,41
0: mpibind: task  10 nths  3 gpus 10 cpus 42-44
0: mpibind: task  11 nths  3 gpus 11 cpus 45-47
0: mpibind: task  12 nths  3 gpus 12 cpus 49-52
0: mpibind: task  13 nths  3 gpus 13 cpus 53-55,57
0: mpibind: task  14 nths  3 gpus 14 cpus 58-61
0: mpibind: task  15 nths  3 gpus 15 cpus 62-63,65
0: mpibind: task  16 nths  3 gpus 16 cpus 66-68
0: mpibind: task  17 nths  3 gpus 17 cpus 69-71
0: mpibind: task  18 nths  3 gpus 18 cpus 73-76
0: mpibind: task  19 nths  3 gpus 19 cpus 77-79,81
0: mpibind: task  20 nths  3 gpus 20 cpus 82-85
0: mpibind: task  21 nths  3 gpus 21 cpus 86-87,89
0: mpibind: task  22 nths  3 gpus 22 cpus 90-92
0: mpibind: task  23 nths  3 gpus 23 cpus 93-95
0: 0.097s: flux-shell[0]: mpibind: 
0: mpibind: task   0 nths  3 gpus 0 cpus 1-4
0: mpibind: task   1 nths  3 gpus 1 cpus 5-7,9
0: mpibind: task   2 nths  3 gpus 2 cpus 10-13
0: mpibind: task   3 nths  3 gpus 3 cpus 14-15,17
0: mpibind: task   4 nths  3 gpus 4 cpus 18-20
0: mpibind: task   5 nths  3 gpus 5 cpus 21-23
0: mpibind: task   6 nths  3 gpus 6 cpus 25-28
0: mpibind: task   7 nths  3 gpus 7 cpus 29-31,33
0: mpibind: task   8 nths  3 gpus 8 cpus 34-37
0: mpibind: task   9 nths  3 gpus 9 cpus 38-39,41
0: mpibind: task  10 nths  3 gpus 10 cpus 42-44
0: mpibind: task  11 nths  3 gpus 11 cpus 45-47
0: mpibind: task  12 nths  3 gpus 12 cpus 49-52
0: mpibind: task  13 nths  3 gpus 13 cpus 53-55,57
0: mpibind: task  14 nths  3 gpus 14 cpus 58-61
0: mpibind: task  15 nths  3 gpus 15 cpus 62-63,65
0: mpibind: task  16 nths  3 gpus 16 cpus 66-68
0: mpibind: task  17 nths  3 gpus 17 cpus 69-71
0: mpibind: task  18 nths  3 gpus 18 cpus 73-76
0: mpibind: task  19 nths  3 gpus 19 cpus 77-79,81
0: mpibind: task  20 nths  3 gpus 20 cpus 82-85
0: mpibind: task  21 nths  3 gpus 21 cpus 86-87,89
0: mpibind: task  22 nths  3 gpus 22 cpus 90-92
0: mpibind: task  23 nths  3 gpus 23 cpus 93-95
0: 0.105s: flux-shell[3]: mpibind: 
0: mpibind: task   0 nths  3 gpus 0 cpus 1-4
0: mpibind: task   1 nths  3 gpus 1 cpus 5-7,9
0: mpibind: task   2 nths  3 gpus 2 cpus 10-13
0: mpibind: task   3 nths  3 gpus 3 cpus 14-15,17
0: mpibind: task   4 nths  3 gpus 4 cpus 18-20
0: mpibind: task   5 nths  3 gpus 5 cpus 21-23
0: mpibind: task   6 nths  3 gpus 6 cpus 25-28
0: mpibind: task   7 nths  3 gpus 7 cpus 29-31,33
0: mpibind: task   8 nths  3 gpus 8 cpus 34-37
0: mpibind: task   9 nths  3 gpus 9 cpus 38-39,41
0: mpibind: task  10 nths  3 gpus 10 cpus 42-44
0: mpibind: task  11 nths  3 gpus 11 cpus 45-47
0: mpibind: task  12 nths  3 gpus 12 cpus 49-52
0: mpibind: task  13 nths  3 gpus 13 cpus 53-55,57
0: mpibind: task  14 nths  3 gpus 14 cpus 58-61
0: mpibind: task  15 nths  3 gpus 15 cpus 62-63,65
0: mpibind: task  16 nths  3 gpus 16 cpus 66-68
0: mpibind: task  17 nths  3 gpus 17 cpus 69-71
0: mpibind: task  18 nths  3 gpus 18 cpus 73-76
0: mpibind: task  19 nths  3 gpus 19 cpus 77-79,81
0: mpibind: task  20 nths  3 gpus 20 cpus 82-85
0: mpibind: task  21 nths  3 gpus 21 cpus 86-87,89
0: mpibind: task  22 nths  3 gpus 22 cpus 90-92
0: mpibind: task  23 nths  3 gpus 23 cpus 93-95
0: 0.110s: flux-shell[12]: mpibind: 
0: mpibind: task   0 nths  3 gpus 0 cpus 1-4
0: mpibind: task   1 nths  3 gpus 1 cpus 5-7,9
0: mpibind: task   2 nths  3 gpus 2 cpus 10-13
0: mpibind: task   3 nths  3 gpus 3 cpus 14-15,17
0: mpibind: task   4 nths  3 gpus 4 cpus 18-20
0: mpibind: task   5 nths  3 gpus 5 cpus 21-23
0: mpibind: task   6 nths  3 gpus 6 cpus 25-28
0: mpibind: task   7 nths  3 gpus 7 cpus 29-31,33
0: mpibind: task   8 nths  3 gpus 8 cpus 34-37
0: mpibind: task   9 nths  3 gpus 9 cpus 38-39,41
0: mpibind: task  10 nths  3 gpus 10 cpus 42-44
0: mpibind: task  11 nths  3 gpus 11 cpus 45-47
0: mpibind: task  12 nths  3 gpus 12 cpus 49-52
0: mpibind: task  13 nths  3 gpus 13 cpus 53-55,57
0: mpibind: task  14 nths  3 gpus 14 cpus 58-61
0: mpibind: task  15 nths  3 gpus 15 cpus 62-63,65
0: mpibind: task  16 nths  3 gpus 16 cpus 66-68
0: mpibind: task  17 nths  3 gpus 17 cpus 69-71
0: mpibind: task  18 nths  3 gpus 18 cpus 73-76
0: mpibind: task  19 nths  3 gpus 19 cpus 77-79,81
0: mpibind: task  20 nths  3 gpus 20 cpus 82-85
0: mpibind: task  21 nths  3 gpus 21 cpus 86-87,89
0: mpibind: task  22 nths  3 gpus 22 cpus 90-92
0: mpibind: task  23 nths  3 gpus 23 cpus 93-95
0: 0.104s: flux-shell[4]: mpibind: 
0: mpibind: task   0 nths  3 gpus 0 cpus 1-4
0: mpibind: task   1 nths  3 gpus 1 cpus 5-7,9
0: mpibind: task   2 nths  3 gpus 2 cpus 10-13
0: mpibind: task   3 nths  3 gpus 3 cpus 14-15,17
0: mpibind: task   4 nths  3 gpus 4 cpus 18-20
0: mpibind: task   5 nths  3 gpus 5 cpus 21-23
0: mpibind: task   6 nths  3 gpus 6 cpus 25-28
0: mpibind: task   7 nths  3 gpus 7 cpus 29-31,33
0: mpibind: task   8 nths  3 gpus 8 cpus 34-37
0: mpibind: task   9 nths  3 gpus 9 cpus 38-39,41
0: mpibind: task  10 nths  3 gpus 10 cpus 42-44
0: mpibind: task  11 nths  3 gpus 11 cpus 45-47
0: mpibind: task  12 nths  3 gpus 12 cpus 49-52
0: mpibind: task  13 nths  3 gpus 13 cpus 53-55,57
0: mpibind: task  14 nths  3 gpus 14 cpus 58-61
0: mpibind: task  15 nths  3 gpus 15 cpus 62-63,65
0: mpibind: task  16 nths  3 gpus 16 cpus 66-68
0: mpibind: task  17 nths  3 gpus 17 cpus 69-71
0: mpibind: task  18 nths  3 gpus 18 cpus 73-76
0: mpibind: task  19 nths  3 gpus 19 cpus 77-79,81
0: mpibind: task  20 nths  3 gpus 20 cpus 82-85
0: mpibind: task  21 nths  3 gpus 21 cpus 86-87,89
0: mpibind: task  22 nths  3 gpus 22 cpus 90-92
0: mpibind: task  23 nths  3 gpus 23 cpus 93-95
0: 0.109s: flux-shell[5]: mpibind: 
0: mpibind: task   0 nths  3 gpus 0 cpus 1-4
0: mpibind: task   1 nths  3 gpus 1 cpus 5-7,9
0: mpibind: task   2 nths  3 gpus 2 cpus 10-13
0: mpibind: task   3 nths  3 gpus 3 cpus 14-15,17
0: mpibind: task   4 nths  3 gpus 4 cpus 18-20
0: mpibind: task   5 nths  3 gpus 5 cpus 21-23
0: mpibind: task   6 nths  3 gpus 6 cpus 25-28
0: mpibind: task   7 nths  3 gpus 7 cpus 29-31,33
0: mpibind: task   8 nths  3 gpus 8 cpus 34-37
0: mpibind: task   9 nths  3 gpus 9 cpus 38-39,41
0: mpibind: task  10 nths  3 gpus 10 cpus 42-44
0: mpibind: task  11 nths  3 gpus 11 cpus 45-47
0: mpibind: task  12 nths  3 gpus 12 cpus 49-52
0: mpibind: task  13 nths  3 gpus 13 cpus 53-55,57
0: mpibind: task  14 nths  3 gpus 14 cpus 58-61
0: mpibind: task  15 nths  3 gpus 15 cpus 62-63,65
0: mpibind: task  16 nths  3 gpus 16 cpus 66-68
0: mpibind: task  17 nths  3 gpus 17 cpus 69-71
0: mpibind: task  18 nths  3 gpus 18 cpus 73-76
0: mpibind: task  19 nths  3 gpus 19 cpus 77-79,81
0: mpibind: task  20 nths  3 gpus 20 cpus 82-85
0: mpibind: task  21 nths  3 gpus 21 cpus 86-87,89
0: mpibind: task  22 nths  3 gpus 22 cpus 90-92
0: mpibind: task  23 nths  3 gpus 23 cpus 93-95
0: 0.102s: flux-shell[7]: mpibind: 
0: mpibind: task   0 nths  3 gpus 0 cpus 1-4
0: mpibind: task   1 nths  3 gpus 1 cpus 5-7,9
0: mpibind: task   2 nths  3 gpus 2 cpus 10-13
0: mpibind: task   3 nths  3 gpus 3 cpus 14-15,17
0: mpibind: task   4 nths  3 gpus 4 cpus 18-20
0: mpibind: task   5 nths  3 gpus 5 cpus 21-23
0: mpibind: task   6 nths  3 gpus 6 cpus 25-28
0: mpibind: task   7 nths  3 gpus 7 cpus 29-31,33
0: mpibind: task   8 nths  3 gpus 8 cpus 34-37
0: mpibind: task   9 nths  3 gpus 9 cpus 38-39,41
0: mpibind: task  10 nths  3 gpus 10 cpus 42-44
0: mpibind: task  11 nths  3 gpus 11 cpus 45-47
0: mpibind: task  12 nths  3 gpus 12 cpus 49-52
0: mpibind: task  13 nths  3 gpus 13 cpus 53-55,57
0: mpibind: task  14 nths  3 gpus 14 cpus 58-61
0: mpibind: task  15 nths  3 gpus 15 cpus 62-63,65
0: mpibind: task  16 nths  3 gpus 16 cpus 66-68
0: mpibind: task  17 nths  3 gpus 17 cpus 69-71
0: mpibind: task  18 nths  3 gpus 18 cpus 73-76
0: mpibind: task  19 nths  3 gpus 19 cpus 77-79,81
0: mpibind: task  20 nths  3 gpus 20 cpus 82-85
0: mpibind: task  21 nths  3 gpus 21 cpus 86-87,89
0: mpibind: task  22 nths  3 gpus 22 cpus 90-92
0: mpibind: task  23 nths  3 gpus 23 cpus 93-95
0: 0.105s: flux-shell[6]: mpibind: 
0: mpibind: task   0 nths  3 gpus 0 cpus 1-4
0: mpibind: task   1 nths  3 gpus 1 cpus 5-7,9
0: mpibind: task   2 nths  3 gpus 2 cpus 10-13
0: mpibind: task   3 nths  3 gpus 3 cpus 14-15,17
0: mpibind: task   4 nths  3 gpus 4 cpus 18-20
0: mpibind: task   5 nths  3 gpus 5 cpus 21-23
0: mpibind: task   6 nths  3 gpus 6 cpus 25-28
0: mpibind: task   7 nths  3 gpus 7 cpus 29-31,33
0: mpibind: task   8 nths  3 gpus 8 cpus 34-37
0: mpibind: task   9 nths  3 gpus 9 cpus 38-39,41
0: mpibind: task  10 nths  3 gpus 10 cpus 42-44
0: mpibind: task  11 nths  3 gpus 11 cpus 45-47
0: mpibind: task  12 nths  3 gpus 12 cpus 49-52
0: mpibind: task  13 nths  3 gpus 13 cpus 53-55,57
0: mpibind: task  14 nths  3 gpus 14 cpus 58-61
0: mpibind: task  15 nths  3 gpus 15 cpus 62-63,65
0: mpibind: task  16 nths  3 gpus 16 cpus 66-68
0: mpibind: task  17 nths  3 gpus 17 cpus 69-71
0: mpibind: task  18 nths  3 gpus 18 cpus 73-76
0: mpibind: task  19 nths  3 gpus 19 cpus 77-79,81
0: mpibind: task  20 nths  3 gpus 20 cpus 82-85
0: mpibind: task  21 nths  3 gpus 21 cpus 86-87,89
0: mpibind: task  22 nths  3 gpus 22 cpus 90-92
0: mpibind: task  23 nths  3 gpus 23 cpus 93-95
0: 0.106s: flux-shell[8]: mpibind: 
0: mpibind: task   0 nths  3 gpus 0 cpus 1-4
0: mpibind: task   1 nths  3 gpus 1 cpus 5-7,9
0: mpibind: task   2 nths  3 gpus 2 cpus 10-13
0: mpibind: task   3 nths  3 gpus 3 cpus 14-15,17
0: mpibind: task   4 nths  3 gpus 4 cpus 18-20
0: mpibind: task   5 nths  3 gpus 5 cpus 21-23
0: mpibind: task   6 nths  3 gpus 6 cpus 25-28
0: mpibind: task   7 nths  3 gpus 7 cpus 29-31,33
0: mpibind: task   8 nths  3 gpus 8 cpus 34-37
0: mpibind: task   9 nths  3 gpus 9 cpus 38-39,41
0: mpibind: task  10 nths  3 gpus 10 cpus 42-44
0: mpibind: task  11 nths  3 gpus 11 cpus 45-47
0: mpibind: task  12 nths  3 gpus 12 cpus 49-52
0: mpibind: task  13 nths  3 gpus 13 cpus 53-55,57
0: mpibind: task  14 nths  3 gpus 14 cpus 58-61
0: mpibind: task  15 nths  3 gpus 15 cpus 62-63,65
0: mpibind: task  16 nths  3 gpus 16 cpus 66-68
0: mpibind: task  17 nths  3 gpus 17 cpus 69-71
0: mpibind: task  18 nths  3 gpus 18 cpus 73-76
0: mpibind: task  19 nths  3 gpus 19 cpus 77-79,81
0: mpibind: task  20 nths  3 gpus 20 cpus 82-85
0: mpibind: task  21 nths  3 gpus 21 cpus 86-87,89
0: mpibind: task  22 nths  3 gpus 22 cpus 90-92
0: mpibind: task  23 nths  3 gpus 23 cpus 93-95
0: 0.110s: flux-shell[9]: mpibind: 
0: mpibind: task   0 nths  3 gpus 0 cpus 1-4
0: mpibind: task   1 nths  3 gpus 1 cpus 5-7,9
0: mpibind: task   2 nths  3 gpus 2 cpus 10-13
0: mpibind: task   3 nths  3 gpus 3 cpus 14-15,17
0: mpibind: task   4 nths  3 gpus 4 cpus 18-20
0: mpibind: task   5 nths  3 gpus 5 cpus 21-23
0: mpibind: task   6 nths  3 gpus 6 cpus 25-28
0: mpibind: task   7 nths  3 gpus 7 cpus 29-31,33
0: mpibind: task   8 nths  3 gpus 8 cpus 34-37
0: mpibind: task   9 nths  3 gpus 9 cpus 38-39,41
0: mpibind: task  10 nths  3 gpus 10 cpus 42-44
0: mpibind: task  11 nths  3 gpus 11 cpus 45-47
0: mpibind: task  12 nths  3 gpus 12 cpus 49-52
0: mpibind: task  13 nths  3 gpus 13 cpus 53-55,57
0: mpibind: task  14 nths  3 gpus 14 cpus 58-61
0: mpibind: task  15 nths  3 gpus 15 cpus 62-63,65
0: mpibind: task  16 nths  3 gpus 16 cpus 66-68
0: mpibind: task  17 nths  3 gpus 17 cpus 69-71
0: mpibind: task  18 nths  3 gpus 18 cpus 73-76
0: mpibind: task  19 nths  3 gpus 19 cpus 77-79,81
0: mpibind: task  20 nths  3 gpus 20 cpus 82-85
0: mpibind: task  21 nths  3 gpus 21 cpus 86-87,89
0: mpibind: task  22 nths  3 gpus 22 cpus 90-92
0: mpibind: task  23 nths  3 gpus 23 cpus 93-95
0: 0.107s: flux-shell[13]: mpibind: 
0: mpibind: task   0 nths  3 gpus 0 cpus 1-4
0: mpibind: task   1 nths  3 gpus 1 cpus 5-7,9
0: mpibind: task   2 nths  3 gpus 2 cpus 10-13
0: mpibind: task   3 nths  3 gpus 3 cpus 14-15,17
0: mpibind: task   4 nths  3 gpus 4 cpus 18-20
0: mpibind: task   5 nths  3 gpus 5 cpus 21-23
0: mpibind: task   6 nths  3 gpus 6 cpus 25-28
0: mpibind: task   7 nths  3 gpus 7 cpus 29-31,33
0: mpibind: task   8 nths  3 gpus 8 cpus 34-37
0: mpibind: task   9 nths  3 gpus 9 cpus 38-39,41
0: mpibind: task  10 nths  3 gpus 10 cpus 42-44
0: mpibind: task  11 nths  3 gpus 11 cpus 45-47
0: mpibind: task  12 nths  3 gpus 12 cpus 49-52
0: mpibind: task  13 nths  3 gpus 13 cpus 53-55,57
0: mpibind: task  14 nths  3 gpus 14 cpus 58-61
0: mpibind: task  15 nths  3 gpus 15 cpus 62-63,65
0: mpibind: task  16 nths  3 gpus 16 cpus 66-68
0: mpibind: task  17 nths  3 gpus 17 cpus 69-71
0: mpibind: task  18 nths  3 gpus 18 cpus 73-76
0: mpibind: task  19 nths  3 gpus 19 cpus 77-79,81
0: mpibind: task  20 nths  3 gpus 20 cpus 82-85
0: mpibind: task  21 nths  3 gpus 21 cpus 86-87,89
0: mpibind: task  22 nths  3 gpus 22 cpus 90-92
0: mpibind: task  23 nths  3 gpus 23 cpus 93-95
0: 0.111s: flux-shell[11]: mpibind: 
0: mpibind: task   0 nths  3 gpus 0 cpus 1-4
0: mpibind: task   1 nths  3 gpus 1 cpus 5-7,9
0: mpibind: task   2 nths  3 gpus 2 cpus 10-13
0: mpibind: task   3 nths  3 gpus 3 cpus 14-15,17
0: mpibind: task   4 nths  3 gpus 4 cpus 18-20
0: mpibind: task   5 nths  3 gpus 5 cpus 21-23
0: mpibind: task   6 nths  3 gpus 6 cpus 25-28
0: mpibind: task   7 nths  3 gpus 7 cpus 29-31,33
0: mpibind: task   8 nths  3 gpus 8 cpus 34-37
0: mpibind: task   9 nths  3 gpus 9 cpus 38-39,41
0: mpibind: task  10 nths  3 gpus 10 cpus 42-44
0: mpibind: task  11 nths  3 gpus 11 cpus 45-47
0: mpibind: task  12 nths  3 gpus 12 cpus 49-52
0: mpibind: task  13 nths  3 gpus 13 cpus 53-55,57
0: mpibind: task  14 nths  3 gpus 14 cpus 58-61
0: mpibind: task  15 nths  3 gpus 15 cpus 62-63,65
0: mpibind: task  16 nths  3 gpus 16 cpus 66-68
0: mpibind: task  17 nths  3 gpus 17 cpus 69-71
0: mpibind: task  18 nths  3 gpus 18 cpus 73-76
0: mpibind: task  19 nths  3 gpus 19 cpus 77-79,81
0: mpibind: task  20 nths  3 gpus 20 cpus 82-85
0: mpibind: task  21 nths  3 gpus 21 cpus 86-87,89
0: mpibind: task  22 nths  3 gpus 22 cpus 90-92
0: mpibind: task  23 nths  3 gpus 23 cpus 93-95
0: 0.105s: flux-shell[10]: mpibind: 
0: mpibind: task   0 nths  3 gpus 0 cpus 1-4
0: mpibind: task   1 nths  3 gpus 1 cpus 5-7,9
0: mpibind: task   2 nths  3 gpus 2 cpus 10-13
0: mpibind: task   3 nths  3 gpus 3 cpus 14-15,17
0: mpibind: task   4 nths  3 gpus 4 cpus 18-20
0: mpibind: task   5 nths  3 gpus 5 cpus 21-23
0: mpibind: task   6 nths  3 gpus 6 cpus 25-28
0: mpibind: task   7 nths  3 gpus 7 cpus 29-31,33
0: mpibind: task   8 nths  3 gpus 8 cpus 34-37
0: mpibind: task   9 nths  3 gpus 9 cpus 38-39,41
0: mpibind: task  10 nths  3 gpus 10 cpus 42-44
0: mpibind: task  11 nths  3 gpus 11 cpus 45-47
0: mpibind: task  12 nths  3 gpus 12 cpus 49-52
0: mpibind: task  13 nths  3 gpus 13 cpus 53-55,57
0: mpibind: task  14 nths  3 gpus 14 cpus 58-61
0: mpibind: task  15 nths  3 gpus 15 cpus 62-63,65
0: mpibind: task  16 nths  3 gpus 16 cpus 66-68
0: mpibind: task  17 nths  3 gpus 17 cpus 69-71
0: mpibind: task  18 nths  3 gpus 18 cpus 73-76
0: mpibind: task  19 nths  3 gpus 19 cpus 77-79,81
0: mpibind: task  20 nths  3 gpus 20 cpus 82-85
0: mpibind: task  21 nths  3 gpus 21 cpus 86-87,89
0: mpibind: task  22 nths  3 gpus 22 cpus 90-92
0: mpibind: task  23 nths  3 gpus 23 cpus 93-95
0: 0.110s: flux-shell[15]: mpibind: 
0: mpibind: task   0 nths  3 gpus 0 cpus 1-4
0: mpibind: task   1 nths  3 gpus 1 cpus 5-7,9
0: mpibind: task   2 nths  3 gpus 2 cpus 10-13
0: mpibind: task   3 nths  3 gpus 3 cpus 14-15,17
0: mpibind: task   4 nths  3 gpus 4 cpus 18-20
0: mpibind: task   5 nths  3 gpus 5 cpus 21-23
0: mpibind: task   6 nths  3 gpus 6 cpus 25-28
0: mpibind: task   7 nths  3 gpus 7 cpus 29-31,33
0: mpibind: task   8 nths  3 gpus 8 cpus 34-37
0: mpibind: task   9 nths  3 gpus 9 cpus 38-39,41
0: mpibind: task  10 nths  3 gpus 10 cpus 42-44
0: mpibind: task  11 nths  3 gpus 11 cpus 45-47
0: mpibind: task  12 nths  3 gpus 12 cpus 49-52
0: mpibind: task  13 nths  3 gpus 13 cpus 53-55,57
0: mpibind: task  14 nths  3 gpus 14 cpus 58-61
0: mpibind: task  15 nths  3 gpus 15 cpus 62-63,65
0: mpibind: task  16 nths  3 gpus 16 cpus 66-68
0: mpibind: task  17 nths  3 gpus 17 cpus 69-71
0: mpibind: task  18 nths  3 gpus 18 cpus 73-76
0: mpibind: task  19 nths  3 gpus 19 cpus 77-79,81
0: mpibind: task  20 nths  3 gpus 20 cpus 82-85
0: mpibind: task  21 nths  3 gpus 21 cpus 86-87,89
0: mpibind: task  22 nths  3 gpus 22 cpus 90-92
0: mpibind: task  23 nths  3 gpus 23 cpus 93-95
0: 0.107s: flux-shell[14]: mpibind: 
0: mpibind: task   0 nths  3 gpus 0 cpus 1-4
0: mpibind: task   1 nths  3 gpus 1 cpus 5-7,9
0: mpibind: task   2 nths  3 gpus 2 cpus 10-13
0: mpibind: task   3 nths  3 gpus 3 cpus 14-15,17
0: mpibind: task   4 nths  3 gpus 4 cpus 18-20
0: mpibind: task   5 nths  3 gpus 5 cpus 21-23
0: mpibind: task   6 nths  3 gpus 6 cpus 25-28
0: mpibind: task   7 nths  3 gpus 7 cpus 29-31,33
0: mpibind: task   8 nths  3 gpus 8 cpus 34-37
0: mpibind: task   9 nths  3 gpus 9 cpus 38-39,41
0: mpibind: task  10 nths  3 gpus 10 cpus 42-44
0: mpibind: task  11 nths  3 gpus 11 cpus 45-47
0: mpibind: task  12 nths  3 gpus 12 cpus 49-52
0: mpibind: task  13 nths  3 gpus 13 cpus 53-55,57
0: mpibind: task  14 nths  3 gpus 14 cpus 58-61
0: mpibind: task  15 nths  3 gpus 15 cpus 62-63,65
0: mpibind: task  16 nths  3 gpus 16 cpus 66-68
0: mpibind: task  17 nths  3 gpus 17 cpus 69-71
0: mpibind: task  18 nths  3 gpus 18 cpus 73-76
0: mpibind: task  19 nths  3 gpus 19 cpus 77-79,81
0: mpibind: task  20 nths  3 gpus 20 cpus 82-85
0: mpibind: task  21 nths  3 gpus 21 cpus 86-87,89
0: mpibind: task  22 nths  3 gpus 22 cpus 90-92
0: mpibind: task  23 nths  3 gpus 23 cpus 93-95
0: jobid: f2f5MKaHm
0: 0.105s: flux-shell[1]: mpibind: 
0: mpibind: task   0 nths  3 gpus 0 cpus 1-4
0: mpibind: task   1 nths  3 gpus 1 cpus 5-7,9
0: mpibind: task   2 nths  3 gpus 2 cpus 10-13
0: mpibind: task   3 nths  3 gpus 3 cpus 14-15,17
0: mpibind: task   4 nths  3 gpus 4 cpus 18-20
0: mpibind: task   5 nths  3 gpus 5 cpus 21-23
0: mpibind: task   6 nths  3 gpus 6 cpus 25-28
0: mpibind: task   7 nths  3 gpus 7 cpus 29-31,33
0: mpibind: task   8 nths  3 gpus 8 cpus 34-37
0: mpibind: task   9 nths  3 gpus 9 cpus 38-39,41
0: mpibind: task  10 nths  3 gpus 10 cpus 42-44
0: mpibind: task  11 nths  3 gpus 11 cpus 45-47
0: mpibind: task  12 nths  3 gpus 12 cpus 49-52
0: mpibind: task  13 nths  3 gpus 13 cpus 53-55,57
0: mpibind: task  14 nths  3 gpus 14 cpus 58-61
0: mpibind: task  15 nths  3 gpus 15 cpus 62-63,65
0: mpibind: task  16 nths  3 gpus 16 cpus 66-68
0: mpibind: task  17 nths  3 gpus 17 cpus 69-71
0: mpibind: task  18 nths  3 gpus 18 cpus 73-76
0: mpibind: task  19 nths  3 gpus 19 cpus 77-79,81
0: mpibind: task  20 nths  3 gpus 20 cpus 82-85
0: mpibind: task  21 nths  3 gpus 21 cpus 86-87,89
0: mpibind: task  22 nths  3 gpus 22 cpus 90-92
0: mpibind: task  23 nths  3 gpus 23 cpus 93-95
0: 0.105s: flux-shell[2]: mpibind: 
0: mpibind: task   0 nths  3 gpus 0 cpus 1-4
0: mpibind: task   1 nths  3 gpus 1 cpus 5-7,9
0: mpibind: task   2 nths  3 gpus 2 cpus 10-13
0: mpibind: task   3 nths  3 gpus 3 cpus 14-15,17
0: mpibind: task   4 nths  3 gpus 4 cpus 18-20
0: mpibind: task   5 nths  3 gpus 5 cpus 21-23
0: mpibind: task   6 nths  3 gpus 6 cpus 25-28
0: mpibind: task   7 nths  3 gpus 7 cpus 29-31,33
0: mpibind: task   8 nths  3 gpus 8 cpus 34-37
0: mpibind: task   9 nths  3 gpus 9 cpus 38-39,41
0: mpibind: task  10 nths  3 gpus 10 cpus 42-44
0: mpibind: task  11 nths  3 gpus 11 cpus 45-47
0: mpibind: task  12 nths  3 gpus 12 cpus 49-52
0: mpibind: task  13 nths  3 gpus 13 cpus 53-55,57
0: mpibind: task  14 nths  3 gpus 14 cpus 58-61
0: mpibind: task  15 nths  3 gpus 15 cpus 62-63,65
0: mpibind: task  16 nths  3 gpus 16 cpus 66-68
0: mpibind: task  17 nths  3 gpus 17 cpus 69-71
0: mpibind: task  18 nths  3 gpus 18 cpus 73-76
0: mpibind: task  19 nths  3 gpus 19 cpus 77-79,81
0: mpibind: task  20 nths  3 gpus 20 cpus 82-85
0: mpibind: task  21 nths  3 gpus 21 cpus 86-87,89
0: mpibind: task  22 nths  3 gpus 22 cpus 90-92
0: mpibind: task  23 nths  3 gpus 23 cpus 93-95
0: 0.105s: flux-shell[3]: mpibind: 
0: mpibind: task   0 nths  3 gpus 0 cpus 1-4
0: mpibind: task   1 nths  3 gpus 1 cpus 5-7,9
0: mpibind: task   2 nths  3 gpus 2 cpus 10-13
0: mpibind: task   3 nths  3 gpus 3 cpus 14-15,17
0: mpibind: task   4 nths  3 gpus 4 cpus 18-20
0: mpibind: task   5 nths  3 gpus 5 cpus 21-23
0: mpibind: task   6 nths  3 gpus 6 cpus 25-28
0: mpibind: task   7 nths  3 gpus 7 cpus 29-31,33
0: mpibind: task   8 nths  3 gpus 8 cpus 34-37
0: mpibind: task   9 nths  3 gpus 9 cpus 38-39,41
0: mpibind: task  10 nths  3 gpus 10 cpus 42-44
0: mpibind: task  11 nths  3 gpus 11 cpus 45-47
0: mpibind: task  12 nths  3 gpus 12 cpus 49-52
0: mpibind: task  13 nths  3 gpus 13 cpus 53-55,57
0: mpibind: task  14 nths  3 gpus 14 cpus 58-61
0: mpibind: task  15 nths  3 gpus 15 cpus 62-63,65
0: mpibind: task  16 nths  3 gpus 16 cpus 66-68
0: mpibind: task  17 nths  3 gpus 17 cpus 69-71
0: mpibind: task  18 nths  3 gpus 18 cpus 73-76
0: mpibind: task  19 nths  3 gpus 19 cpus 77-79,81
0: mpibind: task  20 nths  3 gpus 20 cpus 82-85
0: mpibind: task  21 nths  3 gpus 21 cpus 86-87,89
0: mpibind: task  22 nths  3 gpus 22 cpus 90-92
0: mpibind: task  23 nths  3 gpus 23 cpus 93-95
0: 0.106s: flux-shell[5]: mpibind: 
0: mpibind: task   0 nths  3 gpus 0 cpus 1-4
0: mpibind: task   1 nths  3 gpus 1 cpus 5-7,9
0: mpibind: task   2 nths  3 gpus 2 cpus 10-13
0: mpibind: task   3 nths  3 gpus 3 cpus 14-15,17
0: mpibind: task   4 nths  3 gpus 4 cpus 18-20
0: mpibind: task   5 nths  3 gpus 5 cpus 21-23
0: mpibind: task   6 nths  3 gpus 6 cpus 25-28
0: mpibind: task   7 nths  3 gpus 7 cpus 29-31,33
0: mpibind: task   8 nths  3 gpus 8 cpus 34-37
0: mpibind: task   9 nths  3 gpus 9 cpus 38-39,41
0: mpibind: task  10 nths  3 gpus 10 cpus 42-44
0: mpibind: task  11 nths  3 gpus 11 cpus 45-47
0: mpibind: task  12 nths  3 gpus 12 cpus 49-52
0: mpibind: task  13 nths  3 gpus 13 cpus 53-55,57
0: mpibind: task  14 nths  3 gpus 14 cpus 58-61
0: mpibind: task  15 nths  3 gpus 15 cpus 62-63,65
0: mpibind: task  16 nths  3 gpus 16 cpus 66-68
0: mpibind: task  17 nths  3 gpus 17 cpus 69-71
0: mpibind: task  18 nths  3 gpus 18 cpus 73-76
0: mpibind: task  19 nths  3 gpus 19 cpus 77-79,81
0: mpibind: task  20 nths  3 gpus 20 cpus 82-85
0: mpibind: task  21 nths  3 gpus 21 cpus 86-87,89
0: mpibind: task  22 nths  3 gpus 22 cpus 90-92
0: mpibind: task  23 nths  3 gpus 23 cpus 93-95
0: 0.108s: flux-shell[6]: mpibind: 
0: mpibind: task   0 nths  3 gpus 0 cpus 1-4
0: mpibind: task   1 nths  3 gpus 1 cpus 5-7,9
0: mpibind: task   2 nths  3 gpus 2 cpus 10-13
0: mpibind: task   3 nths  3 gpus 3 cpus 14-15,17
0: mpibind: task   4 nths  3 gpus 4 cpus 18-20
0: mpibind: task   5 nths  3 gpus 5 cpus 21-23
0: mpibind: task   6 nths  3 gpus 6 cpus 25-28
0: mpibind: task   7 nths  3 gpus 7 cpus 29-31,33
0: mpibind: task   8 nths  3 gpus 8 cpus 34-37
0: mpibind: task   9 nths  3 gpus 9 cpus 38-39,41
0: mpibind: task  10 nths  3 gpus 10 cpus 42-44
0: mpibind: task  11 nths  3 gpus 11 cpus 45-47
0: mpibind: task  12 nths  3 gpus 12 cpus 49-52
0: mpibind: task  13 nths  3 gpus 13 cpus 53-55,57
0: mpibind: task  14 nths  3 gpus 14 cpus 58-61
0: mpibind: task  15 nths  3 gpus 15 cpus 62-63,65
0: mpibind: task  16 nths  3 gpus 16 cpus 66-68
0: mpibind: task  17 nths  3 gpus 17 cpus 69-71
0: mpibind: task  18 nths  3 gpus 18 cpus 73-76
0: mpibind: task  19 nths  3 gpus 19 cpus 77-79,81
0: mpibind: task  20 nths  3 gpus 20 cpus 82-85
0: mpibind: task  21 nths  3 gpus 21 cpus 86-87,89
0: mpibind: task  22 nths  3 gpus 22 cpus 90-92
0: mpibind: task  23 nths  3 gpus 23 cpus 93-95
0: 0.108s: flux-shell[4]: mpibind: 
0: mpibind: task   0 nths  3 gpus 0 cpus 1-4
0: mpibind: task   1 nths  3 gpus 1 cpus 5-7,9
0: mpibind: task   2 nths  3 gpus 2 cpus 10-13
0: mpibind: task   3 nths  3 gpus 3 cpus 14-15,17
0: mpibind: task   4 nths  3 gpus 4 cpus 18-20
0: mpibind: task   5 nths  3 gpus 5 cpus 21-23
0: mpibind: task   6 nths  3 gpus 6 cpus 25-28
0: mpibind: task   7 nths  3 gpus 7 cpus 29-31,33
0: mpibind: task   8 nths  3 gpus 8 cpus 34-37
0: mpibind: task   9 nths  3 gpus 9 cpus 38-39,41
0: mpibind: task  10 nths  3 gpus 10 cpus 42-44
0: mpibind: task  11 nths  3 gpus 11 cpus 45-47
0: mpibind: task  12 nths  3 gpus 12 cpus 49-52
0: mpibind: task  13 nths  3 gpus 13 cpus 53-55,57
0: mpibind: task  14 nths  3 gpus 14 cpus 58-61
0: mpibind: task  15 nths  3 gpus 15 cpus 62-63,65
0: mpibind: task  16 nths  3 gpus 16 cpus 66-68
0: mpibind: task  17 nths  3 gpus 17 cpus 69-71
0: mpibind: task  18 nths  3 gpus 18 cpus 73-76
0: mpibind: task  19 nths  3 gpus 19 cpus 77-79,81
0: mpibind: task  20 nths  3 gpus 20 cpus 82-85
0: mpibind: task  21 nths  3 gpus 21 cpus 86-87,89
0: mpibind: task  22 nths  3 gpus 22 cpus 90-92
0: mpibind: task  23 nths  3 gpus 23 cpus 93-95
0: 0.110s: flux-shell[13]: mpibind: 
0: mpibind: task   0 nths  3 gpus 0 cpus 1-4
0: mpibind: task   1 nths  3 gpus 1 cpus 5-7,9
0: mpibind: task   2 nths  3 gpus 2 cpus 10-13
0: mpibind: task   3 nths  3 gpus 3 cpus 14-15,17
0: mpibind: task   4 nths  3 gpus 4 cpus 18-20
0: mpibind: task   5 nths  3 gpus 5 cpus 21-23
0: mpibind: task   6 nths  3 gpus 6 cpus 25-28
0: mpibind: task   7 nths  3 gpus 7 cpus 29-31,33
0: mpibind: task   8 nths  3 gpus 8 cpus 34-37
0: mpibind: task   9 nths  3 gpus 9 cpus 38-39,41
0: mpibind: task  10 nths  3 gpus 10 cpus 42-44
0: mpibind: task  11 nths  3 gpus 11 cpus 45-47
0: mpibind: task  12 nths  3 gpus 12 cpus 49-52
0: mpibind: task  13 nths  3 gpus 13 cpus 53-55,57
0: mpibind: task  14 nths  3 gpus 14 cpus 58-61
0: mpibind: task  15 nths  3 gpus 15 cpus 62-63,65
0: mpibind: task  16 nths  3 gpus 16 cpus 66-68
0: mpibind: task  17 nths  3 gpus 17 cpus 69-71
0: mpibind: task  18 nths  3 gpus 18 cpus 73-76
0: mpibind: task  19 nths  3 gpus 19 cpus 77-79,81
0: mpibind: task  20 nths  3 gpus 20 cpus 82-85
0: mpibind: task  21 nths  3 gpus 21 cpus 86-87,89
0: mpibind: task  22 nths  3 gpus 22 cpus 90-92
0: mpibind: task  23 nths  3 gpus 23 cpus 93-95
0: 0.100s: flux-shell[0]: mpibind: 
0: mpibind: task   0 nths  3 gpus 0 cpus 1-4
0: mpibind: task   1 nths  3 gpus 1 cpus 5-7,9
0: mpibind: task   2 nths  3 gpus 2 cpus 10-13
0: mpibind: task   3 nths  3 gpus 3 cpus 14-15,17
0: mpibind: task   4 nths  3 gpus 4 cpus 18-20
0: mpibind: task   5 nths  3 gpus 5 cpus 21-23
0: mpibind: task   6 nths  3 gpus 6 cpus 25-28
0: mpibind: task   7 nths  3 gpus 7 cpus 29-31,33
0: mpibind: task   8 nths  3 gpus 8 cpus 34-37
0: mpibind: task   9 nths  3 gpus 9 cpus 38-39,41
0: mpibind: task  10 nths  3 gpus 10 cpus 42-44
0: mpibind: task  11 nths  3 gpus 11 cpus 45-47
0: mpibind: task  12 nths  3 gpus 12 cpus 49-52
0: mpibind: task  13 nths  3 gpus 13 cpus 53-55,57
0: mpibind: task  14 nths  3 gpus 14 cpus 58-61
0: mpibind: task  15 nths  3 gpus 15 cpus 62-63,65
0: mpibind: task  16 nths  3 gpus 16 cpus 66-68
0: mpibind: task  17 nths  3 gpus 17 cpus 69-71
0: mpibind: task  18 nths  3 gpus 18 cpus 73-76
0: mpibind: task  19 nths  3 gpus 19 cpus 77-79,81
0: mpibind: task  20 nths  3 gpus 20 cpus 82-85
0: mpibind: task  21 nths  3 gpus 21 cpus 86-87,89
0: mpibind: task  22 nths  3 gpus 22 cpus 90-92
0: mpibind: task  23 nths  3 gpus 23 cpus 93-95
0: 0.111s: flux-shell[8]: mpibind: 
0: mpibind: task   0 nths  3 gpus 0 cpus 1-4
0: mpibind: task   1 nths  3 gpus 1 cpus 5-7,9
0: mpibind: task   2 nths  3 gpus 2 cpus 10-13
0: mpibind: task   3 nths  3 gpus 3 cpus 14-15,17
0: mpibind: task   4 nths  3 gpus 4 cpus 18-20
0: mpibind: task   5 nths  3 gpus 5 cpus 21-23
0: mpibind: task   6 nths  3 gpus 6 cpus 25-28
0: mpibind: task   7 nths  3 gpus 7 cpus 29-31,33
0: mpibind: task   8 nths  3 gpus 8 cpus 34-37
0: mpibind: task   9 nths  3 gpus 9 cpus 38-39,41
0: mpibind: task  10 nths  3 gpus 10 cpus 42-44
0: mpibind: task  11 nths  3 gpus 11 cpus 45-47
0: mpibind: task  12 nths  3 gpus 12 cpus 49-52
0: mpibind: task  13 nths  3 gpus 13 cpus 53-55,57
0: mpibind: task  14 nths  3 gpus 14 cpus 58-61
0: mpibind: task  15 nths  3 gpus 15 cpus 62-63,65
0: mpibind: task  16 nths  3 gpus 16 cpus 66-68
0: mpibind: task  17 nths  3 gpus 17 cpus 69-71
0: mpibind: task  18 nths  3 gpus 18 cpus 73-76
0: mpibind: task  19 nths  3 gpus 19 cpus 77-79,81
0: mpibind: task  20 nths  3 gpus 20 cpus 82-85
0: mpibind: task  21 nths  3 gpus 21 cpus 86-87,89
0: mpibind: task  22 nths  3 gpus 22 cpus 90-92
0: mpibind: task  23 nths  3 gpus 23 cpus 93-95
0: 0.108s: flux-shell[7]: mpibind: 
0: mpibind: task   0 nths  3 gpus 0 cpus 1-4
0: mpibind: task   1 nths  3 gpus 1 cpus 5-7,9
0: mpibind: task   2 nths  3 gpus 2 cpus 10-13
0: mpibind: task   3 nths  3 gpus 3 cpus 14-15,17
0: mpibind: task   4 nths  3 gpus 4 cpus 18-20
0: mpibind: task   5 nths  3 gpus 5 cpus 21-23
0: mpibind: task   6 nths  3 gpus 6 cpus 25-28
0: mpibind: task   7 nths  3 gpus 7 cpus 29-31,33
0: mpibind: task   8 nths  3 gpus 8 cpus 34-37
0: mpibind: task   9 nths  3 gpus 9 cpus 38-39,41
0: mpibind: task  10 nths  3 gpus 10 cpus 42-44
0: mpibind: task  11 nths  3 gpus 11 cpus 45-47
0: mpibind: task  12 nths  3 gpus 12 cpus 49-52
0: mpibind: task  13 nths  3 gpus 13 cpus 53-55,57
0: mpibind: task  14 nths  3 gpus 14 cpus 58-61
0: mpibind: task  15 nths  3 gpus 15 cpus 62-63,65
0: mpibind: task  16 nths  3 gpus 16 cpus 66-68
0: mpibind: task  17 nths  3 gpus 17 cpus 69-71
0: mpibind: task  18 nths  3 gpus 18 cpus 73-76
0: mpibind: task  19 nths  3 gpus 19 cpus 77-79,81
0: mpibind: task  20 nths  3 gpus 20 cpus 82-85
0: mpibind: task  21 nths  3 gpus 21 cpus 86-87,89
0: mpibind: task  22 nths  3 gpus 22 cpus 90-92
0: mpibind: task  23 nths  3 gpus 23 cpus 93-95
0: 0.106s: flux-shell[9]: mpibind: 
0: mpibind: task   0 nths  3 gpus 0 cpus 1-4
0: mpibind: task   1 nths  3 gpus 1 cpus 5-7,9
0: mpibind: task   2 nths  3 gpus 2 cpus 10-13
0: mpibind: task   3 nths  3 gpus 3 cpus 14-15,17
0: mpibind: task   4 nths  3 gpus 4 cpus 18-20
0: mpibind: task   5 nths  3 gpus 5 cpus 21-23
0: mpibind: task   6 nths  3 gpus 6 cpus 25-28
0: mpibind: task   7 nths  3 gpus 7 cpus 29-31,33
0: mpibind: task   8 nths  3 gpus 8 cpus 34-37
0: mpibind: task   9 nths  3 gpus 9 cpus 38-39,41
0: mpibind: task  10 nths  3 gpus 10 cpus 42-44
0: mpibind: task  11 nths  3 gpus 11 cpus 45-47
0: mpibind: task  12 nths  3 gpus 12 cpus 49-52
0: mpibind: task  13 nths  3 gpus 13 cpus 53-55,57
0: mpibind: task  14 nths  3 gpus 14 cpus 58-61
0: mpibind: task  15 nths  3 gpus 15 cpus 62-63,65
0: mpibind: task  16 nths  3 gpus 16 cpus 66-68
0: mpibind: task  17 nths  3 gpus 17 cpus 69-71
0: mpibind: task  18 nths  3 gpus 18 cpus 73-76
0: mpibind: task  19 nths  3 gpus 19 cpus 77-79,81
0: mpibind: task  20 nths  3 gpus 20 cpus 82-85
0: mpibind: task  21 nths  3 gpus 21 cpus 86-87,89
0: mpibind: task  22 nths  3 gpus 22 cpus 90-92
0: mpibind: task  23 nths  3 gpus 23 cpus 93-95
0: 0.112s: flux-shell[11]: mpibind: 
0: mpibind: task   0 nths  3 gpus 0 cpus 1-4
0: mpibind: task   1 nths  3 gpus 1 cpus 5-7,9
0: mpibind: task   2 nths  3 gpus 2 cpus 10-13
0: mpibind: task   3 nths  3 gpus 3 cpus 14-15,17
0: mpibind: task   4 nths  3 gpus 4 cpus 18-20
0: mpibind: task   5 nths  3 gpus 5 cpus 21-23
0: mpibind: task   6 nths  3 gpus 6 cpus 25-28
0: mpibind: task   7 nths  3 gpus 7 cpus 29-31,33
0: mpibind: task   8 nths  3 gpus 8 cpus 34-37
0: mpibind: task   9 nths  3 gpus 9 cpus 38-39,41
0: mpibind: task  10 nths  3 gpus 10 cpus 42-44
0: mpibind: task  11 nths  3 gpus 11 cpus 45-47
0: mpibind: task  12 nths  3 gpus 12 cpus 49-52
0: mpibind: task  13 nths  3 gpus 13 cpus 53-55,57
0: mpibind: task  14 nths  3 gpus 14 cpus 58-61
0: mpibind: task  15 nths  3 gpus 15 cpus 62-63,65
0: mpibind: task  16 nths  3 gpus 16 cpus 66-68
0: mpibind: task  17 nths  3 gpus 17 cpus 69-71
0: mpibind: task  18 nths  3 gpus 18 cpus 73-76
0: mpibind: task  19 nths  3 gpus 19 cpus 77-79,81
0: mpibind: task  20 nths  3 gpus 20 cpus 82-85
0: mpibind: task  21 nths  3 gpus 21 cpus 86-87,89
0: mpibind: task  22 nths  3 gpus 22 cpus 90-92
0: mpibind: task  23 nths  3 gpus 23 cpus 93-95
0: 0.105s: flux-shell[12]: mpibind: 
0: mpibind: task   0 nths  3 gpus 0 cpus 1-4
0: mpibind: task   1 nths  3 gpus 1 cpus 5-7,9
0: mpibind: task   2 nths  3 gpus 2 cpus 10-13
0: mpibind: task   3 nths  3 gpus 3 cpus 14-15,17
0: mpibind: task   4 nths  3 gpus 4 cpus 18-20
0: mpibind: task   5 nths  3 gpus 5 cpus 21-23
0: mpibind: task   6 nths  3 gpus 6 cpus 25-28
0: mpibind: task   7 nths  3 gpus 7 cpus 29-31,33
0: mpibind: task   8 nths  3 gpus 8 cpus 34-37
0: mpibind: task   9 nths  3 gpus 9 cpus 38-39,41
0: mpibind: task  10 nths  3 gpus 10 cpus 42-44
0: mpibind: task  11 nths  3 gpus 11 cpus 45-47
0: mpibind: task  12 nths  3 gpus 12 cpus 49-52
0: mpibind: task  13 nths  3 gpus 13 cpus 53-55,57
0: mpibind: task  14 nths  3 gpus 14 cpus 58-61
0: mpibind: task  15 nths  3 gpus 15 cpus 62-63,65
0: mpibind: task  16 nths  3 gpus 16 cpus 66-68
0: mpibind: task  17 nths  3 gpus 17 cpus 69-71
0: mpibind: task  18 nths  3 gpus 18 cpus 73-76
0: mpibind: task  19 nths  3 gpus 19 cpus 77-79,81
0: mpibind: task  20 nths  3 gpus 20 cpus 82-85
0: mpibind: task  21 nths  3 gpus 21 cpus 86-87,89
0: mpibind: task  22 nths  3 gpus 22 cpus 90-92
0: mpibind: task  23 nths  3 gpus 23 cpus 93-95
0: 0.106s: flux-shell[10]: mpibind: 
0: mpibind: task   0 nths  3 gpus 0 cpus 1-4
0: mpibind: task   1 nths  3 gpus 1 cpus 5-7,9
0: mpibind: task   2 nths  3 gpus 2 cpus 10-13
0: mpibind: task   3 nths  3 gpus 3 cpus 14-15,17
0: mpibind: task   4 nths  3 gpus 4 cpus 18-20
0: mpibind: task   5 nths  3 gpus 5 cpus 21-23
0: mpibind: task   6 nths  3 gpus 6 cpus 25-28
0: mpibind: task   7 nths  3 gpus 7 cpus 29-31,33
0: mpibind: task   8 nths  3 gpus 8 cpus 34-37
0: mpibind: task   9 nths  3 gpus 9 cpus 38-39,41
0: mpibind: task  10 nths  3 gpus 10 cpus 42-44
0: mpibind: task  11 nths  3 gpus 11 cpus 45-47
0: mpibind: task  12 nths  3 gpus 12 cpus 49-52
0: mpibind: task  13 nths  3 gpus 13 cpus 53-55,57
0: mpibind: task  14 nths  3 gpus 14 cpus 58-61
0: mpibind: task  15 nths  3 gpus 15 cpus 62-63,65
0: mpibind: task  16 nths  3 gpus 16 cpus 66-68
0: mpibind: task  17 nths  3 gpus 17 cpus 69-71
0: mpibind: task  18 nths  3 gpus 18 cpus 73-76
0: mpibind: task  19 nths  3 gpus 19 cpus 77-79,81
0: mpibind: task  20 nths  3 gpus 20 cpus 82-85
0: mpibind: task  21 nths  3 gpus 21 cpus 86-87,89
0: mpibind: task  22 nths  3 gpus 22 cpus 90-92
0: mpibind: task  23 nths  3 gpus 23 cpus 93-95
0: 0.111s: flux-shell[15]: mpibind: 
0: mpibind: task   0 nths  3 gpus 0 cpus 1-4
0: mpibind: task   1 nths  3 gpus 1 cpus 5-7,9
0: mpibind: task   2 nths  3 gpus 2 cpus 10-13
0: mpibind: task   3 nths  3 gpus 3 cpus 14-15,17
0: mpibind: task   4 nths  3 gpus 4 cpus 18-20
0: mpibind: task   5 nths  3 gpus 5 cpus 21-23
0: mpibind: task   6 nths  3 gpus 6 cpus 25-28
0: mpibind: task   7 nths  3 gpus 7 cpus 29-31,33
0: mpibind: task   8 nths  3 gpus 8 cpus 34-37
0: mpibind: task   9 nths  3 gpus 9 cpus 38-39,41
0: mpibind: task  10 nths  3 gpus 10 cpus 42-44
0: mpibind: task  11 nths  3 gpus 11 cpus 45-47
0: mpibind: task  12 nths  3 gpus 12 cpus 49-52
0: mpibind: task  13 nths  3 gpus 13 cpus 53-55,57
0: mpibind: task  14 nths  3 gpus 14 cpus 58-61
0: mpibind: task  15 nths  3 gpus 15 cpus 62-63,65
0: mpibind: task  16 nths  3 gpus 16 cpus 66-68
0: mpibind: task  17 nths  3 gpus 17 cpus 69-71
0: mpibind: task  18 nths  3 gpus 18 cpus 73-76
0: mpibind: task  19 nths  3 gpus 19 cpus 77-79,81
0: mpibind: task  20 nths  3 gpus 20 cpus 82-85
0: mpibind: task  21 nths  3 gpus 21 cpus 86-87,89
0: mpibind: task  22 nths  3 gpus 22 cpus 90-92
0: mpibind: task  23 nths  3 gpus 23 cpus 93-95
0: 0.111s: flux-shell[14]: mpibind: 
0: mpibind: task   0 nths  3 gpus 0 cpus 1-4
0: mpibind: task   1 nths  3 gpus 1 cpus 5-7,9
0: mpibind: task   2 nths  3 gpus 2 cpus 10-13
0: mpibind: task   3 nths  3 gpus 3 cpus 14-15,17
0: mpibind: task   4 nths  3 gpus 4 cpus 18-20
0: mpibind: task   5 nths  3 gpus 5 cpus 21-23
0: mpibind: task   6 nths  3 gpus 6 cpus 25-28
0: mpibind: task   7 nths  3 gpus 7 cpus 29-31,33
0: mpibind: task   8 nths  3 gpus 8 cpus 34-37
0: mpibind: task   9 nths  3 gpus 9 cpus 38-39,41
0: mpibind: task  10 nths  3 gpus 10 cpus 42-44
0: mpibind: task  11 nths  3 gpus 11 cpus 45-47
0: mpibind: task  12 nths  3 gpus 12 cpus 49-52
0: mpibind: task  13 nths  3 gpus 13 cpus 53-55,57
0: mpibind: task  14 nths  3 gpus 14 cpus 58-61
0: mpibind: task  15 nths  3 gpus 15 cpus 62-63,65
0: mpibind: task  16 nths  3 gpus 16 cpus 66-68
0: mpibind: task  17 nths  3 gpus 17 cpus 69-71
0: mpibind: task  18 nths  3 gpus 18 cpus 73-76
0: mpibind: task  19 nths  3 gpus 19 cpus 77-79,81
0: mpibind: task  20 nths  3 gpus 20 cpus 82-85
0: mpibind: task  21 nths  3 gpus 21 cpus 86-87,89
0: mpibind: task  22 nths  3 gpus 22 cpus 90-92
0: mpibind: task  23 nths  3 gpus 23 cpus 93-95
0: jobid: f2pTn3qWF
0: 0.108s: flux-shell[1]: mpibind: 
0: mpibind: task   0 nths  3 gpus 0 cpus 1-4
0: mpibind: task   1 nths  3 gpus 1 cpus 5-7,9
0: mpibind: task   2 nths  3 gpus 2 cpus 10-13
0: mpibind: task   3 nths  3 gpus 3 cpus 14-15,17
0: mpibind: task   4 nths  3 gpus 4 cpus 18-20
0: mpibind: task   5 nths  3 gpus 5 cpus 21-23
0: mpibind: task   6 nths  3 gpus 6 cpus 25-28
0: mpibind: task   7 nths  3 gpus 7 cpus 29-31,33
0: mpibind: task   8 nths  3 gpus 8 cpus 34-37
0: mpibind: task   9 nths  3 gpus 9 cpus 38-39,41
0: mpibind: task  10 nths  3 gpus 10 cpus 42-44
0: mpibind: task  11 nths  3 gpus 11 cpus 45-47
0: mpibind: task  12 nths  3 gpus 12 cpus 49-52
0: mpibind: task  13 nths  3 gpus 13 cpus 53-55,57
0: mpibind: task  14 nths  3 gpus 14 cpus 58-61
0: mpibind: task  15 nths  3 gpus 15 cpus 62-63,65
0: mpibind: task  16 nths  3 gpus 16 cpus 66-68
0: mpibind: task  17 nths  3 gpus 17 cpus 69-71
0: mpibind: task  18 nths  3 gpus 18 cpus 73-76
0: mpibind: task  19 nths  3 gpus 19 cpus 77-79,81
0: mpibind: task  20 nths  3 gpus 20 cpus 82-85
0: mpibind: task  21 nths  3 gpus 21 cpus 86-87,89
0: mpibind: task  22 nths  3 gpus 22 cpus 90-92
0: mpibind: task  23 nths  3 gpus 23 cpus 93-95
0: 0.106s: flux-shell[2]: mpibind: 
0: mpibind: task   0 nths  3 gpus 0 cpus 1-4
0: mpibind: task   1 nths  3 gpus 1 cpus 5-7,9
0: mpibind: task   2 nths  3 gpus 2 cpus 10-13
0: mpibind: task   3 nths  3 gpus 3 cpus 14-15,17
0: mpibind: task   4 nths  3 gpus 4 cpus 18-20
0: mpibind: task   5 nths  3 gpus 5 cpus 21-23
0: mpibind: task   6 nths  3 gpus 6 cpus 25-28
0: mpibind: task   7 nths  3 gpus 7 cpus 29-31,33
0: mpibind: task   8 nths  3 gpus 8 cpus 34-37
0: mpibind: task   9 nths  3 gpus 9 cpus 38-39,41
0: mpibind: task  10 nths  3 gpus 10 cpus 42-44
0: mpibind: task  11 nths  3 gpus 11 cpus 45-47
0: mpibind: task  12 nths  3 gpus 12 cpus 49-52
0: mpibind: task  13 nths  3 gpus 13 cpus 53-55,57
0: mpibind: task  14 nths  3 gpus 14 cpus 58-61
0: mpibind: task  15 nths  3 gpus 15 cpus 62-63,65
0: mpibind: task  16 nths  3 gpus 16 cpus 66-68
0: mpibind: task  17 nths  3 gpus 17 cpus 69-71
0: mpibind: task  18 nths  3 gpus 18 cpus 73-76
0: mpibind: task  19 nths  3 gpus 19 cpus 77-79,81
0: mpibind: task  20 nths  3 gpus 20 cpus 82-85
0: mpibind: task  21 nths  3 gpus 21 cpus 86-87,89
0: mpibind: task  22 nths  3 gpus 22 cpus 90-92
0: mpibind: task  23 nths  3 gpus 23 cpus 93-95
0: 0.114s: flux-shell[5]: mpibind: 
0: mpibind: task   0 nths  3 gpus 0 cpus 1-4
0: mpibind: task   1 nths  3 gpus 1 cpus 5-7,9
0: mpibind: task   2 nths  3 gpus 2 cpus 10-13
0: mpibind: task   3 nths  3 gpus 3 cpus 14-15,17
0: mpibind: task   4 nths  3 gpus 4 cpus 18-20
0: mpibind: task   5 nths  3 gpus 5 cpus 21-23
0: mpibind: task   6 nths  3 gpus 6 cpus 25-28
0: mpibind: task   7 nths  3 gpus 7 cpus 29-31,33
0: mpibind: task   8 nths  3 gpus 8 cpus 34-37
0: mpibind: task   9 nths  3 gpus 9 cpus 38-39,41
0: mpibind: task  10 nths  3 gpus 10 cpus 42-44
0: mpibind: task  11 nths  3 gpus 11 cpus 45-47
0: mpibind: task  12 nths  3 gpus 12 cpus 49-52
0: mpibind: task  13 nths  3 gpus 13 cpus 53-55,57
0: mpibind: task  14 nths  3 gpus 14 cpus 58-61
0: mpibind: task  15 nths  3 gpus 15 cpus 62-63,65
0: mpibind: task  16 nths  3 gpus 16 cpus 66-68
0: mpibind: task  17 nths  3 gpus 17 cpus 69-71
0: mpibind: task  18 nths  3 gpus 18 cpus 73-76
0: mpibind: task  19 nths  3 gpus 19 cpus 77-79,81
0: mpibind: task  20 nths  3 gpus 20 cpus 82-85
0: mpibind: task  21 nths  3 gpus 21 cpus 86-87,89
0: mpibind: task  22 nths  3 gpus 22 cpus 90-92
0: mpibind: task  23 nths  3 gpus 23 cpus 93-95
0: 0.109s: flux-shell[6]: mpibind: 
0: mpibind: task   0 nths  3 gpus 0 cpus 1-4
0: mpibind: task   1 nths  3 gpus 1 cpus 5-7,9
0: mpibind: task   2 nths  3 gpus 2 cpus 10-13
0: mpibind: task   3 nths  3 gpus 3 cpus 14-15,17
0: mpibind: task   4 nths  3 gpus 4 cpus 18-20
0: mpibind: task   5 nths  3 gpus 5 cpus 21-23
0: mpibind: task   6 nths  3 gpus 6 cpus 25-28
0: mpibind: task   7 nths  3 gpus 7 cpus 29-31,33
0: mpibind: task   8 nths  3 gpus 8 cpus 34-37
0: mpibind: task   9 nths  3 gpus 9 cpus 38-39,41
0: mpibind: task  10 nths  3 gpus 10 cpus 42-44
0: mpibind: task  11 nths  3 gpus 11 cpus 45-47
0: mpibind: task  12 nths  3 gpus 12 cpus 49-52
0: mpibind: task  13 nths  3 gpus 13 cpus 53-55,57
0: mpibind: task  14 nths  3 gpus 14 cpus 58-61
0: mpibind: task  15 nths  3 gpus 15 cpus 62-63,65
0: mpibind: task  16 nths  3 gpus 16 cpus 66-68
0: mpibind: task  17 nths  3 gpus 17 cpus 69-71
0: mpibind: task  18 nths  3 gpus 18 cpus 73-76
0: mpibind: task  19 nths  3 gpus 19 cpus 77-79,81
0: mpibind: task  20 nths  3 gpus 20 cpus 82-85
0: mpibind: task  21 nths  3 gpus 21 cpus 86-87,89
0: mpibind: task  22 nths  3 gpus 22 cpus 90-92
0: mpibind: task  23 nths  3 gpus 23 cpus 93-95
0: 0.097s: flux-shell[0]: mpibind: 
0: mpibind: task   0 nths  3 gpus 0 cpus 1-4
0: mpibind: task   1 nths  3 gpus 1 cpus 5-7,9
0: mpibind: task   2 nths  3 gpus 2 cpus 10-13
0: mpibind: task   3 nths  3 gpus 3 cpus 14-15,17
0: mpibind: task   4 nths  3 gpus 4 cpus 18-20
0: mpibind: task   5 nths  3 gpus 5 cpus 21-23
0: mpibind: task   6 nths  3 gpus 6 cpus 25-28
0: mpibind: task   7 nths  3 gpus 7 cpus 29-31,33
0: mpibind: task   8 nths  3 gpus 8 cpus 34-37
0: mpibind: task   9 nths  3 gpus 9 cpus 38-39,41
0: mpibind: task  10 nths  3 gpus 10 cpus 42-44
0: mpibind: task  11 nths  3 gpus 11 cpus 45-47
0: mpibind: task  12 nths  3 gpus 12 cpus 49-52
0: mpibind: task  13 nths  3 gpus 13 cpus 53-55,57
0: mpibind: task  14 nths  3 gpus 14 cpus 58-61
0: mpibind: task  15 nths  3 gpus 15 cpus 62-63,65
0: mpibind: task  16 nths  3 gpus 16 cpus 66-68
0: mpibind: task  17 nths  3 gpus 17 cpus 69-71
0: mpibind: task  18 nths  3 gpus 18 cpus 73-76
0: mpibind: task  19 nths  3 gpus 19 cpus 77-79,81
0: mpibind: task  20 nths  3 gpus 20 cpus 82-85
0: mpibind: task  21 nths  3 gpus 21 cpus 86-87,89
0: mpibind: task  22 nths  3 gpus 22 cpus 90-92
0: mpibind: task  23 nths  3 gpus 23 cpus 93-95
0: 0.112s: flux-shell[8]: mpibind: 
0: mpibind: task   0 nths  3 gpus 0 cpus 1-4
0: mpibind: task   1 nths  3 gpus 1 cpus 5-7,9
0: mpibind: task   2 nths  3 gpus 2 cpus 10-13
0: mpibind: task   3 nths  3 gpus 3 cpus 14-15,17
0: mpibind: task   4 nths  3 gpus 4 cpus 18-20
0: mpibind: task   5 nths  3 gpus 5 cpus 21-23
0: mpibind: task   6 nths  3 gpus 6 cpus 25-28
0: mpibind: task   7 nths  3 gpus 7 cpus 29-31,33
0: mpibind: task   8 nths  3 gpus 8 cpus 34-37
0: mpibind: task   9 nths  3 gpus 9 cpus 38-39,41
0: mpibind: task  10 nths  3 gpus 10 cpus 42-44
0: mpibind: task  11 nths  3 gpus 11 cpus 45-47
0: mpibind: task  12 nths  3 gpus 12 cpus 49-52
0: mpibind: task  13 nths  3 gpus 13 cpus 53-55,57
0: mpibind: task  14 nths  3 gpus 14 cpus 58-61
0: mpibind: task  15 nths  3 gpus 15 cpus 62-63,65
0: mpibind: task  16 nths  3 gpus 16 cpus 66-68
0: mpibind: task  17 nths  3 gpus 17 cpus 69-71
0: mpibind: task  18 nths  3 gpus 18 cpus 73-76
0: mpibind: task  19 nths  3 gpus 19 cpus 77-79,81
0: mpibind: task  20 nths  3 gpus 20 cpus 82-85
0: mpibind: task  21 nths  3 gpus 21 cpus 86-87,89
0: mpibind: task  22 nths  3 gpus 22 cpus 90-92
0: mpibind: task  23 nths  3 gpus 23 cpus 93-95
0: 0.110s: flux-shell[3]: mpibind: 
0: mpibind: task   0 nths  3 gpus 0 cpus 1-4
0: mpibind: task   1 nths  3 gpus 1 cpus 5-7,9
0: mpibind: task   2 nths  3 gpus 2 cpus 10-13
0: mpibind: task   3 nths  3 gpus 3 cpus 14-15,17
0: mpibind: task   4 nths  3 gpus 4 cpus 18-20
0: mpibind: task   5 nths  3 gpus 5 cpus 21-23
0: mpibind: task   6 nths  3 gpus 6 cpus 25-28
0: mpibind: task   7 nths  3 gpus 7 cpus 29-31,33
0: mpibind: task   8 nths  3 gpus 8 cpus 34-37
0: mpibind: task   9 nths  3 gpus 9 cpus 38-39,41
0: mpibind: task  10 nths  3 gpus 10 cpus 42-44
0: mpibind: task  11 nths  3 gpus 11 cpus 45-47
0: mpibind: task  12 nths  3 gpus 12 cpus 49-52
0: mpibind: task  13 nths  3 gpus 13 cpus 53-55,57
0: mpibind: task  14 nths  3 gpus 14 cpus 58-61
0: mpibind: task  15 nths  3 gpus 15 cpus 62-63,65
0: mpibind: task  16 nths  3 gpus 16 cpus 66-68
0: mpibind: task  17 nths  3 gpus 17 cpus 69-71
0: mpibind: task  18 nths  3 gpus 18 cpus 73-76
0: mpibind: task  19 nths  3 gpus 19 cpus 77-79,81
0: mpibind: task  20 nths  3 gpus 20 cpus 82-85
0: mpibind: task  21 nths  3 gpus 21 cpus 86-87,89
0: mpibind: task  22 nths  3 gpus 22 cpus 90-92
0: mpibind: task  23 nths  3 gpus 23 cpus 93-95
0: 0.114s: flux-shell[4]: mpibind: 
0: mpibind: task   0 nths  3 gpus 0 cpus 1-4
0: mpibind: task   1 nths  3 gpus 1 cpus 5-7,9
0: mpibind: task   2 nths  3 gpus 2 cpus 10-13
0: mpibind: task   3 nths  3 gpus 3 cpus 14-15,17
0: mpibind: task   4 nths  3 gpus 4 cpus 18-20
0: mpibind: task   5 nths  3 gpus 5 cpus 21-23
0: mpibind: task   6 nths  3 gpus 6 cpus 25-28
0: mpibind: task   7 nths  3 gpus 7 cpus 29-31,33
0: mpibind: task   8 nths  3 gpus 8 cpus 34-37
0: mpibind: task   9 nths  3 gpus 9 cpus 38-39,41
0: mpibind: task  10 nths  3 gpus 10 cpus 42-44
0: mpibind: task  11 nths  3 gpus 11 cpus 45-47
0: mpibind: task  12 nths  3 gpus 12 cpus 49-52
0: mpibind: task  13 nths  3 gpus 13 cpus 53-55,57
0: mpibind: task  14 nths  3 gpus 14 cpus 58-61
0: mpibind: task  15 nths  3 gpus 15 cpus 62-63,65
0: mpibind: task  16 nths  3 gpus 16 cpus 66-68
0: mpibind: task  17 nths  3 gpus 17 cpus 69-71
0: mpibind: task  18 nths  3 gpus 18 cpus 73-76
0: mpibind: task  19 nths  3 gpus 19 cpus 77-79,81
0: mpibind: task  20 nths  3 gpus 20 cpus 82-85
0: mpibind: task  21 nths  3 gpus 21 cpus 86-87,89
0: mpibind: task  22 nths  3 gpus 22 cpus 90-92
0: mpibind: task  23 nths  3 gpus 23 cpus 93-95
0: 0.109s: flux-shell[7]: mpibind: 
0: mpibind: task   0 nths  3 gpus 0 cpus 1-4
0: mpibind: task   1 nths  3 gpus 1 cpus 5-7,9
0: mpibind: task   2 nths  3 gpus 2 cpus 10-13
0: mpibind: task   3 nths  3 gpus 3 cpus 14-15,17
0: mpibind: task   4 nths  3 gpus 4 cpus 18-20
0: mpibind: task   5 nths  3 gpus 5 cpus 21-23
0: mpibind: task   6 nths  3 gpus 6 cpus 25-28
0: mpibind: task   7 nths  3 gpus 7 cpus 29-31,33
0: mpibind: task   8 nths  3 gpus 8 cpus 34-37
0: mpibind: task   9 nths  3 gpus 9 cpus 38-39,41
0: mpibind: task  10 nths  3 gpus 10 cpus 42-44
0: mpibind: task  11 nths  3 gpus 11 cpus 45-47
0: mpibind: task  12 nths  3 gpus 12 cpus 49-52
0: mpibind: task  13 nths  3 gpus 13 cpus 53-55,57
0: mpibind: task  14 nths  3 gpus 14 cpus 58-61
0: mpibind: task  15 nths  3 gpus 15 cpus 62-63,65
0: mpibind: task  16 nths  3 gpus 16 cpus 66-68
0: mpibind: task  17 nths  3 gpus 17 cpus 69-71
0: mpibind: task  18 nths  3 gpus 18 cpus 73-76
0: mpibind: task  19 nths  3 gpus 19 cpus 77-79,81
0: mpibind: task  20 nths  3 gpus 20 cpus 82-85
0: mpibind: task  21 nths  3 gpus 21 cpus 86-87,89
0: mpibind: task  22 nths  3 gpus 22 cpus 90-92
0: mpibind: task  23 nths  3 gpus 23 cpus 93-95
0: 0.112s: flux-shell[11]: mpibind: 
0: mpibind: task   0 nths  3 gpus 0 cpus 1-4
0: mpibind: task   1 nths  3 gpus 1 cpus 5-7,9
0: mpibind: task   2 nths  3 gpus 2 cpus 10-13
0: mpibind: task   3 nths  3 gpus 3 cpus 14-15,17
0: mpibind: task   4 nths  3 gpus 4 cpus 18-20
0: mpibind: task   5 nths  3 gpus 5 cpus 21-23
0: mpibind: task   6 nths  3 gpus 6 cpus 25-28
0: mpibind: task   7 nths  3 gpus 7 cpus 29-31,33
0: mpibind: task   8 nths  3 gpus 8 cpus 34-37
0: mpibind: task   9 nths  3 gpus 9 cpus 38-39,41
0: mpibind: task  10 nths  3 gpus 10 cpus 42-44
0: mpibind: task  11 nths  3 gpus 11 cpus 45-47
0: mpibind: task  12 nths  3 gpus 12 cpus 49-52
0: mpibind: task  13 nths  3 gpus 13 cpus 53-55,57
0: mpibind: task  14 nths  3 gpus 14 cpus 58-61
0: mpibind: task  15 nths  3 gpus 15 cpus 62-63,65
0: mpibind: task  16 nths  3 gpus 16 cpus 66-68
0: mpibind: task  17 nths  3 gpus 17 cpus 69-71
0: mpibind: task  18 nths  3 gpus 18 cpus 73-76
0: mpibind: task  19 nths  3 gpus 19 cpus 77-79,81
0: mpibind: task  20 nths  3 gpus 20 cpus 82-85
0: mpibind: task  21 nths  3 gpus 21 cpus 86-87,89
0: mpibind: task  22 nths  3 gpus 22 cpus 90-92
0: mpibind: task  23 nths  3 gpus 23 cpus 93-95
0: 0.111s: flux-shell[9]: mpibind: 
0: mpibind: task   0 nths  3 gpus 0 cpus 1-4
0: mpibind: task   1 nths  3 gpus 1 cpus 5-7,9
0: mpibind: task   2 nths  3 gpus 2 cpus 10-13
0: mpibind: task   3 nths  3 gpus 3 cpus 14-15,17
0: mpibind: task   4 nths  3 gpus 4 cpus 18-20
0: mpibind: task   5 nths  3 gpus 5 cpus 21-23
0: mpibind: task   6 nths  3 gpus 6 cpus 25-28
0: mpibind: task   7 nths  3 gpus 7 cpus 29-31,33
0: mpibind: task   8 nths  3 gpus 8 cpus 34-37
0: mpibind: task   9 nths  3 gpus 9 cpus 38-39,41
0: mpibind: task  10 nths  3 gpus 10 cpus 42-44
0: mpibind: task  11 nths  3 gpus 11 cpus 45-47
0: mpibind: task  12 nths  3 gpus 12 cpus 49-52
0: mpibind: task  13 nths  3 gpus 13 cpus 53-55,57
0: mpibind: task  14 nths  3 gpus 14 cpus 58-61
0: mpibind: task  15 nths  3 gpus 15 cpus 62-63,65
0: mpibind: task  16 nths  3 gpus 16 cpus 66-68
0: mpibind: task  17 nths  3 gpus 17 cpus 69-71
0: mpibind: task  18 nths  3 gpus 18 cpus 73-76
0: mpibind: task  19 nths  3 gpus 19 cpus 77-79,81
0: mpibind: task  20 nths  3 gpus 20 cpus 82-85
0: mpibind: task  21 nths  3 gpus 21 cpus 86-87,89
0: mpibind: task  22 nths  3 gpus 22 cpus 90-92
0: mpibind: task  23 nths  3 gpus 23 cpus 93-95
0: 0.110s: flux-shell[12]: mpibind: 
0: mpibind: task   0 nths  3 gpus 0 cpus 1-4
0: mpibind: task   1 nths  3 gpus 1 cpus 5-7,9
0: mpibind: task   2 nths  3 gpus 2 cpus 10-13
0: mpibind: task   3 nths  3 gpus 3 cpus 14-15,17
0: mpibind: task   4 nths  3 gpus 4 cpus 18-20
0: mpibind: task   5 nths  3 gpus 5 cpus 21-23
0: mpibind: task   6 nths  3 gpus 6 cpus 25-28
0: mpibind: task   7 nths  3 gpus 7 cpus 29-31,33
0: mpibind: task   8 nths  3 gpus 8 cpus 34-37
0: mpibind: task   9 nths  3 gpus 9 cpus 38-39,41
0: mpibind: task  10 nths  3 gpus 10 cpus 42-44
0: mpibind: task  11 nths  3 gpus 11 cpus 45-47
0: mpibind: task  12 nths  3 gpus 12 cpus 49-52
0: mpibind: task  13 nths  3 gpus 13 cpus 53-55,57
0: mpibind: task  14 nths  3 gpus 14 cpus 58-61
0: mpibind: task  15 nths  3 gpus 15 cpus 62-63,65
0: mpibind: task  16 nths  3 gpus 16 cpus 66-68
0: mpibind: task  17 nths  3 gpus 17 cpus 69-71
0: mpibind: task  18 nths  3 gpus 18 cpus 73-76
0: mpibind: task  19 nths  3 gpus 19 cpus 77-79,81
0: mpibind: task  20 nths  3 gpus 20 cpus 82-85
0: mpibind: task  21 nths  3 gpus 21 cpus 86-87,89
0: mpibind: task  22 nths  3 gpus 22 cpus 90-92
0: mpibind: task  23 nths  3 gpus 23 cpus 93-95
0: 0.114s: flux-shell[10]: mpibind: 
0: mpibind: task   0 nths  3 gpus 0 cpus 1-4
0: mpibind: task   1 nths  3 gpus 1 cpus 5-7,9
0: mpibind: task   2 nths  3 gpus 2 cpus 10-13
0: mpibind: task   3 nths  3 gpus 3 cpus 14-15,17
0: mpibind: task   4 nths  3 gpus 4 cpus 18-20
0: mpibind: task   5 nths  3 gpus 5 cpus 21-23
0: mpibind: task   6 nths  3 gpus 6 cpus 25-28
0: mpibind: task   7 nths  3 gpus 7 cpus 29-31,33
0: mpibind: task   8 nths  3 gpus 8 cpus 34-37
0: mpibind: task   9 nths  3 gpus 9 cpus 38-39,41
0: mpibind: task  10 nths  3 gpus 10 cpus 42-44
0: mpibind: task  11 nths  3 gpus 11 cpus 45-47
0: mpibind: task  12 nths  3 gpus 12 cpus 49-52
0: mpibind: task  13 nths  3 gpus 13 cpus 53-55,57
0: mpibind: task  14 nths  3 gpus 14 cpus 58-61
0: mpibind: task  15 nths  3 gpus 15 cpus 62-63,65
0: mpibind: task  16 nths  3 gpus 16 cpus 66-68
0: mpibind: task  17 nths  3 gpus 17 cpus 69-71
0: mpibind: task  18 nths  3 gpus 18 cpus 73-76
0: mpibind: task  19 nths  3 gpus 19 cpus 77-79,81
0: mpibind: task  20 nths  3 gpus 20 cpus 82-85
0: mpibind: task  21 nths  3 gpus 21 cpus 86-87,89
0: mpibind: task  22 nths  3 gpus 22 cpus 90-92
0: mpibind: task  23 nths  3 gpus 23 cpus 93-95
0: 0.114s: flux-shell[13]: mpibind: 
0: mpibind: task   0 nths  3 gpus 0 cpus 1-4
0: mpibind: task   1 nths  3 gpus 1 cpus 5-7,9
0: mpibind: task   2 nths  3 gpus 2 cpus 10-13
0: mpibind: task   3 nths  3 gpus 3 cpus 14-15,17
0: mpibind: task   4 nths  3 gpus 4 cpus 18-20
0: mpibind: task   5 nths  3 gpus 5 cpus 21-23
0: mpibind: task   6 nths  3 gpus 6 cpus 25-28
0: mpibind: task   7 nths  3 gpus 7 cpus 29-31,33
0: mpibind: task   8 nths  3 gpus 8 cpus 34-37
0: mpibind: task   9 nths  3 gpus 9 cpus 38-39,41
0: mpibind: task  10 nths  3 gpus 10 cpus 42-44
0: mpibind: task  11 nths  3 gpus 11 cpus 45-47
0: mpibind: task  12 nths  3 gpus 12 cpus 49-52
0: mpibind: task  13 nths  3 gpus 13 cpus 53-55,57
0: mpibind: task  14 nths  3 gpus 14 cpus 58-61
0: mpibind: task  15 nths  3 gpus 15 cpus 62-63,65
0: mpibind: task  16 nths  3 gpus 16 cpus 66-68
0: mpibind: task  17 nths  3 gpus 17 cpus 69-71
0: mpibind: task  18 nths  3 gpus 18 cpus 73-76
0: mpibind: task  19 nths  3 gpus 19 cpus 77-79,81
0: mpibind: task  20 nths  3 gpus 20 cpus 82-85
0: mpibind: task  21 nths  3 gpus 21 cpus 86-87,89
0: mpibind: task  22 nths  3 gpus 22 cpus 90-92
0: mpibind: task  23 nths  3 gpus 23 cpus 93-95
0: 0.110s: flux-shell[15]: mpibind: 
0: mpibind: task   0 nths  3 gpus 0 cpus 1-4
0: mpibind: task   1 nths  3 gpus 1 cpus 5-7,9
0: mpibind: task   2 nths  3 gpus 2 cpus 10-13
0: mpibind: task   3 nths  3 gpus 3 cpus 14-15,17
0: mpibind: task   4 nths  3 gpus 4 cpus 18-20
0: mpibind: task   5 nths  3 gpus 5 cpus 21-23
0: mpibind: task   6 nths  3 gpus 6 cpus 25-28
0: mpibind: task   7 nths  3 gpus 7 cpus 29-31,33
0: mpibind: task   8 nths  3 gpus 8 cpus 34-37
0: mpibind: task   9 nths  3 gpus 9 cpus 38-39,41
0: mpibind: task  10 nths  3 gpus 10 cpus 42-44
0: mpibind: task  11 nths  3 gpus 11 cpus 45-47
0: mpibind: task  12 nths  3 gpus 12 cpus 49-52
0: mpibind: task  13 nths  3 gpus 13 cpus 53-55,57
0: mpibind: task  14 nths  3 gpus 14 cpus 58-61
0: mpibind: task  15 nths  3 gpus 15 cpus 62-63,65
0: mpibind: task  16 nths  3 gpus 16 cpus 66-68
0: mpibind: task  17 nths  3 gpus 17 cpus 69-71
0: mpibind: task  18 nths  3 gpus 18 cpus 73-76
0: mpibind: task  19 nths  3 gpus 19 cpus 77-79,81
0: mpibind: task  20 nths  3 gpus 20 cpus 82-85
0: mpibind: task  21 nths  3 gpus 21 cpus 86-87,89
0: mpibind: task  22 nths  3 gpus 22 cpus 90-92
0: mpibind: task  23 nths  3 gpus 23 cpus 93-95
0: 0.113s: flux-shell[14]: mpibind: 
0: mpibind: task   0 nths  3 gpus 0 cpus 1-4
0: mpibind: task   1 nths  3 gpus 1 cpus 5-7,9
0: mpibind: task   2 nths  3 gpus 2 cpus 10-13
0: mpibind: task   3 nths  3 gpus 3 cpus 14-15,17
0: mpibind: task   4 nths  3 gpus 4 cpus 18-20
0: mpibind: task   5 nths  3 gpus 5 cpus 21-23
0: mpibind: task   6 nths  3 gpus 6 cpus 25-28
0: mpibind: task   7 nths  3 gpus 7 cpus 29-31,33
0: mpibind: task   8 nths  3 gpus 8 cpus 34-37
0: mpibind: task   9 nths  3 gpus 9 cpus 38-39,41
0: mpibind: task  10 nths  3 gpus 10 cpus 42-44
0: mpibind: task  11 nths  3 gpus 11 cpus 45-47
0: mpibind: task  12 nths  3 gpus 12 cpus 49-52
0: mpibind: task  13 nths  3 gpus 13 cpus 53-55,57
0: mpibind: task  14 nths  3 gpus 14 cpus 58-61
0: mpibind: task  15 nths  3 gpus 15 cpus 62-63,65
0: mpibind: task  16 nths  3 gpus 16 cpus 66-68
0: mpibind: task  17 nths  3 gpus 17 cpus 69-71
0: mpibind: task  18 nths  3 gpus 18 cpus 73-76
0: mpibind: task  19 nths  3 gpus 19 cpus 77-79,81
0: mpibind: task  20 nths  3 gpus 20 cpus 82-85
0: mpibind: task  21 nths  3 gpus 21 cpus 86-87,89
0: mpibind: task  22 nths  3 gpus 22 cpus 90-92
0: mpibind: task  23 nths  3 gpus 23 cpus 93-95
0: jobid: f2y75izK1
0: 0.101s: flux-shell[1]: mpibind: 
0: mpibind: task   0 nths  3 gpus 0 cpus 1-4
0: mpibind: task   1 nths  3 gpus 1 cpus 5-7,9
0: mpibind: task   2 nths  3 gpus 2 cpus 10-13
0: mpibind: task   3 nths  3 gpus 3 cpus 14-15,17
0: mpibind: task   4 nths  3 gpus 4 cpus 18-20
0: mpibind: task   5 nths  3 gpus 5 cpus 21-23
0: mpibind: task   6 nths  3 gpus 6 cpus 25-28
0: mpibind: task   7 nths  3 gpus 7 cpus 29-31,33
0: mpibind: task   8 nths  3 gpus 8 cpus 34-37
0: mpibind: task   9 nths  3 gpus 9 cpus 38-39,41
0: mpibind: task  10 nths  3 gpus 10 cpus 42-44
0: mpibind: task  11 nths  3 gpus 11 cpus 45-47
0: mpibind: task  12 nths  3 gpus 12 cpus 49-52
0: mpibind: task  13 nths  3 gpus 13 cpus 53-55,57
0: mpibind: task  14 nths  3 gpus 14 cpus 58-61
0: mpibind: task  15 nths  3 gpus 15 cpus 62-63,65
0: mpibind: task  16 nths  3 gpus 16 cpus 66-68
0: mpibind: task  17 nths  3 gpus 17 cpus 69-71
0: mpibind: task  18 nths  3 gpus 18 cpus 73-76
0: mpibind: task  19 nths  3 gpus 19 cpus 77-79,81
0: mpibind: task  20 nths  3 gpus 20 cpus 82-85
0: mpibind: task  21 nths  3 gpus 21 cpus 86-87,89
0: mpibind: task  22 nths  3 gpus 22 cpus 90-92
0: mpibind: task  23 nths  3 gpus 23 cpus 93-95
0: 0.101s: flux-shell[2]: mpibind: 
0: mpibind: task   0 nths  3 gpus 0 cpus 1-4
0: mpibind: task   1 nths  3 gpus 1 cpus 5-7,9
0: mpibind: task   2 nths  3 gpus 2 cpus 10-13
0: mpibind: task   3 nths  3 gpus 3 cpus 14-15,17
0: mpibind: task   4 nths  3 gpus 4 cpus 18-20
0: mpibind: task   5 nths  3 gpus 5 cpus 21-23
0: mpibind: task   6 nths  3 gpus 6 cpus 25-28
0: mpibind: task   7 nths  3 gpus 7 cpus 29-31,33
0: mpibind: task   8 nths  3 gpus 8 cpus 34-37
0: mpibind: task   9 nths  3 gpus 9 cpus 38-39,41
0: mpibind: task  10 nths  3 gpus 10 cpus 42-44
0: mpibind: task  11 nths  3 gpus 11 cpus 45-47
0: mpibind: task  12 nths  3 gpus 12 cpus 49-52
0: mpibind: task  13 nths  3 gpus 13 cpus 53-55,57
0: mpibind: task  14 nths  3 gpus 14 cpus 58-61
0: mpibind: task  15 nths  3 gpus 15 cpus 62-63,65
0: mpibind: task  16 nths  3 gpus 16 cpus 66-68
0: mpibind: task  17 nths  3 gpus 17 cpus 69-71
0: mpibind: task  18 nths  3 gpus 18 cpus 73-76
0: mpibind: task  19 nths  3 gpus 19 cpus 77-79,81
0: mpibind: task  20 nths  3 gpus 20 cpus 82-85
0: mpibind: task  21 nths  3 gpus 21 cpus 86-87,89
0: mpibind: task  22 nths  3 gpus 22 cpus 90-92
0: mpibind: task  23 nths  3 gpus 23 cpus 93-95
0: 0.103s: flux-shell[3]: mpibind: 
0: mpibind: task   0 nths  3 gpus 0 cpus 1-4
0: mpibind: task   1 nths  3 gpus 1 cpus 5-7,9
0: mpibind: task   2 nths  3 gpus 2 cpus 10-13
0: mpibind: task   3 nths  3 gpus 3 cpus 14-15,17
0: mpibind: task   4 nths  3 gpus 4 cpus 18-20
0: mpibind: task   5 nths  3 gpus 5 cpus 21-23
0: mpibind: task   6 nths  3 gpus 6 cpus 25-28
0: mpibind: task   7 nths  3 gpus 7 cpus 29-31,33
0: mpibind: task   8 nths  3 gpus 8 cpus 34-37
0: mpibind: task   9 nths  3 gpus 9 cpus 38-39,41
0: mpibind: task  10 nths  3 gpus 10 cpus 42-44
0: mpibind: task  11 nths  3 gpus 11 cpus 45-47
0: mpibind: task  12 nths  3 gpus 12 cpus 49-52
0: mpibind: task  13 nths  3 gpus 13 cpus 53-55,57
0: mpibind: task  14 nths  3 gpus 14 cpus 58-61
0: mpibind: task  15 nths  3 gpus 15 cpus 62-63,65
0: mpibind: task  16 nths  3 gpus 16 cpus 66-68
0: mpibind: task  17 nths  3 gpus 17 cpus 69-71
0: mpibind: task  18 nths  3 gpus 18 cpus 73-76
0: mpibind: task  19 nths  3 gpus 19 cpus 77-79,81
0: mpibind: task  20 nths  3 gpus 20 cpus 82-85
0: mpibind: task  21 nths  3 gpus 21 cpus 86-87,89
0: mpibind: task  22 nths  3 gpus 22 cpus 90-92
0: mpibind: task  23 nths  3 gpus 23 cpus 93-95
0: 0.107s: flux-shell[4]: mpibind: 
0: mpibind: task   0 nths  3 gpus 0 cpus 1-4
0: mpibind: task   1 nths  3 gpus 1 cpus 5-7,9
0: mpibind: task   2 nths  3 gpus 2 cpus 10-13
0: mpibind: task   3 nths  3 gpus 3 cpus 14-15,17
0: mpibind: task   4 nths  3 gpus 4 cpus 18-20
0: mpibind: task   5 nths  3 gpus 5 cpus 21-23
0: mpibind: task   6 nths  3 gpus 6 cpus 25-28
0: mpibind: task   7 nths  3 gpus 7 cpus 29-31,33
0: mpibind: task   8 nths  3 gpus 8 cpus 34-37
0: mpibind: task   9 nths  3 gpus 9 cpus 38-39,41
0: mpibind: task  10 nths  3 gpus 10 cpus 42-44
0: mpibind: task  11 nths  3 gpus 11 cpus 45-47
0: mpibind: task  12 nths  3 gpus 12 cpus 49-52
0: mpibind: task  13 nths  3 gpus 13 cpus 53-55,57
0: mpibind: task  14 nths  3 gpus 14 cpus 58-61
0: mpibind: task  15 nths  3 gpus 15 cpus 62-63,65
0: mpibind: task  16 nths  3 gpus 16 cpus 66-68
0: mpibind: task  17 nths  3 gpus 17 cpus 69-71
0: mpibind: task  18 nths  3 gpus 18 cpus 73-76
0: mpibind: task  19 nths  3 gpus 19 cpus 77-79,81
0: mpibind: task  20 nths  3 gpus 20 cpus 82-85
0: mpibind: task  21 nths  3 gpus 21 cpus 86-87,89
0: mpibind: task  22 nths  3 gpus 22 cpus 90-92
0: mpibind: task  23 nths  3 gpus 23 cpus 93-95
0: 0.101s: flux-shell[5]: mpibind: 
0: mpibind: task   0 nths  3 gpus 0 cpus 1-4
0: mpibind: task   1 nths  3 gpus 1 cpus 5-7,9
0: mpibind: task   2 nths  3 gpus 2 cpus 10-13
0: mpibind: task   3 nths  3 gpus 3 cpus 14-15,17
0: mpibind: task   4 nths  3 gpus 4 cpus 18-20
0: mpibind: task   5 nths  3 gpus 5 cpus 21-23
0: mpibind: task   6 nths  3 gpus 6 cpus 25-28
0: mpibind: task   7 nths  3 gpus 7 cpus 29-31,33
0: mpibind: task   8 nths  3 gpus 8 cpus 34-37
0: mpibind: task   9 nths  3 gpus 9 cpus 38-39,41
0: mpibind: task  10 nths  3 gpus 10 cpus 42-44
0: mpibind: task  11 nths  3 gpus 11 cpus 45-47
0: mpibind: task  12 nths  3 gpus 12 cpus 49-52
0: mpibind: task  13 nths  3 gpus 13 cpus 53-55,57
0: mpibind: task  14 nths  3 gpus 14 cpus 58-61
0: mpibind: task  15 nths  3 gpus 15 cpus 62-63,65
0: mpibind: task  16 nths  3 gpus 16 cpus 66-68
0: mpibind: task  17 nths  3 gpus 17 cpus 69-71
0: mpibind: task  18 nths  3 gpus 18 cpus 73-76
0: mpibind: task  19 nths  3 gpus 19 cpus 77-79,81
0: mpibind: task  20 nths  3 gpus 20 cpus 82-85
0: mpibind: task  21 nths  3 gpus 21 cpus 86-87,89
0: mpibind: task  22 nths  3 gpus 22 cpus 90-92
0: mpibind: task  23 nths  3 gpus 23 cpus 93-95
0: 0.099s: flux-shell[6]: mpibind: 
0: mpibind: task   0 nths  3 gpus 0 cpus 1-4
0: mpibind: task   1 nths  3 gpus 1 cpus 5-7,9
0: mpibind: task   2 nths  3 gpus 2 cpus 10-13
0: mpibind: task   3 nths  3 gpus 3 cpus 14-15,17
0: mpibind: task   4 nths  3 gpus 4 cpus 18-20
0: mpibind: task   5 nths  3 gpus 5 cpus 21-23
0: mpibind: task   6 nths  3 gpus 6 cpus 25-28
0: mpibind: task   7 nths  3 gpus 7 cpus 29-31,33
0: mpibind: task   8 nths  3 gpus 8 cpus 34-37
0: mpibind: task   9 nths  3 gpus 9 cpus 38-39,41
0: mpibind: task  10 nths  3 gpus 10 cpus 42-44
0: mpibind: task  11 nths  3 gpus 11 cpus 45-47
0: mpibind: task  12 nths  3 gpus 12 cpus 49-52
0: mpibind: task  13 nths  3 gpus 13 cpus 53-55,57
0: mpibind: task  14 nths  3 gpus 14 cpus 58-61
0: mpibind: task  15 nths  3 gpus 15 cpus 62-63,65
0: mpibind: task  16 nths  3 gpus 16 cpus 66-68
0: mpibind: task  17 nths  3 gpus 17 cpus 69-71
0: mpibind: task  18 nths  3 gpus 18 cpus 73-76
0: mpibind: task  19 nths  3 gpus 19 cpus 77-79,81
0: mpibind: task  20 nths  3 gpus 20 cpus 82-85
0: mpibind: task  21 nths  3 gpus 21 cpus 86-87,89
0: mpibind: task  22 nths  3 gpus 22 cpus 90-92
0: mpibind: task  23 nths  3 gpus 23 cpus 93-95
0: 0.106s: flux-shell[11]: mpibind: 
0: mpibind: task   0 nths  3 gpus 0 cpus 1-4
0: mpibind: task   1 nths  3 gpus 1 cpus 5-7,9
0: mpibind: task   2 nths  3 gpus 2 cpus 10-13
0: mpibind: task   3 nths  3 gpus 3 cpus 14-15,17
0: mpibind: task   4 nths  3 gpus 4 cpus 18-20
0: mpibind: task   5 nths  3 gpus 5 cpus 21-23
0: mpibind: task   6 nths  3 gpus 6 cpus 25-28
0: mpibind: task   7 nths  3 gpus 7 cpus 29-31,33
0: mpibind: task   8 nths  3 gpus 8 cpus 34-37
0: mpibind: task   9 nths  3 gpus 9 cpus 38-39,41
0: mpibind: task  10 nths  3 gpus 10 cpus 42-44
0: mpibind: task  11 nths  3 gpus 11 cpus 45-47
0: mpibind: task  12 nths  3 gpus 12 cpus 49-52
0: mpibind: task  13 nths  3 gpus 13 cpus 53-55,57
0: mpibind: task  14 nths  3 gpus 14 cpus 58-61
0: mpibind: task  15 nths  3 gpus 15 cpus 62-63,65
0: mpibind: task  16 nths  3 gpus 16 cpus 66-68
0: mpibind: task  17 nths  3 gpus 17 cpus 69-71
0: mpibind: task  18 nths  3 gpus 18 cpus 73-76
0: mpibind: task  19 nths  3 gpus 19 cpus 77-79,81
0: mpibind: task  20 nths  3 gpus 20 cpus 82-85
0: mpibind: task  21 nths  3 gpus 21 cpus 86-87,89
0: mpibind: task  22 nths  3 gpus 22 cpus 90-92
0: mpibind: task  23 nths  3 gpus 23 cpus 93-95
0: 0.098s: flux-shell[0]: mpibind: 
0: mpibind: task   0 nths  3 gpus 0 cpus 1-4
0: mpibind: task   1 nths  3 gpus 1 cpus 5-7,9
0: mpibind: task   2 nths  3 gpus 2 cpus 10-13
0: mpibind: task   3 nths  3 gpus 3 cpus 14-15,17
0: mpibind: task   4 nths  3 gpus 4 cpus 18-20
0: mpibind: task   5 nths  3 gpus 5 cpus 21-23
0: mpibind: task   6 nths  3 gpus 6 cpus 25-28
0: mpibind: task   7 nths  3 gpus 7 cpus 29-31,33
0: mpibind: task   8 nths  3 gpus 8 cpus 34-37
0: mpibind: task   9 nths  3 gpus 9 cpus 38-39,41
0: mpibind: task  10 nths  3 gpus 10 cpus 42-44
0: mpibind: task  11 nths  3 gpus 11 cpus 45-47
0: mpibind: task  12 nths  3 gpus 12 cpus 49-52
0: mpibind: task  13 nths  3 gpus 13 cpus 53-55,57
0: mpibind: task  14 nths  3 gpus 14 cpus 58-61
0: mpibind: task  15 nths  3 gpus 15 cpus 62-63,65
0: mpibind: task  16 nths  3 gpus 16 cpus 66-68
0: mpibind: task  17 nths  3 gpus 17 cpus 69-71
0: mpibind: task  18 nths  3 gpus 18 cpus 73-76
0: mpibind: task  19 nths  3 gpus 19 cpus 77-79,81
0: mpibind: task  20 nths  3 gpus 20 cpus 82-85
0: mpibind: task  21 nths  3 gpus 21 cpus 86-87,89
0: mpibind: task  22 nths  3 gpus 22 cpus 90-92
0: mpibind: task  23 nths  3 gpus 23 cpus 93-95
0: 0.104s: flux-shell[7]: mpibind: 
0: mpibind: task   0 nths  3 gpus 0 cpus 1-4
0: mpibind: task   1 nths  3 gpus 1 cpus 5-7,9
0: mpibind: task   2 nths  3 gpus 2 cpus 10-13
0: mpibind: task   3 nths  3 gpus 3 cpus 14-15,17
0: mpibind: task   4 nths  3 gpus 4 cpus 18-20
0: mpibind: task   5 nths  3 gpus 5 cpus 21-23
0: mpibind: task   6 nths  3 gpus 6 cpus 25-28
0: mpibind: task   7 nths  3 gpus 7 cpus 29-31,33
0: mpibind: task   8 nths  3 gpus 8 cpus 34-37
0: mpibind: task   9 nths  3 gpus 9 cpus 38-39,41
0: mpibind: task  10 nths  3 gpus 10 cpus 42-44
0: mpibind: task  11 nths  3 gpus 11 cpus 45-47
0: mpibind: task  12 nths  3 gpus 12 cpus 49-52
0: mpibind: task  13 nths  3 gpus 13 cpus 53-55,57
0: mpibind: task  14 nths  3 gpus 14 cpus 58-61
0: mpibind: task  15 nths  3 gpus 15 cpus 62-63,65
0: mpibind: task  16 nths  3 gpus 16 cpus 66-68
0: mpibind: task  17 nths  3 gpus 17 cpus 69-71
0: mpibind: task  18 nths  3 gpus 18 cpus 73-76
0: mpibind: task  19 nths  3 gpus 19 cpus 77-79,81
0: mpibind: task  20 nths  3 gpus 20 cpus 82-85
0: mpibind: task  21 nths  3 gpus 21 cpus 86-87,89
0: mpibind: task  22 nths  3 gpus 22 cpus 90-92
0: mpibind: task  23 nths  3 gpus 23 cpus 93-95
0: 0.100s: flux-shell[9]: mpibind: 
0: mpibind: task   0 nths  3 gpus 0 cpus 1-4
0: mpibind: task   1 nths  3 gpus 1 cpus 5-7,9
0: mpibind: task   2 nths  3 gpus 2 cpus 10-13
0: mpibind: task   3 nths  3 gpus 3 cpus 14-15,17
0: mpibind: task   4 nths  3 gpus 4 cpus 18-20
0: mpibind: task   5 nths  3 gpus 5 cpus 21-23
0: mpibind: task   6 nths  3 gpus 6 cpus 25-28
0: mpibind: task   7 nths  3 gpus 7 cpus 29-31,33
0: mpibind: task   8 nths  3 gpus 8 cpus 34-37
0: mpibind: task   9 nths  3 gpus 9 cpus 38-39,41
0: mpibind: task  10 nths  3 gpus 10 cpus 42-44
0: mpibind: task  11 nths  3 gpus 11 cpus 45-47
0: mpibind: task  12 nths  3 gpus 12 cpus 49-52
0: mpibind: task  13 nths  3 gpus 13 cpus 53-55,57
0: mpibind: task  14 nths  3 gpus 14 cpus 58-61
0: mpibind: task  15 nths  3 gpus 15 cpus 62-63,65
0: mpibind: task  16 nths  3 gpus 16 cpus 66-68
0: mpibind: task  17 nths  3 gpus 17 cpus 69-71
0: mpibind: task  18 nths  3 gpus 18 cpus 73-76
0: mpibind: task  19 nths  3 gpus 19 cpus 77-79,81
0: mpibind: task  20 nths  3 gpus 20 cpus 82-85
0: mpibind: task  21 nths  3 gpus 21 cpus 86-87,89
0: mpibind: task  22 nths  3 gpus 22 cpus 90-92
0: mpibind: task  23 nths  3 gpus 23 cpus 93-95
0: 0.106s: flux-shell[12]: mpibind: 
0: mpibind: task   0 nths  3 gpus 0 cpus 1-4
0: mpibind: task   1 nths  3 gpus 1 cpus 5-7,9
0: mpibind: task   2 nths  3 gpus 2 cpus 10-13
0: mpibind: task   3 nths  3 gpus 3 cpus 14-15,17
0: mpibind: task   4 nths  3 gpus 4 cpus 18-20
0: mpibind: task   5 nths  3 gpus 5 cpus 21-23
0: mpibind: task   6 nths  3 gpus 6 cpus 25-28
0: mpibind: task   7 nths  3 gpus 7 cpus 29-31,33
0: mpibind: task   8 nths  3 gpus 8 cpus 34-37
0: mpibind: task   9 nths  3 gpus 9 cpus 38-39,41
0: mpibind: task  10 nths  3 gpus 10 cpus 42-44
0: mpibind: task  11 nths  3 gpus 11 cpus 45-47
0: mpibind: task  12 nths  3 gpus 12 cpus 49-52
0: mpibind: task  13 nths  3 gpus 13 cpus 53-55,57
0: mpibind: task  14 nths  3 gpus 14 cpus 58-61
0: mpibind: task  15 nths  3 gpus 15 cpus 62-63,65
0: mpibind: task  16 nths  3 gpus 16 cpus 66-68
0: mpibind: task  17 nths  3 gpus 17 cpus 69-71
0: mpibind: task  18 nths  3 gpus 18 cpus 73-76
0: mpibind: task  19 nths  3 gpus 19 cpus 77-79,81
0: mpibind: task  20 nths  3 gpus 20 cpus 82-85
0: mpibind: task  21 nths  3 gpus 21 cpus 86-87,89
0: mpibind: task  22 nths  3 gpus 22 cpus 90-92
0: mpibind: task  23 nths  3 gpus 23 cpus 93-95
0: 0.105s: flux-shell[10]: mpibind: 
0: mpibind: task   0 nths  3 gpus 0 cpus 1-4
0: mpibind: task   1 nths  3 gpus 1 cpus 5-7,9
0: mpibind: task   2 nths  3 gpus 2 cpus 10-13
0: mpibind: task   3 nths  3 gpus 3 cpus 14-15,17
0: mpibind: task   4 nths  3 gpus 4 cpus 18-20
0: mpibind: task   5 nths  3 gpus 5 cpus 21-23
0: mpibind: task   6 nths  3 gpus 6 cpus 25-28
0: mpibind: task   7 nths  3 gpus 7 cpus 29-31,33
0: mpibind: task   8 nths  3 gpus 8 cpus 34-37
0: mpibind: task   9 nths  3 gpus 9 cpus 38-39,41
0: mpibind: task  10 nths  3 gpus 10 cpus 42-44
0: mpibind: task  11 nths  3 gpus 11 cpus 45-47
0: mpibind: task  12 nths  3 gpus 12 cpus 49-52
0: mpibind: task  13 nths  3 gpus 13 cpus 53-55,57
0: mpibind: task  14 nths  3 gpus 14 cpus 58-61
0: mpibind: task  15 nths  3 gpus 15 cpus 62-63,65
0: mpibind: task  16 nths  3 gpus 16 cpus 66-68
0: mpibind: task  17 nths  3 gpus 17 cpus 69-71
0: mpibind: task  18 nths  3 gpus 18 cpus 73-76
0: mpibind: task  19 nths  3 gpus 19 cpus 77-79,81
0: mpibind: task  20 nths  3 gpus 20 cpus 82-85
0: mpibind: task  21 nths  3 gpus 21 cpus 86-87,89
0: mpibind: task  22 nths  3 gpus 22 cpus 90-92
0: mpibind: task  23 nths  3 gpus 23 cpus 93-95
0: 0.103s: flux-shell[8]: mpibind: 
0: mpibind: task   0 nths  3 gpus 0 cpus 1-4
0: mpibind: task   1 nths  3 gpus 1 cpus 5-7,9
0: mpibind: task   2 nths  3 gpus 2 cpus 10-13
0: mpibind: task   3 nths  3 gpus 3 cpus 14-15,17
0: mpibind: task   4 nths  3 gpus 4 cpus 18-20
0: mpibind: task   5 nths  3 gpus 5 cpus 21-23
0: mpibind: task   6 nths  3 gpus 6 cpus 25-28
0: mpibind: task   7 nths  3 gpus 7 cpus 29-31,33
0: mpibind: task   8 nths  3 gpus 8 cpus 34-37
0: mpibind: task   9 nths  3 gpus 9 cpus 38-39,41
0: mpibind: task  10 nths  3 gpus 10 cpus 42-44
0: mpibind: task  11 nths  3 gpus 11 cpus 45-47
0: mpibind: task  12 nths  3 gpus 12 cpus 49-52
0: mpibind: task  13 nths  3 gpus 13 cpus 53-55,57
0: mpibind: task  14 nths  3 gpus 14 cpus 58-61
0: mpibind: task  15 nths  3 gpus 15 cpus 62-63,65
0: mpibind: task  16 nths  3 gpus 16 cpus 66-68
0: mpibind: task  17 nths  3 gpus 17 cpus 69-71
0: mpibind: task  18 nths  3 gpus 18 cpus 73-76
0: mpibind: task  19 nths  3 gpus 19 cpus 77-79,81
0: mpibind: task  20 nths  3 gpus 20 cpus 82-85
0: mpibind: task  21 nths  3 gpus 21 cpus 86-87,89
0: mpibind: task  22 nths  3 gpus 22 cpus 90-92
0: mpibind: task  23 nths  3 gpus 23 cpus 93-95
0: 0.105s: flux-shell[13]: mpibind: 
0: mpibind: task   0 nths  3 gpus 0 cpus 1-4
0: mpibind: task   1 nths  3 gpus 1 cpus 5-7,9
0: mpibind: task   2 nths  3 gpus 2 cpus 10-13
0: mpibind: task   3 nths  3 gpus 3 cpus 14-15,17
0: mpibind: task   4 nths  3 gpus 4 cpus 18-20
0: mpibind: task   5 nths  3 gpus 5 cpus 21-23
0: mpibind: task   6 nths  3 gpus 6 cpus 25-28
0: mpibind: task   7 nths  3 gpus 7 cpus 29-31,33
0: mpibind: task   8 nths  3 gpus 8 cpus 34-37
0: mpibind: task   9 nths  3 gpus 9 cpus 38-39,41
0: mpibind: task  10 nths  3 gpus 10 cpus 42-44
0: mpibind: task  11 nths  3 gpus 11 cpus 45-47
0: mpibind: task  12 nths  3 gpus 12 cpus 49-52
0: mpibind: task  13 nths  3 gpus 13 cpus 53-55,57
0: mpibind: task  14 nths  3 gpus 14 cpus 58-61
0: mpibind: task  15 nths  3 gpus 15 cpus 62-63,65
0: mpibind: task  16 nths  3 gpus 16 cpus 66-68
0: mpibind: task  17 nths  3 gpus 17 cpus 69-71
0: mpibind: task  18 nths  3 gpus 18 cpus 73-76
0: mpibind: task  19 nths  3 gpus 19 cpus 77-79,81
0: mpibind: task  20 nths  3 gpus 20 cpus 82-85
0: mpibind: task  21 nths  3 gpus 21 cpus 86-87,89
0: mpibind: task  22 nths  3 gpus 22 cpus 90-92
0: mpibind: task  23 nths  3 gpus 23 cpus 93-95
0: 0.110s: flux-shell[15]: mpibind: 
0: mpibind: task   0 nths  3 gpus 0 cpus 1-4
0: mpibind: task   1 nths  3 gpus 1 cpus 5-7,9
0: mpibind: task   2 nths  3 gpus 2 cpus 10-13
0: mpibind: task   3 nths  3 gpus 3 cpus 14-15,17
0: mpibind: task   4 nths  3 gpus 4 cpus 18-20
0: mpibind: task   5 nths  3 gpus 5 cpus 21-23
0: mpibind: task   6 nths  3 gpus 6 cpus 25-28
0: mpibind: task   7 nths  3 gpus 7 cpus 29-31,33
0: mpibind: task   8 nths  3 gpus 8 cpus 34-37
0: mpibind: task   9 nths  3 gpus 9 cpus 38-39,41
0: mpibind: task  10 nths  3 gpus 10 cpus 42-44
0: mpibind: task  11 nths  3 gpus 11 cpus 45-47
0: mpibind: task  12 nths  3 gpus 12 cpus 49-52
0: mpibind: task  13 nths  3 gpus 13 cpus 53-55,57
0: mpibind: task  14 nths  3 gpus 14 cpus 58-61
0: mpibind: task  15 nths  3 gpus 15 cpus 62-63,65
0: mpibind: task  16 nths  3 gpus 16 cpus 66-68
0: mpibind: task  17 nths  3 gpus 17 cpus 69-71
0: mpibind: task  18 nths  3 gpus 18 cpus 73-76
0: mpibind: task  19 nths  3 gpus 19 cpus 77-79,81
0: mpibind: task  20 nths  3 gpus 20 cpus 82-85
0: mpibind: task  21 nths  3 gpus 21 cpus 86-87,89
0: mpibind: task  22 nths  3 gpus 22 cpus 90-92
0: mpibind: task  23 nths  3 gpus 23 cpus 93-95
0: 0.109s: flux-shell[14]: mpibind: 
0: mpibind: task   0 nths  3 gpus 0 cpus 1-4
0: mpibind: task   1 nths  3 gpus 1 cpus 5-7,9
0: mpibind: task   2 nths  3 gpus 2 cpus 10-13
0: mpibind: task   3 nths  3 gpus 3 cpus 14-15,17
0: mpibind: task   4 nths  3 gpus 4 cpus 18-20
0: mpibind: task   5 nths  3 gpus 5 cpus 21-23
0: mpibind: task   6 nths  3 gpus 6 cpus 25-28
0: mpibind: task   7 nths  3 gpus 7 cpus 29-31,33
0: mpibind: task   8 nths  3 gpus 8 cpus 34-37
0: mpibind: task   9 nths  3 gpus 9 cpus 38-39,41
0: mpibind: task  10 nths  3 gpus 10 cpus 42-44
0: mpibind: task  11 nths  3 gpus 11 cpus 45-47
0: mpibind: task  12 nths  3 gpus 12 cpus 49-52
0: mpibind: task  13 nths  3 gpus 13 cpus 53-55,57
0: mpibind: task  14 nths  3 gpus 14 cpus 58-61
0: mpibind: task  15 nths  3 gpus 15 cpus 62-63,65
0: mpibind: task  16 nths  3 gpus 16 cpus 66-68
0: mpibind: task  17 nths  3 gpus 17 cpus 69-71
0: mpibind: task  18 nths  3 gpus 18 cpus 73-76
0: mpibind: task  19 nths  3 gpus 19 cpus 77-79,81
0: mpibind: task  20 nths  3 gpus 20 cpus 82-85
0: mpibind: task  21 nths  3 gpus 21 cpus 86-87,89
0: mpibind: task  22 nths  3 gpus 22 cpus 90-92
0: mpibind: task  23 nths  3 gpus 23 cpus 93-95
0: jobid: f38puhrRD
0: 0.104s: flux-shell[1]: mpibind: 
0: mpibind: task   0 nths  3 gpus 0 cpus 1-4
0: mpibind: task   1 nths  3 gpus 1 cpus 5-7,9
0: mpibind: task   2 nths  3 gpus 2 cpus 10-13
0: mpibind: task   3 nths  3 gpus 3 cpus 14-15,17
0: mpibind: task   4 nths  3 gpus 4 cpus 18-20
0: mpibind: task   5 nths  3 gpus 5 cpus 21-23
0: mpibind: task   6 nths  3 gpus 6 cpus 25-28
0: mpibind: task   7 nths  3 gpus 7 cpus 29-31,33
0: mpibind: task   8 nths  3 gpus 8 cpus 34-37
0: mpibind: task   9 nths  3 gpus 9 cpus 38-39,41
0: mpibind: task  10 nths  3 gpus 10 cpus 42-44
0: mpibind: task  11 nths  3 gpus 11 cpus 45-47
0: mpibind: task  12 nths  3 gpus 12 cpus 49-52
0: mpibind: task  13 nths  3 gpus 13 cpus 53-55,57
0: mpibind: task  14 nths  3 gpus 14 cpus 58-61
0: mpibind: task  15 nths  3 gpus 15 cpus 62-63,65
0: mpibind: task  16 nths  3 gpus 16 cpus 66-68
0: mpibind: task  17 nths  3 gpus 17 cpus 69-71
0: mpibind: task  18 nths  3 gpus 18 cpus 73-76
0: mpibind: task  19 nths  3 gpus 19 cpus 77-79,81
0: mpibind: task  20 nths  3 gpus 20 cpus 82-85
0: mpibind: task  21 nths  3 gpus 21 cpus 86-87,89
0: mpibind: task  22 nths  3 gpus 22 cpus 90-92
0: mpibind: task  23 nths  3 gpus 23 cpus 93-95
0: 0.101s: flux-shell[2]: mpibind: 
0: mpibind: task   0 nths  3 gpus 0 cpus 1-4
0: mpibind: task   1 nths  3 gpus 1 cpus 5-7,9
0: mpibind: task   2 nths  3 gpus 2 cpus 10-13
0: mpibind: task   3 nths  3 gpus 3 cpus 14-15,17
0: mpibind: task   4 nths  3 gpus 4 cpus 18-20
0: mpibind: task   5 nths  3 gpus 5 cpus 21-23
0: mpibind: task   6 nths  3 gpus 6 cpus 25-28
0: mpibind: task   7 nths  3 gpus 7 cpus 29-31,33
0: mpibind: task   8 nths  3 gpus 8 cpus 34-37
0: mpibind: task   9 nths  3 gpus 9 cpus 38-39,41
0: mpibind: task  10 nths  3 gpus 10 cpus 42-44
0: mpibind: task  11 nths  3 gpus 11 cpus 45-47
0: mpibind: task  12 nths  3 gpus 12 cpus 49-52
0: mpibind: task  13 nths  3 gpus 13 cpus 53-55,57
0: mpibind: task  14 nths  3 gpus 14 cpus 58-61
0: mpibind: task  15 nths  3 gpus 15 cpus 62-63,65
0: mpibind: task  16 nths  3 gpus 16 cpus 66-68
0: mpibind: task  17 nths  3 gpus 17 cpus 69-71
0: mpibind: task  18 nths  3 gpus 18 cpus 73-76
0: mpibind: task  19 nths  3 gpus 19 cpus 77-79,81
0: mpibind: task  20 nths  3 gpus 20 cpus 82-85
0: mpibind: task  21 nths  3 gpus 21 cpus 86-87,89
0: mpibind: task  22 nths  3 gpus 22 cpus 90-92
0: mpibind: task  23 nths  3 gpus 23 cpus 93-95
0: 0.104s: flux-shell[3]: mpibind: 
0: mpibind: task   0 nths  3 gpus 0 cpus 1-4
0: mpibind: task   1 nths  3 gpus 1 cpus 5-7,9
0: mpibind: task   2 nths  3 gpus 2 cpus 10-13
0: mpibind: task   3 nths  3 gpus 3 cpus 14-15,17
0: mpibind: task   4 nths  3 gpus 4 cpus 18-20
0: mpibind: task   5 nths  3 gpus 5 cpus 21-23
0: mpibind: task   6 nths  3 gpus 6 cpus 25-28
0: mpibind: task   7 nths  3 gpus 7 cpus 29-31,33
0: mpibind: task   8 nths  3 gpus 8 cpus 34-37
0: mpibind: task   9 nths  3 gpus 9 cpus 38-39,41
0: mpibind: task  10 nths  3 gpus 10 cpus 42-44
0: mpibind: task  11 nths  3 gpus 11 cpus 45-47
0: mpibind: task  12 nths  3 gpus 12 cpus 49-52
0: mpibind: task  13 nths  3 gpus 13 cpus 53-55,57
0: mpibind: task  14 nths  3 gpus 14 cpus 58-61
0: mpibind: task  15 nths  3 gpus 15 cpus 62-63,65
0: mpibind: task  16 nths  3 gpus 16 cpus 66-68
0: mpibind: task  17 nths  3 gpus 17 cpus 69-71
0: mpibind: task  18 nths  3 gpus 18 cpus 73-76
0: mpibind: task  19 nths  3 gpus 19 cpus 77-79,81
0: mpibind: task  20 nths  3 gpus 20 cpus 82-85
0: mpibind: task  21 nths  3 gpus 21 cpus 86-87,89
0: mpibind: task  22 nths  3 gpus 22 cpus 90-92
0: mpibind: task  23 nths  3 gpus 23 cpus 93-95
0: 0.103s: flux-shell[8]: mpibind: 
0: mpibind: task   0 nths  3 gpus 0 cpus 1-4
0: mpibind: task   1 nths  3 gpus 1 cpus 5-7,9
0: mpibind: task   2 nths  3 gpus 2 cpus 10-13
0: mpibind: task   3 nths  3 gpus 3 cpus 14-15,17
0: mpibind: task   4 nths  3 gpus 4 cpus 18-20
0: mpibind: task   5 nths  3 gpus 5 cpus 21-23
0: mpibind: task   6 nths  3 gpus 6 cpus 25-28
0: mpibind: task   7 nths  3 gpus 7 cpus 29-31,33
0: mpibind: task   8 nths  3 gpus 8 cpus 34-37
0: mpibind: task   9 nths  3 gpus 9 cpus 38-39,41
0: mpibind: task  10 nths  3 gpus 10 cpus 42-44
0: mpibind: task  11 nths  3 gpus 11 cpus 45-47
0: mpibind: task  12 nths  3 gpus 12 cpus 49-52
0: mpibind: task  13 nths  3 gpus 13 cpus 53-55,57
0: mpibind: task  14 nths  3 gpus 14 cpus 58-61
0: mpibind: task  15 nths  3 gpus 15 cpus 62-63,65
0: mpibind: task  16 nths  3 gpus 16 cpus 66-68
0: mpibind: task  17 nths  3 gpus 17 cpus 69-71
0: mpibind: task  18 nths  3 gpus 18 cpus 73-76
0: mpibind: task  19 nths  3 gpus 19 cpus 77-79,81
0: mpibind: task  20 nths  3 gpus 20 cpus 82-85
0: mpibind: task  21 nths  3 gpus 21 cpus 86-87,89
0: mpibind: task  22 nths  3 gpus 22 cpus 90-92
0: mpibind: task  23 nths  3 gpus 23 cpus 93-95
0: 0.096s: flux-shell[0]: mpibind: 
0: mpibind: task   0 nths  3 gpus 0 cpus 1-4
0: mpibind: task   1 nths  3 gpus 1 cpus 5-7,9
0: mpibind: task   2 nths  3 gpus 2 cpus 10-13
0: mpibind: task   3 nths  3 gpus 3 cpus 14-15,17
0: mpibind: task   4 nths  3 gpus 4 cpus 18-20
0: mpibind: task   5 nths  3 gpus 5 cpus 21-23
0: mpibind: task   6 nths  3 gpus 6 cpus 25-28
0: mpibind: task   7 nths  3 gpus 7 cpus 29-31,33
0: mpibind: task   8 nths  3 gpus 8 cpus 34-37
0: mpibind: task   9 nths  3 gpus 9 cpus 38-39,41
0: mpibind: task  10 nths  3 gpus 10 cpus 42-44
0: mpibind: task  11 nths  3 gpus 11 cpus 45-47
0: mpibind: task  12 nths  3 gpus 12 cpus 49-52
0: mpibind: task  13 nths  3 gpus 13 cpus 53-55,57
0: mpibind: task  14 nths  3 gpus 14 cpus 58-61
0: mpibind: task  15 nths  3 gpus 15 cpus 62-63,65
0: mpibind: task  16 nths  3 gpus 16 cpus 66-68
0: mpibind: task  17 nths  3 gpus 17 cpus 69-71
0: mpibind: task  18 nths  3 gpus 18 cpus 73-76
0: mpibind: task  19 nths  3 gpus 19 cpus 77-79,81
0: mpibind: task  20 nths  3 gpus 20 cpus 82-85
0: mpibind: task  21 nths  3 gpus 21 cpus 86-87,89
0: mpibind: task  22 nths  3 gpus 22 cpus 90-92
0: mpibind: task  23 nths  3 gpus 23 cpus 93-95
0: 0.105s: flux-shell[4]: mpibind: 
0: mpibind: task   0 nths  3 gpus 0 cpus 1-4
0: mpibind: task   1 nths  3 gpus 1 cpus 5-7,9
0: mpibind: task   2 nths  3 gpus 2 cpus 10-13
0: mpibind: task   3 nths  3 gpus 3 cpus 14-15,17
0: mpibind: task   4 nths  3 gpus 4 cpus 18-20
0: mpibind: task   5 nths  3 gpus 5 cpus 21-23
0: mpibind: task   6 nths  3 gpus 6 cpus 25-28
0: mpibind: task   7 nths  3 gpus 7 cpus 29-31,33
0: mpibind: task   8 nths  3 gpus 8 cpus 34-37
0: mpibind: task   9 nths  3 gpus 9 cpus 38-39,41
0: mpibind: task  10 nths  3 gpus 10 cpus 42-44
0: mpibind: task  11 nths  3 gpus 11 cpus 45-47
0: mpibind: task  12 nths  3 gpus 12 cpus 49-52
0: mpibind: task  13 nths  3 gpus 13 cpus 53-55,57
0: mpibind: task  14 nths  3 gpus 14 cpus 58-61
0: mpibind: task  15 nths  3 gpus 15 cpus 62-63,65
0: mpibind: task  16 nths  3 gpus 16 cpus 66-68
0: mpibind: task  17 nths  3 gpus 17 cpus 69-71
0: mpibind: task  18 nths  3 gpus 18 cpus 73-76
0: mpibind: task  19 nths  3 gpus 19 cpus 77-79,81
0: mpibind: task  20 nths  3 gpus 20 cpus 82-85
0: mpibind: task  21 nths  3 gpus 21 cpus 86-87,89
0: mpibind: task  22 nths  3 gpus 22 cpus 90-92
0: mpibind: task  23 nths  3 gpus 23 cpus 93-95
0: 0.103s: flux-shell[5]: mpibind: 
0: mpibind: task   0 nths  3 gpus 0 cpus 1-4
0: mpibind: task   1 nths  3 gpus 1 cpus 5-7,9
0: mpibind: task   2 nths  3 gpus 2 cpus 10-13
0: mpibind: task   3 nths  3 gpus 3 cpus 14-15,17
0: mpibind: task   4 nths  3 gpus 4 cpus 18-20
0: mpibind: task   5 nths  3 gpus 5 cpus 21-23
0: mpibind: task   6 nths  3 gpus 6 cpus 25-28
0: mpibind: task   7 nths  3 gpus 7 cpus 29-31,33
0: mpibind: task   8 nths  3 gpus 8 cpus 34-37
0: mpibind: task   9 nths  3 gpus 9 cpus 38-39,41
0: mpibind: task  10 nths  3 gpus 10 cpus 42-44
0: mpibind: task  11 nths  3 gpus 11 cpus 45-47
0: mpibind: task  12 nths  3 gpus 12 cpus 49-52
0: mpibind: task  13 nths  3 gpus 13 cpus 53-55,57
0: mpibind: task  14 nths  3 gpus 14 cpus 58-61
0: mpibind: task  15 nths  3 gpus 15 cpus 62-63,65
0: mpibind: task  16 nths  3 gpus 16 cpus 66-68
0: mpibind: task  17 nths  3 gpus 17 cpus 69-71
0: mpibind: task  18 nths  3 gpus 18 cpus 73-76
0: mpibind: task  19 nths  3 gpus 19 cpus 77-79,81
0: mpibind: task  20 nths  3 gpus 20 cpus 82-85
0: mpibind: task  21 nths  3 gpus 21 cpus 86-87,89
0: mpibind: task  22 nths  3 gpus 22 cpus 90-92
0: mpibind: task  23 nths  3 gpus 23 cpus 93-95
0: 0.103s: flux-shell[6]: mpibind: 
0: mpibind: task   0 nths  3 gpus 0 cpus 1-4
0: mpibind: task   1 nths  3 gpus 1 cpus 5-7,9
0: mpibind: task   2 nths  3 gpus 2 cpus 10-13
0: mpibind: task   3 nths  3 gpus 3 cpus 14-15,17
0: mpibind: task   4 nths  3 gpus 4 cpus 18-20
0: mpibind: task   5 nths  3 gpus 5 cpus 21-23
0: mpibind: task   6 nths  3 gpus 6 cpus 25-28
0: mpibind: task   7 nths  3 gpus 7 cpus 29-31,33
0: mpibind: task   8 nths  3 gpus 8 cpus 34-37
0: mpibind: task   9 nths  3 gpus 9 cpus 38-39,41
0: mpibind: task  10 nths  3 gpus 10 cpus 42-44
0: mpibind: task  11 nths  3 gpus 11 cpus 45-47
0: mpibind: task  12 nths  3 gpus 12 cpus 49-52
0: mpibind: task  13 nths  3 gpus 13 cpus 53-55,57
0: mpibind: task  14 nths  3 gpus 14 cpus 58-61
0: mpibind: task  15 nths  3 gpus 15 cpus 62-63,65
0: mpibind: task  16 nths  3 gpus 16 cpus 66-68
0: mpibind: task  17 nths  3 gpus 17 cpus 69-71
0: mpibind: task  18 nths  3 gpus 18 cpus 73-76
0: mpibind: task  19 nths  3 gpus 19 cpus 77-79,81
0: mpibind: task  20 nths  3 gpus 20 cpus 82-85
0: mpibind: task  21 nths  3 gpus 21 cpus 86-87,89
0: mpibind: task  22 nths  3 gpus 22 cpus 90-92
0: mpibind: task  23 nths  3 gpus 23 cpus 93-95
0: 0.101s: flux-shell[7]: mpibind: 
0: mpibind: task   0 nths  3 gpus 0 cpus 1-4
0: mpibind: task   1 nths  3 gpus 1 cpus 5-7,9
0: mpibind: task   2 nths  3 gpus 2 cpus 10-13
0: mpibind: task   3 nths  3 gpus 3 cpus 14-15,17
0: mpibind: task   4 nths  3 gpus 4 cpus 18-20
0: mpibind: task   5 nths  3 gpus 5 cpus 21-23
0: mpibind: task   6 nths  3 gpus 6 cpus 25-28
0: mpibind: task   7 nths  3 gpus 7 cpus 29-31,33
0: mpibind: task   8 nths  3 gpus 8 cpus 34-37
0: mpibind: task   9 nths  3 gpus 9 cpus 38-39,41
0: mpibind: task  10 nths  3 gpus 10 cpus 42-44
0: mpibind: task  11 nths  3 gpus 11 cpus 45-47
0: mpibind: task  12 nths  3 gpus 12 cpus 49-52
0: mpibind: task  13 nths  3 gpus 13 cpus 53-55,57
0: mpibind: task  14 nths  3 gpus 14 cpus 58-61
0: mpibind: task  15 nths  3 gpus 15 cpus 62-63,65
0: mpibind: task  16 nths  3 gpus 16 cpus 66-68
0: mpibind: task  17 nths  3 gpus 17 cpus 69-71
0: mpibind: task  18 nths  3 gpus 18 cpus 73-76
0: mpibind: task  19 nths  3 gpus 19 cpus 77-79,81
0: mpibind: task  20 nths  3 gpus 20 cpus 82-85
0: mpibind: task  21 nths  3 gpus 21 cpus 86-87,89
0: mpibind: task  22 nths  3 gpus 22 cpus 90-92
0: mpibind: task  23 nths  3 gpus 23 cpus 93-95
0: 0.111s: flux-shell[9]: mpibind: 
0: mpibind: task   0 nths  3 gpus 0 cpus 1-4
0: mpibind: task   1 nths  3 gpus 1 cpus 5-7,9
0: mpibind: task   2 nths  3 gpus 2 cpus 10-13
0: mpibind: task   3 nths  3 gpus 3 cpus 14-15,17
0: mpibind: task   4 nths  3 gpus 4 cpus 18-20
0: mpibind: task   5 nths  3 gpus 5 cpus 21-23
0: mpibind: task   6 nths  3 gpus 6 cpus 25-28
0: mpibind: task   7 nths  3 gpus 7 cpus 29-31,33
0: mpibind: task   8 nths  3 gpus 8 cpus 34-37
0: mpibind: task   9 nths  3 gpus 9 cpus 38-39,41
0: mpibind: task  10 nths  3 gpus 10 cpus 42-44
0: mpibind: task  11 nths  3 gpus 11 cpus 45-47
0: mpibind: task  12 nths  3 gpus 12 cpus 49-52
0: mpibind: task  13 nths  3 gpus 13 cpus 53-55,57
0: mpibind: task  14 nths  3 gpus 14 cpus 58-61
0: mpibind: task  15 nths  3 gpus 15 cpus 62-63,65
0: mpibind: task  16 nths  3 gpus 16 cpus 66-68
0: mpibind: task  17 nths  3 gpus 17 cpus 69-71
0: mpibind: task  18 nths  3 gpus 18 cpus 73-76
0: mpibind: task  19 nths  3 gpus 19 cpus 77-79,81
0: mpibind: task  20 nths  3 gpus 20 cpus 82-85
0: mpibind: task  21 nths  3 gpus 21 cpus 86-87,89
0: mpibind: task  22 nths  3 gpus 22 cpus 90-92
0: mpibind: task  23 nths  3 gpus 23 cpus 93-95
0: 0.108s: flux-shell[12]: mpibind: 
0: mpibind: task   0 nths  3 gpus 0 cpus 1-4
0: mpibind: task   1 nths  3 gpus 1 cpus 5-7,9
0: mpibind: task   2 nths  3 gpus 2 cpus 10-13
0: mpibind: task   3 nths  3 gpus 3 cpus 14-15,17
0: mpibind: task   4 nths  3 gpus 4 cpus 18-20
0: mpibind: task   5 nths  3 gpus 5 cpus 21-23
0: mpibind: task   6 nths  3 gpus 6 cpus 25-28
0: mpibind: task   7 nths  3 gpus 7 cpus 29-31,33
0: mpibind: task   8 nths  3 gpus 8 cpus 34-37
0: mpibind: task   9 nths  3 gpus 9 cpus 38-39,41
0: mpibind: task  10 nths  3 gpus 10 cpus 42-44
0: mpibind: task  11 nths  3 gpus 11 cpus 45-47
0: mpibind: task  12 nths  3 gpus 12 cpus 49-52
0: mpibind: task  13 nths  3 gpus 13 cpus 53-55,57
0: mpibind: task  14 nths  3 gpus 14 cpus 58-61
0: mpibind: task  15 nths  3 gpus 15 cpus 62-63,65
0: mpibind: task  16 nths  3 gpus 16 cpus 66-68
0: mpibind: task  17 nths  3 gpus 17 cpus 69-71
0: mpibind: task  18 nths  3 gpus 18 cpus 73-76
0: mpibind: task  19 nths  3 gpus 19 cpus 77-79,81
0: mpibind: task  20 nths  3 gpus 20 cpus 82-85
0: mpibind: task  21 nths  3 gpus 21 cpus 86-87,89
0: mpibind: task  22 nths  3 gpus 22 cpus 90-92
0: mpibind: task  23 nths  3 gpus 23 cpus 93-95
0: 0.106s: flux-shell[11]: mpibind: 
0: mpibind: task   0 nths  3 gpus 0 cpus 1-4
0: mpibind: task   1 nths  3 gpus 1 cpus 5-7,9
0: mpibind: task   2 nths  3 gpus 2 cpus 10-13
0: mpibind: task   3 nths  3 gpus 3 cpus 14-15,17
0: mpibind: task   4 nths  3 gpus 4 cpus 18-20
0: mpibind: task   5 nths  3 gpus 5 cpus 21-23
0: mpibind: task   6 nths  3 gpus 6 cpus 25-28
0: mpibind: task   7 nths  3 gpus 7 cpus 29-31,33
0: mpibind: task   8 nths  3 gpus 8 cpus 34-37
0: mpibind: task   9 nths  3 gpus 9 cpus 38-39,41
0: mpibind: task  10 nths  3 gpus 10 cpus 42-44
0: mpibind: task  11 nths  3 gpus 11 cpus 45-47
0: mpibind: task  12 nths  3 gpus 12 cpus 49-52
0: mpibind: task  13 nths  3 gpus 13 cpus 53-55,57
0: mpibind: task  14 nths  3 gpus 14 cpus 58-61
0: mpibind: task  15 nths  3 gpus 15 cpus 62-63,65
0: mpibind: task  16 nths  3 gpus 16 cpus 66-68
0: mpibind: task  17 nths  3 gpus 17 cpus 69-71
0: mpibind: task  18 nths  3 gpus 18 cpus 73-76
0: mpibind: task  19 nths  3 gpus 19 cpus 77-79,81
0: mpibind: task  20 nths  3 gpus 20 cpus 82-85
0: mpibind: task  21 nths  3 gpus 21 cpus 86-87,89
0: mpibind: task  22 nths  3 gpus 22 cpus 90-92
0: mpibind: task  23 nths  3 gpus 23 cpus 93-95
0: 0.107s: flux-shell[13]: mpibind: 
0: mpibind: task   0 nths  3 gpus 0 cpus 1-4
0: mpibind: task   1 nths  3 gpus 1 cpus 5-7,9
0: mpibind: task   2 nths  3 gpus 2 cpus 10-13
0: mpibind: task   3 nths  3 gpus 3 cpus 14-15,17
0: mpibind: task   4 nths  3 gpus 4 cpus 18-20
0: mpibind: task   5 nths  3 gpus 5 cpus 21-23
0: mpibind: task   6 nths  3 gpus 6 cpus 25-28
0: mpibind: task   7 nths  3 gpus 7 cpus 29-31,33
0: mpibind: task   8 nths  3 gpus 8 cpus 34-37
0: mpibind: task   9 nths  3 gpus 9 cpus 38-39,41
0: mpibind: task  10 nths  3 gpus 10 cpus 42-44
0: mpibind: task  11 nths  3 gpus 11 cpus 45-47
0: mpibind: task  12 nths  3 gpus 12 cpus 49-52
0: mpibind: task  13 nths  3 gpus 13 cpus 53-55,57
0: mpibind: task  14 nths  3 gpus 14 cpus 58-61
0: mpibind: task  15 nths  3 gpus 15 cpus 62-63,65
0: mpibind: task  16 nths  3 gpus 16 cpus 66-68
0: mpibind: task  17 nths  3 gpus 17 cpus 69-71
0: mpibind: task  18 nths  3 gpus 18 cpus 73-76
0: mpibind: task  19 nths  3 gpus 19 cpus 77-79,81
0: mpibind: task  20 nths  3 gpus 20 cpus 82-85
0: mpibind: task  21 nths  3 gpus 21 cpus 86-87,89
0: mpibind: task  22 nths  3 gpus 22 cpus 90-92
0: mpibind: task  23 nths  3 gpus 23 cpus 93-95
0: 0.105s: flux-shell[10]: mpibind: 
0: mpibind: task   0 nths  3 gpus 0 cpus 1-4
0: mpibind: task   1 nths  3 gpus 1 cpus 5-7,9
0: mpibind: task   2 nths  3 gpus 2 cpus 10-13
0: mpibind: task   3 nths  3 gpus 3 cpus 14-15,17
0: mpibind: task   4 nths  3 gpus 4 cpus 18-20
0: mpibind: task   5 nths  3 gpus 5 cpus 21-23
0: mpibind: task   6 nths  3 gpus 6 cpus 25-28
0: mpibind: task   7 nths  3 gpus 7 cpus 29-31,33
0: mpibind: task   8 nths  3 gpus 8 cpus 34-37
0: mpibind: task   9 nths  3 gpus 9 cpus 38-39,41
0: mpibind: task  10 nths  3 gpus 10 cpus 42-44
0: mpibind: task  11 nths  3 gpus 11 cpus 45-47
0: mpibind: task  12 nths  3 gpus 12 cpus 49-52
0: mpibind: task  13 nths  3 gpus 13 cpus 53-55,57
0: mpibind: task  14 nths  3 gpus 14 cpus 58-61
0: mpibind: task  15 nths  3 gpus 15 cpus 62-63,65
0: mpibind: task  16 nths  3 gpus 16 cpus 66-68
0: mpibind: task  17 nths  3 gpus 17 cpus 69-71
0: mpibind: task  18 nths  3 gpus 18 cpus 73-76
0: mpibind: task  19 nths  3 gpus 19 cpus 77-79,81
0: mpibind: task  20 nths  3 gpus 20 cpus 82-85
0: mpibind: task  21 nths  3 gpus 21 cpus 86-87,89
0: mpibind: task  22 nths  3 gpus 22 cpus 90-92
0: mpibind: task  23 nths  3 gpus 23 cpus 93-95
0: 0.107s: flux-shell[15]: mpibind: 
0: mpibind: task   0 nths  3 gpus 0 cpus 1-4
0: mpibind: task   1 nths  3 gpus 1 cpus 5-7,9
0: mpibind: task   2 nths  3 gpus 2 cpus 10-13
0: mpibind: task   3 nths  3 gpus 3 cpus 14-15,17
0: mpibind: task   4 nths  3 gpus 4 cpus 18-20
0: mpibind: task   5 nths  3 gpus 5 cpus 21-23
0: mpibind: task   6 nths  3 gpus 6 cpus 25-28
0: mpibind: task   7 nths  3 gpus 7 cpus 29-31,33
0: mpibind: task   8 nths  3 gpus 8 cpus 34-37
0: mpibind: task   9 nths  3 gpus 9 cpus 38-39,41
0: mpibind: task  10 nths  3 gpus 10 cpus 42-44
0: mpibind: task  11 nths  3 gpus 11 cpus 45-47
0: mpibind: task  12 nths  3 gpus 12 cpus 49-52
0: mpibind: task  13 nths  3 gpus 13 cpus 53-55,57
0: mpibind: task  14 nths  3 gpus 14 cpus 58-61
0: mpibind: task  15 nths  3 gpus 15 cpus 62-63,65
0: mpibind: task  16 nths  3 gpus 16 cpus 66-68
0: mpibind: task  17 nths  3 gpus 17 cpus 69-71
0: mpibind: task  18 nths  3 gpus 18 cpus 73-76
0: mpibind: task  19 nths  3 gpus 19 cpus 77-79,81
0: mpibind: task  20 nths  3 gpus 20 cpus 82-85
0: mpibind: task  21 nths  3 gpus 21 cpus 86-87,89
0: mpibind: task  22 nths  3 gpus 22 cpus 90-92
0: mpibind: task  23 nths  3 gpus 23 cpus 93-95
0: 0.111s: flux-shell[14]: mpibind: 
0: mpibind: task   0 nths  3 gpus 0 cpus 1-4
0: mpibind: task   1 nths  3 gpus 1 cpus 5-7,9
0: mpibind: task   2 nths  3 gpus 2 cpus 10-13
0: mpibind: task   3 nths  3 gpus 3 cpus 14-15,17
0: mpibind: task   4 nths  3 gpus 4 cpus 18-20
0: mpibind: task   5 nths  3 gpus 5 cpus 21-23
0: mpibind: task   6 nths  3 gpus 6 cpus 25-28
0: mpibind: task   7 nths  3 gpus 7 cpus 29-31,33
0: mpibind: task   8 nths  3 gpus 8 cpus 34-37
0: mpibind: task   9 nths  3 gpus 9 cpus 38-39,41
0: mpibind: task  10 nths  3 gpus 10 cpus 42-44
0: mpibind: task  11 nths  3 gpus 11 cpus 45-47
0: mpibind: task  12 nths  3 gpus 12 cpus 49-52
0: mpibind: task  13 nths  3 gpus 13 cpus 53-55,57
0: mpibind: task  14 nths  3 gpus 14 cpus 58-61
0: mpibind: task  15 nths  3 gpus 15 cpus 62-63,65
0: mpibind: task  16 nths  3 gpus 16 cpus 66-68
0: mpibind: task  17 nths  3 gpus 17 cpus 69-71
0: mpibind: task  18 nths  3 gpus 18 cpus 73-76
0: mpibind: task  19 nths  3 gpus 19 cpus 77-79,81
0: mpibind: task  20 nths  3 gpus 20 cpus 82-85
0: mpibind: task  21 nths  3 gpus 21 cpus 86-87,89
0: mpibind: task  22 nths  3 gpus 22 cpus 90-92
0: mpibind: task  23 nths  3 gpus 23 cpus 93-95
0: jobid: f3J3sthN7
0: 0.103s: flux-shell[2]: mpibind: 
0: mpibind: task   0 nths  3 gpus 0 cpus 1-4
0: mpibind: task   1 nths  3 gpus 1 cpus 5-7,9
0: mpibind: task   2 nths  3 gpus 2 cpus 10-13
0: mpibind: task   3 nths  3 gpus 3 cpus 14-15,17
0: mpibind: task   4 nths  3 gpus 4 cpus 18-20
0: mpibind: task   5 nths  3 gpus 5 cpus 21-23
0: mpibind: task   6 nths  3 gpus 6 cpus 25-28
0: mpibind: task   7 nths  3 gpus 7 cpus 29-31,33
0: mpibind: task   8 nths  3 gpus 8 cpus 34-37
0: mpibind: task   9 nths  3 gpus 9 cpus 38-39,41
0: mpibind: task  10 nths  3 gpus 10 cpus 42-44
0: mpibind: task  11 nths  3 gpus 11 cpus 45-47
0: mpibind: task  12 nths  3 gpus 12 cpus 49-52
0: mpibind: task  13 nths  3 gpus 13 cpus 53-55,57
0: mpibind: task  14 nths  3 gpus 14 cpus 58-61
0: mpibind: task  15 nths  3 gpus 15 cpus 62-63,65
0: mpibind: task  16 nths  3 gpus 16 cpus 66-68
0: mpibind: task  17 nths  3 gpus 17 cpus 69-71
0: mpibind: task  18 nths  3 gpus 18 cpus 73-76
0: mpibind: task  19 nths  3 gpus 19 cpus 77-79,81
0: mpibind: task  20 nths  3 gpus 20 cpus 82-85
0: mpibind: task  21 nths  3 gpus 21 cpus 86-87,89
0: mpibind: task  22 nths  3 gpus 22 cpus 90-92
0: mpibind: task  23 nths  3 gpus 23 cpus 93-95
0: 0.113s: flux-shell[3]: mpibind: 
0: mpibind: task   0 nths  3 gpus 0 cpus 1-4
0: mpibind: task   1 nths  3 gpus 1 cpus 5-7,9
0: mpibind: task   2 nths  3 gpus 2 cpus 10-13
0: mpibind: task   3 nths  3 gpus 3 cpus 14-15,17
0: mpibind: task   4 nths  3 gpus 4 cpus 18-20
0: mpibind: task   5 nths  3 gpus 5 cpus 21-23
0: mpibind: task   6 nths  3 gpus 6 cpus 25-28
0: mpibind: task   7 nths  3 gpus 7 cpus 29-31,33
0: mpibind: task   8 nths  3 gpus 8 cpus 34-37
0: mpibind: task   9 nths  3 gpus 9 cpus 38-39,41
0: mpibind: task  10 nths  3 gpus 10 cpus 42-44
0: mpibind: task  11 nths  3 gpus 11 cpus 45-47
0: mpibind: task  12 nths  3 gpus 12 cpus 49-52
0: mpibind: task  13 nths  3 gpus 13 cpus 53-55,57
0: mpibind: task  14 nths  3 gpus 14 cpus 58-61
0: mpibind: task  15 nths  3 gpus 15 cpus 62-63,65
0: mpibind: task  16 nths  3 gpus 16 cpus 66-68
0: mpibind: task  17 nths  3 gpus 17 cpus 69-71
0: mpibind: task  18 nths  3 gpus 18 cpus 73-76
0: mpibind: task  19 nths  3 gpus 19 cpus 77-79,81
0: mpibind: task  20 nths  3 gpus 20 cpus 82-85
0: mpibind: task  21 nths  3 gpus 21 cpus 86-87,89
0: mpibind: task  22 nths  3 gpus 22 cpus 90-92
0: mpibind: task  23 nths  3 gpus 23 cpus 93-95
0: 0.111s: flux-shell[1]: mpibind: 
0: mpibind: task   0 nths  3 gpus 0 cpus 1-4
0: mpibind: task   1 nths  3 gpus 1 cpus 5-7,9
0: mpibind: task   2 nths  3 gpus 2 cpus 10-13
0: mpibind: task   3 nths  3 gpus 3 cpus 14-15,17
0: mpibind: task   4 nths  3 gpus 4 cpus 18-20
0: mpibind: task   5 nths  3 gpus 5 cpus 21-23
0: mpibind: task   6 nths  3 gpus 6 cpus 25-28
0: mpibind: task   7 nths  3 gpus 7 cpus 29-31,33
0: mpibind: task   8 nths  3 gpus 8 cpus 34-37
0: mpibind: task   9 nths  3 gpus 9 cpus 38-39,41
0: mpibind: task  10 nths  3 gpus 10 cpus 42-44
0: mpibind: task  11 nths  3 gpus 11 cpus 45-47
0: mpibind: task  12 nths  3 gpus 12 cpus 49-52
0: mpibind: task  13 nths  3 gpus 13 cpus 53-55,57
0: mpibind: task  14 nths  3 gpus 14 cpus 58-61
0: mpibind: task  15 nths  3 gpus 15 cpus 62-63,65
0: mpibind: task  16 nths  3 gpus 16 cpus 66-68
0: mpibind: task  17 nths  3 gpus 17 cpus 69-71
0: mpibind: task  18 nths  3 gpus 18 cpus 73-76
0: mpibind: task  19 nths  3 gpus 19 cpus 77-79,81
0: mpibind: task  20 nths  3 gpus 20 cpus 82-85
0: mpibind: task  21 nths  3 gpus 21 cpus 86-87,89
0: mpibind: task  22 nths  3 gpus 22 cpus 90-92
0: mpibind: task  23 nths  3 gpus 23 cpus 93-95
0: 0.108s: flux-shell[4]: mpibind: 
0: mpibind: task   0 nths  3 gpus 0 cpus 1-4
0: mpibind: task   1 nths  3 gpus 1 cpus 5-7,9
0: mpibind: task   2 nths  3 gpus 2 cpus 10-13
0: mpibind: task   3 nths  3 gpus 3 cpus 14-15,17
0: mpibind: task   4 nths  3 gpus 4 cpus 18-20
0: mpibind: task   5 nths  3 gpus 5 cpus 21-23
0: mpibind: task   6 nths  3 gpus 6 cpus 25-28
0: mpibind: task   7 nths  3 gpus 7 cpus 29-31,33
0: mpibind: task   8 nths  3 gpus 8 cpus 34-37
0: mpibind: task   9 nths  3 gpus 9 cpus 38-39,41
0: mpibind: task  10 nths  3 gpus 10 cpus 42-44
0: mpibind: task  11 nths  3 gpus 11 cpus 45-47
0: mpibind: task  12 nths  3 gpus 12 cpus 49-52
0: mpibind: task  13 nths  3 gpus 13 cpus 53-55,57
0: mpibind: task  14 nths  3 gpus 14 cpus 58-61
0: mpibind: task  15 nths  3 gpus 15 cpus 62-63,65
0: mpibind: task  16 nths  3 gpus 16 cpus 66-68
0: mpibind: task  17 nths  3 gpus 17 cpus 69-71
0: mpibind: task  18 nths  3 gpus 18 cpus 73-76
0: mpibind: task  19 nths  3 gpus 19 cpus 77-79,81
0: mpibind: task  20 nths  3 gpus 20 cpus 82-85
0: mpibind: task  21 nths  3 gpus 21 cpus 86-87,89
0: mpibind: task  22 nths  3 gpus 22 cpus 90-92
0: mpibind: task  23 nths  3 gpus 23 cpus 93-95
0: 0.107s: flux-shell[6]: mpibind: 
0: mpibind: task   0 nths  3 gpus 0 cpus 1-4
0: mpibind: task   1 nths  3 gpus 1 cpus 5-7,9
0: mpibind: task   2 nths  3 gpus 2 cpus 10-13
0: mpibind: task   3 nths  3 gpus 3 cpus 14-15,17
0: mpibind: task   4 nths  3 gpus 4 cpus 18-20
0: mpibind: task   5 nths  3 gpus 5 cpus 21-23
0: mpibind: task   6 nths  3 gpus 6 cpus 25-28
0: mpibind: task   7 nths  3 gpus 7 cpus 29-31,33
0: mpibind: task   8 nths  3 gpus 8 cpus 34-37
0: mpibind: task   9 nths  3 gpus 9 cpus 38-39,41
0: mpibind: task  10 nths  3 gpus 10 cpus 42-44
0: mpibind: task  11 nths  3 gpus 11 cpus 45-47
0: mpibind: task  12 nths  3 gpus 12 cpus 49-52
0: mpibind: task  13 nths  3 gpus 13 cpus 53-55,57
0: mpibind: task  14 nths  3 gpus 14 cpus 58-61
0: mpibind: task  15 nths  3 gpus 15 cpus 62-63,65
0: mpibind: task  16 nths  3 gpus 16 cpus 66-68
0: mpibind: task  17 nths  3 gpus 17 cpus 69-71
0: mpibind: task  18 nths  3 gpus 18 cpus 73-76
0: mpibind: task  19 nths  3 gpus 19 cpus 77-79,81
0: mpibind: task  20 nths  3 gpus 20 cpus 82-85
0: mpibind: task  21 nths  3 gpus 21 cpus 86-87,89
0: mpibind: task  22 nths  3 gpus 22 cpus 90-92
0: mpibind: task  23 nths  3 gpus 23 cpus 93-95
0: 0.109s: flux-shell[5]: mpibind: 
0: mpibind: task   0 nths  3 gpus 0 cpus 1-4
0: mpibind: task   1 nths  3 gpus 1 cpus 5-7,9
0: mpibind: task   2 nths  3 gpus 2 cpus 10-13
0: mpibind: task   3 nths  3 gpus 3 cpus 14-15,17
0: mpibind: task   4 nths  3 gpus 4 cpus 18-20
0: mpibind: task   5 nths  3 gpus 5 cpus 21-23
0: mpibind: task   6 nths  3 gpus 6 cpus 25-28
0: mpibind: task   7 nths  3 gpus 7 cpus 29-31,33
0: mpibind: task   8 nths  3 gpus 8 cpus 34-37
0: mpibind: task   9 nths  3 gpus 9 cpus 38-39,41
0: mpibind: task  10 nths  3 gpus 10 cpus 42-44
0: mpibind: task  11 nths  3 gpus 11 cpus 45-47
0: mpibind: task  12 nths  3 gpus 12 cpus 49-52
0: mpibind: task  13 nths  3 gpus 13 cpus 53-55,57
0: mpibind: task  14 nths  3 gpus 14 cpus 58-61
0: mpibind: task  15 nths  3 gpus 15 cpus 62-63,65
0: mpibind: task  16 nths  3 gpus 16 cpus 66-68
0: mpibind: task  17 nths  3 gpus 17 cpus 69-71
0: mpibind: task  18 nths  3 gpus 18 cpus 73-76
0: mpibind: task  19 nths  3 gpus 19 cpus 77-79,81
0: mpibind: task  20 nths  3 gpus 20 cpus 82-85
0: mpibind: task  21 nths  3 gpus 21 cpus 86-87,89
0: mpibind: task  22 nths  3 gpus 22 cpus 90-92
0: mpibind: task  23 nths  3 gpus 23 cpus 93-95
0: 0.096s: flux-shell[0]: mpibind: 
0: mpibind: task   0 nths  3 gpus 0 cpus 1-4
0: mpibind: task   1 nths  3 gpus 1 cpus 5-7,9
0: mpibind: task   2 nths  3 gpus 2 cpus 10-13
0: mpibind: task   3 nths  3 gpus 3 cpus 14-15,17
0: mpibind: task   4 nths  3 gpus 4 cpus 18-20
0: mpibind: task   5 nths  3 gpus 5 cpus 21-23
0: mpibind: task   6 nths  3 gpus 6 cpus 25-28
0: mpibind: task   7 nths  3 gpus 7 cpus 29-31,33
0: mpibind: task   8 nths  3 gpus 8 cpus 34-37
0: mpibind: task   9 nths  3 gpus 9 cpus 38-39,41
0: mpibind: task  10 nths  3 gpus 10 cpus 42-44
0: mpibind: task  11 nths  3 gpus 11 cpus 45-47
0: mpibind: task  12 nths  3 gpus 12 cpus 49-52
0: mpibind: task  13 nths  3 gpus 13 cpus 53-55,57
0: mpibind: task  14 nths  3 gpus 14 cpus 58-61
0: mpibind: task  15 nths  3 gpus 15 cpus 62-63,65
0: mpibind: task  16 nths  3 gpus 16 cpus 66-68
0: mpibind: task  17 nths  3 gpus 17 cpus 69-71
0: mpibind: task  18 nths  3 gpus 18 cpus 73-76
0: mpibind: task  19 nths  3 gpus 19 cpus 77-79,81
0: mpibind: task  20 nths  3 gpus 20 cpus 82-85
0: mpibind: task  21 nths  3 gpus 21 cpus 86-87,89
0: mpibind: task  22 nths  3 gpus 22 cpus 90-92
0: mpibind: task  23 nths  3 gpus 23 cpus 93-95
0: 0.111s: flux-shell[7]: mpibind: 
0: mpibind: task   0 nths  3 gpus 0 cpus 1-4
0: mpibind: task   1 nths  3 gpus 1 cpus 5-7,9
0: mpibind: task   2 nths  3 gpus 2 cpus 10-13
0: mpibind: task   3 nths  3 gpus 3 cpus 14-15,17
0: mpibind: task   4 nths  3 gpus 4 cpus 18-20
0: mpibind: task   5 nths  3 gpus 5 cpus 21-23
0: mpibind: task   6 nths  3 gpus 6 cpus 25-28
0: mpibind: task   7 nths  3 gpus 7 cpus 29-31,33
0: mpibind: task   8 nths  3 gpus 8 cpus 34-37
0: mpibind: task   9 nths  3 gpus 9 cpus 38-39,41
0: mpibind: task  10 nths  3 gpus 10 cpus 42-44
0: mpibind: task  11 nths  3 gpus 11 cpus 45-47
0: mpibind: task  12 nths  3 gpus 12 cpus 49-52
0: mpibind: task  13 nths  3 gpus 13 cpus 53-55,57
0: mpibind: task  14 nths  3 gpus 14 cpus 58-61
0: mpibind: task  15 nths  3 gpus 15 cpus 62-63,65
0: mpibind: task  16 nths  3 gpus 16 cpus 66-68
0: mpibind: task  17 nths  3 gpus 17 cpus 69-71
0: mpibind: task  18 nths  3 gpus 18 cpus 73-76
0: mpibind: task  19 nths  3 gpus 19 cpus 77-79,81
0: mpibind: task  20 nths  3 gpus 20 cpus 82-85
0: mpibind: task  21 nths  3 gpus 21 cpus 86-87,89
0: mpibind: task  22 nths  3 gpus 22 cpus 90-92
0: mpibind: task  23 nths  3 gpus 23 cpus 93-95
0: 0.111s: flux-shell[11]: mpibind: 
0: mpibind: task   0 nths  3 gpus 0 cpus 1-4
0: mpibind: task   1 nths  3 gpus 1 cpus 5-7,9
0: mpibind: task   2 nths  3 gpus 2 cpus 10-13
0: mpibind: task   3 nths  3 gpus 3 cpus 14-15,17
0: mpibind: task   4 nths  3 gpus 4 cpus 18-20
0: mpibind: task   5 nths  3 gpus 5 cpus 21-23
0: mpibind: task   6 nths  3 gpus 6 cpus 25-28
0: mpibind: task   7 nths  3 gpus 7 cpus 29-31,33
0: mpibind: task   8 nths  3 gpus 8 cpus 34-37
0: mpibind: task   9 nths  3 gpus 9 cpus 38-39,41
0: mpibind: task  10 nths  3 gpus 10 cpus 42-44
0: mpibind: task  11 nths  3 gpus 11 cpus 45-47
0: mpibind: task  12 nths  3 gpus 12 cpus 49-52
0: mpibind: task  13 nths  3 gpus 13 cpus 53-55,57
0: mpibind: task  14 nths  3 gpus 14 cpus 58-61
0: mpibind: task  15 nths  3 gpus 15 cpus 62-63,65
0: mpibind: task  16 nths  3 gpus 16 cpus 66-68
0: mpibind: task  17 nths  3 gpus 17 cpus 69-71
0: mpibind: task  18 nths  3 gpus 18 cpus 73-76
0: mpibind: task  19 nths  3 gpus 19 cpus 77-79,81
0: mpibind: task  20 nths  3 gpus 20 cpus 82-85
0: mpibind: task  21 nths  3 gpus 21 cpus 86-87,89
0: mpibind: task  22 nths  3 gpus 22 cpus 90-92
0: mpibind: task  23 nths  3 gpus 23 cpus 93-95
0: 0.115s: flux-shell[8]: mpibind: 
0: mpibind: task   0 nths  3 gpus 0 cpus 1-4
0: mpibind: task   1 nths  3 gpus 1 cpus 5-7,9
0: mpibind: task   2 nths  3 gpus 2 cpus 10-13
0: mpibind: task   3 nths  3 gpus 3 cpus 14-15,17
0: mpibind: task   4 nths  3 gpus 4 cpus 18-20
0: mpibind: task   5 nths  3 gpus 5 cpus 21-23
0: mpibind: task   6 nths  3 gpus 6 cpus 25-28
0: mpibind: task   7 nths  3 gpus 7 cpus 29-31,33
0: mpibind: task   8 nths  3 gpus 8 cpus 34-37
0: mpibind: task   9 nths  3 gpus 9 cpus 38-39,41
0: mpibind: task  10 nths  3 gpus 10 cpus 42-44
0: mpibind: task  11 nths  3 gpus 11 cpus 45-47
0: mpibind: task  12 nths  3 gpus 12 cpus 49-52
0: mpibind: task  13 nths  3 gpus 13 cpus 53-55,57
0: mpibind: task  14 nths  3 gpus 14 cpus 58-61
0: mpibind: task  15 nths  3 gpus 15 cpus 62-63,65
0: mpibind: task  16 nths  3 gpus 16 cpus 66-68
0: mpibind: task  17 nths  3 gpus 17 cpus 69-71
0: mpibind: task  18 nths  3 gpus 18 cpus 73-76
0: mpibind: task  19 nths  3 gpus 19 cpus 77-79,81
0: mpibind: task  20 nths  3 gpus 20 cpus 82-85
0: mpibind: task  21 nths  3 gpus 21 cpus 86-87,89
0: mpibind: task  22 nths  3 gpus 22 cpus 90-92
0: mpibind: task  23 nths  3 gpus 23 cpus 93-95
0: 0.109s: flux-shell[9]: mpibind: 
0: mpibind: task   0 nths  3 gpus 0 cpus 1-4
0: mpibind: task   1 nths  3 gpus 1 cpus 5-7,9
0: mpibind: task   2 nths  3 gpus 2 cpus 10-13
0: mpibind: task   3 nths  3 gpus 3 cpus 14-15,17
0: mpibind: task   4 nths  3 gpus 4 cpus 18-20
0: mpibind: task   5 nths  3 gpus 5 cpus 21-23
0: mpibind: task   6 nths  3 gpus 6 cpus 25-28
0: mpibind: task   7 nths  3 gpus 7 cpus 29-31,33
0: mpibind: task   8 nths  3 gpus 8 cpus 34-37
0: mpibind: task   9 nths  3 gpus 9 cpus 38-39,41
0: mpibind: task  10 nths  3 gpus 10 cpus 42-44
0: mpibind: task  11 nths  3 gpus 11 cpus 45-47
0: mpibind: task  12 nths  3 gpus 12 cpus 49-52
0: mpibind: task  13 nths  3 gpus 13 cpus 53-55,57
0: mpibind: task  14 nths  3 gpus 14 cpus 58-61
0: mpibind: task  15 nths  3 gpus 15 cpus 62-63,65
0: mpibind: task  16 nths  3 gpus 16 cpus 66-68
0: mpibind: task  17 nths  3 gpus 17 cpus 69-71
0: mpibind: task  18 nths  3 gpus 18 cpus 73-76
0: mpibind: task  19 nths  3 gpus 19 cpus 77-79,81
0: mpibind: task  20 nths  3 gpus 20 cpus 82-85
0: mpibind: task  21 nths  3 gpus 21 cpus 86-87,89
0: mpibind: task  22 nths  3 gpus 22 cpus 90-92
0: mpibind: task  23 nths  3 gpus 23 cpus 93-95
0: 0.104s: flux-shell[10]: mpibind: 
0: mpibind: task   0 nths  3 gpus 0 cpus 1-4
0: mpibind: task   1 nths  3 gpus 1 cpus 5-7,9
0: mpibind: task   2 nths  3 gpus 2 cpus 10-13
0: mpibind: task   3 nths  3 gpus 3 cpus 14-15,17
0: mpibind: task   4 nths  3 gpus 4 cpus 18-20
0: mpibind: task   5 nths  3 gpus 5 cpus 21-23
0: mpibind: task   6 nths  3 gpus 6 cpus 25-28
0: mpibind: task   7 nths  3 gpus 7 cpus 29-31,33
0: mpibind: task   8 nths  3 gpus 8 cpus 34-37
0: mpibind: task   9 nths  3 gpus 9 cpus 38-39,41
0: mpibind: task  10 nths  3 gpus 10 cpus 42-44
0: mpibind: task  11 nths  3 gpus 11 cpus 45-47
0: mpibind: task  12 nths  3 gpus 12 cpus 49-52
0: mpibind: task  13 nths  3 gpus 13 cpus 53-55,57
0: mpibind: task  14 nths  3 gpus 14 cpus 58-61
0: mpibind: task  15 nths  3 gpus 15 cpus 62-63,65
0: mpibind: task  16 nths  3 gpus 16 cpus 66-68
0: mpibind: task  17 nths  3 gpus 17 cpus 69-71
0: mpibind: task  18 nths  3 gpus 18 cpus 73-76
0: mpibind: task  19 nths  3 gpus 19 cpus 77-79,81
0: mpibind: task  20 nths  3 gpus 20 cpus 82-85
0: mpibind: task  21 nths  3 gpus 21 cpus 86-87,89
0: mpibind: task  22 nths  3 gpus 22 cpus 90-92
0: mpibind: task  23 nths  3 gpus 23 cpus 93-95
0: 0.112s: flux-shell[13]: mpibind: 
0: mpibind: task   0 nths  3 gpus 0 cpus 1-4
0: mpibind: task   1 nths  3 gpus 1 cpus 5-7,9
0: mpibind: task   2 nths  3 gpus 2 cpus 10-13
0: mpibind: task   3 nths  3 gpus 3 cpus 14-15,17
0: mpibind: task   4 nths  3 gpus 4 cpus 18-20
0: mpibind: task   5 nths  3 gpus 5 cpus 21-23
0: mpibind: task   6 nths  3 gpus 6 cpus 25-28
0: mpibind: task   7 nths  3 gpus 7 cpus 29-31,33
0: mpibind: task   8 nths  3 gpus 8 cpus 34-37
0: mpibind: task   9 nths  3 gpus 9 cpus 38-39,41
0: mpibind: task  10 nths  3 gpus 10 cpus 42-44
0: mpibind: task  11 nths  3 gpus 11 cpus 45-47
0: mpibind: task  12 nths  3 gpus 12 cpus 49-52
0: mpibind: task  13 nths  3 gpus 13 cpus 53-55,57
0: mpibind: task  14 nths  3 gpus 14 cpus 58-61
0: mpibind: task  15 nths  3 gpus 15 cpus 62-63,65
0: mpibind: task  16 nths  3 gpus 16 cpus 66-68
0: mpibind: task  17 nths  3 gpus 17 cpus 69-71
0: mpibind: task  18 nths  3 gpus 18 cpus 73-76
0: mpibind: task  19 nths  3 gpus 19 cpus 77-79,81
0: mpibind: task  20 nths  3 gpus 20 cpus 82-85
0: mpibind: task  21 nths  3 gpus 21 cpus 86-87,89
0: mpibind: task  22 nths  3 gpus 22 cpus 90-92
0: mpibind: task  23 nths  3 gpus 23 cpus 93-95
0: 0.115s: flux-shell[15]: mpibind: 
0: mpibind: task   0 nths  3 gpus 0 cpus 1-4
0: mpibind: task   1 nths  3 gpus 1 cpus 5-7,9
0: mpibind: task   2 nths  3 gpus 2 cpus 10-13
0: mpibind: task   3 nths  3 gpus 3 cpus 14-15,17
0: mpibind: task   4 nths  3 gpus 4 cpus 18-20
0: mpibind: task   5 nths  3 gpus 5 cpus 21-23
0: mpibind: task   6 nths  3 gpus 6 cpus 25-28
0: mpibind: task   7 nths  3 gpus 7 cpus 29-31,33
0: mpibind: task   8 nths  3 gpus 8 cpus 34-37
0: mpibind: task   9 nths  3 gpus 9 cpus 38-39,41
0: mpibind: task  10 nths  3 gpus 10 cpus 42-44
0: mpibind: task  11 nths  3 gpus 11 cpus 45-47
0: mpibind: task  12 nths  3 gpus 12 cpus 49-52
0: mpibind: task  13 nths  3 gpus 13 cpus 53-55,57
0: mpibind: task  14 nths  3 gpus 14 cpus 58-61
0: mpibind: task  15 nths  3 gpus 15 cpus 62-63,65
0: mpibind: task  16 nths  3 gpus 16 cpus 66-68
0: mpibind: task  17 nths  3 gpus 17 cpus 69-71
0: mpibind: task  18 nths  3 gpus 18 cpus 73-76
0: mpibind: task  19 nths  3 gpus 19 cpus 77-79,81
0: mpibind: task  20 nths  3 gpus 20 cpus 82-85
0: mpibind: task  21 nths  3 gpus 21 cpus 86-87,89
0: mpibind: task  22 nths  3 gpus 22 cpus 90-92
0: mpibind: task  23 nths  3 gpus 23 cpus 93-95
0: 0.113s: flux-shell[14]: mpibind: 
0: mpibind: task   0 nths  3 gpus 0 cpus 1-4
0: mpibind: task   1 nths  3 gpus 1 cpus 5-7,9
0: mpibind: task   2 nths  3 gpus 2 cpus 10-13
0: mpibind: task   3 nths  3 gpus 3 cpus 14-15,17
0: mpibind: task   4 nths  3 gpus 4 cpus 18-20
0: mpibind: task   5 nths  3 gpus 5 cpus 21-23
0: mpibind: task   6 nths  3 gpus 6 cpus 25-28
0: mpibind: task   7 nths  3 gpus 7 cpus 29-31,33
0: mpibind: task   8 nths  3 gpus 8 cpus 34-37
0: mpibind: task   9 nths  3 gpus 9 cpus 38-39,41
0: mpibind: task  10 nths  3 gpus 10 cpus 42-44
0: mpibind: task  11 nths  3 gpus 11 cpus 45-47
0: mpibind: task  12 nths  3 gpus 12 cpus 49-52
0: mpibind: task  13 nths  3 gpus 13 cpus 53-55,57
0: mpibind: task  14 nths  3 gpus 14 cpus 58-61
0: mpibind: task  15 nths  3 gpus 15 cpus 62-63,65
0: mpibind: task  16 nths  3 gpus 16 cpus 66-68
0: mpibind: task  17 nths  3 gpus 17 cpus 69-71
0: mpibind: task  18 nths  3 gpus 18 cpus 73-76
0: mpibind: task  19 nths  3 gpus 19 cpus 77-79,81
0: mpibind: task  20 nths  3 gpus 20 cpus 82-85
0: mpibind: task  21 nths  3 gpus 21 cpus 86-87,89
0: mpibind: task  22 nths  3 gpus 22 cpus 90-92
0: mpibind: task  23 nths  3 gpus 23 cpus 93-95
0: 0.114s: flux-shell[12]: mpibind: 
0: mpibind: task   0 nths  3 gpus 0 cpus 1-4
0: mpibind: task   1 nths  3 gpus 1 cpus 5-7,9
0: mpibind: task   2 nths  3 gpus 2 cpus 10-13
0: mpibind: task   3 nths  3 gpus 3 cpus 14-15,17
0: mpibind: task   4 nths  3 gpus 4 cpus 18-20
0: mpibind: task   5 nths  3 gpus 5 cpus 21-23
0: mpibind: task   6 nths  3 gpus 6 cpus 25-28
0: mpibind: task   7 nths  3 gpus 7 cpus 29-31,33
0: mpibind: task   8 nths  3 gpus 8 cpus 34-37
0: mpibind: task   9 nths  3 gpus 9 cpus 38-39,41
0: mpibind: task  10 nths  3 gpus 10 cpus 42-44
0: mpibind: task  11 nths  3 gpus 11 cpus 45-47
0: mpibind: task  12 nths  3 gpus 12 cpus 49-52
0: mpibind: task  13 nths  3 gpus 13 cpus 53-55,57
0: mpibind: task  14 nths  3 gpus 14 cpus 58-61
0: mpibind: task  15 nths  3 gpus 15 cpus 62-63,65
0: mpibind: task  16 nths  3 gpus 16 cpus 66-68
0: mpibind: task  17 nths  3 gpus 17 cpus 69-71
0: mpibind: task  18 nths  3 gpus 18 cpus 73-76
0: mpibind: task  19 nths  3 gpus 19 cpus 77-79,81
0: mpibind: task  20 nths  3 gpus 20 cpus 82-85
0: mpibind: task  21 nths  3 gpus 21 cpus 86-87,89
0: mpibind: task  22 nths  3 gpus 22 cpus 90-92
0: mpibind: task  23 nths  3 gpus 23 cpus 93-95
0: jobid: f3TBnXzWj
0: 0.102s: flux-shell[1]: mpibind: 
0: mpibind: task   0 nths  3 gpus 0 cpus 1-4
0: mpibind: task   1 nths  3 gpus 1 cpus 5-7,9
0: mpibind: task   2 nths  3 gpus 2 cpus 10-13
0: mpibind: task   3 nths  3 gpus 3 cpus 14-15,17
0: mpibind: task   4 nths  3 gpus 4 cpus 18-20
0: mpibind: task   5 nths  3 gpus 5 cpus 21-23
0: mpibind: task   6 nths  3 gpus 6 cpus 25-28
0: mpibind: task   7 nths  3 gpus 7 cpus 29-31,33
0: mpibind: task   8 nths  3 gpus 8 cpus 34-37
0: mpibind: task   9 nths  3 gpus 9 cpus 38-39,41
0: mpibind: task  10 nths  3 gpus 10 cpus 42-44
0: mpibind: task  11 nths  3 gpus 11 cpus 45-47
0: mpibind: task  12 nths  3 gpus 12 cpus 49-52
0: mpibind: task  13 nths  3 gpus 13 cpus 53-55,57
0: mpibind: task  14 nths  3 gpus 14 cpus 58-61
0: mpibind: task  15 nths  3 gpus 15 cpus 62-63,65
0: mpibind: task  16 nths  3 gpus 16 cpus 66-68
0: mpibind: task  17 nths  3 gpus 17 cpus 69-71
0: mpibind: task  18 nths  3 gpus 18 cpus 73-76
0: mpibind: task  19 nths  3 gpus 19 cpus 77-79,81
0: mpibind: task  20 nths  3 gpus 20 cpus 82-85
0: mpibind: task  21 nths  3 gpus 21 cpus 86-87,89
0: mpibind: task  22 nths  3 gpus 22 cpus 90-92
0: mpibind: task  23 nths  3 gpus 23 cpus 93-95
0: 0.108s: flux-shell[8]: mpibind: 
0: mpibind: task   0 nths  3 gpus 0 cpus 1-4
0: mpibind: task   1 nths  3 gpus 1 cpus 5-7,9
0: mpibind: task   2 nths  3 gpus 2 cpus 10-13
0: mpibind: task   3 nths  3 gpus 3 cpus 14-15,17
0: mpibind: task   4 nths  3 gpus 4 cpus 18-20
0: mpibind: task   5 nths  3 gpus 5 cpus 21-23
0: mpibind: task   6 nths  3 gpus 6 cpus 25-28
0: mpibind: task   7 nths  3 gpus 7 cpus 29-31,33
0: mpibind: task   8 nths  3 gpus 8 cpus 34-37
0: mpibind: task   9 nths  3 gpus 9 cpus 38-39,41
0: mpibind: task  10 nths  3 gpus 10 cpus 42-44
0: mpibind: task  11 nths  3 gpus 11 cpus 45-47
0: mpibind: task  12 nths  3 gpus 12 cpus 49-52
0: mpibind: task  13 nths  3 gpus 13 cpus 53-55,57
0: mpibind: task  14 nths  3 gpus 14 cpus 58-61
0: mpibind: task  15 nths  3 gpus 15 cpus 62-63,65
0: mpibind: task  16 nths  3 gpus 16 cpus 66-68
0: mpibind: task  17 nths  3 gpus 17 cpus 69-71
0: mpibind: task  18 nths  3 gpus 18 cpus 73-76
0: mpibind: task  19 nths  3 gpus 19 cpus 77-79,81
0: mpibind: task  20 nths  3 gpus 20 cpus 82-85
0: mpibind: task  21 nths  3 gpus 21 cpus 86-87,89
0: mpibind: task  22 nths  3 gpus 22 cpus 90-92
0: mpibind: task  23 nths  3 gpus 23 cpus 93-95
0: 0.112s: flux-shell[11]: mpibind: 
0: mpibind: task   0 nths  3 gpus 0 cpus 1-4
0: mpibind: task   1 nths  3 gpus 1 cpus 5-7,9
0: mpibind: task   2 nths  3 gpus 2 cpus 10-13
0: mpibind: task   3 nths  3 gpus 3 cpus 14-15,17
0: mpibind: task   4 nths  3 gpus 4 cpus 18-20
0: mpibind: task   5 nths  3 gpus 5 cpus 21-23
0: mpibind: task   6 nths  3 gpus 6 cpus 25-28
0: mpibind: task   7 nths  3 gpus 7 cpus 29-31,33
0: mpibind: task   8 nths  3 gpus 8 cpus 34-37
0: mpibind: task   9 nths  3 gpus 9 cpus 38-39,41
0: mpibind: task  10 nths  3 gpus 10 cpus 42-44
0: mpibind: task  11 nths  3 gpus 11 cpus 45-47
0: mpibind: task  12 nths  3 gpus 12 cpus 49-52
0: mpibind: task  13 nths  3 gpus 13 cpus 53-55,57
0: mpibind: task  14 nths  3 gpus 14 cpus 58-61
0: mpibind: task  15 nths  3 gpus 15 cpus 62-63,65
0: mpibind: task  16 nths  3 gpus 16 cpus 66-68
0: mpibind: task  17 nths  3 gpus 17 cpus 69-71
0: mpibind: task  18 nths  3 gpus 18 cpus 73-76
0: mpibind: task  19 nths  3 gpus 19 cpus 77-79,81
0: mpibind: task  20 nths  3 gpus 20 cpus 82-85
0: mpibind: task  21 nths  3 gpus 21 cpus 86-87,89
0: mpibind: task  22 nths  3 gpus 22 cpus 90-92
0: mpibind: task  23 nths  3 gpus 23 cpus 93-95
0: 0.098s: flux-shell[0]: mpibind: 
0: mpibind: task   0 nths  3 gpus 0 cpus 1-4
0: mpibind: task   1 nths  3 gpus 1 cpus 5-7,9
0: mpibind: task   2 nths  3 gpus 2 cpus 10-13
0: mpibind: task   3 nths  3 gpus 3 cpus 14-15,17
0: mpibind: task   4 nths  3 gpus 4 cpus 18-20
0: mpibind: task   5 nths  3 gpus 5 cpus 21-23
0: mpibind: task   6 nths  3 gpus 6 cpus 25-28
0: mpibind: task   7 nths  3 gpus 7 cpus 29-31,33
0: mpibind: task   8 nths  3 gpus 8 cpus 34-37
0: mpibind: task   9 nths  3 gpus 9 cpus 38-39,41
0: mpibind: task  10 nths  3 gpus 10 cpus 42-44
0: mpibind: task  11 nths  3 gpus 11 cpus 45-47
0: mpibind: task  12 nths  3 gpus 12 cpus 49-52
0: mpibind: task  13 nths  3 gpus 13 cpus 53-55,57
0: mpibind: task  14 nths  3 gpus 14 cpus 58-61
0: mpibind: task  15 nths  3 gpus 15 cpus 62-63,65
0: mpibind: task  16 nths  3 gpus 16 cpus 66-68
0: mpibind: task  17 nths  3 gpus 17 cpus 69-71
0: mpibind: task  18 nths  3 gpus 18 cpus 73-76
0: mpibind: task  19 nths  3 gpus 19 cpus 77-79,81
0: mpibind: task  20 nths  3 gpus 20 cpus 82-85
0: mpibind: task  21 nths  3 gpus 21 cpus 86-87,89
0: mpibind: task  22 nths  3 gpus 22 cpus 90-92
0: mpibind: task  23 nths  3 gpus 23 cpus 93-95
0: 0.108s: flux-shell[4]: mpibind: 
0: mpibind: task   0 nths  3 gpus 0 cpus 1-4
0: mpibind: task   1 nths  3 gpus 1 cpus 5-7,9
0: mpibind: task   2 nths  3 gpus 2 cpus 10-13
0: mpibind: task   3 nths  3 gpus 3 cpus 14-15,17
0: mpibind: task   4 nths  3 gpus 4 cpus 18-20
0: mpibind: task   5 nths  3 gpus 5 cpus 21-23
0: mpibind: task   6 nths  3 gpus 6 cpus 25-28
0: mpibind: task   7 nths  3 gpus 7 cpus 29-31,33
0: mpibind: task   8 nths  3 gpus 8 cpus 34-37
0: mpibind: task   9 nths  3 gpus 9 cpus 38-39,41
0: mpibind: task  10 nths  3 gpus 10 cpus 42-44
0: mpibind: task  11 nths  3 gpus 11 cpus 45-47
0: mpibind: task  12 nths  3 gpus 12 cpus 49-52
0: mpibind: task  13 nths  3 gpus 13 cpus 53-55,57
0: mpibind: task  14 nths  3 gpus 14 cpus 58-61
0: mpibind: task  15 nths  3 gpus 15 cpus 62-63,65
0: mpibind: task  16 nths  3 gpus 16 cpus 66-68
0: mpibind: task  17 nths  3 gpus 17 cpus 69-71
0: mpibind: task  18 nths  3 gpus 18 cpus 73-76
0: mpibind: task  19 nths  3 gpus 19 cpus 77-79,81
0: mpibind: task  20 nths  3 gpus 20 cpus 82-85
0: mpibind: task  21 nths  3 gpus 21 cpus 86-87,89
0: mpibind: task  22 nths  3 gpus 22 cpus 90-92
0: mpibind: task  23 nths  3 gpus 23 cpus 93-95
0: 0.101s: flux-shell[2]: mpibind: 
0: mpibind: task   0 nths  3 gpus 0 cpus 1-4
0: mpibind: task   1 nths  3 gpus 1 cpus 5-7,9
0: mpibind: task   2 nths  3 gpus 2 cpus 10-13
0: mpibind: task   3 nths  3 gpus 3 cpus 14-15,17
0: mpibind: task   4 nths  3 gpus 4 cpus 18-20
0: mpibind: task   5 nths  3 gpus 5 cpus 21-23
0: mpibind: task   6 nths  3 gpus 6 cpus 25-28
0: mpibind: task   7 nths  3 gpus 7 cpus 29-31,33
0: mpibind: task   8 nths  3 gpus 8 cpus 34-37
0: mpibind: task   9 nths  3 gpus 9 cpus 38-39,41
0: mpibind: task  10 nths  3 gpus 10 cpus 42-44
0: mpibind: task  11 nths  3 gpus 11 cpus 45-47
0: mpibind: task  12 nths  3 gpus 12 cpus 49-52
0: mpibind: task  13 nths  3 gpus 13 cpus 53-55,57
0: mpibind: task  14 nths  3 gpus 14 cpus 58-61
0: mpibind: task  15 nths  3 gpus 15 cpus 62-63,65
0: mpibind: task  16 nths  3 gpus 16 cpus 66-68
0: mpibind: task  17 nths  3 gpus 17 cpus 69-71
0: mpibind: task  18 nths  3 gpus 18 cpus 73-76
0: mpibind: task  19 nths  3 gpus 19 cpus 77-79,81
0: mpibind: task  20 nths  3 gpus 20 cpus 82-85
0: mpibind: task  21 nths  3 gpus 21 cpus 86-87,89
0: mpibind: task  22 nths  3 gpus 22 cpus 90-92
0: mpibind: task  23 nths  3 gpus 23 cpus 93-95
0: 0.110s: flux-shell[5]: mpibind: 
0: mpibind: task   0 nths  3 gpus 0 cpus 1-4
0: mpibind: task   1 nths  3 gpus 1 cpus 5-7,9
0: mpibind: task   2 nths  3 gpus 2 cpus 10-13
0: mpibind: task   3 nths  3 gpus 3 cpus 14-15,17
0: mpibind: task   4 nths  3 gpus 4 cpus 18-20
0: mpibind: task   5 nths  3 gpus 5 cpus 21-23
0: mpibind: task   6 nths  3 gpus 6 cpus 25-28
0: mpibind: task   7 nths  3 gpus 7 cpus 29-31,33
0: mpibind: task   8 nths  3 gpus 8 cpus 34-37
0: mpibind: task   9 nths  3 gpus 9 cpus 38-39,41
0: mpibind: task  10 nths  3 gpus 10 cpus 42-44
0: mpibind: task  11 nths  3 gpus 11 cpus 45-47
0: mpibind: task  12 nths  3 gpus 12 cpus 49-52
0: mpibind: task  13 nths  3 gpus 13 cpus 53-55,57
0: mpibind: task  14 nths  3 gpus 14 cpus 58-61
0: mpibind: task  15 nths  3 gpus 15 cpus 62-63,65
0: mpibind: task  16 nths  3 gpus 16 cpus 66-68
0: mpibind: task  17 nths  3 gpus 17 cpus 69-71
0: mpibind: task  18 nths  3 gpus 18 cpus 73-76
0: mpibind: task  19 nths  3 gpus 19 cpus 77-79,81
0: mpibind: task  20 nths  3 gpus 20 cpus 82-85
0: mpibind: task  21 nths  3 gpus 21 cpus 86-87,89
0: mpibind: task  22 nths  3 gpus 22 cpus 90-92
0: mpibind: task  23 nths  3 gpus 23 cpus 93-95
0: 0.103s: flux-shell[7]: mpibind: 
0: mpibind: task   0 nths  3 gpus 0 cpus 1-4
0: mpibind: task   1 nths  3 gpus 1 cpus 5-7,9
0: mpibind: task   2 nths  3 gpus 2 cpus 10-13
0: mpibind: task   3 nths  3 gpus 3 cpus 14-15,17
0: mpibind: task   4 nths  3 gpus 4 cpus 18-20
0: mpibind: task   5 nths  3 gpus 5 cpus 21-23
0: mpibind: task   6 nths  3 gpus 6 cpus 25-28
0: mpibind: task   7 nths  3 gpus 7 cpus 29-31,33
0: mpibind: task   8 nths  3 gpus 8 cpus 34-37
0: mpibind: task   9 nths  3 gpus 9 cpus 38-39,41
0: mpibind: task  10 nths  3 gpus 10 cpus 42-44
0: mpibind: task  11 nths  3 gpus 11 cpus 45-47
0: mpibind: task  12 nths  3 gpus 12 cpus 49-52
0: mpibind: task  13 nths  3 gpus 13 cpus 53-55,57
0: mpibind: task  14 nths  3 gpus 14 cpus 58-61
0: mpibind: task  15 nths  3 gpus 15 cpus 62-63,65
0: mpibind: task  16 nths  3 gpus 16 cpus 66-68
0: mpibind: task  17 nths  3 gpus 17 cpus 69-71
0: mpibind: task  18 nths  3 gpus 18 cpus 73-76
0: mpibind: task  19 nths  3 gpus 19 cpus 77-79,81
0: mpibind: task  20 nths  3 gpus 20 cpus 82-85
0: mpibind: task  21 nths  3 gpus 21 cpus 86-87,89
0: mpibind: task  22 nths  3 gpus 22 cpus 90-92
0: mpibind: task  23 nths  3 gpus 23 cpus 93-95
0: 0.110s: flux-shell[6]: mpibind: 
0: mpibind: task   0 nths  3 gpus 0 cpus 1-4
0: mpibind: task   1 nths  3 gpus 1 cpus 5-7,9
0: mpibind: task   2 nths  3 gpus 2 cpus 10-13
0: mpibind: task   3 nths  3 gpus 3 cpus 14-15,17
0: mpibind: task   4 nths  3 gpus 4 cpus 18-20
0: mpibind: task   5 nths  3 gpus 5 cpus 21-23
0: mpibind: task   6 nths  3 gpus 6 cpus 25-28
0: mpibind: task   7 nths  3 gpus 7 cpus 29-31,33
0: mpibind: task   8 nths  3 gpus 8 cpus 34-37
0: mpibind: task   9 nths  3 gpus 9 cpus 38-39,41
0: mpibind: task  10 nths  3 gpus 10 cpus 42-44
0: mpibind: task  11 nths  3 gpus 11 cpus 45-47
0: mpibind: task  12 nths  3 gpus 12 cpus 49-52
0: mpibind: task  13 nths  3 gpus 13 cpus 53-55,57
0: mpibind: task  14 nths  3 gpus 14 cpus 58-61
0: mpibind: task  15 nths  3 gpus 15 cpus 62-63,65
0: mpibind: task  16 nths  3 gpus 16 cpus 66-68
0: mpibind: task  17 nths  3 gpus 17 cpus 69-71
0: mpibind: task  18 nths  3 gpus 18 cpus 73-76
0: mpibind: task  19 nths  3 gpus 19 cpus 77-79,81
0: mpibind: task  20 nths  3 gpus 20 cpus 82-85
0: mpibind: task  21 nths  3 gpus 21 cpus 86-87,89
0: mpibind: task  22 nths  3 gpus 22 cpus 90-92
0: mpibind: task  23 nths  3 gpus 23 cpus 93-95
0: 0.106s: flux-shell[9]: mpibind: 
0: mpibind: task   0 nths  3 gpus 0 cpus 1-4
0: mpibind: task   1 nths  3 gpus 1 cpus 5-7,9
0: mpibind: task   2 nths  3 gpus 2 cpus 10-13
0: mpibind: task   3 nths  3 gpus 3 cpus 14-15,17
0: mpibind: task   4 nths  3 gpus 4 cpus 18-20
0: mpibind: task   5 nths  3 gpus 5 cpus 21-23
0: mpibind: task   6 nths  3 gpus 6 cpus 25-28
0: mpibind: task   7 nths  3 gpus 7 cpus 29-31,33
0: mpibind: task   8 nths  3 gpus 8 cpus 34-37
0: mpibind: task   9 nths  3 gpus 9 cpus 38-39,41
0: mpibind: task  10 nths  3 gpus 10 cpus 42-44
0: mpibind: task  11 nths  3 gpus 11 cpus 45-47
0: mpibind: task  12 nths  3 gpus 12 cpus 49-52
0: mpibind: task  13 nths  3 gpus 13 cpus 53-55,57
0: mpibind: task  14 nths  3 gpus 14 cpus 58-61
0: mpibind: task  15 nths  3 gpus 15 cpus 62-63,65
0: mpibind: task  16 nths  3 gpus 16 cpus 66-68
0: mpibind: task  17 nths  3 gpus 17 cpus 69-71
0: mpibind: task  18 nths  3 gpus 18 cpus 73-76
0: mpibind: task  19 nths  3 gpus 19 cpus 77-79,81
0: mpibind: task  20 nths  3 gpus 20 cpus 82-85
0: mpibind: task  21 nths  3 gpus 21 cpus 86-87,89
0: mpibind: task  22 nths  3 gpus 22 cpus 90-92
0: mpibind: task  23 nths  3 gpus 23 cpus 93-95
0: 0.101s: flux-shell[10]: mpibind: 
0: mpibind: task   0 nths  3 gpus 0 cpus 1-4
0: mpibind: task   1 nths  3 gpus 1 cpus 5-7,9
0: mpibind: task   2 nths  3 gpus 2 cpus 10-13
0: mpibind: task   3 nths  3 gpus 3 cpus 14-15,17
0: mpibind: task   4 nths  3 gpus 4 cpus 18-20
0: mpibind: task   5 nths  3 gpus 5 cpus 21-23
0: mpibind: task   6 nths  3 gpus 6 cpus 25-28
0: mpibind: task   7 nths  3 gpus 7 cpus 29-31,33
0: mpibind: task   8 nths  3 gpus 8 cpus 34-37
0: mpibind: task   9 nths  3 gpus 9 cpus 38-39,41
0: mpibind: task  10 nths  3 gpus 10 cpus 42-44
0: mpibind: task  11 nths  3 gpus 11 cpus 45-47
0: mpibind: task  12 nths  3 gpus 12 cpus 49-52
0: mpibind: task  13 nths  3 gpus 13 cpus 53-55,57
0: mpibind: task  14 nths  3 gpus 14 cpus 58-61
0: mpibind: task  15 nths  3 gpus 15 cpus 62-63,65
0: mpibind: task  16 nths  3 gpus 16 cpus 66-68
0: mpibind: task  17 nths  3 gpus 17 cpus 69-71
0: mpibind: task  18 nths  3 gpus 18 cpus 73-76
0: mpibind: task  19 nths  3 gpus 19 cpus 77-79,81
0: mpibind: task  20 nths  3 gpus 20 cpus 82-85
0: mpibind: task  21 nths  3 gpus 21 cpus 86-87,89
0: mpibind: task  22 nths  3 gpus 22 cpus 90-92
0: mpibind: task  23 nths  3 gpus 23 cpus 93-95
0: 0.106s: flux-shell[12]: mpibind: 
0: mpibind: task   0 nths  3 gpus 0 cpus 1-4
0: mpibind: task   1 nths  3 gpus 1 cpus 5-7,9
0: mpibind: task   2 nths  3 gpus 2 cpus 10-13
0: mpibind: task   3 nths  3 gpus 3 cpus 14-15,17
0: mpibind: task   4 nths  3 gpus 4 cpus 18-20
0: mpibind: task   5 nths  3 gpus 5 cpus 21-23
0: mpibind: task   6 nths  3 gpus 6 cpus 25-28
0: mpibind: task   7 nths  3 gpus 7 cpus 29-31,33
0: mpibind: task   8 nths  3 gpus 8 cpus 34-37
0: mpibind: task   9 nths  3 gpus 9 cpus 38-39,41
0: mpibind: task  10 nths  3 gpus 10 cpus 42-44
0: mpibind: task  11 nths  3 gpus 11 cpus 45-47
0: mpibind: task  12 nths  3 gpus 12 cpus 49-52
0: mpibind: task  13 nths  3 gpus 13 cpus 53-55,57
0: mpibind: task  14 nths  3 gpus 14 cpus 58-61
0: mpibind: task  15 nths  3 gpus 15 cpus 62-63,65
0: mpibind: task  16 nths  3 gpus 16 cpus 66-68
0: mpibind: task  17 nths  3 gpus 17 cpus 69-71
0: mpibind: task  18 nths  3 gpus 18 cpus 73-76
0: mpibind: task  19 nths  3 gpus 19 cpus 77-79,81
0: mpibind: task  20 nths  3 gpus 20 cpus 82-85
0: mpibind: task  21 nths  3 gpus 21 cpus 86-87,89
0: mpibind: task  22 nths  3 gpus 22 cpus 90-92
0: mpibind: task  23 nths  3 gpus 23 cpus 93-95
0: 0.110s: flux-shell[13]: mpibind: 
0: mpibind: task   0 nths  3 gpus 0 cpus 1-4
0: mpibind: task   1 nths  3 gpus 1 cpus 5-7,9
0: mpibind: task   2 nths  3 gpus 2 cpus 10-13
0: mpibind: task   3 nths  3 gpus 3 cpus 14-15,17
0: mpibind: task   4 nths  3 gpus 4 cpus 18-20
0: mpibind: task   5 nths  3 gpus 5 cpus 21-23
0: mpibind: task   6 nths  3 gpus 6 cpus 25-28
0: mpibind: task   7 nths  3 gpus 7 cpus 29-31,33
0: mpibind: task   8 nths  3 gpus 8 cpus 34-37
0: mpibind: task   9 nths  3 gpus 9 cpus 38-39,41
0: mpibind: task  10 nths  3 gpus 10 cpus 42-44
0: mpibind: task  11 nths  3 gpus 11 cpus 45-47
0: mpibind: task  12 nths  3 gpus 12 cpus 49-52
0: mpibind: task  13 nths  3 gpus 13 cpus 53-55,57
0: mpibind: task  14 nths  3 gpus 14 cpus 58-61
0: mpibind: task  15 nths  3 gpus 15 cpus 62-63,65
0: mpibind: task  16 nths  3 gpus 16 cpus 66-68
0: mpibind: task  17 nths  3 gpus 17 cpus 69-71
0: mpibind: task  18 nths  3 gpus 18 cpus 73-76
0: mpibind: task  19 nths  3 gpus 19 cpus 77-79,81
0: mpibind: task  20 nths  3 gpus 20 cpus 82-85
0: mpibind: task  21 nths  3 gpus 21 cpus 86-87,89
0: mpibind: task  22 nths  3 gpus 22 cpus 90-92
0: mpibind: task  23 nths  3 gpus 23 cpus 93-95
0: 0.106s: flux-shell[15]: mpibind: 
0: mpibind: task   0 nths  3 gpus 0 cpus 1-4
0: mpibind: task   1 nths  3 gpus 1 cpus 5-7,9
0: mpibind: task   2 nths  3 gpus 2 cpus 10-13
0: mpibind: task   3 nths  3 gpus 3 cpus 14-15,17
0: mpibind: task   4 nths  3 gpus 4 cpus 18-20
0: mpibind: task   5 nths  3 gpus 5 cpus 21-23
0: mpibind: task   6 nths  3 gpus 6 cpus 25-28
0: mpibind: task   7 nths  3 gpus 7 cpus 29-31,33
0: mpibind: task   8 nths  3 gpus 8 cpus 34-37
0: mpibind: task   9 nths  3 gpus 9 cpus 38-39,41
0: mpibind: task  10 nths  3 gpus 10 cpus 42-44
0: mpibind: task  11 nths  3 gpus 11 cpus 45-47
0: mpibind: task  12 nths  3 gpus 12 cpus 49-52
0: mpibind: task  13 nths  3 gpus 13 cpus 53-55,57
0: mpibind: task  14 nths  3 gpus 14 cpus 58-61
0: mpibind: task  15 nths  3 gpus 15 cpus 62-63,65
0: mpibind: task  16 nths  3 gpus 16 cpus 66-68
0: mpibind: task  17 nths  3 gpus 17 cpus 69-71
0: mpibind: task  18 nths  3 gpus 18 cpus 73-76
0: mpibind: task  19 nths  3 gpus 19 cpus 77-79,81
0: mpibind: task  20 nths  3 gpus 20 cpus 82-85
0: mpibind: task  21 nths  3 gpus 21 cpus 86-87,89
0: mpibind: task  22 nths  3 gpus 22 cpus 90-92
0: mpibind: task  23 nths  3 gpus 23 cpus 93-95
0: 0.104s: flux-shell[14]: mpibind: 
0: mpibind: task   0 nths  3 gpus 0 cpus 1-4
0: mpibind: task   1 nths  3 gpus 1 cpus 5-7,9
0: mpibind: task   2 nths  3 gpus 2 cpus 10-13
0: mpibind: task   3 nths  3 gpus 3 cpus 14-15,17
0: mpibind: task   4 nths  3 gpus 4 cpus 18-20
0: mpibind: task   5 nths  3 gpus 5 cpus 21-23
0: mpibind: task   6 nths  3 gpus 6 cpus 25-28
0: mpibind: task   7 nths  3 gpus 7 cpus 29-31,33
0: mpibind: task   8 nths  3 gpus 8 cpus 34-37
0: mpibind: task   9 nths  3 gpus 9 cpus 38-39,41
0: mpibind: task  10 nths  3 gpus 10 cpus 42-44
0: mpibind: task  11 nths  3 gpus 11 cpus 45-47
0: mpibind: task  12 nths  3 gpus 12 cpus 49-52
0: mpibind: task  13 nths  3 gpus 13 cpus 53-55,57
0: mpibind: task  14 nths  3 gpus 14 cpus 58-61
0: mpibind: task  15 nths  3 gpus 15 cpus 62-63,65
0: mpibind: task  16 nths  3 gpus 16 cpus 66-68
0: mpibind: task  17 nths  3 gpus 17 cpus 69-71
0: mpibind: task  18 nths  3 gpus 18 cpus 73-76
0: mpibind: task  19 nths  3 gpus 19 cpus 77-79,81
0: mpibind: task  20 nths  3 gpus 20 cpus 82-85
0: mpibind: task  21 nths  3 gpus 21 cpus 86-87,89
0: mpibind: task  22 nths  3 gpus 22 cpus 90-92
0: mpibind: task  23 nths  3 gpus 23 cpus 93-95
0: 0.102s: flux-shell[3]: mpibind: 
0: mpibind: task   0 nths  3 gpus 0 cpus 1-4
0: mpibind: task   1 nths  3 gpus 1 cpus 5-7,9
0: mpibind: task   2 nths  3 gpus 2 cpus 10-13
0: mpibind: task   3 nths  3 gpus 3 cpus 14-15,17
0: mpibind: task   4 nths  3 gpus 4 cpus 18-20
0: mpibind: task   5 nths  3 gpus 5 cpus 21-23
0: mpibind: task   6 nths  3 gpus 6 cpus 25-28
0: mpibind: task   7 nths  3 gpus 7 cpus 29-31,33
0: mpibind: task   8 nths  3 gpus 8 cpus 34-37
0: mpibind: task   9 nths  3 gpus 9 cpus 38-39,41
0: mpibind: task  10 nths  3 gpus 10 cpus 42-44
0: mpibind: task  11 nths  3 gpus 11 cpus 45-47
0: mpibind: task  12 nths  3 gpus 12 cpus 49-52
0: mpibind: task  13 nths  3 gpus 13 cpus 53-55,57
0: mpibind: task  14 nths  3 gpus 14 cpus 58-61
0: mpibind: task  15 nths  3 gpus 15 cpus 62-63,65
0: mpibind: task  16 nths  3 gpus 16 cpus 66-68
0: mpibind: task  17 nths  3 gpus 17 cpus 69-71
0: mpibind: task  18 nths  3 gpus 18 cpus 73-76
0: mpibind: task  19 nths  3 gpus 19 cpus 77-79,81
0: mpibind: task  20 nths  3 gpus 20 cpus 82-85
0: mpibind: task  21 nths  3 gpus 21 cpus 86-87,89
0: mpibind: task  22 nths  3 gpus 22 cpus 90-92
0: mpibind: task  23 nths  3 gpus 23 cpus 93-95
0: jobid: f3cvarPL3
0: 0.103s: flux-shell[1]: mpibind: 
0: mpibind: task   0 nths  3 gpus 0 cpus 1-4
0: mpibind: task   1 nths  3 gpus 1 cpus 5-7,9
0: mpibind: task   2 nths  3 gpus 2 cpus 10-13
0: mpibind: task   3 nths  3 gpus 3 cpus 14-15,17
0: mpibind: task   4 nths  3 gpus 4 cpus 18-20
0: mpibind: task   5 nths  3 gpus 5 cpus 21-23
0: mpibind: task   6 nths  3 gpus 6 cpus 25-28
0: mpibind: task   7 nths  3 gpus 7 cpus 29-31,33
0: mpibind: task   8 nths  3 gpus 8 cpus 34-37
0: mpibind: task   9 nths  3 gpus 9 cpus 38-39,41
0: mpibind: task  10 nths  3 gpus 10 cpus 42-44
0: mpibind: task  11 nths  3 gpus 11 cpus 45-47
0: mpibind: task  12 nths  3 gpus 12 cpus 49-52
0: mpibind: task  13 nths  3 gpus 13 cpus 53-55,57
0: mpibind: task  14 nths  3 gpus 14 cpus 58-61
0: mpibind: task  15 nths  3 gpus 15 cpus 62-63,65
0: mpibind: task  16 nths  3 gpus 16 cpus 66-68
0: mpibind: task  17 nths  3 gpus 17 cpus 69-71
0: mpibind: task  18 nths  3 gpus 18 cpus 73-76
0: mpibind: task  19 nths  3 gpus 19 cpus 77-79,81
0: mpibind: task  20 nths  3 gpus 20 cpus 82-85
0: mpibind: task  21 nths  3 gpus 21 cpus 86-87,89
0: mpibind: task  22 nths  3 gpus 22 cpus 90-92
0: mpibind: task  23 nths  3 gpus 23 cpus 93-95
0: 0.102s: flux-shell[2]: mpibind: 
0: mpibind: task   0 nths  3 gpus 0 cpus 1-4
0: mpibind: task   1 nths  3 gpus 1 cpus 5-7,9
0: mpibind: task   2 nths  3 gpus 2 cpus 10-13
0: mpibind: task   3 nths  3 gpus 3 cpus 14-15,17
0: mpibind: task   4 nths  3 gpus 4 cpus 18-20
0: mpibind: task   5 nths  3 gpus 5 cpus 21-23
0: mpibind: task   6 nths  3 gpus 6 cpus 25-28
0: mpibind: task   7 nths  3 gpus 7 cpus 29-31,33
0: mpibind: task   8 nths  3 gpus 8 cpus 34-37
0: mpibind: task   9 nths  3 gpus 9 cpus 38-39,41
0: mpibind: task  10 nths  3 gpus 10 cpus 42-44
0: mpibind: task  11 nths  3 gpus 11 cpus 45-47
0: mpibind: task  12 nths  3 gpus 12 cpus 49-52
0: mpibind: task  13 nths  3 gpus 13 cpus 53-55,57
0: mpibind: task  14 nths  3 gpus 14 cpus 58-61
0: mpibind: task  15 nths  3 gpus 15 cpus 62-63,65
0: mpibind: task  16 nths  3 gpus 16 cpus 66-68
0: mpibind: task  17 nths  3 gpus 17 cpus 69-71
0: mpibind: task  18 nths  3 gpus 18 cpus 73-76
0: mpibind: task  19 nths  3 gpus 19 cpus 77-79,81
0: mpibind: task  20 nths  3 gpus 20 cpus 82-85
0: mpibind: task  21 nths  3 gpus 21 cpus 86-87,89
0: mpibind: task  22 nths  3 gpus 22 cpus 90-92
0: mpibind: task  23 nths  3 gpus 23 cpus 93-95
0: 0.101s: flux-shell[6]: mpibind: 
0: mpibind: task   0 nths  3 gpus 0 cpus 1-4
0: mpibind: task   1 nths  3 gpus 1 cpus 5-7,9
0: mpibind: task   2 nths  3 gpus 2 cpus 10-13
0: mpibind: task   3 nths  3 gpus 3 cpus 14-15,17
0: mpibind: task   4 nths  3 gpus 4 cpus 18-20
0: mpibind: task   5 nths  3 gpus 5 cpus 21-23
0: mpibind: task   6 nths  3 gpus 6 cpus 25-28
0: mpibind: task   7 nths  3 gpus 7 cpus 29-31,33
0: mpibind: task   8 nths  3 gpus 8 cpus 34-37
0: mpibind: task   9 nths  3 gpus 9 cpus 38-39,41
0: mpibind: task  10 nths  3 gpus 10 cpus 42-44
0: mpibind: task  11 nths  3 gpus 11 cpus 45-47
0: mpibind: task  12 nths  3 gpus 12 cpus 49-52
0: mpibind: task  13 nths  3 gpus 13 cpus 53-55,57
0: mpibind: task  14 nths  3 gpus 14 cpus 58-61
0: mpibind: task  15 nths  3 gpus 15 cpus 62-63,65
0: mpibind: task  16 nths  3 gpus 16 cpus 66-68
0: mpibind: task  17 nths  3 gpus 17 cpus 69-71
0: mpibind: task  18 nths  3 gpus 18 cpus 73-76
0: mpibind: task  19 nths  3 gpus 19 cpus 77-79,81
0: mpibind: task  20 nths  3 gpus 20 cpus 82-85
0: mpibind: task  21 nths  3 gpus 21 cpus 86-87,89
0: mpibind: task  22 nths  3 gpus 22 cpus 90-92
0: mpibind: task  23 nths  3 gpus 23 cpus 93-95
0: 0.098s: flux-shell[0]: mpibind: 
0: mpibind: task   0 nths  3 gpus 0 cpus 1-4
0: mpibind: task   1 nths  3 gpus 1 cpus 5-7,9
0: mpibind: task   2 nths  3 gpus 2 cpus 10-13
0: mpibind: task   3 nths  3 gpus 3 cpus 14-15,17
0: mpibind: task   4 nths  3 gpus 4 cpus 18-20
0: mpibind: task   5 nths  3 gpus 5 cpus 21-23
0: mpibind: task   6 nths  3 gpus 6 cpus 25-28
0: mpibind: task   7 nths  3 gpus 7 cpus 29-31,33
0: mpibind: task   8 nths  3 gpus 8 cpus 34-37
0: mpibind: task   9 nths  3 gpus 9 cpus 38-39,41
0: mpibind: task  10 nths  3 gpus 10 cpus 42-44
0: mpibind: task  11 nths  3 gpus 11 cpus 45-47
0: mpibind: task  12 nths  3 gpus 12 cpus 49-52
0: mpibind: task  13 nths  3 gpus 13 cpus 53-55,57
0: mpibind: task  14 nths  3 gpus 14 cpus 58-61
0: mpibind: task  15 nths  3 gpus 15 cpus 62-63,65
0: mpibind: task  16 nths  3 gpus 16 cpus 66-68
0: mpibind: task  17 nths  3 gpus 17 cpus 69-71
0: mpibind: task  18 nths  3 gpus 18 cpus 73-76
0: mpibind: task  19 nths  3 gpus 19 cpus 77-79,81
0: mpibind: task  20 nths  3 gpus 20 cpus 82-85
0: mpibind: task  21 nths  3 gpus 21 cpus 86-87,89
0: mpibind: task  22 nths  3 gpus 22 cpus 90-92
0: mpibind: task  23 nths  3 gpus 23 cpus 93-95
0: 0.108s: flux-shell[8]: mpibind: 
0: mpibind: task   0 nths  3 gpus 0 cpus 1-4
0: mpibind: task   1 nths  3 gpus 1 cpus 5-7,9
0: mpibind: task   2 nths  3 gpus 2 cpus 10-13
0: mpibind: task   3 nths  3 gpus 3 cpus 14-15,17
0: mpibind: task   4 nths  3 gpus 4 cpus 18-20
0: mpibind: task   5 nths  3 gpus 5 cpus 21-23
0: mpibind: task   6 nths  3 gpus 6 cpus 25-28
0: mpibind: task   7 nths  3 gpus 7 cpus 29-31,33
0: mpibind: task   8 nths  3 gpus 8 cpus 34-37
0: mpibind: task   9 nths  3 gpus 9 cpus 38-39,41
0: mpibind: task  10 nths  3 gpus 10 cpus 42-44
0: mpibind: task  11 nths  3 gpus 11 cpus 45-47
0: mpibind: task  12 nths  3 gpus 12 cpus 49-52
0: mpibind: task  13 nths  3 gpus 13 cpus 53-55,57
0: mpibind: task  14 nths  3 gpus 14 cpus 58-61
0: mpibind: task  15 nths  3 gpus 15 cpus 62-63,65
0: mpibind: task  16 nths  3 gpus 16 cpus 66-68
0: mpibind: task  17 nths  3 gpus 17 cpus 69-71
0: mpibind: task  18 nths  3 gpus 18 cpus 73-76
0: mpibind: task  19 nths  3 gpus 19 cpus 77-79,81
0: mpibind: task  20 nths  3 gpus 20 cpus 82-85
0: mpibind: task  21 nths  3 gpus 21 cpus 86-87,89
0: mpibind: task  22 nths  3 gpus 22 cpus 90-92
0: mpibind: task  23 nths  3 gpus 23 cpus 93-95
0: 0.110s: flux-shell[11]: mpibind: 
0: mpibind: task   0 nths  3 gpus 0 cpus 1-4
0: mpibind: task   1 nths  3 gpus 1 cpus 5-7,9
0: mpibind: task   2 nths  3 gpus 2 cpus 10-13
0: mpibind: task   3 nths  3 gpus 3 cpus 14-15,17
0: mpibind: task   4 nths  3 gpus 4 cpus 18-20
0: mpibind: task   5 nths  3 gpus 5 cpus 21-23
0: mpibind: task   6 nths  3 gpus 6 cpus 25-28
0: mpibind: task   7 nths  3 gpus 7 cpus 29-31,33
0: mpibind: task   8 nths  3 gpus 8 cpus 34-37
0: mpibind: task   9 nths  3 gpus 9 cpus 38-39,41
0: mpibind: task  10 nths  3 gpus 10 cpus 42-44
0: mpibind: task  11 nths  3 gpus 11 cpus 45-47
0: mpibind: task  12 nths  3 gpus 12 cpus 49-52
0: mpibind: task  13 nths  3 gpus 13 cpus 53-55,57
0: mpibind: task  14 nths  3 gpus 14 cpus 58-61
0: mpibind: task  15 nths  3 gpus 15 cpus 62-63,65
0: mpibind: task  16 nths  3 gpus 16 cpus 66-68
0: mpibind: task  17 nths  3 gpus 17 cpus 69-71
0: mpibind: task  18 nths  3 gpus 18 cpus 73-76
0: mpibind: task  19 nths  3 gpus 19 cpus 77-79,81
0: mpibind: task  20 nths  3 gpus 20 cpus 82-85
0: mpibind: task  21 nths  3 gpus 21 cpus 86-87,89
0: mpibind: task  22 nths  3 gpus 22 cpus 90-92
0: mpibind: task  23 nths  3 gpus 23 cpus 93-95
0: 0.104s: flux-shell[4]: mpibind: 
0: mpibind: task   0 nths  3 gpus 0 cpus 1-4
0: mpibind: task   1 nths  3 gpus 1 cpus 5-7,9
0: mpibind: task   2 nths  3 gpus 2 cpus 10-13
0: mpibind: task   3 nths  3 gpus 3 cpus 14-15,17
0: mpibind: task   4 nths  3 gpus 4 cpus 18-20
0: mpibind: task   5 nths  3 gpus 5 cpus 21-23
0: mpibind: task   6 nths  3 gpus 6 cpus 25-28
0: mpibind: task   7 nths  3 gpus 7 cpus 29-31,33
0: mpibind: task   8 nths  3 gpus 8 cpus 34-37
0: mpibind: task   9 nths  3 gpus 9 cpus 38-39,41
0: mpibind: task  10 nths  3 gpus 10 cpus 42-44
0: mpibind: task  11 nths  3 gpus 11 cpus 45-47
0: mpibind: task  12 nths  3 gpus 12 cpus 49-52
0: mpibind: task  13 nths  3 gpus 13 cpus 53-55,57
0: mpibind: task  14 nths  3 gpus 14 cpus 58-61
0: mpibind: task  15 nths  3 gpus 15 cpus 62-63,65
0: mpibind: task  16 nths  3 gpus 16 cpus 66-68
0: mpibind: task  17 nths  3 gpus 17 cpus 69-71
0: mpibind: task  18 nths  3 gpus 18 cpus 73-76
0: mpibind: task  19 nths  3 gpus 19 cpus 77-79,81
0: mpibind: task  20 nths  3 gpus 20 cpus 82-85
0: mpibind: task  21 nths  3 gpus 21 cpus 86-87,89
0: mpibind: task  22 nths  3 gpus 22 cpus 90-92
0: mpibind: task  23 nths  3 gpus 23 cpus 93-95
0: 0.100s: flux-shell[5]: mpibind: 
0: mpibind: task   0 nths  3 gpus 0 cpus 1-4
0: mpibind: task   1 nths  3 gpus 1 cpus 5-7,9
0: mpibind: task   2 nths  3 gpus 2 cpus 10-13
0: mpibind: task   3 nths  3 gpus 3 cpus 14-15,17
0: mpibind: task   4 nths  3 gpus 4 cpus 18-20
0: mpibind: task   5 nths  3 gpus 5 cpus 21-23
0: mpibind: task   6 nths  3 gpus 6 cpus 25-28
0: mpibind: task   7 nths  3 gpus 7 cpus 29-31,33
0: mpibind: task   8 nths  3 gpus 8 cpus 34-37
0: mpibind: task   9 nths  3 gpus 9 cpus 38-39,41
0: mpibind: task  10 nths  3 gpus 10 cpus 42-44
0: mpibind: task  11 nths  3 gpus 11 cpus 45-47
0: mpibind: task  12 nths  3 gpus 12 cpus 49-52
0: mpibind: task  13 nths  3 gpus 13 cpus 53-55,57
0: mpibind: task  14 nths  3 gpus 14 cpus 58-61
0: mpibind: task  15 nths  3 gpus 15 cpus 62-63,65
0: mpibind: task  16 nths  3 gpus 16 cpus 66-68
0: mpibind: task  17 nths  3 gpus 17 cpus 69-71
0: mpibind: task  18 nths  3 gpus 18 cpus 73-76
0: mpibind: task  19 nths  3 gpus 19 cpus 77-79,81
0: mpibind: task  20 nths  3 gpus 20 cpus 82-85
0: mpibind: task  21 nths  3 gpus 21 cpus 86-87,89
0: mpibind: task  22 nths  3 gpus 22 cpus 90-92
0: mpibind: task  23 nths  3 gpus 23 cpus 93-95
0: 0.105s: flux-shell[7]: mpibind: 
0: mpibind: task   0 nths  3 gpus 0 cpus 1-4
0: mpibind: task   1 nths  3 gpus 1 cpus 5-7,9
0: mpibind: task   2 nths  3 gpus 2 cpus 10-13
0: mpibind: task   3 nths  3 gpus 3 cpus 14-15,17
0: mpibind: task   4 nths  3 gpus 4 cpus 18-20
0: mpibind: task   5 nths  3 gpus 5 cpus 21-23
0: mpibind: task   6 nths  3 gpus 6 cpus 25-28
0: mpibind: task   7 nths  3 gpus 7 cpus 29-31,33
0: mpibind: task   8 nths  3 gpus 8 cpus 34-37
0: mpibind: task   9 nths  3 gpus 9 cpus 38-39,41
0: mpibind: task  10 nths  3 gpus 10 cpus 42-44
0: mpibind: task  11 nths  3 gpus 11 cpus 45-47
0: mpibind: task  12 nths  3 gpus 12 cpus 49-52
0: mpibind: task  13 nths  3 gpus 13 cpus 53-55,57
0: mpibind: task  14 nths  3 gpus 14 cpus 58-61
0: mpibind: task  15 nths  3 gpus 15 cpus 62-63,65
0: mpibind: task  16 nths  3 gpus 16 cpus 66-68
0: mpibind: task  17 nths  3 gpus 17 cpus 69-71
0: mpibind: task  18 nths  3 gpus 18 cpus 73-76
0: mpibind: task  19 nths  3 gpus 19 cpus 77-79,81
0: mpibind: task  20 nths  3 gpus 20 cpus 82-85
0: mpibind: task  21 nths  3 gpus 21 cpus 86-87,89
0: mpibind: task  22 nths  3 gpus 22 cpus 90-92
0: mpibind: task  23 nths  3 gpus 23 cpus 93-95
0: 0.106s: flux-shell[12]: mpibind: 
0: mpibind: task   0 nths  3 gpus 0 cpus 1-4
0: mpibind: task   1 nths  3 gpus 1 cpus 5-7,9
0: mpibind: task   2 nths  3 gpus 2 cpus 10-13
0: mpibind: task   3 nths  3 gpus 3 cpus 14-15,17
0: mpibind: task   4 nths  3 gpus 4 cpus 18-20
0: mpibind: task   5 nths  3 gpus 5 cpus 21-23
0: mpibind: task   6 nths  3 gpus 6 cpus 25-28
0: mpibind: task   7 nths  3 gpus 7 cpus 29-31,33
0: mpibind: task   8 nths  3 gpus 8 cpus 34-37
0: mpibind: task   9 nths  3 gpus 9 cpus 38-39,41
0: mpibind: task  10 nths  3 gpus 10 cpus 42-44
0: mpibind: task  11 nths  3 gpus 11 cpus 45-47
0: mpibind: task  12 nths  3 gpus 12 cpus 49-52
0: mpibind: task  13 nths  3 gpus 13 cpus 53-55,57
0: mpibind: task  14 nths  3 gpus 14 cpus 58-61
0: mpibind: task  15 nths  3 gpus 15 cpus 62-63,65
0: mpibind: task  16 nths  3 gpus 16 cpus 66-68
0: mpibind: task  17 nths  3 gpus 17 cpus 69-71
0: mpibind: task  18 nths  3 gpus 18 cpus 73-76
0: mpibind: task  19 nths  3 gpus 19 cpus 77-79,81
0: mpibind: task  20 nths  3 gpus 20 cpus 82-85
0: mpibind: task  21 nths  3 gpus 21 cpus 86-87,89
0: mpibind: task  22 nths  3 gpus 22 cpus 90-92
0: mpibind: task  23 nths  3 gpus 23 cpus 93-95
0: 0.106s: flux-shell[9]: mpibind: 
0: mpibind: task   0 nths  3 gpus 0 cpus 1-4
0: mpibind: task   1 nths  3 gpus 1 cpus 5-7,9
0: mpibind: task   2 nths  3 gpus 2 cpus 10-13
0: mpibind: task   3 nths  3 gpus 3 cpus 14-15,17
0: mpibind: task   4 nths  3 gpus 4 cpus 18-20
0: mpibind: task   5 nths  3 gpus 5 cpus 21-23
0: mpibind: task   6 nths  3 gpus 6 cpus 25-28
0: mpibind: task   7 nths  3 gpus 7 cpus 29-31,33
0: mpibind: task   8 nths  3 gpus 8 cpus 34-37
0: mpibind: task   9 nths  3 gpus 9 cpus 38-39,41
0: mpibind: task  10 nths  3 gpus 10 cpus 42-44
0: mpibind: task  11 nths  3 gpus 11 cpus 45-47
0: mpibind: task  12 nths  3 gpus 12 cpus 49-52
0: mpibind: task  13 nths  3 gpus 13 cpus 53-55,57
0: mpibind: task  14 nths  3 gpus 14 cpus 58-61
0: mpibind: task  15 nths  3 gpus 15 cpus 62-63,65
0: mpibind: task  16 nths  3 gpus 16 cpus 66-68
0: mpibind: task  17 nths  3 gpus 17 cpus 69-71
0: mpibind: task  18 nths  3 gpus 18 cpus 73-76
0: mpibind: task  19 nths  3 gpus 19 cpus 77-79,81
0: mpibind: task  20 nths  3 gpus 20 cpus 82-85
0: mpibind: task  21 nths  3 gpus 21 cpus 86-87,89
0: mpibind: task  22 nths  3 gpus 22 cpus 90-92
0: mpibind: task  23 nths  3 gpus 23 cpus 93-95
0: 0.101s: flux-shell[10]: mpibind: 
0: mpibind: task   0 nths  3 gpus 0 cpus 1-4
0: mpibind: task   1 nths  3 gpus 1 cpus 5-7,9
0: mpibind: task   2 nths  3 gpus 2 cpus 10-13
0: mpibind: task   3 nths  3 gpus 3 cpus 14-15,17
0: mpibind: task   4 nths  3 gpus 4 cpus 18-20
0: mpibind: task   5 nths  3 gpus 5 cpus 21-23
0: mpibind: task   6 nths  3 gpus 6 cpus 25-28
0: mpibind: task   7 nths  3 gpus 7 cpus 29-31,33
0: mpibind: task   8 nths  3 gpus 8 cpus 34-37
0: mpibind: task   9 nths  3 gpus 9 cpus 38-39,41
0: mpibind: task  10 nths  3 gpus 10 cpus 42-44
0: mpibind: task  11 nths  3 gpus 11 cpus 45-47
0: mpibind: task  12 nths  3 gpus 12 cpus 49-52
0: mpibind: task  13 nths  3 gpus 13 cpus 53-55,57
0: mpibind: task  14 nths  3 gpus 14 cpus 58-61
0: mpibind: task  15 nths  3 gpus 15 cpus 62-63,65
0: mpibind: task  16 nths  3 gpus 16 cpus 66-68
0: mpibind: task  17 nths  3 gpus 17 cpus 69-71
0: mpibind: task  18 nths  3 gpus 18 cpus 73-76
0: mpibind: task  19 nths  3 gpus 19 cpus 77-79,81
0: mpibind: task  20 nths  3 gpus 20 cpus 82-85
0: mpibind: task  21 nths  3 gpus 21 cpus 86-87,89
0: mpibind: task  22 nths  3 gpus 22 cpus 90-92
0: mpibind: task  23 nths  3 gpus 23 cpus 93-95
0: 0.106s: flux-shell[13]: mpibind: 
0: mpibind: task   0 nths  3 gpus 0 cpus 1-4
0: mpibind: task   1 nths  3 gpus 1 cpus 5-7,9
0: mpibind: task   2 nths  3 gpus 2 cpus 10-13
0: mpibind: task   3 nths  3 gpus 3 cpus 14-15,17
0: mpibind: task   4 nths  3 gpus 4 cpus 18-20
0: mpibind: task   5 nths  3 gpus 5 cpus 21-23
0: mpibind: task   6 nths  3 gpus 6 cpus 25-28
0: mpibind: task   7 nths  3 gpus 7 cpus 29-31,33
0: mpibind: task   8 nths  3 gpus 8 cpus 34-37
0: mpibind: task   9 nths  3 gpus 9 cpus 38-39,41
0: mpibind: task  10 nths  3 gpus 10 cpus 42-44
0: mpibind: task  11 nths  3 gpus 11 cpus 45-47
0: mpibind: task  12 nths  3 gpus 12 cpus 49-52
0: mpibind: task  13 nths  3 gpus 13 cpus 53-55,57
0: mpibind: task  14 nths  3 gpus 14 cpus 58-61
0: mpibind: task  15 nths  3 gpus 15 cpus 62-63,65
0: mpibind: task  16 nths  3 gpus 16 cpus 66-68
0: mpibind: task  17 nths  3 gpus 17 cpus 69-71
0: mpibind: task  18 nths  3 gpus 18 cpus 73-76
0: mpibind: task  19 nths  3 gpus 19 cpus 77-79,81
0: mpibind: task  20 nths  3 gpus 20 cpus 82-85
0: mpibind: task  21 nths  3 gpus 21 cpus 86-87,89
0: mpibind: task  22 nths  3 gpus 22 cpus 90-92
0: mpibind: task  23 nths  3 gpus 23 cpus 93-95
0: 0.110s: flux-shell[3]: mpibind: 
0: mpibind: task   0 nths  3 gpus 0 cpus 1-4
0: mpibind: task   1 nths  3 gpus 1 cpus 5-7,9
0: mpibind: task   2 nths  3 gpus 2 cpus 10-13
0: mpibind: task   3 nths  3 gpus 3 cpus 14-15,17
0: mpibind: task   4 nths  3 gpus 4 cpus 18-20
0: mpibind: task   5 nths  3 gpus 5 cpus 21-23
0: mpibind: task   6 nths  3 gpus 6 cpus 25-28
0: mpibind: task   7 nths  3 gpus 7 cpus 29-31,33
0: mpibind: task   8 nths  3 gpus 8 cpus 34-37
0: mpibind: task   9 nths  3 gpus 9 cpus 38-39,41
0: mpibind: task  10 nths  3 gpus 10 cpus 42-44
0: mpibind: task  11 nths  3 gpus 11 cpus 45-47
0: mpibind: task  12 nths  3 gpus 12 cpus 49-52
0: mpibind: task  13 nths  3 gpus 13 cpus 53-55,57
0: mpibind: task  14 nths  3 gpus 14 cpus 58-61
0: mpibind: task  15 nths  3 gpus 15 cpus 62-63,65
0: mpibind: task  16 nths  3 gpus 16 cpus 66-68
0: mpibind: task  17 nths  3 gpus 17 cpus 69-71
0: mpibind: task  18 nths  3 gpus 18 cpus 73-76
0: mpibind: task  19 nths  3 gpus 19 cpus 77-79,81
0: mpibind: task  20 nths  3 gpus 20 cpus 82-85
0: mpibind: task  21 nths  3 gpus 21 cpus 86-87,89
0: mpibind: task  22 nths  3 gpus 22 cpus 90-92
0: mpibind: task  23 nths  3 gpus 23 cpus 93-95
0: 0.107s: flux-shell[15]: mpibind: 
0: mpibind: task   0 nths  3 gpus 0 cpus 1-4
0: mpibind: task   1 nths  3 gpus 1 cpus 5-7,9
0: mpibind: task   2 nths  3 gpus 2 cpus 10-13
0: mpibind: task   3 nths  3 gpus 3 cpus 14-15,17
0: mpibind: task   4 nths  3 gpus 4 cpus 18-20
0: mpibind: task   5 nths  3 gpus 5 cpus 21-23
0: mpibind: task   6 nths  3 gpus 6 cpus 25-28
0: mpibind: task   7 nths  3 gpus 7 cpus 29-31,33
0: mpibind: task   8 nths  3 gpus 8 cpus 34-37
0: mpibind: task   9 nths  3 gpus 9 cpus 38-39,41
0: mpibind: task  10 nths  3 gpus 10 cpus 42-44
0: mpibind: task  11 nths  3 gpus 11 cpus 45-47
0: mpibind: task  12 nths  3 gpus 12 cpus 49-52
0: mpibind: task  13 nths  3 gpus 13 cpus 53-55,57
0: mpibind: task  14 nths  3 gpus 14 cpus 58-61
0: mpibind: task  15 nths  3 gpus 15 cpus 62-63,65
0: mpibind: task  16 nths  3 gpus 16 cpus 66-68
0: mpibind: task  17 nths  3 gpus 17 cpus 69-71
0: mpibind: task  18 nths  3 gpus 18 cpus 73-76
0: mpibind: task  19 nths  3 gpus 19 cpus 77-79,81
0: mpibind: task  20 nths  3 gpus 20 cpus 82-85
0: mpibind: task  21 nths  3 gpus 21 cpus 86-87,89
0: mpibind: task  22 nths  3 gpus 22 cpus 90-92
0: mpibind: task  23 nths  3 gpus 23 cpus 93-95
0: 0.109s: flux-shell[14]: mpibind: 
0: mpibind: task   0 nths  3 gpus 0 cpus 1-4
0: mpibind: task   1 nths  3 gpus 1 cpus 5-7,9
0: mpibind: task   2 nths  3 gpus 2 cpus 10-13
0: mpibind: task   3 nths  3 gpus 3 cpus 14-15,17
0: mpibind: task   4 nths  3 gpus 4 cpus 18-20
0: mpibind: task   5 nths  3 gpus 5 cpus 21-23
0: mpibind: task   6 nths  3 gpus 6 cpus 25-28
0: mpibind: task   7 nths  3 gpus 7 cpus 29-31,33
0: mpibind: task   8 nths  3 gpus 8 cpus 34-37
0: mpibind: task   9 nths  3 gpus 9 cpus 38-39,41
0: mpibind: task  10 nths  3 gpus 10 cpus 42-44
0: mpibind: task  11 nths  3 gpus 11 cpus 45-47
0: mpibind: task  12 nths  3 gpus 12 cpus 49-52
0: mpibind: task  13 nths  3 gpus 13 cpus 53-55,57
0: mpibind: task  14 nths  3 gpus 14 cpus 58-61
0: mpibind: task  15 nths  3 gpus 15 cpus 62-63,65
0: mpibind: task  16 nths  3 gpus 16 cpus 66-68
0: mpibind: task  17 nths  3 gpus 17 cpus 69-71
0: mpibind: task  18 nths  3 gpus 18 cpus 73-76
0: mpibind: task  19 nths  3 gpus 19 cpus 77-79,81
0: mpibind: task  20 nths  3 gpus 20 cpus 82-85
0: mpibind: task  21 nths  3 gpus 21 cpus 86-87,89
0: mpibind: task  22 nths  3 gpus 22 cpus 90-92
0: mpibind: task  23 nths  3 gpus 23 cpus 93-95
0: jobid: f3n9UbGRu
0: 0.110s: flux-shell[1]: mpibind: 
0: mpibind: task   0 nths  3 gpus 0 cpus 1-4
0: mpibind: task   1 nths  3 gpus 1 cpus 5-7,9
0: mpibind: task   2 nths  3 gpus 2 cpus 10-13
0: mpibind: task   3 nths  3 gpus 3 cpus 14-15,17
0: mpibind: task   4 nths  3 gpus 4 cpus 18-20
0: mpibind: task   5 nths  3 gpus 5 cpus 21-23
0: mpibind: task   6 nths  3 gpus 6 cpus 25-28
0: mpibind: task   7 nths  3 gpus 7 cpus 29-31,33
0: mpibind: task   8 nths  3 gpus 8 cpus 34-37
0: mpibind: task   9 nths  3 gpus 9 cpus 38-39,41
0: mpibind: task  10 nths  3 gpus 10 cpus 42-44
0: mpibind: task  11 nths  3 gpus 11 cpus 45-47
0: mpibind: task  12 nths  3 gpus 12 cpus 49-52
0: mpibind: task  13 nths  3 gpus 13 cpus 53-55,57
0: mpibind: task  14 nths  3 gpus 14 cpus 58-61
0: mpibind: task  15 nths  3 gpus 15 cpus 62-63,65
0: mpibind: task  16 nths  3 gpus 16 cpus 66-68
0: mpibind: task  17 nths  3 gpus 17 cpus 69-71
0: mpibind: task  18 nths  3 gpus 18 cpus 73-76
0: mpibind: task  19 nths  3 gpus 19 cpus 77-79,81
0: mpibind: task  20 nths  3 gpus 20 cpus 82-85
0: mpibind: task  21 nths  3 gpus 21 cpus 86-87,89
0: mpibind: task  22 nths  3 gpus 22 cpus 90-92
0: mpibind: task  23 nths  3 gpus 23 cpus 93-95
0: 0.198s: flux-shell[2]: mpibind: 
0: mpibind: task   0 nths  3 gpus 0 cpus 1-4
0: mpibind: task   1 nths  3 gpus 1 cpus 5-7,9
0: mpibind: task   2 nths  3 gpus 2 cpus 10-13
0: mpibind: task   3 nths  3 gpus 3 cpus 14-15,17
0: mpibind: task   4 nths  3 gpus 4 cpus 18-20
0: mpibind: task   5 nths  3 gpus 5 cpus 21-23
0: mpibind: task   6 nths  3 gpus 6 cpus 25-28
0: mpibind: task   7 nths  3 gpus 7 cpus 29-31,33
0: mpibind: task   8 nths  3 gpus 8 cpus 34-37
0: mpibind: task   9 nths  3 gpus 9 cpus 38-39,41
0: mpibind: task  10 nths  3 gpus 10 cpus 42-44
0: mpibind: task  11 nths  3 gpus 11 cpus 45-47
0: mpibind: task  12 nths  3 gpus 12 cpus 49-52
0: mpibind: task  13 nths  3 gpus 13 cpus 53-55,57
0: mpibind: task  14 nths  3 gpus 14 cpus 58-61
0: mpibind: task  15 nths  3 gpus 15 cpus 62-63,65
0: mpibind: task  16 nths  3 gpus 16 cpus 66-68
0: mpibind: task  17 nths  3 gpus 17 cpus 69-71
0: mpibind: task  18 nths  3 gpus 18 cpus 73-76
0: mpibind: task  19 nths  3 gpus 19 cpus 77-79,81
0: mpibind: task  20 nths  3 gpus 20 cpus 82-85
0: mpibind: task  21 nths  3 gpus 21 cpus 86-87,89
0: mpibind: task  22 nths  3 gpus 22 cpus 90-92
0: mpibind: task  23 nths  3 gpus 23 cpus 93-95
0: 0.096s: flux-shell[0]: mpibind: 
0: mpibind: task   0 nths  3 gpus 0 cpus 1-4
0: mpibind: task   1 nths  3 gpus 1 cpus 5-7,9
0: mpibind: task   2 nths  3 gpus 2 cpus 10-13
0: mpibind: task   3 nths  3 gpus 3 cpus 14-15,17
0: mpibind: task   4 nths  3 gpus 4 cpus 18-20
0: mpibind: task   5 nths  3 gpus 5 cpus 21-23
0: mpibind: task   6 nths  3 gpus 6 cpus 25-28
0: mpibind: task   7 nths  3 gpus 7 cpus 29-31,33
0: mpibind: task   8 nths  3 gpus 8 cpus 34-37
0: mpibind: task   9 nths  3 gpus 9 cpus 38-39,41
0: mpibind: task  10 nths  3 gpus 10 cpus 42-44
0: mpibind: task  11 nths  3 gpus 11 cpus 45-47
0: mpibind: task  12 nths  3 gpus 12 cpus 49-52
0: mpibind: task  13 nths  3 gpus 13 cpus 53-55,57
0: mpibind: task  14 nths  3 gpus 14 cpus 58-61
0: mpibind: task  15 nths  3 gpus 15 cpus 62-63,65
0: mpibind: task  16 nths  3 gpus 16 cpus 66-68
0: mpibind: task  17 nths  3 gpus 17 cpus 69-71
0: mpibind: task  18 nths  3 gpus 18 cpus 73-76
0: mpibind: task  19 nths  3 gpus 19 cpus 77-79,81
0: mpibind: task  20 nths  3 gpus 20 cpus 82-85
0: mpibind: task  21 nths  3 gpus 21 cpus 86-87,89
0: mpibind: task  22 nths  3 gpus 22 cpus 90-92
0: mpibind: task  23 nths  3 gpus 23 cpus 93-95
0: 0.113s: flux-shell[12]: mpibind: 
0: mpibind: task   0 nths  3 gpus 0 cpus 1-4
0: mpibind: task   1 nths  3 gpus 1 cpus 5-7,9
0: mpibind: task   2 nths  3 gpus 2 cpus 10-13
0: mpibind: task   3 nths  3 gpus 3 cpus 14-15,17
0: mpibind: task   4 nths  3 gpus 4 cpus 18-20
0: mpibind: task   5 nths  3 gpus 5 cpus 21-23
0: mpibind: task   6 nths  3 gpus 6 cpus 25-28
0: mpibind: task   7 nths  3 gpus 7 cpus 29-31,33
0: mpibind: task   8 nths  3 gpus 8 cpus 34-37
0: mpibind: task   9 nths  3 gpus 9 cpus 38-39,41
0: mpibind: task  10 nths  3 gpus 10 cpus 42-44
0: mpibind: task  11 nths  3 gpus 11 cpus 45-47
0: mpibind: task  12 nths  3 gpus 12 cpus 49-52
0: mpibind: task  13 nths  3 gpus 13 cpus 53-55,57
0: mpibind: task  14 nths  3 gpus 14 cpus 58-61
0: mpibind: task  15 nths  3 gpus 15 cpus 62-63,65
0: mpibind: task  16 nths  3 gpus 16 cpus 66-68
0: mpibind: task  17 nths  3 gpus 17 cpus 69-71
0: mpibind: task  18 nths  3 gpus 18 cpus 73-76
0: mpibind: task  19 nths  3 gpus 19 cpus 77-79,81
0: mpibind: task  20 nths  3 gpus 20 cpus 82-85
0: mpibind: task  21 nths  3 gpus 21 cpus 86-87,89
0: mpibind: task  22 nths  3 gpus 22 cpus 90-92
0: mpibind: task  23 nths  3 gpus 23 cpus 93-95
0: 0.114s: flux-shell[13]: mpibind: 
0: mpibind: task   0 nths  3 gpus 0 cpus 1-4
0: mpibind: task   1 nths  3 gpus 1 cpus 5-7,9
0: mpibind: task   2 nths  3 gpus 2 cpus 10-13
0: mpibind: task   3 nths  3 gpus 3 cpus 14-15,17
0: mpibind: task   4 nths  3 gpus 4 cpus 18-20
0: mpibind: task   5 nths  3 gpus 5 cpus 21-23
0: mpibind: task   6 nths  3 gpus 6 cpus 25-28
0: mpibind: task   7 nths  3 gpus 7 cpus 29-31,33
0: mpibind: task   8 nths  3 gpus 8 cpus 34-37
0: mpibind: task   9 nths  3 gpus 9 cpus 38-39,41
0: mpibind: task  10 nths  3 gpus 10 cpus 42-44
0: mpibind: task  11 nths  3 gpus 11 cpus 45-47
0: mpibind: task  12 nths  3 gpus 12 cpus 49-52
0: mpibind: task  13 nths  3 gpus 13 cpus 53-55,57
0: mpibind: task  14 nths  3 gpus 14 cpus 58-61
0: mpibind: task  15 nths  3 gpus 15 cpus 62-63,65
0: mpibind: task  16 nths  3 gpus 16 cpus 66-68
0: mpibind: task  17 nths  3 gpus 17 cpus 69-71
0: mpibind: task  18 nths  3 gpus 18 cpus 73-76
0: mpibind: task  19 nths  3 gpus 19 cpus 77-79,81
0: mpibind: task  20 nths  3 gpus 20 cpus 82-85
0: mpibind: task  21 nths  3 gpus 21 cpus 86-87,89
0: mpibind: task  22 nths  3 gpus 22 cpus 90-92
0: mpibind: task  23 nths  3 gpus 23 cpus 93-95
0: 0.113s: flux-shell[4]: mpibind: 
0: mpibind: task   0 nths  3 gpus 0 cpus 1-4
0: mpibind: task   1 nths  3 gpus 1 cpus 5-7,9
0: mpibind: task   2 nths  3 gpus 2 cpus 10-13
0: mpibind: task   3 nths  3 gpus 3 cpus 14-15,17
0: mpibind: task   4 nths  3 gpus 4 cpus 18-20
0: mpibind: task   5 nths  3 gpus 5 cpus 21-23
0: mpibind: task   6 nths  3 gpus 6 cpus 25-28
0: mpibind: task   7 nths  3 gpus 7 cpus 29-31,33
0: mpibind: task   8 nths  3 gpus 8 cpus 34-37
0: mpibind: task   9 nths  3 gpus 9 cpus 38-39,41
0: mpibind: task  10 nths  3 gpus 10 cpus 42-44
0: mpibind: task  11 nths  3 gpus 11 cpus 45-47
0: mpibind: task  12 nths  3 gpus 12 cpus 49-52
0: mpibind: task  13 nths  3 gpus 13 cpus 53-55,57
0: mpibind: task  14 nths  3 gpus 14 cpus 58-61
0: mpibind: task  15 nths  3 gpus 15 cpus 62-63,65
0: mpibind: task  16 nths  3 gpus 16 cpus 66-68
0: mpibind: task  17 nths  3 gpus 17 cpus 69-71
0: mpibind: task  18 nths  3 gpus 18 cpus 73-76
0: mpibind: task  19 nths  3 gpus 19 cpus 77-79,81
0: mpibind: task  20 nths  3 gpus 20 cpus 82-85
0: mpibind: task  21 nths  3 gpus 21 cpus 86-87,89
0: mpibind: task  22 nths  3 gpus 22 cpus 90-92
0: mpibind: task  23 nths  3 gpus 23 cpus 93-95
0: 0.109s: flux-shell[5]: mpibind: 
0: mpibind: task   0 nths  3 gpus 0 cpus 1-4
0: mpibind: task   1 nths  3 gpus 1 cpus 5-7,9
0: mpibind: task   2 nths  3 gpus 2 cpus 10-13
0: mpibind: task   3 nths  3 gpus 3 cpus 14-15,17
0: mpibind: task   4 nths  3 gpus 4 cpus 18-20
0: mpibind: task   5 nths  3 gpus 5 cpus 21-23
0: mpibind: task   6 nths  3 gpus 6 cpus 25-28
0: mpibind: task   7 nths  3 gpus 7 cpus 29-31,33
0: mpibind: task   8 nths  3 gpus 8 cpus 34-37
0: mpibind: task   9 nths  3 gpus 9 cpus 38-39,41
0: mpibind: task  10 nths  3 gpus 10 cpus 42-44
0: mpibind: task  11 nths  3 gpus 11 cpus 45-47
0: mpibind: task  12 nths  3 gpus 12 cpus 49-52
0: mpibind: task  13 nths  3 gpus 13 cpus 53-55,57
0: mpibind: task  14 nths  3 gpus 14 cpus 58-61
0: mpibind: task  15 nths  3 gpus 15 cpus 62-63,65
0: mpibind: task  16 nths  3 gpus 16 cpus 66-68
0: mpibind: task  17 nths  3 gpus 17 cpus 69-71
0: mpibind: task  18 nths  3 gpus 18 cpus 73-76
0: mpibind: task  19 nths  3 gpus 19 cpus 77-79,81
0: mpibind: task  20 nths  3 gpus 20 cpus 82-85
0: mpibind: task  21 nths  3 gpus 21 cpus 86-87,89
0: mpibind: task  22 nths  3 gpus 22 cpus 90-92
0: mpibind: task  23 nths  3 gpus 23 cpus 93-95
0: 0.112s: flux-shell[6]: mpibind: 
0: mpibind: task   0 nths  3 gpus 0 cpus 1-4
0: mpibind: task   1 nths  3 gpus 1 cpus 5-7,9
0: mpibind: task   2 nths  3 gpus 2 cpus 10-13
0: mpibind: task   3 nths  3 gpus 3 cpus 14-15,17
0: mpibind: task   4 nths  3 gpus 4 cpus 18-20
0: mpibind: task   5 nths  3 gpus 5 cpus 21-23
0: mpibind: task   6 nths  3 gpus 6 cpus 25-28
0: mpibind: task   7 nths  3 gpus 7 cpus 29-31,33
0: mpibind: task   8 nths  3 gpus 8 cpus 34-37
0: mpibind: task   9 nths  3 gpus 9 cpus 38-39,41
0: mpibind: task  10 nths  3 gpus 10 cpus 42-44
0: mpibind: task  11 nths  3 gpus 11 cpus 45-47
0: mpibind: task  12 nths  3 gpus 12 cpus 49-52
0: mpibind: task  13 nths  3 gpus 13 cpus 53-55,57
0: mpibind: task  14 nths  3 gpus 14 cpus 58-61
0: mpibind: task  15 nths  3 gpus 15 cpus 62-63,65
0: mpibind: task  16 nths  3 gpus 16 cpus 66-68
0: mpibind: task  17 nths  3 gpus 17 cpus 69-71
0: mpibind: task  18 nths  3 gpus 18 cpus 73-76
0: mpibind: task  19 nths  3 gpus 19 cpus 77-79,81
0: mpibind: task  20 nths  3 gpus 20 cpus 82-85
0: mpibind: task  21 nths  3 gpus 21 cpus 86-87,89
0: mpibind: task  22 nths  3 gpus 22 cpus 90-92
0: mpibind: task  23 nths  3 gpus 23 cpus 93-95
0: 0.110s: flux-shell[7]: mpibind: 
0: mpibind: task   0 nths  3 gpus 0 cpus 1-4
0: mpibind: task   1 nths  3 gpus 1 cpus 5-7,9
0: mpibind: task   2 nths  3 gpus 2 cpus 10-13
0: mpibind: task   3 nths  3 gpus 3 cpus 14-15,17
0: mpibind: task   4 nths  3 gpus 4 cpus 18-20
0: mpibind: task   5 nths  3 gpus 5 cpus 21-23
0: mpibind: task   6 nths  3 gpus 6 cpus 25-28
0: mpibind: task   7 nths  3 gpus 7 cpus 29-31,33
0: mpibind: task   8 nths  3 gpus 8 cpus 34-37
0: mpibind: task   9 nths  3 gpus 9 cpus 38-39,41
0: mpibind: task  10 nths  3 gpus 10 cpus 42-44
0: mpibind: task  11 nths  3 gpus 11 cpus 45-47
0: mpibind: task  12 nths  3 gpus 12 cpus 49-52
0: mpibind: task  13 nths  3 gpus 13 cpus 53-55,57
0: mpibind: task  14 nths  3 gpus 14 cpus 58-61
0: mpibind: task  15 nths  3 gpus 15 cpus 62-63,65
0: mpibind: task  16 nths  3 gpus 16 cpus 66-68
0: mpibind: task  17 nths  3 gpus 17 cpus 69-71
0: mpibind: task  18 nths  3 gpus 18 cpus 73-76
0: mpibind: task  19 nths  3 gpus 19 cpus 77-79,81
0: mpibind: task  20 nths  3 gpus 20 cpus 82-85
0: mpibind: task  21 nths  3 gpus 21 cpus 86-87,89
0: mpibind: task  22 nths  3 gpus 22 cpus 90-92
0: mpibind: task  23 nths  3 gpus 23 cpus 93-95
0: 0.111s: flux-shell[8]: mpibind: 
0: mpibind: task   0 nths  3 gpus 0 cpus 1-4
0: mpibind: task   1 nths  3 gpus 1 cpus 5-7,9
0: mpibind: task   2 nths  3 gpus 2 cpus 10-13
0: mpibind: task   3 nths  3 gpus 3 cpus 14-15,17
0: mpibind: task   4 nths  3 gpus 4 cpus 18-20
0: mpibind: task   5 nths  3 gpus 5 cpus 21-23
0: mpibind: task   6 nths  3 gpus 6 cpus 25-28
0: mpibind: task   7 nths  3 gpus 7 cpus 29-31,33
0: mpibind: task   8 nths  3 gpus 8 cpus 34-37
0: mpibind: task   9 nths  3 gpus 9 cpus 38-39,41
0: mpibind: task  10 nths  3 gpus 10 cpus 42-44
0: mpibind: task  11 nths  3 gpus 11 cpus 45-47
0: mpibind: task  12 nths  3 gpus 12 cpus 49-52
0: mpibind: task  13 nths  3 gpus 13 cpus 53-55,57
0: mpibind: task  14 nths  3 gpus 14 cpus 58-61
0: mpibind: task  15 nths  3 gpus 15 cpus 62-63,65
0: mpibind: task  16 nths  3 gpus 16 cpus 66-68
0: mpibind: task  17 nths  3 gpus 17 cpus 69-71
0: mpibind: task  18 nths  3 gpus 18 cpus 73-76
0: mpibind: task  19 nths  3 gpus 19 cpus 77-79,81
0: mpibind: task  20 nths  3 gpus 20 cpus 82-85
0: mpibind: task  21 nths  3 gpus 21 cpus 86-87,89
0: mpibind: task  22 nths  3 gpus 22 cpus 90-92
0: mpibind: task  23 nths  3 gpus 23 cpus 93-95
0: 0.116s: flux-shell[11]: mpibind: 
0: mpibind: task   0 nths  3 gpus 0 cpus 1-4
0: mpibind: task   1 nths  3 gpus 1 cpus 5-7,9
0: mpibind: task   2 nths  3 gpus 2 cpus 10-13
0: mpibind: task   3 nths  3 gpus 3 cpus 14-15,17
0: mpibind: task   4 nths  3 gpus 4 cpus 18-20
0: mpibind: task   5 nths  3 gpus 5 cpus 21-23
0: mpibind: task   6 nths  3 gpus 6 cpus 25-28
0: mpibind: task   7 nths  3 gpus 7 cpus 29-31,33
0: mpibind: task   8 nths  3 gpus 8 cpus 34-37
0: mpibind: task   9 nths  3 gpus 9 cpus 38-39,41
0: mpibind: task  10 nths  3 gpus 10 cpus 42-44
0: mpibind: task  11 nths  3 gpus 11 cpus 45-47
0: mpibind: task  12 nths  3 gpus 12 cpus 49-52
0: mpibind: task  13 nths  3 gpus 13 cpus 53-55,57
0: mpibind: task  14 nths  3 gpus 14 cpus 58-61
0: mpibind: task  15 nths  3 gpus 15 cpus 62-63,65
0: mpibind: task  16 nths  3 gpus 16 cpus 66-68
0: mpibind: task  17 nths  3 gpus 17 cpus 69-71
0: mpibind: task  18 nths  3 gpus 18 cpus 73-76
0: mpibind: task  19 nths  3 gpus 19 cpus 77-79,81
0: mpibind: task  20 nths  3 gpus 20 cpus 82-85
0: mpibind: task  21 nths  3 gpus 21 cpus 86-87,89
0: mpibind: task  22 nths  3 gpus 22 cpus 90-92
0: mpibind: task  23 nths  3 gpus 23 cpus 93-95
0: 0.114s: flux-shell[9]: mpibind: 
0: mpibind: task   0 nths  3 gpus 0 cpus 1-4
0: mpibind: task   1 nths  3 gpus 1 cpus 5-7,9
0: mpibind: task   2 nths  3 gpus 2 cpus 10-13
0: mpibind: task   3 nths  3 gpus 3 cpus 14-15,17
0: mpibind: task   4 nths  3 gpus 4 cpus 18-20
0: mpibind: task   5 nths  3 gpus 5 cpus 21-23
0: mpibind: task   6 nths  3 gpus 6 cpus 25-28
0: mpibind: task   7 nths  3 gpus 7 cpus 29-31,33
0: mpibind: task   8 nths  3 gpus 8 cpus 34-37
0: mpibind: task   9 nths  3 gpus 9 cpus 38-39,41
0: mpibind: task  10 nths  3 gpus 10 cpus 42-44
0: mpibind: task  11 nths  3 gpus 11 cpus 45-47
0: mpibind: task  12 nths  3 gpus 12 cpus 49-52
0: mpibind: task  13 nths  3 gpus 13 cpus 53-55,57
0: mpibind: task  14 nths  3 gpus 14 cpus 58-61
0: mpibind: task  15 nths  3 gpus 15 cpus 62-63,65
0: mpibind: task  16 nths  3 gpus 16 cpus 66-68
0: mpibind: task  17 nths  3 gpus 17 cpus 69-71
0: mpibind: task  18 nths  3 gpus 18 cpus 73-76
0: mpibind: task  19 nths  3 gpus 19 cpus 77-79,81
0: mpibind: task  20 nths  3 gpus 20 cpus 82-85
0: mpibind: task  21 nths  3 gpus 21 cpus 86-87,89
0: mpibind: task  22 nths  3 gpus 22 cpus 90-92
0: mpibind: task  23 nths  3 gpus 23 cpus 93-95
0: 0.115s: flux-shell[10]: mpibind: 
0: mpibind: task   0 nths  3 gpus 0 cpus 1-4
0: mpibind: task   1 nths  3 gpus 1 cpus 5-7,9
0: mpibind: task   2 nths  3 gpus 2 cpus 10-13
0: mpibind: task   3 nths  3 gpus 3 cpus 14-15,17
0: mpibind: task   4 nths  3 gpus 4 cpus 18-20
0: mpibind: task   5 nths  3 gpus 5 cpus 21-23
0: mpibind: task   6 nths  3 gpus 6 cpus 25-28
0: mpibind: task   7 nths  3 gpus 7 cpus 29-31,33
0: mpibind: task   8 nths  3 gpus 8 cpus 34-37
0: mpibind: task   9 nths  3 gpus 9 cpus 38-39,41
0: mpibind: task  10 nths  3 gpus 10 cpus 42-44
0: mpibind: task  11 nths  3 gpus 11 cpus 45-47
0: mpibind: task  12 nths  3 gpus 12 cpus 49-52
0: mpibind: task  13 nths  3 gpus 13 cpus 53-55,57
0: mpibind: task  14 nths  3 gpus 14 cpus 58-61
0: mpibind: task  15 nths  3 gpus 15 cpus 62-63,65
0: mpibind: task  16 nths  3 gpus 16 cpus 66-68
0: mpibind: task  17 nths  3 gpus 17 cpus 69-71
0: mpibind: task  18 nths  3 gpus 18 cpus 73-76
0: mpibind: task  19 nths  3 gpus 19 cpus 77-79,81
0: mpibind: task  20 nths  3 gpus 20 cpus 82-85
0: mpibind: task  21 nths  3 gpus 21 cpus 86-87,89
0: mpibind: task  22 nths  3 gpus 22 cpus 90-92
0: mpibind: task  23 nths  3 gpus 23 cpus 93-95
0: 0.108s: flux-shell[3]: mpibind: 
0: mpibind: task   0 nths  3 gpus 0 cpus 1-4
0: mpibind: task   1 nths  3 gpus 1 cpus 5-7,9
0: mpibind: task   2 nths  3 gpus 2 cpus 10-13
0: mpibind: task   3 nths  3 gpus 3 cpus 14-15,17
0: mpibind: task   4 nths  3 gpus 4 cpus 18-20
0: mpibind: task   5 nths  3 gpus 5 cpus 21-23
0: mpibind: task   6 nths  3 gpus 6 cpus 25-28
0: mpibind: task   7 nths  3 gpus 7 cpus 29-31,33
0: mpibind: task   8 nths  3 gpus 8 cpus 34-37
0: mpibind: task   9 nths  3 gpus 9 cpus 38-39,41
0: mpibind: task  10 nths  3 gpus 10 cpus 42-44
0: mpibind: task  11 nths  3 gpus 11 cpus 45-47
0: mpibind: task  12 nths  3 gpus 12 cpus 49-52
0: mpibind: task  13 nths  3 gpus 13 cpus 53-55,57
0: mpibind: task  14 nths  3 gpus 14 cpus 58-61
0: mpibind: task  15 nths  3 gpus 15 cpus 62-63,65
0: mpibind: task  16 nths  3 gpus 16 cpus 66-68
0: mpibind: task  17 nths  3 gpus 17 cpus 69-71
0: mpibind: task  18 nths  3 gpus 18 cpus 73-76
0: mpibind: task  19 nths  3 gpus 19 cpus 77-79,81
0: mpibind: task  20 nths  3 gpus 20 cpus 82-85
0: mpibind: task  21 nths  3 gpus 21 cpus 86-87,89
0: mpibind: task  22 nths  3 gpus 22 cpus 90-92
0: mpibind: task  23 nths  3 gpus 23 cpus 93-95
0: 0.113s: flux-shell[15]: mpibind: 
0: mpibind: task   0 nths  3 gpus 0 cpus 1-4
0: mpibind: task   1 nths  3 gpus 1 cpus 5-7,9
0: mpibind: task   2 nths  3 gpus 2 cpus 10-13
0: mpibind: task   3 nths  3 gpus 3 cpus 14-15,17
0: mpibind: task   4 nths  3 gpus 4 cpus 18-20
0: mpibind: task   5 nths  3 gpus 5 cpus 21-23
0: mpibind: task   6 nths  3 gpus 6 cpus 25-28
0: mpibind: task   7 nths  3 gpus 7 cpus 29-31,33
0: mpibind: task   8 nths  3 gpus 8 cpus 34-37
0: mpibind: task   9 nths  3 gpus 9 cpus 38-39,41
0: mpibind: task  10 nths  3 gpus 10 cpus 42-44
0: mpibind: task  11 nths  3 gpus 11 cpus 45-47
0: mpibind: task  12 nths  3 gpus 12 cpus 49-52
0: mpibind: task  13 nths  3 gpus 13 cpus 53-55,57
0: mpibind: task  14 nths  3 gpus 14 cpus 58-61
0: mpibind: task  15 nths  3 gpus 15 cpus 62-63,65
0: mpibind: task  16 nths  3 gpus 16 cpus 66-68
0: mpibind: task  17 nths  3 gpus 17 cpus 69-71
0: mpibind: task  18 nths  3 gpus 18 cpus 73-76
0: mpibind: task  19 nths  3 gpus 19 cpus 77-79,81
0: mpibind: task  20 nths  3 gpus 20 cpus 82-85
0: mpibind: task  21 nths  3 gpus 21 cpus 86-87,89
0: mpibind: task  22 nths  3 gpus 22 cpus 90-92
0: mpibind: task  23 nths  3 gpus 23 cpus 93-95
0: 0.111s: flux-shell[14]: mpibind: 
0: mpibind: task   0 nths  3 gpus 0 cpus 1-4
0: mpibind: task   1 nths  3 gpus 1 cpus 5-7,9
0: mpibind: task   2 nths  3 gpus 2 cpus 10-13
0: mpibind: task   3 nths  3 gpus 3 cpus 14-15,17
0: mpibind: task   4 nths  3 gpus 4 cpus 18-20
0: mpibind: task   5 nths  3 gpus 5 cpus 21-23
0: mpibind: task   6 nths  3 gpus 6 cpus 25-28
0: mpibind: task   7 nths  3 gpus 7 cpus 29-31,33
0: mpibind: task   8 nths  3 gpus 8 cpus 34-37
0: mpibind: task   9 nths  3 gpus 9 cpus 38-39,41
0: mpibind: task  10 nths  3 gpus 10 cpus 42-44
0: mpibind: task  11 nths  3 gpus 11 cpus 45-47
0: mpibind: task  12 nths  3 gpus 12 cpus 49-52
0: mpibind: task  13 nths  3 gpus 13 cpus 53-55,57
0: mpibind: task  14 nths  3 gpus 14 cpus 58-61
0: mpibind: task  15 nths  3 gpus 15 cpus 62-63,65
0: mpibind: task  16 nths  3 gpus 16 cpus 66-68
0: mpibind: task  17 nths  3 gpus 17 cpus 69-71
0: mpibind: task  18 nths  3 gpus 18 cpus 73-76
0: mpibind: task  19 nths  3 gpus 19 cpus 77-79,81
0: mpibind: task  20 nths  3 gpus 20 cpus 82-85
0: mpibind: task  21 nths  3 gpus 21 cpus 86-87,89
0: mpibind: task  22 nths  3 gpus 22 cpus 90-92
0: mpibind: task  23 nths  3 gpus 23 cpus 93-95
0: jobid: f3wL6PFT5
0: 0.104s: flux-shell[1]: mpibind: 
0: mpibind: task   0 nths  3 gpus 0 cpus 1-4
0: mpibind: task   1 nths  3 gpus 1 cpus 5-7,9
0: mpibind: task   2 nths  3 gpus 2 cpus 10-13
0: mpibind: task   3 nths  3 gpus 3 cpus 14-15,17
0: mpibind: task   4 nths  3 gpus 4 cpus 18-20
0: mpibind: task   5 nths  3 gpus 5 cpus 21-23
0: mpibind: task   6 nths  3 gpus 6 cpus 25-28
0: mpibind: task   7 nths  3 gpus 7 cpus 29-31,33
0: mpibind: task   8 nths  3 gpus 8 cpus 34-37
0: mpibind: task   9 nths  3 gpus 9 cpus 38-39,41
0: mpibind: task  10 nths  3 gpus 10 cpus 42-44
0: mpibind: task  11 nths  3 gpus 11 cpus 45-47
0: mpibind: task  12 nths  3 gpus 12 cpus 49-52
0: mpibind: task  13 nths  3 gpus 13 cpus 53-55,57
0: mpibind: task  14 nths  3 gpus 14 cpus 58-61
0: mpibind: task  15 nths  3 gpus 15 cpus 62-63,65
0: mpibind: task  16 nths  3 gpus 16 cpus 66-68
0: mpibind: task  17 nths  3 gpus 17 cpus 69-71
0: mpibind: task  18 nths  3 gpus 18 cpus 73-76
0: mpibind: task  19 nths  3 gpus 19 cpus 77-79,81
0: mpibind: task  20 nths  3 gpus 20 cpus 82-85
0: mpibind: task  21 nths  3 gpus 21 cpus 86-87,89
0: mpibind: task  22 nths  3 gpus 22 cpus 90-92
0: mpibind: task  23 nths  3 gpus 23 cpus 93-95
0: 0.099s: flux-shell[2]: mpibind: 
0: mpibind: task   0 nths  3 gpus 0 cpus 1-4
0: mpibind: task   1 nths  3 gpus 1 cpus 5-7,9
0: mpibind: task   2 nths  3 gpus 2 cpus 10-13
0: mpibind: task   3 nths  3 gpus 3 cpus 14-15,17
0: mpibind: task   4 nths  3 gpus 4 cpus 18-20
0: mpibind: task   5 nths  3 gpus 5 cpus 21-23
0: mpibind: task   6 nths  3 gpus 6 cpus 25-28
0: mpibind: task   7 nths  3 gpus 7 cpus 29-31,33
0: mpibind: task   8 nths  3 gpus 8 cpus 34-37
0: mpibind: task   9 nths  3 gpus 9 cpus 38-39,41
0: mpibind: task  10 nths  3 gpus 10 cpus 42-44
0: mpibind: task  11 nths  3 gpus 11 cpus 45-47
0: mpibind: task  12 nths  3 gpus 12 cpus 49-52
0: mpibind: task  13 nths  3 gpus 13 cpus 53-55,57
0: mpibind: task  14 nths  3 gpus 14 cpus 58-61
0: mpibind: task  15 nths  3 gpus 15 cpus 62-63,65
0: mpibind: task  16 nths  3 gpus 16 cpus 66-68
0: mpibind: task  17 nths  3 gpus 17 cpus 69-71
0: mpibind: task  18 nths  3 gpus 18 cpus 73-76
0: mpibind: task  19 nths  3 gpus 19 cpus 77-79,81
0: mpibind: task  20 nths  3 gpus 20 cpus 82-85
0: mpibind: task  21 nths  3 gpus 21 cpus 86-87,89
0: mpibind: task  22 nths  3 gpus 22 cpus 90-92
0: mpibind: task  23 nths  3 gpus 23 cpus 93-95
0: 0.103s: flux-shell[8]: mpibind: 
0: mpibind: task   0 nths  3 gpus 0 cpus 1-4
0: mpibind: task   1 nths  3 gpus 1 cpus 5-7,9
0: mpibind: task   2 nths  3 gpus 2 cpus 10-13
0: mpibind: task   3 nths  3 gpus 3 cpus 14-15,17
0: mpibind: task   4 nths  3 gpus 4 cpus 18-20
0: mpibind: task   5 nths  3 gpus 5 cpus 21-23
0: mpibind: task   6 nths  3 gpus 6 cpus 25-28
0: mpibind: task   7 nths  3 gpus 7 cpus 29-31,33
0: mpibind: task   8 nths  3 gpus 8 cpus 34-37
0: mpibind: task   9 nths  3 gpus 9 cpus 38-39,41
0: mpibind: task  10 nths  3 gpus 10 cpus 42-44
0: mpibind: task  11 nths  3 gpus 11 cpus 45-47
0: mpibind: task  12 nths  3 gpus 12 cpus 49-52
0: mpibind: task  13 nths  3 gpus 13 cpus 53-55,57
0: mpibind: task  14 nths  3 gpus 14 cpus 58-61
0: mpibind: task  15 nths  3 gpus 15 cpus 62-63,65
0: mpibind: task  16 nths  3 gpus 16 cpus 66-68
0: mpibind: task  17 nths  3 gpus 17 cpus 69-71
0: mpibind: task  18 nths  3 gpus 18 cpus 73-76
0: mpibind: task  19 nths  3 gpus 19 cpus 77-79,81
0: mpibind: task  20 nths  3 gpus 20 cpus 82-85
0: mpibind: task  21 nths  3 gpus 21 cpus 86-87,89
0: mpibind: task  22 nths  3 gpus 22 cpus 90-92
0: mpibind: task  23 nths  3 gpus 23 cpus 93-95
0: 0.097s: flux-shell[0]: mpibind: 
0: mpibind: task   0 nths  3 gpus 0 cpus 1-4
0: mpibind: task   1 nths  3 gpus 1 cpus 5-7,9
0: mpibind: task   2 nths  3 gpus 2 cpus 10-13
0: mpibind: task   3 nths  3 gpus 3 cpus 14-15,17
0: mpibind: task   4 nths  3 gpus 4 cpus 18-20
0: mpibind: task   5 nths  3 gpus 5 cpus 21-23
0: mpibind: task   6 nths  3 gpus 6 cpus 25-28
0: mpibind: task   7 nths  3 gpus 7 cpus 29-31,33
0: mpibind: task   8 nths  3 gpus 8 cpus 34-37
0: mpibind: task   9 nths  3 gpus 9 cpus 38-39,41
0: mpibind: task  10 nths  3 gpus 10 cpus 42-44
0: mpibind: task  11 nths  3 gpus 11 cpus 45-47
0: mpibind: task  12 nths  3 gpus 12 cpus 49-52
0: mpibind: task  13 nths  3 gpus 13 cpus 53-55,57
0: mpibind: task  14 nths  3 gpus 14 cpus 58-61
0: mpibind: task  15 nths  3 gpus 15 cpus 62-63,65
0: mpibind: task  16 nths  3 gpus 16 cpus 66-68
0: mpibind: task  17 nths  3 gpus 17 cpus 69-71
0: mpibind: task  18 nths  3 gpus 18 cpus 73-76
0: mpibind: task  19 nths  3 gpus 19 cpus 77-79,81
0: mpibind: task  20 nths  3 gpus 20 cpus 82-85
0: mpibind: task  21 nths  3 gpus 21 cpus 86-87,89
0: mpibind: task  22 nths  3 gpus 22 cpus 90-92
0: mpibind: task  23 nths  3 gpus 23 cpus 93-95
0: 0.099s: flux-shell[10]: mpibind: 
0: mpibind: task   0 nths  3 gpus 0 cpus 1-4
0: mpibind: task   1 nths  3 gpus 1 cpus 5-7,9
0: mpibind: task   2 nths  3 gpus 2 cpus 10-13
0: mpibind: task   3 nths  3 gpus 3 cpus 14-15,17
0: mpibind: task   4 nths  3 gpus 4 cpus 18-20
0: mpibind: task   5 nths  3 gpus 5 cpus 21-23
0: mpibind: task   6 nths  3 gpus 6 cpus 25-28
0: mpibind: task   7 nths  3 gpus 7 cpus 29-31,33
0: mpibind: task   8 nths  3 gpus 8 cpus 34-37
0: mpibind: task   9 nths  3 gpus 9 cpus 38-39,41
0: mpibind: task  10 nths  3 gpus 10 cpus 42-44
0: mpibind: task  11 nths  3 gpus 11 cpus 45-47
0: mpibind: task  12 nths  3 gpus 12 cpus 49-52
0: mpibind: task  13 nths  3 gpus 13 cpus 53-55,57
0: mpibind: task  14 nths  3 gpus 14 cpus 58-61
0: mpibind: task  15 nths  3 gpus 15 cpus 62-63,65
0: mpibind: task  16 nths  3 gpus 16 cpus 66-68
0: mpibind: task  17 nths  3 gpus 17 cpus 69-71
0: mpibind: task  18 nths  3 gpus 18 cpus 73-76
0: mpibind: task  19 nths  3 gpus 19 cpus 77-79,81
0: mpibind: task  20 nths  3 gpus 20 cpus 82-85
0: mpibind: task  21 nths  3 gpus 21 cpus 86-87,89
0: mpibind: task  22 nths  3 gpus 22 cpus 90-92
0: mpibind: task  23 nths  3 gpus 23 cpus 93-95
0: 0.101s: flux-shell[4]: mpibind: 
0: mpibind: task   0 nths  3 gpus 0 cpus 1-4
0: mpibind: task   1 nths  3 gpus 1 cpus 5-7,9
0: mpibind: task   2 nths  3 gpus 2 cpus 10-13
0: mpibind: task   3 nths  3 gpus 3 cpus 14-15,17
0: mpibind: task   4 nths  3 gpus 4 cpus 18-20
0: mpibind: task   5 nths  3 gpus 5 cpus 21-23
0: mpibind: task   6 nths  3 gpus 6 cpus 25-28
0: mpibind: task   7 nths  3 gpus 7 cpus 29-31,33
0: mpibind: task   8 nths  3 gpus 8 cpus 34-37
0: mpibind: task   9 nths  3 gpus 9 cpus 38-39,41
0: mpibind: task  10 nths  3 gpus 10 cpus 42-44
0: mpibind: task  11 nths  3 gpus 11 cpus 45-47
0: mpibind: task  12 nths  3 gpus 12 cpus 49-52
0: mpibind: task  13 nths  3 gpus 13 cpus 53-55,57
0: mpibind: task  14 nths  3 gpus 14 cpus 58-61
0: mpibind: task  15 nths  3 gpus 15 cpus 62-63,65
0: mpibind: task  16 nths  3 gpus 16 cpus 66-68
0: mpibind: task  17 nths  3 gpus 17 cpus 69-71
0: mpibind: task  18 nths  3 gpus 18 cpus 73-76
0: mpibind: task  19 nths  3 gpus 19 cpus 77-79,81
0: mpibind: task  20 nths  3 gpus 20 cpus 82-85
0: mpibind: task  21 nths  3 gpus 21 cpus 86-87,89
0: mpibind: task  22 nths  3 gpus 22 cpus 90-92
0: mpibind: task  23 nths  3 gpus 23 cpus 93-95
0: 0.100s: flux-shell[6]: mpibind: 
0: mpibind: task   0 nths  3 gpus 0 cpus 1-4
0: mpibind: task   1 nths  3 gpus 1 cpus 5-7,9
0: mpibind: task   2 nths  3 gpus 2 cpus 10-13
0: mpibind: task   3 nths  3 gpus 3 cpus 14-15,17
0: mpibind: task   4 nths  3 gpus 4 cpus 18-20
0: mpibind: task   5 nths  3 gpus 5 cpus 21-23
0: mpibind: task   6 nths  3 gpus 6 cpus 25-28
0: mpibind: task   7 nths  3 gpus 7 cpus 29-31,33
0: mpibind: task   8 nths  3 gpus 8 cpus 34-37
0: mpibind: task   9 nths  3 gpus 9 cpus 38-39,41
0: mpibind: task  10 nths  3 gpus 10 cpus 42-44
0: mpibind: task  11 nths  3 gpus 11 cpus 45-47
0: mpibind: task  12 nths  3 gpus 12 cpus 49-52
0: mpibind: task  13 nths  3 gpus 13 cpus 53-55,57
0: mpibind: task  14 nths  3 gpus 14 cpus 58-61
0: mpibind: task  15 nths  3 gpus 15 cpus 62-63,65
0: mpibind: task  16 nths  3 gpus 16 cpus 66-68
0: mpibind: task  17 nths  3 gpus 17 cpus 69-71
0: mpibind: task  18 nths  3 gpus 18 cpus 73-76
0: mpibind: task  19 nths  3 gpus 19 cpus 77-79,81
0: mpibind: task  20 nths  3 gpus 20 cpus 82-85
0: mpibind: task  21 nths  3 gpus 21 cpus 86-87,89
0: mpibind: task  22 nths  3 gpus 22 cpus 90-92
0: mpibind: task  23 nths  3 gpus 23 cpus 93-95
0: 0.102s: flux-shell[5]: mpibind: 
0: mpibind: task   0 nths  3 gpus 0 cpus 1-4
0: mpibind: task   1 nths  3 gpus 1 cpus 5-7,9
0: mpibind: task   2 nths  3 gpus 2 cpus 10-13
0: mpibind: task   3 nths  3 gpus 3 cpus 14-15,17
0: mpibind: task   4 nths  3 gpus 4 cpus 18-20
0: mpibind: task   5 nths  3 gpus 5 cpus 21-23
0: mpibind: task   6 nths  3 gpus 6 cpus 25-28
0: mpibind: task   7 nths  3 gpus 7 cpus 29-31,33
0: mpibind: task   8 nths  3 gpus 8 cpus 34-37
0: mpibind: task   9 nths  3 gpus 9 cpus 38-39,41
0: mpibind: task  10 nths  3 gpus 10 cpus 42-44
0: mpibind: task  11 nths  3 gpus 11 cpus 45-47
0: mpibind: task  12 nths  3 gpus 12 cpus 49-52
0: mpibind: task  13 nths  3 gpus 13 cpus 53-55,57
0: mpibind: task  14 nths  3 gpus 14 cpus 58-61
0: mpibind: task  15 nths  3 gpus 15 cpus 62-63,65
0: mpibind: task  16 nths  3 gpus 16 cpus 66-68
0: mpibind: task  17 nths  3 gpus 17 cpus 69-71
0: mpibind: task  18 nths  3 gpus 18 cpus 73-76
0: mpibind: task  19 nths  3 gpus 19 cpus 77-79,81
0: mpibind: task  20 nths  3 gpus 20 cpus 82-85
0: mpibind: task  21 nths  3 gpus 21 cpus 86-87,89
0: mpibind: task  22 nths  3 gpus 22 cpus 90-92
0: mpibind: task  23 nths  3 gpus 23 cpus 93-95
0: 0.107s: flux-shell[7]: mpibind: 
0: mpibind: task   0 nths  3 gpus 0 cpus 1-4
0: mpibind: task   1 nths  3 gpus 1 cpus 5-7,9
0: mpibind: task   2 nths  3 gpus 2 cpus 10-13
0: mpibind: task   3 nths  3 gpus 3 cpus 14-15,17
0: mpibind: task   4 nths  3 gpus 4 cpus 18-20
0: mpibind: task   5 nths  3 gpus 5 cpus 21-23
0: mpibind: task   6 nths  3 gpus 6 cpus 25-28
0: mpibind: task   7 nths  3 gpus 7 cpus 29-31,33
0: mpibind: task   8 nths  3 gpus 8 cpus 34-37
0: mpibind: task   9 nths  3 gpus 9 cpus 38-39,41
0: mpibind: task  10 nths  3 gpus 10 cpus 42-44
0: mpibind: task  11 nths  3 gpus 11 cpus 45-47
0: mpibind: task  12 nths  3 gpus 12 cpus 49-52
0: mpibind: task  13 nths  3 gpus 13 cpus 53-55,57
0: mpibind: task  14 nths  3 gpus 14 cpus 58-61
0: mpibind: task  15 nths  3 gpus 15 cpus 62-63,65
0: mpibind: task  16 nths  3 gpus 16 cpus 66-68
0: mpibind: task  17 nths  3 gpus 17 cpus 69-71
0: mpibind: task  18 nths  3 gpus 18 cpus 73-76
0: mpibind: task  19 nths  3 gpus 19 cpus 77-79,81
0: mpibind: task  20 nths  3 gpus 20 cpus 82-85
0: mpibind: task  21 nths  3 gpus 21 cpus 86-87,89
0: mpibind: task  22 nths  3 gpus 22 cpus 90-92
0: mpibind: task  23 nths  3 gpus 23 cpus 93-95
0: 0.097s: flux-shell[9]: mpibind: 
0: mpibind: task   0 nths  3 gpus 0 cpus 1-4
0: mpibind: task   1 nths  3 gpus 1 cpus 5-7,9
0: mpibind: task   2 nths  3 gpus 2 cpus 10-13
0: mpibind: task   3 nths  3 gpus 3 cpus 14-15,17
0: mpibind: task   4 nths  3 gpus 4 cpus 18-20
0: mpibind: task   5 nths  3 gpus 5 cpus 21-23
0: mpibind: task   6 nths  3 gpus 6 cpus 25-28
0: mpibind: task   7 nths  3 gpus 7 cpus 29-31,33
0: mpibind: task   8 nths  3 gpus 8 cpus 34-37
0: mpibind: task   9 nths  3 gpus 9 cpus 38-39,41
0: mpibind: task  10 nths  3 gpus 10 cpus 42-44
0: mpibind: task  11 nths  3 gpus 11 cpus 45-47
0: mpibind: task  12 nths  3 gpus 12 cpus 49-52
0: mpibind: task  13 nths  3 gpus 13 cpus 53-55,57
0: mpibind: task  14 nths  3 gpus 14 cpus 58-61
0: mpibind: task  15 nths  3 gpus 15 cpus 62-63,65
0: mpibind: task  16 nths  3 gpus 16 cpus 66-68
0: mpibind: task  17 nths  3 gpus 17 cpus 69-71
0: mpibind: task  18 nths  3 gpus 18 cpus 73-76
0: mpibind: task  19 nths  3 gpus 19 cpus 77-79,81
0: mpibind: task  20 nths  3 gpus 20 cpus 82-85
0: mpibind: task  21 nths  3 gpus 21 cpus 86-87,89
0: mpibind: task  22 nths  3 gpus 22 cpus 90-92
0: mpibind: task  23 nths  3 gpus 23 cpus 93-95
0: 0.107s: flux-shell[3]: mpibind: 
0: mpibind: task   0 nths  3 gpus 0 cpus 1-4
0: mpibind: task   1 nths  3 gpus 1 cpus 5-7,9
0: mpibind: task   2 nths  3 gpus 2 cpus 10-13
0: mpibind: task   3 nths  3 gpus 3 cpus 14-15,17
0: mpibind: task   4 nths  3 gpus 4 cpus 18-20
0: mpibind: task   5 nths  3 gpus 5 cpus 21-23
0: mpibind: task   6 nths  3 gpus 6 cpus 25-28
0: mpibind: task   7 nths  3 gpus 7 cpus 29-31,33
0: mpibind: task   8 nths  3 gpus 8 cpus 34-37
0: mpibind: task   9 nths  3 gpus 9 cpus 38-39,41
0: mpibind: task  10 nths  3 gpus 10 cpus 42-44
0: mpibind: task  11 nths  3 gpus 11 cpus 45-47
0: mpibind: task  12 nths  3 gpus 12 cpus 49-52
0: mpibind: task  13 nths  3 gpus 13 cpus 53-55,57
0: mpibind: task  14 nths  3 gpus 14 cpus 58-61
0: mpibind: task  15 nths  3 gpus 15 cpus 62-63,65
0: mpibind: task  16 nths  3 gpus 16 cpus 66-68
0: mpibind: task  17 nths  3 gpus 17 cpus 69-71
0: mpibind: task  18 nths  3 gpus 18 cpus 73-76
0: mpibind: task  19 nths  3 gpus 19 cpus 77-79,81
0: mpibind: task  20 nths  3 gpus 20 cpus 82-85
0: mpibind: task  21 nths  3 gpus 21 cpus 86-87,89
0: mpibind: task  22 nths  3 gpus 22 cpus 90-92
0: mpibind: task  23 nths  3 gpus 23 cpus 93-95
0: 0.108s: flux-shell[11]: mpibind: 
0: mpibind: task   0 nths  3 gpus 0 cpus 1-4
0: mpibind: task   1 nths  3 gpus 1 cpus 5-7,9
0: mpibind: task   2 nths  3 gpus 2 cpus 10-13
0: mpibind: task   3 nths  3 gpus 3 cpus 14-15,17
0: mpibind: task   4 nths  3 gpus 4 cpus 18-20
0: mpibind: task   5 nths  3 gpus 5 cpus 21-23
0: mpibind: task   6 nths  3 gpus 6 cpus 25-28
0: mpibind: task   7 nths  3 gpus 7 cpus 29-31,33
0: mpibind: task   8 nths  3 gpus 8 cpus 34-37
0: mpibind: task   9 nths  3 gpus 9 cpus 38-39,41
0: mpibind: task  10 nths  3 gpus 10 cpus 42-44
0: mpibind: task  11 nths  3 gpus 11 cpus 45-47
0: mpibind: task  12 nths  3 gpus 12 cpus 49-52
0: mpibind: task  13 nths  3 gpus 13 cpus 53-55,57
0: mpibind: task  14 nths  3 gpus 14 cpus 58-61
0: mpibind: task  15 nths  3 gpus 15 cpus 62-63,65
0: mpibind: task  16 nths  3 gpus 16 cpus 66-68
0: mpibind: task  17 nths  3 gpus 17 cpus 69-71
0: mpibind: task  18 nths  3 gpus 18 cpus 73-76
0: mpibind: task  19 nths  3 gpus 19 cpus 77-79,81
0: mpibind: task  20 nths  3 gpus 20 cpus 82-85
0: mpibind: task  21 nths  3 gpus 21 cpus 86-87,89
0: mpibind: task  22 nths  3 gpus 22 cpus 90-92
0: mpibind: task  23 nths  3 gpus 23 cpus 93-95
0: 0.103s: flux-shell[12]: mpibind: 
0: mpibind: task   0 nths  3 gpus 0 cpus 1-4
0: mpibind: task   1 nths  3 gpus 1 cpus 5-7,9
0: mpibind: task   2 nths  3 gpus 2 cpus 10-13
0: mpibind: task   3 nths  3 gpus 3 cpus 14-15,17
0: mpibind: task   4 nths  3 gpus 4 cpus 18-20
0: mpibind: task   5 nths  3 gpus 5 cpus 21-23
0: mpibind: task   6 nths  3 gpus 6 cpus 25-28
0: mpibind: task   7 nths  3 gpus 7 cpus 29-31,33
0: mpibind: task   8 nths  3 gpus 8 cpus 34-37
0: mpibind: task   9 nths  3 gpus 9 cpus 38-39,41
0: mpibind: task  10 nths  3 gpus 10 cpus 42-44
0: mpibind: task  11 nths  3 gpus 11 cpus 45-47
0: mpibind: task  12 nths  3 gpus 12 cpus 49-52
0: mpibind: task  13 nths  3 gpus 13 cpus 53-55,57
0: mpibind: task  14 nths  3 gpus 14 cpus 58-61
0: mpibind: task  15 nths  3 gpus 15 cpus 62-63,65
0: mpibind: task  16 nths  3 gpus 16 cpus 66-68
0: mpibind: task  17 nths  3 gpus 17 cpus 69-71
0: mpibind: task  18 nths  3 gpus 18 cpus 73-76
0: mpibind: task  19 nths  3 gpus 19 cpus 77-79,81
0: mpibind: task  20 nths  3 gpus 20 cpus 82-85
0: mpibind: task  21 nths  3 gpus 21 cpus 86-87,89
0: mpibind: task  22 nths  3 gpus 22 cpus 90-92
0: mpibind: task  23 nths  3 gpus 23 cpus 93-95
0: 0.103s: flux-shell[13]: mpibind: 
0: mpibind: task   0 nths  3 gpus 0 cpus 1-4
0: mpibind: task   1 nths  3 gpus 1 cpus 5-7,9
0: mpibind: task   2 nths  3 gpus 2 cpus 10-13
0: mpibind: task   3 nths  3 gpus 3 cpus 14-15,17
0: mpibind: task   4 nths  3 gpus 4 cpus 18-20
0: mpibind: task   5 nths  3 gpus 5 cpus 21-23
0: mpibind: task   6 nths  3 gpus 6 cpus 25-28
0: mpibind: task   7 nths  3 gpus 7 cpus 29-31,33
0: mpibind: task   8 nths  3 gpus 8 cpus 34-37
0: mpibind: task   9 nths  3 gpus 9 cpus 38-39,41
0: mpibind: task  10 nths  3 gpus 10 cpus 42-44
0: mpibind: task  11 nths  3 gpus 11 cpus 45-47
0: mpibind: task  12 nths  3 gpus 12 cpus 49-52
0: mpibind: task  13 nths  3 gpus 13 cpus 53-55,57
0: mpibind: task  14 nths  3 gpus 14 cpus 58-61
0: mpibind: task  15 nths  3 gpus 15 cpus 62-63,65
0: mpibind: task  16 nths  3 gpus 16 cpus 66-68
0: mpibind: task  17 nths  3 gpus 17 cpus 69-71
0: mpibind: task  18 nths  3 gpus 18 cpus 73-76
0: mpibind: task  19 nths  3 gpus 19 cpus 77-79,81
0: mpibind: task  20 nths  3 gpus 20 cpus 82-85
0: mpibind: task  21 nths  3 gpus 21 cpus 86-87,89
0: mpibind: task  22 nths  3 gpus 22 cpus 90-92
0: mpibind: task  23 nths  3 gpus 23 cpus 93-95
0: 0.109s: flux-shell[15]: mpibind: 
0: mpibind: task   0 nths  3 gpus 0 cpus 1-4
0: mpibind: task   1 nths  3 gpus 1 cpus 5-7,9
0: mpibind: task   2 nths  3 gpus 2 cpus 10-13
0: mpibind: task   3 nths  3 gpus 3 cpus 14-15,17
0: mpibind: task   4 nths  3 gpus 4 cpus 18-20
0: mpibind: task   5 nths  3 gpus 5 cpus 21-23
0: mpibind: task   6 nths  3 gpus 6 cpus 25-28
0: mpibind: task   7 nths  3 gpus 7 cpus 29-31,33
0: mpibind: task   8 nths  3 gpus 8 cpus 34-37
0: mpibind: task   9 nths  3 gpus 9 cpus 38-39,41
0: mpibind: task  10 nths  3 gpus 10 cpus 42-44
0: mpibind: task  11 nths  3 gpus 11 cpus 45-47
0: mpibind: task  12 nths  3 gpus 12 cpus 49-52
0: mpibind: task  13 nths  3 gpus 13 cpus 53-55,57
0: mpibind: task  14 nths  3 gpus 14 cpus 58-61
0: mpibind: task  15 nths  3 gpus 15 cpus 62-63,65
0: mpibind: task  16 nths  3 gpus 16 cpus 66-68
0: mpibind: task  17 nths  3 gpus 17 cpus 69-71
0: mpibind: task  18 nths  3 gpus 18 cpus 73-76
0: mpibind: task  19 nths  3 gpus 19 cpus 77-79,81
0: mpibind: task  20 nths  3 gpus 20 cpus 82-85
0: mpibind: task  21 nths  3 gpus 21 cpus 86-87,89
0: mpibind: task  22 nths  3 gpus 22 cpus 90-92
0: mpibind: task  23 nths  3 gpus 23 cpus 93-95
0: 0.103s: flux-shell[14]: mpibind: 
0: mpibind: task   0 nths  3 gpus 0 cpus 1-4
0: mpibind: task   1 nths  3 gpus 1 cpus 5-7,9
0: mpibind: task   2 nths  3 gpus 2 cpus 10-13
0: mpibind: task   3 nths  3 gpus 3 cpus 14-15,17
0: mpibind: task   4 nths  3 gpus 4 cpus 18-20
0: mpibind: task   5 nths  3 gpus 5 cpus 21-23
0: mpibind: task   6 nths  3 gpus 6 cpus 25-28
0: mpibind: task   7 nths  3 gpus 7 cpus 29-31,33
0: mpibind: task   8 nths  3 gpus 8 cpus 34-37
0: mpibind: task   9 nths  3 gpus 9 cpus 38-39,41
0: mpibind: task  10 nths  3 gpus 10 cpus 42-44
0: mpibind: task  11 nths  3 gpus 11 cpus 45-47
0: mpibind: task  12 nths  3 gpus 12 cpus 49-52
0: mpibind: task  13 nths  3 gpus 13 cpus 53-55,57
0: mpibind: task  14 nths  3 gpus 14 cpus 58-61
0: mpibind: task  15 nths  3 gpus 15 cpus 62-63,65
0: mpibind: task  16 nths  3 gpus 16 cpus 66-68
0: mpibind: task  17 nths  3 gpus 17 cpus 69-71
0: mpibind: task  18 nths  3 gpus 18 cpus 73-76
0: mpibind: task  19 nths  3 gpus 19 cpus 77-79,81
0: mpibind: task  20 nths  3 gpus 20 cpus 82-85
0: mpibind: task  21 nths  3 gpus 21 cpus 86-87,89
0: mpibind: task  22 nths  3 gpus 22 cpus 90-92
0: mpibind: task  23 nths  3 gpus 23 cpus 93-95
