0: 
0: Lmod is automatically replacing "cce/20.0.0" with "rocmcc/7.2.1-magic".
0: 
0: 
0: Due to MODULEPATH changes, the following have been reloaded:
0:   1) cray-libsci/25.09.0
0: 
0: The following have been reloaded with a version change:
0:   1) cray-mpich/9.0.1 => cray-mpich/9.1.0
0: 
0: jobid: f2hSHKEw
0: 0.175s: flux-shell[0]: mpibind: 
0: mpibind: task   0 nths  1 gpus 0 cpus 1
0: mpibind: task   1 nths  1 gpus 0 cpus 2
0: mpibind: task   2 nths  1 gpus 0 cpus 3
0: mpibind: task   3 nths  1 gpus 0 cpus 4
0: mpibind: task   4 nths  1 gpus 0 cpus 5
0: mpibind: task   5 nths  1 gpus 0 cpus 6
0: mpibind: task   6 nths  1 gpus 0 cpus 7
0: mpibind: task   7 nths  1 gpus 0 cpus 9
0: mpibind: task   8 nths  1 gpus 0 cpus 10
0: mpibind: task   9 nths  1 gpus 0 cpus 11
0: mpibind: task  10 nths  1 gpus 0 cpus 12
0: mpibind: task  11 nths  1 gpus 0 cpus 13
0: mpibind: task  12 nths  1 gpus 0 cpus 14
0: mpibind: task  13 nths  1 gpus 0 cpus 15
0: mpibind: task  14 nths  1 gpus 0 cpus 17
0: mpibind: task  15 nths  1 gpus 0 cpus 18
0: mpibind: task  16 nths  1 gpus 0 cpus 19
0: mpibind: task  17 nths  1 gpus 0 cpus 20
0: mpibind: task  18 nths  1 gpus 0 cpus 21
0: mpibind: task  19 nths  1 gpus 0 cpus 22
0: mpibind: task  20 nths  1 gpus 0 cpus 23
0: mpibind: task  21 nths  1 gpus 1 cpus 25
0: mpibind: task  22 nths  1 gpus 1 cpus 26
0: mpibind: task  23 nths  1 gpus 1 cpus 27
0: mpibind: task  24 nths  1 gpus 1 cpus 28
0: mpibind: task  25 nths  1 gpus 1 cpus 29
0: mpibind: task  26 nths  1 gpus 1 cpus 30
0: mpibind: task  27 nths  1 gpus 1 cpus 31
0: mpibind: task  28 nths  1 gpus 1 cpus 33
0: mpibind: task  29 nths  1 gpus 1 cpus 34
0: mpibind: task  30 nths  1 gpus 1 cpus 35
0: mpibind: task  31 nths  1 gpus 1 cpus 36
0: mpibind: task  32 nths  1 gpus 1 cpus 37
0: mpibind: task  33 nths  1 gpus 1 cpus 38
0: mpibind: task  34 nths  1 gpus 1 cpus 39
0: mpibind: task  35 nths  1 gpus 1 cpus 41
0: mpibind: task  36 nths  1 gpus 1 cpus 42
0: mpibind: task  37 nths  1 gpus 1 cpus 43
0: mpibind: task  38 nths  1 gpus 1 cpus 44
0: mpibind: task  39 nths  1 gpus 1 cpus 45
0: mpibind: task  40 nths  1 gpus 1 cpus 46
0: mpibind: task  41 nths  1 gpus 1 cpus 47
0: mpibind: task  42 nths  1 gpus 2 cpus 49
0: mpibind: task  43 nths  1 gpus 2 cpus 50
0: mpibind: task  44 nths  1 gpus 2 cpus 51
0: mpibind: task  45 nths  1 gpus 2 cpus 52
0: mpibind: task  46 nths  1 gpus 2 cpus 53
0: mpibind: task  47 nths  1 gpus 2 cpus 54
0: mpibind: task  48 nths  1 gpus 2 cpus 55
0: mpibind: task  49 nths  1 gpus 2 cpus 57
0: mpibind: task  50 nths  1 gpus 2 cpus 58
0: mpibind: task  51 nths  1 gpus 2 cpus 59
0: mpibind: task  52 nths  1 gpus 2 cpus 60
0: mpibind: task  53 nths  1 gpus 2 cpus 61
0: mpibind: task  54 nths  1 gpus 2 cpus 62
0: mpibind: task  55 nths  1 gpus 2 cpus 63
0: mpibind: task  56 nths  1 gpus 2 cpus 65
0: mpibind: task  57 nths  1 gpus 2 cpus 66
0: mpibind: task  58 nths  1 gpus 2 cpus 67
0: mpibind: task  59 nths  1 gpus 2 cpus 68
0: mpibind: task  60 nths  1 gpus 2 cpus 69
0: mpibind: task  61 nths  1 gpus 2 cpus 70
0: mpibind: task  62 nths  1 gpus 2 cpus 71
0: mpibind: task  63 nths  1 gpus 3 cpus 73
0: mpibind: task  64 nths  1 gpus 3 cpus 74
0: mpibind: task  65 nths  1 gpus 3 cpus 75
0: mpibind: task  66 nths  1 gpus 3 cpus 76
0: mpibind: task  67 nths  1 gpus 3 cpus 77
0: mpibind: task  68 nths  1 gpus 3 cpus 78
0: mpibind: task  69 nths  1 gpus 3 cpus 79
0: mpibind: task  70 nths  1 gpus 3 cpus 81
0: mpibind: task  71 nths  1 gpus 3 cpus 82
0: mpibind: task  72 nths  1 gpus 3 cpus 83
0: mpibind: task  73 nths  1 gpus 3 cpus 84
0: mpibind: task  74 nths  1 gpus 3 cpus 85
0: mpibind: task  75 nths  1 gpus 3 cpus 86
0: mpibind: task  76 nths  1 gpus 3 cpus 87
0: mpibind: task  77 nths  1 gpus 3 cpus 89
0: mpibind: task  78 nths  1 gpus 3 cpus 90
0: mpibind: task  79 nths  1 gpus 3 cpus 91
0: mpibind: task  80 nths  1 gpus 3 cpus 92
0: mpibind: task  81 nths  1 gpus 3 cpus 93
0: mpibind: task  82 nths  1 gpus 3 cpus 94
0: mpibind: task  83 nths  1 gpus 3 cpus 95
0: 0.188s: flux-shell[13]: mpibind: 
0: mpibind: task   0 nths  1 gpus 0 cpus 1
0: mpibind: task   1 nths  1 gpus 0 cpus 2
0: mpibind: task   2 nths  1 gpus 0 cpus 3
0: mpibind: task   3 nths  1 gpus 0 cpus 4
0: mpibind: task   4 nths  1 gpus 0 cpus 5
0: mpibind: task   5 nths  1 gpus 0 cpus 6
0: mpibind: task   6 nths  1 gpus 0 cpus 7
0: mpibind: task   7 nths  1 gpus 0 cpus 9
0: mpibind: task   8 nths  1 gpus 0 cpus 10
0: mpibind: task   9 nths  1 gpus 0 cpus 11
0: mpibind: task  10 nths  1 gpus 0 cpus 12
0: mpibind: task  11 nths  1 gpus 0 cpus 13
0: mpibind: task  12 nths  1 gpus 0 cpus 14
0: mpibind: task  13 nths  1 gpus 0 cpus 15
0: mpibind: task  14 nths  1 gpus 0 cpus 17
0: mpibind: task  15 nths  1 gpus 0 cpus 18
0: mpibind: task  16 nths  1 gpus 0 cpus 19
0: mpibind: task  17 nths  1 gpus 0 cpus 20
0: mpibind: task  18 nths  1 gpus 0 cpus 21
0: mpibind: task  19 nths  1 gpus 0 cpus 22
0: mpibind: task  20 nths  1 gpus 0 cpus 23
0: mpibind: task  21 nths  1 gpus 1 cpus 25
0: mpibind: task  22 nths  1 gpus 1 cpus 26
0: mpibind: task  23 nths  1 gpus 1 cpus 27
0: mpibind: task  24 nths  1 gpus 1 cpus 28
0: mpibind: task  25 nths  1 gpus 1 cpus 29
0: mpibind: task  26 nths  1 gpus 1 cpus 30
0: mpibind: task  27 nths  1 gpus 1 cpus 31
0: mpibind: task  28 nths  1 gpus 1 cpus 33
0: mpibind: task  29 nths  1 gpus 1 cpus 34
0: mpibind: task  30 nths  1 gpus 1 cpus 35
0: mpibind: task  31 nths  1 gpus 1 cpus 36
0: mpibind: task  32 nths  1 gpus 1 cpus 37
0: mpibind: task  33 nths  1 gpus 1 cpus 38
0: mpibind: task  34 nths  1 gpus 1 cpus 39
0: mpibind: task  35 nths  1 gpus 1 cpus 41
0: mpibind: task  36 nths  1 gpus 1 cpus 42
0: mpibind: task  37 nths  1 gpus 1 cpus 43
0: mpibind: task  38 nths  1 gpus 1 cpus 44
0: mpibind: task  39 nths  1 gpus 1 cpus 45
0: mpibind: task  40 nths  1 gpus 1 cpus 46
0: mpibind: task  41 nths  1 gpus 1 cpus 47
0: mpibind: task  42 nths  1 gpus 2 cpus 49
0: mpibind: task  43 nths  1 gpus 2 cpus 50
0: mpibind: task  44 nths  1 gpus 2 cpus 51
0: mpibind: task  45 nths  1 gpus 2 cpus 52
0: mpibind: task  46 nths  1 gpus 2 cpus 53
0: mpibind: task  47 nths  1 gpus 2 cpus 54
0: mpibind: task  48 nths  1 gpus 2 cpus 55
0: mpibind: task  49 nths  1 gpus 2 cpus 57
0: mpibind: task  50 nths  1 gpus 2 cpus 58
0: mpibind: task  51 nths  1 gpus 2 cpus 59
0: mpibind: task  52 nths  1 gpus 2 cpus 60
0: mpibind: task  53 nths  1 gpus 2 cpus 61
0: mpibind: task  54 nths  1 gpus 2 cpus 62
0: mpibind: task  55 nths  1 gpus 2 cpus 63
0: mpibind: task  56 nths  1 gpus 2 cpus 65
0: mpibind: task  57 nths  1 gpus 2 cpus 66
0: mpibind: task  58 nths  1 gpus 2 cpus 67
0: mpibind: task  59 nths  1 gpus 2 cpus 68
0: mpibind: task  60 nths  1 gpus 2 cpus 69
0: mpibind: task  61 nths  1 gpus 2 cpus 70
0: mpibind: task  62 nths  1 gpus 2 cpus 71
0: mpibind: task  63 nths  1 gpus 3 cpus 73
0: mpibind: task  64 nths  1 gpus 3 cpus 74
0: mpibind: task  65 nths  1 gpus 3 cpus 75
0: mpibind: task  66 nths  1 gpus 3 cpus 76
0: mpibind: task  67 nths  1 gpus 3 cpus 77
0: mpibind: task  68 nths  1 gpus 3 cpus 78
0: mpibind: task  69 nths  1 gpus 3 cpus 79
0: mpibind: task  70 nths  1 gpus 3 cpus 81
0: mpibind: task  71 nths  1 gpus 3 cpus 82
0: mpibind: task  72 nths  1 gpus 3 cpus 83
0: mpibind: task  73 nths  1 gpus 3 cpus 84
0: mpibind: task  74 nths  1 gpus 3 cpus 85
0: mpibind: task  75 nths  1 gpus 3 cpus 86
0: mpibind: task  76 nths  1 gpus 3 cpus 87
0: mpibind: task  77 nths  1 gpus 3 cpus 89
0: mpibind: task  78 nths  1 gpus 3 cpus 90
0: mpibind: task  79 nths  1 gpus 3 cpus 91
0: mpibind: task  80 nths  1 gpus 3 cpus 92
0: mpibind: task  81 nths  1 gpus 3 cpus 93
0: mpibind: task  82 nths  1 gpus 3 cpus 94
0: mpibind: task  83 nths  1 gpus 3 cpus 95
0: 0.189s: flux-shell[16]: mpibind: 
0: mpibind: task   0 nths  1 gpus 0 cpus 1
0: mpibind: task   1 nths  1 gpus 0 cpus 2
0: mpibind: task   2 nths  1 gpus 0 cpus 3
0: mpibind: task   3 nths  1 gpus 0 cpus 4
0: mpibind: task   4 nths  1 gpus 0 cpus 5
0: mpibind: task   5 nths  1 gpus 0 cpus 6
0: mpibind: task   6 nths  1 gpus 0 cpus 7
0: mpibind: task   7 nths  1 gpus 0 cpus 9
0: mpibind: task   8 nths  1 gpus 0 cpus 10
0: mpibind: task   9 nths  1 gpus 0 cpus 11
0: mpibind: task  10 nths  1 gpus 0 cpus 12
0: mpibind: task  11 nths  1 gpus 0 cpus 13
0: mpibind: task  12 nths  1 gpus 0 cpus 14
0: mpibind: task  13 nths  1 gpus 0 cpus 15
0: mpibind: task  14 nths  1 gpus 0 cpus 17
0: mpibind: task  15 nths  1 gpus 0 cpus 18
0: mpibind: task  16 nths  1 gpus 0 cpus 19
0: mpibind: task  17 nths  1 gpus 0 cpus 20
0: mpibind: task  18 nths  1 gpus 0 cpus 21
0: mpibind: task  19 nths  1 gpus 0 cpus 22
0: mpibind: task  20 nths  1 gpus 0 cpus 23
0: mpibind: task  21 nths  1 gpus 1 cpus 25
0: mpibind: task  22 nths  1 gpus 1 cpus 26
0: mpibind: task  23 nths  1 gpus 1 cpus 27
0: mpibind: task  24 nths  1 gpus 1 cpus 28
0: mpibind: task  25 nths  1 gpus 1 cpus 29
0: mpibind: task  26 nths  1 gpus 1 cpus 30
0: mpibind: task  27 nths  1 gpus 1 cpus 31
0: mpibind: task  28 nths  1 gpus 1 cpus 33
0: mpibind: task  29 nths  1 gpus 1 cpus 34
0: mpibind: task  30 nths  1 gpus 1 cpus 35
0: mpibind: task  31 nths  1 gpus 1 cpus 36
0: mpibind: task  32 nths  1 gpus 1 cpus 37
0: mpibind: task  33 nths  1 gpus 1 cpus 38
0: mpibind: task  34 nths  1 gpus 1 cpus 39
0: mpibind: task  35 nths  1 gpus 1 cpus 41
0: mpibind: task  36 nths  1 gpus 1 cpus 42
0: mpibind: task  37 nths  1 gpus 1 cpus 43
0: mpibind: task  38 nths  1 gpus 1 cpus 44
0: mpibind: task  39 nths  1 gpus 1 cpus 45
0: mpibind: task  40 nths  1 gpus 1 cpus 46
0: mpibind: task  41 nths  1 gpus 1 cpus 47
0: mpibind: task  42 nths  1 gpus 2 cpus 49
0: mpibind: task  43 nths  1 gpus 2 cpus 50
0: mpibind: task  44 nths  1 gpus 2 cpus 51
0: mpibind: task  45 nths  1 gpus 2 cpus 52
0: mpibind: task  46 nths  1 gpus 2 cpus 53
0: mpibind: task  47 nths  1 gpus 2 cpus 54
0: mpibind: task  48 nths  1 gpus 2 cpus 55
0: mpibind: task  49 nths  1 gpus 2 cpus 57
0: mpibind: task  50 nths  1 gpus 2 cpus 58
0: mpibind: task  51 nths  1 gpus 2 cpus 59
0: mpibind: task  52 nths  1 gpus 2 cpus 60
0: mpibind: task  53 nths  1 gpus 2 cpus 61
0: mpibind: task  54 nths  1 gpus 2 cpus 62
0: mpibind: task  55 nths  1 gpus 2 cpus 63
0: mpibind: task  56 nths  1 gpus 2 cpus 65
0: mpibind: task  57 nths  1 gpus 2 cpus 66
0: mpibind: task  58 nths  1 gpus 2 cpus 67
0: mpibind: task  59 nths  1 gpus 2 cpus 68
0: mpibind: task  60 nths  1 gpus 2 cpus 69
0: mpibind: task  61 nths  1 gpus 2 cpus 70
0: mpibind: task  62 nths  1 gpus 2 cpus 71
0: mpibind: task  63 nths  1 gpus 3 cpus 73
0: mpibind: task  64 nths  1 gpus 3 cpus 74
0: mpibind: task  65 nths  1 gpus 3 cpus 75
0: mpibind: task  66 nths  1 gpus 3 cpus 76
0: mpibind: task  67 nths  1 gpus 3 cpus 77
0: mpibind: task  68 nths  1 gpus 3 cpus 78
0: mpibind: task  69 nths  1 gpus 3 cpus 79
0: mpibind: task  70 nths  1 gpus 3 cpus 81
0: mpibind: task  71 nths  1 gpus 3 cpus 82
0: mpibind: task  72 nths  1 gpus 3 cpus 83
0: mpibind: task  73 nths  1 gpus 3 cpus 84
0: mpibind: task  74 nths  1 gpus 3 cpus 85
0: mpibind: task  75 nths  1 gpus 3 cpus 86
0: mpibind: task  76 nths  1 gpus 3 cpus 87
0: mpibind: task  77 nths  1 gpus 3 cpus 89
0: mpibind: task  78 nths  1 gpus 3 cpus 90
0: mpibind: task  79 nths  1 gpus 3 cpus 91
0: mpibind: task  80 nths  1 gpus 3 cpus 92
0: mpibind: task  81 nths  1 gpus 3 cpus 93
0: mpibind: task  82 nths  1 gpus 3 cpus 94
0: mpibind: task  83 nths  1 gpus 3 cpus 95
0: 0.185s: flux-shell[7]: mpibind: 
0: mpibind: task   0 nths  1 gpus 0 cpus 1
0: mpibind: task   1 nths  1 gpus 0 cpus 2
0: mpibind: task   2 nths  1 gpus 0 cpus 3
0: mpibind: task   3 nths  1 gpus 0 cpus 4
0: mpibind: task   4 nths  1 gpus 0 cpus 5
0: mpibind: task   5 nths  1 gpus 0 cpus 6
0: mpibind: task   6 nths  1 gpus 0 cpus 7
0: mpibind: task   7 nths  1 gpus 0 cpus 9
0: mpibind: task   8 nths  1 gpus 0 cpus 10
0: mpibind: task   9 nths  1 gpus 0 cpus 11
0: mpibind: task  10 nths  1 gpus 0 cpus 12
0: mpibind: task  11 nths  1 gpus 0 cpus 13
0: mpibind: task  12 nths  1 gpus 0 cpus 14
0: mpibind: task  13 nths  1 gpus 0 cpus 15
0: mpibind: task  14 nths  1 gpus 0 cpus 17
0: mpibind: task  15 nths  1 gpus 0 cpus 18
0: mpibind: task  16 nths  1 gpus 0 cpus 19
0: mpibind: task  17 nths  1 gpus 0 cpus 20
0: mpibind: task  18 nths  1 gpus 0 cpus 21
0: mpibind: task  19 nths  1 gpus 0 cpus 22
0: mpibind: task  20 nths  1 gpus 0 cpus 23
0: mpibind: task  21 nths  1 gpus 1 cpus 25
0: mpibind: task  22 nths  1 gpus 1 cpus 26
0: mpibind: task  23 nths  1 gpus 1 cpus 27
0: mpibind: task  24 nths  1 gpus 1 cpus 28
0: mpibind: task  25 nths  1 gpus 1 cpus 29
0: mpibind: task  26 nths  1 gpus 1 cpus 30
0: mpibind: task  27 nths  1 gpus 1 cpus 31
0: mpibind: task  28 nths  1 gpus 1 cpus 33
0: mpibind: task  29 nths  1 gpus 1 cpus 34
0: mpibind: task  30 nths  1 gpus 1 cpus 35
0: mpibind: task  31 nths  1 gpus 1 cpus 36
0: mpibind: task  32 nths  1 gpus 1 cpus 37
0: mpibind: task  33 nths  1 gpus 1 cpus 38
0: mpibind: task  34 nths  1 gpus 1 cpus 39
0: mpibind: task  35 nths  1 gpus 1 cpus 41
0: mpibind: task  36 nths  1 gpus 1 cpus 42
0: mpibind: task  37 nths  1 gpus 1 cpus 43
0: mpibind: task  38 nths  1 gpus 1 cpus 44
0: mpibind: task  39 nths  1 gpus 1 cpus 45
0: mpibind: task  40 nths  1 gpus 1 cpus 46
0: mpibind: task  41 nths  1 gpus 1 cpus 47
0: mpibind: task  42 nths  1 gpus 2 cpus 49
0: mpibind: task  43 nths  1 gpus 2 cpus 50
0: mpibind: task  44 nths  1 gpus 2 cpus 51
0: mpibind: task  45 nths  1 gpus 2 cpus 52
0: mpibind: task  46 nths  1 gpus 2 cpus 53
0: mpibind: task  47 nths  1 gpus 2 cpus 54
0: mpibind: task  48 nths  1 gpus 2 cpus 55
0: mpibind: task  49 nths  1 gpus 2 cpus 57
0: mpibind: task  50 nths  1 gpus 2 cpus 58
0: mpibind: task  51 nths  1 gpus 2 cpus 59
0: mpibind: task  52 nths  1 gpus 2 cpus 60
0: mpibind: task  53 nths  1 gpus 2 cpus 61
0: mpibind: task  54 nths  1 gpus 2 cpus 62
0: mpibind: task  55 nths  1 gpus 2 cpus 63
0: mpibind: task  56 nths  1 gpus 2 cpus 65
0: mpibind: task  57 nths  1 gpus 2 cpus 66
0: mpibind: task  58 nths  1 gpus 2 cpus 67
0: mpibind: task  59 nths  1 gpus 2 cpus 68
0: mpibind: task  60 nths  1 gpus 2 cpus 69
0: mpibind: task  61 nths  1 gpus 2 cpus 70
0: mpibind: task  62 nths  1 gpus 2 cpus 71
0: mpibind: task  63 nths  1 gpus 3 cpus 73
0: mpibind: task  64 nths  1 gpus 3 cpus 74
0: mpibind: task  65 nths  1 gpus 3 cpus 75
0: mpibind: task  66 nths  1 gpus 3 cpus 76
0: mpibind: task  67 nths  1 gpus 3 cpus 77
0: mpibind: task  68 nths  1 gpus 3 cpus 78
0: mpibind: task  69 nths  1 gpus 3 cpus 79
0: mpibind: task  70 nths  1 gpus 3 cpus 81
0: mpibind: task  71 nths  1 gpus 3 cpus 82
0: mpibind: task  72 nths  1 gpus 3 cpus 83
0: mpibind: task  73 nths  1 gpus 3 cpus 84
0: mpibind: task  74 nths  1 gpus 3 cpus 85
0: mpibind: task  75 nths  1 gpus 3 cpus 86
0: mpibind: task  76 nths  1 gpus 3 cpus 87
0: mpibind: task  77 nths  1 gpus 3 cpus 89
0: mpibind: task  78 nths  1 gpus 3 cpus 90
0: mpibind: task  79 nths  1 gpus 3 cpus 91
0: mpibind: task  80 nths  1 gpus 3 cpus 92
0: mpibind: task  81 nths  1 gpus 3 cpus 93
0: mpibind: task  82 nths  1 gpus 3 cpus 94
0: mpibind: task  83 nths  1 gpus 3 cpus 95
0: 0.194s: flux-shell[15]: mpibind: 
0: mpibind: task   0 nths  1 gpus 0 cpus 1
0: mpibind: task   1 nths  1 gpus 0 cpus 2
0: mpibind: task   2 nths  1 gpus 0 cpus 3
0: mpibind: task   3 nths  1 gpus 0 cpus 4
0: mpibind: task   4 nths  1 gpus 0 cpus 5
0: mpibind: task   5 nths  1 gpus 0 cpus 6
0: mpibind: task   6 nths  1 gpus 0 cpus 7
0: mpibind: task   7 nths  1 gpus 0 cpus 9
0: mpibind: task   8 nths  1 gpus 0 cpus 10
0: mpibind: task   9 nths  1 gpus 0 cpus 11
0: mpibind: task  10 nths  1 gpus 0 cpus 12
0: mpibind: task  11 nths  1 gpus 0 cpus 13
0: mpibind: task  12 nths  1 gpus 0 cpus 14
0: mpibind: task  13 nths  1 gpus 0 cpus 15
0: mpibind: task  14 nths  1 gpus 0 cpus 17
0: mpibind: task  15 nths  1 gpus 0 cpus 18
0: mpibind: task  16 nths  1 gpus 0 cpus 19
0: mpibind: task  17 nths  1 gpus 0 cpus 20
0: mpibind: task  18 nths  1 gpus 0 cpus 21
0: mpibind: task  19 nths  1 gpus 0 cpus 22
0: mpibind: task  20 nths  1 gpus 0 cpus 23
0: mpibind: task  21 nths  1 gpus 1 cpus 25
0: mpibind: task  22 nths  1 gpus 1 cpus 26
0: mpibind: task  23 nths  1 gpus 1 cpus 27
0: mpibind: task  24 nths  1 gpus 1 cpus 28
0: mpibind: task  25 nths  1 gpus 1 cpus 29
0: mpibind: task  26 nths  1 gpus 1 cpus 30
0: mpibind: task  27 nths  1 gpus 1 cpus 31
0: mpibind: task  28 nths  1 gpus 1 cpus 33
0: mpibind: task  29 nths  1 gpus 1 cpus 34
0: mpibind: task  30 nths  1 gpus 1 cpus 35
0: mpibind: task  31 nths  1 gpus 1 cpus 36
0: mpibind: task  32 nths  1 gpus 1 cpus 37
0: mpibind: task  33 nths  1 gpus 1 cpus 38
0: mpibind: task  34 nths  1 gpus 1 cpus 39
0: mpibind: task  35 nths  1 gpus 1 cpus 41
0: mpibind: task  36 nths  1 gpus 1 cpus 42
0: mpibind: task  37 nths  1 gpus 1 cpus 43
0: mpibind: task  38 nths  1 gpus 1 cpus 44
0: mpibind: task  39 nths  1 gpus 1 cpus 45
0: mpibind: task  40 nths  1 gpus 1 cpus 46
0: mpibind: task  41 nths  1 gpus 1 cpus 47
0: mpibind: task  42 nths  1 gpus 2 cpus 49
0: mpibind: task  43 nths  1 gpus 2 cpus 50
0: mpibind: task  44 nths  1 gpus 2 cpus 51
0: mpibind: task  45 nths  1 gpus 2 cpus 52
0: mpibind: task  46 nths  1 gpus 2 cpus 53
0: mpibind: task  47 nths  1 gpus 2 cpus 54
0: mpibind: task  48 nths  1 gpus 2 cpus 55
0: mpibind: task  49 nths  1 gpus 2 cpus 57
0: mpibind: task  50 nths  1 gpus 2 cpus 58
0: mpibind: task  51 nths  1 gpus 2 cpus 59
0: mpibind: task  52 nths  1 gpus 2 cpus 60
0: mpibind: task  53 nths  1 gpus 2 cpus 61
0: mpibind: task  54 nths  1 gpus 2 cpus 62
0: mpibind: task  55 nths  1 gpus 2 cpus 63
0: mpibind: task  56 nths  1 gpus 2 cpus 65
0: mpibind: task  57 nths  1 gpus 2 cpus 66
0: mpibind: task  58 nths  1 gpus 2 cpus 67
0: mpibind: task  59 nths  1 gpus 2 cpus 68
0: mpibind: task  60 nths  1 gpus 2 cpus 69
0: mpibind: task  61 nths  1 gpus 2 cpus 70
0: mpibind: task  62 nths  1 gpus 2 cpus 71
0: mpibind: task  63 nths  1 gpus 3 cpus 73
0: mpibind: task  64 nths  1 gpus 3 cpus 74
0: mpibind: task  65 nths  1 gpus 3 cpus 75
0: mpibind: task  66 nths  1 gpus 3 cpus 76
0: mpibind: task  67 nths  1 gpus 3 cpus 77
0: mpibind: task  68 nths  1 gpus 3 cpus 78
0: mpibind: task  69 nths  1 gpus 3 cpus 79
0: mpibind: task  70 nths  1 gpus 3 cpus 81
0: mpibind: task  71 nths  1 gpus 3 cpus 82
0: mpibind: task  72 nths  1 gpus 3 cpus 83
0: mpibind: task  73 nths  1 gpus 3 cpus 84
0: mpibind: task  74 nths  1 gpus 3 cpus 85
0: mpibind: task  75 nths  1 gpus 3 cpus 86
0: mpibind: task  76 nths  1 gpus 3 cpus 87
0: mpibind: task  77 nths  1 gpus 3 cpus 89
0: mpibind: task  78 nths  1 gpus 3 cpus 90
0: mpibind: task  79 nths  1 gpus 3 cpus 91
0: mpibind: task  80 nths  1 gpus 3 cpus 92
0: mpibind: task  81 nths  1 gpus 3 cpus 93
0: mpibind: task  82 nths  1 gpus 3 cpus 94
0: mpibind: task  83 nths  1 gpus 3 cpus 95
0: 0.177s: flux-shell[9]: mpibind: 
0: mpibind: task   0 nths  1 gpus 0 cpus 1
0: mpibind: task   1 nths  1 gpus 0 cpus 2
0: mpibind: task   2 nths  1 gpus 0 cpus 3
0: mpibind: task   3 nths  1 gpus 0 cpus 4
0: mpibind: task   4 nths  1 gpus 0 cpus 5
0: mpibind: task   5 nths  1 gpus 0 cpus 6
0: mpibind: task   6 nths  1 gpus 0 cpus 7
0: mpibind: task   7 nths  1 gpus 0 cpus 9
0: mpibind: task   8 nths  1 gpus 0 cpus 10
0: mpibind: task   9 nths  1 gpus 0 cpus 11
0: mpibind: task  10 nths  1 gpus 0 cpus 12
0: mpibind: task  11 nths  1 gpus 0 cpus 13
0: mpibind: task  12 nths  1 gpus 0 cpus 14
0: mpibind: task  13 nths  1 gpus 0 cpus 15
0: mpibind: task  14 nths  1 gpus 0 cpus 17
0: mpibind: task  15 nths  1 gpus 0 cpus 18
0: mpibind: task  16 nths  1 gpus 0 cpus 19
0: mpibind: task  17 nths  1 gpus 0 cpus 20
0: mpibind: task  18 nths  1 gpus 0 cpus 21
0: mpibind: task  19 nths  1 gpus 0 cpus 22
0: mpibind: task  20 nths  1 gpus 0 cpus 23
0: mpibind: task  21 nths  1 gpus 1 cpus 25
0: mpibind: task  22 nths  1 gpus 1 cpus 26
0: mpibind: task  23 nths  1 gpus 1 cpus 27
0: mpibind: task  24 nths  1 gpus 1 cpus 28
0: mpibind: task  25 nths  1 gpus 1 cpus 29
0: mpibind: task  26 nths  1 gpus 1 cpus 30
0: mpibind: task  27 nths  1 gpus 1 cpus 31
0: mpibind: task  28 nths  1 gpus 1 cpus 33
0: mpibind: task  29 nths  1 gpus 1 cpus 34
0: mpibind: task  30 nths  1 gpus 1 cpus 35
0: mpibind: task  31 nths  1 gpus 1 cpus 36
0: mpibind: task  32 nths  1 gpus 1 cpus 37
0: mpibind: task  33 nths  1 gpus 1 cpus 38
0: mpibind: task  34 nths  1 gpus 1 cpus 39
0: mpibind: task  35 nths  1 gpus 1 cpus 41
0: mpibind: task  36 nths  1 gpus 1 cpus 42
0: mpibind: task  37 nths  1 gpus 1 cpus 43
0: mpibind: task  38 nths  1 gpus 1 cpus 44
0: mpibind: task  39 nths  1 gpus 1 cpus 45
0: mpibind: task  40 nths  1 gpus 1 cpus 46
0: mpibind: task  41 nths  1 gpus 1 cpus 47
0: mpibind: task  42 nths  1 gpus 2 cpus 49
0: mpibind: task  43 nths  1 gpus 2 cpus 50
0: mpibind: task  44 nths  1 gpus 2 cpus 51
0: mpibind: task  45 nths  1 gpus 2 cpus 52
0: mpibind: task  46 nths  1 gpus 2 cpus 53
0: mpibind: task  47 nths  1 gpus 2 cpus 54
0: mpibind: task  48 nths  1 gpus 2 cpus 55
0: mpibind: task  49 nths  1 gpus 2 cpus 57
0: mpibind: task  50 nths  1 gpus 2 cpus 58
0: mpibind: task  51 nths  1 gpus 2 cpus 59
0: mpibind: task  52 nths  1 gpus 2 cpus 60
0: mpibind: task  53 nths  1 gpus 2 cpus 61
0: mpibind: task  54 nths  1 gpus 2 cpus 62
0: mpibind: task  55 nths  1 gpus 2 cpus 63
0: mpibind: task  56 nths  1 gpus 2 cpus 65
0: mpibind: task  57 nths  1 gpus 2 cpus 66
0: mpibind: task  58 nths  1 gpus 2 cpus 67
0: mpibind: task  59 nths  1 gpus 2 cpus 68
0: mpibind: task  60 nths  1 gpus 2 cpus 69
0: mpibind: task  61 nths  1 gpus 2 cpus 70
0: mpibind: task  62 nths  1 gpus 2 cpus 71
0: mpibind: task  63 nths  1 gpus 3 cpus 73
0: mpibind: task  64 nths  1 gpus 3 cpus 74
0: mpibind: task  65 nths  1 gpus 3 cpus 75
0: mpibind: task  66 nths  1 gpus 3 cpus 76
0: mpibind: task  67 nths  1 gpus 3 cpus 77
0: mpibind: task  68 nths  1 gpus 3 cpus 78
0: mpibind: task  69 nths  1 gpus 3 cpus 79
0: mpibind: task  70 nths  1 gpus 3 cpus 81
0: mpibind: task  71 nths  1 gpus 3 cpus 82
0: mpibind: task  72 nths  1 gpus 3 cpus 83
0: mpibind: task  73 nths  1 gpus 3 cpus 84
0: mpibind: task  74 nths  1 gpus 3 cpus 85
0: mpibind: task  75 nths  1 gpus 3 cpus 86
0: mpibind: task  76 nths  1 gpus 3 cpus 87
0: mpibind: task  77 nths  1 gpus 3 cpus 89
0: mpibind: task  78 nths  1 gpus 3 cpus 90
0: mpibind: task  79 nths  1 gpus 3 cpus 91
0: mpibind: task  80 nths  1 gpus 3 cpus 92
0: mpibind: task  81 nths  1 gpus 3 cpus 93
0: mpibind: task  82 nths  1 gpus 3 cpus 94
0: mpibind: task  83 nths  1 gpus 3 cpus 95
0: 0.187s: flux-shell[14]: mpibind: 
0: mpibind: task   0 nths  1 gpus 0 cpus 1
0: mpibind: task   1 nths  1 gpus 0 cpus 2
0: mpibind: task   2 nths  1 gpus 0 cpus 3
0: mpibind: task   3 nths  1 gpus 0 cpus 4
0: mpibind: task   4 nths  1 gpus 0 cpus 5
0: mpibind: task   5 nths  1 gpus 0 cpus 6
0: mpibind: task   6 nths  1 gpus 0 cpus 7
0: mpibind: task   7 nths  1 gpus 0 cpus 9
0: mpibind: task   8 nths  1 gpus 0 cpus 10
0: mpibind: task   9 nths  1 gpus 0 cpus 11
0: mpibind: task  10 nths  1 gpus 0 cpus 12
0: mpibind: task  11 nths  1 gpus 0 cpus 13
0: mpibind: task  12 nths  1 gpus 0 cpus 14
0: mpibind: task  13 nths  1 gpus 0 cpus 15
0: mpibind: task  14 nths  1 gpus 0 cpus 17
0: mpibind: task  15 nths  1 gpus 0 cpus 18
0: mpibind: task  16 nths  1 gpus 0 cpus 19
0: mpibind: task  17 nths  1 gpus 0 cpus 20
0: mpibind: task  18 nths  1 gpus 0 cpus 21
0: mpibind: task  19 nths  1 gpus 0 cpus 22
0: mpibind: task  20 nths  1 gpus 0 cpus 23
0: mpibind: task  21 nths  1 gpus 1 cpus 25
0: mpibind: task  22 nths  1 gpus 1 cpus 26
0: mpibind: task  23 nths  1 gpus 1 cpus 27
0: mpibind: task  24 nths  1 gpus 1 cpus 28
0: mpibind: task  25 nths  1 gpus 1 cpus 29
0: mpibind: task  26 nths  1 gpus 1 cpus 30
0: mpibind: task  27 nths  1 gpus 1 cpus 31
0: mpibind: task  28 nths  1 gpus 1 cpus 33
0: mpibind: task  29 nths  1 gpus 1 cpus 34
0: mpibind: task  30 nths  1 gpus 1 cpus 35
0: mpibind: task  31 nths  1 gpus 1 cpus 36
0: mpibind: task  32 nths  1 gpus 1 cpus 37
0: mpibind: task  33 nths  1 gpus 1 cpus 38
0: mpibind: task  34 nths  1 gpus 1 cpus 39
0: mpibind: task  35 nths  1 gpus 1 cpus 41
0: mpibind: task  36 nths  1 gpus 1 cpus 42
0: mpibind: task  37 nths  1 gpus 1 cpus 43
0: mpibind: task  38 nths  1 gpus 1 cpus 44
0: mpibind: task  39 nths  1 gpus 1 cpus 45
0: mpibind: task  40 nths  1 gpus 1 cpus 46
0: mpibind: task  41 nths  1 gpus 1 cpus 47
0: mpibind: task  42 nths  1 gpus 2 cpus 49
0: mpibind: task  43 nths  1 gpus 2 cpus 50
0: mpibind: task  44 nths  1 gpus 2 cpus 51
0: mpibind: task  45 nths  1 gpus 2 cpus 52
0: mpibind: task  46 nths  1 gpus 2 cpus 53
0: mpibind: task  47 nths  1 gpus 2 cpus 54
0: mpibind: task  48 nths  1 gpus 2 cpus 55
0: mpibind: task  49 nths  1 gpus 2 cpus 57
0: mpibind: task  50 nths  1 gpus 2 cpus 58
0: mpibind: task  51 nths  1 gpus 2 cpus 59
0: mpibind: task  52 nths  1 gpus 2 cpus 60
0: mpibind: task  53 nths  1 gpus 2 cpus 61
0: mpibind: task  54 nths  1 gpus 2 cpus 62
0: mpibind: task  55 nths  1 gpus 2 cpus 63
0: mpibind: task  56 nths  1 gpus 2 cpus 65
0: mpibind: task  57 nths  1 gpus 2 cpus 66
0: mpibind: task  58 nths  1 gpus 2 cpus 67
0: mpibind: task  59 nths  1 gpus 2 cpus 68
0: mpibind: task  60 nths  1 gpus 2 cpus 69
0: mpibind: task  61 nths  1 gpus 2 cpus 70
0: mpibind: task  62 nths  1 gpus 2 cpus 71
0: mpibind: task  63 nths  1 gpus 3 cpus 73
0: mpibind: task  64 nths  1 gpus 3 cpus 74
0: mpibind: task  65 nths  1 gpus 3 cpus 75
0: mpibind: task  66 nths  1 gpus 3 cpus 76
0: mpibind: task  67 nths  1 gpus 3 cpus 77
0: mpibind: task  68 nths  1 gpus 3 cpus 78
0: mpibind: task  69 nths  1 gpus 3 cpus 79
0: mpibind: task  70 nths  1 gpus 3 cpus 81
0: mpibind: task  71 nths  1 gpus 3 cpus 82
0: mpibind: task  72 nths  1 gpus 3 cpus 83
0: mpibind: task  73 nths  1 gpus 3 cpus 84
0: mpibind: task  74 nths  1 gpus 3 cpus 85
0: mpibind: task  75 nths  1 gpus 3 cpus 86
0: mpibind: task  76 nths  1 gpus 3 cpus 87
0: mpibind: task  77 nths  1 gpus 3 cpus 89
0: mpibind: task  78 nths  1 gpus 3 cpus 90
0: mpibind: task  79 nths  1 gpus 3 cpus 91
0: mpibind: task  80 nths  1 gpus 3 cpus 92
0: mpibind: task  81 nths  1 gpus 3 cpus 93
0: mpibind: task  82 nths  1 gpus 3 cpus 94
0: mpibind: task  83 nths  1 gpus 3 cpus 95
0: 0.188s: flux-shell[6]: mpibind: 
0: mpibind: task   0 nths  1 gpus 0 cpus 1
0: mpibind: task   1 nths  1 gpus 0 cpus 2
0: mpibind: task   2 nths  1 gpus 0 cpus 3
0: mpibind: task   3 nths  1 gpus 0 cpus 4
0: mpibind: task   4 nths  1 gpus 0 cpus 5
0: mpibind: task   5 nths  1 gpus 0 cpus 6
0: mpibind: task   6 nths  1 gpus 0 cpus 7
0: mpibind: task   7 nths  1 gpus 0 cpus 9
0: mpibind: task   8 nths  1 gpus 0 cpus 10
0: mpibind: task   9 nths  1 gpus 0 cpus 11
0: mpibind: task  10 nths  1 gpus 0 cpus 12
0: mpibind: task  11 nths  1 gpus 0 cpus 13
0: mpibind: task  12 nths  1 gpus 0 cpus 14
0: mpibind: task  13 nths  1 gpus 0 cpus 15
0: mpibind: task  14 nths  1 gpus 0 cpus 17
0: mpibind: task  15 nths  1 gpus 0 cpus 18
0: mpibind: task  16 nths  1 gpus 0 cpus 19
0: mpibind: task  17 nths  1 gpus 0 cpus 20
0: mpibind: task  18 nths  1 gpus 0 cpus 21
0: mpibind: task  19 nths  1 gpus 0 cpus 22
0: mpibind: task  20 nths  1 gpus 0 cpus 23
0: mpibind: task  21 nths  1 gpus 1 cpus 25
0: mpibind: task  22 nths  1 gpus 1 cpus 26
0: mpibind: task  23 nths  1 gpus 1 cpus 27
0: mpibind: task  24 nths  1 gpus 1 cpus 28
0: mpibind: task  25 nths  1 gpus 1 cpus 29
0: mpibind: task  26 nths  1 gpus 1 cpus 30
0: mpibind: task  27 nths  1 gpus 1 cpus 31
0: mpibind: task  28 nths  1 gpus 1 cpus 33
0: mpibind: task  29 nths  1 gpus 1 cpus 34
0: mpibind: task  30 nths  1 gpus 1 cpus 35
0: mpibind: task  31 nths  1 gpus 1 cpus 36
0: mpibind: task  32 nths  1 gpus 1 cpus 37
0: mpibind: task  33 nths  1 gpus 1 cpus 38
0: mpibind: task  34 nths  1 gpus 1 cpus 39
0: mpibind: task  35 nths  1 gpus 1 cpus 41
0: mpibind: task  36 nths  1 gpus 1 cpus 42
0: mpibind: task  37 nths  1 gpus 1 cpus 43
0: mpibind: task  38 nths  1 gpus 1 cpus 44
0: mpibind: task  39 nths  1 gpus 1 cpus 45
0: mpibind: task  40 nths  1 gpus 1 cpus 46
0: mpibind: task  41 nths  1 gpus 1 cpus 47
0: mpibind: task  42 nths  1 gpus 2 cpus 49
0: mpibind: task  43 nths  1 gpus 2 cpus 50
0: mpibind: task  44 nths  1 gpus 2 cpus 51
0: mpibind: task  45 nths  1 gpus 2 cpus 52
0: mpibind: task  46 nths  1 gpus 2 cpus 53
0: mpibind: task  47 nths  1 gpus 2 cpus 54
0: mpibind: task  48 nths  1 gpus 2 cpus 55
0: mpibind: task  49 nths  1 gpus 2 cpus 57
0: mpibind: task  50 nths  1 gpus 2 cpus 58
0: mpibind: task  51 nths  1 gpus 2 cpus 59
0: mpibind: task  52 nths  1 gpus 2 cpus 60
0: mpibind: task  53 nths  1 gpus 2 cpus 61
0: mpibind: task  54 nths  1 gpus 2 cpus 62
0: mpibind: task  55 nths  1 gpus 2 cpus 63
0: mpibind: task  56 nths  1 gpus 2 cpus 65
0: mpibind: task  57 nths  1 gpus 2 cpus 66
0: mpibind: task  58 nths  1 gpus 2 cpus 67
0: mpibind: task  59 nths  1 gpus 2 cpus 68
0: mpibind: task  60 nths  1 gpus 2 cpus 69
0: mpibind: task  61 nths  1 gpus 2 cpus 70
0: mpibind: task  62 nths  1 gpus 2 cpus 71
0: mpibind: task  63 nths  1 gpus 3 cpus 73
0: mpibind: task  64 nths  1 gpus 3 cpus 74
0: mpibind: task  65 nths  1 gpus 3 cpus 75
0: mpibind: task  66 nths  1 gpus 3 cpus 76
0: mpibind: task  67 nths  1 gpus 3 cpus 77
0: mpibind: task  68 nths  1 gpus 3 cpus 78
0: mpibind: task  69 nths  1 gpus 3 cpus 79
0: mpibind: task  70 nths  1 gpus 3 cpus 81
0: mpibind: task  71 nths  1 gpus 3 cpus 82
0: mpibind: task  72 nths  1 gpus 3 cpus 83
0: mpibind: task  73 nths  1 gpus 3 cpus 84
0: mpibind: task  74 nths  1 gpus 3 cpus 85
0: mpibind: task  75 nths  1 gpus 3 cpus 86
0: mpibind: task  76 nths  1 gpus 3 cpus 87
0: mpibind: task  77 nths  1 gpus 3 cpus 89
0: mpibind: task  78 nths  1 gpus 3 cpus 90
0: mpibind: task  79 nths  1 gpus 3 cpus 91
0: mpibind: task  80 nths  1 gpus 3 cpus 92
0: mpibind: task  81 nths  1 gpus 3 cpus 93
0: mpibind: task  82 nths  1 gpus 3 cpus 94
0: mpibind: task  83 nths  1 gpus 3 cpus 95
0: 0.181s: flux-shell[4]: mpibind: 
0: mpibind: task   0 nths  1 gpus 0 cpus 1
0: mpibind: task   1 nths  1 gpus 0 cpus 2
0: mpibind: task   2 nths  1 gpus 0 cpus 3
0: mpibind: task   3 nths  1 gpus 0 cpus 4
0: mpibind: task   4 nths  1 gpus 0 cpus 5
0: mpibind: task   5 nths  1 gpus 0 cpus 6
0: mpibind: task   6 nths  1 gpus 0 cpus 7
0: mpibind: task   7 nths  1 gpus 0 cpus 9
0: mpibind: task   8 nths  1 gpus 0 cpus 10
0: mpibind: task   9 nths  1 gpus 0 cpus 11
0: mpibind: task  10 nths  1 gpus 0 cpus 12
0: mpibind: task  11 nths  1 gpus 0 cpus 13
0: mpibind: task  12 nths  1 gpus 0 cpus 14
0: mpibind: task  13 nths  1 gpus 0 cpus 15
0: mpibind: task  14 nths  1 gpus 0 cpus 17
0: mpibind: task  15 nths  1 gpus 0 cpus 18
0: mpibind: task  16 nths  1 gpus 0 cpus 19
0: mpibind: task  17 nths  1 gpus 0 cpus 20
0: mpibind: task  18 nths  1 gpus 0 cpus 21
0: mpibind: task  19 nths  1 gpus 0 cpus 22
0: mpibind: task  20 nths  1 gpus 0 cpus 23
0: mpibind: task  21 nths  1 gpus 1 cpus 25
0: mpibind: task  22 nths  1 gpus 1 cpus 26
0: mpibind: task  23 nths  1 gpus 1 cpus 27
0: mpibind: task  24 nths  1 gpus 1 cpus 28
0: mpibind: task  25 nths  1 gpus 1 cpus 29
0: mpibind: task  26 nths  1 gpus 1 cpus 30
0: mpibind: task  27 nths  1 gpus 1 cpus 31
0: mpibind: task  28 nths  1 gpus 1 cpus 33
0: mpibind: task  29 nths  1 gpus 1 cpus 34
0: mpibind: task  30 nths  1 gpus 1 cpus 35
0: mpibind: task  31 nths  1 gpus 1 cpus 36
0: mpibind: task  32 nths  1 gpus 1 cpus 37
0: mpibind: task  33 nths  1 gpus 1 cpus 38
0: mpibind: task  34 nths  1 gpus 1 cpus 39
0: mpibind: task  35 nths  1 gpus 1 cpus 41
0: mpibind: task  36 nths  1 gpus 1 cpus 42
0: mpibind: task  37 nths  1 gpus 1 cpus 43
0: mpibind: task  38 nths  1 gpus 1 cpus 44
0: mpibind: task  39 nths  1 gpus 1 cpus 45
0: mpibind: task  40 nths  1 gpus 1 cpus 46
0: mpibind: task  41 nths  1 gpus 1 cpus 47
0: mpibind: task  42 nths  1 gpus 2 cpus 49
0: mpibind: task  43 nths  1 gpus 2 cpus 50
0: mpibind: task  44 nths  1 gpus 2 cpus 51
0: mpibind: task  45 nths  1 gpus 2 cpus 52
0: mpibind: task  46 nths  1 gpus 2 cpus 53
0: mpibind: task  47 nths  1 gpus 2 cpus 54
0: mpibind: task  48 nths  1 gpus 2 cpus 55
0: mpibind: task  49 nths  1 gpus 2 cpus 57
0: mpibind: task  50 nths  1 gpus 2 cpus 58
0: mpibind: task  51 nths  1 gpus 2 cpus 59
0: mpibind: task  52 nths  1 gpus 2 cpus 60
0: mpibind: task  53 nths  1 gpus 2 cpus 61
0: mpibind: task  54 nths  1 gpus 2 cpus 62
0: mpibind: task  55 nths  1 gpus 2 cpus 63
0: mpibind: task  56 nths  1 gpus 2 cpus 65
0: mpibind: task  57 nths  1 gpus 2 cpus 66
0: mpibind: task  58 nths  1 gpus 2 cpus 67
0: mpibind: task  59 nths  1 gpus 2 cpus 68
0: mpibind: task  60 nths  1 gpus 2 cpus 69
0: mpibind: task  61 nths  1 gpus 2 cpus 70
0: mpibind: task  62 nths  1 gpus 2 cpus 71
0: mpibind: task  63 nths  1 gpus 3 cpus 73
0: mpibind: task  64 nths  1 gpus 3 cpus 74
0: mpibind: task  65 nths  1 gpus 3 cpus 75
0: mpibind: task  66 nths  1 gpus 3 cpus 76
0: mpibind: task  67 nths  1 gpus 3 cpus 77
0: mpibind: task  68 nths  1 gpus 3 cpus 78
0: mpibind: task  69 nths  1 gpus 3 cpus 79
0: mpibind: task  70 nths  1 gpus 3 cpus 81
0: mpibind: task  71 nths  1 gpus 3 cpus 82
0: mpibind: task  72 nths  1 gpus 3 cpus 83
0: mpibind: task  73 nths  1 gpus 3 cpus 84
0: mpibind: task  74 nths  1 gpus 3 cpus 85
0: mpibind: task  75 nths  1 gpus 3 cpus 86
0: mpibind: task  76 nths  1 gpus 3 cpus 87
0: mpibind: task  77 nths  1 gpus 3 cpus 89
0: mpibind: task  78 nths  1 gpus 3 cpus 90
0: mpibind: task  79 nths  1 gpus 3 cpus 91
0: mpibind: task  80 nths  1 gpus 3 cpus 92
0: mpibind: task  81 nths  1 gpus 3 cpus 93
0: mpibind: task  82 nths  1 gpus 3 cpus 94
0: mpibind: task  83 nths  1 gpus 3 cpus 95
0: 0.202s: flux-shell[29]: mpibind: 
0: mpibind: task   0 nths  1 gpus 0 cpus 1
0: mpibind: task   1 nths  1 gpus 0 cpus 2
0: mpibind: task   2 nths  1 gpus 0 cpus 3
0: mpibind: task   3 nths  1 gpus 0 cpus 4
0: mpibind: task   4 nths  1 gpus 0 cpus 5
0: mpibind: task   5 nths  1 gpus 0 cpus 6
0: mpibind: task   6 nths  1 gpus 0 cpus 7
0: mpibind: task   7 nths  1 gpus 0 cpus 9
0: mpibind: task   8 nths  1 gpus 0 cpus 10
0: mpibind: task   9 nths  1 gpus 0 cpus 11
0: mpibind: task  10 nths  1 gpus 0 cpus 12
0: mpibind: task  11 nths  1 gpus 0 cpus 13
0: mpibind: task  12 nths  1 gpus 0 cpus 14
0: mpibind: task  13 nths  1 gpus 0 cpus 15
0: mpibind: task  14 nths  1 gpus 0 cpus 17
0: mpibind: task  15 nths  1 gpus 0 cpus 18
0: mpibind: task  16 nths  1 gpus 0 cpus 19
0: mpibind: task  17 nths  1 gpus 0 cpus 20
0: mpibind: task  18 nths  1 gpus 0 cpus 21
0: mpibind: task  19 nths  1 gpus 0 cpus 22
0: mpibind: task  20 nths  1 gpus 0 cpus 23
0: mpibind: task  21 nths  1 gpus 1 cpus 25
0: mpibind: task  22 nths  1 gpus 1 cpus 26
0: mpibind: task  23 nths  1 gpus 1 cpus 27
0: mpibind: task  24 nths  1 gpus 1 cpus 28
0: mpibind: task  25 nths  1 gpus 1 cpus 29
0: mpibind: task  26 nths  1 gpus 1 cpus 30
0: mpibind: task  27 nths  1 gpus 1 cpus 31
0: mpibind: task  28 nths  1 gpus 1 cpus 33
0: mpibind: task  29 nths  1 gpus 1 cpus 34
0: mpibind: task  30 nths  1 gpus 1 cpus 35
0: mpibind: task  31 nths  1 gpus 1 cpus 36
0: mpibind: task  32 nths  1 gpus 1 cpus 37
0: mpibind: task  33 nths  1 gpus 1 cpus 38
0: mpibind: task  34 nths  1 gpus 1 cpus 39
0: mpibind: task  35 nths  1 gpus 1 cpus 41
0: mpibind: task  36 nths  1 gpus 1 cpus 42
0: mpibind: task  37 nths  1 gpus 1 cpus 43
0: mpibind: task  38 nths  1 gpus 1 cpus 44
0: mpibind: task  39 nths  1 gpus 1 cpus 45
0: mpibind: task  40 nths  1 gpus 1 cpus 46
0: mpibind: task  41 nths  1 gpus 1 cpus 47
0: mpibind: task  42 nths  1 gpus 2 cpus 49
0: mpibind: task  43 nths  1 gpus 2 cpus 50
0: mpibind: task  44 nths  1 gpus 2 cpus 51
0: mpibind: task  45 nths  1 gpus 2 cpus 52
0: mpibind: task  46 nths  1 gpus 2 cpus 53
0: mpibind: task  47 nths  1 gpus 2 cpus 54
0: mpibind: task  48 nths  1 gpus 2 cpus 55
0: mpibind: task  49 nths  1 gpus 2 cpus 57
0: mpibind: task  50 nths  1 gpus 2 cpus 58
0: mpibind: task  51 nths  1 gpus 2 cpus 59
0: mpibind: task  52 nths  1 gpus 2 cpus 60
0: mpibind: task  53 nths  1 gpus 2 cpus 61
0: mpibind: task  54 nths  1 gpus 2 cpus 62
0: mpibind: task  55 nths  1 gpus 2 cpus 63
0: mpibind: task  56 nths  1 gpus 2 cpus 65
0: mpibind: task  57 nths  1 gpus 2 cpus 66
0: mpibind: task  58 nths  1 gpus 2 cpus 67
0: mpibind: task  59 nths  1 gpus 2 cpus 68
0: mpibind: task  60 nths  1 gpus 2 cpus 69
0: mpibind: task  61 nths  1 gpus 2 cpus 70
0: mpibind: task  62 nths  1 gpus 2 cpus 71
0: mpibind: task  63 nths  1 gpus 3 cpus 73
0: mpibind: task  64 nths  1 gpus 3 cpus 74
0: mpibind: task  65 nths  1 gpus 3 cpus 75
0: mpibind: task  66 nths  1 gpus 3 cpus 76
0: mpibind: task  67 nths  1 gpus 3 cpus 77
0: mpibind: task  68 nths  1 gpus 3 cpus 78
0: mpibind: task  69 nths  1 gpus 3 cpus 79
0: mpibind: task  70 nths  1 gpus 3 cpus 81
0: mpibind: task  71 nths  1 gpus 3 cpus 82
0: mpibind: task  72 nths  1 gpus 3 cpus 83
0: mpibind: task  73 nths  1 gpus 3 cpus 84
0: mpibind: task  74 nths  1 gpus 3 cpus 85
0: mpibind: task  75 nths  1 gpus 3 cpus 86
0: mpibind: task  76 nths  1 gpus 3 cpus 87
0: mpibind: task  77 nths  1 gpus 3 cpus 89
0: mpibind: task  78 nths  1 gpus 3 cpus 90
0: mpibind: task  79 nths  1 gpus 3 cpus 91
0: mpibind: task  80 nths  1 gpus 3 cpus 92
0: mpibind: task  81 nths  1 gpus 3 cpus 93
0: mpibind: task  82 nths  1 gpus 3 cpus 94
0: mpibind: task  83 nths  1 gpus 3 cpus 95
0: 0.196s: flux-shell[24]: mpibind: 
0: mpibind: task   0 nths  1 gpus 0 cpus 1
0: mpibind: task   1 nths  1 gpus 0 cpus 2
0: mpibind: task   2 nths  1 gpus 0 cpus 3
0: mpibind: task   3 nths  1 gpus 0 cpus 4
0: mpibind: task   4 nths  1 gpus 0 cpus 5
0: mpibind: task   5 nths  1 gpus 0 cpus 6
0: mpibind: task   6 nths  1 gpus 0 cpus 7
0: mpibind: task   7 nths  1 gpus 0 cpus 9
0: mpibind: task   8 nths  1 gpus 0 cpus 10
0: mpibind: task   9 nths  1 gpus 0 cpus 11
0: mpibind: task  10 nths  1 gpus 0 cpus 12
0: mpibind: task  11 nths  1 gpus 0 cpus 13
0: mpibind: task  12 nths  1 gpus 0 cpus 14
0: mpibind: task  13 nths  1 gpus 0 cpus 15
0: mpibind: task  14 nths  1 gpus 0 cpus 17
0: mpibind: task  15 nths  1 gpus 0 cpus 18
0: mpibind: task  16 nths  1 gpus 0 cpus 19
0: mpibind: task  17 nths  1 gpus 0 cpus 20
0: mpibind: task  18 nths  1 gpus 0 cpus 21
0: mpibind: task  19 nths  1 gpus 0 cpus 22
0: mpibind: task  20 nths  1 gpus 0 cpus 23
0: mpibind: task  21 nths  1 gpus 1 cpus 25
0: mpibind: task  22 nths  1 gpus 1 cpus 26
0: mpibind: task  23 nths  1 gpus 1 cpus 27
0: mpibind: task  24 nths  1 gpus 1 cpus 28
0: mpibind: task  25 nths  1 gpus 1 cpus 29
0: mpibind: task  26 nths  1 gpus 1 cpus 30
0: mpibind: task  27 nths  1 gpus 1 cpus 31
0: mpibind: task  28 nths  1 gpus 1 cpus 33
0: mpibind: task  29 nths  1 gpus 1 cpus 34
0: mpibind: task  30 nths  1 gpus 1 cpus 35
0: mpibind: task  31 nths  1 gpus 1 cpus 36
0: mpibind: task  32 nths  1 gpus 1 cpus 37
0: mpibind: task  33 nths  1 gpus 1 cpus 38
0: mpibind: task  34 nths  1 gpus 1 cpus 39
0: mpibind: task  35 nths  1 gpus 1 cpus 41
0: mpibind: task  36 nths  1 gpus 1 cpus 42
0: mpibind: task  37 nths  1 gpus 1 cpus 43
0: mpibind: task  38 nths  1 gpus 1 cpus 44
0: mpibind: task  39 nths  1 gpus 1 cpus 45
0: mpibind: task  40 nths  1 gpus 1 cpus 46
0: mpibind: task  41 nths  1 gpus 1 cpus 47
0: mpibind: task  42 nths  1 gpus 2 cpus 49
0: mpibind: task  43 nths  1 gpus 2 cpus 50
0: mpibind: task  44 nths  1 gpus 2 cpus 51
0: mpibind: task  45 nths  1 gpus 2 cpus 52
0: mpibind: task  46 nths  1 gpus 2 cpus 53
0: mpibind: task  47 nths  1 gpus 2 cpus 54
0: mpibind: task  48 nths  1 gpus 2 cpus 55
0: mpibind: task  49 nths  1 gpus 2 cpus 57
0: mpibind: task  50 nths  1 gpus 2 cpus 58
0: mpibind: task  51 nths  1 gpus 2 cpus 59
0: mpibind: task  52 nths  1 gpus 2 cpus 60
0: mpibind: task  53 nths  1 gpus 2 cpus 61
0: mpibind: task  54 nths  1 gpus 2 cpus 62
0: mpibind: task  55 nths  1 gpus 2 cpus 63
0: mpibind: task  56 nths  1 gpus 2 cpus 65
0: mpibind: task  57 nths  1 gpus 2 cpus 66
0: mpibind: task  58 nths  1 gpus 2 cpus 67
0: mpibind: task  59 nths  1 gpus 2 cpus 68
0: mpibind: task  60 nths  1 gpus 2 cpus 69
0: mpibind: task  61 nths  1 gpus 2 cpus 70
0: mpibind: task  62 nths  1 gpus 2 cpus 71
0: mpibind: task  63 nths  1 gpus 3 cpus 73
0: mpibind: task  64 nths  1 gpus 3 cpus 74
0: mpibind: task  65 nths  1 gpus 3 cpus 75
0: mpibind: task  66 nths  1 gpus 3 cpus 76
0: mpibind: task  67 nths  1 gpus 3 cpus 77
0: mpibind: task  68 nths  1 gpus 3 cpus 78
0: mpibind: task  69 nths  1 gpus 3 cpus 79
0: mpibind: task  70 nths  1 gpus 3 cpus 81
0: mpibind: task  71 nths  1 gpus 3 cpus 82
0: mpibind: task  72 nths  1 gpus 3 cpus 83
0: mpibind: task  73 nths  1 gpus 3 cpus 84
0: mpibind: task  74 nths  1 gpus 3 cpus 85
0: mpibind: task  75 nths  1 gpus 3 cpus 86
0: mpibind: task  76 nths  1 gpus 3 cpus 87
0: mpibind: task  77 nths  1 gpus 3 cpus 89
0: mpibind: task  78 nths  1 gpus 3 cpus 90
0: mpibind: task  79 nths  1 gpus 3 cpus 91
0: mpibind: task  80 nths  1 gpus 3 cpus 92
0: mpibind: task  81 nths  1 gpus 3 cpus 93
0: mpibind: task  82 nths  1 gpus 3 cpus 94
0: mpibind: task  83 nths  1 gpus 3 cpus 95
0: 0.197s: flux-shell[11]: mpibind: 
0: mpibind: task   0 nths  1 gpus 0 cpus 1
0: mpibind: task   1 nths  1 gpus 0 cpus 2
0: mpibind: task   2 nths  1 gpus 0 cpus 3
0: mpibind: task   3 nths  1 gpus 0 cpus 4
0: mpibind: task   4 nths  1 gpus 0 cpus 5
0: mpibind: task   5 nths  1 gpus 0 cpus 6
0: mpibind: task   6 nths  1 gpus 0 cpus 7
0: mpibind: task   7 nths  1 gpus 0 cpus 9
0: mpibind: task   8 nths  1 gpus 0 cpus 10
0: mpibind: task   9 nths  1 gpus 0 cpus 11
0: mpibind: task  10 nths  1 gpus 0 cpus 12
0: mpibind: task  11 nths  1 gpus 0 cpus 13
0: mpibind: task  12 nths  1 gpus 0 cpus 14
0: mpibind: task  13 nths  1 gpus 0 cpus 15
0: mpibind: task  14 nths  1 gpus 0 cpus 17
0: mpibind: task  15 nths  1 gpus 0 cpus 18
0: mpibind: task  16 nths  1 gpus 0 cpus 19
0: mpibind: task  17 nths  1 gpus 0 cpus 20
0: mpibind: task  18 nths  1 gpus 0 cpus 21
0: mpibind: task  19 nths  1 gpus 0 cpus 22
0: mpibind: task  20 nths  1 gpus 0 cpus 23
0: mpibind: task  21 nths  1 gpus 1 cpus 25
0: mpibind: task  22 nths  1 gpus 1 cpus 26
0: mpibind: task  23 nths  1 gpus 1 cpus 27
0: mpibind: task  24 nths  1 gpus 1 cpus 28
0: mpibind: task  25 nths  1 gpus 1 cpus 29
0: mpibind: task  26 nths  1 gpus 1 cpus 30
0: mpibind: task  27 nths  1 gpus 1 cpus 31
0: mpibind: task  28 nths  1 gpus 1 cpus 33
0: mpibind: task  29 nths  1 gpus 1 cpus 34
0: mpibind: task  30 nths  1 gpus 1 cpus 35
0: mpibind: task  31 nths  1 gpus 1 cpus 36
0: mpibind: task  32 nths  1 gpus 1 cpus 37
0: mpibind: task  33 nths  1 gpus 1 cpus 38
0: mpibind: task  34 nths  1 gpus 1 cpus 39
0: mpibind: task  35 nths  1 gpus 1 cpus 41
0: mpibind: task  36 nths  1 gpus 1 cpus 42
0: mpibind: task  37 nths  1 gpus 1 cpus 43
0: mpibind: task  38 nths  1 gpus 1 cpus 44
0: mpibind: task  39 nths  1 gpus 1 cpus 45
0: mpibind: task  40 nths  1 gpus 1 cpus 46
0: mpibind: task  41 nths  1 gpus 1 cpus 47
0: mpibind: task  42 nths  1 gpus 2 cpus 49
0: mpibind: task  43 nths  1 gpus 2 cpus 50
0: mpibind: task  44 nths  1 gpus 2 cpus 51
0: mpibind: task  45 nths  1 gpus 2 cpus 52
0: mpibind: task  46 nths  1 gpus 2 cpus 53
0: mpibind: task  47 nths  1 gpus 2 cpus 54
0: mpibind: task  48 nths  1 gpus 2 cpus 55
0: mpibind: task  49 nths  1 gpus 2 cpus 57
0: mpibind: task  50 nths  1 gpus 2 cpus 58
0: mpibind: task  51 nths  1 gpus 2 cpus 59
0: mpibind: task  52 nths  1 gpus 2 cpus 60
0: mpibind: task  53 nths  1 gpus 2 cpus 61
0: mpibind: task  54 nths  1 gpus 2 cpus 62
0: mpibind: task  55 nths  1 gpus 2 cpus 63
0: mpibind: task  56 nths  1 gpus 2 cpus 65
0: mpibind: task  57 nths  1 gpus 2 cpus 66
0: mpibind: task  58 nths  1 gpus 2 cpus 67
0: mpibind: task  59 nths  1 gpus 2 cpus 68
0: mpibind: task  60 nths  1 gpus 2 cpus 69
0: mpibind: task  61 nths  1 gpus 2 cpus 70
0: mpibind: task  62 nths  1 gpus 2 cpus 71
0: mpibind: task  63 nths  1 gpus 3 cpus 73
0: mpibind: task  64 nths  1 gpus 3 cpus 74
0: mpibind: task  65 nths  1 gpus 3 cpus 75
0: mpibind: task  66 nths  1 gpus 3 cpus 76
0: mpibind: task  67 nths  1 gpus 3 cpus 77
0: mpibind: task  68 nths  1 gpus 3 cpus 78
0: mpibind: task  69 nths  1 gpus 3 cpus 79
0: mpibind: task  70 nths  1 gpus 3 cpus 81
0: mpibind: task  71 nths  1 gpus 3 cpus 82
0: mpibind: task  72 nths  1 gpus 3 cpus 83
0: mpibind: task  73 nths  1 gpus 3 cpus 84
0: mpibind: task  74 nths  1 gpus 3 cpus 85
0: mpibind: task  75 nths  1 gpus 3 cpus 86
0: mpibind: task  76 nths  1 gpus 3 cpus 87
0: mpibind: task  77 nths  1 gpus 3 cpus 89
0: mpibind: task  78 nths  1 gpus 3 cpus 90
0: mpibind: task  79 nths  1 gpus 3 cpus 91
0: mpibind: task  80 nths  1 gpus 3 cpus 92
0: mpibind: task  81 nths  1 gpus 3 cpus 93
0: mpibind: task  82 nths  1 gpus 3 cpus 94
0: mpibind: task  83 nths  1 gpus 3 cpus 95
0: 0.193s: flux-shell[5]: mpibind: 
0: mpibind: task   0 nths  1 gpus 0 cpus 1
0: mpibind: task   1 nths  1 gpus 0 cpus 2
0: mpibind: task   2 nths  1 gpus 0 cpus 3
0: mpibind: task   3 nths  1 gpus 0 cpus 4
0: mpibind: task   4 nths  1 gpus 0 cpus 5
0: mpibind: task   5 nths  1 gpus 0 cpus 6
0: mpibind: task   6 nths  1 gpus 0 cpus 7
0: mpibind: task   7 nths  1 gpus 0 cpus 9
0: mpibind: task   8 nths  1 gpus 0 cpus 10
0: mpibind: task   9 nths  1 gpus 0 cpus 11
0: mpibind: task  10 nths  1 gpus 0 cpus 12
0: mpibind: task  11 nths  1 gpus 0 cpus 13
0: mpibind: task  12 nths  1 gpus 0 cpus 14
0: mpibind: task  13 nths  1 gpus 0 cpus 15
0: mpibind: task  14 nths  1 gpus 0 cpus 17
0: mpibind: task  15 nths  1 gpus 0 cpus 18
0: mpibind: task  16 nths  1 gpus 0 cpus 19
0: mpibind: task  17 nths  1 gpus 0 cpus 20
0: mpibind: task  18 nths  1 gpus 0 cpus 21
0: mpibind: task  19 nths  1 gpus 0 cpus 22
0: mpibind: task  20 nths  1 gpus 0 cpus 23
0: mpibind: task  21 nths  1 gpus 1 cpus 25
0: mpibind: task  22 nths  1 gpus 1 cpus 26
0: mpibind: task  23 nths  1 gpus 1 cpus 27
0: mpibind: task  24 nths  1 gpus 1 cpus 28
0: mpibind: task  25 nths  1 gpus 1 cpus 29
0: mpibind: task  26 nths  1 gpus 1 cpus 30
0: mpibind: task  27 nths  1 gpus 1 cpus 31
0: mpibind: task  28 nths  1 gpus 1 cpus 33
0: mpibind: task  29 nths  1 gpus 1 cpus 34
0: mpibind: task  30 nths  1 gpus 1 cpus 35
0: mpibind: task  31 nths  1 gpus 1 cpus 36
0: mpibind: task  32 nths  1 gpus 1 cpus 37
0: mpibind: task  33 nths  1 gpus 1 cpus 38
0: mpibind: task  34 nths  1 gpus 1 cpus 39
0: mpibind: task  35 nths  1 gpus 1 cpus 41
0: mpibind: task  36 nths  1 gpus 1 cpus 42
0: mpibind: task  37 nths  1 gpus 1 cpus 43
0: mpibind: task  38 nths  1 gpus 1 cpus 44
0: mpibind: task  39 nths  1 gpus 1 cpus 45
0: mpibind: task  40 nths  1 gpus 1 cpus 46
0: mpibind: task  41 nths  1 gpus 1 cpus 47
0: mpibind: task  42 nths  1 gpus 2 cpus 49
0: mpibind: task  43 nths  1 gpus 2 cpus 50
0: mpibind: task  44 nths  1 gpus 2 cpus 51
0: mpibind: task  45 nths  1 gpus 2 cpus 52
0: mpibind: task  46 nths  1 gpus 2 cpus 53
0: mpibind: task  47 nths  1 gpus 2 cpus 54
0: mpibind: task  48 nths  1 gpus 2 cpus 55
0: mpibind: task  49 nths  1 gpus 2 cpus 57
0: mpibind: task  50 nths  1 gpus 2 cpus 58
0: mpibind: task  51 nths  1 gpus 2 cpus 59
0: mpibind: task  52 nths  1 gpus 2 cpus 60
0: mpibind: task  53 nths  1 gpus 2 cpus 61
0: mpibind: task  54 nths  1 gpus 2 cpus 62
0: mpibind: task  55 nths  1 gpus 2 cpus 63
0: mpibind: task  56 nths  1 gpus 2 cpus 65
0: mpibind: task  57 nths  1 gpus 2 cpus 66
0: mpibind: task  58 nths  1 gpus 2 cpus 67
0: mpibind: task  59 nths  1 gpus 2 cpus 68
0: mpibind: task  60 nths  1 gpus 2 cpus 69
0: mpibind: task  61 nths  1 gpus 2 cpus 70
0: mpibind: task  62 nths  1 gpus 2 cpus 71
0: mpibind: task  63 nths  1 gpus 3 cpus 73
0: mpibind: task  64 nths  1 gpus 3 cpus 74
0: mpibind: task  65 nths  1 gpus 3 cpus 75
0: mpibind: task  66 nths  1 gpus 3 cpus 76
0: mpibind: task  67 nths  1 gpus 3 cpus 77
0: mpibind: task  68 nths  1 gpus 3 cpus 78
0: mpibind: task  69 nths  1 gpus 3 cpus 79
0: mpibind: task  70 nths  1 gpus 3 cpus 81
0: mpibind: task  71 nths  1 gpus 3 cpus 82
0: mpibind: task  72 nths  1 gpus 3 cpus 83
0: mpibind: task  73 nths  1 gpus 3 cpus 84
0: mpibind: task  74 nths  1 gpus 3 cpus 85
0: mpibind: task  75 nths  1 gpus 3 cpus 86
0: mpibind: task  76 nths  1 gpus 3 cpus 87
0: mpibind: task  77 nths  1 gpus 3 cpus 89
0: mpibind: task  78 nths  1 gpus 3 cpus 90
0: mpibind: task  79 nths  1 gpus 3 cpus 91
0: mpibind: task  80 nths  1 gpus 3 cpus 92
0: mpibind: task  81 nths  1 gpus 3 cpus 93
0: mpibind: task  82 nths  1 gpus 3 cpus 94
0: mpibind: task  83 nths  1 gpus 3 cpus 95
0: 0.196s: flux-shell[22]: mpibind: 
0: mpibind: task   0 nths  1 gpus 0 cpus 1
0: mpibind: task   1 nths  1 gpus 0 cpus 2
0: mpibind: task   2 nths  1 gpus 0 cpus 3
0: mpibind: task   3 nths  1 gpus 0 cpus 4
0: mpibind: task   4 nths  1 gpus 0 cpus 5
0: mpibind: task   5 nths  1 gpus 0 cpus 6
0: mpibind: task   6 nths  1 gpus 0 cpus 7
0: mpibind: task   7 nths  1 gpus 0 cpus 9
0: mpibind: task   8 nths  1 gpus 0 cpus 10
0: mpibind: task   9 nths  1 gpus 0 cpus 11
0: mpibind: task  10 nths  1 gpus 0 cpus 12
0: mpibind: task  11 nths  1 gpus 0 cpus 13
0: mpibind: task  12 nths  1 gpus 0 cpus 14
0: mpibind: task  13 nths  1 gpus 0 cpus 15
0: mpibind: task  14 nths  1 gpus 0 cpus 17
0: mpibind: task  15 nths  1 gpus 0 cpus 18
0: mpibind: task  16 nths  1 gpus 0 cpus 19
0: mpibind: task  17 nths  1 gpus 0 cpus 20
0: mpibind: task  18 nths  1 gpus 0 cpus 21
0: mpibind: task  19 nths  1 gpus 0 cpus 22
0: mpibind: task  20 nths  1 gpus 0 cpus 23
0: mpibind: task  21 nths  1 gpus 1 cpus 25
0: mpibind: task  22 nths  1 gpus 1 cpus 26
0: mpibind: task  23 nths  1 gpus 1 cpus 27
0: mpibind: task  24 nths  1 gpus 1 cpus 28
0: mpibind: task  25 nths  1 gpus 1 cpus 29
0: mpibind: task  26 nths  1 gpus 1 cpus 30
0: mpibind: task  27 nths  1 gpus 1 cpus 31
0: mpibind: task  28 nths  1 gpus 1 cpus 33
0: mpibind: task  29 nths  1 gpus 1 cpus 34
0: mpibind: task  30 nths  1 gpus 1 cpus 35
0: mpibind: task  31 nths  1 gpus 1 cpus 36
0: mpibind: task  32 nths  1 gpus 1 cpus 37
0: mpibind: task  33 nths  1 gpus 1 cpus 38
0: mpibind: task  34 nths  1 gpus 1 cpus 39
0: mpibind: task  35 nths  1 gpus 1 cpus 41
0: mpibind: task  36 nths  1 gpus 1 cpus 42
0: mpibind: task  37 nths  1 gpus 1 cpus 43
0: mpibind: task  38 nths  1 gpus 1 cpus 44
0: mpibind: task  39 nths  1 gpus 1 cpus 45
0: mpibind: task  40 nths  1 gpus 1 cpus 46
0: mpibind: task  41 nths  1 gpus 1 cpus 47
0: mpibind: task  42 nths  1 gpus 2 cpus 49
0: mpibind: task  43 nths  1 gpus 2 cpus 50
0: mpibind: task  44 nths  1 gpus 2 cpus 51
0: mpibind: task  45 nths  1 gpus 2 cpus 52
0: mpibind: task  46 nths  1 gpus 2 cpus 53
0: mpibind: task  47 nths  1 gpus 2 cpus 54
0: mpibind: task  48 nths  1 gpus 2 cpus 55
0: mpibind: task  49 nths  1 gpus 2 cpus 57
0: mpibind: task  50 nths  1 gpus 2 cpus 58
0: mpibind: task  51 nths  1 gpus 2 cpus 59
0: mpibind: task  52 nths  1 gpus 2 cpus 60
0: mpibind: task  53 nths  1 gpus 2 cpus 61
0: mpibind: task  54 nths  1 gpus 2 cpus 62
0: mpibind: task  55 nths  1 gpus 2 cpus 63
0: mpibind: task  56 nths  1 gpus 2 cpus 65
0: mpibind: task  57 nths  1 gpus 2 cpus 66
0: mpibind: task  58 nths  1 gpus 2 cpus 67
0: mpibind: task  59 nths  1 gpus 2 cpus 68
0: mpibind: task  60 nths  1 gpus 2 cpus 69
0: mpibind: task  61 nths  1 gpus 2 cpus 70
0: mpibind: task  62 nths  1 gpus 2 cpus 71
0: mpibind: task  63 nths  1 gpus 3 cpus 73
0: mpibind: task  64 nths  1 gpus 3 cpus 74
0: mpibind: task  65 nths  1 gpus 3 cpus 75
0: mpibind: task  66 nths  1 gpus 3 cpus 76
0: mpibind: task  67 nths  1 gpus 3 cpus 77
0: mpibind: task  68 nths  1 gpus 3 cpus 78
0: mpibind: task  69 nths  1 gpus 3 cpus 79
0: mpibind: task  70 nths  1 gpus 3 cpus 81
0: mpibind: task  71 nths  1 gpus 3 cpus 82
0: mpibind: task  72 nths  1 gpus 3 cpus 83
0: mpibind: task  73 nths  1 gpus 3 cpus 84
0: mpibind: task  74 nths  1 gpus 3 cpus 85
0: mpibind: task  75 nths  1 gpus 3 cpus 86
0: mpibind: task  76 nths  1 gpus 3 cpus 87
0: mpibind: task  77 nths  1 gpus 3 cpus 89
0: mpibind: task  78 nths  1 gpus 3 cpus 90
0: mpibind: task  79 nths  1 gpus 3 cpus 91
0: mpibind: task  80 nths  1 gpus 3 cpus 92
0: mpibind: task  81 nths  1 gpus 3 cpus 93
0: mpibind: task  82 nths  1 gpus 3 cpus 94
0: mpibind: task  83 nths  1 gpus 3 cpus 95
0: 0.185s: flux-shell[2]: mpibind: 
0: mpibind: task   0 nths  1 gpus 0 cpus 1
0: mpibind: task   1 nths  1 gpus 0 cpus 2
0: mpibind: task   2 nths  1 gpus 0 cpus 3
0: mpibind: task   3 nths  1 gpus 0 cpus 4
0: mpibind: task   4 nths  1 gpus 0 cpus 5
0: mpibind: task   5 nths  1 gpus 0 cpus 6
0: mpibind: task   6 nths  1 gpus 0 cpus 7
0: mpibind: task   7 nths  1 gpus 0 cpus 9
0: mpibind: task   8 nths  1 gpus 0 cpus 10
0: mpibind: task   9 nths  1 gpus 0 cpus 11
0: mpibind: task  10 nths  1 gpus 0 cpus 12
0: mpibind: task  11 nths  1 gpus 0 cpus 13
0: mpibind: task  12 nths  1 gpus 0 cpus 14
0: mpibind: task  13 nths  1 gpus 0 cpus 15
0: mpibind: task  14 nths  1 gpus 0 cpus 17
0: mpibind: task  15 nths  1 gpus 0 cpus 18
0: mpibind: task  16 nths  1 gpus 0 cpus 19
0: mpibind: task  17 nths  1 gpus 0 cpus 20
0: mpibind: task  18 nths  1 gpus 0 cpus 21
0: mpibind: task  19 nths  1 gpus 0 cpus 22
0: mpibind: task  20 nths  1 gpus 0 cpus 23
0: mpibind: task  21 nths  1 gpus 1 cpus 25
0: mpibind: task  22 nths  1 gpus 1 cpus 26
0: mpibind: task  23 nths  1 gpus 1 cpus 27
0: mpibind: task  24 nths  1 gpus 1 cpus 28
0: mpibind: task  25 nths  1 gpus 1 cpus 29
0: mpibind: task  26 nths  1 gpus 1 cpus 30
0: mpibind: task  27 nths  1 gpus 1 cpus 31
0: mpibind: task  28 nths  1 gpus 1 cpus 33
0: mpibind: task  29 nths  1 gpus 1 cpus 34
0: mpibind: task  30 nths  1 gpus 1 cpus 35
0: mpibind: task  31 nths  1 gpus 1 cpus 36
0: mpibind: task  32 nths  1 gpus 1 cpus 37
0: mpibind: task  33 nths  1 gpus 1 cpus 38
0: mpibind: task  34 nths  1 gpus 1 cpus 39
0: mpibind: task  35 nths  1 gpus 1 cpus 41
0: mpibind: task  36 nths  1 gpus 1 cpus 42
0: mpibind: task  37 nths  1 gpus 1 cpus 43
0: mpibind: task  38 nths  1 gpus 1 cpus 44
0: mpibind: task  39 nths  1 gpus 1 cpus 45
0: mpibind: task  40 nths  1 gpus 1 cpus 46
0: mpibind: task  41 nths  1 gpus 1 cpus 47
0: mpibind: task  42 nths  1 gpus 2 cpus 49
0: mpibind: task  43 nths  1 gpus 2 cpus 50
0: mpibind: task  44 nths  1 gpus 2 cpus 51
0: mpibind: task  45 nths  1 gpus 2 cpus 52
0: mpibind: task  46 nths  1 gpus 2 cpus 53
0: mpibind: task  47 nths  1 gpus 2 cpus 54
0: mpibind: task  48 nths  1 gpus 2 cpus 55
0: mpibind: task  49 nths  1 gpus 2 cpus 57
0: mpibind: task  50 nths  1 gpus 2 cpus 58
0: mpibind: task  51 nths  1 gpus 2 cpus 59
0: mpibind: task  52 nths  1 gpus 2 cpus 60
0: mpibind: task  53 nths  1 gpus 2 cpus 61
0: mpibind: task  54 nths  1 gpus 2 cpus 62
0: mpibind: task  55 nths  1 gpus 2 cpus 63
0: mpibind: task  56 nths  1 gpus 2 cpus 65
0: mpibind: task  57 nths  1 gpus 2 cpus 66
0: mpibind: task  58 nths  1 gpus 2 cpus 67
0: mpibind: task  59 nths  1 gpus 2 cpus 68
0: mpibind: task  60 nths  1 gpus 2 cpus 69
0: mpibind: task  61 nths  1 gpus 2 cpus 70
0: mpibind: task  62 nths  1 gpus 2 cpus 71
0: mpibind: task  63 nths  1 gpus 3 cpus 73
0: mpibind: task  64 nths  1 gpus 3 cpus 74
0: mpibind: task  65 nths  1 gpus 3 cpus 75
0: mpibind: task  66 nths  1 gpus 3 cpus 76
0: mpibind: task  67 nths  1 gpus 3 cpus 77
0: mpibind: task  68 nths  1 gpus 3 cpus 78
0: mpibind: task  69 nths  1 gpus 3 cpus 79
0: mpibind: task  70 nths  1 gpus 3 cpus 81
0: mpibind: task  71 nths  1 gpus 3 cpus 82
0: mpibind: task  72 nths  1 gpus 3 cpus 83
0: mpibind: task  73 nths  1 gpus 3 cpus 84
0: mpibind: task  74 nths  1 gpus 3 cpus 85
0: mpibind: task  75 nths  1 gpus 3 cpus 86
0: mpibind: task  76 nths  1 gpus 3 cpus 87
0: mpibind: task  77 nths  1 gpus 3 cpus 89
0: mpibind: task  78 nths  1 gpus 3 cpus 90
0: mpibind: task  79 nths  1 gpus 3 cpus 91
0: mpibind: task  80 nths  1 gpus 3 cpus 92
0: mpibind: task  81 nths  1 gpus 3 cpus 93
0: mpibind: task  82 nths  1 gpus 3 cpus 94
0: mpibind: task  83 nths  1 gpus 3 cpus 95
0: 0.197s: flux-shell[25]: mpibind: 
0: mpibind: task   0 nths  1 gpus 0 cpus 1
0: mpibind: task   1 nths  1 gpus 0 cpus 2
0: mpibind: task   2 nths  1 gpus 0 cpus 3
0: mpibind: task   3 nths  1 gpus 0 cpus 4
0: mpibind: task   4 nths  1 gpus 0 cpus 5
0: mpibind: task   5 nths  1 gpus 0 cpus 6
0: mpibind: task   6 nths  1 gpus 0 cpus 7
0: mpibind: task   7 nths  1 gpus 0 cpus 9
0: mpibind: task   8 nths  1 gpus 0 cpus 10
0: mpibind: task   9 nths  1 gpus 0 cpus 11
0: mpibind: task  10 nths  1 gpus 0 cpus 12
0: mpibind: task  11 nths  1 gpus 0 cpus 13
0: mpibind: task  12 nths  1 gpus 0 cpus 14
0: mpibind: task  13 nths  1 gpus 0 cpus 15
0: mpibind: task  14 nths  1 gpus 0 cpus 17
0: mpibind: task  15 nths  1 gpus 0 cpus 18
0: mpibind: task  16 nths  1 gpus 0 cpus 19
0: mpibind: task  17 nths  1 gpus 0 cpus 20
0: mpibind: task  18 nths  1 gpus 0 cpus 21
0: mpibind: task  19 nths  1 gpus 0 cpus 22
0: mpibind: task  20 nths  1 gpus 0 cpus 23
0: mpibind: task  21 nths  1 gpus 1 cpus 25
0: mpibind: task  22 nths  1 gpus 1 cpus 26
0: mpibind: task  23 nths  1 gpus 1 cpus 27
0: mpibind: task  24 nths  1 gpus 1 cpus 28
0: mpibind: task  25 nths  1 gpus 1 cpus 29
0: mpibind: task  26 nths  1 gpus 1 cpus 30
0: mpibind: task  27 nths  1 gpus 1 cpus 31
0: mpibind: task  28 nths  1 gpus 1 cpus 33
0: mpibind: task  29 nths  1 gpus 1 cpus 34
0: mpibind: task  30 nths  1 gpus 1 cpus 35
0: mpibind: task  31 nths  1 gpus 1 cpus 36
0: mpibind: task  32 nths  1 gpus 1 cpus 37
0: mpibind: task  33 nths  1 gpus 1 cpus 38
0: mpibind: task  34 nths  1 gpus 1 cpus 39
0: mpibind: task  35 nths  1 gpus 1 cpus 41
0: mpibind: task  36 nths  1 gpus 1 cpus 42
0: mpibind: task  37 nths  1 gpus 1 cpus 43
0: mpibind: task  38 nths  1 gpus 1 cpus 44
0: mpibind: task  39 nths  1 gpus 1 cpus 45
0: mpibind: task  40 nths  1 gpus 1 cpus 46
0: mpibind: task  41 nths  1 gpus 1 cpus 47
0: mpibind: task  42 nths  1 gpus 2 cpus 49
0: mpibind: task  43 nths  1 gpus 2 cpus 50
0: mpibind: task  44 nths  1 gpus 2 cpus 51
0: mpibind: task  45 nths  1 gpus 2 cpus 52
0: mpibind: task  46 nths  1 gpus 2 cpus 53
0: mpibind: task  47 nths  1 gpus 2 cpus 54
0: mpibind: task  48 nths  1 gpus 2 cpus 55
0: mpibind: task  49 nths  1 gpus 2 cpus 57
0: mpibind: task  50 nths  1 gpus 2 cpus 58
0: mpibind: task  51 nths  1 gpus 2 cpus 59
0: mpibind: task  52 nths  1 gpus 2 cpus 60
0: mpibind: task  53 nths  1 gpus 2 cpus 61
0: mpibind: task  54 nths  1 gpus 2 cpus 62
0: mpibind: task  55 nths  1 gpus 2 cpus 63
0: mpibind: task  56 nths  1 gpus 2 cpus 65
0: mpibind: task  57 nths  1 gpus 2 cpus 66
0: mpibind: task  58 nths  1 gpus 2 cpus 67
0: mpibind: task  59 nths  1 gpus 2 cpus 68
0: mpibind: task  60 nths  1 gpus 2 cpus 69
0: mpibind: task  61 nths  1 gpus 2 cpus 70
0: mpibind: task  62 nths  1 gpus 2 cpus 71
0: mpibind: task  63 nths  1 gpus 3 cpus 73
0: mpibind: task  64 nths  1 gpus 3 cpus 74
0: mpibind: task  65 nths  1 gpus 3 cpus 75
0: mpibind: task  66 nths  1 gpus 3 cpus 76
0: mpibind: task  67 nths  1 gpus 3 cpus 77
0: mpibind: task  68 nths  1 gpus 3 cpus 78
0: mpibind: task  69 nths  1 gpus 3 cpus 79
0: mpibind: task  70 nths  1 gpus 3 cpus 81
0: mpibind: task  71 nths  1 gpus 3 cpus 82
0: mpibind: task  72 nths  1 gpus 3 cpus 83
0: mpibind: task  73 nths  1 gpus 3 cpus 84
0: mpibind: task  74 nths  1 gpus 3 cpus 85
0: mpibind: task  75 nths  1 gpus 3 cpus 86
0: mpibind: task  76 nths  1 gpus 3 cpus 87
0: mpibind: task  77 nths  1 gpus 3 cpus 89
0: mpibind: task  78 nths  1 gpus 3 cpus 90
0: mpibind: task  79 nths  1 gpus 3 cpus 91
0: mpibind: task  80 nths  1 gpus 3 cpus 92
0: mpibind: task  81 nths  1 gpus 3 cpus 93
0: mpibind: task  82 nths  1 gpus 3 cpus 94
0: mpibind: task  83 nths  1 gpus 3 cpus 95
0: 0.179s: flux-shell[3]: mpibind: 
0: mpibind: task   0 nths  1 gpus 0 cpus 1
0: mpibind: task   1 nths  1 gpus 0 cpus 2
0: mpibind: task   2 nths  1 gpus 0 cpus 3
0: mpibind: task   3 nths  1 gpus 0 cpus 4
0: mpibind: task   4 nths  1 gpus 0 cpus 5
0: mpibind: task   5 nths  1 gpus 0 cpus 6
0: mpibind: task   6 nths  1 gpus 0 cpus 7
0: mpibind: task   7 nths  1 gpus 0 cpus 9
0: mpibind: task   8 nths  1 gpus 0 cpus 10
0: mpibind: task   9 nths  1 gpus 0 cpus 11
0: mpibind: task  10 nths  1 gpus 0 cpus 12
0: mpibind: task  11 nths  1 gpus 0 cpus 13
0: mpibind: task  12 nths  1 gpus 0 cpus 14
0: mpibind: task  13 nths  1 gpus 0 cpus 15
0: mpibind: task  14 nths  1 gpus 0 cpus 17
0: mpibind: task  15 nths  1 gpus 0 cpus 18
0: mpibind: task  16 nths  1 gpus 0 cpus 19
0: mpibind: task  17 nths  1 gpus 0 cpus 20
0: mpibind: task  18 nths  1 gpus 0 cpus 21
0: mpibind: task  19 nths  1 gpus 0 cpus 22
0: mpibind: task  20 nths  1 gpus 0 cpus 23
0: mpibind: task  21 nths  1 gpus 1 cpus 25
0: mpibind: task  22 nths  1 gpus 1 cpus 26
0: mpibind: task  23 nths  1 gpus 1 cpus 27
0: mpibind: task  24 nths  1 gpus 1 cpus 28
0: mpibind: task  25 nths  1 gpus 1 cpus 29
0: mpibind: task  26 nths  1 gpus 1 cpus 30
0: mpibind: task  27 nths  1 gpus 1 cpus 31
0: mpibind: task  28 nths  1 gpus 1 cpus 33
0: mpibind: task  29 nths  1 gpus 1 cpus 34
0: mpibind: task  30 nths  1 gpus 1 cpus 35
0: mpibind: task  31 nths  1 gpus 1 cpus 36
0: mpibind: task  32 nths  1 gpus 1 cpus 37
0: mpibind: task  33 nths  1 gpus 1 cpus 38
0: mpibind: task  34 nths  1 gpus 1 cpus 39
0: mpibind: task  35 nths  1 gpus 1 cpus 41
0: mpibind: task  36 nths  1 gpus 1 cpus 42
0: mpibind: task  37 nths  1 gpus 1 cpus 43
0: mpibind: task  38 nths  1 gpus 1 cpus 44
0: mpibind: task  39 nths  1 gpus 1 cpus 45
0: mpibind: task  40 nths  1 gpus 1 cpus 46
0: mpibind: task  41 nths  1 gpus 1 cpus 47
0: mpibind: task  42 nths  1 gpus 2 cpus 49
0: mpibind: task  43 nths  1 gpus 2 cpus 50
0: mpibind: task  44 nths  1 gpus 2 cpus 51
0: mpibind: task  45 nths  1 gpus 2 cpus 52
0: mpibind: task  46 nths  1 gpus 2 cpus 53
0: mpibind: task  47 nths  1 gpus 2 cpus 54
0: mpibind: task  48 nths  1 gpus 2 cpus 55
0: mpibind: task  49 nths  1 gpus 2 cpus 57
0: mpibind: task  50 nths  1 gpus 2 cpus 58
0: mpibind: task  51 nths  1 gpus 2 cpus 59
0: mpibind: task  52 nths  1 gpus 2 cpus 60
0: mpibind: task  53 nths  1 gpus 2 cpus 61
0: mpibind: task  54 nths  1 gpus 2 cpus 62
0: mpibind: task  55 nths  1 gpus 2 cpus 63
0: mpibind: task  56 nths  1 gpus 2 cpus 65
0: mpibind: task  57 nths  1 gpus 2 cpus 66
0: mpibind: task  58 nths  1 gpus 2 cpus 67
0: mpibind: task  59 nths  1 gpus 2 cpus 68
0: mpibind: task  60 nths  1 gpus 2 cpus 69
0: mpibind: task  61 nths  1 gpus 2 cpus 70
0: mpibind: task  62 nths  1 gpus 2 cpus 71
0: mpibind: task  63 nths  1 gpus 3 cpus 73
0: mpibind: task  64 nths  1 gpus 3 cpus 74
0: mpibind: task  65 nths  1 gpus 3 cpus 75
0: mpibind: task  66 nths  1 gpus 3 cpus 76
0: mpibind: task  67 nths  1 gpus 3 cpus 77
0: mpibind: task  68 nths  1 gpus 3 cpus 78
0: mpibind: task  69 nths  1 gpus 3 cpus 79
0: mpibind: task  70 nths  1 gpus 3 cpus 81
0: mpibind: task  71 nths  1 gpus 3 cpus 82
0: mpibind: task  72 nths  1 gpus 3 cpus 83
0: mpibind: task  73 nths  1 gpus 3 cpus 84
0: mpibind: task  74 nths  1 gpus 3 cpus 85
0: mpibind: task  75 nths  1 gpus 3 cpus 86
0: mpibind: task  76 nths  1 gpus 3 cpus 87
0: mpibind: task  77 nths  1 gpus 3 cpus 89
0: mpibind: task  78 nths  1 gpus 3 cpus 90
0: mpibind: task  79 nths  1 gpus 3 cpus 91
0: mpibind: task  80 nths  1 gpus 3 cpus 92
0: mpibind: task  81 nths  1 gpus 3 cpus 93
0: mpibind: task  82 nths  1 gpus 3 cpus 94
0: mpibind: task  83 nths  1 gpus 3 cpus 95
0: 0.204s: flux-shell[27]: mpibind: 
0: mpibind: task   0 nths  1 gpus 0 cpus 1
0: mpibind: task   1 nths  1 gpus 0 cpus 2
0: mpibind: task   2 nths  1 gpus 0 cpus 3
0: mpibind: task   3 nths  1 gpus 0 cpus 4
0: mpibind: task   4 nths  1 gpus 0 cpus 5
0: mpibind: task   5 nths  1 gpus 0 cpus 6
0: mpibind: task   6 nths  1 gpus 0 cpus 7
0: mpibind: task   7 nths  1 gpus 0 cpus 9
0: mpibind: task   8 nths  1 gpus 0 cpus 10
0: mpibind: task   9 nths  1 gpus 0 cpus 11
0: mpibind: task  10 nths  1 gpus 0 cpus 12
0: mpibind: task  11 nths  1 gpus 0 cpus 13
0: mpibind: task  12 nths  1 gpus 0 cpus 14
0: mpibind: task  13 nths  1 gpus 0 cpus 15
0: mpibind: task  14 nths  1 gpus 0 cpus 17
0: mpibind: task  15 nths  1 gpus 0 cpus 18
0: mpibind: task  16 nths  1 gpus 0 cpus 19
0: mpibind: task  17 nths  1 gpus 0 cpus 20
0: mpibind: task  18 nths  1 gpus 0 cpus 21
0: mpibind: task  19 nths  1 gpus 0 cpus 22
0: mpibind: task  20 nths  1 gpus 0 cpus 23
0: mpibind: task  21 nths  1 gpus 1 cpus 25
0: mpibind: task  22 nths  1 gpus 1 cpus 26
0: mpibind: task  23 nths  1 gpus 1 cpus 27
0: mpibind: task  24 nths  1 gpus 1 cpus 28
0: mpibind: task  25 nths  1 gpus 1 cpus 29
0: mpibind: task  26 nths  1 gpus 1 cpus 30
0: mpibind: task  27 nths  1 gpus 1 cpus 31
0: mpibind: task  28 nths  1 gpus 1 cpus 33
0: mpibind: task  29 nths  1 gpus 1 cpus 34
0: mpibind: task  30 nths  1 gpus 1 cpus 35
0: mpibind: task  31 nths  1 gpus 1 cpus 36
0: mpibind: task  32 nths  1 gpus 1 cpus 37
0: mpibind: task  33 nths  1 gpus 1 cpus 38
0: mpibind: task  34 nths  1 gpus 1 cpus 39
0: mpibind: task  35 nths  1 gpus 1 cpus 41
0: mpibind: task  36 nths  1 gpus 1 cpus 42
0: mpibind: task  37 nths  1 gpus 1 cpus 43
0: mpibind: task  38 nths  1 gpus 1 cpus 44
0: mpibind: task  39 nths  1 gpus 1 cpus 45
0: mpibind: task  40 nths  1 gpus 1 cpus 46
0: mpibind: task  41 nths  1 gpus 1 cpus 47
0: mpibind: task  42 nths  1 gpus 2 cpus 49
0: mpibind: task  43 nths  1 gpus 2 cpus 50
0: mpibind: task  44 nths  1 gpus 2 cpus 51
0: mpibind: task  45 nths  1 gpus 2 cpus 52
0: mpibind: task  46 nths  1 gpus 2 cpus 53
0: mpibind: task  47 nths  1 gpus 2 cpus 54
0: mpibind: task  48 nths  1 gpus 2 cpus 55
0: mpibind: task  49 nths  1 gpus 2 cpus 57
0: mpibind: task  50 nths  1 gpus 2 cpus 58
0: mpibind: task  51 nths  1 gpus 2 cpus 59
0: mpibind: task  52 nths  1 gpus 2 cpus 60
0: mpibind: task  53 nths  1 gpus 2 cpus 61
0: mpibind: task  54 nths  1 gpus 2 cpus 62
0: mpibind: task  55 nths  1 gpus 2 cpus 63
0: mpibind: task  56 nths  1 gpus 2 cpus 65
0: mpibind: task  57 nths  1 gpus 2 cpus 66
0: mpibind: task  58 nths  1 gpus 2 cpus 67
0: mpibind: task  59 nths  1 gpus 2 cpus 68
0: mpibind: task  60 nths  1 gpus 2 cpus 69
0: mpibind: task  61 nths  1 gpus 2 cpus 70
0: mpibind: task  62 nths  1 gpus 2 cpus 71
0: mpibind: task  63 nths  1 gpus 3 cpus 73
0: mpibind: task  64 nths  1 gpus 3 cpus 74
0: mpibind: task  65 nths  1 gpus 3 cpus 75
0: mpibind: task  66 nths  1 gpus 3 cpus 76
0: mpibind: task  67 nths  1 gpus 3 cpus 77
0: mpibind: task  68 nths  1 gpus 3 cpus 78
0: mpibind: task  69 nths  1 gpus 3 cpus 79
0: mpibind: task  70 nths  1 gpus 3 cpus 81
0: mpibind: task  71 nths  1 gpus 3 cpus 82
0: mpibind: task  72 nths  1 gpus 3 cpus 83
0: mpibind: task  73 nths  1 gpus 3 cpus 84
0: mpibind: task  74 nths  1 gpus 3 cpus 85
0: mpibind: task  75 nths  1 gpus 3 cpus 86
0: mpibind: task  76 nths  1 gpus 3 cpus 87
0: mpibind: task  77 nths  1 gpus 3 cpus 89
0: mpibind: task  78 nths  1 gpus 3 cpus 90
0: mpibind: task  79 nths  1 gpus 3 cpus 91
0: mpibind: task  80 nths  1 gpus 3 cpus 92
0: mpibind: task  81 nths  1 gpus 3 cpus 93
0: mpibind: task  82 nths  1 gpus 3 cpus 94
0: mpibind: task  83 nths  1 gpus 3 cpus 95
0: 0.195s: flux-shell[21]: mpibind: 
0: mpibind: task   0 nths  1 gpus 0 cpus 1
0: mpibind: task   1 nths  1 gpus 0 cpus 2
0: mpibind: task   2 nths  1 gpus 0 cpus 3
0: mpibind: task   3 nths  1 gpus 0 cpus 4
0: mpibind: task   4 nths  1 gpus 0 cpus 5
0: mpibind: task   5 nths  1 gpus 0 cpus 6
0: mpibind: task   6 nths  1 gpus 0 cpus 7
0: mpibind: task   7 nths  1 gpus 0 cpus 9
0: mpibind: task   8 nths  1 gpus 0 cpus 10
0: mpibind: task   9 nths  1 gpus 0 cpus 11
0: mpibind: task  10 nths  1 gpus 0 cpus 12
0: mpibind: task  11 nths  1 gpus 0 cpus 13
0: mpibind: task  12 nths  1 gpus 0 cpus 14
0: mpibind: task  13 nths  1 gpus 0 cpus 15
0: mpibind: task  14 nths  1 gpus 0 cpus 17
0: mpibind: task  15 nths  1 gpus 0 cpus 18
0: mpibind: task  16 nths  1 gpus 0 cpus 19
0: mpibind: task  17 nths  1 gpus 0 cpus 20
0: mpibind: task  18 nths  1 gpus 0 cpus 21
0: mpibind: task  19 nths  1 gpus 0 cpus 22
0: mpibind: task  20 nths  1 gpus 0 cpus 23
0: mpibind: task  21 nths  1 gpus 1 cpus 25
0: mpibind: task  22 nths  1 gpus 1 cpus 26
0: mpibind: task  23 nths  1 gpus 1 cpus 27
0: mpibind: task  24 nths  1 gpus 1 cpus 28
0: mpibind: task  25 nths  1 gpus 1 cpus 29
0: mpibind: task  26 nths  1 gpus 1 cpus 30
0: mpibind: task  27 nths  1 gpus 1 cpus 31
0: mpibind: task  28 nths  1 gpus 1 cpus 33
0: mpibind: task  29 nths  1 gpus 1 cpus 34
0: mpibind: task  30 nths  1 gpus 1 cpus 35
0: mpibind: task  31 nths  1 gpus 1 cpus 36
0: mpibind: task  32 nths  1 gpus 1 cpus 37
0: mpibind: task  33 nths  1 gpus 1 cpus 38
0: mpibind: task  34 nths  1 gpus 1 cpus 39
0: mpibind: task  35 nths  1 gpus 1 cpus 41
0: mpibind: task  36 nths  1 gpus 1 cpus 42
0: mpibind: task  37 nths  1 gpus 1 cpus 43
0: mpibind: task  38 nths  1 gpus 1 cpus 44
0: mpibind: task  39 nths  1 gpus 1 cpus 45
0: mpibind: task  40 nths  1 gpus 1 cpus 46
0: mpibind: task  41 nths  1 gpus 1 cpus 47
0: mpibind: task  42 nths  1 gpus 2 cpus 49
0: mpibind: task  43 nths  1 gpus 2 cpus 50
0: mpibind: task  44 nths  1 gpus 2 cpus 51
0: mpibind: task  45 nths  1 gpus 2 cpus 52
0: mpibind: task  46 nths  1 gpus 2 cpus 53
0: mpibind: task  47 nths  1 gpus 2 cpus 54
0: mpibind: task  48 nths  1 gpus 2 cpus 55
0: mpibind: task  49 nths  1 gpus 2 cpus 57
0: mpibind: task  50 nths  1 gpus 2 cpus 58
0: mpibind: task  51 nths  1 gpus 2 cpus 59
0: mpibind: task  52 nths  1 gpus 2 cpus 60
0: mpibind: task  53 nths  1 gpus 2 cpus 61
0: mpibind: task  54 nths  1 gpus 2 cpus 62
0: mpibind: task  55 nths  1 gpus 2 cpus 63
0: mpibind: task  56 nths  1 gpus 2 cpus 65
0: mpibind: task  57 nths  1 gpus 2 cpus 66
0: mpibind: task  58 nths  1 gpus 2 cpus 67
0: mpibind: task  59 nths  1 gpus 2 cpus 68
0: mpibind: task  60 nths  1 gpus 2 cpus 69
0: mpibind: task  61 nths  1 gpus 2 cpus 70
0: mpibind: task  62 nths  1 gpus 2 cpus 71
0: mpibind: task  63 nths  1 gpus 3 cpus 73
0: mpibind: task  64 nths  1 gpus 3 cpus 74
0: mpibind: task  65 nths  1 gpus 3 cpus 75
0: mpibind: task  66 nths  1 gpus 3 cpus 76
0: mpibind: task  67 nths  1 gpus 3 cpus 77
0: mpibind: task  68 nths  1 gpus 3 cpus 78
0: mpibind: task  69 nths  1 gpus 3 cpus 79
0: mpibind: task  70 nths  1 gpus 3 cpus 81
0: mpibind: task  71 nths  1 gpus 3 cpus 82
0: mpibind: task  72 nths  1 gpus 3 cpus 83
0: mpibind: task  73 nths  1 gpus 3 cpus 84
0: mpibind: task  74 nths  1 gpus 3 cpus 85
0: mpibind: task  75 nths  1 gpus 3 cpus 86
0: mpibind: task  76 nths  1 gpus 3 cpus 87
0: mpibind: task  77 nths  1 gpus 3 cpus 89
0: mpibind: task  78 nths  1 gpus 3 cpus 90
0: mpibind: task  79 nths  1 gpus 3 cpus 91
0: mpibind: task  80 nths  1 gpus 3 cpus 92
0: mpibind: task  81 nths  1 gpus 3 cpus 93
0: mpibind: task  82 nths  1 gpus 3 cpus 94
0: mpibind: task  83 nths  1 gpus 3 cpus 95
0: 0.197s: flux-shell[30]: mpibind: 
0: mpibind: task   0 nths  1 gpus 0 cpus 1
0: mpibind: task   1 nths  1 gpus 0 cpus 2
0: mpibind: task   2 nths  1 gpus 0 cpus 3
0: mpibind: task   3 nths  1 gpus 0 cpus 4
0: mpibind: task   4 nths  1 gpus 0 cpus 5
0: mpibind: task   5 nths  1 gpus 0 cpus 6
0: mpibind: task   6 nths  1 gpus 0 cpus 7
0: mpibind: task   7 nths  1 gpus 0 cpus 9
0: mpibind: task   8 nths  1 gpus 0 cpus 10
0: mpibind: task   9 nths  1 gpus 0 cpus 11
0: mpibind: task  10 nths  1 gpus 0 cpus 12
0: mpibind: task  11 nths  1 gpus 0 cpus 13
0: mpibind: task  12 nths  1 gpus 0 cpus 14
0: mpibind: task  13 nths  1 gpus 0 cpus 15
0: mpibind: task  14 nths  1 gpus 0 cpus 17
0: mpibind: task  15 nths  1 gpus 0 cpus 18
0: mpibind: task  16 nths  1 gpus 0 cpus 19
0: mpibind: task  17 nths  1 gpus 0 cpus 20
0: mpibind: task  18 nths  1 gpus 0 cpus 21
0: mpibind: task  19 nths  1 gpus 0 cpus 22
0: mpibind: task  20 nths  1 gpus 0 cpus 23
0: mpibind: task  21 nths  1 gpus 1 cpus 25
0: mpibind: task  22 nths  1 gpus 1 cpus 26
0: mpibind: task  23 nths  1 gpus 1 cpus 27
0: mpibind: task  24 nths  1 gpus 1 cpus 28
0: mpibind: task  25 nths  1 gpus 1 cpus 29
0: mpibind: task  26 nths  1 gpus 1 cpus 30
0: mpibind: task  27 nths  1 gpus 1 cpus 31
0: mpibind: task  28 nths  1 gpus 1 cpus 33
0: mpibind: task  29 nths  1 gpus 1 cpus 34
0: mpibind: task  30 nths  1 gpus 1 cpus 35
0: mpibind: task  31 nths  1 gpus 1 cpus 36
0: mpibind: task  32 nths  1 gpus 1 cpus 37
0: mpibind: task  33 nths  1 gpus 1 cpus 38
0: mpibind: task  34 nths  1 gpus 1 cpus 39
0: mpibind: task  35 nths  1 gpus 1 cpus 41
0: mpibind: task  36 nths  1 gpus 1 cpus 42
0: mpibind: task  37 nths  1 gpus 1 cpus 43
0: mpibind: task  38 nths  1 gpus 1 cpus 44
0: mpibind: task  39 nths  1 gpus 1 cpus 45
0: mpibind: task  40 nths  1 gpus 1 cpus 46
0: mpibind: task  41 nths  1 gpus 1 cpus 47
0: mpibind: task  42 nths  1 gpus 2 cpus 49
0: mpibind: task  43 nths  1 gpus 2 cpus 50
0: mpibind: task  44 nths  1 gpus 2 cpus 51
0: mpibind: task  45 nths  1 gpus 2 cpus 52
0: mpibind: task  46 nths  1 gpus 2 cpus 53
0: mpibind: task  47 nths  1 gpus 2 cpus 54
0: mpibind: task  48 nths  1 gpus 2 cpus 55
0: mpibind: task  49 nths  1 gpus 2 cpus 57
0: mpibind: task  50 nths  1 gpus 2 cpus 58
0: mpibind: task  51 nths  1 gpus 2 cpus 59
0: mpibind: task  52 nths  1 gpus 2 cpus 60
0: mpibind: task  53 nths  1 gpus 2 cpus 61
0: mpibind: task  54 nths  1 gpus 2 cpus 62
0: mpibind: task  55 nths  1 gpus 2 cpus 63
0: mpibind: task  56 nths  1 gpus 2 cpus 65
0: mpibind: task  57 nths  1 gpus 2 cpus 66
0: mpibind: task  58 nths  1 gpus 2 cpus 67
0: mpibind: task  59 nths  1 gpus 2 cpus 68
0: mpibind: task  60 nths  1 gpus 2 cpus 69
0: mpibind: task  61 nths  1 gpus 2 cpus 70
0: mpibind: task  62 nths  1 gpus 2 cpus 71
0: mpibind: task  63 nths  1 gpus 3 cpus 73
0: mpibind: task  64 nths  1 gpus 3 cpus 74
0: mpibind: task  65 nths  1 gpus 3 cpus 75
0: mpibind: task  66 nths  1 gpus 3 cpus 76
0: mpibind: task  67 nths  1 gpus 3 cpus 77
0: mpibind: task  68 nths  1 gpus 3 cpus 78
0: mpibind: task  69 nths  1 gpus 3 cpus 79
0: mpibind: task  70 nths  1 gpus 3 cpus 81
0: mpibind: task  71 nths  1 gpus 3 cpus 82
0: mpibind: task  72 nths  1 gpus 3 cpus 83
0: mpibind: task  73 nths  1 gpus 3 cpus 84
0: mpibind: task  74 nths  1 gpus 3 cpus 85
0: mpibind: task  75 nths  1 gpus 3 cpus 86
0: mpibind: task  76 nths  1 gpus 3 cpus 87
0: mpibind: task  77 nths  1 gpus 3 cpus 89
0: mpibind: task  78 nths  1 gpus 3 cpus 90
0: mpibind: task  79 nths  1 gpus 3 cpus 91
0: mpibind: task  80 nths  1 gpus 3 cpus 92
0: mpibind: task  81 nths  1 gpus 3 cpus 93
0: mpibind: task  82 nths  1 gpus 3 cpus 94
0: mpibind: task  83 nths  1 gpus 3 cpus 95
0: 0.191s: flux-shell[8]: mpibind: 
0: mpibind: task   0 nths  1 gpus 0 cpus 1
0: mpibind: task   1 nths  1 gpus 0 cpus 2
0: mpibind: task   2 nths  1 gpus 0 cpus 3
0: mpibind: task   3 nths  1 gpus 0 cpus 4
0: mpibind: task   4 nths  1 gpus 0 cpus 5
0: mpibind: task   5 nths  1 gpus 0 cpus 6
0: mpibind: task   6 nths  1 gpus 0 cpus 7
0: mpibind: task   7 nths  1 gpus 0 cpus 9
0: mpibind: task   8 nths  1 gpus 0 cpus 10
0: mpibind: task   9 nths  1 gpus 0 cpus 11
0: mpibind: task  10 nths  1 gpus 0 cpus 12
0: mpibind: task  11 nths  1 gpus 0 cpus 13
0: mpibind: task  12 nths  1 gpus 0 cpus 14
0: mpibind: task  13 nths  1 gpus 0 cpus 15
0: mpibind: task  14 nths  1 gpus 0 cpus 17
0: mpibind: task  15 nths  1 gpus 0 cpus 18
0: mpibind: task  16 nths  1 gpus 0 cpus 19
0: mpibind: task  17 nths  1 gpus 0 cpus 20
0: mpibind: task  18 nths  1 gpus 0 cpus 21
0: mpibind: task  19 nths  1 gpus 0 cpus 22
0: mpibind: task  20 nths  1 gpus 0 cpus 23
0: mpibind: task  21 nths  1 gpus 1 cpus 25
0: mpibind: task  22 nths  1 gpus 1 cpus 26
0: mpibind: task  23 nths  1 gpus 1 cpus 27
0: mpibind: task  24 nths  1 gpus 1 cpus 28
0: mpibind: task  25 nths  1 gpus 1 cpus 29
0: mpibind: task  26 nths  1 gpus 1 cpus 30
0: mpibind: task  27 nths  1 gpus 1 cpus 31
0: mpibind: task  28 nths  1 gpus 1 cpus 33
0: mpibind: task  29 nths  1 gpus 1 cpus 34
0: mpibind: task  30 nths  1 gpus 1 cpus 35
0: mpibind: task  31 nths  1 gpus 1 cpus 36
0: mpibind: task  32 nths  1 gpus 1 cpus 37
0: mpibind: task  33 nths  1 gpus 1 cpus 38
0: mpibind: task  34 nths  1 gpus 1 cpus 39
0: mpibind: task  35 nths  1 gpus 1 cpus 41
0: mpibind: task  36 nths  1 gpus 1 cpus 42
0: mpibind: task  37 nths  1 gpus 1 cpus 43
0: mpibind: task  38 nths  1 gpus 1 cpus 44
0: mpibind: task  39 nths  1 gpus 1 cpus 45
0: mpibind: task  40 nths  1 gpus 1 cpus 46
0: mpibind: task  41 nths  1 gpus 1 cpus 47
0: mpibind: task  42 nths  1 gpus 2 cpus 49
0: mpibind: task  43 nths  1 gpus 2 cpus 50
0: mpibind: task  44 nths  1 gpus 2 cpus 51
0: mpibind: task  45 nths  1 gpus 2 cpus 52
0: mpibind: task  46 nths  1 gpus 2 cpus 53
0: mpibind: task  47 nths  1 gpus 2 cpus 54
0: mpibind: task  48 nths  1 gpus 2 cpus 55
0: mpibind: task  49 nths  1 gpus 2 cpus 57
0: mpibind: task  50 nths  1 gpus 2 cpus 58
0: mpibind: task  51 nths  1 gpus 2 cpus 59
0: mpibind: task  52 nths  1 gpus 2 cpus 60
0: mpibind: task  53 nths  1 gpus 2 cpus 61
0: mpibind: task  54 nths  1 gpus 2 cpus 62
0: mpibind: task  55 nths  1 gpus 2 cpus 63
0: mpibind: task  56 nths  1 gpus 2 cpus 65
0: mpibind: task  57 nths  1 gpus 2 cpus 66
0: mpibind: task  58 nths  1 gpus 2 cpus 67
0: mpibind: task  59 nths  1 gpus 2 cpus 68
0: mpibind: task  60 nths  1 gpus 2 cpus 69
0: mpibind: task  61 nths  1 gpus 2 cpus 70
0: mpibind: task  62 nths  1 gpus 2 cpus 71
0: mpibind: task  63 nths  1 gpus 3 cpus 73
0: mpibind: task  64 nths  1 gpus 3 cpus 74
0: mpibind: task  65 nths  1 gpus 3 cpus 75
0: mpibind: task  66 nths  1 gpus 3 cpus 76
0: mpibind: task  67 nths  1 gpus 3 cpus 77
0: mpibind: task  68 nths  1 gpus 3 cpus 78
0: mpibind: task  69 nths  1 gpus 3 cpus 79
0: mpibind: task  70 nths  1 gpus 3 cpus 81
0: mpibind: task  71 nths  1 gpus 3 cpus 82
0: mpibind: task  72 nths  1 gpus 3 cpus 83
0: mpibind: task  73 nths  1 gpus 3 cpus 84
0: mpibind: task  74 nths  1 gpus 3 cpus 85
0: mpibind: task  75 nths  1 gpus 3 cpus 86
0: mpibind: task  76 nths  1 gpus 3 cpus 87
0: mpibind: task  77 nths  1 gpus 3 cpus 89
0: mpibind: task  78 nths  1 gpus 3 cpus 90
0: mpibind: task  79 nths  1 gpus 3 cpus 91
0: mpibind: task  80 nths  1 gpus 3 cpus 92
0: mpibind: task  81 nths  1 gpus 3 cpus 93
0: mpibind: task  82 nths  1 gpus 3 cpus 94
0: mpibind: task  83 nths  1 gpus 3 cpus 95
0: 0.197s: flux-shell[19]: mpibind: 
0: mpibind: task   0 nths  1 gpus 0 cpus 1
0: mpibind: task   1 nths  1 gpus 0 cpus 2
0: mpibind: task   2 nths  1 gpus 0 cpus 3
0: mpibind: task   3 nths  1 gpus 0 cpus 4
0: mpibind: task   4 nths  1 gpus 0 cpus 5
0: mpibind: task   5 nths  1 gpus 0 cpus 6
0: mpibind: task   6 nths  1 gpus 0 cpus 7
0: mpibind: task   7 nths  1 gpus 0 cpus 9
0: mpibind: task   8 nths  1 gpus 0 cpus 10
0: mpibind: task   9 nths  1 gpus 0 cpus 11
0: mpibind: task  10 nths  1 gpus 0 cpus 12
0: mpibind: task  11 nths  1 gpus 0 cpus 13
0: mpibind: task  12 nths  1 gpus 0 cpus 14
0: mpibind: task  13 nths  1 gpus 0 cpus 15
0: mpibind: task  14 nths  1 gpus 0 cpus 17
0: mpibind: task  15 nths  1 gpus 0 cpus 18
0: mpibind: task  16 nths  1 gpus 0 cpus 19
0: mpibind: task  17 nths  1 gpus 0 cpus 20
0: mpibind: task  18 nths  1 gpus 0 cpus 21
0: mpibind: task  19 nths  1 gpus 0 cpus 22
0: mpibind: task  20 nths  1 gpus 0 cpus 23
0: mpibind: task  21 nths  1 gpus 1 cpus 25
0: mpibind: task  22 nths  1 gpus 1 cpus 26
0: mpibind: task  23 nths  1 gpus 1 cpus 27
0: mpibind: task  24 nths  1 gpus 1 cpus 28
0: mpibind: task  25 nths  1 gpus 1 cpus 29
0: mpibind: task  26 nths  1 gpus 1 cpus 30
0: mpibind: task  27 nths  1 gpus 1 cpus 31
0: mpibind: task  28 nths  1 gpus 1 cpus 33
0: mpibind: task  29 nths  1 gpus 1 cpus 34
0: mpibind: task  30 nths  1 gpus 1 cpus 35
0: mpibind: task  31 nths  1 gpus 1 cpus 36
0: mpibind: task  32 nths  1 gpus 1 cpus 37
0: mpibind: task  33 nths  1 gpus 1 cpus 38
0: mpibind: task  34 nths  1 gpus 1 cpus 39
0: mpibind: task  35 nths  1 gpus 1 cpus 41
0: mpibind: task  36 nths  1 gpus 1 cpus 42
0: mpibind: task  37 nths  1 gpus 1 cpus 43
0: mpibind: task  38 nths  1 gpus 1 cpus 44
0: mpibind: task  39 nths  1 gpus 1 cpus 45
0: mpibind: task  40 nths  1 gpus 1 cpus 46
0: mpibind: task  41 nths  1 gpus 1 cpus 47
0: mpibind: task  42 nths  1 gpus 2 cpus 49
0: mpibind: task  43 nths  1 gpus 2 cpus 50
0: mpibind: task  44 nths  1 gpus 2 cpus 51
0: mpibind: task  45 nths  1 gpus 2 cpus 52
0: mpibind: task  46 nths  1 gpus 2 cpus 53
0: mpibind: task  47 nths  1 gpus 2 cpus 54
0: mpibind: task  48 nths  1 gpus 2 cpus 55
0: mpibind: task  49 nths  1 gpus 2 cpus 57
0: mpibind: task  50 nths  1 gpus 2 cpus 58
0: mpibind: task  51 nths  1 gpus 2 cpus 59
0: mpibind: task  52 nths  1 gpus 2 cpus 60
0: mpibind: task  53 nths  1 gpus 2 cpus 61
0: mpibind: task  54 nths  1 gpus 2 cpus 62
0: mpibind: task  55 nths  1 gpus 2 cpus 63
0: mpibind: task  56 nths  1 gpus 2 cpus 65
0: mpibind: task  57 nths  1 gpus 2 cpus 66
0: mpibind: task  58 nths  1 gpus 2 cpus 67
0: mpibind: task  59 nths  1 gpus 2 cpus 68
0: mpibind: task  60 nths  1 gpus 2 cpus 69
0: mpibind: task  61 nths  1 gpus 2 cpus 70
0: mpibind: task  62 nths  1 gpus 2 cpus 71
0: mpibind: task  63 nths  1 gpus 3 cpus 73
0: mpibind: task  64 nths  1 gpus 3 cpus 74
0: mpibind: task  65 nths  1 gpus 3 cpus 75
0: mpibind: task  66 nths  1 gpus 3 cpus 76
0: mpibind: task  67 nths  1 gpus 3 cpus 77
0: mpibind: task  68 nths  1 gpus 3 cpus 78
0: mpibind: task  69 nths  1 gpus 3 cpus 79
0: mpibind: task  70 nths  1 gpus 3 cpus 81
0: mpibind: task  71 nths  1 gpus 3 cpus 82
0: mpibind: task  72 nths  1 gpus 3 cpus 83
0: mpibind: task  73 nths  1 gpus 3 cpus 84
0: mpibind: task  74 nths  1 gpus 3 cpus 85
0: mpibind: task  75 nths  1 gpus 3 cpus 86
0: mpibind: task  76 nths  1 gpus 3 cpus 87
0: mpibind: task  77 nths  1 gpus 3 cpus 89
0: mpibind: task  78 nths  1 gpus 3 cpus 90
0: mpibind: task  79 nths  1 gpus 3 cpus 91
0: mpibind: task  80 nths  1 gpus 3 cpus 92
0: mpibind: task  81 nths  1 gpus 3 cpus 93
0: mpibind: task  82 nths  1 gpus 3 cpus 94
0: mpibind: task  83 nths  1 gpus 3 cpus 95
0: 0.196s: flux-shell[20]: mpibind: 
0: mpibind: task   0 nths  1 gpus 0 cpus 1
0: mpibind: task   1 nths  1 gpus 0 cpus 2
0: mpibind: task   2 nths  1 gpus 0 cpus 3
0: mpibind: task   3 nths  1 gpus 0 cpus 4
0: mpibind: task   4 nths  1 gpus 0 cpus 5
0: mpibind: task   5 nths  1 gpus 0 cpus 6
0: mpibind: task   6 nths  1 gpus 0 cpus 7
0: mpibind: task   7 nths  1 gpus 0 cpus 9
0: mpibind: task   8 nths  1 gpus 0 cpus 10
0: mpibind: task   9 nths  1 gpus 0 cpus 11
0: mpibind: task  10 nths  1 gpus 0 cpus 12
0: mpibind: task  11 nths  1 gpus 0 cpus 13
0: mpibind: task  12 nths  1 gpus 0 cpus 14
0: mpibind: task  13 nths  1 gpus 0 cpus 15
0: mpibind: task  14 nths  1 gpus 0 cpus 17
0: mpibind: task  15 nths  1 gpus 0 cpus 18
0: mpibind: task  16 nths  1 gpus 0 cpus 19
0: mpibind: task  17 nths  1 gpus 0 cpus 20
0: mpibind: task  18 nths  1 gpus 0 cpus 21
0: mpibind: task  19 nths  1 gpus 0 cpus 22
0: mpibind: task  20 nths  1 gpus 0 cpus 23
0: mpibind: task  21 nths  1 gpus 1 cpus 25
0: mpibind: task  22 nths  1 gpus 1 cpus 26
0: mpibind: task  23 nths  1 gpus 1 cpus 27
0: mpibind: task  24 nths  1 gpus 1 cpus 28
0: mpibind: task  25 nths  1 gpus 1 cpus 29
0: mpibind: task  26 nths  1 gpus 1 cpus 30
0: mpibind: task  27 nths  1 gpus 1 cpus 31
0: mpibind: task  28 nths  1 gpus 1 cpus 33
0: mpibind: task  29 nths  1 gpus 1 cpus 34
0: mpibind: task  30 nths  1 gpus 1 cpus 35
0: mpibind: task  31 nths  1 gpus 1 cpus 36
0: mpibind: task  32 nths  1 gpus 1 cpus 37
0: mpibind: task  33 nths  1 gpus 1 cpus 38
0: mpibind: task  34 nths  1 gpus 1 cpus 39
0: mpibind: task  35 nths  1 gpus 1 cpus 41
0: mpibind: task  36 nths  1 gpus 1 cpus 42
0: mpibind: task  37 nths  1 gpus 1 cpus 43
0: mpibind: task  38 nths  1 gpus 1 cpus 44
0: mpibind: task  39 nths  1 gpus 1 cpus 45
0: mpibind: task  40 nths  1 gpus 1 cpus 46
0: mpibind: task  41 nths  1 gpus 1 cpus 47
0: mpibind: task  42 nths  1 gpus 2 cpus 49
0: mpibind: task  43 nths  1 gpus 2 cpus 50
0: mpibind: task  44 nths  1 gpus 2 cpus 51
0: mpibind: task  45 nths  1 gpus 2 cpus 52
0: mpibind: task  46 nths  1 gpus 2 cpus 53
0: mpibind: task  47 nths  1 gpus 2 cpus 54
0: mpibind: task  48 nths  1 gpus 2 cpus 55
0: mpibind: task  49 nths  1 gpus 2 cpus 57
0: mpibind: task  50 nths  1 gpus 2 cpus 58
0: mpibind: task  51 nths  1 gpus 2 cpus 59
0: mpibind: task  52 nths  1 gpus 2 cpus 60
0: mpibind: task  53 nths  1 gpus 2 cpus 61
0: mpibind: task  54 nths  1 gpus 2 cpus 62
0: mpibind: task  55 nths  1 gpus 2 cpus 63
0: mpibind: task  56 nths  1 gpus 2 cpus 65
0: mpibind: task  57 nths  1 gpus 2 cpus 66
0: mpibind: task  58 nths  1 gpus 2 cpus 67
0: mpibind: task  59 nths  1 gpus 2 cpus 68
0: mpibind: task  60 nths  1 gpus 2 cpus 69
0: mpibind: task  61 nths  1 gpus 2 cpus 70
0: mpibind: task  62 nths  1 gpus 2 cpus 71
0: mpibind: task  63 nths  1 gpus 3 cpus 73
0: mpibind: task  64 nths  1 gpus 3 cpus 74
0: mpibind: task  65 nths  1 gpus 3 cpus 75
0: mpibind: task  66 nths  1 gpus 3 cpus 76
0: mpibind: task  67 nths  1 gpus 3 cpus 77
0: mpibind: task  68 nths  1 gpus 3 cpus 78
0: mpibind: task  69 nths  1 gpus 3 cpus 79
0: mpibind: task  70 nths  1 gpus 3 cpus 81
0: mpibind: task  71 nths  1 gpus 3 cpus 82
0: mpibind: task  72 nths  1 gpus 3 cpus 83
0: mpibind: task  73 nths  1 gpus 3 cpus 84
0: mpibind: task  74 nths  1 gpus 3 cpus 85
0: mpibind: task  75 nths  1 gpus 3 cpus 86
0: mpibind: task  76 nths  1 gpus 3 cpus 87
0: mpibind: task  77 nths  1 gpus 3 cpus 89
0: mpibind: task  78 nths  1 gpus 3 cpus 90
0: mpibind: task  79 nths  1 gpus 3 cpus 91
0: mpibind: task  80 nths  1 gpus 3 cpus 92
0: mpibind: task  81 nths  1 gpus 3 cpus 93
0: mpibind: task  82 nths  1 gpus 3 cpus 94
0: mpibind: task  83 nths  1 gpus 3 cpus 95
0: 0.194s: flux-shell[17]: mpibind: 
0: mpibind: task   0 nths  1 gpus 0 cpus 1
0: mpibind: task   1 nths  1 gpus 0 cpus 2
0: mpibind: task   2 nths  1 gpus 0 cpus 3
0: mpibind: task   3 nths  1 gpus 0 cpus 4
0: mpibind: task   4 nths  1 gpus 0 cpus 5
0: mpibind: task   5 nths  1 gpus 0 cpus 6
0: mpibind: task   6 nths  1 gpus 0 cpus 7
0: mpibind: task   7 nths  1 gpus 0 cpus 9
0: mpibind: task   8 nths  1 gpus 0 cpus 10
0: mpibind: task   9 nths  1 gpus 0 cpus 11
0: mpibind: task  10 nths  1 gpus 0 cpus 12
0: mpibind: task  11 nths  1 gpus 0 cpus 13
0: mpibind: task  12 nths  1 gpus 0 cpus 14
0: mpibind: task  13 nths  1 gpus 0 cpus 15
0: mpibind: task  14 nths  1 gpus 0 cpus 17
0: mpibind: task  15 nths  1 gpus 0 cpus 18
0: mpibind: task  16 nths  1 gpus 0 cpus 19
0: mpibind: task  17 nths  1 gpus 0 cpus 20
0: mpibind: task  18 nths  1 gpus 0 cpus 21
0: mpibind: task  19 nths  1 gpus 0 cpus 22
0: mpibind: task  20 nths  1 gpus 0 cpus 23
0: mpibind: task  21 nths  1 gpus 1 cpus 25
0: mpibind: task  22 nths  1 gpus 1 cpus 26
0: mpibind: task  23 nths  1 gpus 1 cpus 27
0: mpibind: task  24 nths  1 gpus 1 cpus 28
0: mpibind: task  25 nths  1 gpus 1 cpus 29
0: mpibind: task  26 nths  1 gpus 1 cpus 30
0: mpibind: task  27 nths  1 gpus 1 cpus 31
0: mpibind: task  28 nths  1 gpus 1 cpus 33
0: mpibind: task  29 nths  1 gpus 1 cpus 34
0: mpibind: task  30 nths  1 gpus 1 cpus 35
0: mpibind: task  31 nths  1 gpus 1 cpus 36
0: mpibind: task  32 nths  1 gpus 1 cpus 37
0: mpibind: task  33 nths  1 gpus 1 cpus 38
0: mpibind: task  34 nths  1 gpus 1 cpus 39
0: mpibind: task  35 nths  1 gpus 1 cpus 41
0: mpibind: task  36 nths  1 gpus 1 cpus 42
0: mpibind: task  37 nths  1 gpus 1 cpus 43
0: mpibind: task  38 nths  1 gpus 1 cpus 44
0: mpibind: task  39 nths  1 gpus 1 cpus 45
0: mpibind: task  40 nths  1 gpus 1 cpus 46
0: mpibind: task  41 nths  1 gpus 1 cpus 47
0: mpibind: task  42 nths  1 gpus 2 cpus 49
0: mpibind: task  43 nths  1 gpus 2 cpus 50
0: mpibind: task  44 nths  1 gpus 2 cpus 51
0: mpibind: task  45 nths  1 gpus 2 cpus 52
0: mpibind: task  46 nths  1 gpus 2 cpus 53
0: mpibind: task  47 nths  1 gpus 2 cpus 54
0: mpibind: task  48 nths  1 gpus 2 cpus 55
0: mpibind: task  49 nths  1 gpus 2 cpus 57
0: mpibind: task  50 nths  1 gpus 2 cpus 58
0: mpibind: task  51 nths  1 gpus 2 cpus 59
0: mpibind: task  52 nths  1 gpus 2 cpus 60
0: mpibind: task  53 nths  1 gpus 2 cpus 61
0: mpibind: task  54 nths  1 gpus 2 cpus 62
0: mpibind: task  55 nths  1 gpus 2 cpus 63
0: mpibind: task  56 nths  1 gpus 2 cpus 65
0: mpibind: task  57 nths  1 gpus 2 cpus 66
0: mpibind: task  58 nths  1 gpus 2 cpus 67
0: mpibind: task  59 nths  1 gpus 2 cpus 68
0: mpibind: task  60 nths  1 gpus 2 cpus 69
0: mpibind: task  61 nths  1 gpus 2 cpus 70
0: mpibind: task  62 nths  1 gpus 2 cpus 71
0: mpibind: task  63 nths  1 gpus 3 cpus 73
0: mpibind: task  64 nths  1 gpus 3 cpus 74
0: mpibind: task  65 nths  1 gpus 3 cpus 75
0: mpibind: task  66 nths  1 gpus 3 cpus 76
0: mpibind: task  67 nths  1 gpus 3 cpus 77
0: mpibind: task  68 nths  1 gpus 3 cpus 78
0: mpibind: task  69 nths  1 gpus 3 cpus 79
0: mpibind: task  70 nths  1 gpus 3 cpus 81
0: mpibind: task  71 nths  1 gpus 3 cpus 82
0: mpibind: task  72 nths  1 gpus 3 cpus 83
0: mpibind: task  73 nths  1 gpus 3 cpus 84
0: mpibind: task  74 nths  1 gpus 3 cpus 85
0: mpibind: task  75 nths  1 gpus 3 cpus 86
0: mpibind: task  76 nths  1 gpus 3 cpus 87
0: mpibind: task  77 nths  1 gpus 3 cpus 89
0: mpibind: task  78 nths  1 gpus 3 cpus 90
0: mpibind: task  79 nths  1 gpus 3 cpus 91
0: mpibind: task  80 nths  1 gpus 3 cpus 92
0: mpibind: task  81 nths  1 gpus 3 cpus 93
0: mpibind: task  82 nths  1 gpus 3 cpus 94
0: mpibind: task  83 nths  1 gpus 3 cpus 95
0: 0.201s: flux-shell[28]: mpibind: 
0: mpibind: task   0 nths  1 gpus 0 cpus 1
0: mpibind: task   1 nths  1 gpus 0 cpus 2
0: mpibind: task   2 nths  1 gpus 0 cpus 3
0: mpibind: task   3 nths  1 gpus 0 cpus 4
0: mpibind: task   4 nths  1 gpus 0 cpus 5
0: mpibind: task   5 nths  1 gpus 0 cpus 6
0: mpibind: task   6 nths  1 gpus 0 cpus 7
0: mpibind: task   7 nths  1 gpus 0 cpus 9
0: mpibind: task   8 nths  1 gpus 0 cpus 10
0: mpibind: task   9 nths  1 gpus 0 cpus 11
0: mpibind: task  10 nths  1 gpus 0 cpus 12
0: mpibind: task  11 nths  1 gpus 0 cpus 13
0: mpibind: task  12 nths  1 gpus 0 cpus 14
0: mpibind: task  13 nths  1 gpus 0 cpus 15
0: mpibind: task  14 nths  1 gpus 0 cpus 17
0: mpibind: task  15 nths  1 gpus 0 cpus 18
0: mpibind: task  16 nths  1 gpus 0 cpus 19
0: mpibind: task  17 nths  1 gpus 0 cpus 20
0: mpibind: task  18 nths  1 gpus 0 cpus 21
0: mpibind: task  19 nths  1 gpus 0 cpus 22
0: mpibind: task  20 nths  1 gpus 0 cpus 23
0: mpibind: task  21 nths  1 gpus 1 cpus 25
0: mpibind: task  22 nths  1 gpus 1 cpus 26
0: mpibind: task  23 nths  1 gpus 1 cpus 27
0: mpibind: task  24 nths  1 gpus 1 cpus 28
0: mpibind: task  25 nths  1 gpus 1 cpus 29
0: mpibind: task  26 nths  1 gpus 1 cpus 30
0: mpibind: task  27 nths  1 gpus 1 cpus 31
0: mpibind: task  28 nths  1 gpus 1 cpus 33
0: mpibind: task  29 nths  1 gpus 1 cpus 34
0: mpibind: task  30 nths  1 gpus 1 cpus 35
0: mpibind: task  31 nths  1 gpus 1 cpus 36
0: mpibind: task  32 nths  1 gpus 1 cpus 37
0: mpibind: task  33 nths  1 gpus 1 cpus 38
0: mpibind: task  34 nths  1 gpus 1 cpus 39
0: mpibind: task  35 nths  1 gpus 1 cpus 41
0: mpibind: task  36 nths  1 gpus 1 cpus 42
0: mpibind: task  37 nths  1 gpus 1 cpus 43
0: mpibind: task  38 nths  1 gpus 1 cpus 44
0: mpibind: task  39 nths  1 gpus 1 cpus 45
0: mpibind: task  40 nths  1 gpus 1 cpus 46
0: mpibind: task  41 nths  1 gpus 1 cpus 47
0: mpibind: task  42 nths  1 gpus 2 cpus 49
0: mpibind: task  43 nths  1 gpus 2 cpus 50
0: mpibind: task  44 nths  1 gpus 2 cpus 51
0: mpibind: task  45 nths  1 gpus 2 cpus 52
0: mpibind: task  46 nths  1 gpus 2 cpus 53
0: mpibind: task  47 nths  1 gpus 2 cpus 54
0: mpibind: task  48 nths  1 gpus 2 cpus 55
0: mpibind: task  49 nths  1 gpus 2 cpus 57
0: mpibind: task  50 nths  1 gpus 2 cpus 58
0: mpibind: task  51 nths  1 gpus 2 cpus 59
0: mpibind: task  52 nths  1 gpus 2 cpus 60
0: mpibind: task  53 nths  1 gpus 2 cpus 61
0: mpibind: task  54 nths  1 gpus 2 cpus 62
0: mpibind: task  55 nths  1 gpus 2 cpus 63
0: mpibind: task  56 nths  1 gpus 2 cpus 65
0: mpibind: task  57 nths  1 gpus 2 cpus 66
0: mpibind: task  58 nths  1 gpus 2 cpus 67
0: mpibind: task  59 nths  1 gpus 2 cpus 68
0: mpibind: task  60 nths  1 gpus 2 cpus 69
0: mpibind: task  61 nths  1 gpus 2 cpus 70
0: mpibind: task  62 nths  1 gpus 2 cpus 71
0: mpibind: task  63 nths  1 gpus 3 cpus 73
0: mpibind: task  64 nths  1 gpus 3 cpus 74
0: mpibind: task  65 nths  1 gpus 3 cpus 75
0: mpibind: task  66 nths  1 gpus 3 cpus 76
0: mpibind: task  67 nths  1 gpus 3 cpus 77
0: mpibind: task  68 nths  1 gpus 3 cpus 78
0: mpibind: task  69 nths  1 gpus 3 cpus 79
0: mpibind: task  70 nths  1 gpus 3 cpus 81
0: mpibind: task  71 nths  1 gpus 3 cpus 82
0: mpibind: task  72 nths  1 gpus 3 cpus 83
0: mpibind: task  73 nths  1 gpus 3 cpus 84
0: mpibind: task  74 nths  1 gpus 3 cpus 85
0: mpibind: task  75 nths  1 gpus 3 cpus 86
0: mpibind: task  76 nths  1 gpus 3 cpus 87
0: mpibind: task  77 nths  1 gpus 3 cpus 89
0: mpibind: task  78 nths  1 gpus 3 cpus 90
0: mpibind: task  79 nths  1 gpus 3 cpus 91
0: mpibind: task  80 nths  1 gpus 3 cpus 92
0: mpibind: task  81 nths  1 gpus 3 cpus 93
0: mpibind: task  82 nths  1 gpus 3 cpus 94
0: mpibind: task  83 nths  1 gpus 3 cpus 95
0: 0.193s: flux-shell[10]: mpibind: 
0: mpibind: task   0 nths  1 gpus 0 cpus 1
0: mpibind: task   1 nths  1 gpus 0 cpus 2
0: mpibind: task   2 nths  1 gpus 0 cpus 3
0: mpibind: task   3 nths  1 gpus 0 cpus 4
0: mpibind: task   4 nths  1 gpus 0 cpus 5
0: mpibind: task   5 nths  1 gpus 0 cpus 6
0: mpibind: task   6 nths  1 gpus 0 cpus 7
0: mpibind: task   7 nths  1 gpus 0 cpus 9
0: mpibind: task   8 nths  1 gpus 0 cpus 10
0: mpibind: task   9 nths  1 gpus 0 cpus 11
0: mpibind: task  10 nths  1 gpus 0 cpus 12
0: mpibind: task  11 nths  1 gpus 0 cpus 13
0: mpibind: task  12 nths  1 gpus 0 cpus 14
0: mpibind: task  13 nths  1 gpus 0 cpus 15
0: mpibind: task  14 nths  1 gpus 0 cpus 17
0: mpibind: task  15 nths  1 gpus 0 cpus 18
0: mpibind: task  16 nths  1 gpus 0 cpus 19
0: mpibind: task  17 nths  1 gpus 0 cpus 20
0: mpibind: task  18 nths  1 gpus 0 cpus 21
0: mpibind: task  19 nths  1 gpus 0 cpus 22
0: mpibind: task  20 nths  1 gpus 0 cpus 23
0: mpibind: task  21 nths  1 gpus 1 cpus 25
0: mpibind: task  22 nths  1 gpus 1 cpus 26
0: mpibind: task  23 nths  1 gpus 1 cpus 27
0: mpibind: task  24 nths  1 gpus 1 cpus 28
0: mpibind: task  25 nths  1 gpus 1 cpus 29
0: mpibind: task  26 nths  1 gpus 1 cpus 30
0: mpibind: task  27 nths  1 gpus 1 cpus 31
0: mpibind: task  28 nths  1 gpus 1 cpus 33
0: mpibind: task  29 nths  1 gpus 1 cpus 34
0: mpibind: task  30 nths  1 gpus 1 cpus 35
0: mpibind: task  31 nths  1 gpus 1 cpus 36
0: mpibind: task  32 nths  1 gpus 1 cpus 37
0: mpibind: task  33 nths  1 gpus 1 cpus 38
0: mpibind: task  34 nths  1 gpus 1 cpus 39
0: mpibind: task  35 nths  1 gpus 1 cpus 41
0: mpibind: task  36 nths  1 gpus 1 cpus 42
0: mpibind: task  37 nths  1 gpus 1 cpus 43
0: mpibind: task  38 nths  1 gpus 1 cpus 44
0: mpibind: task  39 nths  1 gpus 1 cpus 45
0: mpibind: task  40 nths  1 gpus 1 cpus 46
0: mpibind: task  41 nths  1 gpus 1 cpus 47
0: mpibind: task  42 nths  1 gpus 2 cpus 49
0: mpibind: task  43 nths  1 gpus 2 cpus 50
0: mpibind: task  44 nths  1 gpus 2 cpus 51
0: mpibind: task  45 nths  1 gpus 2 cpus 52
0: mpibind: task  46 nths  1 gpus 2 cpus 53
0: mpibind: task  47 nths  1 gpus 2 cpus 54
0: mpibind: task  48 nths  1 gpus 2 cpus 55
0: mpibind: task  49 nths  1 gpus 2 cpus 57
0: mpibind: task  50 nths  1 gpus 2 cpus 58
0: mpibind: task  51 nths  1 gpus 2 cpus 59
0: mpibind: task  52 nths  1 gpus 2 cpus 60
0: mpibind: task  53 nths  1 gpus 2 cpus 61
0: mpibind: task  54 nths  1 gpus 2 cpus 62
0: mpibind: task  55 nths  1 gpus 2 cpus 63
0: mpibind: task  56 nths  1 gpus 2 cpus 65
0: mpibind: task  57 nths  1 gpus 2 cpus 66
0: mpibind: task  58 nths  1 gpus 2 cpus 67
0: mpibind: task  59 nths  1 gpus 2 cpus 68
0: mpibind: task  60 nths  1 gpus 2 cpus 69
0: mpibind: task  61 nths  1 gpus 2 cpus 70
0: mpibind: task  62 nths  1 gpus 2 cpus 71
0: mpibind: task  63 nths  1 gpus 3 cpus 73
0: mpibind: task  64 nths  1 gpus 3 cpus 74
0: mpibind: task  65 nths  1 gpus 3 cpus 75
0: mpibind: task  66 nths  1 gpus 3 cpus 76
0: mpibind: task  67 nths  1 gpus 3 cpus 77
0: mpibind: task  68 nths  1 gpus 3 cpus 78
0: mpibind: task  69 nths  1 gpus 3 cpus 79
0: mpibind: task  70 nths  1 gpus 3 cpus 81
0: mpibind: task  71 nths  1 gpus 3 cpus 82
0: mpibind: task  72 nths  1 gpus 3 cpus 83
0: mpibind: task  73 nths  1 gpus 3 cpus 84
0: mpibind: task  74 nths  1 gpus 3 cpus 85
0: mpibind: task  75 nths  1 gpus 3 cpus 86
0: mpibind: task  76 nths  1 gpus 3 cpus 87
0: mpibind: task  77 nths  1 gpus 3 cpus 89
0: mpibind: task  78 nths  1 gpus 3 cpus 90
0: mpibind: task  79 nths  1 gpus 3 cpus 91
0: mpibind: task  80 nths  1 gpus 3 cpus 92
0: mpibind: task  81 nths  1 gpus 3 cpus 93
0: mpibind: task  82 nths  1 gpus 3 cpus 94
0: mpibind: task  83 nths  1 gpus 3 cpus 95
0: 0.203s: flux-shell[31]: mpibind: 
0: mpibind: task   0 nths  1 gpus 0 cpus 1
0: mpibind: task   1 nths  1 gpus 0 cpus 2
0: mpibind: task   2 nths  1 gpus 0 cpus 3
0: mpibind: task   3 nths  1 gpus 0 cpus 4
0: mpibind: task   4 nths  1 gpus 0 cpus 5
0: mpibind: task   5 nths  1 gpus 0 cpus 6
0: mpibind: task   6 nths  1 gpus 0 cpus 7
0: mpibind: task   7 nths  1 gpus 0 cpus 9
0: mpibind: task   8 nths  1 gpus 0 cpus 10
0: mpibind: task   9 nths  1 gpus 0 cpus 11
0: mpibind: task  10 nths  1 gpus 0 cpus 12
0: mpibind: task  11 nths  1 gpus 0 cpus 13
0: mpibind: task  12 nths  1 gpus 0 cpus 14
0: mpibind: task  13 nths  1 gpus 0 cpus 15
0: mpibind: task  14 nths  1 gpus 0 cpus 17
0: mpibind: task  15 nths  1 gpus 0 cpus 18
0: mpibind: task  16 nths  1 gpus 0 cpus 19
0: mpibind: task  17 nths  1 gpus 0 cpus 20
0: mpibind: task  18 nths  1 gpus 0 cpus 21
0: mpibind: task  19 nths  1 gpus 0 cpus 22
0: mpibind: task  20 nths  1 gpus 0 cpus 23
0: mpibind: task  21 nths  1 gpus 1 cpus 25
0: mpibind: task  22 nths  1 gpus 1 cpus 26
0: mpibind: task  23 nths  1 gpus 1 cpus 27
0: mpibind: task  24 nths  1 gpus 1 cpus 28
0: mpibind: task  25 nths  1 gpus 1 cpus 29
0: mpibind: task  26 nths  1 gpus 1 cpus 30
0: mpibind: task  27 nths  1 gpus 1 cpus 31
0: mpibind: task  28 nths  1 gpus 1 cpus 33
0: mpibind: task  29 nths  1 gpus 1 cpus 34
0: mpibind: task  30 nths  1 gpus 1 cpus 35
0: mpibind: task  31 nths  1 gpus 1 cpus 36
0: mpibind: task  32 nths  1 gpus 1 cpus 37
0: mpibind: task  33 nths  1 gpus 1 cpus 38
0: mpibind: task  34 nths  1 gpus 1 cpus 39
0: mpibind: task  35 nths  1 gpus 1 cpus 41
0: mpibind: task  36 nths  1 gpus 1 cpus 42
0: mpibind: task  37 nths  1 gpus 1 cpus 43
0: mpibind: task  38 nths  1 gpus 1 cpus 44
0: mpibind: task  39 nths  1 gpus 1 cpus 45
0: mpibind: task  40 nths  1 gpus 1 cpus 46
0: mpibind: task  41 nths  1 gpus 1 cpus 47
0: mpibind: task  42 nths  1 gpus 2 cpus 49
0: mpibind: task  43 nths  1 gpus 2 cpus 50
0: mpibind: task  44 nths  1 gpus 2 cpus 51
0: mpibind: task  45 nths  1 gpus 2 cpus 52
0: mpibind: task  46 nths  1 gpus 2 cpus 53
0: mpibind: task  47 nths  1 gpus 2 cpus 54
0: mpibind: task  48 nths  1 gpus 2 cpus 55
0: mpibind: task  49 nths  1 gpus 2 cpus 57
0: mpibind: task  50 nths  1 gpus 2 cpus 58
0: mpibind: task  51 nths  1 gpus 2 cpus 59
0: mpibind: task  52 nths  1 gpus 2 cpus 60
0: mpibind: task  53 nths  1 gpus 2 cpus 61
0: mpibind: task  54 nths  1 gpus 2 cpus 62
0: mpibind: task  55 nths  1 gpus 2 cpus 63
0: mpibind: task  56 nths  1 gpus 2 cpus 65
0: mpibind: task  57 nths  1 gpus 2 cpus 66
0: mpibind: task  58 nths  1 gpus 2 cpus 67
0: mpibind: task  59 nths  1 gpus 2 cpus 68
0: mpibind: task  60 nths  1 gpus 2 cpus 69
0: mpibind: task  61 nths  1 gpus 2 cpus 70
0: mpibind: task  62 nths  1 gpus 2 cpus 71
0: mpibind: task  63 nths  1 gpus 3 cpus 73
0: mpibind: task  64 nths  1 gpus 3 cpus 74
0: mpibind: task  65 nths  1 gpus 3 cpus 75
0: mpibind: task  66 nths  1 gpus 3 cpus 76
0: mpibind: task  67 nths  1 gpus 3 cpus 77
0: mpibind: task  68 nths  1 gpus 3 cpus 78
0: mpibind: task  69 nths  1 gpus 3 cpus 79
0: mpibind: task  70 nths  1 gpus 3 cpus 81
0: mpibind: task  71 nths  1 gpus 3 cpus 82
0: mpibind: task  72 nths  1 gpus 3 cpus 83
0: mpibind: task  73 nths  1 gpus 3 cpus 84
0: mpibind: task  74 nths  1 gpus 3 cpus 85
0: mpibind: task  75 nths  1 gpus 3 cpus 86
0: mpibind: task  76 nths  1 gpus 3 cpus 87
0: mpibind: task  77 nths  1 gpus 3 cpus 89
0: mpibind: task  78 nths  1 gpus 3 cpus 90
0: mpibind: task  79 nths  1 gpus 3 cpus 91
0: mpibind: task  80 nths  1 gpus 3 cpus 92
0: mpibind: task  81 nths  1 gpus 3 cpus 93
0: mpibind: task  82 nths  1 gpus 3 cpus 94
0: mpibind: task  83 nths  1 gpus 3 cpus 95
0: 0.204s: flux-shell[26]: mpibind: 
0: mpibind: task   0 nths  1 gpus 0 cpus 1
0: mpibind: task   1 nths  1 gpus 0 cpus 2
0: mpibind: task   2 nths  1 gpus 0 cpus 3
0: mpibind: task   3 nths  1 gpus 0 cpus 4
0: mpibind: task   4 nths  1 gpus 0 cpus 5
0: mpibind: task   5 nths  1 gpus 0 cpus 6
0: mpibind: task   6 nths  1 gpus 0 cpus 7
0: mpibind: task   7 nths  1 gpus 0 cpus 9
0: mpibind: task   8 nths  1 gpus 0 cpus 10
0: mpibind: task   9 nths  1 gpus 0 cpus 11
0: mpibind: task  10 nths  1 gpus 0 cpus 12
0: mpibind: task  11 nths  1 gpus 0 cpus 13
0: mpibind: task  12 nths  1 gpus 0 cpus 14
0: mpibind: task  13 nths  1 gpus 0 cpus 15
0: mpibind: task  14 nths  1 gpus 0 cpus 17
0: mpibind: task  15 nths  1 gpus 0 cpus 18
0: mpibind: task  16 nths  1 gpus 0 cpus 19
0: mpibind: task  17 nths  1 gpus 0 cpus 20
0: mpibind: task  18 nths  1 gpus 0 cpus 21
0: mpibind: task  19 nths  1 gpus 0 cpus 22
0: mpibind: task  20 nths  1 gpus 0 cpus 23
0: mpibind: task  21 nths  1 gpus 1 cpus 25
0: mpibind: task  22 nths  1 gpus 1 cpus 26
0: mpibind: task  23 nths  1 gpus 1 cpus 27
0: mpibind: task  24 nths  1 gpus 1 cpus 28
0: mpibind: task  25 nths  1 gpus 1 cpus 29
0: mpibind: task  26 nths  1 gpus 1 cpus 30
0: mpibind: task  27 nths  1 gpus 1 cpus 31
0: mpibind: task  28 nths  1 gpus 1 cpus 33
0: mpibind: task  29 nths  1 gpus 1 cpus 34
0: mpibind: task  30 nths  1 gpus 1 cpus 35
0: mpibind: task  31 nths  1 gpus 1 cpus 36
0: mpibind: task  32 nths  1 gpus 1 cpus 37
0: mpibind: task  33 nths  1 gpus 1 cpus 38
0: mpibind: task  34 nths  1 gpus 1 cpus 39
0: mpibind: task  35 nths  1 gpus 1 cpus 41
0: mpibind: task  36 nths  1 gpus 1 cpus 42
0: mpibind: task  37 nths  1 gpus 1 cpus 43
0: mpibind: task  38 nths  1 gpus 1 cpus 44
0: mpibind: task  39 nths  1 gpus 1 cpus 45
0: mpibind: task  40 nths  1 gpus 1 cpus 46
0: mpibind: task  41 nths  1 gpus 1 cpus 47
0: mpibind: task  42 nths  1 gpus 2 cpus 49
0: mpibind: task  43 nths  1 gpus 2 cpus 50
0: mpibind: task  44 nths  1 gpus 2 cpus 51
0: mpibind: task  45 nths  1 gpus 2 cpus 52
0: mpibind: task  46 nths  1 gpus 2 cpus 53
0: mpibind: task  47 nths  1 gpus 2 cpus 54
0: mpibind: task  48 nths  1 gpus 2 cpus 55
0: mpibind: task  49 nths  1 gpus 2 cpus 57
0: mpibind: task  50 nths  1 gpus 2 cpus 58
0: mpibind: task  51 nths  1 gpus 2 cpus 59
0: mpibind: task  52 nths  1 gpus 2 cpus 60
0: mpibind: task  53 nths  1 gpus 2 cpus 61
0: mpibind: task  54 nths  1 gpus 2 cpus 62
0: mpibind: task  55 nths  1 gpus 2 cpus 63
0: mpibind: task  56 nths  1 gpus 2 cpus 65
0: mpibind: task  57 nths  1 gpus 2 cpus 66
0: mpibind: task  58 nths  1 gpus 2 cpus 67
0: mpibind: task  59 nths  1 gpus 2 cpus 68
0: mpibind: task  60 nths  1 gpus 2 cpus 69
0: mpibind: task  61 nths  1 gpus 2 cpus 70
0: mpibind: task  62 nths  1 gpus 2 cpus 71
0: mpibind: task  63 nths  1 gpus 3 cpus 73
0: mpibind: task  64 nths  1 gpus 3 cpus 74
0: mpibind: task  65 nths  1 gpus 3 cpus 75
0: mpibind: task  66 nths  1 gpus 3 cpus 76
0: mpibind: task  67 nths  1 gpus 3 cpus 77
0: mpibind: task  68 nths  1 gpus 3 cpus 78
0: mpibind: task  69 nths  1 gpus 3 cpus 79
0: mpibind: task  70 nths  1 gpus 3 cpus 81
0: mpibind: task  71 nths  1 gpus 3 cpus 82
0: mpibind: task  72 nths  1 gpus 3 cpus 83
0: mpibind: task  73 nths  1 gpus 3 cpus 84
0: mpibind: task  74 nths  1 gpus 3 cpus 85
0: mpibind: task  75 nths  1 gpus 3 cpus 86
0: mpibind: task  76 nths  1 gpus 3 cpus 87
0: mpibind: task  77 nths  1 gpus 3 cpus 89
0: mpibind: task  78 nths  1 gpus 3 cpus 90
0: mpibind: task  79 nths  1 gpus 3 cpus 91
0: mpibind: task  80 nths  1 gpus 3 cpus 92
0: mpibind: task  81 nths  1 gpus 3 cpus 93
0: mpibind: task  82 nths  1 gpus 3 cpus 94
0: mpibind: task  83 nths  1 gpus 3 cpus 95
0: 0.190s: flux-shell[12]: mpibind: 
0: mpibind: task   0 nths  1 gpus 0 cpus 1
0: mpibind: task   1 nths  1 gpus 0 cpus 2
0: mpibind: task   2 nths  1 gpus 0 cpus 3
0: mpibind: task   3 nths  1 gpus 0 cpus 4
0: mpibind: task   4 nths  1 gpus 0 cpus 5
0: mpibind: task   5 nths  1 gpus 0 cpus 6
0: mpibind: task   6 nths  1 gpus 0 cpus 7
0: mpibind: task   7 nths  1 gpus 0 cpus 9
0: mpibind: task   8 nths  1 gpus 0 cpus 10
0: mpibind: task   9 nths  1 gpus 0 cpus 11
0: mpibind: task  10 nths  1 gpus 0 cpus 12
0: mpibind: task  11 nths  1 gpus 0 cpus 13
0: mpibind: task  12 nths  1 gpus 0 cpus 14
0: mpibind: task  13 nths  1 gpus 0 cpus 15
0: mpibind: task  14 nths  1 gpus 0 cpus 17
0: mpibind: task  15 nths  1 gpus 0 cpus 18
0: mpibind: task  16 nths  1 gpus 0 cpus 19
0: mpibind: task  17 nths  1 gpus 0 cpus 20
0: mpibind: task  18 nths  1 gpus 0 cpus 21
0: mpibind: task  19 nths  1 gpus 0 cpus 22
0: mpibind: task  20 nths  1 gpus 0 cpus 23
0: mpibind: task  21 nths  1 gpus 1 cpus 25
0: mpibind: task  22 nths  1 gpus 1 cpus 26
0: mpibind: task  23 nths  1 gpus 1 cpus 27
0: mpibind: task  24 nths  1 gpus 1 cpus 28
0: mpibind: task  25 nths  1 gpus 1 cpus 29
0: mpibind: task  26 nths  1 gpus 1 cpus 30
0: mpibind: task  27 nths  1 gpus 1 cpus 31
0: mpibind: task  28 nths  1 gpus 1 cpus 33
0: mpibind: task  29 nths  1 gpus 1 cpus 34
0: mpibind: task  30 nths  1 gpus 1 cpus 35
0: mpibind: task  31 nths  1 gpus 1 cpus 36
0: mpibind: task  32 nths  1 gpus 1 cpus 37
0: mpibind: task  33 nths  1 gpus 1 cpus 38
0: mpibind: task  34 nths  1 gpus 1 cpus 39
0: mpibind: task  35 nths  1 gpus 1 cpus 41
0: mpibind: task  36 nths  1 gpus 1 cpus 42
0: mpibind: task  37 nths  1 gpus 1 cpus 43
0: mpibind: task  38 nths  1 gpus 1 cpus 44
0: mpibind: task  39 nths  1 gpus 1 cpus 45
0: mpibind: task  40 nths  1 gpus 1 cpus 46
0: mpibind: task  41 nths  1 gpus 1 cpus 47
0: mpibind: task  42 nths  1 gpus 2 cpus 49
0: mpibind: task  43 nths  1 gpus 2 cpus 50
0: mpibind: task  44 nths  1 gpus 2 cpus 51
0: mpibind: task  45 nths  1 gpus 2 cpus 52
0: mpibind: task  46 nths  1 gpus 2 cpus 53
0: mpibind: task  47 nths  1 gpus 2 cpus 54
0: mpibind: task  48 nths  1 gpus 2 cpus 55
0: mpibind: task  49 nths  1 gpus 2 cpus 57
0: mpibind: task  50 nths  1 gpus 2 cpus 58
0: mpibind: task  51 nths  1 gpus 2 cpus 59
0: mpibind: task  52 nths  1 gpus 2 cpus 60
0: mpibind: task  53 nths  1 gpus 2 cpus 61
0: mpibind: task  54 nths  1 gpus 2 cpus 62
0: mpibind: task  55 nths  1 gpus 2 cpus 63
0: mpibind: task  56 nths  1 gpus 2 cpus 65
0: mpibind: task  57 nths  1 gpus 2 cpus 66
0: mpibind: task  58 nths  1 gpus 2 cpus 67
0: mpibind: task  59 nths  1 gpus 2 cpus 68
0: mpibind: task  60 nths  1 gpus 2 cpus 69
0: mpibind: task  61 nths  1 gpus 2 cpus 70
0: mpibind: task  62 nths  1 gpus 2 cpus 71
0: mpibind: task  63 nths  1 gpus 3 cpus 73
0: mpibind: task  64 nths  1 gpus 3 cpus 74
0: mpibind: task  65 nths  1 gpus 3 cpus 75
0: mpibind: task  66 nths  1 gpus 3 cpus 76
0: mpibind: task  67 nths  1 gpus 3 cpus 77
0: mpibind: task  68 nths  1 gpus 3 cpus 78
0: mpibind: task  69 nths  1 gpus 3 cpus 79
0: mpibind: task  70 nths  1 gpus 3 cpus 81
0: mpibind: task  71 nths  1 gpus 3 cpus 82
0: mpibind: task  72 nths  1 gpus 3 cpus 83
0: mpibind: task  73 nths  1 gpus 3 cpus 84
0: mpibind: task  74 nths  1 gpus 3 cpus 85
0: mpibind: task  75 nths  1 gpus 3 cpus 86
0: mpibind: task  76 nths  1 gpus 3 cpus 87
0: mpibind: task  77 nths  1 gpus 3 cpus 89
0: mpibind: task  78 nths  1 gpus 3 cpus 90
0: mpibind: task  79 nths  1 gpus 3 cpus 91
0: mpibind: task  80 nths  1 gpus 3 cpus 92
0: mpibind: task  81 nths  1 gpus 3 cpus 93
0: mpibind: task  82 nths  1 gpus 3 cpus 94
0: mpibind: task  83 nths  1 gpus 3 cpus 95
0: 0.194s: flux-shell[18]: mpibind: 
0: mpibind: task   0 nths  1 gpus 0 cpus 1
0: mpibind: task   1 nths  1 gpus 0 cpus 2
0: mpibind: task   2 nths  1 gpus 0 cpus 3
0: mpibind: task   3 nths  1 gpus 0 cpus 4
0: mpibind: task   4 nths  1 gpus 0 cpus 5
0: mpibind: task   5 nths  1 gpus 0 cpus 6
0: mpibind: task   6 nths  1 gpus 0 cpus 7
0: mpibind: task   7 nths  1 gpus 0 cpus 9
0: mpibind: task   8 nths  1 gpus 0 cpus 10
0: mpibind: task   9 nths  1 gpus 0 cpus 11
0: mpibind: task  10 nths  1 gpus 0 cpus 12
0: mpibind: task  11 nths  1 gpus 0 cpus 13
0: mpibind: task  12 nths  1 gpus 0 cpus 14
0: mpibind: task  13 nths  1 gpus 0 cpus 15
0: mpibind: task  14 nths  1 gpus 0 cpus 17
0: mpibind: task  15 nths  1 gpus 0 cpus 18
0: mpibind: task  16 nths  1 gpus 0 cpus 19
0: mpibind: task  17 nths  1 gpus 0 cpus 20
0: mpibind: task  18 nths  1 gpus 0 cpus 21
0: mpibind: task  19 nths  1 gpus 0 cpus 22
0: mpibind: task  20 nths  1 gpus 0 cpus 23
0: mpibind: task  21 nths  1 gpus 1 cpus 25
0: mpibind: task  22 nths  1 gpus 1 cpus 26
0: mpibind: task  23 nths  1 gpus 1 cpus 27
0: mpibind: task  24 nths  1 gpus 1 cpus 28
0: mpibind: task  25 nths  1 gpus 1 cpus 29
0: mpibind: task  26 nths  1 gpus 1 cpus 30
0: mpibind: task  27 nths  1 gpus 1 cpus 31
0: mpibind: task  28 nths  1 gpus 1 cpus 33
0: mpibind: task  29 nths  1 gpus 1 cpus 34
0: mpibind: task  30 nths  1 gpus 1 cpus 35
0: mpibind: task  31 nths  1 gpus 1 cpus 36
0: mpibind: task  32 nths  1 gpus 1 cpus 37
0: mpibind: task  33 nths  1 gpus 1 cpus 38
0: mpibind: task  34 nths  1 gpus 1 cpus 39
0: mpibind: task  35 nths  1 gpus 1 cpus 41
0: mpibind: task  36 nths  1 gpus 1 cpus 42
0: mpibind: task  37 nths  1 gpus 1 cpus 43
0: mpibind: task  38 nths  1 gpus 1 cpus 44
0: mpibind: task  39 nths  1 gpus 1 cpus 45
0: mpibind: task  40 nths  1 gpus 1 cpus 46
0: mpibind: task  41 nths  1 gpus 1 cpus 47
0: mpibind: task  42 nths  1 gpus 2 cpus 49
0: mpibind: task  43 nths  1 gpus 2 cpus 50
0: mpibind: task  44 nths  1 gpus 2 cpus 51
0: mpibind: task  45 nths  1 gpus 2 cpus 52
0: mpibind: task  46 nths  1 gpus 2 cpus 53
0: mpibind: task  47 nths  1 gpus 2 cpus 54
0: mpibind: task  48 nths  1 gpus 2 cpus 55
0: mpibind: task  49 nths  1 gpus 2 cpus 57
0: mpibind: task  50 nths  1 gpus 2 cpus 58
0: mpibind: task  51 nths  1 gpus 2 cpus 59
0: mpibind: task  52 nths  1 gpus 2 cpus 60
0: mpibind: task  53 nths  1 gpus 2 cpus 61
0: mpibind: task  54 nths  1 gpus 2 cpus 62
0: mpibind: task  55 nths  1 gpus 2 cpus 63
0: mpibind: task  56 nths  1 gpus 2 cpus 65
0: mpibind: task  57 nths  1 gpus 2 cpus 66
0: mpibind: task  58 nths  1 gpus 2 cpus 67
0: mpibind: task  59 nths  1 gpus 2 cpus 68
0: mpibind: task  60 nths  1 gpus 2 cpus 69
0: mpibind: task  61 nths  1 gpus 2 cpus 70
0: mpibind: task  62 nths  1 gpus 2 cpus 71
0: mpibind: task  63 nths  1 gpus 3 cpus 73
0: mpibind: task  64 nths  1 gpus 3 cpus 74
0: mpibind: task  65 nths  1 gpus 3 cpus 75
0: mpibind: task  66 nths  1 gpus 3 cpus 76
0: mpibind: task  67 nths  1 gpus 3 cpus 77
0: mpibind: task  68 nths  1 gpus 3 cpus 78
0: mpibind: task  69 nths  1 gpus 3 cpus 79
0: mpibind: task  70 nths  1 gpus 3 cpus 81
0: mpibind: task  71 nths  1 gpus 3 cpus 82
0: mpibind: task  72 nths  1 gpus 3 cpus 83
0: mpibind: task  73 nths  1 gpus 3 cpus 84
0: mpibind: task  74 nths  1 gpus 3 cpus 85
0: mpibind: task  75 nths  1 gpus 3 cpus 86
0: mpibind: task  76 nths  1 gpus 3 cpus 87
0: mpibind: task  77 nths  1 gpus 3 cpus 89
0: mpibind: task  78 nths  1 gpus 3 cpus 90
0: mpibind: task  79 nths  1 gpus 3 cpus 91
0: mpibind: task  80 nths  1 gpus 3 cpus 92
0: mpibind: task  81 nths  1 gpus 3 cpus 93
0: mpibind: task  82 nths  1 gpus 3 cpus 94
0: mpibind: task  83 nths  1 gpus 3 cpus 95
0: 0.192s: flux-shell[23]: mpibind: 
0: mpibind: task   0 nths  1 gpus 0 cpus 1
0: mpibind: task   1 nths  1 gpus 0 cpus 2
0: mpibind: task   2 nths  1 gpus 0 cpus 3
0: mpibind: task   3 nths  1 gpus 0 cpus 4
0: mpibind: task   4 nths  1 gpus 0 cpus 5
0: mpibind: task   5 nths  1 gpus 0 cpus 6
0: mpibind: task   6 nths  1 gpus 0 cpus 7
0: mpibind: task   7 nths  1 gpus 0 cpus 9
0: mpibind: task   8 nths  1 gpus 0 cpus 10
0: mpibind: task   9 nths  1 gpus 0 cpus 11
0: mpibind: task  10 nths  1 gpus 0 cpus 12
0: mpibind: task  11 nths  1 gpus 0 cpus 13
0: mpibind: task  12 nths  1 gpus 0 cpus 14
0: mpibind: task  13 nths  1 gpus 0 cpus 15
0: mpibind: task  14 nths  1 gpus 0 cpus 17
0: mpibind: task  15 nths  1 gpus 0 cpus 18
0: mpibind: task  16 nths  1 gpus 0 cpus 19
0: mpibind: task  17 nths  1 gpus 0 cpus 20
0: mpibind: task  18 nths  1 gpus 0 cpus 21
0: mpibind: task  19 nths  1 gpus 0 cpus 22
0: mpibind: task  20 nths  1 gpus 0 cpus 23
0: mpibind: task  21 nths  1 gpus 1 cpus 25
0: mpibind: task  22 nths  1 gpus 1 cpus 26
0: mpibind: task  23 nths  1 gpus 1 cpus 27
0: mpibind: task  24 nths  1 gpus 1 cpus 28
0: mpibind: task  25 nths  1 gpus 1 cpus 29
0: mpibind: task  26 nths  1 gpus 1 cpus 30
0: mpibind: task  27 nths  1 gpus 1 cpus 31
0: mpibind: task  28 nths  1 gpus 1 cpus 33
0: mpibind: task  29 nths  1 gpus 1 cpus 34
0: mpibind: task  30 nths  1 gpus 1 cpus 35
0: mpibind: task  31 nths  1 gpus 1 cpus 36
0: mpibind: task  32 nths  1 gpus 1 cpus 37
0: mpibind: task  33 nths  1 gpus 1 cpus 38
0: mpibind: task  34 nths  1 gpus 1 cpus 39
0: mpibind: task  35 nths  1 gpus 1 cpus 41
0: mpibind: task  36 nths  1 gpus 1 cpus 42
0: mpibind: task  37 nths  1 gpus 1 cpus 43
0: mpibind: task  38 nths  1 gpus 1 cpus 44
0: mpibind: task  39 nths  1 gpus 1 cpus 45
0: mpibind: task  40 nths  1 gpus 1 cpus 46
0: mpibind: task  41 nths  1 gpus 1 cpus 47
0: mpibind: task  42 nths  1 gpus 2 cpus 49
0: mpibind: task  43 nths  1 gpus 2 cpus 50
0: mpibind: task  44 nths  1 gpus 2 cpus 51
0: mpibind: task  45 nths  1 gpus 2 cpus 52
0: mpibind: task  46 nths  1 gpus 2 cpus 53
0: mpibind: task  47 nths  1 gpus 2 cpus 54
0: mpibind: task  48 nths  1 gpus 2 cpus 55
0: mpibind: task  49 nths  1 gpus 2 cpus 57
0: mpibind: task  50 nths  1 gpus 2 cpus 58
0: mpibind: task  51 nths  1 gpus 2 cpus 59
0: mpibind: task  52 nths  1 gpus 2 cpus 60
0: mpibind: task  53 nths  1 gpus 2 cpus 61
0: mpibind: task  54 nths  1 gpus 2 cpus 62
0: mpibind: task  55 nths  1 gpus 2 cpus 63
0: mpibind: task  56 nths  1 gpus 2 cpus 65
0: mpibind: task  57 nths  1 gpus 2 cpus 66
0: mpibind: task  58 nths  1 gpus 2 cpus 67
0: mpibind: task  59 nths  1 gpus 2 cpus 68
0: mpibind: task  60 nths  1 gpus 2 cpus 69
0: mpibind: task  61 nths  1 gpus 2 cpus 70
0: mpibind: task  62 nths  1 gpus 2 cpus 71
0: mpibind: task  63 nths  1 gpus 3 cpus 73
0: mpibind: task  64 nths  1 gpus 3 cpus 74
0: mpibind: task  65 nths  1 gpus 3 cpus 75
0: mpibind: task  66 nths  1 gpus 3 cpus 76
0: mpibind: task  67 nths  1 gpus 3 cpus 77
0: mpibind: task  68 nths  1 gpus 3 cpus 78
0: mpibind: task  69 nths  1 gpus 3 cpus 79
0: mpibind: task  70 nths  1 gpus 3 cpus 81
0: mpibind: task  71 nths  1 gpus 3 cpus 82
0: mpibind: task  72 nths  1 gpus 3 cpus 83
0: mpibind: task  73 nths  1 gpus 3 cpus 84
0: mpibind: task  74 nths  1 gpus 3 cpus 85
0: mpibind: task  75 nths  1 gpus 3 cpus 86
0: mpibind: task  76 nths  1 gpus 3 cpus 87
0: mpibind: task  77 nths  1 gpus 3 cpus 89
0: mpibind: task  78 nths  1 gpus 3 cpus 90
0: mpibind: task  79 nths  1 gpus 3 cpus 91
0: mpibind: task  80 nths  1 gpus 3 cpus 92
0: mpibind: task  81 nths  1 gpus 3 cpus 93
0: mpibind: task  82 nths  1 gpus 3 cpus 94
0: mpibind: task  83 nths  1 gpus 3 cpus 95
0: 0.179s: flux-shell[1]: mpibind: 
0: mpibind: task   0 nths  1 gpus 0 cpus 1
0: mpibind: task   1 nths  1 gpus 0 cpus 2
0: mpibind: task   2 nths  1 gpus 0 cpus 3
0: mpibind: task   3 nths  1 gpus 0 cpus 4
0: mpibind: task   4 nths  1 gpus 0 cpus 5
0: mpibind: task   5 nths  1 gpus 0 cpus 6
0: mpibind: task   6 nths  1 gpus 0 cpus 7
0: mpibind: task   7 nths  1 gpus 0 cpus 9
0: mpibind: task   8 nths  1 gpus 0 cpus 10
0: mpibind: task   9 nths  1 gpus 0 cpus 11
0: mpibind: task  10 nths  1 gpus 0 cpus 12
0: mpibind: task  11 nths  1 gpus 0 cpus 13
0: mpibind: task  12 nths  1 gpus 0 cpus 14
0: mpibind: task  13 nths  1 gpus 0 cpus 15
0: mpibind: task  14 nths  1 gpus 0 cpus 17
0: mpibind: task  15 nths  1 gpus 0 cpus 18
0: mpibind: task  16 nths  1 gpus 0 cpus 19
0: mpibind: task  17 nths  1 gpus 0 cpus 20
0: mpibind: task  18 nths  1 gpus 0 cpus 21
0: mpibind: task  19 nths  1 gpus 0 cpus 22
0: mpibind: task  20 nths  1 gpus 0 cpus 23
0: mpibind: task  21 nths  1 gpus 1 cpus 25
0: mpibind: task  22 nths  1 gpus 1 cpus 26
0: mpibind: task  23 nths  1 gpus 1 cpus 27
0: mpibind: task  24 nths  1 gpus 1 cpus 28
0: mpibind: task  25 nths  1 gpus 1 cpus 29
0: mpibind: task  26 nths  1 gpus 1 cpus 30
0: mpibind: task  27 nths  1 gpus 1 cpus 31
0: mpibind: task  28 nths  1 gpus 1 cpus 33
0: mpibind: task  29 nths  1 gpus 1 cpus 34
0: mpibind: task  30 nths  1 gpus 1 cpus 35
0: mpibind: task  31 nths  1 gpus 1 cpus 36
0: mpibind: task  32 nths  1 gpus 1 cpus 37
0: mpibind: task  33 nths  1 gpus 1 cpus 38
0: mpibind: task  34 nths  1 gpus 1 cpus 39
0: mpibind: task  35 nths  1 gpus 1 cpus 41
0: mpibind: task  36 nths  1 gpus 1 cpus 42
0: mpibind: task  37 nths  1 gpus 1 cpus 43
0: mpibind: task  38 nths  1 gpus 1 cpus 44
0: mpibind: task  39 nths  1 gpus 1 cpus 45
0: mpibind: task  40 nths  1 gpus 1 cpus 46
0: mpibind: task  41 nths  1 gpus 1 cpus 47
0: mpibind: task  42 nths  1 gpus 2 cpus 49
0: mpibind: task  43 nths  1 gpus 2 cpus 50
0: mpibind: task  44 nths  1 gpus 2 cpus 51
0: mpibind: task  45 nths  1 gpus 2 cpus 52
0: mpibind: task  46 nths  1 gpus 2 cpus 53
0: mpibind: task  47 nths  1 gpus 2 cpus 54
0: mpibind: task  48 nths  1 gpus 2 cpus 55
0: mpibind: task  49 nths  1 gpus 2 cpus 57
0: mpibind: task  50 nths  1 gpus 2 cpus 58
0: mpibind: task  51 nths  1 gpus 2 cpus 59
0: mpibind: task  52 nths  1 gpus 2 cpus 60
0: mpibind: task  53 nths  1 gpus 2 cpus 61
0: mpibind: task  54 nths  1 gpus 2 cpus 62
0: mpibind: task  55 nths  1 gpus 2 cpus 63
0: mpibind: task  56 nths  1 gpus 2 cpus 65
0: mpibind: task  57 nths  1 gpus 2 cpus 66
0: mpibind: task  58 nths  1 gpus 2 cpus 67
0: mpibind: task  59 nths  1 gpus 2 cpus 68
0: mpibind: task  60 nths  1 gpus 2 cpus 69
0: mpibind: task  61 nths  1 gpus 2 cpus 70
0: mpibind: task  62 nths  1 gpus 2 cpus 71
0: mpibind: task  63 nths  1 gpus 3 cpus 73
0: mpibind: task  64 nths  1 gpus 3 cpus 74
0: mpibind: task  65 nths  1 gpus 3 cpus 75
0: mpibind: task  66 nths  1 gpus 3 cpus 76
0: mpibind: task  67 nths  1 gpus 3 cpus 77
0: mpibind: task  68 nths  1 gpus 3 cpus 78
0: mpibind: task  69 nths  1 gpus 3 cpus 79
0: mpibind: task  70 nths  1 gpus 3 cpus 81
0: mpibind: task  71 nths  1 gpus 3 cpus 82
0: mpibind: task  72 nths  1 gpus 3 cpus 83
0: mpibind: task  73 nths  1 gpus 3 cpus 84
0: mpibind: task  74 nths  1 gpus 3 cpus 85
0: mpibind: task  75 nths  1 gpus 3 cpus 86
0: mpibind: task  76 nths  1 gpus 3 cpus 87
0: mpibind: task  77 nths  1 gpus 3 cpus 89
0: mpibind: task  78 nths  1 gpus 3 cpus 90
0: mpibind: task  79 nths  1 gpus 3 cpus 91
0: mpibind: task  80 nths  1 gpus 3 cpus 92
0: mpibind: task  81 nths  1 gpus 3 cpus 93
0: mpibind: task  82 nths  1 gpus 3 cpus 94
0: mpibind: task  83 nths  1 gpus 3 cpus 95
